,PPO,MinVariance,DJIA
2015-01-02,1000000.0,1000000.0,1000000.0
2015-01-05,984249.6542415225,988639.0462270528,981419.8382102343
2015-01-06,978706.9728186214,990876.0503649712,974129.4307173622
2015-01-07,990941.3637096495,1003316.1241672751,986066.7953125413
2015-01-08,1009801.8318340136,1020903.9880341752,1004198.8979563093
2015-01-09,1000762.6455405984,1012568.4172731908,994637.9663481405
2015-01-12,995942.3962416985,1009078.5878956236,989225.0044384251
2015-01-13,994785.8188339459,1008057.9586891397,987701.9757206923
2015-01-14,985200.769070952,999237.0891626348,977238.7925249584
2015-01-15,976761.1719641909,994659.7887323567,971273.5054445594
2015-01-16,988064.1510203957,1006463.956733523,981976.1062137842
2015-01-20,989184.7221632086,1008910.7001890843,982181.3525691007
2015-01-21,990923.6404709223,1007021.5717664637,984371.0486106388
2015-01-22,1004983.658627715,1021881.9557531201,998934.0113253493
2015-01-23,999279.909785084,1012881.4496960137,991005.960139493
2015-01-26,999968.1788843089,1013795.6999226916,991348.0008906422
2015-01-27,978980.6215946765,995592.6939229488,975002.5491509712
2015-01-28,969120.2111448318,987089.6059083616,964020.554863917
2015-01-29,983481.0569943754,1002580.8002267991,976664.56272724
2015-01-30,962473.7808970885,983965.0631707851,962539.0354144153
2015-02-02,975156.6301714474,996837.6839496363,973534.9391396366
2015-02-03,989579.7969809244,1009827.7228746995,990658.33370845
2015-02-04,989405.3369156906,1007789.8553922325,991029.5076135554
2015-02-05,998246.6279987546,1014787.307759991,1002909.8106553087
2015-02-06,997062.1728674651,1013958.899697181,999512.0744327989
2015-02-09,991413.8648398019,1006430.1700763819,994180.4882125178
2015-02-10,1002475.4695337692,1018340.3858194442,1002005.8066975807
2015-02-11,1002118.4034784473,1018884.902324876,1001634.6327924752
2015-02-12,1009192.4618055194,1025498.1553951084,1007816.4471111137
2015-02-13,1012322.7930545997,1028317.5784901053,1010450.2594657834
2015-02-17,1012850.713230673,1026579.6682887981,1012033.3068615916
2015-02-18,1014447.1873555982,1027543.5510535626,1011039.05584048
2015-02-19,1010682.6357002867,1023656.2448939681,1008567.228202733
2015-02-20,1018480.2474695065,1026886.4678364255,1017240.4748003148
2015-02-23,1017891.6124116589,1025563.8842351061,1015917.1067580046
2015-02-24,1022496.5366738786,1029820.5948655875,1021095.6891584473
2015-02-25,1024044.4655452914,1030276.9549679543,1021958.1838479441
2015-02-26,1029758.4769861645,1034050.9963977803,1021388.9921144439
2015-02-27,1024976.5119987844,1033599.3919920246,1016806.4346156191
2015-03-02,1031844.2489100717,1037561.5109405785,1025550.4331585234
2015-03-03,1027016.0156538783,1034780.0054022738,1020769.3102156281
2015-03-04,1020112.1552182557,1027962.0911948113,1014798.9850710111
2015-03-05,1021824.8741173329,1028932.6087520667,1016975.8669057338
2015-03-06,1006027.537498951,1012960.7893279971,1001333.9917864219
2015-03-09,1012617.9586014261,1018614.177188757,1009125.2485764457
2015-03-10,994978.7117504338,1002739.1217735063,990464.2587129213
2015-03-11,992251.7524269264,997180.1157814211,988919.434891289
2015-03-12,1005020.849424359,1011046.8959145215,1003489.626132921
2015-03-13,999805.0718797001,1005021.4712146145,995307.5907965957
2015-03-16,1014389.2270477213,1019646.4352588119,1008099.0167998631
2015-03-17,1010790.7821893867,1016346.5903572297,1000902.2515875652
2015-03-18,1023496.6238812518,1027364.8332840289,1013637.6017456234
2015-03-19,1019504.2917861958,1020210.9776520403,1007067.7469590628
2015-03-20,1031176.7765450466,1031596.4430138789,1016523.3173111938
2015-03-23,1029318.0182770467,1033255.2573592406,1015872.2022725833
2015-03-24,1023441.7912889038,1027569.0345103971,1009989.9337286463
2015-03-25,1005910.5060940423,1014219.6911767286,993582.0538019259
2015-03-26,1003697.0607246807,1011198.116556684,991321.7153382003
2015-03-27,1007433.0057393446,1009614.1238536965,993252.3891650514
2015-03-30,1019534.273203949,1024634.4452956172,1008036.8076590842
2015-03-31,1010080.0949609799,1014943.0692202314,996810.9053499971
2015-04-01,1005466.6900147576,1009434.76481552,992440.3846408698
2015-04-02,1008453.2719871935,1012765.8066168488,996088.7097966583
2015-04-06,1015461.7519343287,1019101.7620948544,1002683.754904309
2015-04-07,1014990.1565252078,1017985.2240552307,1002379.2805885248
2015-04-08,1018221.0671713289,1019862.9462026792,1003898.3664733912
2015-04-09,1020078.1908394088,1021135.9515357655,1007050.9899193811
2015-04-10,1024440.640070321,1024667.3721608606,1012598.0081465498
2015-04-13,1020042.566080533,1020917.1888922249,1008077.6597885041
2015-04-14,1022447.8193805846,1023143.6465940757,1011423.153475536
2015-04-15,1028515.2061560552,1024556.9445252444,1015679.8796472173
2015-04-16,1029325.9429019013,1023105.6181147471,1015296.329627837
2015-04-17,1013057.0135097622,1009151.0363325314,999624.8832620282
2015-04-20,1025600.2481794338,1020916.0182481428,1011323.9255150681
2015-04-21,1022130.0847197017,1014775.8979341941,1006538.4216467657
2015-04-22,1027384.136073684,1020153.1510943725,1011511.210076216
2015-04-23,1030038.4718522984,1021105.0742907772,1012656.2744544625
2015-04-24,1034603.7434138091,1023972.0923994505,1013859.1670480809
2015-04-27,1031234.5931913427,1019455.3430029644,1011494.4530365344
2015-04-28,1036186.731117737,1024810.101760954,1015541.4424043569
2015-04-29,1036640.891511422,1019607.0122191084,1011357.5491175666
2015-04-30,1026836.2447314298,1012347.8964591579,1000422.2116860966
2015-05-01,1036904.2957632637,1019835.1382241813,1010714.4292678236
2015-05-04,1038105.5112107156,1019491.3007256044,1013312.9751729673
2015-05-05,1030929.3083940354,1013847.765584485,1005338.9242703377
2015-05-06,1026991.389910223,1011222.4290272429,1000504.1349912069
2015-05-07,1031133.2761041716,1013166.8837080135,1005106.8447469036
2015-05-08,1042528.082668138,1025111.3495192449,1020081.8334961395
2015-05-11,1037867.0375956367,1017766.4503413714,1015262.7060253385
2015-05-12,1035677.3150173582,1016653.3759813687,1013191.2949697885
2015-05-13,1037970.625105467,1016647.6833423964,1012757.2547850931
2015-05-14,1049019.7212658064,1025076.0323345857,1023509.7981039573
2015-05-15,1051497.1796040006,1027505.3303584077,1024649.2768023099
2015-05-18,1053024.6687556983,1027018.5245557673,1026125.2105719178
2015-05-19,1051170.222384513,1025681.5750295597,1026882.7820979179
2015-05-20,1049958.6012513672,1023741.7009991079,1025369.2818929454
2015-05-21,1051176.5129493824,1022782.1518397722,1025388.3389184657
2015-05-22,1048559.4984779964,1016940.3752703932,1022375.9050854986
2015-05-26,1037619.8859669929,1007544.3014162172,1011694.5518044977
2015-05-27,1044484.0110430353,1011761.1400231054,1018505.0289190363
2015-05-28,1041702.2412719703,1009576.7345719427,1016437.4511732173
2015-05-29,1036608.0953820503,1003828.1491832735,1009964.0862687451
2015-06-01,1037471.9668610941,1005091.4674829002,1011628.9474465284
2015-06-02,1035494.7682322189,1004015.3848607675,1010034.7286909324
2015-06-03,1038128.6321788514,1005549.3625960522,1013642.0921941658
2015-06-04,1027881.6614786698,995652.3008164302,1004070.536841885
2015-06-05,1023975.5671756048,987358.1984341168,1000923.6085989241
2015-06-08,1018235.5438541775,983808.0306496285,996274.3515107785
2015-06-09,1017609.9039486992,983840.9304092887,996133.5047589445
2015-06-10,1030667.8505289286,992928.0436617162,1009387.6660083232
2015-06-11,1033095.4366072469,995482.1563781967,1011572.871601319
2015-06-12,1024503.0261355039,987979.9817109029,1003692.5725023989
2015-06-15,1019964.8199538253,981492.3913264826,997654.8906296496
2015-06-16,1027328.1918454666,988843.1903466022,1004008.8753167819
2015-06-17,1030358.7752402119,992904.0005451615,1005761.7930952454
2015-06-18,1042182.9221658359,1003350.6990007985,1015861.0309127953
2015-06-19,1036744.8812186734,997062.2125884985,1010259.5796874452
2015-06-22,1041926.2066352719,1001270.7252098515,1016081.9390764417
2015-06-23,1042568.188844707,1000419.5627755317,1017444.0783086036
2015-06-24,1033726.6302110115,993216.2724628187,1007462.5778613657
2015-06-25,1030086.5761841536,988953.2128884669,1003217.0230494724
2015-06-26,1033184.3243602834,992511.2466629435,1006375.2321753561
2015-06-29,1012193.87373219,975250.9480844295,986730.1769422914
2015-06-30,1012634.5504251486,973969.1855377313,988028.9022791873
2015-07-01,1021588.1859892235,985528.1881887452,995789.8211607678
2015-07-02,1021299.6159708208,986177.7987048985,994230.8688546979
2015-07-06,1018126.0396181606,985144.9202933229,991621.6992054426
2015-07-07,1024817.856897293,997072.2231627443,996855.2622197426
2015-07-08,1011105.169040208,986420.6635099017,982191.9763132125
2015-07-09,1011862.2745402885,988161.1069174354,984053.6505649039
2015-07-10,1023630.0575862405,998249.8802716504,995930.0107737909
2015-07-13,1035297.8798349972,1007464.8457826697,1008113.5833768413
2015-07-14,1040187.4058833866,1010754.1625279514,1012369.7619328466
2015-07-15,1039996.3785675026,1009802.3201524528,1012178.5345388326
2015-07-16,1045825.5747738072,1015041.8648264525,1016108.3341520188
2015-07-17,1043754.6514643854,1010119.9481186297,1014212.9267746938
2015-07-20,1045043.2211073412,1011578.6825760836,1014995.7981449191
2015-07-21,1039367.0008042213,1005273.1506288693,1004839.2797276728
2015-07-22,1035326.9163472139,1003651.4329495908,1001012.1032921451
2015-07-23,1029627.018233268,1001121.5168096079,994332.3968010045
2015-07-24,1020839.3993386271,991926.7417773688,985170.12940487
2015-07-27,1014683.9676346553,986809.9360010369,977995.8164352827
2015-07-28,1026461.8244599222,994489.490322618,988632.2652308622
2015-07-29,1034320.64368453,1002424.6518421959,995424.2329355562
2015-07-30,1033993.7772174119,998855.0641098256,995120.8538511237
2015-07-31,1033824.5221850959,997382.6159395541,991973.8160850276
2015-08-03,1030508.831988594,996231.5869143953,986833.8953513015
2015-08-04,1029004.5643340095,994016.3261023487,984169.7450881886
2015-08-05,1029452.6045516604,990844.1389451473,983596.720044957
2015-08-06,1020773.4260048651,985856.9392553357,976827.2045829736
2015-08-07,1019802.8801101771,979924.5581890582,974227.0158308025
2015-08-10,1033335.4993816222,990349.3262983093,987785.5418728302
2015-08-11,1023411.2105819153,985941.454033946,975878.9532786353
2015-08-12,1023484.6650600289,985763.0224181799,975860.4438687909
2015-08-13,1023850.2080992566,987242.5666219216,976182.3323630679
2015-08-14,1027969.8059533655,988975.4238482376,980059.9989639112
2015-08-17,1032430.9320263221,990720.2597830438,983860.7803238621
2015-08-18,1028722.5525025694,984806.6573789967,981963.1824838335
2015-08-19,1020295.9831286762,976560.2930896431,972844.7243417688
2015-08-20,996843.1797185325,960766.6868188737,952767.2717710362
2015-08-21,968075.5968447455,935136.8536434993,922994.393182141
2015-08-24,933295.1316515025,901316.9503173927,889999.3439564203
2015-08-25,920995.8241221566,886815.98939464,878508.8885143198
2015-08-26,959297.7503994234,917899.2275081954,913223.7247701137
2015-08-27,980757.2684171712,934519.2392109723,933930.2782292869
2015-08-28,982196.526483505,931062.7963017581,933270.839432403
2015-08-31,975634.6055078134,925075.4324030482,926823.2124646966
2015-09-01,948782.2172433786,905072.466414161,900485.5270105408
2015-09-02,966391.4217223006,918743.3450094555,916917.4472654318
2015-09-03,968152.1084173622,920438.1533005179,918228.4939550348
2015-09-04,952341.3370464153,906144.3365888761,902954.5618083408
2015-09-08,977501.3783783033,927650.6159764014,924840.9532411784
2015-09-09,962596.2522815474,912796.0544133745,911432.6929406096
2015-09-10,967265.109974483,913178.8539903401,915741.0045089578
2015-09-11,972954.9943662336,919392.5493435866,921499.4023870128
2015-09-14,969691.572914507,916755.6188687603,918015.4166955535
2015-09-15,983825.8875963495,928667.1952071458,930850.5971913231
2015-09-16,990774.4531376276,935353.9986259607,938706.801200505
2015-09-17,986958.9462929128,931612.4414185653,935050.1522864433
2015-09-18,970761.9296503734,917702.27920371,918779.1762786908
2015-09-21,976176.0050744284,923262.9841751672,925822.8281480153
2015-09-22,966798.6391759114,915587.1579532399,915744.8925802566
2015-09-23,963828.8821336277,912265.137263214,912908.5719486498
2015-09-24,959493.9923557896,910580.4214739625,908502.730028429
2015-09-25,967260.9226317605,914177.2409306588,914858.9051782647
2015-09-28,949425.9863676387,904711.1481887697,897319.486980492
2015-09-29,951620.0892227237,910795.4223447194,899968.5230509508
2015-09-30,966926.0581180947,919302.7576724859,913178.3274305839
2015-10-01,966919.7177077737,914175.0644553256,912466.7008597894
2015-10-02,978405.16582633,923254.6749498296,923702.0221585017
2015-10-05,996288.2167564797,940710.3852176229,940752.4743192891
2015-10-06,995377.9361406978,939602.6711379032,941524.0648065915
2015-10-07,1003705.2421689656,946559.0611270694,948370.9036020078
2015-10-08,1012590.3814051158,955895.8801419528,956135.2177007786
2015-10-09,1012916.3086245793,956482.4236540573,958027.2298609132
2015-10-12,1016044.5043359891,958971.540278109,960683.4944582935
2015-10-13,1011527.6180166395,955812.1221080568,957881.4545679964
2015-10-14,1001746.8122632507,942091.0608200668,949069.6612044193
2015-10-15,1014645.719442693,951634.639936388,961238.1196148159
2015-10-16,1018521.6622089808,955320.4886752721,965400.1082745715
2015-10-19,1020825.1784778081,955905.2282989875,966217.041339836
2015-10-20,1019975.6130727726,956695.3403468465,965463.960262378
2015-10-21,1015473.1711794598,955420.8419158924,962744.2817697318
2015-10-22,1034557.9246326096,976913.6964120786,980719.4377607951
2015-10-23,1048605.1455387494,984028.8552877936,989553.5738439477
2015-10-26,1048822.228477641,983610.5804979887,988227.4677232582
2015-10-27,1046809.7189104212,981586.3388734645,985893.5297126956
2015-10-28,1058366.0159742832,986633.8354671822,997001.5851283354
2015-10-29,1055682.4490562766,988283.4767695657,995671.5361747796
2015-10-30,1050380.899277982,982439.2927814799,990497.8823154198
2015-11-02,1059805.804958626,988599.8565986021,999762.7728892127
2015-11-03,1062565.102883673,989468.3280134639,1004775.4277398664
2015-11-04,1060244.4391809755,987323.9351358386,1001939.6547239354
2015-11-05,1060071.0781641982,987860.1763690182,1001706.9180616902
2015-11-06,1062721.3427814636,986809.6772374185,1004336.8971066286
2015-11-09,1052274.3994136148,979823.2379878568,994251.678250381
2015-11-10,1052469.1750949903,983577.3409418475,995806.6877235846
2015-11-11,1048672.6526661639,982245.6322893195,992666.9880075452
2015-11-12,1033917.6393791456,968258.9776205888,978415.2900429999
2015-11-13,1020252.2852058917,960052.0081630516,967041.4219782924
2015-11-16,1035262.591038007,973085.2365876792,980374.5494081315
2015-11-17,1037755.765648895,974796.069839599,980738.4947863155
2015-11-18,1053262.8930934526,988143.2226660766,994626.2473726769
2015-11-19,1057403.241109394,993863.0633401664,994378.9441334535
2015-11-20,1062428.3638426114,993683.4995696833,999485.2412646812
2015-11-23,1060812.3413766285,993859.8676628616,997739.5520131392
2015-11-24,1060136.4532534704,991998.2003170846,998833.5786103946
2015-11-25,1060673.909500565,991488.9425850874,998900.9353385267
2015-11-27,1060569.8168458869,989751.0544432763,998900.9353385267
2015-11-30,1056405.6557335316,983094.9253709479,993659.486658494
2015-12-01,1066395.1236295286,990735.1588482652,1003104.323743378
2015-12-02,1058118.3727355371,983501.9626278051,994206.7737649595
2015-12-03,1042754.5366917825,973909.8528422693,980075.1131565651
2015-12-04,1066570.917863356,993850.1356258446,1000820.9854212659
2015-12-07,1061916.7191065536,994467.1142939446,994253.3210974088
2015-12-08,1054290.765193025,985853.6674170687,985140.4486352376
2015-12-09,1045359.7373421894,980394.0312005611,980895.5509621553
2015-12-10,1049831.9768326073,983447.0247637556,985518.9605903998
2015-12-11,1031624.9001923077,972251.8687977169,968161.2960354487
2015-12-14,1040673.7612503298,980339.9494693172,973953.3175160021
2015-12-15,1050969.3007683689,990420.8170561825,982724.149227024
2015-12-16,1066983.9757025342,1003382.867112768,995295.2146823211
2015-12-17,1052012.1063387746,990724.6295548236,981094.0068830911
2015-12-18,1031868.1761249242,972170.8043424326,960497.9622673085
2015-12-21,1038991.1841458585,977881.7285485077,967399.1245377713
2015-12-22,1050034.34698421,988012.9333106887,976688.1102013025
2015-12-23,1058495.4255383303,996584.0624279324,987081.1985905248
2015-12-24,1054743.624824828,995488.1572426825,984252.7636246507
2015-12-28,1054184.3801637904,995448.8449453003,982912.5290195238
2015-12-29,1065512.1538894442,1004688.2028473194,993718.9577208937
2015-12-30,1058091.625125219,999701.9500969134,987151.8410127122
2015-12-31,1046802.7932674125,989338.0584212209,977123.2456173496
2016-01-04,1046802.7932674125,974645.7894075515,961641.2742753923
2016-01-05,1048018.8107635333,978221.6982230581,962186.3709191543
2016-01-06,1034504.8131854731,968957.7733416641,948046.8246450273
2016-01-07,1011253.6387671904,957528.7642389219,926042.093464634
2016-01-08,1000661.3823244524,949563.4869617454,916641.0108722522
2016-01-11,1003762.3383330718,953706.7173621721,919563.6904959438
2016-01-12,1012212.7563662069,958238.7717767947,926161.0355894333
2016-01-13,989659.0443823095,941453.906855999,905703.9758321869
2016-01-14,1004421.0187810365,952587.7243549307,918469.061521445
2016-01-15,981040.9536297314,936301.2645713409,896545.1036532427
2016-01-19,983957.0625538552,943818.7583386042,898111.8321019099
2016-01-20,971757.0781714274,932267.7319180546,884133.2848364891
2016-01-21,976699.2501225066,940495.3646191414,890634.6876635659
2016-01-22,990022.4013299592,939907.0759741988,902457.1624899472
2016-01-25,978820.873699736,936290.598174605,890777.12250086
2016-01-26,994214.0622486641,954077.4972869675,906591.113227098
2016-01-27,980358.8015537644,953683.5401013352,894099.0687138293
2016-01-28,985403.0049584862,958948.822820083,901118.6254934154
2016-01-29,1011612.8284114696,978189.8996268162,923361.7337775154
2016-02-01,1012108.3940243619,984159.4112520509,922401.6539745781
2016-02-02,990357.3324771108,971516.2934637782,905823.4108110945
2016-02-03,999342.9383245577,977709.7524414654,916092.0261571914
2016-02-04,1003642.9326228664,978124.0129925671,920573.6033253853
2016-02-05,985485.4202926407,968129.5361296395,908707.3740065019
2016-02-08,974278.4449223517,965213.743391988,898730.3640078064
2016-02-09,976113.3228285997,965574.9587011043,898019.8874299312
2016-02-10,972047.640807928,959083.224707343,892432.5099274508
2016-02-11,962245.2512226544,948368.8084459861,878157.8121045189
2016-02-12,980489.0827261546,964438.6293077989,895746.5704746875
2016-02-16,994628.1356142608,971993.8494283337,908227.3888666009
2016-02-17,1012967.7329951463,980041.8748929375,922662.428559428
2016-02-18,1009161.8202905479,979291.9548394899,920396.9425083492
2016-02-19,1008803.9916006229,980619.5520516266,919194.7070535418
2016-02-22,1020245.0432654313,990821.237974054,932017.5661966044
2016-02-23,1008223.1428987036,985209.3922568258,921425.912363311
2016-02-24,1010348.4262923326,987670.9727814716,924409.7606579976
2016-02-25,1024911.2502744804,997882.9989413165,936314.5968820297
2016-02-26,1020878.0642553834,989508.4204560365,933100.4214340718
2016-02-29,1012323.3222761605,985379.6999202375,926176.6973977633
2016-03-01,1037371.9511710989,1001236.2493880034,945723.6199017117
2016-03-02,1040336.6265773581,1003363.6226332885,947643.669984451
2016-03-03,1043351.6846231148,1004669.5444043132,950143.5355448026
2016-03-04,1046438.1561991196,1007948.3073022113,953668.9757429255
2016-03-07,1049586.9780911943,1011492.8128007967,957436.133500378
2016-03-08,1045152.4423315275,1013851.9196484941,951276.2238087744
2016-03-09,1049161.8135270854,1015053.0742525234,953309.5208132837
2016-03-10,1049202.2405791716,1015171.6177203933,953016.3273804224
2016-03-11,1062335.4537066745,1023385.2978832633,965250.9377644642
2016-03-14,1063071.0498030398,1024805.088707919,966138.0751593753
2016-03-15,1064173.1689132913,1027105.5521641533,967394.0864735533
2016-03-16,1069296.4543755974,1029451.1914310108,971556.6227489847
2016-03-17,1077789.6406647926,1035072.3596533525,980289.340408966
2016-03-18,1084664.2337595655,1038380.4674502105,987063.8939351673
2016-03-21,1087030.4128524687,1040121.7628906134,988273.3579168963
2016-03-22,1086435.8977662371,1037197.4383955528,985957.4912236374
2016-03-23,1079010.749479885,1035729.5608200341,981472.518838253
2016-03-24,1079915.9661540347,1036737.9757188105,982209.3904917052
2016-03-28,1079451.5438102633,1038507.190627951,983311.8503703689
2016-03-29,1086266.2476839612,1043218.7114716892,988791.5118694055
2016-03-30,1091790.0956162028,1048181.4153981111,993476.6925458884
2016-03-31,1090199.1098097516,1047241.391942068,991706.3605889322
2016-04-01,1098808.1513727948,1053445.677881653,997743.4948460056
2016-04-04,1094903.0102083606,1051579.6603485453,994617.2664755925
2016-04-05,1085936.0796084837,1045564.6168450224,987121.0650117282
2016-04-06,1095054.6377527232,1049196.9197009,993442.521327714
2016-04-07,1082820.919971115,1039692.7943263443,983680.2861970951
2016-04-08,1084282.8853793524,1041467.5824637061,985642.940779417
2016-04-11,1081646.8860115185,1037064.5699221131,984490.5383511139
2016-04-12,1091425.025512979,1045111.902001632,993734.0719135477
2016-04-13,1103712.57393436,1047623.4836795436,1004221.8978146957
2016-04-14,1104387.0449368202,1047076.8640896645,1005239.6963098698
2016-04-15,1102756.580727332,1049237.1697867531,1003615.2491689658
2016-04-18,1110341.6832205956,1056938.4918693248,1009598.4980435335
2016-04-19,1114377.3017240658,1063928.1657179156,1012370.8571641985
2016-04-20,1114174.0109972083,1058687.0108898748,1014763.6090983496
2016-04-21,1107764.4698638343,1043462.3840336724,1008384.9817058031
2016-04-22,1106401.2231130132,1048713.9586017025,1009575.4981851468
2016-04-25,1105532.7018400284,1052562.596258659,1008088.9406714273
2016-04-26,1105291.991420414,1048241.7333276563,1008822.417107689
2016-04-27,1107519.5467683661,1052986.470454987,1011695.2089433087
2016-04-28,1095288.0462795587,1046651.804154295,999874.924579631
2016-04-29,1090223.7301937165,1042246.3128186566,996671.9204914611
2016-05-02,1098046.450741913,1050140.9143020292,1003261.9275348937
2016-05-03,1088960.8258241648,1045544.8868458518,995397.2902443033
2016-05-04,1082662.393639283,1045413.4119850053,989809.3103645795
2016-05-05,1082474.2514286404,1046790.4661215735,990339.2928156876
2016-05-06,1087705.594095766,1053878.763701219,994820.8699838815
2016-05-09,1086001.5739563722,1055234.6750159757,992873.8772098894
2016-05-10,1099362.1882029164,1063926.0961511908,1005347.3575517462
2016-05-11,1088045.8137960134,1051793.3031231482,993165.975411399
2016-05-12,1088359.4396969748,1054865.140294664,993692.0150296408
2016-05-13,1079021.0012654837,1043843.6132173628,983307.9075375026
2016-05-16,1089509.93111007,1050455.9579476863,993143.0850761476
2016-05-17,1078488.463270071,1037305.8968546854,983008.4712859363
2016-05-18,1078927.6006390264,1031650.7631028381,982819.9819703015
2016-05-19,1077219.7915475164,1034956.2075460902,977704.8134651247
2016-05-20,1081925.224184691,1037432.5128881296,981379.9717890308
2016-05-23,1080544.333215904,1035036.5366285578,980930.8174116813
2016-05-24,1095273.2841227476,1047012.2289437281,992881.7628756219
2016-05-25,1104943.5000605145,1051249.2486828885,1001038.4983677218
2016-05-26,1104094.223092786,1052015.1907968349,999736.3778136356
2016-05-27,1107411.303632369,1054624.81464393,1002255.9575383186
2016-05-31,1104800.1256822245,1052349.4812990215,997432.2300958404
2016-06-01,1104261.9147757683,1052918.8707628604,997570.7768618359
2016-06-02,1107579.9383205303,1057480.2936881208,1000312.359981517
2016-06-03,1104977.0681033474,1057983.3692836056,998545.970857427
2016-06-06,1111671.6560655069,1062739.8094144866,1004897.6555587208
2016-06-07,1111885.177402841,1064132.701683214,1005904.1731709719
2016-06-08,1115695.2683541966,1067884.9167253093,1009648.4405931729
2016-06-09,1115032.4124596436,1069715.2609355256,1008534.6998315863
2016-06-10,1108856.831645653,1068084.802337701,1001814.0316878905
2016-06-13,1100446.651745213,1060954.1426956966,994363.8299407994
2016-06-14,1096551.3408869628,1058525.5953011634,991130.4879441861
2016-06-15,1094796.688352491,1057293.511193358,989187.4380030603
2016-06-16,1099893.92174363,1063914.049019714,994398.5487746497
2016-06-17,1095763.3495553003,1059925.5711265611,991149.5449697064
2016-06-20,1102983.0132561468,1066122.161657991,998423.0858997615
2016-06-21,1105463.3498081989,1067114.5720437553,999817.2058873941
2016-06-22,1102535.7007324703,1063766.054589439,997075.0751520373
2016-06-23,1116783.752883362,1074665.451823903,1009985.9908957798
2016-06-24,1077973.6436552466,1051260.44275742,975761.7635239989
2016-06-27,1060920.8401431378,1040591.9387150543,961153.4582313263
2016-06-28,1078291.5317468704,1053522.5990417574,976264.8032838542
2016-06-29,1096459.4720904601,1068215.2077067844,992244.1191826375
2016-06-30,1111880.7756663335,1082559.706014517,1005439.3569852924
2016-07-01,1113804.9648124173,1083249.9637579652,1006526.0455324912
2016-07-05,1107519.6651278848,1084383.3678828217,1000427.7973659905
2016-07-06,1114120.74040375,1087027.4525017075,1004801.7132923082
2016-07-07,1113276.388132594,1083453.4368114965,1003526.6449526099
2016-07-08,1130616.6910904236,1093954.5519816265,1017593.7964343866
2016-07-11,1135400.2328109958,1097123.85244864,1022090.4877952345
2016-07-12,1142566.0744919074,1097454.0208471315,1028861.0984885697
2016-07-13,1143419.348345059,1100647.3675521468,1030232.1090946806
2016-07-14,1150584.6370655575,1103920.175617224,1037762.5912998545
2016-07-15,1150702.6758845497,1104138.9706186973,1038331.2354176791
2016-07-18,1151412.128691042,1104352.6719439093,1039256.4868636309
2016-07-19,1152134.8964572996,1109189.1588170445,1040712.1588532316
2016-07-20,1157431.2548475778,1108674.2427629624,1042731.9845121143
2016-07-21,1151590.1107667917,1105248.9130974803,1038369.3494687196
2016-07-22,1154946.13663024,1111358.0494076267,1041376.0880986576
2016-07-25,1152053.992859435,1108501.5862196174,1037014.0006709388
2016-07-26,1150426.5021405919,1097858.229033743,1035931.1454334712
2016-07-27,1149529.0548323225,1090991.3379833219,1035842.5412171152
2016-07-28,1149100.779168609,1092272.87633027,1034955.4038222042
2016-07-29,1149328.4886793059,1092298.1683416944,1033603.4502416136
2016-08-01,1148424.5814206155,1092647.305580061,1032048.4407684099
2016-08-02,1142757.0211570489,1088688.046404506,1026960.1054313509
2016-08-03,1145495.5216500468,1087756.5773655402,1029272.1388148787
2016-08-04,1145990.2526362664,1087968.678926471,1029106.7588807656
2016-08-05,1160139.8242777686,1093162.982100211,1039844.0784838406
2016-08-08,1159222.5045050315,1090572.8190826722,1039045.5453052854
2016-08-09,1159015.0283859083,1090377.5799711894,1039256.4868636309
2016-08-10,1157071.1760704813,1092770.219210716,1037159.7759638556
2016-08-11,1164928.8352155937,1098081.3620642058,1043768.8400328087
2016-08-12,1163143.35502755,1097477.5350019904,1041691.295681689
2016-08-15,1165943.82605126,1095356.9147769946,1045032.2989201786
2016-08-16,1160331.3744521798,1086537.4015199183,1040320.1755524429
2016-08-17,1161544.9778360685,1090827.4180552182,1041549.3536985032
2016-08-18,1162875.063847747,1092139.3694913853,1042881.7026378976
2016-08-19,1161400.1330365937,1086592.2223021518,1040351.061076562
2016-08-22,1160314.1825428996,1084138.532324391,1039052.8833553421
2016-08-23,1162882.5033720147,1085669.8309351082,1040055.567657862
2016-08-24,1158644.869124132,1082208.7742630453,1036364.6380024906
2016-08-25,1158208.787364344,1079624.9288025629,1034510.1922777209
2016-08-26,1155771.253569378,1074811.0564530876,1031537.6248659573
2016-08-29,1161463.0391515146,1081392.07938166,1037570.8162901645
2016-08-30,1159257.0999224521,1078331.7968782715,1034840.5140534063
2016-08-31,1156815.7489352077,1077652.369111902,1031844.9467832563
2016-09-01,1156286.650552909,1080536.2379664942,1032877.8594710843
2016-09-02,1159369.258952506,1083848.5475337964,1036952.3391458357
2016-09-06,1162852.958700353,1088050.0508454302,1039540.6993994081
2016-09-07,1161800.2679355762,1085502.0878943482,1038868.9940113844
2016-09-08,1158304.8246319783,1082960.8594134247,1036276.5814018106
2016-09-09,1134584.6912973607,1061037.3660398533,1014156.8509294845
2016-09-12,1150943.6527135556,1077787.7182999784,1027593.8062914689
2016-09-13,1135286.3833539903,1063841.0379071962,1013108.2764333265
2016-09-14,1135672.7860141695,1063048.859375388,1011314.9446179839
2016-09-15,1147698.2141894286,1073003.8120049252,1021280.2356412158
2016-09-16,1144086.4733539452,1072481.494550148,1016307.4472117655
2016-09-19,1142148.9932241435,1070265.5804286855,1016103.8437034766
2016-09-20,1144023.4379638785,1072444.266756575,1016652.8831801049
2016-09-21,1154177.827593091,1079113.8441627861,1025834.6456943006
2016-09-22,1161225.6545746261,1086059.9900654918,1031372.7925475203
2016-09-23,1150869.782859445,1079818.0117890653,1024026.1996863039
2016-09-26,1140484.141467596,1071365.0096263322,1014682.8905477263
2016-09-27,1148616.6787822882,1079952.559766309,1022167.373036127
2016-09-28,1154039.9361945696,1076784.0511165143,1028388.3966371579
2016-09-29,1142291.1863970256,1065768.4502820955,1017409.249951618
2016-09-30,1152453.4856129682,1075423.1405151295,1026645.0073714546
2016-10-03,1148386.7981655216,1070328.5976976918,1023600.045167341
2016-10-04,1145678.6044322446,1064418.0853650586,1018811.1460818481
2016-10-05,1149229.6811702526,1065424.7288497502,1025124.1691164254
2016-10-06,1149353.5724234087,1057464.8740832363,1024421.5782042827
2016-10-07,1144549.5690275398,1055707.3003478558,1022850.9069227494
2016-10-10,1151533.4172295323,1057130.1170883307,1027816.3573021428
2016-10-11,1137101.6109518716,1045669.0604829383,1016579.940772079
2016-10-12,1138238.0797061345,1048692.6302699319,1017451.3068355251
2016-10-13,1135463.844978586,1048934.7000057558,1014913.3272241328
2016-10-14,1139337.8039778362,1047139.6873022061,1017125.0374158411
2016-10-17,1134925.5178333796,1044488.4066071142,1014210.1886963145
2016-10-18,1139350.3963840192,1048957.298042978,1018446.1054723124
2016-10-19,1139878.1497007867,1050402.5861212744,1020727.2533317211
2016-10-20,1138707.5710148083,1056186.289871521,1018469.1053306991
2016-10-21,1140045.6878482406,1056399.666618417,1017536.0777421498
2016-10-24,1145062.2970203387,1059591.736979485,1021871.7700942917
2016-10-25,1142946.9169400772,1056794.8165002507,1018857.1457986213
2016-10-26,1145266.9138443826,1056327.671059692,1020542.8163720878
2016-10-27,1143456.2923392237,1057732.5753523544,1018880.145657008
2016-10-28,1139672.4960728877,1055496.9810071634,1018404.0485884056
2016-10-31,1137358.8851111773,1055592.803328922,1017351.5312593812
2016-11-01,1131495.604955488,1048781.7060184344,1011445.6057182465
2016-11-02,1126167.374494723,1046002.193956282,1007102.0277003724
2016-11-03,1123451.5215196635,1046053.2170942894,1005477.471036333
2016-11-04,1120288.0196148297,1041744.3455844726,1003100.380910512
2016-11-07,1144479.4638571893,1059734.9844733756,1023922.4812772938
2016-11-08,1149503.1992504045,1065832.9290652436,1028023.9036432981
2016-11-09,1165431.513474353,1070775.0948668504,1042432.5482605482
2016-11-10,1170951.0791439035,1067515.146577452,1054667.8157834008
2016-11-11,1175076.6819850432,1070496.4825894656,1056898.4734774942
2016-11-14,1176155.9127506271,1072720.9880282434,1058077.7090739151
2016-11-15,1181969.6971019483,1079192.4960999927,1061126.614110895
2016-11-16,1180451.7865433497,1080055.005773555,1058046.9330729311
2016-11-17,1182435.2141334966,1077847.126781881,1060047.7017062937
2016-11-18,1179905.4604469757,1073369.6826125346,1058035.1045743325
2016-11-21,1183501.3118335584,1077617.5098965797,1063012.383452325
2016-11-22,1187641.9797960005,1081903.741353719,1066779.5412097771
2016-11-23,1190220.6977089494,1086665.9182765416,1070105.4302556128
2016-11-25,1194803.1585656113,1092947.4304958833,1073972.473112344
2016-11-28,1191923.9554949836,1092170.7822192756,1070930.906125421
2016-11-29,1193134.3768712613,1093173.7305461937,1072259.859847625
2016-11-30,1189326.2189786849,1084072.6812072569,1072370.9163066915
2016-12-01,1188639.5084953594,1084821.1396775288,1076203.6784221134
2016-12-02,1187859.8270915456,1085508.7179726728,1074997.5001344397
2016-12-05,1193853.1098132003,1085113.017691204,1077566.9128856268
2016-12-06,1195385.5392170183,1087028.8616334756,1079559.795853257
2016-12-07,1213677.9931798487,1102726.491668061,1096261.4168285145
2016-12-08,1215937.7633966163,1102307.0485356986,1099917.0800343596
2016-12-09,1224957.9928781965,1112374.8571359634,1107882.0405167695
2016-12-12,1227989.072870478,1118219.7127543767,1110101.5268510752
2016-12-13,1237179.0264644716,1122551.6270731376,1116537.9824589938
2016-12-14,1230039.2366953823,1115284.6659250779,1109882.8091501324
2016-12-15,1233753.060106078,1118240.0860757246,1113231.1504386785
2016-12-16,1232007.3149695764,1122682.8678566283,1112735.9963445559
2016-12-19,1234677.937445031,1124312.492591465,1114959.4255117276
2016-12-20,1239637.2514320451,1126243.3409281701,1120093.6510424248
2016-12-21,1237147.1761190263,1123945.881652214,1118262.3146991767
2016-12-22,1235842.7759936329,1122913.9283173592,1116968.0798108228
2016-12-23,1236833.3766765343,1124400.7369105904,1117805.2746560946
2016-12-27,1237365.9125954276,1124001.990373203,1118434.9231602114
2016-12-28,1229372.0330615658,1117537.3726126584,1112190.352085118
2016-12-29,1229206.8465120413,1119155.3851125352,1111410.8759320828
2016-12-30,1224444.988530847,1115186.3453633392,1108204.4766267226
2017-01-03,1224444.988530847,1120725.4783667405,1114886.4831037018
2017-01-04,1229709.8660739323,1124017.092120754,1118273.4860589644
2017-01-05,1228187.1417887714,1125222.9345840802,1115869.4532418903
2017-01-06,1233397.5774621554,1124725.5974825812,1119487.0023966949
2017-01-09,1231118.1820874452,1121118.2767943048,1115201.690686733
2017-01-10,1230320.2323891053,1118161.836147488,1113415.5873983118
2017-01-11,1235855.3152628143,1119797.0576842083,1118953.0771127206
2017-01-12,1231659.5233126523,1118840.1824157657,1115404.637056211
2017-01-13,1232652.896488129,1116314.2079480793,1115109.143637511
2017-01-17,1230821.668861126,1122553.6245615182,1111802.8592328716
2017-01-18,1231762.5458985649,1121682.9697806202,1110566.4525598898
2017-01-19,1226954.254024665,1118365.7112357412,1106511.0299106587
2017-01-20,1233629.4798122915,1122829.3017545757,1111829.8019241244
2017-01-23,1231490.012525549,1119808.2601132565,1110293.3018607653
2017-01-24,1237051.2272500016,1117214.5711371172,1116622.0962268075
2017-01-25,1245822.9025472563,1118415.5434540662,1125358.64719652
2017-01-26,1245649.6793883506,1115519.8589872245,1127175.526485925
2017-01-27,1248629.7070873452,1118307.3154673025,1126775.6575194038
2017-01-30,1242963.0251871583,1118662.013285157,1119898.0427230035
2017-01-31,1238162.4250129873,1118235.0842321059,1113895.6272997805
2017-02-01,1240032.0010673518,1119081.2347443863,1115401.2418390205
2017-02-02,1241893.249926306,1118857.585480065,1115063.1439207378
2017-02-03,1251819.0561780944,1122321.8491852544,1125524.1366537681
2017-02-06,1250227.0195475952,1119585.2461482473,1124456.3956089546
2017-02-07,1252991.9026295114,1122454.7708816912,1126579.9396768478
2017-02-08,1255012.6355313058,1126890.0575241344,1124564.0568508308
2017-02-09,1261732.8156090416,1132154.9797463585,1131184.401802707
2017-02-10,1265528.6522107853,1131992.5923413085,1136622.0064178368
2017-02-13,1273843.822547621,1135043.6217152977,1144629.1333072886
2017-02-14,1279960.4997572324,1138974.7228183118,1149802.1300278376
2017-02-15,1287824.2885157971,1146316.6360173859,1155827.435786312
2017-02-16,1289703.55388247,1150211.6139551925,1156271.0044837676
2017-02-17,1292011.8597672048,1150529.6863632025,1156511.0791960696
2017-02-21,1300086.896381766,1160008.7447035713,1163181.25717445
2017-02-22,1301065.3230661133,1162490.2463691197,1165009.3078236429
2017-02-23,1303099.4341236681,1167204.8917229169,1166956.3005976349
2017-02-24,1305601.5557582804,1172731.0769598095,1167597.7776003503
2017-02-27,1306582.7016972497,1170680.6429062048,1168477.029329529
2017-02-28,1305169.733571523,1169592.9784241184,1167063.961839511
2017-03-01,1323388.8601767812,1181986.7933467259,1184072.3571163916
2017-03-02,1315421.2902252297,1179354.1221500393,1177759.3340818144
2017-03-03,1315568.0258686393,1179074.8308414428,1177912.995040464
2017-03-06,1312054.563744311,1177045.9893517457,1175032.3175391115
2017-03-07,1310537.796775208,1175191.5947649716,1173373.589656898
2017-03-08,1307843.6894606783,1174706.8605502867,1169502.7134904354
2017-03-09,1307959.6051840195,1177354.33899064,1169640.6031176199
2017-03-10,1311747.0143688214,1182088.395276266,1172152.2971765704
2017-03-13,1309762.9361309041,1183066.6564221252,1170946.6665045724
2017-03-14,1308373.2784227903,1181912.2785490078,1168473.0864966626
2017-03-15,1314883.1434509426,1189675.09850309,1174794.5428126482
2017-03-16,1313458.306688895,1188206.9941750763,1173922.6291335262
2017-03-17,1309329.5576811165,1187401.7572560369,1172804.9455390736
2017-03-20,1310295.058513858,1188219.4699102645,1172313.734277817
2017-03-21,1296863.9811204572,1183846.6032942575,1158976.1163994356
2017-03-22,1295935.3588352643,1183336.2266478464,1158599.9044301123
2017-03-23,1294560.3620846022,1180356.523850439,1158335.187012396
2017-03-24,1292798.233498992,1178855.287826444,1154978.5219655766
2017-03-27,1289662.5072559456,1176656.3147245864,1152413.5996629316
2017-03-28,1298482.0503270112,1182088.9476252547,1160854.109598268
2017-03-29,1295969.470515124,1179109.2675720034,1158488.8479710456
2017-03-30,1299803.3515947666,1181812.0848223257,1162367.6098032405
2017-03-31,1297262.0545139387,1180272.7803002822,1158707.5656719885
2017-04-03,1295762.6869470852,1181212.6529126163,1157978.032068593
2017-04-04,1298894.3271108656,1181970.9300632703,1160166.6328787794
2017-04-05,1296232.56058814,1182331.7690393324,1157862.4851609843
2017-04-06,1297108.8015344187,1181559.3040269078,1158692.3419561991
2017-04-07,1297313.7515774525,1182650.7190644303,1158308.2443211433
2017-04-10,1296622.7731519144,1182298.9830046128,1158415.9055630197
2017-04-11,1296693.5246491241,1184388.497639244,1158039.1459780203
2017-04-12,1293434.7776780066,1186098.7967701317,1154705.918882128
2017-04-13,1284579.4304434846,1180458.0332437302,1146933.281025084
2017-04-17,1295837.4621388698,1188156.1610080819,1157232.7271337323
2017-04-18,1290940.2943671586,1188403.9017323495,1150860.2330367556
2017-04-19,1285350.561293578,1184687.5960705164,1144199.0359554596
2017-04-20,1296336.281253178,1190917.1465778016,1153968.609136135
2017-04-21,1294176.6975830807,1188149.3353607003,1152232.9960130292
2017-04-24,1307800.4387056653,1195062.2176526315,1164352.7166282733
2017-04-25,1319755.580114846,1206552.0217107031,1177375.1269236233
2017-04-26,1319449.7085352705,1205981.1288195853,1176195.8913272023
2017-04-27,1319611.6678203011,1205454.277607673,1176545.8177440842
2017-04-28,1316355.3318432611,1202217.0588926435,1174256.7842189427
2017-05-01,1315257.4765176952,1201798.394511235,1172739.9983199153
2017-05-02,1317767.8446370373,1201958.6300768047,1174782.8238371846
2017-05-03,1317835.8714615856,1200972.5151019974,1175231.9782145342
2017-05-04,1316410.386206913,1202563.4251460747,1174871.4280535406
2017-05-05,1319657.4886928773,1208288.808472441,1177981.8850924883
2017-05-08,1320067.0610739074,1210177.2008391833,1178281.3213440548
2017-05-09,1318363.5044907825,1209033.9021731326,1176234.5529939188
2017-05-10,1317470.6259694677,1207556.5328801856,1174402.5595118597
2017-05-11,1315031.1326169567,1205342.4374580453,1173074.1534053318
2017-05-12,1313351.1569417764,1206051.1834723086,1171795.032709632
2017-05-15,1319210.6004354341,1210093.8951169404,1176579.9889622584
2017-05-16,1319351.1304197279,1206624.0072750342,1176457.213527728
2017-05-17,1297488.3863844431,1196314.0369477675,1155550.9993931323
2017-05-18,1299325.1586291774,1204536.6005613469,1158696.2847890656
2017-05-19,1306384.145730857,1212139.648391218,1166648.978680336
2017-05-22,1311339.0629909607,1214921.3267731983,1171695.2571334883
2017-05-23,1314390.2428049603,1213821.9484001456,1174111.008926026
2017-05-24,1318340.772088182,1216985.8140397186,1178289.2070097872
2017-05-25,1325100.8346104699,1222753.3142447423,1182244.1969440635
2017-05-26,1325077.0026881322,1222157.2035078485,1182094.4788182804
2017-05-30,1323829.0675416843,1223826.4998223386,1179245.3439798583
2017-05-31,1322185.5213343184,1226512.2343354356,1178077.827358901
2017-06-01,1330178.8752575428,1236468.8362281392,1185677.7472317754
2017-06-02,1335409.7940540982,1238843.5289865588,1189160.5829303155
2017-06-05,1334948.3505736787,1237807.1195889958,1187912.895374411
2017-06-06,1331039.919607988,1234559.1727084145,1185231.9880716163
2017-06-07,1334376.6772364646,1237082.4161808626,1187332.5322811226
2017-06-08,1334630.6860995789,1229754.6461762278,1187828.2339909212
2017-06-09,1337481.5653577077,1234162.912483417,1192843.7364430896
2017-06-12,1336276.8694092971,1232288.4092254036,1190808.1394527415
2017-06-13,1341201.1910101736,1235402.4690389067,1196012.0216974092
2017-06-14,1343555.141695178,1239973.8733132274,1198596.5486412505
2017-06-15,1341382.266867667,1238792.803038484,1197774.4679886329
2017-06-16,1340274.843897714,1236039.214066199,1199141.5357618774
2017-06-19,1350321.5137336121,1240796.6291070716,1207256.3238932057
2017-06-20,1346144.615453428,1237346.8692557313,1203788.0547716438
2017-06-21,1345228.9227730902,1236961.2427771734,1200585.4887760144
2017-06-22,1345339.051180402,1236101.4411085101,1199871.069365273
2017-06-23,1345339.512945694,1234072.4271217957,1199729.2369052223
2017-06-26,1347482.8779658943,1236105.932796716,1200558.6556078966
2017-06-27,1339447.6174583926,1229063.373275489,1195013.2802277557
2017-06-28,1349522.3416698375,1234147.3387534912,1203085.354336366
2017-06-29,1337773.489217996,1222255.1397920605,1193688.1598152826
2017-06-30,1345125.714961531,1226091.7456562845,1197198.5953438869
2017-07-03,1350870.787973441,1231461.3254992717,1204468.1934410757
2017-07-05,1352819.3820084566,1229190.2513948795,1204406.5319159725
2017-07-06,1342153.647578137,1221522.9628253276,1195539.2103228623
2017-07-07,1348474.1206643481,1227058.5265467016,1200827.206335344
2017-07-10,1347529.2040370002,1220912.1517793504,1200500.8273925246
2017-07-11,1346828.7867705445,1218733.5667942318,1200531.7129166438
2017-07-12,1354671.013168349,1225790.3863841197,1207432.984710242
2017-07-13,1357559.8774942413,1226347.279386945,1208607.7298581204
2017-07-14,1363515.2153291753,1232826.6717902827,1213354.5720597063
2017-07-17,1362731.3651703661,1232392.923622713,1212904.870066681
2017-07-18,1360867.0536774164,1234795.0538741143,1209821.246195851
2017-07-19,1365889.4023722215,1239456.7049703035,1213523.3472110098
2017-07-20,1366502.8816402717,1241062.782188559,1211898.7905469707
2017-07-21,1365406.2340873946,1239350.9668954303,1210120.6824474172
2017-07-24,1362247.322219753,1235487.7532910295,1206369.1864982946
2017-07-25,1371562.3562467005,1244410.8643908887,1211991.3375961927
2017-07-26,1374622.593425894,1244121.8175040255,1217463.222952632
2017-07-27,1380847.3278333102,1252157.4628357189,1222260.0077038573
2017-07-28,1384842.5638538555,1253747.9444713641,1224153.1150953437
2017-07-31,1388642.7195176282,1256670.907467761,1227563.008385858
2017-08-01,1394634.5670483254,1261581.8378156167,1231645.3737263416
2017-08-02,1395973.3329408914,1264790.0775987254,1234579.2794713888
2017-08-03,1397927.422243436,1266983.9416555036,1235132.1522577484
2017-08-04,1400905.6428332392,1264896.8645438259,1238873.0244627588
2017-08-07,1402912.5491733735,1265563.22446958,1240309.0918111631
2017-08-08,1401434.8637771448,1265854.668198728,1238454.0984707174
2017-08-09,1400300.469009218,1264827.5332002346,1236399.4444548492
2017-08-10,1385634.3084298808,1257556.8300356553,1224921.3103654557
2017-08-11,1386728.8277567,1256942.6523041383,1225723.7863768772
2017-08-14,1397954.7319080306,1261393.3226358376,1233315.9301071542
2017-08-15,1398395.4865370581,1263133.8091985388,1233611.9711415302
2017-08-16,1401761.0336724294,1267339.07544158,1235063.1526825884
2017-08-17,1382485.5273200145,1254568.742743366,1219690.5949526702
2017-08-18,1375500.6739310592,1249336.0768913978,1215416.4546024962
2017-08-21,1377780.698595158,1252861.6606208617,1217056.1254591893
2017-08-22,1389716.4068633683,1261233.3496405613,1228054.8767859254
2017-08-23,1384179.4375935374,1255378.1501646906,1223131.3737673035
2017-08-24,1384788.4117291188,1252403.0420354812,1221522.5884347295
2017-08-25,1387672.4563205503,1256446.9643452603,1223219.9779836594
2017-08-28,1387099.0706869848,1254435.0644584675,1222924.4845649593
2017-08-29,1389377.498969708,1256721.0929248235,1226119.055371721
2017-08-30,1392267.8501805523,1255370.2478247266,1227636.4984095597
2017-08-31,1396610.3485318595,1257054.225347213,1230758.2363314307
2017-09-01,1399409.309474159,1257915.9044899351,1232971.0417544905
2017-09-05,1388864.2027891073,1253492.1375638663,1219835.2750142352
2017-09-06,1392857.830774358,1258200.3417173652,1222881.8800653764
2017-09-07,1391102.0135943445,1256830.3074261574,1221599.9117681624
2017-09-08,1390612.8412144452,1255194.5185444069,1222329.445371558
2017-09-11,1408592.0877847124,1269063.9730401682,1236885.6176518875
2017-09-12,1413492.6902784742,1266286.051989161,1240333.7345165776
2017-09-13,1414543.3214382483,1269592.256867718,1242538.6542739049
2017-09-14,1414551.5256545623,1268568.158662562,1245078.9338711356
2017-09-15,1420591.206155576,1272392.6129381314,1248715.9781440012
2017-09-18,1423728.4123326507,1271887.506401577,1252249.3040078569
2017-09-19,1427132.5181465736,1273996.8377854228,1254461.561815241
2017-09-20,1428987.4569767735,1275405.7995208502,1256804.9188154284
2017-09-21,1425022.740379984,1268020.4326036002,1253812.7467624687
2017-09-22,1425685.1817717138,1266957.7917264593,1253272.140567249
2017-09-25,1422690.957252757,1266821.267954234,1250272.0828485566
2017-09-26,1422233.3295413738,1263529.5980189322,1249612.0964359967
2017-09-27,1422564.917164392,1258821.629866886,1252774.2483947468
2017-09-28,1424664.440635661,1261407.5357437346,1255044.6629869083
2017-09-29,1426966.6054318757,1261944.7568378346,1256384.3499763594
2017-10-02,1435449.4458605226,1268937.2759711398,1264936.4639864385
2017-10-03,1441730.2495993327,1276111.1305886358,1269650.7778168775
2017-10-04,1443680.608454923,1278962.283227043,1270770.651874034
2017-10-05,1449495.4937236228,1281575.4375533776,1277149.2792665807
2017-10-06,1450002.7456182502,1280803.8486974437,1277052.789384492
2017-10-09,1449591.2004265678,1282782.4613669761,1276346.2556394832
2017-10-10,1453782.9868682506,1290255.717286009,1280249.6601770923
2017-10-11,1454648.314692373,1295824.1986855338,1282616.6741744776
2017-10-12,1452340.0955672846,1294997.8347501375,1280828.9280390288
2017-10-13,1455748.1515526238,1298459.7972041834,1282551.069816508
2017-10-16,1460770.1311568727,1301826.2769211158,1287330.9880049166
2017-10-17,1464374.3465667677,1309689.765709261,1289600.8549814024
2017-10-18,1472709.7407667364,1312842.621245566,1298581.9711119588
2017-10-19,1474348.302883328,1316519.7088222774,1298886.993043419
2017-10-20,1483633.5959685354,1317996.5072059585,1308172.693012895
2017-10-23,1481386.8729740982,1316003.3246775023,1305107.0309362335
2017-10-24,1490276.8694407642,1318430.9407492583,1314516.492048456
2017-10-25,1484596.5178750148,1316258.0937696155,1308219.240345344
2017-10-26,1490720.0875698572,1317950.2767237707,1312222.9680747727
2017-10-27,1494544.7179252438,1312655.050911007,1314091.9803765207
2017-10-30,1485765.491312217,1305149.3239254213,1309300.3432126488
2017-10-31,1489294.1361575243,1307929.7121914322,1310898.5048011108
2017-11-01,1493478.4094269392,1310258.7788456497,1314137.980093294
2017-11-02,1496628.2500147799,1312535.4159248178,1318694.1425165415
2017-11-03,1499349.7350609119,1315733.1809875113,1319979.944123487
2017-11-06,1498234.5150030288,1317506.42231895,1320497.5504603202
2017-11-07,1499293.3660567112,1323191.666090444,1320991.609323091
2017-11-08,1502092.3643931507,1325822.807679288,1321335.292921268
2017-11-09,1496340.6534363588,1324204.715034687,1315648.085081076
2017-11-10,1495320.3766234023,1326957.012318815,1313420.2749884974
2017-11-13,1497234.3730449195,1330762.426445744,1314400.9451408475
2017-11-14,1495966.8479164527,1332209.6202527145,1312705.855577756
2017-11-15,1488462.4281633496,1323569.4462125213,1304956.6556716391
2017-11-16,1504654.8066124045,1334893.0058840476,1315447.3291743018
2017-11-17,1500427.6329431785,1327009.2440031497,1309833.0637421361
2017-11-20,1504432.4217148852,1327933.3818524294,1313875.5626614164
2017-11-21,1513849.3190542501,1336923.5574671323,1322875.7358174932
2017-11-22,1510629.1606613137,1334629.1805490132,1319250.4105200914
2017-11-24,1511833.8493773628,1336992.8127282057,1321034.2138226738
2017-11-27,1514484.3156577835,1340071.6528689684,1322312.1297638866
2017-11-28,1530895.929255559,1351940.216401816,1336663.712827711
2017-11-29,1537193.8853781784,1357652.012831827,1342493.8483593052
2017-11-30,1555801.6533394244,1370907.8893403637,1361092.5195589152
2017-12-01,1556781.6108390188,1373479.3721090746,1358806.8812509645
2017-12-04,1560538.2069702467,1379727.0223281088,1362085.1277329994
2017-12-05,1553554.9084579386,1376274.5973475901,1355949.8607468097
2017-12-06,1550255.2975538147,1374322.8827933506,1353721.9411310959
2017-12-07,1551532.341433437,1370472.539084329,1357679.2310512108
2017-12-08,1559427.7881981777,1372232.5322854458,1364278.2189917278
2017-12-11,1566135.2206878276,1378359.1316353953,1367467.2041185955
2017-12-12,1571732.2194143194,1378569.8581228433,1374127.4154916753
2017-12-13,1577894.2387886755,1386675.3433044823,1378648.7495579373
2017-12-14,1572319.0524040472,1385443.0406390852,1374343.8332067796
2017-12-15,1583884.8138457425,1393404.0288864672,1382367.169520237
2017-12-18,1592357.814501705,1394463.723896273,1390243.5257862913
2017-12-19,1590766.5286010802,1395191.9518615273,1388143.5291924607
2017-12-20,1588999.5852047456,1391270.0634520366,1386567.8198467093
2017-12-21,1591074.943832696,1391763.7109125336,1389687.8053984172
2017-12-22,1588272.1327180972,1389522.4659908975,1388104.867525744
2017-12-26,1587640.3320299601,1391932.3611776908,1387664.6940454792
2017-12-27,1588855.1645434964,1392864.0390069536,1389239.8557755547
2017-12-28,1591976.3896598914,1393975.7830693496,1392784.3529991978
2017-12-29,1584248.7135261337,1389377.0545587912,1386151.1938405065
2018-01-02,1584248.7135261337,1393994.8506791815,1392027.329088874
2018-01-03,1586961.2019214367,1398448.1904510781,1397560.3283547403
2018-01-04,1596733.2415522593,1406616.1101417358,1406109.1566707639
2018-01-05,1607128.5804452922,1412755.5512465523,1418487.2423618839
2018-01-08,1607349.9015807612,1411511.6046044664,1417765.594424221
2018-01-09,1610751.9802923794,1414491.197342654,1423530.2351209808
2018-01-10,1609736.2276510189,1412377.1623267618,1422595.455162269
2018-01-11,1620353.120614878,1421554.9505889057,1434124.6270326534
2018-01-12,1634427.698145475,1431246.8932981621,1446935.6576771173
2018-01-16,1634942.7949541262,1430546.6354490924,1446356.3898151808
2018-01-17,1653395.762643304,1445191.8363000564,1464457.168842289
2018-01-18,1650391.0923661597,1442316.6972631433,1458970.7169088717
2018-01-19,1656368.494269244,1448258.716531868,1461993.7744859504
2018-01-22,1667671.1405871166,1455004.2258324109,1470005.8299164854
2018-01-23,1668205.925936143,1449799.2998385248,1469793.3550342473
2018-01-24,1670676.374070706,1450523.5106662149,1472109.7693431822
2018-01-25,1674875.27926165,1454590.877520049,1479997.954107835
2018-01-26,1696590.0026863606,1469971.3159595486,1492554.5625092888
2018-01-29,1686128.7377123907,1455468.090270198,1482616.2141773098
2018-01-30,1663348.877661138,1436456.3258531014,1462283.6822247566
2018-01-31,1661697.081749266,1431854.5029152036,1466349.1810024236
2018-02-01,1662199.0991198441,1432557.771411956,1468441.9490693326
2018-02-02,1626037.7451392487,1402598.9851509628,1431109.4551213072
2018-02-05,1554201.267441912,1344203.6314012762,1365208.5085018976
2018-02-06,1583840.563911666,1357297.107319305,1397004.607966866
2018-02-07,1583016.6282237354,1355985.814674843,1395915.6194338289
2018-02-08,1520069.458989731,1307982.7278258451,1337995.5141514295
2018-02-09,1544822.6135945125,1321780.1777793886,1356525.18577588
2018-02-12,1567772.920044174,1339085.4233048207,1379536.9821842
2018-02-13,1570476.9323655325,1338876.9000100314,1381734.016275795
2018-02-14,1587312.2231291598,1344465.2955996366,1395923.5050995615
2018-02-15,1610155.3331109697,1363503.0989276879,1413131.9991444054
2018-02-16,1612188.5987264449,1367420.9901875942,1414198.097342191
2018-02-20,1596427.9698992874,1344254.1264274286,1399919.456686393
2018-02-21,1583908.348707444,1334860.9896489067,1390556.433383484
2018-02-22,1588752.4035902617,1337977.4494622215,1399792.1908033204
2018-02-23,1613598.7501909924,1355337.6072733544,1419279.0946291937
2018-02-26,1638756.2437614587,1372795.8955099117,1441669.0186759946
2018-02-27,1618323.1634828616,1351297.2753131895,1424888.869612817
2018-02-28,1595612.4795277354,1333251.5594092037,1403533.5011008717
2018-03-01,1576494.7198158419,1324315.3656057147,1379969.379521868
2018-03-02,1578172.432246371,1325472.9627492088,1375992.484960557
2018-03-05,1596359.6959996368,1335940.0407266116,1394873.1782332407
2018-03-06,1598913.8150225831,1339512.1531152376,1395398.0130969957
2018-03-07,1595137.884898701,1337545.8749045208,1390757.1892902583
2018-03-08,1603201.3317606698,1348789.1747521139,1396019.9949816498
2018-03-09,1630655.4680212254,1366791.7683625277,1420723.0476433306
2018-03-12,1622451.2956887397,1363576.6020365842,1411911.8018954294
2018-03-13,1614276.1319396566,1360537.1483922182,1402290.3039935094
2018-03-14,1604049.3927046917,1354016.861644166,1388332.4566006362
2018-03-15,1608253.8489303712,1358348.438588202,1394811.5167081377
2018-03-16,1611958.432861092,1360750.2705660253,1398896.6201270008
2018-03-19,1590272.7273680011,1343593.312656094,1380077.58837942
2018-03-20,1595713.0383427232,1344771.4557142323,1386602.5386805595
2018-03-21,1591665.570925531,1339016.3352462538,1384081.425631984
2018-03-22,1550411.10814176,1315401.0020831274,1343458.9662264604
2018-03-23,1522005.0956959466,1292748.0830189856,1319644.0366679076
2018-03-26,1565816.3441716114,1319804.3925287342,1357181.2293555737
2018-03-27,1543791.0169813654,1310360.271330892,1337841.3055771042
2018-03-28,1543060.4048847393,1316338.5074667223,1337320.3040230805
2018-03-29,1560028.331297498,1323018.2633010047,1351602.2303729341
2018-04-02,1525946.362230705,1300072.0349752158,1325867.9078704529
2018-04-03,1550037.771069256,1319197.3417739412,1347690.9401695922
2018-04-04,1569210.4233962195,1336256.0736788288,1360641.1747188622
2018-04-05,1581885.2719931542,1344065.1937170671,1374150.9629657376
2018-04-06,1546584.8075791409,1320283.0296927765,1342049.7320461737
2018-04-09,1554012.508859665,1328930.3224121395,1344648.2779513171
2018-04-10,1580143.4459664433,1344913.5688320082,1368699.2298661703
2018-04-11,1568618.1044084653,1339449.8740629326,1356443.8100864457
2018-04-12,1585372.4412841578,1344602.2181536073,1372907.765858375
2018-04-13,1579056.603466263,1345401.4602901102,1366015.4749618613
2018-04-16,1591291.1807025531,1354612.7717055802,1377953.934788392
2018-04-17,1608335.3759852974,1366845.3259167192,1389931.2753279095
2018-04-18,1604177.661353756,1357154.9151665252,1387768.9600701649
2018-04-19,1599496.0807603092,1345663.4305755273,1383104.5887893653
2018-04-20,1586926.942508806,1337441.8874271954,1371780.006135486
2018-04-23,1588225.655154435,1339550.7730488258,1370980.9253412548
2018-04-24,1567219.930290178,1324681.8395614051,1347173.443355894
2018-04-25,1568355.7115807568,1322707.2185101556,1350521.1275056293
2018-04-26,1582399.8461594288,1329835.2408861993,1363895.7642036995
2018-04-27,1587012.196742559,1333758.6336251965,1363270.4966249897
2018-04-30,1575712.7809770887,1333667.2341188197,1354969.0810713246
2018-05-01,1573056.1144702632,1325642.6468875627,1351374.641298042
2018-05-02,1559581.1887568897,1312210.5285026543,1341613.5013987746
2018-05-03,1558734.1780709918,1311310.8164651324,1341903.4091375808
2018-05-04,1579424.3885006176,1330322.1702305106,1360540.7420039074
2018-05-07,1583185.0523698502,1328594.6457024645,1365857.3235546697
2018-05-08,1582666.920538377,1324952.0275901598,1366019.4177947275
2018-05-09,1591862.1780638164,1330247.0337682408,1376243.6215095113
2018-05-10,1605681.6547389163,1342255.6317837061,1387290.015400048
2018-05-11,1614235.2743685145,1350795.8740272103,1392428.8409024223
2018-05-14,1615690.7018929296,1347639.9497487138,1396255.4697222745
2018-05-15,1603986.8582938488,1342420.862016399,1385432.8315968988
2018-05-16,1611107.0875213675,1349537.4135638175,1388938.6671538255
2018-05-17,1606229.5846670545,1347209.272776032,1385857.343268834
2018-05-18,1604773.9497609704,1344296.370761009,1385919.552409613
2018-05-21,1619054.4024018948,1351263.9439238363,1402641.3256417424
2018-05-22,1612776.736132214,1347019.1834583965,1392610.5397836766
2018-05-23,1617657.6513587022,1351927.0639550071,1395548.9359772657
2018-05-24,1613227.8208059291,1348293.9885225995,1391340.399985061
2018-05-25,1610431.066706587,1345925.1637705849,1388050.4345275627
2018-05-29,1588376.672513196,1331166.5378771848,1366088.855462428
2018-05-30,1609292.4593226395,1349162.3315080989,1383266.573506288
2018-05-31,1593472.114682539,1335618.5891885823,1369138.8557307597
2018-06-01,1610012.5499654112,1344508.5517975239,1381440.275227258
2018-06-04,1622082.2133832572,1355349.0722022299,1391448.6088426132
2018-06-05,1619452.89888234,1352544.6639383384,1390679.8659568254
2018-06-06,1637999.0403400778,1364234.1615859228,1410105.1082575952
2018-06-07,1643871.7970506372,1378524.8143985616,1415433.4087838212
2018-06-08,1648564.9006864787,1386445.47681558,1419645.7780857568
2018-06-11,1648664.9706400046,1385580.599816777,1419969.9665658725
2018-06-12,1649630.3974206876,1386762.6443679677,1419881.3623495165
2018-06-13,1643863.4997054413,1384484.22782485,1413178.5464768542
2018-06-14,1644619.7277244935,1384824.8880557646,1411726.81732012
2018-06-15,1641784.6879453945,1387369.3664435325,1406969.8989900982
2018-06-18,1632079.0635253005,1376866.7452650669,1401193.5393178745
2018-06-19,1621448.6792271512,1373672.0438939568,1385085.2051658558
2018-06-20,1618080.8879288256,1366963.919133736,1382707.0198086828
2018-06-21,1606470.6396041026,1357559.2062607794,1371710.4589446506
2018-06-22,1611313.6184244785,1367047.1535750914,1378394.2177917922
2018-06-25,1595021.1284358625,1356582.0653334921,1359996.3024989564
2018-06-26,1594935.6989726305,1358255.7751116366,1361695.8825105901
2018-06-27,1583016.69003175,1348999.368458474,1352414.2348971155
2018-06-28,1593484.3872275488,1356868.9445148944,1357935.5151875182
2018-06-29,1601788.7940480558,1361714.410985737,1361039.8389308965
2018-07-02,1604982.2125826513,1363979.8919126065,1363045.6456284772
2018-07-03,1596939.5062505356,1361239.379561582,1355623.4818039904
2018-07-05,1610762.0203416245,1373255.8847967968,1365824.7951835229
2018-07-06,1619066.4862905173,1380921.8762504323,1371417.8131274648
2018-07-09,1636723.2213520645,1386892.5187255521,1389368.2168899789
2018-07-10,1646580.517340328,1397975.0527867854,1397391.0055877608
2018-07-11,1633715.3572315814,1389162.3052194612,1385098.566988347
2018-07-12,1649142.1457358273,1399036.8830531668,1397684.3085437573
2018-07-13,1651049.913208326,1402556.6697888207,1402984.5711473785
2018-07-16,1653680.5607551823,1401559.8521678858,1405505.1365802782
2018-07-17,1657045.5657711397,1407477.0030984348,1408619.0983595515
2018-07-18,1659600.6468718685,1407224.299643243,1413071.432850654
2018-07-19,1652566.506549789,1402303.8910195706,1405513.0222460106
2018-07-20,1654141.9075605578,1407096.2875754517,1405155.2101633963
2018-07-23,1655316.643991355,1405790.876236891,1404379.6768432278
2018-07-24,1664701.2660940704,1412730.7551671383,1415463.0895534535
2018-07-25,1679117.8738056289,1426638.0755329947,1425117.1158265201
2018-07-26,1684944.6321242582,1430251.6895904513,1431452.043488132
2018-07-27,1676413.0853317038,1429389.5077579725,1427189.7316365573
2018-07-30,1668596.4819763657,1428779.9452752522,1419101.8861964818
2018-07-31,1676134.392028902,1431972.6394653022,1425178.2297359474
2018-08-01,1671149.4240503346,1428630.0564155702,1420615.3864014542
2018-08-02,1675049.6579639725,1431735.3224857876,1420185.836665301
2018-08-03,1684964.2378967411,1440509.270879988,1427835.6990878147
2018-08-06,1689024.1621546708,1446703.3667307433,1430056.280653472
2018-08-07,1698409.5962340173,1450218.3537382816,1437162.7988023865
2018-08-08,1695106.628379306,1447249.2713597226,1434630.404870888
2018-08-09,1691658.0309450503,1444948.106531572,1430451.6591714509
2018-08-10,1681058.8303073258,1440072.7860848005,1419455.7554462296
2018-08-13,1673568.857623394,1436001.4482768213,1412421.5225665302
2018-08-14,1680381.7106405543,1444437.1644001533,1418714.3933442351
2018-08-15,1673521.5634013051,1444365.060403693,1411003.4170122943
2018-08-16,1699645.2868016376,1465081.0165813463,1433227.4135093063
2018-08-17,1706130.784281377,1469580.7637992073,1439428.832469141
2018-08-20,1711174.832858946,1472188.1538113514,1444440.2825653078
2018-08-21,1714486.8107414572,1471162.2220276045,1448006.684415986
2018-08-22,1709575.1207836687,1465065.7902856823,1443033.3483708596
2018-08-23,1707245.9492334723,1465392.7222502967,1438736.8653011103
2018-08-24,1715664.1586106191,1471943.2958427742,1446215.652586482
2018-08-27,1729960.2297087808,1477586.9841301963,1460755.615442806
2018-08-28,1732445.4879142994,1479633.2654090282,1461561.9247639584
2018-08-29,1737800.585674126,1484321.5000392497,1464957.3610006296
2018-08-30,1728770.4801802235,1478378.543512695,1457238.499002956
2018-08-31,1728399.772395413,1476252.2225682107,1455999.2447284597
2018-09-04,1723587.6808778318,1470837.6534805275,1455307.2775604292
2018-09-05,1726072.317068845,1475914.9631391992,1456569.531693312
2018-09-06,1727048.8325308447,1477816.2973793596,1457740.3340083244
2018-09-07,1722584.1851185397,1474797.4397350997,1453291.8328269531
2018-09-10,1724831.048750861,1476453.9171677087,1449957.0724071683
2018-09-11,1727943.2050642122,1478414.1402285486,1456349.1711453416
2018-09-12,1730500.6000526142,1484505.9475658329,1457911.4091454665
2018-09-13,1742766.6286600484,1494697.425417291,1466158.5012240855
2018-09-14,1740654.3109281983,1489749.0392028652,1466645.2220367996
2018-09-17,1737056.0187131003,1486920.5980300459,1461455.358753434
2018-09-18,1747598.3403942236,1487967.4968395105,1471820.518743187
2018-09-19,1752635.902975527,1485923.847341326,1480725.297248527
2018-09-20,1770838.454489056,1502355.4182516856,1494812.710510311
2018-09-21,1776228.4684829852,1508795.5114109837,1499664.3663522587
2018-09-24,1767098.4760555057,1504174.2485884747,1489489.4480483031
2018-09-25,1761841.1712932328,1503505.8637007452,1485573.1197807433
2018-09-26,1755935.2446846361,1501823.5853033378,1479576.83765309
2018-09-27,1760379.5464403986,1508682.8064951147,1482641.4044984
2018-09-28,1762528.7403666996,1512152.7925648056,1483672.1267235244
2018-10-01,1772089.3384027784,1518358.927345015,1494489.1791690062
2018-10-02,1779623.1333083743,1522402.8424115432,1501371.284413949
2018-10-03,1780609.8578043694,1517290.9918285068,1504424.6798994709
2018-10-04,1768143.4737989933,1511564.8515323694,1493158.4730766397
2018-10-05,1758504.5738782543,1507655.1453854507,1483040.725849245
2018-10-08,1760090.3384022184,1510642.8864385416,1485268.5359418239
2018-10-09,1759554.058878998,1516343.183089178,1482116.569634645
2018-10-10,1704840.1856118205,1476054.2127216554,1435470.9949333502
2018-10-11,1668791.1890214744,1443504.7045860298,1404858.6215133448
2018-10-12,1689885.289083742,1461347.6896319794,1420961.3699854696
2018-10-15,1681760.4670952016,1457860.9758901212,1415945.9770564365
2018-10-16,1718379.9782908638,1480551.9239377475,1446668.2021810217
2018-10-17,1715293.6626300802,1487580.7768396265,1441523.7909987534
2018-10-18,1695361.6386781775,1476871.8998034876,1423174.0658853943
2018-10-19,1700541.7245684734,1497096.6089235768,1426812.8625284226
2018-10-22,1695361.498688711,1492345.5057832631,1419695.1730197205
2018-10-23,1686598.394426217,1503223.816351097,1412630.7117547127
2018-10-24,1645981.2309354518,1479527.0425033993,1378536.050251843
2018-10-25,1670421.5695461698,1486626.5822288576,1401029.8022307893
2018-10-26,1651894.8466730982,1470988.7289123498,1384417.8807032392
2018-10-29,1643652.9324961493,1470935.3749778396,1370657.3939999503
2018-10-30,1673684.920794155,1498945.4968430554,1394866.497321995
2018-10-31,1687135.1109090568,1501722.0270330878,1408387.456928658
2018-11-01,1697939.3244453142,1501247.5242023263,1423246.4606777444
2018-11-02,1691530.7254864115,1502375.8007802102,1417083.1557689505
2018-11-05,1709449.990988054,1522425.0363656231,1427786.304153851
2018-11-06,1718527.638921708,1532500.9524408379,1437504.8395535355
2018-11-07,1755661.9581106468,1552826.448783108,1468082.4941396909
2018-11-08,1758327.2051370458,1554732.9506747117,1468694.83798845
2018-11-09,1743905.3657502122,1556411.8719134112,1457372.0077047334
2018-11-12,1708801.51243851,1538980.8789880523,1423607.558454414
2018-11-13,1706552.5702898102,1536928.0226459606,1417961.3122667773
2018-11-14,1693139.5459500551,1530285.0225290423,1406410.2357693578
2018-11-15,1712021.7338349118,1539774.7227727757,1418117.1636881302
2018-11-16,1722269.8248824074,1553120.9296368998,1425067.830415692
2018-11-19,1699043.2432273596,1542761.4624668062,1402874.062303988
2018-11-20,1663618.8913381004,1509638.20158127,1371931.4766314318
2018-11-21,1664598.4742131487,1508289.8561094147,1371878.1388646022
2018-11-23,1651808.5970954008,1500246.8468251536,1361855.1291491333
2018-11-26,1676840.8404169742,1512431.7878900792,1381722.2973003313
2018-11-27,1687860.6205817198,1524937.8293684197,1387805.9788898537
2018-11-28,1730662.9163790653,1551114.0510636005,1422443.984666323
2018-11-29,1727223.3333153732,1551427.0232465083,1420896.8608588518
2018-11-30,1747341.9589133444,1567326.8082759099,1432090.7824124682
2018-12-03,1758909.2861115562,1561943.2127091924,1448238.8734625552
2018-12-04,1708357.155759738,1535896.282921226,1403414.1208835319
2018-12-06,1707928.371560203,1536354.1451417506,1398961.6768692944
2018-12-07,1668915.004214039,1514373.7280968246,1367630.941205681
2018-12-10,1673885.3086645096,1519852.4844371835,1369554.9341212865
2018-12-11,1673600.275653158,1520885.8539376485,1366581.8190938472
2018-12-12,1683264.1571022558,1521178.6119683315,1375387.3696387194
2018-12-13,1689193.1577345182,1532564.679086754,1379318.9216220682
2018-12-14,1657515.342183713,1507628.710528842,1351456.455080017
2018-12-17,1621627.5553126426,1479056.160377321,1322996.3207893202
2018-12-18,1624984.520484261,1473085.169209628,1327631.5589161634
2018-12-19,1602456.6536231404,1462257.4334126904,1307893.9566338765
2018-12-20,1575614.094236841,1436131.0007282011,1281871.3692396171
2018-12-21,1552545.7928671283,1425571.372047083,1258643.0455930573
2018-12-24,1508009.9542978583,1380791.508001264,1222015.9901586892
2018-12-26,1582352.4177689706,1434780.0866736814,1282928.3770171832
2018-12-27,1602639.5189809722,1454603.6356842224,1297528.9061672587
2018-12-28,1598534.724700686,1451783.381069845,1293243.5944572971
2018-12-31,1617395.6492692442,1468326.5840330007,1308107.0886549256
2019-01-02,1617395.6492692442,1461958.9270505884,1309160.1535996257
2019-01-03,1579640.1692734533,1443055.9342786204,1272149.0005302015
2019-01-04,1630735.5635467838,1476819.8917894347,1314034.2616842838
2019-01-07,1639822.8313087856,1479593.2740071304,1319540.3182588976
2019-01-08,1655576.1890164055,1490306.730920472,1333901.3203123468
2019-01-09,1657998.38751768,1485385.8107173834,1339041.7886617489
2019-01-10,1666634.5240295785,1492469.06094658,1345927.9462626928
2019-01-11,1666573.458453468,1495231.766571866,1345593.1340384653
2019-01-14,1658989.3019324741,1489169.819482224,1340764.4780549041
2019-01-15,1671860.54809964,1497444.8129861045,1349498.2909462373
2019-01-16,1676249.013676207,1490038.6681102477,1357436.9658762054
2019-01-17,1687280.7488577988,1497179.4997167177,1366573.9334281145
2019-01-18,1709796.284643202,1511171.8182109185,1385429.4363797083
2019-01-22,1691092.6839350697,1503234.2742090027,1368501.8691765864
2019-01-23,1702778.4759861135,1521822.2499223067,1378098.6148499572
2019-01-24,1700750.5743174974,1515301.2568877123,1376843.698767131
2019-01-25,1707045.557488461,1509939.0253337033,1387159.354299785
2019-01-28,1688883.8679121349,1503417.2962316577,1375440.7074055492
2019-01-29,1687352.8146088084,1499974.2284936006,1378342.0847794495
2019-01-30,1707509.3610090122,1506180.3373966774,1402729.3822424228
2019-01-31,1716217.1658663673,1516939.5858909097,1401877.6208201728
2019-02-01,1720661.0958230474,1523866.0196574102,1405478.851027836
2019-02-04,1732273.8956644628,1532966.674623678,1415318.9571075642
2019-02-05,1741397.7928562202,1535424.8873260908,1424972.4357649551
2019-02-06,1741324.0527697639,1531769.0057111348,1423782.5764244222
2019-02-07,1726059.9696925848,1526122.0516602413,1411402.6288400043
2019-02-08,1726363.7147988284,1527893.8037027842,1407858.679232037
2019-02-11,1726288.449606541,1522886.8941624896,1404874.2833216744
2019-02-12,1750412.6982528714,1537085.366602164,1425770.9689435102
2019-02-13,1757110.4604819848,1545110.219104544,1432360.4283712672
2019-02-14,1747771.9888620782,1529536.3667864567,1426535.330903891
2019-02-15,1772231.0930822785,1551625.5208981584,1451425.1205110438
2019-02-19,1771792.1668674964,1553995.8521597823,1451877.6701055835
2019-02-20,1775308.9905421557,1557860.1528484854,1455417.129265009
2019-02-21,1772828.8913226556,1563041.394580764,1449595.9746304993
2019-02-22,1785346.2649622061,1569295.2986573158,1459755.7787418005
2019-02-25,1789859.532945005,1564310.2745596757,1463128.1055969498
2019-02-26,1789567.9773864727,1563034.075571752,1461223.2792299998
2019-02-27,1787919.7949471043,1559164.0458410291,1457139.818658164
2019-02-28,1784987.0227796608,1563885.0756265116,1453261.604441645
2019-03-01,1795578.6796634437,1569997.5472342214,1459447.9092088258
2019-03-04,1784213.895408519,1563708.1222731513,1447858.7186603656
2019-03-05,1783215.4748366433,1565762.9439656804,1447128.6374412943
2019-03-06,1774579.9779596983,1563132.931444732,1439661.0215157105
2019-03-07,1761586.7943011853,1555273.0417769765,1428432.9287439196
2019-03-08,1759109.9045033639,1550410.0727053995,1427143.7319197839
2019-03-11,1782365.862844981,1570906.2933871606,1438394.8245499611
2019-03-12,1783338.648724134,1573360.7128721718,1432999.1672956033
2019-03-13,1795293.5746015017,1579296.8253922437,1441311.3161165155
2019-03-14,1798180.4720673056,1582165.812077199,1441706.5851113594
2019-03-15,1809013.2125741078,1589330.2359791931,1449497.184762572
2019-03-18,1814414.2933377635,1588355.3744833986,1453155.0384311206
2019-03-19,1811768.6569010962,1583514.5398816387,1451656.7619419373
2019-03-20,1801987.4387911768,1580330.5151464443,1443710.2013462365
2019-03-21,1818868.5880528165,1589179.8348581889,1455869.6788595486
2019-03-22,1786993.4021358376,1582502.245580555,1430064.1663192045
2019-03-25,1786482.5773288463,1582024.400590102,1430877.813690414
2019-03-26,1797915.4053941637,1597680.7874901507,1438778.922185017
2019-03-27,1791352.100241179,1594537.1422139416,1436976.6094725903
2019-03-28,1796078.5229170728,1596871.4234894763,1442128.3587049153
2019-03-29,1808988.1271796473,1603291.3040634037,1453972.6286351962
2019-04-01,1830109.7764728444,1612731.4262845097,1472463.090977254
2019-04-02,1826376.8517722508,1607057.6504354016,1468016.8897817214
2019-04-03,1830879.9159289238,1608272.024874706,1470203.8477448802
2019-04-04,1836355.9847063692,1615742.4077489001,1479540.4759722122
2019-04-05,1841943.440246938,1619752.048038682,1481803.6620374525
2019-04-08,1840854.505243102,1623010.1037283952,1477094.933886907
2019-04-09,1829655.7590663158,1620114.8103545203,1466415.8805917446
2019-04-10,1835173.9850665324,1620975.4775622238,1466784.8640341468
2019-04-11,1835035.446070464,1623796.9621116437,1465993.6689056482
2019-04-12,1850299.4280928492,1653256.7228869314,1481092.0902282253
2019-04-15,1849517.8881891812,1655767.894144596,1479548.2521148096
2019-04-16,1853440.2981628724,1658452.5636635441,1483355.2762934654
2019-04-17,1849474.9029514245,1654544.188736001,1483180.258323457
2019-04-18,1858148.8517191955,1663419.7792376506,1489348.601296469
2019-04-22,1854957.8109477249,1662411.6879111296,1486629.5799426339
2019-04-23,1866189.7510231177,1668928.8275637869,1494779.6345234883
2019-04-24,1861708.3116813856,1669207.9484870674,1491452.1026306252
2019-04-25,1855998.2773301124,1668908.2977312715,1483883.5063744106
2019-04-26,1862078.9191373575,1677035.2821954032,1488439.6687976583
2019-04-29,1861315.5521264789,1678155.1135573601,1489059.8983121498
2019-04-30,1865501.293189559,1693929.0232716817,1491219.9135840558
2019-05-01,1851030.0310924072,1674694.933560072,1482092.4745449068
2019-05-02,1846076.051803101,1675635.296309338,1475231.5072650528
2019-05-03,1861008.8496695897,1686808.12120286,1486287.4296683497
2019-05-06,1854677.5136904288,1685267.3485008285,1482560.1383321006
2019-05-07,1824976.78611969,1666241.7092746836,1456014.358921114
2019-05-08,1821014.5347236763,1664835.3445038323,1456139.9819571588
2019-05-09,1813902.9402898434,1662823.300565668,1448347.0823201074
2019-05-10,1825335.7655787247,1678800.2648728336,1454740.2762896323
2019-05-13,1784670.4236928388,1659352.3007195317,1420120.2323073316
2019-05-14,1800333.7348080853,1665871.2723418267,1431731.3274828265
2019-05-15,1807164.8433896736,1673085.2860648693,1438234.373156931
2019-05-16,1826672.1201083115,1688418.0827721555,1450271.6228513888
2019-05-17,1818703.1180734364,1686075.3355838135,1444738.0759698465
2019-05-20,1813658.9109942666,1687878.8399073072,1440022.1192923798
2019-05-21,1824514.2185238027,1689522.3291261627,1451093.1558883307
2019-05-22,1823157.7978567244,1695001.91606561,1445445.1573305314
2019-05-23,1807083.0970197213,1688675.3826896069,1429399.6894581025
2019-05-24,1812148.8197930725,1692970.8536793527,1434739.161344116
2019-05-28,1794554.6389346973,1676670.3624536106,1421397.6006328685
2019-05-29,1779718.2187160111,1660724.7606119888,1408984.686584763
2019-05-30,1784360.4220904396,1664558.947952254,1411422.3430043359
2019-05-31,1757828.5532614992,1646528.6443925342,1391524.2893290184
2019-06-03,1762798.6016947534,1663607.5910087193,1391790.1019780864
2019-06-04,1798163.0799482935,1680855.8000310883,1420523.386967908
2019-06-05,1817576.021143469,1699273.3658759806,1432152.9915532472
2019-06-06,1829467.7705988067,1712558.0786575752,1442307.7576003305
2019-06-07,1847279.5936258142,1723446.4333312442,1457071.3666986802
2019-06-10,1849827.5792221562,1720197.361930807,1461486.7918932291
2019-06-11,1852628.338852294,1724272.6758335975,1460692.20154754
2019-06-12,1850521.508411011,1731506.5086339687,1458242.8261525037
2019-06-13,1858544.5273950333,1739026.9082736652,1463959.1671466518
2019-06-14,1857232.0789362385,1746240.5980254007,1462996.8968810113
2019-06-17,1857586.4790197427,1741423.331533963,1464282.1508722806
2019-06-18,1880158.5679650465,1744877.0248508337,1484077.4718468045
2019-06-19,1886049.4707853887,1752457.1700811796,1486234.201424655
2019-06-20,1901602.990917588,1760750.1363226746,1500206.6153945061
2019-06-21,1901626.8933326616,1758472.1912614848,1498297.8461946899
2019-06-24,1899703.907611714,1761896.3837460596,1498769.343291615
2019-06-25,1885618.6977832897,1759050.1355698642,1488713.9147281346
2019-06-26,1882507.7070733448,1741618.2969747633,1488074.6281881225
2019-06-27,1883418.3941308826,1743447.8394953383,1487500.3983904042
2019-06-28,1887856.6469608236,1748708.5969266626,1491615.292102035
2019-07-01,1901495.4791290849,1758591.8972738283,1498202.451543953
2019-07-02,1908913.5117103984,1772546.3574052865,1502085.7038246903
2019-07-03,1924278.8354422082,1787819.1742224554,1512141.2419113058
2019-07-05,1919455.12716644,1782787.7458542995,1509680.5856333466
2019-07-08,1910998.557922399,1780490.5719287484,1503176.9923435664
2019-07-09,1908374.630342802,1776453.9842436207,1501906.8525449508
2019-07-10,1915207.299358671,1783850.0855692236,1506208.3736789182
2019-07-11,1923486.8799682716,1784444.444646,1518986.9854753704
2019-07-12,1936046.6687359496,1787871.469514951,1532666.6441049008
2019-07-15,1940299.176097146,1792683.4110814238,1534188.029975606
2019-07-16,1936485.0764060828,1790468.8644707352,1532868.604766162
2019-07-17,1926417.8115226985,1783467.3365435032,1526376.0733130344
2019-07-18,1933672.689994852,1786752.122618093,1526551.0912830427
2019-07-19,1922252.5120917242,1769639.9250323817,1522694.6721704232
2019-07-22,1922687.312745602,1764447.7412479282,1523687.2803445072
2019-07-23,1935142.773928616,1775901.8872721025,1533628.9143705415
2019-07-24,1934066.5262513184,1774836.074124426,1529186.656007875
2019-07-25,1928953.2688191598,1775419.3658220218,1521953.419591564
2019-07-26,1934418.3006314621,1787869.2629513536,1524839.573249675
2019-07-29,1939286.9029147225,1793455.2523012192,1526460.187080848
2019-07-30,1936158.2838884091,1792618.942128691,1525151.933231192
2019-07-31,1917316.0516524548,1769850.8743915702,1506436.6198926214
2019-08-01,1897132.940465498,1756609.8077210393,1490687.7406702444
2019-08-02,1886939.0581136062,1763636.7652352098,1485169.307981356
2019-08-05,1836160.368075054,1727558.6150436944,1442144.0205132451
2019-08-06,1857718.3344295763,1746462.392252297,1459627.308104241
2019-08-07,1853487.0259183699,1746888.0742886716,1458368.4491885484
2019-08-08,1880020.9613501607,1769971.5404470102,1479179.2686724076
2019-08-09,1878305.3498949688,1770969.7732419656,1474090.3857196728
2019-08-12,1859547.701126844,1752310.1156017631,1452164.7302428754
2019-08-13,1888093.002265814,1772644.556812131,1473668.174033576
2019-08-14,1835520.4883618844,1732670.4448472331,1428780.0075592867
2019-08-15,1842237.2523571851,1753726.7165683154,1434385.9492331792
2019-08-16,1866181.3556528522,1770573.3319708612,1451579.8767010449
2019-08-19,1883013.9430547538,1783381.9729372673,1465586.4618890705
2019-08-20,1867614.6428153168,1766722.0106804129,1455865.7360266824
2019-08-21,1883503.583110068,1778012.915950231,1469340.2578240316
2019-08-22,1885108.7039444863,1779689.7070815414,1472116.559777563
2019-08-23,1841159.7180304804,1745227.137450559,1437162.2511867105
2019-08-26,1864230.844784177,1766742.0832515839,1452298.7865603284
2019-08-27,1860998.9423323898,1769454.7037336852,1445517.5521228814
2019-08-28,1875374.3902815296,1781585.917820531,1459996.291546643
2019-08-29,1898857.1608346996,1792077.529577948,1478285.4503662507
2019-08-30,1902258.5768363578,1792069.9813196936,1480586.2028668558
2019-09-03,1885465.6988752445,1789743.4490336627,1464590.0204052553
2019-09-04,1905205.1684531374,1802756.242853238,1477905.295564061
2019-09-05,1930755.2036763942,1808295.9028173727,1498803.6240329244
2019-09-06,1934310.4668096346,1812839.8355475313,1502690.271530852
2019-09-09,1932702.8113189223,1803310.226576385,1504823.891727181
2019-09-10,1933296.110375854,1797685.6697900454,1508969.0138241197
2019-09-11,1947535.0816086323,1806352.4816130816,1521732.4019047827
2019-09-12,1952158.9405300182,1815802.5881284755,1524278.8147975833
2019-09-13,1952252.963771572,1813557.7065200042,1526357.56390319
2019-09-16,1940350.8844905924,1800414.3242953927,1518355.584601091
2019-09-17,1944801.1964637085,1808859.2533479475,1520261.068106852
2019-09-18,1947671.806983081,1813275.2894956106,1522295.4603427132
2019-09-19,1945240.163571085,1814042.285745191,1519363.1974446937
2019-09-20,1939512.6024625124,1814609.473570953,1510406.833542687
2019-09-23,1942122.2378933243,1819216.8928855178,1511243.4807722827
2019-09-24,1930376.8919388454,1816981.3010985912,1503268.3346383015
2019-09-25,1941597.8271190447,1815025.396325925,1512405.4117133461
2019-09-26,1936614.2663404942,1810797.2920616334,1507942.2344318614
2019-09-27,1931198.5069803034,1808316.8722126894,1503968.1874720647
2019-09-30,1939942.251331481,1814863.9493195363,1509383.9969832948
2019-10-01,1914368.8145090328,1797712.796482436,1490105.6252067934
2019-10-02,1878727.132725989,1767755.2227452812,1462380.6101993858
2019-10-03,1889334.5935856563,1775792.659636988,1469245.4107889708
2019-10-04,1916247.5696003153,1804487.5992194568,1490143.8487809694
2019-10-07,1910745.6924508724,1796802.7469945238,1484777.3246805675
2019-10-08,1885596.096033099,1779850.86154209,1467170.6045162303
2019-10-09,1898959.6370744733,1788496.9012213047,1477374.7654972773
2019-10-10,1909858.1191619574,1794803.2406823218,1485823.161098346
2019-10-11,1931674.9223551215,1801153.3509535939,1503762.9411167484
2019-10-14,1930554.6904118995,1796503.1171409497,1502123.8178757308
2019-10-15,1948868.4367958123,1808873.5405303212,1515438.5454188609
2019-10-16,1943986.705017245,1808965.0738647343,1514158.8771074852
2019-10-17,1944782.7564894177,1811142.1309284742,1515499.1117126122
2019-10-18,1934793.5568313017,1808014.3176700496,1501161.54761009
2019-10-21,1944019.1511940046,1815472.6064637152,1504382.623015564
2019-10-22,1939124.9154781061,1800768.986955559,1502165.3271439618
2019-10-23,1941065.9505770472,1807611.415198778,1504736.3827421768
2019-10-24,1935996.8579204746,1799481.5727950265,1503142.7116022566
2019-10-25,1948774.8181721894,1795255.6616053414,1511696.0303668226
2019-10-28,1958371.9501364748,1793910.3387303315,1519135.060754126
2019-10-29,1957883.7627565984,1795181.2540181016,1518055.0531181728
2019-10-30,1970540.9249969407,1812406.2951621031,1524516.5895240465
2019-10-31,1962584.8047838581,1810463.9492083925,1516640.2332579924
2019-11-01,1978246.5076510995,1809846.1916078613,1533526.2911928834
2019-11-04,1982757.321613129,1796489.544286547,1539960.994430639
2019-11-05,1983298.202510263,1798059.6124088257,1541672.5124640064
2019-11-06,1988120.3815129239,1806244.1093310274,1541668.5696311402
2019-11-07,2000180.221053579,1812378.0324745977,1551887.844804841
2019-11-08,2004608.5139209162,1814304.7836836034,1552248.9425815106
2019-11-11,1999743.8978737947,1808076.525690457,1552823.7199949052
2019-11-12,2001210.268649719,1808146.4881572353,1552823.7199949052
2019-11-13,2010289.8678099543,1824611.244395174,1557988.2834340453
2019-11-14,2005211.402777462,1823184.1595906916,1557896.94113931
2019-11-15,2020175.1038884006,1831311.1785752466,1570397.9117880955
2019-11-18,2023426.1185841325,1837270.3980323132,1572154.772399425
2019-11-19,2021758.4987788787,1833777.1976348648,1566423.7553051638
2019-11-20,2015020.7167347753,1837021.5472932637,1560091.1276293902
2019-11-21,2012782.0991905292,1836274.7752881001,1557018.127502672
2019-11-22,2020446.6157981092,1841520.8457392647,1563148.9040403194
2019-11-25,2033084.845211994,1842951.1742279704,1573851.0667170035
2019-11-26,2039619.6292884229,1854618.0401794424,1576946.9571789731
2019-11-27,2042127.2647868195,1858214.8525813858,1579320.1044719282
2019-11-29,2037952.062755677,1855673.0804310737,1573006.533821675
2019-12-02,2022478.597415082,1853828.2150096323,1557957.3979099263
2019-12-03,2005345.768259081,1845711.9423674806,1542243.3470445347
2019-12-04,2015945.5132294882,1861935.437714776,1550484.7439201244
2019-12-05,2019091.58639593,1862252.2522505575,1552055.415201658
2019-12-06,2040547.6811489977,1874603.1461158094,1570968.1987529476
2019-12-09,2034016.3147338077,1870794.9791088917,1565054.3875460804
2019-12-10,2033991.6850168635,1870668.6804610034,1563491.0543146036
2019-12-11,2036172.3469801433,1867880.7268975354,1565149.7821968172
2019-12-12,2054775.0235914325,1882651.3647923046,1577528.5250267484
2019-12-13,2056976.80129358,1884489.268013183,1577715.2619722204
2019-12-16,2067896.3207292806,1895794.550339182,1583351.4320314208
2019-12-17,2071823.4179110562,1898881.3283830043,1585104.89742556
2019-12-18,2067778.8313496835,1889141.1083290013,1583541.454670948
2019-12-19,2078538.6513838086,1897264.7767099298,1591262.0690387844
2019-12-20,2087512.4791644209,1908589.8517807827,1595643.2134920235
2019-12-23,2089866.4888122953,1904624.4752757647,1601051.1373375212
2019-12-24,2087411.6612572097,1904200.3057446848,1599027.9164614475
2019-12-26,2094192.1735603958,1907493.6961680902,1604968.6703595677
2019-12-27,2097613.586833523,1911111.8942592742,1606307.152594532
2019-12-30,2083917.853702685,1900365.945300287,1596038.5920100024
2019-12-31,2090459.6774844043,1905141.5807031458,1600317.1132855834
2020-01-02,2090459.6774844043,1909472.1771989292,1618842.403984627
2020-01-03,2072724.8683227976,1896077.4483322822,1605725.146654216
2020-01-06,2077548.976222223,1898776.7557972954,1609566.3420510464
2020-01-07,2065953.624704719,1887513.279726161,1602853.997665624
2020-01-08,2076598.4080171727,1892599.2443846788,1611905.2086026918
2020-01-09,2092320.4603790801,1904502.0926339931,1623782.6640429306
2020-01-10,2084954.8580181326,1896984.558864513,1616317.2385800502
2020-01-13,2094923.0721542116,1896006.5027164626,1620987.305063879
2020-01-14,2096481.2094197627,1900906.4317685347,1622816.4509444234
2020-01-15,2101963.829750497,1910340.5310726028,1627894.1625373706
2020-01-16,2119182.495750227,1922079.4168355162,1642889.9606822897
2020-01-17,2123570.1355142347,1922536.5497323635,1645719.4908795157
2020-01-21,2114173.4034692612,1915165.4093105833,1637192.5671905268
2020-01-22,2116047.7766028354,1915083.4741429067,1636644.7324683852
2020-01-23,2112469.4340494056,1912742.6265670015,1635176.6843645102
2020-01-24,2103190.4366553957,1897227.4717607368,1625623.638422074
2020-01-27,2071183.3269623336,1884797.8751345568,1600169.1475299632
2020-01-28,2084676.522327222,1895215.9503655084,1610658.068662463
2020-01-29,2077184.3568058147,1892821.631626469,1611308.5265622626
2020-01-30,2089887.8425649512,1904032.763048361,1618317.4595977368
2020-01-31,2051041.2920961385,1871744.3836596883,1584480.7250782023
2020-02-03,2062667.4061027956,1874401.3717010014,1592543.3801971877
2020-02-04,2090113.369293579,1889077.0530543146,1615412.2489141054
2020-02-05,2121336.0650367755,1921712.2574202209,1642509.1487412888
2020-02-06,2124707.969999935,1923272.740102238,1647495.4085163656
2020-02-07,2106281.6373557625,1914482.6404464652,1631947.832816439
2020-02-10,2118820.427653965,1922759.2369881643,1641722.4440613324
2020-02-11,2121248.3047312936,1920004.519338342,1641695.5013700796
2020-02-12,2133390.180090538,1920880.422693244,1657120.849251152
2020-02-13,2127664.848941425,1922533.3836483508,1649937.0077688044
2020-02-14,2128491.738018885,1924458.9809464081,1648522.187908624
2020-02-18,2116553.5600289907,1918546.0683765057,1639219.7308994664
2020-02-19,2125160.66066135,1919432.5788560044,1645715.5480466494
2020-02-20,2119460.950157696,1917305.648561561,1638535.1017814924
2020-02-21,2105666.7819127496,1918610.2150640315,1625773.904163533
2020-02-24,2040251.4585630263,1871774.710684718,1567925.5365346726
2020-02-25,1981314.8664391525,1835077.148304667,1518610.1163672358
2020-02-26,1967860.8412762433,1820662.8501058104,1511669.6352912455
2020-02-27,1881380.2965306311,1746992.905110713,1444886.151248602
2020-02-28,1858302.616102467,1710054.6365615593,1424851.3031774524
2020-03-02,1946524.6081936648,1797216.5931640102,1497411.2564154544
2020-03-03,1890865.5787812753,1755341.550049047,1453340.6801452409
2020-03-04,1977947.332041909,1836090.6970671937,1519142.8368967231
2020-03-05,1915528.006857951,1788959.450469308,1464772.8145178612
2020-03-06,1893553.4837763417,1784561.333614131,1450389.360221701
2020-03-09,1758490.1554093242,1675554.4400664472,1337466.0793159974
2020-03-10,1844153.4973613862,1748014.2152375123,1402914.476340867
2020-03-11,1744616.676595159,1662633.32077085,1320766.7583265784
2020-03-12,1571608.112328606,1522012.813873434,1188842.6372689046
2020-03-13,1726435.957191599,1627841.6889875112,1300153.1900091683
2020-03-16,1522966.0474686709,1462175.8308583088,1132088.2962372997
2020-03-17,1607199.8032309993,1555027.841966217,1190904.081719154
2020-03-18,1515397.5342536492,1525923.0813540297,1115848.7533693423
2020-03-19,1523570.5978849756,1512603.2800843578,1126406.1264613261
2020-03-20,1462430.6672263222,1436990.202231007,1075197.1608098622
2020-03-23,1427871.6941518718,1370193.2130052377,1042558.171296593
2020-03-24,1582696.7477692324,1479497.489757251,1161045.3369922822
2020-03-25,1607987.6580460633,1471130.5931486627,1188838.8039591738
2020-03-26,1709860.794400685,1544439.0922734533,1264631.989670654
2020-03-27,1646904.0074888621,1518806.8179143274,1213300.6866772007
2020-03-30,1705760.049128005,1592915.2448937956,1252032.3386770766
2020-03-31,1673203.8428331208,1564210.557737114,1229023.2803471356
2020-04-01,1603282.8248600052,1522099.04767734,1174425.0117545705
2020-04-02,1651501.5521511554,1580872.6744327974,1200776.7161700286
2020-04-03,1625514.9829456178,1570897.2372372588,1180538.3741137253
2020-04-06,1739733.8998038042,1656698.5327092174,1271799.6217289958
2020-04-07,1734180.9361858056,1639022.8781456654,1270334.3117034996
2020-04-08,1790225.2610051949,1682973.166083814,1314057.2615426707
2020-04-09,1812512.7289520795,1691273.1998867304,1330083.672389579
2020-04-13,1787450.5043249107,1669826.0887368633,1311657.1715584628
2020-04-14,1829261.469772868,1725068.1299267309,1343003.0214147302
2020-04-15,1793072.6124611665,1696725.3878025783,1318026.270438249
2020-04-16,1794941.9270577296,1715792.2078546858,1319895.2827399971
2020-04-17,1856237.7379346245,1747726.0332730948,1359418.1298683719
2020-04-20,1820538.5139770464,1721296.150508855,1326218.3819030104
2020-04-21,1762894.1212771507,1681647.3027531547,1290803.199959345
2020-04-22,1794048.0618873246,1708573.1917871868,1316426.4660027593
2020-04-23,1796052.3734730699,1706402.7939106445,1318638.0666713323
2020-04-24,1813497.1233306692,1718697.9242412932,1333218.3340414003
2020-04-27,1845296.2686650082,1742939.382817401,1353322.0721645746
2020-04-28,1839488.3832530591,1733323.142009872,1351514.830911065
2020-04-29,1876424.8080979956,1731819.4782144532,1381364.4852177172
2020-04-30,1852180.0203454047,1713413.981590506,1365206.8656548702
2020-05-01,1804110.875150044,1685710.6013181766,1330325.9375645844
2020-05-04,1805199.128434002,1677264.5485256948,1331787.8523728899
2020-05-05,1815039.4093745132,1686439.0357034614,1339264.4491955582
2020-05-06,1797453.9630264095,1668613.152147745,1327014.7246188622
2020-05-07,1814847.5385377703,1664800.4304561983,1338860.746919306
2020-05-08,1854542.8515705273,1694730.5733142353,1364399.3515792305
2020-05-11,1850787.1161383835,1696776.5860077904,1358268.5750415833
2020-05-12,1812302.390200239,1668664.0949512133,1332630.0852823795
2020-05-13,1773760.7522118636,1650488.963364076,1303649.60657647
2020-05-14,1801971.2982413727,1659217.2210340528,1324810.9000928865
2020-05-15,1807478.1009593622,1671196.65959877,1328179.9412539809
2020-05-18,1870846.2847668938,1707473.7679387997,1379318.2644832574
2020-05-19,1840882.5777821972,1680653.5633469447,1357420.0993133886
2020-05-20,1870596.1976678423,1693263.8792262943,1378114.3861814223
2020-05-21,1863332.7286082269,1680605.092861772,1372406.9165612233
2020-05-22,1863735.9641242693,1680450.2090476127,1371904.5339401793
2020-05-26,1898564.0658823082,1692991.657457138,1401621.884299541
2020-05-27,1939190.3413863275,1714622.4811811252,1432640.807597313
2020-05-28,1931080.2212484167,1727256.3591321774,1424362.3919020346
2020-05-29,1933783.5911801234,1737841.3929428707,1423379.3122407107
2020-06-01,1938213.2275672853,1731166.2313057617,1428533.2519357393
2020-06-02,1955082.5424914085,1738607.5893670155,1443540.878579257
2020-06-03,1997332.7034411673,1757755.3169716746,1473106.3203501322
2020-06-04,2001859.5310727148,1746937.555193746,1473775.2876597764
2020-06-05,2058814.2513740633,1772798.774077185,1520271.144235288
2020-06-08,2091977.368009812,1784778.1223064302,1546147.8468134955
2020-06-09,2067009.395021445,1771581.6803330225,1529317.317108138
2020-06-10,2048481.2185376207,1772453.9580032178,1513486.5145806507
2020-06-11,1912880.54794889,1694303.7735221593,1409083.366929555
2020-06-12,1946110.9989969656,1698770.8187015636,1435852.2449668918
2020-06-15,1957930.2428984425,1703999.7392976014,1444690.9810217216
2020-06-16,1999430.2997794051,1733792.0635330477,1474232.8753185342
2020-06-17,1986021.8805694983,1728869.1406145631,1464679.1722372873
2020-06-18,1988868.1229137524,1735228.2874364797,1462463.628735848
2020-06-19,1975855.4184993848,1735809.2908931845,1450764.038867132
2020-06-22,1981035.374166168,1732555.8779527526,1459371.6811067446
2020-06-23,1985061.0469665646,1731785.2248895504,1466725.392971747
2020-06-24,1935277.0355609616,1701445.3809032468,1426902.5619761304
2020-06-25,1957244.085919717,1711947.1505548302,1443706.2585133703
2020-06-26,1908678.6550069533,1675720.4269872762,1402768.1534322742
2020-06-29,1946496.763737548,1698726.6836069939,1435306.162614913
2020-06-30,1967091.811908033,1718678.3044489853,1447479.1114738516
2020-07-01,1970415.311842243,1735413.0402898854,1443110.233611752
2020-07-02,1978127.9564969235,1742766.9558026935,1448291.0064748982
2020-07-06,2007837.256047778,1758863.9013555874,1474067.385861286
2020-07-07,1980850.9026752403,1757810.9022951745,1451813.7085946419
2020-07-08,1991111.4430630237,1756621.6866919242,1461744.7188765642
2020-07-09,1968268.309001973,1743794.7442033954,1441490.715011931
2020-07-10,1993746.4204359525,1756448.5745755322,1462194.5303927248
2020-07-13,1988738.3075826261,1756408.8826373043,1462783.3267674213
2020-07-14,2026362.1385690249,1784994.851067475,1494005.7440503472
2020-07-15,2042619.5224021808,1790472.133858208,1506763.5464511164
2020-07-16,2035015.5165965464,1793047.958982225,1499171.5122439745
2020-07-17,2037637.7474403332,1801922.2274395213,1495652.095818286
2020-07-20,2038231.2349530163,1798080.0307667786,1496152.287976627
2020-07-21,2051538.3866411566,1802323.710501561,1505098.137657657
2020-07-22,2060365.7305699508,1815316.3703762577,1514375.2948225895
2020-07-23,2041800.1794799343,1806797.9481620225,1494551.9359254611
2020-07-24,2019609.635375815,1804664.2144553391,1484321.4893919725
2020-07-27,2030328.406578152,1819206.3624568256,1490763.42115665
2020-07-28,2018025.8833835719,1810643.6453770786,1479240.3825818347
2020-07-29,2025296.6637010688,1807340.7861520099,1488228.8367624478
2020-07-30,2005810.84959774,1800094.0136356805,1475560.1861937107
2020-07-31,2006876.4855275676,1797381.565019044,1481990.3989829244
2020-08-03,2025284.0239756315,1807438.9959954913,1495228.7889008378
2020-08-04,2032479.314937159,1816662.0121488152,1504429.170348013
2020-08-05,2055721.7808095803,1822742.0428236064,1525348.1986894242
2020-08-06,2065461.428258079,1827225.751318842,1535748.0775130275
2020-08-07,2070513.5938484957,1835552.963570194,1538355.6043152553
2020-08-10,2093661.270622016,1841248.6849981847,1558428.4569143106
2020-08-11,2087298.8021520423,1832350.6598472751,1552566.8882429213
2020-08-12,2106781.6668488197,1855190.2753003298,1568824.9405207234
2020-08-13,2092993.9549274712,1859394.8188494872,1564332.1919927418
2020-08-14,2095168.4770326407,1861174.72679819,1566255.5277695362
2020-08-17,2091006.7797234545,1872601.3237915304,1561426.871785975
2020-08-18,2088866.3171788885,1880892.2689730953,1557678.771054043
2020-08-19,2080815.481131732,1873338.7756288531,1552901.700467149
2020-08-20,2081884.385115599,1872983.6293277014,1555528.8319105732
2020-08-21,2087371.0781798267,1877896.6658730665,1566216.8661028198
2020-08-24,2114414.0869431803,1888519.6894126656,1587420.8736419543
2020-08-25,2121924.639643314,1900829.8945530427,1584055.1181749152
2020-08-26,2150773.2479825695,1928738.2607195172,1588736.3560185316
2020-08-27,2167483.153317561,1939743.521525905,1597728.0958932
2020-08-28,2179139.573784203,1957793.8713287236,1606789.9305743799
2020-08-31,2166226.0075923516,1949586.7665067688,1594239.1268990901
2020-09-01,2178699.3516429313,1960265.7871904913,1606329.6048372427
2020-09-02,2216139.5025682054,2001216.5519282648,1631835.1335103447
2020-09-03,2158917.5301146065,1961101.8683274242,1586538.774311261
2020-09-04,2152859.1332461624,1953200.9515368617,1577599.1674489356
2020-09-08,2105008.03996961,1922118.1537908686,1542135.6858026586
2020-09-09,2135252.5567297814,1948429.0361173502,1566785.5102206443
2020-09-10,2105340.3050236665,1926928.619864691,1544024.8503612785
2020-09-11,2119671.70006686,1945824.3755655962,1551374.181300874
2020-09-14,2141900.405815528,1960477.5302642062,1569749.6443509993
2020-09-15,2140664.6083732545,1965207.88219338,1569876.9102340718
2020-09-16,2146592.1561531783,1967570.5279890958,1571939.4499156727
2020-09-17,2137057.409184474,1964082.3665824244,1564627.137795766
2020-09-18,2117751.8137971093,1955755.2772724736,1550913.1984249258
2020-09-21,2079196.9389069763,1920137.60440285,1522330.1791765636
2020-09-22,2089715.376722711,1934043.3391354945,1530207.7401971044
2020-09-23,2048916.6109149703,1918091.9277841921,1500765.1833838946
2020-09-24,2051048.426520999,1922327.580637393,1503698.4319901308
2020-09-25,2076293.8223281018,1930615.7942137504,1523802.827252116
2020-09-28,2109309.156432868,1941784.8610383603,1546799.5094677822
2020-09-29,2097357.781670437,1936481.2820944989,1539431.121502666
2020-09-30,2120350.4915521666,1955711.0865838407,1557882.2650391965
2020-10-01,2119200.702111645,1955377.4783388681,1559856.2005044415
2020-10-02,2108369.954706624,1942905.36143286,1552336.9991821907
2020-10-05,2141989.728817045,1968029.7754395865,1578458.814536918
2020-10-06,2115119.5212070183,1952259.6722207903,1557380.9776495043
2020-10-07,2154471.3869391303,1975868.3662147154,1587140.4944159081
2020-10-08,2169115.215342488,1971586.8606606554,1593984.48560981
2020-10-09,2176253.8565750406,1980339.1704528863,1603034.601315526
2020-10-12,2196141.2725186753,1988614.3431233107,1617088.2814516765
2020-10-13,2180940.221960116,1981556.0142958672,1608244.6168557638
2020-10-14,2171345.883021478,1972173.3887260216,1598946.6502951484
2020-10-15,2169901.0376274963,1967865.7955116217,1597836.3047507522
2020-10-16,2177185.805064972,1973284.6349608153,1604123.0422328876
2020-10-19,2146393.256233488,1945370.9647764997,1581082.003147476
2020-10-20,2153584.208255625,1953686.0755733093,1587439.2735286634
2020-10-21,2145831.7285764767,1949056.1150922352,1581945.5930683245
2020-10-22,2162578.6383830393,1956973.938688065,1590516.216488248
2020-10-23,2154410.4631388765,1959501.925114887,1588941.0547581725
2020-10-26,2106430.959168292,1934646.645042724,1552481.13162808
2020-10-27,2087871.8540110611,1925260.8491796963,1540021.5607243904
2020-10-28,2020027.2900732346,1867930.2483404982,1487128.567346488
2020-10-29,2031423.2397952692,1869244.7229836415,1494932.0907276508
2020-10-30,2022188.3526313356,1861315.5324048395,1486099.5974915258
2020-11-02,2053286.5672987013,1884096.8151382236,1509844.9798592431
2020-11-03,2090041.2680725472,1904363.895104347,1540965.8691958624
2020-11-04,2110942.151688481,1917146.679513558,1561581.0803603006
2020-11-05,2149694.9755294044,1936433.7182511305,1592003.3216176433
2020-11-06,2146822.4637949644,1944042.9417266727,1588258.6161029018
2020-11-09,2220192.3013698617,1956809.6368929143,1635057.851762846
2020-11-10,2243551.37727424,1985723.2380782892,1649802.9514513512
2020-11-11,2243685.0450049983,1993855.5253625829,1648496.997587534
2020-11-12,2217580.3637284786,1977139.1855267063,1630695.1071963164
2020-11-13,2256227.095835086,1997880.0473114867,1653105.2930231246
2020-11-16,2295022.418816447,2007532.4140404458,1679496.206720975
2020-11-17,2286199.040568631,2002055.6422981094,1670126.5025068205
2020-11-18,2258978.0617118315,1979881.8924221103,1650784.2787425122
2020-11-19,2266823.6957676047,1985789.9412682476,1653297.0680328144
2020-11-20,2252780.7778854882,1979220.181903386,1640974.4010480926
2020-11-23,2279124.493321338,1982156.493509322,1659355.4497781117
2020-11-24,2316589.499563007,1990546.1133613985,1684868.3165012703
2020-11-25,2303138.0550327483,1987735.8486092258,1675124.04316482
2020-11-27,2304532.5842068545,1988484.2522051886,1677249.2300797405
2020-11-30,2287553.8806944364,1982973.7269514618,1662011.8238986272
2020-12-01,2305536.2919931957,1991556.882865777,1672401.5170706592
2020-12-02,2313775.360594128,1986525.2841312182,1675758.7297331546
2020-12-03,2321892.529989382,1990037.1068430599,1680566.1382284919
2020-12-04,2342388.744059215,1999408.9723210016,1694514.4571086045
2020-12-07,2330011.155736849,1989782.5636458057,1686188.836942066
2020-12-08,2339275.4799305326,2003097.2217002527,1692025.8724311758
2020-12-09,2333041.0776506844,2005408.0868240986,1686133.9658513437
2020-12-10,2330751.552128423,1991462.806362853,1682233.8470077896
2020-12-11,2334496.1128055686,1993718.1732546538,1684875.5450281918
2020-12-14,2317004.316216646,1982710.8162032473,1674511.6993160609
2020-12-15,2342980.320990098,1999246.8750911162,1693451.863651144
2020-12-16,2338500.4910285487,1989508.829166542,1690941.2648235455
2020-12-17,2347171.4067697115,2005362.198831701,1699287.0372469565
2020-12-18,2335956.0062019816,2004680.960937928,1692315.7801699822
2020-12-21,2333924.999821305,1995982.8447726497,1694412.929162298
2020-12-22,2321659.39635858,1982927.7566898973,1683145.0794924393
2020-12-23,2330396.5047086035,1981753.1668844826,1689555.6876404565
2020-12-24,2334374.5228878865,1986263.9572673244,1693483.187267804
2020-12-28,2347554.605680789,1998946.0557788194,1704928.3548935102
2020-12-29,2344282.6288839327,1999583.9542541597,1701098.3308564676
2020-12-30,2346300.105340505,1997268.0533593933,1705241.8101063787
2020-12-31,2361038.1337867095,2013425.491435051,1716284.2611640492
2021-01-04,2361038.1337867095,1992081.030258627,1694830.2123073118
2021-01-05,2376733.1676140986,1995201.4566248776,1704234.6353553166
2021-01-06,2406916.2524186703,2007273.1775616617,1728784.6841971588
2021-01-07,2422750.249858535,2007073.3883003567,1740657.6491888552
2021-01-08,2426346.478508668,2012350.63081252,1743844.9914686952
2021-01-11,2419430.5272260797,2007167.6208235782,1738838.4699136114
2021-01-12,2426223.6104663187,1996777.7685051218,1742203.0206261633
2021-01-13,2428973.874009751,1991949.4149142718,1741742.1472733503
2021-01-14,2430162.5011963723,1986149.7762823235,1737875.6520322948
2021-01-15,2414527.341640644,1985385.1563796634,1727935.6608532881
2021-01-19,2425971.6468999283,1987505.3777543502,1734455.0254745337
2021-01-20,2445306.519699308,2001306.4343899083,1748914.81739591
2021-01-21,2447250.30624782,1996055.712736392,1748221.0978577167
2021-01-22,2426219.160618483,1994411.2511535669,1738181.8787182418
2021-01-25,2424026.7475427096,2007920.159404126,1736108.1676768532
2021-01-26,2419966.123681839,2016832.4943933592,1734820.6136997454
2021-01-27,2372784.795967393,1978770.0748684704,1699275.8658871686
2021-01-28,2398075.527739997,1987268.757641601,1716109.2431940408
2021-01-29,2350895.0431072903,1949987.6250495617,1681300.7098961053
2021-02-01,2369312.803783467,1950514.5008979605,1694158.397396153
2021-02-02,2403438.568017667,1961892.7468023556,1720826.4046259944
2021-02-03,2405927.5316849607,1956799.4277484247,1722851.8159647712
2021-02-04,2433601.786051385,1966405.9652410175,1741483.563151204
2021-02-05,2444751.9576309742,1983195.5273039504,1746663.8979218095
2021-02-08,2465290.601209477,1982476.497622169,1759983.0063903462
2021-02-09,2462900.301633128,1984775.761870296,1759426.1907711206
2021-02-10,2463274.369587291,1982413.349178255,1762901.2503270633
2021-02-11,2465792.3470181967,1980532.4801734611,1762503.0242075701
2021-02-12,2469307.755676249,1982937.1724846093,1764056.390833746
2021-02-16,2475163.1367687336,1975701.4311617706,1767664.849568331
2021-02-17,2485542.4894916676,1995715.798479964,1772726.7898298132
2021-02-18,2476616.6141032977,1990043.4189828977,1766015.6501988776
2021-02-19,2475307.1224321905,1966597.8279858092,1766070.630812735
2021-02-22,2474715.7312173774,1960919.071332982,1767605.3785059315
2021-02-23,2476352.2260437342,1956647.7962020317,1768483.5350037583
2021-02-24,2505497.1278267796,1959023.6929094675,1792288.27891074
2021-02-25,2466066.713639743,1946782.2569040232,1760894.238874996
2021-02-26,2427226.0967903985,1907283.5181445568,1734558.7438835436
2021-03-01,2474488.8557413043,1923500.580268923,1768380.364210424
2021-03-02,2461699.1434609396,1920009.4334795554,1760305.9901159753
2021-03-03,2452535.7626748555,1906403.8434911277,1753496.7177559235
2021-03-04,2426088.7570620673,1890091.7282275958,1734097.3229150546
2021-03-05,2474800.3236142285,1925224.3212688304,1766181.6872718018
2021-03-08,2496000.828041949,1941325.984870209,1783348.6720484144
2021-03-09,2501223.0312705613,1936574.3407561595,1785047.8139675073
2021-03-10,2535021.8195471154,1962539.9616463087,1811082.6679529063
2021-03-11,2545531.982042893,1957981.149560107,1821656.907607707
2021-03-12,2564378.2957266993,1963766.7466279427,1838089.9778555173
2021-03-15,2583250.7581025036,1992899.828264577,1847893.1746386914
2021-03-16,2575581.1299267416,1997057.0062421723,1840742.8472357073
2021-03-17,2588864.1405406645,2004719.5515015093,1851364.8389774438
2021-03-18,2571721.5471805776,1998226.8213974074,1842781.29182757
2021-03-19,2558465.7437681844,1991679.7938764733,1829641.0346387723
2021-03-22,2571463.213282944,2005921.0084792566,1835429.6609021355
2021-03-23,2550351.3192335865,2003536.853192906,1818155.5624993225
2021-03-24,2547957.2944364403,2005458.4660420702,1817982.2968994768
2021-03-25,2563535.9735725797,2009430.559755404,1829164.9375701703
2021-03-26,2604917.24148612,2039989.9168941737,1854589.6381695135
2021-03-29,2612878.1979261287,2056510.4566099823,1860112.6708300791
2021-03-30,2600732.1111940136,2037756.5924153521,1854257.7830699356
2021-03-31,2593342.9527705386,2033252.3921511616,1849468.3363687668
2021-04-01,2605284.3459522785,2035535.2032056535,1859094.3247192292
2021-04-05,2636266.987699402,2062670.7106321375,1880065.5955961186
2021-04-06,2629864.133592795,2062527.6292113722,1874628.8671660703
2021-04-07,2633162.7526671565,2063054.1299455455,1875527.3949670393
2021-04-08,2634754.320755767,2056219.4655666181,1878741.0227993215
2021-04-09,2655076.7095602923,2065141.2467267348,1895397.301196617
2021-04-12,2646897.6865236205,2065012.177011415,1892301.7393040527
2021-04-13,2640840.4102907795,2058021.0548613598,1888481.3533029056
2021-04-14,2642373.599117385,2056482.1231885161,1891488.2014559787
2021-04-15,2660625.8966916357,2073343.1504910951,1908596.8104015435
2021-04-16,2675117.7406420778,2086686.1731788944,1917831.5821131635
2021-04-19,2665679.57820397,2083454.688806619,1910931.8436434579
2021-04-20,2647585.535359103,2092342.8422188996,1896558.0273831931
2021-04-21,2670779.8191024084,2098919.055693815,1914278.4325618413
2021-04-22,2645916.8433522503,2080503.3024780678,1896255.0863913014
2021-04-23,2655937.1638139114,2085029.9371738741,1909017.3792406127
2021-04-26,2649669.7647828143,2066644.1907032372,1905545.2768093196
2021-04-27,2648155.4971794123,2060827.9107305987,1905733.656601819
2021-04-28,2637080.4834187697,2041860.9233079166,1896506.3324633911
2021-04-29,2653893.279854352,2052558.5960895447,1909963.4400822474
2021-04-30,2640155.023714299,2056078.572041814,1899560.9327034
2021-05-03,2658750.226106259,2076826.5907081207,1912928.2313514135
2021-05-04,2656543.258379194,2076544.458865416,1914038.57689581
2021-05-05,2665492.757579394,2082690.7967712693,1919495.2385364599
2021-05-06,2690931.7669266225,2097988.043729161,1937338.0905802327
2021-05-07,2709509.3174937596,2104638.6460210485,1950192.3828630904
2021-05-10,2707994.5963298585,2116640.6890002596,1948233.0139748233
2021-05-11,2672721.5008213148,2095815.0981226745,1921672.1203711827
2021-05-12,2625099.1930462667,2066817.688519601,1883456.4318611124
2021-05-13,2657758.6338782203,2089833.8612611857,1907781.5201833067
2021-05-14,2685684.620307058,2100451.4643445155,1928006.9385096596
2021-05-17,2682517.2587943184,2100899.724464586,1924959.7858428424
2021-05-18,2661385.3841801267,2093922.7417092295,1909980.3066450641
2021-05-19,2649805.969527268,2088569.903727035,1900749.03967377
2021-05-20,2666856.904242227,2100801.6416487996,1911297.4318686696
2021-05-21,2672898.977103972,2096865.557361325,1918233.532019253
2021-05-24,2689713.049185586,2101185.5640173694,1928671.524893897
2021-05-25,2681621.0231416533,2093078.2419334655,1924100.2482779953
2021-05-26,2683865.2166597056,2091383.1746477429,1924694.0827169097
2021-05-27,2693168.9294351013,2085111.204276274,1932633.8528782297
2021-05-28,2698408.9636432463,2090758.0593477292,1936268.0495495806
2021-06-01,2700403.5995171946,2074033.9853516992,1938839.6527634712
2021-06-02,2705680.0105711813,2079698.462404344,1940245.4917265677
2021-06-03,2703442.853325893,2086928.106498797,1938936.6902612357
2021-06-04,2720536.1097591273,2097045.516869156,1948993.9807180138
2021-06-07,2710822.8377616657,2086507.2012453643,1941919.881417111
2021-06-08,2707921.837530397,2078211.060418618,1940214.1681099078
2021-06-09,2698872.415175195,2080621.7558181663,1931652.5255870686
2021-06-10,2704480.296862739,2100010.4018041566,1932723.4428028022
2021-06-11,2706180.2954748026,2100758.346897306,1933472.8000936643
2021-06-14,2701431.022300291,2097271.0426561176,1928658.601163946
2021-06-15,2695507.782820124,2090087.2425206923,1923363.8147170837
2021-06-16,2676118.0034799324,2075332.8310626324,1908466.915963227
2021-06-17,2659865.8340959647,2074891.6621746588,1896678.502831885
2021-06-18,2616325.000096409,2044153.4833277848,1866769.267939698
2021-06-21,2659802.7172956658,2067338.818678554,1899679.655781929
2021-06-22,2663755.271097639,2070985.0095729344,1903526.984474329
2021-06-23,2656220.867533187,2060058.5966301127,1899526.5424389553
2021-06-24,2680168.7217949303,2070516.6179608037,1917615.6024906
2021-06-25,2702355.455356762,2102401.515394018,1930906.6730365322
2021-06-28,2691826.1991376923,2101085.169686358,1922463.3154996813
2021-06-29,2688951.2315188395,2099080.220526882,1922969.0933379158
2021-06-30,2705444.387234903,2113318.969073344,1934757.5064692576
2021-07-01,2718153.565250135,2120392.792573839,1942104.5374230149
2021-07-02,2728546.0818638117,2135140.1480579465,1950674.0656115864
2021-07-06,2711375.502663305,2124200.0643471964,1938955.3091942153
2021-07-07,2720503.9763228334,2135229.365575795,1944810.6350468996
2021-07-08,2704837.954047822,2124264.258810886,1930238.80095824
2021-07-09,2737783.1439712537,2139796.575967769,1955373.7033419122
2021-07-12,2745749.507556608,2141557.31630088,1962440.3550696233
2021-07-13,2737458.7229368025,2141510.066715103,1956418.335005204
2021-07-14,2743562.901940311,2153153.904341505,1958910.4244229582
2021-07-15,2744799.9622335895,2154465.9009013874,1961926.691565656
2021-07-16,2721949.1840524646,2145321.2343093585,1945150.5948584802
2021-07-19,2670990.964130733,2120957.387492755,1904450.0454575773
2021-07-20,2708779.622401339,2135856.1619493887,1935288.912721123
2021-07-21,2732638.7027568645,2145427.6583096012,1951327.2615897655
2021-07-22,2732394.015392786,2149273.775934063,1952748.871884327
2021-07-23,2745376.758536657,2168846.513709797,1966106.0944039044
2021-07-26,2755125.625226887,2170454.08879733,1970746.8086875065
2021-07-27,2749127.2079666886,2173853.594788639,1965936.114498114
2021-07-28,2740220.303866114,2159747.656404364,1958781.406169723
2021-07-29,2752099.7585464427,2164138.0126375407,1967394.7436123644
2021-07-30,2742760.5367295407,2165557.2719459725,1959035.937935868
2021-08-02,2737274.2727799546,2160831.0918502947,1953579.2762952177
2021-08-03,2759574.998362125,2175609.8757606624,1969181.7230858668
2021-08-04,2733014.003043362,2157216.9508422585,1951028.4824770102
2021-08-05,2754245.245214913,2168956.2505144244,1966257.4553767152
2021-08-06,2761971.776265949,2168690.8757251264,1974347.0531869535
2021-08-09,2755301.9281792184,2166598.1415255875,1968365.9947750894
2021-08-10,2767788.900147563,2175232.9127450297,1977496.281415753
2021-08-11,2785032.28009636,2183580.141166333,1989849.6148783236
2021-08-12,2790476.6000018166,2188957.608641095,1990684.181168351
2021-08-13,2792554.614409207,2197938.6611942607,1991554.8900929862
2021-08-16,2799865.1139111007,2213311.434744793,1997724.32829735
2021-08-17,2780667.019961924,2208606.342835006,1981904.368560245
2021-08-18,2748187.107938595,2184909.5723732016,1960450.3197035077
2021-08-19,2744051.148849615,2190582.558726101,1956717.3331642295
2021-08-20,2759642.1060092724,2200585.1520999763,1969388.0646725353
2021-08-23,2777371.7138827587,2201224.777839328,1981479.8568883096
2021-08-24,2779321.890268456,2189990.9224709254,1983193.017768705
2021-08-25,2783508.871740956,2186013.0192379723,1985393.337554355
2021-08-26,2767119.6873866,2174618.2734900643,1974605.5277859645
2021-08-27,2783607.7186641656,2176777.500881397,1988213.9963776318
2021-08-30,2782257.0431735045,2181491.995138784,1985075.9395086202
2021-08-31,2781428.6580983484,2179883.6712742783,1982882.8482498915
2021-09-01,2777512.882849725,2183293.897427439,1980180.0363200621
2021-09-02,2790878.6865731766,2192563.4355834248,1987542.181466473
2021-09-03,2784753.4464444355,2193324.0258801,1983351.6072684373
2021-09-07,2760120.5549939196,2163895.5444424255,1968262.166842944
2021-09-08,2757026.6371744634,2166925.83954739,1964396.8763563754
2021-09-09,2744417.2598411073,2150053.8447272014,1955890.6525399347
2021-09-10,2726905.2316928008,2142084.047257152,1940657.0796685524
2021-09-13,2746757.893261291,2146285.14747291,1955343.913049145
2021-09-14,2724319.6900189132,2135768.4432518776,1938966.480554003
2021-09-15,2742303.385418703,2143411.0763355363,1952246.3797401476
2021-09-16,2734798.4589132895,2139344.0331560215,1948709.6586591017
2021-09-17,2721174.855679657,2130294.178976601,1939376.316125825
2021-09-20,2676978.20243177,2110316.841181352,1904922.747308989
2021-09-21,2672176.0366310165,2110078.792503761,1902083.688599003
2021-09-22,2699039.350770273,2119010.3208207125,1921064.2669709655
2021-09-23,2738431.6556433155,2141480.425200322,1949466.6825694258
2021-09-24,2739452.3917669635,2140997.4796771286,1951327.2615897655
2021-09-27,2743795.1001997995,2135775.877488811,1955329.455995302
2021-09-28,2705567.5168807697,2109763.2984589953,1923400.8335367725
2021-09-29,2714372.756491128,2120786.6807175493,1928488.6212581557
2021-09-30,2675964.8672152995,2095103.106058653,1897826.524334781
2021-10-01,2716754.44396529,2118738.424209084,1924885.310110924
2021-10-04,2699498.067809495,2112579.489159648,1906742.583723044
2021-10-05,2719772.008018612,2122486.284132992,1924224.2284670123
2021-10-06,2725156.8108456484,2131368.318153199,1929961.707426249
2021-10-07,2748517.581377637,2146422.9332188843,1948912.7145517147
2021-10-08,2747174.6747795404,2137390.2835982903,1948425.3366001893
2021-10-11,2729244.843734131,2127491.9610928744,1934395.6420306421
2021-10-12,2716137.8323027845,2118702.2388306693,1927794.4636274215
2021-10-13,2716279.770549565,2122558.311554634,1927764.6733346542
2021-10-14,2752164.80262601,2145625.8720816583,1957751.2315602743
2021-10-15,2774293.2421060055,2157143.72558761,1979183.5948362472
2021-10-18,2766181.174046053,2150778.6423761533,1977156.3216041722
2021-10-19,2786354.545872556,2168915.3117773063,1988298.5482379862
2021-10-20,2803341.4497454735,2179385.5356391855,1996823.8290799477
2021-10-21,2795205.666032068,2182401.2589041013,1996472.6979085791
2021-10-22,2789691.204946468,2181199.0106869107,2000619.0247600046
2021-10-25,2791956.945798042,2186238.214486329,2004215.1073803152
2021-10-26,2793379.408801605,2193801.1092194435,2005097.206711008
2021-10-27,2779376.092606475,2189337.922806852,1990170.517664384
2021-10-28,2805755.782263124,2214302.7874809983,2003616.8920159936
2021-10-29,2812141.2871422847,2225258.956215392,2008612.023165019
