date,AAPL,AMGN,AXP,BA,CAT,CRM,CSCO,CVX,DIS,GS,HD,HON,IBM,INTC,JNJ,JPM,KO,MCD,MMM,MRK,MSFT,NKE,PG,TRV,UNH,VZ,WMT
2015-01-02,0.037037037037037035,0.037037037037037035,0.037037037037037035,0.037037037037037035,0.037037037037037035,0.037037037037037035,0.037037037037037035,0.037037037037037035,0.037037037037037035,0.037037037037037035,0.037037037037037035,0.037037037037037035,0.037037037037037035,0.037037037037037035,0.037037037037037035,0.037037037037037035,0.037037037037037035,0.037037037037037035,0.037037037037037035,0.037037037037037035,0.037037037037037035,0.037037037037037035,0.037037037037037035,0.037037037037037035,0.037037037037037035,0.037037037037037035,0.037037037037037035
2015-01-05,0.03380172699689865,0.03665000945329666,0.03380172699689865,0.03380172699689865,0.040305353701114655,0.039876293390989304,0.04773999750614166,0.03380172699689865,0.03380172699689865,0.04775337502360344,0.03380172699689865,0.03380172699689865,0.03380172699689865,0.0379442423582077,0.03482905402779579,0.03380172699689865,0.03545267507433891,0.03380172699689865,0.03487105295062065,0.03380172699689865,0.03847291320562363,0.04386917129158974,0.03642597049474716,0.03533840551972389,0.038686834275722504,0.04486418142914772,0.03510149195790291
2015-01-06,0.03371609002351761,0.036521878093481064,0.03371609002351761,0.03371609002351761,0.040763430297374725,0.04042941704392433,0.04770189896225929,0.03371609002351761,0.03371609002351761,0.04789268225431442,0.03371609002351761,0.03371609002351761,0.033810198307037354,0.038030967116355896,0.033739976584911346,0.03371609002351761,0.034966375678777695,0.03371609002351761,0.03371609002351761,0.03371609002351761,0.038286689668893814,0.044179752469062805,0.03775215893983841,0.03630972281098366,0.036138493567705154,0.04729021340608597,0.035309065133333206
2015-01-07,0.033701080828905106,0.03572351858019829,0.033701080828905106,0.033701080828905106,0.04031137377023697,0.04093638435006142,0.048171550035476685,0.033701080828905106,0.033701080828905106,0.0467706136405468,0.033701080828905106,0.033701080828905106,0.033701080828905106,0.037966594099998474,0.03381850942969322,0.033701080828905106,0.03522190824151039,0.033701080828905106,0.033701080828905106,0.033701080828905106,0.037741195410490036,0.04645000770688057,0.03804590925574303,0.03653210401535034,0.03480333462357521,0.04939260333776474,0.03370140865445137
2015-01-08,0.03373925760388374,0.03506753221154213,0.03373925760388374,0.03373925760388374,0.03854499012231827,0.040468476712703705,0.05186395347118378,0.03373925760388374,0.03373925760388374,0.04465729743242264,0.03373925760388374,0.03373925760388374,0.03373925760388374,0.03686089441180229,0.034284383058547974,0.03373925760388374,0.036917172372341156,0.03373925760388374,0.03373925760388374,0.03373925760388374,0.03672507032752037,0.047871239483356476,0.03680761158466339,0.035699449479579926,0.03603161498904228,0.049589965492486954,0.03373925760388374
2015-01-09,0.03404581546783447,0.034969523549079895,0.03390645980834961,0.03390645980834961,0.035531554371118546,0.038740020245313644,0.051991771906614304,0.03390645980834961,0.03390645980834961,0.04297162592411041,0.0348028764128685,0.03390645980834961,0.03390645980834961,0.03730303421616554,0.03441185504198074,0.03390645980834961,0.03852495551109314,0.03390645980834961,0.03390645980834961,0.03444519266486168,0.037104297429323196,0.04626822471618652,0.03390645980834961,0.03514568880200386,0.04051634669303894,0.0502561554312706,0.03390645980834961
2015-01-12,0.033925678580999374,0.03486244007945061,0.033925678580999374,0.033925678580999374,0.03628087788820267,0.03984938934445381,0.05112089216709137,0.033925678580999374,0.033925678580999374,0.043890148401260376,0.033925678580999374,0.033925678580999374,0.033925678580999374,0.03824129328131676,0.03455277532339096,0.033925678580999374,0.036754824221134186,0.033925678580999374,0.033925678580999374,0.033925678580999374,0.03684588894248009,0.04706922546029091,0.03505881130695343,0.03576091676950455,0.03828989341855049,0.05038883537054062,0.033925678580999374
2015-01-13,0.0338003970682621,0.03446514904499054,0.0338003970682621,0.0338003970682621,0.03699536994099617,0.040921662002801895,0.05166800320148468,0.0338003970682621,0.0338003970682621,0.04457005113363266,0.0338003970682621,0.0338003970682621,0.0338003970682621,0.038146745413541794,0.03486579656600952,0.0338003970682621,0.035653673112392426,0.0338003970682621,0.0338003970682621,0.0338003970682621,0.03605811297893524,0.04834699630737305,0.03645339608192444,0.03594968467950821,0.03601774945855141,0.05048244819045067,0.0338003970682621
2015-01-14,0.03383978083729744,0.03493529558181763,0.03383978083729744,0.03383978083729744,0.036025598645210266,0.03971217945218086,0.05159740149974823,0.03383978083729744,0.03383978083729744,0.04423796758055687,0.03432419151067734,0.03383978083729744,0.03383978083729744,0.037462156265974045,0.03445862606167793,0.03383978083729744,0.03710189834237099,0.03383978083729744,0.03383978083729744,0.03383978083729744,0.03695134073495865,0.04612445458769798,0.03543543443083763,0.036414459347724915,0.03751734644174576,0.05162426084280014,0.03383978083729744
2015-01-15,0.033670105040073395,0.034391336143016815,0.033670105040073395,0.033670105040073395,0.03931816294789314,0.04073096066713333,0.050228267908096313,0.033670105040073395,0.033670105040073395,0.04541335627436638,0.033670105040073395,0.033670105040073395,0.033670105040073395,0.03731090575456619,0.03468935936689377,0.033670105040073395,0.036513783037662506,0.033670105040073395,0.033670105040073395,0.033670105040073395,0.03688187524676323,0.04750469699501991,0.03797692432999611,0.03617209568619728,0.034160491079092026,0.05099643021821976,0.033670105040073395
2015-01-16,0.03371817246079445,0.03442171588540077,0.03371817246079445,0.03371817246079445,0.03882961347699165,0.04058491066098213,0.051013845950365067,0.03371817246079445,0.03371817246079445,0.045548200607299805,0.03371817246079445,0.03371817246079445,0.03371817246079445,0.03725878894329071,0.03399704396724701,0.03371817246079445,0.03711681813001633,0.03371817246079445,0.03371817246079445,0.03371817246079445,0.037092600017786026,0.04768835008144379,0.038237281143665314,0.03551458567380905,0.03378128260374069,0.050578773021698,0.03371817246079445
2015-01-20,0.03372995927929878,0.034231528639793396,0.03372995927929878,0.03372995927929878,0.036869898438453674,0.0397849977016449,0.05322481691837311,0.03372995927929878,0.03372995927929878,0.043835170567035675,0.034585271030664444,0.03372995927929878,0.03372995927929878,0.03743902966380119,0.033924076706171036,0.03372995927929878,0.03834372013807297,0.03372995927929878,0.03372995927929878,0.03434211015701294,0.037052057683467865,0.04723796620965004,0.03651873767375946,0.03490976616740227,0.03580669313669205,0.05086461082100868,0.03372995927929878
2015-01-21,0.033678069710731506,0.03487834334373474,0.033678069710731506,0.033678069710731506,0.037442564964294434,0.03933027386665344,0.05182879790663719,0.033678069710731506,0.033678069710731506,0.043422773480415344,0.0341009721159935,0.033678069710731506,0.033678069710731506,0.03708120808005333,0.034442584961652756,0.033678069710731506,0.03887986019253731,0.033678069710731506,0.033678069710731506,0.03413727879524231,0.037601713091135025,0.04603042080998421,0.03588452562689781,0.035914111882448196,0.03742216154932976,0.05114360153675079,0.033678069710731506
2015-01-22,0.03373357653617859,0.03514961898326874,0.03373357653617859,0.03373357653617859,0.03788329288363457,0.038372308015823364,0.05207791551947594,0.03373357653617859,0.03373357653617859,0.043533314019441605,0.033921532332897186,0.03373357653617859,0.03373357653617859,0.03604872524738312,0.03386165574193001,0.03373357653617859,0.040788937360048294,0.03373357653617859,0.03373357653617859,0.03451136127114296,0.03881726786494255,0.045500677078962326,0.036117374897003174,0.035315725952386856,0.03719537332653999,0.04983559623360634,0.03373357653617859
2015-01-23,0.03374495357275009,0.035331226885318756,0.03374495357275009,0.03374495357275009,0.03684917092323303,0.03683369979262352,0.05277041718363762,0.03374495357275009,0.03374495357275009,0.04256877303123474,0.03522137179970741,0.03374495357275009,0.034669600427150726,0.03561451658606529,0.03374495357275009,0.03374495357275009,0.04310588166117668,0.03374495357275009,0.03374495357275009,0.03518760949373245,0.038716819137334824,0.044620297849178314,0.03458728641271591,0.03374495357275009,0.0398576520383358,0.04912625625729561,0.03374495357275009
2015-01-26,0.03363289684057236,0.03573610633611679,0.03363289684057236,0.03363289684057236,0.03934197872877121,0.03750251978635788,0.052409254014492035,0.03363289684057236,0.03363289684057236,0.042429812252521515,0.03434213995933533,0.03363289684057236,0.03412020578980446,0.03561707213521004,0.034383587539196014,0.03363289684057236,0.042760275304317474,0.03363289684057236,0.03363289684057236,0.03470798209309578,0.03803697228431702,0.04485876485705376,0.03632550314068794,0.03377180173993111,0.03895113244652748,0.048375941812992096,0.03363289684057236
2015-01-27,0.03345920518040657,0.035915207117795944,0.03345920518040657,0.03345920518040657,0.041161078959703445,0.03808252885937691,0.05272095277905464,0.03354734554886818,0.03345920518040657,0.042255379259586334,0.03415621072053909,0.03345920518040657,0.03361440822482109,0.03490978479385376,0.034963108599185944,0.03345920518040657,0.04281570017337799,0.03345920518040657,0.03345920518040657,0.03445029258728027,0.03723890706896782,0.04515029862523079,0.03728780522942543,0.03386086970567703,0.038462795317173004,0.04827447235584259,0.03345920518040657
2015-01-28,0.033214956521987915,0.03670148923993111,0.033214956521987915,0.033214956521987915,0.04234331473708153,0.03726533427834511,0.05297530069947243,0.03436511382460594,0.033214956521987915,0.04181969165802002,0.033975500613451004,0.033214956521987915,0.033214956521987915,0.033214956521987915,0.03455570340156555,0.033214956521987915,0.047132402658462524,0.033214956521987915,0.033214956521987915,0.03419429436326027,0.039087988436222076,0.04216144606471062,0.03758714348077774,0.03402990847826004,0.037765178829431534,0.04867563769221306,0.033214956521987915
2015-01-29,0.032933592796325684,0.03687932342290878,0.032933592796325684,0.032933592796325684,0.04537471383810043,0.03822479024529457,0.05077144503593445,0.03559708967804909,0.033135149627923965,0.04273856803774834,0.032933592796325684,0.032933592796325684,0.0332457460463047,0.03301911801099777,0.03501411899924278,0.032933592796325684,0.04428066313266754,0.032933592796325684,0.034872062504291534,0.03295369818806648,0.037752941250801086,0.04277666285634041,0.03878895938396454,0.03402924910187721,0.037654075771570206,0.04942292720079422,0.032933592796325684
2015-01-30,0.03293890133500099,0.03597838804125786,0.03293890133500099,0.03293890133500099,0.04653962329030037,0.039739347994327545,0.049407463520765305,0.03434031829237938,0.03293890133500099,0.04333406314253807,0.03293890133500099,0.03293890133500099,0.03293890133500099,0.03479257598519325,0.03595234826207161,0.03293890133500099,0.04006890580058098,0.03293890133500099,0.03507233411073685,0.03293890133500099,0.03609528765082359,0.0460689403116703,0.03944699466228485,0.03479966148734093,0.03689447045326233,0.04914136603474617,0.03293890133500099
2015-02-02,0.03271396830677986,0.036966193467378616,0.03271396830677986,0.03271396830677986,0.049841929227113724,0.04117732495069504,0.0437394343316555,0.03629804030060768,0.03271396830677986,0.044506676495075226,0.03271396830677986,0.03271396830677986,0.03271396830677986,0.03485332056879997,0.035406723618507385,0.03271396830677986,0.03875967487692833,0.03271396830677986,0.03743636608123779,0.03271396830677986,0.03587639331817627,0.045251067727804184,0.042112965136766434,0.03574220463633537,0.03369758278131485,0.0473613403737545,0.033833038061857224
2015-02-03,0.03269278258085251,0.03685647249221802,0.03269278258085251,0.03269278258085251,0.049219466745853424,0.04084593057632446,0.044514939188957214,0.036820393055677414,0.03269278258085251,0.045145776122808456,0.03269278258085251,0.03269278258085251,0.03269278258085251,0.035524558275938034,0.035679325461387634,0.03269278258085251,0.03974872827529907,0.03269278258085251,0.03705412149429321,0.03269278258085251,0.03550892695784569,0.04538814723491669,0.04193544760346413,0.0350247323513031,0.033717669546604156,0.046365369111299515,0.03372209891676903
2015-02-04,0.03310643509030342,0.03687601536512375,0.03310643509030342,0.03310643509030342,0.0448538139462471,0.039063047617673874,0.05014297366142273,0.03432973474264145,0.03310643509030342,0.04415671154856682,0.033406227827072144,0.03310643509030342,0.03310643509030342,0.03573678061366081,0.036046020686626434,0.03310643509030342,0.04187886044383049,0.03310643509030342,0.034225672483444214,0.03322089836001396,0.03571915626525879,0.04530957341194153,0.03763418644666672,0.03373818099498749,0.038544848561286926,0.04715932905673981,0.03310643509030342
2015-02-05,0.03490912914276123,0.0375995896756649,0.03330902382731438,0.03330902382731438,0.042644329369068146,0.03981034830212593,0.0482502281665802,0.03330902382731438,0.03330902382731438,0.043702200055122375,0.033379409462213516,0.03330902382731438,0.03330902382731438,0.0376998707652092,0.03647267073392868,0.03330902382731438,0.038805119693279266,0.03330902382731438,0.033430181443691254,0.03330902382731438,0.035890161991119385,0.04540643095970154,0.035347722470760345,0.034603457897901535,0.04120155796408653,0.04775730520486832,0.03330902382731438
2015-02-06,0.0348999984562397,0.037225861102342606,0.033370740711688995,0.033370740711688995,0.04179441183805466,0.039990056306123734,0.04929696395993233,0.033370740711688995,0.033370740711688995,0.04377242550253868,0.033370740711688995,0.033370740711688995,0.033370740711688995,0.03775203600525856,0.03653135523200035,0.033370740711688995,0.03826088085770607,0.033370740711688995,0.033370740711688995,0.033370740711688995,0.03569618612527847,0.046045396476984024,0.03515812009572983,0.034378424286842346,0.041629184037446976,0.047119785100221634,0.033370740711688995
2015-02-09,0.034776926040649414,0.037376947700977325,0.0335719995200634,0.0335719995200634,0.04022151604294777,0.04025156795978546,0.048919036984443665,0.0335719995200634,0.0335719995200634,0.04407526180148125,0.0335719995200634,0.0335719995200634,0.0335719995200634,0.03812652453780174,0.03589380905032158,0.0335719995200634,0.037662580609321594,0.0335719995200634,0.0335719995200634,0.0335719995200634,0.035929229110479355,0.04576978087425232,0.034466683864593506,0.03408901020884514,0.04194502905011177,0.047632090747356415,0.0335719995200634
2015-02-10,0.03371647745370865,0.0381452701985836,0.03353297337889671,0.03353297337889671,0.04147198796272278,0.040741223841905594,0.04618651792407036,0.03353297337889671,0.03353297337889671,0.04568440094590187,0.03353297337889671,0.03353297337889671,0.03353297337889671,0.03885011374950409,0.0356147438287735,0.03353297337889671,0.037003956735134125,0.03353297337889671,0.03488759323954582,0.03353297337889671,0.036464400589466095,0.04454146325588226,0.03578946366906166,0.03444278985261917,0.04058112949132919,0.047015707939863205,0.03353297337889671
2015-02-11,0.035177744925022125,0.03642820939421654,0.033626578748226166,0.033626578748226166,0.03862419351935387,0.04088133946061134,0.048005856573581696,0.033626578748226166,0.033626578748226166,0.04582507163286209,0.033626578748226166,0.033626578748226166,0.033626578748226166,0.039869002997875214,0.03575028479099274,0.033626578748226166,0.03570995479822159,0.033626578748226166,0.033626578748226166,0.033626578748226166,0.035884540528059006,0.04622097685933113,0.03442779928445816,0.03378661349415779,0.04216998443007469,0.04771944880485535,0.033626578748226166
2015-02-12,0.03575653210282326,0.03640768676996231,0.03356124460697174,0.03356124460697174,0.038047920912504196,0.04090945050120354,0.04774456098675728,0.03356124460697174,0.03356124460697174,0.04510031268000603,0.03356124460697174,0.03356124460697174,0.03356124460697174,0.03913580998778343,0.03595319762825966,0.03356124460697174,0.03651915490627289,0.03356124460697174,0.03356124460697174,0.033562082797288895,0.03673873469233513,0.04575590416789055,0.033721692860126495,0.03400225192308426,0.04271038994193077,0.04876070097088814,0.03356124460697174
2015-02-13,0.03755848482251167,0.03534562140703201,0.033151235431432724,0.033151235431432724,0.039061304181814194,0.043166667222976685,0.04508879408240318,0.033151235431432724,0.033151235431432724,0.047530513256788254,0.033151235431432724,0.033151235431432724,0.033151235431432724,0.04255737364292145,0.03743455931544304,0.03325487673282623,0.033151235431432724,0.033151235431432724,0.03427295759320259,0.03337373211979866,0.03515004739165306,0.0479966476559639,0.03529159724712372,0.03369840979576111,0.04087146371603012,0.04683457314968109,0.033151235431432724
2015-02-17,0.038113828748464584,0.03482712805271149,0.03286018595099449,0.03286018595099449,0.03939574211835861,0.0436888262629509,0.04335733503103256,0.03286018595099449,0.03286018595099449,0.04892558977007866,0.03286018595099449,0.03286018595099449,0.03286018595099449,0.04397714510560036,0.03766679763793945,0.03381124138832092,0.03286018595099449,0.03304821997880936,0.03489508107304573,0.03331494331359863,0.03488194942474365,0.04783466458320618,0.0361003614962101,0.03322683274745941,0.04006662592291832,0.04582485184073448,0.03416125103831291
2015-02-18,0.03793048858642578,0.03496598079800606,0.03289099410176277,0.03289099410176277,0.039182957261800766,0.04353291541337967,0.04290010780096054,0.03289099410176277,0.03289099410176277,0.049508191645145416,0.03289099410176277,0.03289099410176277,0.03289099410176277,0.04388860613107681,0.0374152809381485,0.03383971005678177,0.03289099410176277,0.033287566155195236,0.03539130464196205,0.03322234004735947,0.03538869693875313,0.04698719456791878,0.03630601614713669,0.03295493125915527,0.040214717388153076,0.04560422897338867,0.03435084596276283
2015-02-19,0.036936163902282715,0.035245779901742935,0.032886601984500885,0.032886601984500885,0.04003765434026718,0.043442025780677795,0.04386543110013008,0.032886601984500885,0.032886601984500885,0.04871058091521263,0.032886601984500885,0.032886601984500885,0.032886601984500885,0.04274901747703552,0.03775090351700783,0.033789411187171936,0.032886601984500885,0.03378496691584587,0.036341506987810135,0.03319231793284416,0.03531261533498764,0.0470195896923542,0.036986034363508224,0.03298155218362808,0.03997623920440674,0.04461437836289406,0.034171029925346375
2015-02-20,0.03745921701192856,0.0349707305431366,0.032720115035772324,0.032720115035772324,0.040244344621896744,0.04384927824139595,0.042902588844299316,0.032720115035772324,0.032720115035772324,0.049096230417490005,0.032720115035772324,0.032720115035772324,0.032720115035772324,0.04359075427055359,0.03797256946563721,0.03398094326257706,0.032720115035772324,0.033558547496795654,0.036181963980197906,0.03298955038189888,0.03511958569288254,0.047275420278310776,0.0371042937040329,0.033099107444286346,0.03917020559310913,0.04491952806711197,0.0347541980445385
2015-02-23,0.03645767644047737,0.03451415151357651,0.0325581319630146,0.0325581319630146,0.0409943126142025,0.043760813772678375,0.04291180521249771,0.0325581319630146,0.0325581319630146,0.05007649213075638,0.0325581319630146,0.0325581319630146,0.0325581319630146,0.04410739243030548,0.03805020824074745,0.03404933959245682,0.0325581319630146,0.03468221798539162,0.03650174289941788,0.03308333456516266,0.03502752631902695,0.04716131463646889,0.037781987339258194,0.03274964913725853,0.038442812860012054,0.043465506285429,0.03571665287017822
2015-02-24,0.03626777231693268,0.03475835919380188,0.03257805481553078,0.03257805481553078,0.041089028120040894,0.043878260999917984,0.04261908680200577,0.03257805481553078,0.03257805481553078,0.049734700471162796,0.03257805481553078,0.03257805481553078,0.03257805481553078,0.043024126440286636,0.03827891871333122,0.03414015844464302,0.03257805481553078,0.03451872989535332,0.03715008124709129,0.033043574541807175,0.03566548228263855,0.04700647294521332,0.037659093737602234,0.03313376009464264,0.0380253791809082,0.04338308051228523,0.03599957004189491
2015-02-25,0.038227763026952744,0.03463002294301987,0.03271446004509926,0.03271446004509926,0.03898714482784271,0.04359482601284981,0.04048125073313713,0.03271446004509926,0.03271446004509926,0.049919433891773224,0.03271446004509926,0.03271446004509926,0.03271446004509926,0.043790657073259354,0.03838055208325386,0.035020869225263596,0.03271446004509926,0.034083638340234756,0.036645229905843735,0.03301294893026352,0.0367373563349247,0.046494629234075546,0.036229174584150314,0.033272143453359604,0.038772646337747574,0.043909188359975815,0.03609480708837509
2015-02-26,0.03783057630062103,0.034972500056028366,0.0327724888920784,0.0327724888920784,0.03915895149111748,0.043773047626018524,0.03975642845034599,0.0327724888920784,0.0327724888920784,0.04973842203617096,0.0327724888920784,0.0327724888920784,0.0327724888920784,0.04356667771935463,0.038308221846818924,0.03501541167497635,0.0327724888920784,0.03398087993264198,0.03728306666016579,0.03283483907580376,0.0369015671312809,0.04615120589733124,0.03649468719959259,0.03371612727642059,0.038684405386447906,0.043503597378730774,0.036149464547634125
2015-02-27,0.03631019592285156,0.034594591706991196,0.03247350826859474,0.03247350826859474,0.04189855605363846,0.04388909041881561,0.041077058762311935,0.03247350826859474,0.03247350826859474,0.049328189343214035,0.03247350826859474,0.03247350826859474,0.03247350826859474,0.04383184388279915,0.03857075050473213,0.03490588068962097,0.03247350826859474,0.03464137390255928,0.03743497282266617,0.033072859048843384,0.03562866523861885,0.04644898325204849,0.037517353892326355,0.033689603209495544,0.03789291903376579,0.042594920843839645,0.036884162575006485
2015-03-02,0.036753617227077484,0.03369380906224251,0.03248462826013565,0.03248462826013565,0.040840309113264084,0.04355689883232117,0.041404034942388535,0.03248462826013565,0.03248462826013565,0.049757152795791626,0.03248462826013565,0.03248462826013565,0.03248462826013565,0.045685477554798126,0.03828742727637291,0.03481445088982582,0.03248462826013565,0.03462954983115196,0.035379789769649506,0.03329090774059296,0.03530912101268768,0.04751662537455559,0.036631230264902115,0.03311380743980408,0.03823867812752724,0.04421776905655861,0.03700227290391922
2015-03-03,0.03648971766233444,0.03376272693276405,0.03259013220667839,0.03259013220667839,0.03994184732437134,0.04344411939382553,0.0403965599834919,0.03259013220667839,0.03259013220667839,0.049783457070589066,0.03259013220667839,0.03259013220667839,0.03259013220667839,0.045603856444358826,0.038383182138204575,0.03497813269495964,0.03259013220667839,0.03515598922967911,0.03609883412718773,0.03308992460370064,0.03590921312570572,0.047620851546525955,0.03695252165198326,0.03313472494482994,0.037841930985450745,0.04377734661102295,0.03691406175494194
2015-03-04,0.03589301556348801,0.03401010110974312,0.03254944831132889,0.03254944831132889,0.04103594645857811,0.04354429617524147,0.040432848036289215,0.03254944831132889,0.03254944831132889,0.049665290862321854,0.03254944831132889,0.03254944831132889,0.03254944831132889,0.04604028910398483,0.03847535327076912,0.034758832305669785,0.03254944831132889,0.03532310947775841,0.03618525713682175,0.032581884413957596,0.03520573303103447,0.0477478988468647,0.03775886073708534,0.03313041105866432,0.037353962659835815,0.04348738119006157,0.03697393089532852
2015-03-05,0.03444398567080498,0.034487463533878326,0.03260207921266556,0.03260207921266556,0.04240790754556656,0.04383263736963272,0.03980012983083725,0.03260207921266556,0.03260207921266556,0.04901045560836792,0.03260207921266556,0.03260207921266556,0.03260207921266556,0.04517507180571556,0.038446005433797836,0.03432198613882065,0.03260207921266556,0.03516511246562004,0.03722871094942093,0.03260207921266556,0.034549515694379807,0.048131026327610016,0.038744617253541946,0.03391237184405327,0.03636476397514343,0.04337327927350998,0.03718632832169533
2015-03-06,0.03366441652178764,0.034309446811676025,0.03266466408967972,0.03266466408967972,0.042669251561164856,0.04377349093556404,0.04142288118600845,0.03266466408967972,0.03266466408967972,0.0484408475458622,0.03266466408967972,0.03266466408967972,0.03266466408967972,0.045216578990221024,0.03818655014038086,0.03383311256766319,0.03266466408967972,0.035525161772966385,0.03693821281194687,0.03266466408967972,0.03406795486807823,0.04914426431059837,0.03911241143941879,0.03365857154130936,0.03620313107967377,0.043141648173332214,0.03671002760529518
2015-03-09,0.03261639550328255,0.03570561110973358,0.03261639550328255,0.03261639550328255,0.04548269510269165,0.04441126063466072,0.04036714881658554,0.03261639550328255,0.03261639550328255,0.04715757817029953,0.03261639550328255,0.03261639550328255,0.03261639550328255,0.043742865324020386,0.038139015436172485,0.03311656415462494,0.03261639550328255,0.03505338355898857,0.0394267775118351,0.03261639550328255,0.03383665904402733,0.048489391803741455,0.04100877046585083,0.03459972143173218,0.034453362226486206,0.04238719120621681,0.036458034068346024
2015-03-10,0.032543882727622986,0.03590318560600281,0.032543882727622986,0.032543882727622986,0.046213697642087936,0.044306688010692596,0.04049789160490036,0.032543882727622986,0.032543882727622986,0.047094810754060745,0.032543882727622986,0.032543882727622986,0.032543882727622986,0.044246282428503036,0.03811647742986679,0.03330501541495323,0.032543882727622986,0.035047244280576706,0.03949477896094322,0.032543882727622986,0.033847834914922714,0.04841575771570206,0.0406719334423542,0.03486548364162445,0.03440245985984802,0.041895341128110886,0.036236271262168884
2015-03-11,0.03275799751281738,0.03785216063261032,0.03275799751281738,0.03275799751281738,0.04803740605711937,0.0448506735265255,0.03825964033603668,0.03275799751281738,0.03275799751281738,0.0448993556201458,0.03275799751281738,0.03275799751281738,0.03275799751281738,0.041936635971069336,0.037123456597328186,0.03275799751281738,0.03275799751281738,0.03275799751281738,0.041529927402734756,0.03275799751281738,0.03494895249605179,0.04773769900202751,0.042288243770599365,0.03656932711601257,0.03279914706945419,0.042973294854164124,0.03509802743792534
2015-03-12,0.032803166657686234,0.03850604593753815,0.032803166657686234,0.032803166657686234,0.0479867085814476,0.044841546565294266,0.03816666454076767,0.032803166657686234,0.032803166657686234,0.04415207356214523,0.032803166657686234,0.032803166657686234,0.032803166657686234,0.04018208011984825,0.037149038165807724,0.032803166657686234,0.032803166657686234,0.032803166657686234,0.04245856776833534,0.032803166657686234,0.03568641468882561,0.047591038048267365,0.042929284274578094,0.036474261432886124,0.032803166657686234,0.042884036898612976,0.034551024436950684
2015-03-13,0.032946355640888214,0.03950309008359909,0.032946355640888214,0.032946355640888214,0.047664888203144073,0.043820157647132874,0.03983573615550995,0.032946355640888214,0.032946355640888214,0.04258570447564125,0.032946355640888214,0.032946355640888214,0.032946355640888214,0.038720712065696716,0.03753640875220299,0.032946355640888214,0.03520388528704643,0.032946355640888214,0.04308617487549782,0.032946355640888214,0.03607042133808136,0.046721480786800385,0.040723882615566254,0.03600044175982475,0.03369796648621559,0.0434727817773819,0.032946355640888214
2015-03-16,0.0328439399600029,0.04011432081460953,0.0328439399600029,0.0328439399600029,0.048166487365961075,0.04370088875293732,0.03929108753800392,0.03359396755695343,0.0328439399600029,0.04229751229286194,0.0328439399600029,0.0328439399600029,0.0328439399600029,0.03722171112895012,0.037290774285793304,0.0328439399600029,0.03687351569533348,0.0328439399600029,0.04396408796310425,0.0328439399600029,0.03670623525977135,0.04573037102818489,0.04146996885538101,0.036063481122255325,0.032904885709285736,0.04332735762000084,0.0328439399600029
2015-03-17,0.03312527388334274,0.0387616790831089,0.03312527388334274,0.03312527388334274,0.04527720436453819,0.04175998643040657,0.04435942694544792,0.03312527388334274,0.03312527388334274,0.042425598949193954,0.03312527388334274,0.03312527388334274,0.03312527388334274,0.03645552694797516,0.03761940449476242,0.03312527388334274,0.03952569514513016,0.03312527388334274,0.039232611656188965,0.03312527388334274,0.03650164604187012,0.04647551104426384,0.03809276223182678,0.03481726720929146,0.03618979454040527,0.04500258341431618,0.03312527388334274
2015-03-18,0.03313203528523445,0.038664013147354126,0.03313203528523445,0.03313203528523445,0.045604925602674484,0.04119441285729408,0.04513590782880783,0.03313203528523445,0.03313203528523445,0.04221954569220543,0.03313203528523445,0.03313203528523445,0.03313203528523445,0.03592344745993614,0.037469010800123215,0.03313203528523445,0.04042042791843414,0.03313203528523445,0.03874467313289642,0.03313203528523445,0.03645065426826477,0.04650894179940224,0.03828240558505058,0.034594837576150894,0.03619072958827019,0.04501166194677353,0.03313203528523445
2015-03-19,0.03306695073843002,0.03817896172404289,0.03306695073843002,0.03306695073843002,0.04698057472705841,0.04157743230462074,0.046041883528232574,0.03306695073843002,0.03306695073843002,0.04349055141210556,0.03306695073843002,0.03306695073843002,0.03306695073843002,0.03615007922053337,0.03779161348938942,0.03306695073843002,0.04043184965848923,0.03306695073843002,0.038314782083034515,0.03306695073843002,0.03608015924692154,0.045847147703170776,0.03826635330915451,0.03447384014725685,0.036053434014320374,0.04351785033941269,0.03306695073843002
2015-03-20,0.03296784311532974,0.03827318549156189,0.03296784311532974,0.03296784311532974,0.04783104360103607,0.04171304032206535,0.04629429802298546,0.03353429213166237,0.03296784311532974,0.0435151532292366,0.03296784311532974,0.03296784311532974,0.03296784311532974,0.035035260021686554,0.03778892010450363,0.03296784311532974,0.041466712951660156,0.03296784311532974,0.0384419821202755,0.03296784311532974,0.03586597740650177,0.04539882764220238,0.039062414318323135,0.03423909470438957,0.03517061471939087,0.04297149181365967,0.033719196915626526
2015-03-23,0.03310813382267952,0.03600984811782837,0.03310813382267952,0.03310813382267952,0.042970314621925354,0.04331667721271515,0.04749671369791031,0.03310813382267952,0.03310813382267952,0.04471566155552864,0.03310813382267952,0.03310813382267952,0.03310813382267952,0.039003774523735046,0.03844552859663963,0.033211905509233475,0.03662906214594841,0.03365463390946388,0.036648284643888474,0.033498164266347885,0.03515258803963661,0.04949759691953659,0.038064032793045044,0.03381381183862686,0.036394890397787094,0.04346795752644539,0.03314349800348282
2015-03-24,0.03371751308441162,0.035563237965106964,0.03320012986660004,0.03320012986660004,0.0412580631673336,0.04359045997262001,0.04710305109620094,0.03320012986660004,0.03320012986660004,0.04407143592834473,0.03320012986660004,0.03320012986660004,0.03320012986660004,0.03986113891005516,0.03848195821046829,0.03332912176847458,0.035707827657461166,0.03337918967008591,0.036296818405389786,0.0337492860853672,0.035350628197193146,0.050543297082185745,0.037796322256326675,0.03378910943865776,0.036434344947338104,0.04437616467475891,0.03320012986660004
2015-03-25,0.033252034336328506,0.036148130893707275,0.033252034336328506,0.033252034336328506,0.04253367334604263,0.04280098155140877,0.04798881337046623,0.033252034336328506,0.033252034336328506,0.04319075122475624,0.033252034336328506,0.033252034336328506,0.033252034336328506,0.03839210420846939,0.038238514214754105,0.033252034336328506,0.03751106932759285,0.03348630294203758,0.03615521639585495,0.033364761620759964,0.03557751700282097,0.04956042021512985,0.03789595142006874,0.03408524766564369,0.036242932081222534,0.04430730268359184,0.033252034336328506
2015-03-26,0.033021729439496994,0.03819514065980911,0.033021729439496994,0.033021729439496994,0.047478582710027695,0.04067613184452057,0.046138301491737366,0.033941641449928284,0.033021729439496994,0.04317554086446762,0.033021729439496994,0.033021729439496994,0.033021729439496994,0.0349988229572773,0.0369228832423687,0.033021729439496994,0.04169366508722305,0.033021729439496994,0.03784529119729996,0.033021729439496994,0.036706674844026566,0.04492855817079544,0.03934667631983757,0.03489558398723602,0.03506923466920853,0.044236134737730026,0.03353387489914894
2015-03-27,0.03262224793434143,0.03826994448900223,0.03262224793434143,0.03262224793434143,0.04944402351975441,0.03955962508916855,0.044952213764190674,0.036885932087898254,0.03262224793434143,0.04444504901766777,0.03262224793434143,0.03262224793434143,0.03262224793434143,0.0351102389395237,0.036482468247413635,0.03262224793434143,0.042457327246665955,0.03262224793434143,0.0379415862262249,0.03262224793434143,0.037102773785591125,0.042720817029476166,0.03966109827160835,0.034606266766786575,0.03509209305047989,0.04498804733157158,0.03405801206827164
2015-03-30,0.03263172134757042,0.03766390681266785,0.03263172134757042,0.03263172134757042,0.04996799677610397,0.040740322321653366,0.045729417353868484,0.035310301929712296,0.03263172134757042,0.04524717107415199,0.03263172134757042,0.03263172134757042,0.03263172134757042,0.03658577427268028,0.03719565272331238,0.03263172134757042,0.04014379531145096,0.03263172134757042,0.03754817694425583,0.03263172134757042,0.03573613986372948,0.04424886405467987,0.04017286375164986,0.034478459507226944,0.034404803067445755,0.04367268830537796,0.034836478531360626
2015-03-31,0.03311590850353241,0.03653710335493088,0.03311590850353241,0.03311590850353241,0.044835034757852554,0.04134335368871689,0.048513103276491165,0.03311590850353241,0.03311590850353241,0.044059429317712784,0.03311590850353241,0.03311590850353241,0.03311590850353241,0.0377432145178318,0.03752465546131134,0.03311590850353241,0.03944334015250206,0.03334284573793411,0.03581493720412254,0.03311590850353241,0.03560884669423103,0.04769724979996681,0.03875948488712311,0.033524177968502045,0.03573170304298401,0.044905826449394226,0.03345653414726257
2015-04-01,0.033045582473278046,0.03694191202521324,0.033045582473278046,0.033045582473278046,0.046918146312236786,0.040987055748701096,0.04747236892580986,0.033169519156217575,0.033045582473278046,0.04363677278161049,0.033045582473278046,0.033045582473278046,0.033045582473278046,0.037672389298677444,0.03706963732838631,0.033045582473278046,0.038470588624477386,0.03311740234494209,0.0367141030728817,0.033045582473278046,0.035612210631370544,0.04670251905918121,0.03958507999777794,0.03388591483235359,0.03532956913113594,0.044776227325201035,0.034528303891420364
2015-04-02,0.032849352806806564,0.03816308081150055,0.032849352806806564,0.032849352806806564,0.04795905947685242,0.04081128165125847,0.04387393221259117,0.0352407805621624,0.032849352806806564,0.04326976463198662,0.032849352806806564,0.032849352806806564,0.032849352806806564,0.0364418663084507,0.03689657151699066,0.032849352806806564,0.03987431898713112,0.032849352806806564,0.03868594393134117,0.032849352806806564,0.03708919510245323,0.044881679117679596,0.040029656141996384,0.034998223185539246,0.03426675871014595,0.04475799575448036,0.034266397356987
2015-04-06,0.03285796567797661,0.03802252933382988,0.03285796567797661,0.03285796567797661,0.04737153649330139,0.04082794860005379,0.04467654973268509,0.0350080281496048,0.03285796567797661,0.04339521750807762,0.03285796567797661,0.03285796567797661,0.03285796567797661,0.03666239604353905,0.037046339362859726,0.03285796567797661,0.04015514999628067,0.03285796567797661,0.0386161282658577,0.03285796567797661,0.036952633410692215,0.04499887302517891,0.039730969816446304,0.034742437303066254,0.03462063893675804,0.044716764241456985,0.03387615084648132
2015-04-07,0.03344852477312088,0.03704097494482994,0.032988693565130234,0.032988693565130234,0.04442475363612175,0.041224155575037,0.044405486434698105,0.03439142182469368,0.032988693565130234,0.04477624595165253,0.032988693565130234,0.032988693565130234,0.032988693565130234,0.03923733904957771,0.03729335218667984,0.032988693565130234,0.038041580468416214,0.032988693565130234,0.036635871976614,0.032988693565130234,0.036890748888254166,0.04568317160010338,0.03791579231619835,0.034500207751989365,0.036361247301101685,0.04699380695819855,0.03383706137537956
2015-04-08,0.035485535860061646,0.036269672214984894,0.03296463564038277,0.03296463564038277,0.043094951659440994,0.041883017867803574,0.043939895927906036,0.03352557495236397,0.03296463564038277,0.04503551498055458,0.03296463564038277,0.03296463564038277,0.03296463564038277,0.04111967608332634,0.03756857290863991,0.033029425889253616,0.03615379333496094,0.03296463564038277,0.03590741008520126,0.03296463564038277,0.03641051426529884,0.04699566960334778,0.03734319284558296,0.03414033725857735,0.03696368634700775,0.047495968639850616,0.03392045944929123
2015-04-09,0.0340229794383049,0.03649803251028061,0.0330657921731472,0.0330657921731472,0.04349806159734726,0.04190670698881149,0.04454917088150978,0.0330657921731472,0.0330657921731472,0.04464120790362358,0.0330657921731472,0.0330657921731472,0.0330657921731472,0.04071570560336113,0.037600383162498474,0.0330657921731472,0.035901013761758804,0.0330657921731472,0.03682073578238487,0.0330657921731472,0.03633444756269455,0.047242388129234314,0.03793735429644585,0.03431272134184837,0.03668287396430969,0.046952780336141586,0.03372552618384361
2015-04-10,0.03438710421323776,0.036717724055051804,0.0331769622862339,0.0331769622862339,0.04253318905830383,0.0415540374815464,0.04414702579379082,0.0331769622862339,0.0331769622862339,0.04409046471118927,0.0331769622862339,0.0331769622862339,0.0331769622862339,0.040237925946712494,0.03745720535516739,0.0331769622862339,0.03630424290895462,0.0331769622862339,0.0367400199174881,0.0331769622862339,0.037186507135629654,0.046880170702934265,0.037074923515319824,0.03451324999332428,0.03724284470081329,0.047792866826057434,0.033370908349752426
2015-04-13,0.036232560873031616,0.03591534495353699,0.033335451036691666,0.033335451036691666,0.039597880095243454,0.0419233962893486,0.044451754540205,0.033335451036691666,0.033335451036691666,0.0442051999270916,0.033335451036691666,0.033335451036691666,0.033335451036691666,0.04051247611641884,0.0376398004591465,0.033335451036691666,0.03545885905623436,0.033335451036691666,0.035571299493312836,0.033335451036691666,0.03689008578658104,0.04853484407067299,0.03592202067375183,0.0341738797724247,0.037871960550546646,0.048408668488264084,0.033335451036691666
2015-04-14,0.03713090717792511,0.03621620684862137,0.03330003097653389,0.03330003097653389,0.03955886885523796,0.04203081503510475,0.042973801493644714,0.03330003097653389,0.03330003097653389,0.043921809643507004,0.03330003097653389,0.03330003097653389,0.03330003097653389,0.04011666029691696,0.037798717617988586,0.03330003097653389,0.03574984893202782,0.03330003097653389,0.03571700304746628,0.03330003097653389,0.03747912496328354,0.04839280620217323,0.035621993243694305,0.03457361459732056,0.03773580491542816,0.048681676387786865,0.03330003097653389
2015-04-15,0.03730839490890503,0.03659798577427864,0.0331537127494812,0.0331537127494812,0.039791207760572433,0.041960474103689194,0.04096822440624237,0.03344200551509857,0.0331537127494812,0.04503832012414932,0.0331537127494812,0.0331537127494812,0.0331537127494812,0.039494771510362625,0.03766077384352684,0.033428870141506195,0.03660667687654495,0.0331537127494812,0.03695979714393616,0.033157721161842346,0.03892231360077858,0.04642311856150627,0.03569171577692032,0.034845344722270966,0.037660032510757446,0.048561107367277145,0.03340516239404678
2015-04-16,0.04045445844531059,0.035795290023088455,0.0329180508852005,0.0329180508852005,0.03798612207174301,0.04249384254217148,0.0394737534224987,0.03297834098339081,0.0329180508852005,0.047363974153995514,0.0329180508852005,0.0329180508852005,0.0329180508852005,0.04111838340759277,0.038079701364040375,0.034420792013406754,0.035107869654893875,0.0329180508852005,0.035643916577100754,0.03345513343811035,0.03857286646962166,0.046263255178928375,0.034740518778562546,0.034720003604888916,0.038389820605516434,0.048530444502830505,0.03398517519235611
2015-04-17,0.038250744342803955,0.03643222898244858,0.03272922337055206,0.03272922337055206,0.0396304577589035,0.04243362694978714,0.039628610014915466,0.033921558409929276,0.03272922337055206,0.046789560467004776,0.03272922337055206,0.03272922337055206,0.03272922337055206,0.03929666802287102,0.038586121052503586,0.03412118926644325,0.03679675981402397,0.03272922337055206,0.0376395620405674,0.03344244509935379,0.039067599922418594,0.04535292834043503,0.03579636290669441,0.03489482030272484,0.03743727132678032,0.04716235026717186,0.034214504063129425
2015-04-20,0.03384055942296982,0.03830534219741821,0.03286300599575043,0.03286300599575043,0.04339318349957466,0.04229786619544029,0.03882083296775818,0.035673197358846664,0.03286300599575043,0.04410668835043907,0.03286300599575043,0.03286300599575043,0.03286300599575043,0.03733845800161362,0.0373658612370491,0.03286300599575043,0.03798765689134598,0.03286300599575043,0.0403800867497921,0.03286300599575043,0.03969891741871834,0.044739093631505966,0.03893820941448212,0.035958658903837204,0.03450092300772667,0.04686331748962402,0.034024108201265335
2015-04-21,0.03980470076203346,0.03647980839014053,0.03295650705695152,0.03295650705695152,0.03884684294462204,0.04257166385650635,0.038260843604803085,0.03403899818658829,0.03295650705695152,0.04629689082503319,0.03295650705695152,0.03295650705695152,0.03295650705695152,0.040835440158843994,0.03793039545416832,0.033804651349782944,0.034798577427864075,0.03295650705695152,0.036112550646066666,0.03295650705695152,0.039120759814977646,0.04593093320727348,0.03530676290392876,0.035621874034404755,0.036748599261045456,0.04924812912940979,0.03458953648805618
2015-04-22,0.038458097726106644,0.036790721118450165,0.032885387539863586,0.032885387539863586,0.04099223390221596,0.0432368665933609,0.036418214440345764,0.03461328148841858,0.032885387539863586,0.04531477764248848,0.032885387539863586,0.032885387539863586,0.032885387539863586,0.039830632507801056,0.03794998675584793,0.03302702307701111,0.034023866057395935,0.032885387539863586,0.03748023882508278,0.032885387539863586,0.03914518281817436,0.04704857990145683,0.03718981519341469,0.03686961531639099,0.034122537821531296,0.04874870553612709,0.03565655276179314
2015-04-23,0.038682080805301666,0.03605279698967934,0.03302161023020744,0.03302161023020744,0.039913810789585114,0.04334176704287529,0.03565533086657524,0.03429882973432541,0.03302161023020744,0.04582160338759422,0.03302161023020744,0.03302161023020744,0.03302161023020744,0.039492346346378326,0.03804909437894821,0.0331304632127285,0.03339783847332001,0.03302161023020744,0.037123821675777435,0.03302161023020744,0.03967159241437912,0.047375600785017014,0.03670729696750641,0.03657663241028786,0.03370567411184311,0.049853838980197906,0.03697676584124565
2015-04-24,0.03871722146868706,0.036137986928224564,0.03284430876374245,0.03284430876374245,0.04083454608917236,0.043748240917921066,0.036410652101039886,0.033689625561237335,0.03284430876374245,0.04568968713283539,0.03284430876374245,0.03284430876374245,0.03284430876374245,0.04093296080827713,0.038229066878557205,0.03364412859082222,0.03315034136176109,0.03284430876374245,0.03719373792409897,0.03284430876374245,0.03885941207408905,0.0481233224272728,0.03701426461338997,0.03640590235590935,0.0340852253139019,0.048194520175457,0.03618473559617996
2015-04-27,0.03858416900038719,0.0355353057384491,0.03272106498479843,0.03272106498479843,0.04222187399864197,0.04496711120009422,0.035777222365140915,0.03272106498479843,0.03272106498479843,0.0442928783595562,0.03272106498479843,0.03272106498479843,0.03272106498479843,0.04309878870844841,0.0383501797914505,0.033205293118953705,0.03272106498479843,0.03272106498479843,0.0366167314350605,0.03272106498479843,0.037281766533851624,0.05050642415881157,0.03782099112868309,0.03770972788333893,0.03272106498479843,0.04728512465953827,0.03681468591094017
2015-04-28,0.03981117159128189,0.035780590027570724,0.03266676887869835,0.03266676887869835,0.042206790298223495,0.04447814077138901,0.03476514667272568,0.033075492829084396,0.03266676887869835,0.04514283314347267,0.03266676887869835,0.03266676887869835,0.03266676887869835,0.04430572688579559,0.037856023758649826,0.0332317091524601,0.03266676887869835,0.03266676887869835,0.03588450700044632,0.03266676887869835,0.037406302988529205,0.04899673908948898,0.037215083837509155,0.03808756545186043,0.033191222697496414,0.047510117292404175,0.03705389425158501
2015-04-29,0.03909473866224289,0.03603114187717438,0.03281528875231743,0.03281528875231743,0.04111054539680481,0.044049348682165146,0.03544434532523155,0.03429923206567764,0.03281528875231743,0.0466219037771225,0.03281528875231743,0.03281528875231743,0.03281528875231743,0.04276476800441742,0.03773123770952225,0.03281528875231743,0.03281528875231743,0.03281528875231743,0.03445127233862877,0.03281528875231743,0.03771129250526428,0.04722185805439949,0.037033792585134506,0.0384686142206192,0.03281528875231743,0.04924456775188446,0.03775312006473541
2015-04-30,0.03773260489106178,0.03501880168914795,0.03226056694984436,0.03226056694984436,0.04536154121160507,0.04475531727075577,0.03704015910625458,0.034282322973012924,0.03226056694984436,0.04760773479938507,0.03226056694984436,0.03226056694984436,0.03226056694984436,0.04404357448220253,0.03820422664284706,0.032480545341968536,0.03226056694984436,0.03226056694984436,0.03540608286857605,0.03226056694984436,0.035884659737348557,0.04848866909742355,0.03971434384584427,0.037133339792490005,0.03226056694984436,0.04592631757259369,0.03831407427787781
2015-05-01,0.03728365898132324,0.035243500024080276,0.03232451528310776,0.03232451528310776,0.04572334885597229,0.044908370822668076,0.036673687398433685,0.0346992053091526,0.03232451528310776,0.046998269855976105,0.03232451528310776,0.03232451528310776,0.03232451528310776,0.04382218047976494,0.03798602893948555,0.03232451528310776,0.03232451528310776,0.03232451528310776,0.035517655313014984,0.03232451528310776,0.035683535039424896,0.0480930469930172,0.040195245295763016,0.03739278391003609,0.03232451528310776,0.04642045870423317,0.03778938576579094
2015-05-04,0.03774770721793175,0.03436154127120972,0.03237035125494003,0.03237035125494003,0.045297764241695404,0.045069653540849686,0.03736355900764465,0.033419620245695114,0.03237035125494003,0.04624815285205841,0.03237035125494003,0.03237035125494003,0.03237035125494003,0.044865112751722336,0.03854794055223465,0.03237035125494003,0.03237035125494003,0.03237035125494003,0.034743666648864746,0.03237035125494003,0.03485570475459099,0.04993099719285965,0.03967319801449776,0.03708479180932045,0.03237035125494003,0.04654793441295624,0.03816883638501167
2015-05-05,0.03836481273174286,0.03446870297193527,0.03245868906378746,0.03245868906378746,0.04437704011797905,0.044837601482868195,0.03715842217206955,0.03343375772237778,0.03245868906378746,0.046052489429712296,0.03245868906378746,0.03245868906378746,0.03245868906378746,0.04451112076640129,0.03864992782473564,0.03245868906378746,0.03245868906378746,0.03245868906378746,0.03428608179092407,0.03245868906378746,0.0351780503988266,0.049806393682956696,0.03890077397227287,0.03696594014763832,0.03245868906378746,0.0474860779941082,0.038477249443531036
2015-05-06,0.03774509206414223,0.03491513803601265,0.03235148265957832,0.03235148265957832,0.04596089571714401,0.04531469568610191,0.03655574098229408,0.0336800217628479,0.03235148265957832,0.04563489556312561,0.03235148265957832,0.03235148265957832,0.03235148265957832,0.04438094422221184,0.038402535021305084,0.03235148265957832,0.03235148265957832,0.03235148265957832,0.0353669710457325,0.03235148265957832,0.03501448035240173,0.04942413792014122,0.040064264088869095,0.03738803416490555,0.03235148265957832,0.04639933630824089,0.03788662329316139
2015-05-07,0.037480201572179794,0.034957405179739,0.032333679497241974,0.032333679497241974,0.04642259329557419,0.04550868272781372,0.036345262080430984,0.03354426100850105,0.032333679497241974,0.045159194618463516,0.032333679497241974,0.032333679497241974,0.032333679497241974,0.044339921325445175,0.038236770778894424,0.032350752502679825,0.032333679497241974,0.032333679497241974,0.035775840282440186,0.032333679497241974,0.0349867008626461,0.049899082630872726,0.04048942029476166,0.03759344294667244,0.032333679497241974,0.04602218046784401,0.03755151852965355
2015-05-08,0.0376553013920784,0.03460905700922012,0.032381586730480194,0.032381586730480194,0.046050895005464554,0.04552715644240379,0.03647185489535332,0.032957643270492554,0.032381586730480194,0.044626206159591675,0.032381586730480194,0.032381586730480194,0.032381586730480194,0.04488367587327957,0.03842619061470032,0.032578181475400925,0.032381586730480194,0.032381586730480194,0.035528186708688736,0.032381586730480194,0.03480865806341171,0.05077596381306648,0.04011252149939537,0.037514254450798035,0.032381586730480194,0.04601972550153732,0.03763866797089577
2015-05-11,0.03915565088391304,0.03367966413497925,0.03244435787200928,0.03244435787200928,0.043981969356536865,0.04489748179912567,0.03773476928472519,0.03244435787200928,0.03244435787200928,0.04530015215277672,0.03244435787200928,0.03244435787200928,0.03244435787200928,0.045968346297740936,0.03888513520359993,0.033083297312259674,0.03244435787200928,0.03244435787200928,0.03346601128578186,0.03244435787200928,0.03455370292067528,0.051313366740942,0.03811047971248627,0.036462608724832535,0.032742246985435486,0.04741933196783066,0.03880218788981438
2015-05-12,0.03854639455676079,0.03448899835348129,0.03240971267223358,0.03240971267223358,0.04466463252902031,0.04457123950123787,0.03681774064898491,0.0327853187918663,0.03240971267223358,0.04604817181825638,0.03240971267223358,0.03240971267223358,0.03240971267223358,0.04494991526007652,0.03897669166326523,0.033099085092544556,0.03240971267223358,0.03240971267223358,0.034772224724292755,0.03240971267223358,0.03516385704278946,0.0492076575756073,0.038575246930122375,0.036668483167886734,0.0329594686627388,0.04701872542500496,0.03899875283241272
2015-05-13,0.03674502670764923,0.03511728346347809,0.032571591436862946,0.032571591436862946,0.04512782394886017,0.044971298426389694,0.03617119416594505,0.032571591436862946,0.032571591436862946,0.045193444937467575,0.032571591436862946,0.032571591436862946,0.032571591436862946,0.04458186402916908,0.038412582129240036,0.032721102237701416,0.032571591436862946,0.032571591436862946,0.03615682199597359,0.032571591436862946,0.03541414812207222,0.04931112006306648,0.03950216993689537,0.037521883845329285,0.032571591436862946,0.04638119041919708,0.03838355094194412
2015-05-14,0.037547767162323,0.03448605164885521,0.03253290802240372,0.03253290802240372,0.04392639920115471,0.04429401829838753,0.036984022706747055,0.03253290802240372,0.03253290802240372,0.0466868057847023,0.03253290802240372,0.03253290802240372,0.03253290802240372,0.045200638473033905,0.03875339403748512,0.03310510143637657,0.03253290802240372,0.03253290802240372,0.034925978630781174,0.03253290802240372,0.03550654649734497,0.048673298209905624,0.0383552610874176,0.036599744111299515,0.03348790481686592,0.04688716679811478,0.039250846952199936
2015-05-15,0.0390433631837368,0.03359545022249222,0.03245000168681145,0.03245000168681145,0.04217030853033066,0.043167803436517715,0.03854900971055031,0.03255988284945488,0.03245000168681145,0.04836868867278099,0.03245000168681145,0.03245000168681145,0.03245000168681145,0.046142835170030594,0.0392160601913929,0.03384922817349434,0.03245000168681145,0.03286317363381386,0.033025264739990234,0.03245000168681145,0.035450588911771774,0.047431401908397675,0.036445386707782745,0.034917812794446945,0.03556907922029495,0.04775109887123108,0.04028354212641716
2015-05-18,0.03793758526444435,0.033223118633031845,0.032453130930662155,0.032453130930662155,0.04220876097679138,0.043666280806064606,0.038860566914081573,0.032453130930662155,0.032453130930662155,0.04810965433716774,0.032453130930662155,0.032453130930662155,0.032453130930662155,0.04627370089292526,0.03921496495604515,0.03379879146814346,0.032453130930662155,0.03332226723432541,0.03279881551861763,0.032453130930662155,0.0350811593234539,0.048573292791843414,0.036646485328674316,0.03508429974317551,0.03543071821331978,0.04706944525241852,0.040621861815452576
2015-05-19,0.03638361766934395,0.0334915965795517,0.03248637542128563,0.03248637542128563,0.042738109827041626,0.04397128149867058,0.03990894556045532,0.03248637542128563,0.03248637542128563,0.04710575193166733,0.03248637542128563,0.03248637542128563,0.03248637542128563,0.04493585228919983,0.03945302963256836,0.03366849943995476,0.03248637542128563,0.0339842215180397,0.034480493515729904,0.03248637542128563,0.03494708612561226,0.04968149960041046,0.037722233682870865,0.03500285744667053,0.034657176584005356,0.04609186574816704,0.0393984392285347
2015-05-20,0.0359848216176033,0.034043703228235245,0.032518211752176285,0.032518211752176285,0.04289240390062332,0.04415082186460495,0.037380773574113846,0.032518211752176285,0.032518211752176285,0.04704815149307251,0.032518211752176285,0.032518211752176285,0.032518211752176285,0.04392082989215851,0.03980294615030289,0.0334886834025383,0.032518211752176285,0.03377724066376686,0.035732220858335495,0.032518211752176285,0.03595463186502457,0.04901207983493805,0.03820542246103287,0.036005061119794846,0.033590856939554214,0.04594796895980835,0.040397487580776215
2015-05-21,0.035557858645915985,0.034164465963840485,0.03258352354168892,0.03258352354168892,0.04271043464541435,0.043737608939409256,0.037799593061208725,0.03258352354168892,0.03258352354168892,0.04702673852443695,0.03258352354168892,0.03258352354168892,0.03258352354168892,0.04329957067966461,0.0399143286049366,0.03337384760379791,0.03258352354168892,0.03407394886016846,0.0357467383146286,0.03258352354168892,0.03634016215801239,0.04829063639044762,0.037969063967466354,0.035961076617240906,0.03387962654232979,0.04660224914550781,0.04030034318566322
2015-05-22,0.03524519503116608,0.03426463529467583,0.0324191190302372,0.0324191190302372,0.04390482231974602,0.04370378702878952,0.038433514535427094,0.0324191190302372,0.0324191190302372,0.047579940408468246,0.0324191190302372,0.0324191190302372,0.0324191190302372,0.04339941218495369,0.039845529943704605,0.03363565728068352,0.0324191190302372,0.03435616195201874,0.036311130970716476,0.0324191190302372,0.035928986966609955,0.04796626418828964,0.0384126715362072,0.035458359867334366,0.034006305038928986,0.04556351155042648,0.040212035179138184
2015-05-26,0.03541223332285881,0.03457192704081535,0.032316792756319046,0.032316792756319046,0.044876452535390854,0.04394916445016861,0.03786882758140564,0.032316792756319046,0.032316792756319046,0.047279324382543564,0.032316792756319046,0.032316792756319046,0.032316792756319046,0.04341971501708031,0.03982062637805939,0.033883579075336456,0.032316792756319046,0.03383983299136162,0.03687756881117821,0.032316792756319046,0.03602331876754761,0.04804018512368202,0.03866582736372948,0.0356714241206646,0.03388793021440506,0.045042816549539566,0.04001813009381294
2015-05-27,0.03397999703884125,0.03557382896542549,0.03249959275126457,0.03249959275126457,0.04631464555859566,0.04467897489666939,0.03608822822570801,0.0325164757668972,0.03249959275126457,0.04599566012620926,0.03249959275126457,0.03249959275126457,0.03249959275126457,0.042705122381448746,0.0388825349509716,0.03269490227103233,0.03249959275126457,0.03249959275126457,0.03797655925154686,0.03249959275126457,0.03644281625747681,0.048008374869823456,0.040271688252687454,0.03739427775144577,0.03249959275126457,0.04575255885720253,0.03972740098834038
2015-05-28,0.034537408500909805,0.03507059067487717,0.03251143917441368,0.03251143917441368,0.04574102163314819,0.04439792037010193,0.03672299161553383,0.03251143917441368,0.03251143917441368,0.04567771777510643,0.03251143917441368,0.03251143917441368,0.03251143917441368,0.043034520000219345,0.03917767107486725,0.03316411003470421,0.03251143917441368,0.03256518393754959,0.03714727982878685,0.03251143917441368,0.03643094375729561,0.04863147437572479,0.03942310810089111,0.0366874523460865,0.03251143917441368,0.04650671407580376,0.039969511330127716
2015-05-29,0.03348647430539131,0.035200588405132294,0.03263556957244873,0.03263556957244873,0.045673172920942307,0.04392552003264427,0.036751363426446915,0.03297531232237816,0.03263556957244873,0.0456613264977932,0.03263556957244873,0.03263556957244873,0.03263556957244873,0.04233814403414726,0.038891542702913284,0.03297077864408493,0.03263556957244873,0.03263556957244873,0.03714132681488991,0.03263556957244873,0.03707520291209221,0.04762896150350571,0.03934961184859276,0.03653695806860924,0.03263556957244873,0.047419413924217224,0.04061863571405411
2015-06-01,0.0329732745885849,0.03531660512089729,0.03260812163352966,0.03260812163352966,0.04599657654762268,0.04405461996793747,0.03616819903254509,0.03387393057346344,0.03260812163352966,0.045744769275188446,0.03260812163352966,0.03260812163352966,0.03260812163352966,0.04105367884039879,0.03853721171617508,0.03260812163352966,0.03260812163352966,0.03260812163352966,0.03715095669031143,0.03260812163352966,0.03760749474167824,0.04743059724569321,0.039730168879032135,0.03666960448026657,0.03260812163352966,0.04788040369749069,0.04112255200743675
2015-06-02,0.03370557725429535,0.03529510647058487,0.03255749121308327,0.03255749121308327,0.046028610318899155,0.044765084981918335,0.03578433021903038,0.033067598938941956,0.03255749121308327,0.045252829790115356,0.03255749121308327,0.03255749121308327,0.03255749121308327,0.04199059680104256,0.03864112123847008,0.03255749121308327,0.03255749121308327,0.03255749121308327,0.03725171834230423,0.03255749121308327,0.03703455626964569,0.048631902784109116,0.03993711248040199,0.03718169778585434,0.03255749121308327,0.04686712101101875,0.0404326431453228
2015-06-03,0.03253719210624695,0.03694814071059227,0.03253719210624695,0.03253719210624695,0.04712506756186485,0.04420919716358185,0.03438825160264969,0.0346304327249527,0.03253719210624695,0.045300841331481934,0.03253719210624695,0.03253719210624695,0.03253719210624695,0.04029218107461929,0.037692856043577194,0.03253719210624695,0.03253719210624695,0.03253719210624695,0.040103767067193985,0.03253719210624695,0.038252029567956924,0.045708633959293365,0.04140345752239227,0.03815385326743126,0.03253719210624695,0.04560800641775131,0.03973691165447235
2015-06-04,0.03256206959486008,0.037208907306194305,0.03254351019859314,0.03254351019859314,0.04723171144723892,0.04435662925243378,0.03467738628387451,0.034017413854599,0.03254351019859314,0.04464902728796005,0.03254351019859314,0.03254351019859314,0.03254351019859314,0.04083662107586861,0.03810172528028488,0.03254351019859314,0.03254351019859314,0.03254351019859314,0.040552906692028046,0.03254351019859314,0.038131918758153915,0.04631222411990166,0.041124407202005386,0.0383245013654232,0.03254351019859314,0.045160870999097824,0.0387730710208416
2015-06-05,0.03254370391368866,0.03815678507089615,0.032364532351493835,0.032364532351493835,0.04897197335958481,0.044305820018053055,0.03254609555006027,0.036148957908153534,0.032364532351493835,0.04486221820116043,0.032364532351493835,0.032364532351493835,0.032364532351493835,0.0397174172103405,0.03693366423249245,0.03260985389351845,0.0329199954867363,0.032364532351493835,0.0412166565656662,0.032364532351493835,0.03878976032137871,0.04463014751672745,0.0420084111392498,0.03883591666817665,0.032364532351493835,0.04445042088627815,0.03907135874032974
2015-06-08,0.03211156278848648,0.03874935954809189,0.03211156278848648,0.03211156278848648,0.050560109317302704,0.04401345178484917,0.03211156278848648,0.03802379593253136,0.03211156278848648,0.04510516673326492,0.03211156278848648,0.03211156278848648,0.03211156278848648,0.03851765766739845,0.03593521565198898,0.03261074423789978,0.034036606550216675,0.03211156278848648,0.0425259992480278,0.03211156278848648,0.03932284191250801,0.043108634650707245,0.04302946478128433,0.038550857454538345,0.03211156278848648,0.0431985966861248,0.039484262466430664
2015-06-09,0.032510802149772644,0.03864247724413872,0.032056283205747604,0.032056283205747604,0.04987436160445213,0.04346455633640289,0.032056283205747604,0.039776578545570374,0.032056283205747604,0.046010859310626984,0.032056283205747604,0.032056283205747604,0.032056283205747604,0.03809303790330887,0.03550142049789429,0.032682448625564575,0.034938763827085495,0.032056283205747604,0.041958652436733246,0.032056283205747604,0.03978502377867699,0.041968733072280884,0.04242275282740593,0.03795740380883217,0.032056283205747604,0.04404488950967789,0.039804402738809586
2015-06-10,0.03326085954904556,0.03792417421936989,0.03215410187840462,0.03215410187840462,0.04896825551986694,0.043080586940050125,0.03215410187840462,0.04032120108604431,0.03215410187840462,0.04704175144433975,0.03215410187840462,0.03215410187840462,0.03215410187840462,0.03835306316614151,0.0354498066008091,0.03309420496225357,0.035403717309236526,0.03215410187840462,0.039714694023132324,0.03215410187840462,0.039754562079906464,0.04189162328839302,0.04142177104949951,0.03790837898850441,0.03215410187840462,0.04470963776111603,0.04016069695353508
2015-06-11,0.03506265580654144,0.03725212439894676,0.03225042298436165,0.03225042298436165,0.04817065969109535,0.04379194602370262,0.03225042298436165,0.037767328321933746,0.03225042298436165,0.04656850919127464,0.03225042298436165,0.03225042298436165,0.03225042298436165,0.04047239571809769,0.03671886399388313,0.03410180285573006,0.03378279134631157,0.03225042298436165,0.038419827818870544,0.03225042298436165,0.03853762149810791,0.0438222661614418,0.040260061621665955,0.038461390882730484,0.03225042298436165,0.0447247289121151,0.039580829441547394
2015-06-12,0.036144278943538666,0.037172023206949234,0.03236299008131027,0.03236299008131027,0.04650643840432167,0.04343479871749878,0.03328002989292145,0.036760397255420685,0.03236299008131027,0.04618697986006737,0.03236299008131027,0.03236299008131027,0.03236299008131027,0.04096129909157753,0.037422142922878265,0.03431558236479759,0.03374364972114563,0.03236299008131027,0.03815473988652229,0.03236299008131027,0.03897110000252724,0.044205229729413986,0.03871738165616989,0.03812878951430321,0.03294145688414574,0.045397575944662094,0.0386522002518177
2015-06-15,0.03497963398694992,0.038097888231277466,0.03234504535794258,0.03234504535794258,0.04721193388104439,0.04298602417111397,0.03234504535794258,0.038407210260629654,0.03234504535794258,0.046470675617456436,0.03234504535794258,0.03234504535794258,0.03234504535794258,0.0397881343960762,0.03650625795125961,0.03414003923535347,0.03476354479789734,0.03234504535794258,0.039175402373075485,0.03234504535794258,0.03969738259911537,0.0425194576382637,0.03934387490153313,0.03806992620229721,0.03234504535794258,0.045475758612155914,0.038916345685720444
2015-06-16,0.03345319256186485,0.03839914873242378,0.03232862427830696,0.03232862427830696,0.04799605533480644,0.04289855435490608,0.03232862427830696,0.039446067065000534,0.03232862427830696,0.045829251408576965,0.03232862427830696,0.03232862427830696,0.03232862427830696,0.03847847133874893,0.035958047956228256,0.033365752547979355,0.035663820803165436,0.03232862427830696,0.04026466980576515,0.03232862427830696,0.04004831984639168,0.04251329228281975,0.04052119329571724,0.03809043765068054,0.03232862427830696,0.04479259252548218,0.03899485990405083
2015-06-17,0.03432025760412216,0.03768879175186157,0.032338112592697144,0.032338112592697144,0.04755435511469841,0.04307420551776886,0.03367042914032936,0.03766253590583801,0.032338112592697144,0.045793309807777405,0.032338112592697144,0.032338112592697144,0.032338112592697144,0.03927695006132126,0.03719140589237213,0.03388737142086029,0.03529175743460655,0.032338112592697144,0.03914674371480942,0.032338112592697144,0.039667073637247086,0.04374650493264198,0.039265602827072144,0.03781463950872421,0.032338112592697144,0.04550197347998619,0.038403067737817764
2015-06-18,0.035468537360429764,0.036781199276447296,0.032278407365083694,0.032278407365083694,0.04692551866173744,0.043320123106241226,0.035204481333494186,0.03603741526603699,0.032278407365083694,0.046577632427215576,0.032278407365083694,0.032278407365083694,0.032278407365083694,0.04095976799726486,0.03786450996994972,0.03412330150604248,0.03413121774792671,0.032278407365083694,0.03762656822800636,0.032278407365083694,0.038407549262046814,0.04481644183397293,0.03878556191921234,0.03754490613937378,0.03356678783893585,0.045574188232421875,0.03805708885192871
2015-06-19,0.03855770453810692,0.03555012494325638,0.032294295728206635,0.032294295728206635,0.04477793723344803,0.04302447661757469,0.037769414484500885,0.033817023038864136,0.032294295728206635,0.047689519822597504,0.032294295728206635,0.032294295728206635,0.032294295728206635,0.044599633663892746,0.038692403584718704,0.03480866178870201,0.032294295728206635,0.032294295728206635,0.03525149077177048,0.032294295728206635,0.036626700311899185,0.045401860028505325,0.03594343364238739,0.03678547218441963,0.03729755058884621,0.04516422003507614,0.037593673914670944
2015-06-22,0.038537949323654175,0.03567087650299072,0.032357972115278244,0.032357972115278244,0.04475004971027374,0.043141890317201614,0.0376540943980217,0.03358185291290283,0.032357972115278244,0.04771813005208969,0.032357972115278244,0.032357972115278244,0.032357972115278244,0.04427008703351021,0.038498248904943466,0.03465430811047554,0.032357972115278244,0.032357972115278244,0.03523819148540497,0.032357972115278244,0.03646256402134895,0.04578082263469696,0.0361751914024353,0.03700117766857147,0.03716472163796425,0.045095134526491165,0.03738291189074516
2015-06-23,0.03875868767499924,0.035776883363723755,0.03239061310887337,0.03239061310887337,0.04330717772245407,0.04323352128267288,0.03727298229932785,0.033539071679115295,0.03239061310887337,0.04814591258764267,0.03239061310887337,0.03239061310887337,0.03239061310887337,0.043863695114851,0.03875450789928436,0.03479069471359253,0.03239061310887337,0.03239061310887337,0.03634641692042351,0.03251674771308899,0.037329088896512985,0.04536672309041023,0.036063190549612045,0.036931347101926804,0.037255190312862396,0.044592730700969696,0.03703045845031738
2015-06-24,0.03746639937162399,0.0363483726978302,0.03235674649477005,0.03235674649477005,0.04361104220151901,0.04299348220229149,0.03683893010020256,0.034280888736248016,0.03235674649477005,0.04798700287938118,0.03235674649477005,0.03235674649477005,0.03235674649477005,0.04223477467894554,0.03897053748369217,0.03464405611157417,0.03369251638650894,0.03235674649477005,0.03766392543911934,0.03261914104223251,0.03850693628191948,0.043884389102458954,0.03627561405301094,0.037218235433101654,0.03696650266647339,0.04410131648182869,0.03719867765903473
2015-06-25,0.03547389805316925,0.03728140890598297,0.03248797729611397,0.03248797729611397,0.04586203396320343,0.04312267526984215,0.036115918308496475,0.034627385437488556,0.03248797729611397,0.046157874166965485,0.03248797729611397,0.03248797729611397,0.03248797729611397,0.04117663949728012,0.038296204060316086,0.03406285122036934,0.03365793451666832,0.03248797729611397,0.03821658715605736,0.03248797729611397,0.03841838613152504,0.04465958848595619,0.0377514474093914,0.037971414625644684,0.034944675862789154,0.04496781527996063,0.0373314805328846
2015-06-26,0.03273316100239754,0.038214825093746185,0.032560039311647415,0.032560039311647415,0.047836221754550934,0.04299779608845711,0.03588767722249031,0.035585418343544006,0.032560039311647415,0.044778987765312195,0.032560039311647415,0.032560039311647415,0.032560039311647415,0.038831669837236404,0.03790799155831337,0.03324134647846222,0.0351124033331871,0.032560039311647415,0.03977532684803009,0.032560039311647415,0.039268895983695984,0.0443795770406723,0.039389487355947495,0.03818923234939575,0.0328667014837265,0.0448906384408474,0.03763224184513092
2015-06-29,0.033651191741228104,0.03822917491197586,0.03250740468502045,0.03250740468502045,0.047693654894828796,0.04286470264196396,0.035584162920713425,0.0357629656791687,0.03250740468502045,0.044612955302000046,0.03250740468502045,0.03250740468502045,0.03250740468502045,0.0392904207110405,0.038007430732250214,0.03379148617386818,0.03536856919527054,0.03250740468502045,0.03969769552350044,0.03250740468502045,0.03908272832632065,0.043983764946460724,0.03857289254665375,0.03815317898988724,0.03357646241784096,0.044557835906744,0.03745950758457184
2015-06-30,0.03418130800127983,0.0379677452147007,0.032449010759592056,0.032449010759592056,0.04880690202116966,0.04315574839711189,0.03326134383678436,0.03827321156859398,0.032449010759592056,0.04573831334710121,0.032449010759592056,0.032449010759592056,0.032449010759592056,0.0395648218691349,0.035929564386606216,0.0329999104142189,0.035210203379392624,0.032449010759592056,0.03767409548163414,0.032449010759592056,0.03881300613284111,0.044173188507556915,0.04055233299732208,0.038007620722055435,0.032449010759592056,0.04512413591146469,0.038525406271219254
2015-07-01,0.034408021718263626,0.038079239428043365,0.03247997909784317,0.03247997909784317,0.04853508248925209,0.0429207868874073,0.032869625836610794,0.038946546614170074,0.03247997909784317,0.04567190259695053,0.03247997909784317,0.03247997909784317,0.03247997909784317,0.03946404531598091,0.03571547567844391,0.03308061882853508,0.03563482686877251,0.03247997909784317,0.037663619965314865,0.03247997909784317,0.0389687679708004,0.04396118223667145,0.04039619117975235,0.03795449063181877,0.03247997909784317,0.04492301493883133,0.03848675265908241
2015-07-02,0.034810394048690796,0.03793218359351158,0.03259352222084999,0.03259352222084999,0.04736434295773506,0.04231579229235649,0.036023274064064026,0.037521399557590485,0.03259352222084999,0.04619559645652771,0.03259352222084999,0.03259352222084999,0.03259352222084999,0.03988637402653694,0.0365469716489315,0.03346768394112587,0.03592877835035324,0.03259352222084999,0.03638779744505882,0.03259352222084999,0.03825853019952774,0.04390004649758339,0.03861546888947487,0.03738047555088997,0.03307640925049782,0.04633428528904915,0.037306010723114014
2015-07-06,0.03558894991874695,0.03756130114197731,0.032575130462646484,0.032575130462646484,0.04727353900671005,0.04238533973693848,0.036320026963949203,0.037247683852910995,0.032575130462646484,0.04640358313918114,0.032575130462646484,0.032575130462646484,0.032575130462646484,0.04031718149781227,0.03653493523597717,0.03371328487992287,0.03568808361887932,0.032575130462646484,0.03542380407452583,0.032575130462646484,0.037569813430309296,0.04420563578605652,0.03840690106153488,0.03721299022436142,0.03358566761016846,0.0464664064347744,0.037493884563446045
2015-07-07,0.036356374621391296,0.03726642206311226,0.032618287950754166,0.032618287950754166,0.046506740152835846,0.04297807067632675,0.03588144853711128,0.037307702004909515,0.032618287950754166,0.04637683928012848,0.032618287950754166,0.032618287950754166,0.032618287950754166,0.0406816229224205,0.0361596941947937,0.03318685665726662,0.03518983721733093,0.032618287950754166,0.0355745367705822,0.032618287950754166,0.03747051581740379,0.0453454963862896,0.039176445454359055,0.03740547224879265,0.03263726830482483,0.046722520142793655,0.03682989254593849
2015-07-08,0.0388699471950531,0.03603919968008995,0.032720476388931274,0.032720476388931274,0.043454211205244064,0.04293280094861984,0.039496101438999176,0.03433277830481529,0.032720476388931274,0.04601997509598732,0.032720476388931274,0.032720476388931274,0.032720476388931274,0.04312742501497269,0.03700850158929825,0.03343943506479263,0.033716991543769836,0.032720476388931274,0.03402223065495491,0.032720476388931274,0.035909272730350494,0.04741980507969856,0.037005167454481125,0.036139555275440216,0.035859424620866776,0.04846085235476494,0.03498247265815735
2015-07-09,0.03872501105070114,0.036182694137096405,0.032809097319841385,0.032809097319841385,0.04327267408370972,0.04315350577235222,0.03892412781715393,0.03451424837112427,0.032809097319841385,0.0463707335293293,0.032809097319841385,0.032809097319841385,0.032809097319841385,0.042918357998132706,0.0363178588449955,0.032921481877565384,0.03349902853369713,0.032809097319841385,0.03398691490292549,0.032809097319841385,0.03614787384867668,0.0475241020321846,0.03744905814528465,0.03645674139261246,0.03521159291267395,0.04910602048039436,0.03484511747956276
2015-07-10,0.0401872955262661,0.03584062680602074,0.032862965017557144,0.032862965017557144,0.041804779320955276,0.042305439710617065,0.04048367589712143,0.03367118164896965,0.032862965017557144,0.04624457284808159,0.032862965017557144,0.032862965017557144,0.032862965017557144,0.043806854635477066,0.03661671653389931,0.03333670273423195,0.03348929435014725,0.032862965017557144,0.032862965017557144,0.032862965017557144,0.0359727181494236,0.04715622961521149,0.03511926159262657,0.03566797077655792,0.03771902993321419,0.05020572617650032,0.03460525721311569
2015-07-13,0.04145107790827751,0.034928351640701294,0.03292805328965187,0.03292805328965187,0.03964216634631157,0.04173906520009041,0.04246640205383301,0.03292805328965187,0.03292805328965187,0.045980919152498245,0.03292805328965187,0.03292805328965187,0.03292805328965187,0.044371917843818665,0.036829374730587006,0.03356357663869858,0.03333654627203941,0.03292805328965187,0.03292805328965187,0.03292805328965187,0.035522814840078354,0.047923263162374496,0.03330984339118004,0.03509601205587387,0.03925048187375069,0.05145968496799469,0.03384789824485779
2015-07-14,0.041619814932346344,0.03475119173526764,0.03307292237877846,0.03307292237877846,0.03788354992866516,0.04088222235441208,0.04386872053146362,0.03307292237877846,0.03307292237877846,0.044943924993276596,0.03307292237877846,0.03307292237877846,0.03307292237877846,0.043641142547130585,0.03675196319818497,0.03346628695726395,0.03372275084257126,0.03307292237877846,0.03307292237877846,0.033113762736320496,0.03543103486299515,0.04773430898785591,0.03307292237877846,0.03474925830960274,0.041472017765045166,0.05216583237051964,0.03307292237877846
2015-07-15,0.04077857732772827,0.03494492918252945,0.03322305157780647,0.03322305157780647,0.0372435487806797,0.04041103273630142,0.04435471072793007,0.03322305157780647,0.03322305157780647,0.044419534504413605,0.03322305157780647,0.03322305157780647,0.03322305157780647,0.042212579399347305,0.036774054169654846,0.03329632803797722,0.034607600420713425,0.03322305157780647,0.03322305157780647,0.03330039978027344,0.035979263484478,0.04698434844613075,0.03322305157780647,0.03485521301627159,0.04269499331712723,0.051689352840185165,0.03322305157780647
2015-07-16,0.039964448660612106,0.03500211983919144,0.03329271450638771,0.03329271450638771,0.03690540790557861,0.04067171365022659,0.04426559433341026,0.03329271450638771,0.03329271450638771,0.043973520398139954,0.03329271450638771,0.03329271450638771,0.03329271450638771,0.04161692410707474,0.03681602329015732,0.03329271450638771,0.03482510522007942,0.03329271450638771,0.03329271450638771,0.03329271450638771,0.03640684112906456,0.046712834388017654,0.03329271450638771,0.03519480302929878,0.04266546294093132,0.05217389762401581,0.03329271450638771
2015-07-17,0.040086548775434494,0.03426208347082138,0.03333357349038124,0.03333357349038124,0.035936467349529266,0.041309382766485214,0.04421014338731766,0.03333357349038124,0.03333357349038124,0.0458657369017601,0.03333357349038124,0.03333357349038124,0.03333357349038124,0.042945101857185364,0.03707064315676689,0.03333357349038124,0.033624760806560516,0.03333357349038124,0.03333357349038124,0.03333357349038124,0.03573966771364212,0.04706466943025589,0.03333357349038124,0.03447673097252846,0.04134758934378624,0.052724000066518784,0.03333357349038124
2015-07-20,0.03865809366106987,0.03469856083393097,0.03337493911385536,0.03337493911385536,0.03693837672472,0.041855692863464355,0.04431306570768356,0.03337493911385536,0.03337493911385536,0.0453110970556736,0.03337493911385536,0.03337493911385536,0.03337493911385536,0.04231983423233032,0.037591058760881424,0.03337493911385536,0.03378063067793846,0.03337493911385536,0.03337493911385536,0.03337493911385536,0.03602537512779236,0.04724638909101486,0.03337493911385536,0.0350349098443985,0.04031817242503166,0.05203458294272423,0.03337493911385536
2015-07-21,0.03866490349173546,0.034523218870162964,0.03340446949005127,0.03340446949005127,0.03652975708246231,0.042524296790361404,0.042847756296396255,0.03340446949005127,0.03340446949005127,0.0453161783516407,0.03340446949005127,0.03340446949005127,0.03340446949005127,0.042444244027137756,0.037935640662908554,0.03340446949005127,0.03340446949005127,0.03340446949005127,0.03340446949005127,0.03340446949005127,0.03625437244772911,0.04703598842024803,0.03340446949005127,0.03557363152503967,0.03935075178742409,0.05291515216231346,0.0338260717689991
2015-07-22,0.03403061255812645,0.03578503057360649,0.03334111347794533,0.03334111347794533,0.04098645970225334,0.041656505316495895,0.04417434707283974,0.03334111347794533,0.03334111347794533,0.04309849068522453,0.03334111347794533,0.03334111347794533,0.03334111347794533,0.03987361490726471,0.03732704743742943,0.03334111347794533,0.035468388348817825,0.03334111347794533,0.03424213081598282,0.03334111347794533,0.03710406273603439,0.04534566402435303,0.03524539992213249,0.036650873720645905,0.03975933417677879,0.05199461430311203,0.03384627774357796
2015-07-23,0.03485808148980141,0.03564560040831566,0.03327483311295509,0.03327483311295509,0.04147128015756607,0.041323158890008926,0.045165177434682846,0.03327483311295509,0.03327483311295509,0.043099649250507355,0.03327483311295509,0.03327483311295509,0.03327483311295509,0.04004010930657387,0.03681314364075661,0.03327483311295509,0.03511081263422966,0.03327483311295509,0.0344260148704052,0.03332160785794258,0.03669934347271919,0.046113885939121246,0.03510737419128418,0.03597278147935867,0.04111621528863907,0.05096742883324623,0.03327483311295509
2015-07-24,0.035160355269908905,0.035600464791059494,0.033340588212013245,0.033340588212013245,0.04070247709751129,0.04205349460244179,0.043675556778907776,0.033340588212013245,0.033340588212013245,0.04261865094304085,0.033340588212013245,0.033340588212013245,0.033340588212013245,0.04044937342405319,0.036356061697006226,0.033340588212013245,0.034046921879053116,0.033340588212013245,0.03563659265637398,0.033340588212013245,0.03695881366729736,0.04722725227475166,0.035701025277376175,0.03595518693327904,0.03972988575696945,0.051381442695856094,0.033340588212013245
2015-07-27,0.035312920808792114,0.03585899621248245,0.03325977548956871,0.03325977548956871,0.04041428864002228,0.042876724153757095,0.04210098460316658,0.03325977548956871,0.03325977548956871,0.04253099486231804,0.03325977548956871,0.03325977548956871,0.03325977548956871,0.0404929593205452,0.0363386794924736,0.03325977548956871,0.03350856900215149,0.03325977548956871,0.036918677389621735,0.03325977548956871,0.03739575296640396,0.04672645032405853,0.036072805523872375,0.03635945916175842,0.03876084089279175,0.052473366260528564,0.03325977548956871
2015-07-28,0.03382265940308571,0.035692259669303894,0.033276304602622986,0.033276304602622986,0.039890579879283905,0.04285363107919693,0.04329198598861694,0.033276304602622986,0.03380498290061951,0.04311499372124672,0.033276304602622986,0.033276304602622986,0.033276304602622986,0.03883703798055649,0.035812005400657654,0.033276304602622986,0.03477344661951065,0.033276304602622986,0.03691667690873146,0.033276304602622986,0.037967272102832794,0.045797303318977356,0.03644288331270218,0.03594311326742172,0.037853922694921494,0.054422203451395035,0.033276304602622986
2015-07-29,0.03478817641735077,0.03541859611868858,0.03348001465201378,0.03348001465201378,0.04015076532959938,0.04205169901251793,0.044584427028894424,0.03348001465201378,0.03348001465201378,0.04292873293161392,0.03348001465201378,0.03348001465201378,0.03348001465201378,0.0397232361137867,0.03638846427202225,0.03348001465201378,0.0350390262901783,0.03348001465201378,0.03432121500372887,0.03348001465201378,0.036757856607437134,0.047928567975759506,0.03565947338938713,0.03573046624660492,0.038232047110795975,0.052017077803611755,0.03348001465201378
2015-07-30,0.035094063729047775,0.03531608358025551,0.03363151103258133,0.03363151103258133,0.0387321375310421,0.0421094112098217,0.04547039046883583,0.03363151103258133,0.03363151103258133,0.042293936014175415,0.03363151103258133,0.03363151103258133,0.03363151103258133,0.04000729322433472,0.03663697466254234,0.03363151103258133,0.03491893783211708,0.03363151103258133,0.03363151103258133,0.033671751618385315,0.03622724488377571,0.04840908944606781,0.03483106195926666,0.03581353649497032,0.0392363965511322,0.05128505453467369,0.03363151103258133
2015-07-31,0.03482400253415108,0.035758309066295624,0.03358723595738411,0.03358723595738411,0.03896891325712204,0.04334266483783722,0.0419418029487133,0.03358723595738411,0.03358723595738411,0.0425838865339756,0.03358723595738411,0.03358723595738411,0.03358723595738411,0.042086418718099594,0.03735826164484024,0.03358723595738411,0.03358723595738411,0.03358723595738411,0.035625606775283813,0.03358723595738411,0.036332398653030396,0.04814949631690979,0.035739075392484665,0.036596737802028656,0.03745496645569801,0.05019066855311394,0.03358723595738411
2015-08-03,0.03437630459666252,0.03526337444782257,0.03364945575594902,0.03364945575594902,0.03802239149808884,0.043693721294403076,0.0417301207780838,0.03364945575594902,0.03364945575594902,0.04306259751319885,0.03364945575594902,0.03364945575594902,0.03364945575594902,0.04198271408677101,0.037577416747808456,0.03364945575594902,0.03364945575594902,0.03364945575594902,0.03464058041572571,0.03364945575594902,0.03602903336286545,0.046950049698352814,0.03520859777927399,0.03676881641149521,0.03796802833676338,0.052932754158973694,0.03364945575594902
2015-08-04,0.03373715281486511,0.03537798672914505,0.03373715281486511,0.03373715281486511,0.03688933700323105,0.04347623884677887,0.04204394295811653,0.03373715281486511,0.03373715281486511,0.04208948463201523,0.03373715281486511,0.03373715281486511,0.03373715281486511,0.04005824029445648,0.03726150840520859,0.03373715281486511,0.03373715281486511,0.03373715281486511,0.03586002439260483,0.03373715281486511,0.03756432980298996,0.045076560229063034,0.034875236451625824,0.03732908144593239,0.037969477474689484,0.05554554983973503,0.03373715281486511
2015-08-05,0.033777907490730286,0.03486388176679611,0.033777907490730286,0.033777907490730286,0.03651118278503418,0.0432807020843029,0.04195119068026543,0.033777907490730286,0.033777907490730286,0.04270460456609726,0.033777907490730286,0.033777907490730286,0.033777907490730286,0.04116189479827881,0.03727924823760986,0.033777907490730286,0.033777907490730286,0.033777907490730286,0.03486640006303787,0.033777907490730286,0.03754318132996559,0.04464598000049591,0.034284744411706924,0.037175439298152924,0.03828383609652519,0.05633490905165672,0.033777907490730286
2015-08-06,0.03375154733657837,0.033883608877658844,0.03371845558285713,0.03371845558285713,0.037270233035087585,0.043117016553878784,0.04488108679652214,0.03371845558285713,0.03371845558285713,0.04383311793208122,0.03371845558285713,0.03371845558285713,0.03371845558285713,0.040656380355358124,0.03718411549925804,0.03371845558285713,0.03371845558285713,0.03371845558285713,0.03371845558285713,0.03371845558285713,0.03590291738510132,0.04671822488307953,0.03485997021198273,0.03640519827604294,0.03779464215040207,0.05540197715163231,0.03371845558285713
2015-08-07,0.033815089613199234,0.034482743591070175,0.033815089613199234,0.033815089613199234,0.03673924505710602,0.043376822024583817,0.04364436864852905,0.033815089613199234,0.033815089613199234,0.04318421334028244,0.033815089613199234,0.033815089613199234,0.033815089613199234,0.03985803946852684,0.03616713732481003,0.033815089613199234,0.033815089613199234,0.033815089613199234,0.033815089613199234,0.033815089613199234,0.03673168271780014,0.04665189981460571,0.03544256091117859,0.03788425400853157,0.03628532588481903,0.05614044517278671,0.033815089613199234
2015-08-10,0.03380481153726578,0.0359448567032814,0.03380481153726578,0.03380481153726578,0.03801508992910385,0.04372285678982735,0.03927408531308174,0.03380481153726578,0.03380481153726578,0.043778497725725174,0.03380481153726578,0.03380481153726578,0.03380481153726578,0.03947416692972183,0.03605751693248749,0.03380481153726578,0.03380481153726578,0.03380481153726578,0.03560926392674446,0.03380481153726578,0.038123782724142075,0.045425597578287125,0.03690647706389427,0.039927706122398376,0.03380481153726578,0.053113650530576706,0.035163894295692444
2015-08-11,0.03391975909471512,0.035036880522966385,0.03391975909471512,0.03391975909471512,0.036691538989543915,0.04358319565653801,0.040347348898649216,0.03391975909471512,0.03391975909471512,0.04467218741774559,0.03391975909471512,0.03391975909471512,0.03391975909471512,0.04126817733049393,0.03651782497763634,0.03391975909471512,0.03391975909471512,0.03391975909471512,0.03391975909471512,0.03391975909471512,0.03732729330658913,0.04658837616443634,0.03545127063989639,0.0392378568649292,0.03391975909471512,0.05331597849726677,0.035085443407297134
2015-08-12,0.03409961238503456,0.03543895483016968,0.03409961238503456,0.03409961238503456,0.034207530319690704,0.043366339057683945,0.039943940937519073,0.03409961238503456,0.03409961238503456,0.046068452298641205,0.03409961238503456,0.03409961238503456,0.03409961238503456,0.04078405350446701,0.03508927300572395,0.03409961238503456,0.03409961238503456,0.03409961238503456,0.03409961238503456,0.03409961238503456,0.03906812146306038,0.04471133276820183,0.03411715477705002,0.0402083620429039,0.03409961238503456,0.05506345257163048,0.034538403153419495
2015-08-13,0.03401657193899155,0.03586605563759804,0.03401657193899155,0.03401657193899155,0.03509236499667168,0.04344937205314636,0.04074489325284958,0.03401657193899155,0.03401657193899155,0.046087831258773804,0.03401657193899155,0.03401657193899155,0.03401657193899155,0.040658947080373764,0.03512866795063019,0.03401657193899155,0.03401657193899155,0.03401657193899155,0.03401657193899155,0.03401657193899155,0.03896360471844673,0.04511360079050064,0.03515385836362839,0.04040144011378288,0.03401657193899155,0.05309074744582176,0.03401657193899155
2015-08-14,0.03405480459332466,0.0358215756714344,0.03405480459332466,0.03405480459332466,0.03537801653146744,0.0437268391251564,0.040748074650764465,0.03405480459332466,0.03405480459332466,0.04475985839962959,0.03405480459332466,0.03405480459332466,0.03405480459332466,0.04039885476231575,0.035669956356287,0.03405480459332466,0.03405480459332466,0.03405480459332466,0.03405480459332466,0.03405480459332466,0.03785545006394386,0.04626430198550224,0.03523976728320122,0.0405297577381134,0.03405480459332466,0.05278552323579788,0.03405480459332466
2015-08-17,0.03400973230600357,0.03608246147632599,0.03400973230600357,0.03400973230600357,0.03583035618066788,0.043591056019067764,0.040634822100400925,0.03400973230600357,0.03400973230600357,0.04497718811035156,0.03400973230600357,0.03400973230600357,0.03400973230600357,0.04054541513323784,0.03598315268754959,0.03400973230600357,0.03400973230600357,0.03400973230600357,0.03400973230600357,0.03400973230600357,0.03795170783996582,0.04594363644719124,0.0354497954249382,0.0404236763715744,0.03410467132925987,0.052345797419548035,0.03400973230600357
2015-08-18,0.03384913131594658,0.03560981899499893,0.03384913131594658,0.03384913131594658,0.037558622658252716,0.043657101690769196,0.0410303957760334,0.03384913131594658,0.03384913131594658,0.04357725381851196,0.03384913131594658,0.03384913131594658,0.03384913131594658,0.04075140878558159,0.03674652427434921,0.03384913131594658,0.03384913131594658,0.03384913131594658,0.034945983439683914,0.03384913131594658,0.03786559775471687,0.04764368385076523,0.036141954362392426,0.039303939789533615,0.03384913131594658,0.051013316959142685,0.034115687012672424
2015-08-19,0.03390635550022125,0.03615064173936844,0.03390635550022125,0.03390635550022125,0.03728640079498291,0.04358931630849838,0.03964494541287422,0.03390635550022125,0.03390635550022125,0.043297771364450455,0.03390635550022125,0.03390635550022125,0.03390635550022125,0.04088321328163147,0.036726124584674835,0.03390635550022125,0.03390635550022125,0.03390635550022125,0.035466596484184265,0.03390635550022125,0.03848889097571373,0.04702192172408104,0.035747230052948,0.03921334072947502,0.034081969410181046,0.05122757703065872,0.03429778292775154
2015-08-20,0.033699434250593185,0.03742551431059837,0.03365425392985344,0.03365425392985344,0.03893467038869858,0.04426286369562149,0.036964625120162964,0.03365425392985344,0.03365425392985344,0.04297893866896629,0.03365425392985344,0.03365425392985344,0.03365425392985344,0.04055473580956459,0.03691753372550011,0.03365425392985344,0.03365425392985344,0.03365425392985344,0.03809965401887894,0.03365425392985344,0.03888407722115517,0.0467236265540123,0.03717667981982231,0.040217772126197815,0.03365425392985344,0.049209196120500565,0.03409961238503456
2015-08-21,0.03486698493361473,0.039005544036626816,0.03359629958868027,0.03359629958868027,0.04178933799266815,0.044011592864990234,0.03410239517688751,0.03359629958868027,0.03359629958868027,0.04298275709152222,0.03359629958868027,0.03359629958868027,0.03359629958868027,0.04088960215449333,0.034916434437036514,0.03359629958868027,0.03359629958868027,0.03359629958868027,0.03806859254837036,0.03359629958868027,0.03975996747612953,0.04577603191137314,0.038561202585697174,0.04072151705622673,0.03359629958868027,0.047053318470716476,0.03433915600180626
2015-08-24,0.034281715750694275,0.040099628269672394,0.03303913027048111,0.03303913027048111,0.04374174773693085,0.042390644550323486,0.03303913027048111,0.03833355754613876,0.03303913027048111,0.047495435923337936,0.03303913027048111,0.03303913027048111,0.03303913027048111,0.04000654071569443,0.03373034670948982,0.03303913027048111,0.03419412672519684,0.03303913027048111,0.03928425908088684,0.03303913027048111,0.04079822078347206,0.042288120836019516,0.04105670005083084,0.0381409153342247,0.03303913027048111,0.04627757519483566,0.034449994564056396
2015-08-25,0.034631434828042984,0.038044460117816925,0.032831430435180664,0.032831430435180664,0.04092453047633171,0.04168098792433739,0.032831430435180664,0.04136344790458679,0.03325362876057625,0.055199574679136276,0.032831430435180664,0.032831430435180664,0.032831430435180664,0.044083695858716965,0.032831430435180664,0.032831430435180664,0.032831430435180664,0.032831430435180664,0.03722609952092171,0.032831430435180664,0.03942260518670082,0.03833063691854477,0.04324048385024071,0.035934269428253174,0.032831430435180664,0.04843363165855408,0.03425333648920059
2015-08-26,0.037256043404340744,0.037369828671216965,0.032418686896562576,0.032418686896562576,0.043246787041425705,0.04245375469326973,0.032418686896562576,0.04259210824966431,0.032418686896562576,0.055176541209220886,0.032418686896562576,0.032418686896562576,0.032418686896562576,0.042960792779922485,0.03283197805285454,0.032418686896562576,0.032418686896562576,0.032418686896562576,0.03754658252000809,0.032418686896562576,0.03820975869894028,0.04072048142552376,0.04223768413066864,0.036325640976428986,0.032418686896562576,0.046626072376966476,0.035421717911958694
2015-08-27,0.041539110243320465,0.03525729104876518,0.03243163600564003,0.03243163600564003,0.04264160245656967,0.04333338513970375,0.03243163600564003,0.0417027585208416,0.03243163600564003,0.052491847425699234,0.03243163600564003,0.03243163600564003,0.03243163600564003,0.046408046036958694,0.03479883074760437,0.03243163600564003,0.03243163600564003,0.03243163600564003,0.03458752483129501,0.03243163600564003,0.03641430661082268,0.043443888425827026,0.03907705470919609,0.0369846448302269,0.03243163600564003,0.045724332332611084,0.03641572967171669
2015-08-28,0.042761463671922684,0.03557056561112404,0.03274109959602356,0.03274109959602356,0.041609153151512146,0.04350436106324196,0.03274109959602356,0.03819193318486214,0.03274109959602356,0.048267632722854614,0.03274109959602356,0.03274109959602356,0.03274109959602356,0.046670615673065186,0.03555804491043091,0.0329049788415432,0.03274109959602356,0.03274109959602356,0.03391488641500473,0.03274109959602356,0.037235334515571594,0.045911259949207306,0.037285953760147095,0.03813857212662697,0.03274109959602356,0.04690568521618843,0.03541737422347069
2015-08-31,0.043052513152360916,0.03556026518344879,0.03273508697748184,0.03273508697748184,0.041572172194719315,0.04364888742566109,0.03273508697748184,0.03750558942556381,0.03273508697748184,0.047713615000247955,0.03273508697748184,0.03273508697748184,0.03273508697748184,0.046936746686697006,0.03568585589528084,0.033126164227724075,0.03273508697748184,0.03273508697748184,0.033967260271310806,0.03273508697748184,0.037041712552309036,0.04656381532549858,0.0372801348567009,0.03819483891129494,0.03273508697748184,0.04673240706324577,0.035332079976797104
2015-09-01,0.04230666905641556,0.03573860228061676,0.032622985541820526,0.032622985541820526,0.041822321712970734,0.0434894785284996,0.032622985541820526,0.03815954178571701,0.032622985541820526,0.04875429347157478,0.032622985541820526,0.032622985541820526,0.032622985541820526,0.04698887839913368,0.035671453922986984,0.03301650658249855,0.032622985541820526,0.032622985541820526,0.03427117317914963,0.032622985541820526,0.037195026874542236,0.045500852167606354,0.037817440927028656,0.03777747601270676,0.032622985541820526,0.04679184406995773,0.03584557771682739
2015-09-02,0.04081573709845543,0.035572975873947144,0.03234635666012764,0.03234635666012764,0.043191246688365936,0.04312576726078987,0.03234635666012764,0.039651982486248016,0.03234635666012764,0.05155669525265694,0.03234635666012764,0.03234635666012764,0.03234635666012764,0.047225840389728546,0.03515057638287544,0.03290436789393425,0.03234635666012764,0.03234635666012764,0.03487813100218773,0.03234635666012764,0.036726951599121094,0.04449054226279259,0.039587732404470444,0.036878541111946106,0.03234635666012764,0.04594523459672928,0.03648779168725014
2015-09-03,0.04195902869105339,0.035284724086523056,0.03246748819947243,0.03246748819947243,0.042485665529966354,0.04341205582022667,0.03246748819947243,0.0384371317923069,0.03246748819947243,0.04945569857954979,0.03246748819947243,0.03246748819947243,0.03246748819947243,0.04781453311443329,0.035577479749917984,0.03333355858922005,0.03246748819947243,0.03246748819947243,0.03423263505101204,0.03246748819947243,0.0365593396127224,0.045660682022571564,0.0384230874478817,0.037424225360155106,0.03246748819947243,0.046396441757678986,0.03640133515000343
2015-09-04,0.041580501943826675,0.03580436483025551,0.03273382410407066,0.03273382410407066,0.041072022169828415,0.0434020534157753,0.03273382410407066,0.037438903003931046,0.03273382410407066,0.048553790897130966,0.03273382410407066,0.03273382410407066,0.03273382410407066,0.0472835935652256,0.03549788147211075,0.03317177668213844,0.03273382410407066,0.03273382410407066,0.0337241068482399,0.03273382410407066,0.03731931746006012,0.0456075444817543,0.03765390068292618,0.03779860585927963,0.03273382410407066,0.04767034947872162,0.03634924069046974
2015-09-08,0.0403725802898407,0.03573710471391678,0.032533012330532074,0.032533012330532074,0.04213718697428703,0.04328010976314545,0.032533012330532074,0.038104038685560226,0.032533012330532074,0.04982670396566391,0.032533012330532074,0.032533012330532074,0.032533012330532074,0.04762470722198486,0.0351143479347229,0.03317376971244812,0.032533012330532074,0.032533012330532074,0.03443986922502518,0.032533012330532074,0.03682544454932213,0.0451238714158535,0.03915267437696457,0.03750498220324516,0.032533012330532074,0.046882420778274536,0.03683696687221527
2015-09-09,0.04136720672249794,0.03586002066731453,0.03293532133102417,0.03293532133102417,0.04017660766839981,0.04341033473610878,0.03293532133102417,0.035547588020563126,0.03293532133102417,0.04765916243195534,0.03293532133102417,0.03293532133102417,0.03293532133102417,0.047517694532871246,0.03569427505135536,0.03317075967788696,0.03293532133102417,0.03293532133102417,0.03299204632639885,0.03293532133102417,0.03759210184216499,0.046460989862680435,0.03697732463479042,0.038409940898418427,0.03293532133102417,0.04890940338373184,0.03596606105566025
2015-09-10,0.03977873921394348,0.0364411361515522,0.03302709385752678,0.03302709385752678,0.040147505700588226,0.04334516450762749,0.03302709385752678,0.0347973071038723,0.03302709385752678,0.047894302755594254,0.03302709385752678,0.03302709385752678,0.03302709385752678,0.04706277325749397,0.03540414944291115,0.03302709385752678,0.03302709385752678,0.03302709385752678,0.03324330598115921,0.03302709385752678,0.03798258677124977,0.045850303024053574,0.03755655512213707,0.03861371427774429,0.03302709385752678,0.0494677871465683,0.03608957305550575
2015-09-11,0.03972110152244568,0.036340538412332535,0.032971907407045364,0.032971907407045364,0.040653642266988754,0.04358355328440666,0.032971907407045364,0.034822266548871994,0.032971907407045364,0.04771631956100464,0.032971907407045364,0.032971907407045364,0.032971907407045364,0.04706285148859024,0.03542283922433853,0.032971907407045364,0.032971907407045364,0.032971907407045364,0.03339609503746033,0.032971907407045364,0.03768265247344971,0.0461622029542923,0.03778098151087761,0.038628946989774704,0.032971907407045364,0.04917428269982338,0.036188799887895584
2015-09-14,0.04008861631155014,0.03609824925661087,0.03295017406344414,0.03295017406344414,0.04089962691068649,0.04372359812259674,0.03295017406344414,0.03460210934281349,0.03295017406344414,0.04720795154571533,0.03295017406344414,0.03295017406344414,0.03295017406344414,0.04702189192175865,0.035695139318704605,0.03306424617767334,0.03295017406344414,0.03295017406344414,0.033340293914079666,0.03295017406344414,0.03749264031648636,0.046957530081272125,0.037515245378017426,0.03856848180294037,0.03295017406344414,0.04905367270112038,0.03621881827712059
2015-09-15,0.03964003175497055,0.036185603588819504,0.03288266435265541,0.03288266435265541,0.0415811650454998,0.0439201295375824,0.03290775045752525,0.03410213440656662,0.03288266435265541,0.04701904207468033,0.03288266435265541,0.03288266435265541,0.03288266435265541,0.046833571046590805,0.03579951077699661,0.033086635172367096,0.03288266435265541,0.03288266435265541,0.03373478353023529,0.03288266435265541,0.03737196698784828,0.04747958853840828,0.037963878363370895,0.03852466866374016,0.03288266435265541,0.04890375956892967,0.036119136959314346
2015-09-16,0.04002310335636139,0.035921819508075714,0.0329289473593235,0.0329289473593235,0.041020043194293976,0.0438506044447422,0.03463185578584671,0.0329289473593235,0.0329289473593235,0.04678438976407051,0.0329289473593235,0.0329289473593235,0.0329289473593235,0.04706188291311264,0.03607424721121788,0.03341463580727577,0.0329289473593235,0.0329289473593235,0.0329289473593235,0.0329289473593235,0.036849915981292725,0.048405617475509644,0.03655237704515457,0.03842395544052124,0.03357398882508278,0.049266647547483444,0.03592647239565849
2015-09-17,0.040391214191913605,0.03547658026218414,0.03289620578289032,0.03289620578289032,0.04045044258236885,0.043670229613780975,0.03565594181418419,0.03289620578289032,0.03289620578289032,0.04675319790840149,0.03289620578289032,0.03289620578289032,0.03289620578289032,0.04747461900115013,0.03631666675209999,0.0336957611143589,0.03289620578289032,0.03289620578289032,0.03289620578289032,0.03289620578289032,0.03618327155709267,0.04872233420610428,0.03542701527476311,0.03802049160003662,0.03472506254911423,0.04927673563361168,0.03590218722820282
2015-09-18,0.03970477730035782,0.0350150428712368,0.0328817181289196,0.0328817181289196,0.040316931903362274,0.04300567880272865,0.03713984042406082,0.0328817181289196,0.0328817181289196,0.047631822526454926,0.0328817181289196,0.0328817181289196,0.0328817181289196,0.047211289405822754,0.03632912412285805,0.03355361148715019,0.0328817181289196,0.0328817181289196,0.0328817181289196,0.0328817181289196,0.035965945571660995,0.04839757829904556,0.03469732031226158,0.03746768832206726,0.03559635579586029,0.04986889287829399,0.036399196833372116
2015-09-21,0.04000715911388397,0.035620711743831635,0.03281088173389435,0.03281088173389435,0.041984304785728455,0.04395530745387077,0.03506403788924217,0.03281088173389435,0.03281088173389435,0.046939048916101456,0.03281088173389435,0.03281088173389435,0.03281088173389435,0.04634522646665573,0.03620414808392525,0.03349887952208519,0.03281088173389435,0.03281088173389435,0.03281088173389435,0.03281088173389435,0.03617049381136894,0.04897385463118553,0.036898642778396606,0.038329724222421646,0.034184981137514114,0.048662591725587845,0.03624116629362106
2015-09-22,0.04060721769928932,0.03515113145112991,0.03273383155465126,0.03273383155465126,0.041438765823841095,0.04408494010567665,0.03507091477513313,0.03273383155465126,0.03273383155465126,0.04735582694411278,0.03273383155465126,0.03273383155465126,0.03273383155465126,0.04726423695683479,0.03627350553870201,0.03372766077518463,0.03273383155465126,0.03273383155465126,0.03273383155465126,0.03273383155465126,0.03583064302802086,0.04916614666581154,0.03648196905851364,0.03806467354297638,0.03441666439175606,0.048480041325092316,0.03651360049843788
2015-09-23,0.04081312566995621,0.035501375794410706,0.03275599330663681,0.03275599330663681,0.041932135820388794,0.044410813599824905,0.03387404605746269,0.03289069980382919,0.03275599330663681,0.04689209163188934,0.03275599330663681,0.03275599330663681,0.03275599330663681,0.04697320982813835,0.03603488579392433,0.03373183682560921,0.03275599330663681,0.03275599330663681,0.03275599330663681,0.03275599330663681,0.03624076023697853,0.049240052700042725,0.037368666380643845,0.038562972098588943,0.03347867354750633,0.048133160918951035,0.03636157885193825
2015-09-24,0.040829140692949295,0.03531496971845627,0.03270411118865013,0.03270411118865013,0.04245750606060028,0.04445444047451019,0.03380251303315163,0.032802097499370575,0.03270411118865013,0.04650168493390083,0.03270411118865013,0.03270411118865013,0.03270411118865013,0.046862147748470306,0.0361124686896801,0.03394210711121559,0.03270411118865013,0.03270411118865013,0.03280859813094139,0.03270411118865013,0.036045949906110764,0.04981103166937828,0.03769778087735176,0.038510777056217194,0.033237483352422714,0.04805804416537285,0.0364142581820488
2015-09-25,0.04178433120250702,0.03490378335118294,0.032878682017326355,0.032878682017326355,0.04050467908382416,0.04448419436812401,0.034145087003707886,0.032878682017326355,0.032878682017326355,0.04614966735243797,0.032878682017326355,0.032878682017326355,0.032878682017326355,0.0473446361720562,0.03570597991347313,0.033597689121961594,0.032878682017326355,0.032878682017326355,0.032878682017326355,0.032878682017326355,0.03580572083592415,0.05024490877985954,0.03664512187242508,0.03892111778259277,0.032962117344141006,0.04913549870252609,0.035999979823827744
2015-09-28,0.04185105487704277,0.033848974853754044,0.03274296969175339,0.03274296969175339,0.03969835862517357,0.0447908416390419,0.034012340009212494,0.03274296969175339,0.03274296969175339,0.046309638768434525,0.03274296969175339,0.03274296969175339,0.03274296969175339,0.04938861355185509,0.03564032167196274,0.03394828364253044,0.03274296969175339,0.03274296969175339,0.03274296969175339,0.03274296969175339,0.03497408330440521,0.05147121846675873,0.03646613657474518,0.038520149886608124,0.033491842448711395,0.04875662922859192,0.03665886074304581
2015-09-29,0.041226066648960114,0.03434741869568825,0.03295883908867836,0.03295883908867836,0.037697985768318176,0.04455121234059334,0.033917687833309174,0.03295883908867836,0.03295883908867836,0.047436248511075974,0.03295883908867836,0.03295883908867836,0.03295883908867836,0.04933498427271843,0.03480653464794159,0.033103879541158676,0.03295883908867836,0.03295883908867836,0.03295883908867836,0.03295883908867836,0.03570978343486786,0.049967989325523376,0.03593940660357475,0.039200909435749054,0.03324279561638832,0.05067100003361702,0.03629881143569946
2015-09-30,0.04108011722564697,0.03412516415119171,0.03308078274130821,0.03308078274130821,0.03553874418139458,0.04451059550046921,0.03581779822707176,0.03308078274130821,0.03308078274130821,0.0478547178208828,0.03308078274130821,0.03308078274130821,0.03308078274130821,0.04923739656805992,0.03436058387160301,0.03308078274130821,0.03308078274130821,0.03308078274130821,0.03308078274130821,0.03308078274130821,0.035592205822467804,0.0501537062227726,0.034639354795217514,0.039175115525722504,0.03320800140500069,0.052098724991083145,0.03563838452100754
2015-10-01,0.041513603180646896,0.03342634439468384,0.03312402218580246,0.03312402218580246,0.03475360944867134,0.04400728642940521,0.037014685571193695,0.03312402218580246,0.03312402218580246,0.04788706824183464,0.03312402218580246,0.03312402218580246,0.03312402218580246,0.04927708953619003,0.03439163416624069,0.03312402218580246,0.03312402218580246,0.03312402218580246,0.03312402218580246,0.03312402218580246,0.035498619079589844,0.05019640550017357,0.03346661105751991,0.03844362497329712,0.03401685878634453,0.05259709432721138,0.03602128103375435
2015-10-02,0.041726719588041306,0.03335009515285492,0.033058177679777145,0.033058177679777145,0.03583866357803345,0.04415339604020119,0.03592205047607422,0.033058177679777145,0.033058177679777145,0.047772035002708435,0.033058177679777145,0.033058177679777145,0.033058177679777145,0.04980701953172684,0.03486878052353859,0.033058177679777145,0.033058177679777145,0.033058177679777145,0.033058177679777145,0.033058177679777145,0.03539029881358147,0.05050511285662651,0.033874135464429855,0.03826234117150307,0.03383742272853851,0.05112752318382263,0.036866359412670135
2015-10-05,0.04218769818544388,0.03305423632264137,0.03305179998278618,0.03305179998278618,0.035373132675886154,0.044021449983119965,0.03700735419988632,0.03305179998278618,0.03305179998278618,0.0483371801674366,0.03305179998278618,0.03305179998278618,0.03305179998278618,0.049997083842754364,0.0349557027220726,0.03305179998278618,0.03305179998278618,0.03305179998278618,0.03305179998278618,0.03305179998278618,0.0350298248231411,0.050511330366134644,0.03342439606785774,0.03753439337015152,0.03401989862322807,0.05128929018974304,0.03663541004061699
2015-10-06,0.04102374240756035,0.03281886503100395,0.03281886503100395,0.03281886503100395,0.03489924222230911,0.04323254153132439,0.0383971706032753,0.03281886503100395,0.03281886503100395,0.051922012120485306,0.03281886503100395,0.03281886503100395,0.03281886503100395,0.05098778381943703,0.03593975678086281,0.03402038663625717,0.03281886503100395,0.03281886503100395,0.03281886503100395,0.03281886503100395,0.03434738889336586,0.047767508774995804,0.03281886503100395,0.03481283783912659,0.03721490874886513,0.05063934624195099,0.038150131702423096
2015-10-07,0.03985260799527168,0.03285762667655945,0.03285762667655945,0.03285762667655945,0.034233514219522476,0.04342806339263916,0.03732583299279213,0.03285762667655945,0.03285762667655945,0.05381251871585846,0.03285762667655945,0.03285762667655945,0.03285762667655945,0.05184020847082138,0.03554172068834305,0.03368748724460602,0.03285762667655945,0.03285762667655945,0.03285762667655945,0.03285762667655945,0.034495268017053604,0.046768445521593094,0.03285762667655945,0.03522450849413872,0.03685038164258003,0.05059504508972168,0.039195239543914795
2015-10-08,0.038752730935811996,0.03307624161243439,0.03307624161243439,0.03307624161243439,0.03307624161243439,0.04245055839419365,0.03904673829674721,0.03307624161243439,0.03307624161243439,0.05538394674658775,0.03307624161243439,0.03307624161243439,0.03307624161243439,0.050844017416238785,0.03458886966109276,0.03307624161243439,0.03307624161243439,0.03307624161243439,0.03307624161243439,0.03307624161243439,0.035168007016181946,0.044060416519641876,0.03307624161243439,0.035150833427906036,0.03766994923353195,0.052400197833776474,0.03834008425474167
2015-10-09,0.03886151686310768,0.03312182053923607,0.03312182053923607,0.03312182053923607,0.03312182053923607,0.04226336628198624,0.04026373103260994,0.03312182053923607,0.03312182053923607,0.05548517033457756,0.03312182053923607,0.03312182053923607,0.03312182053923607,0.050366126000881195,0.03462136536836624,0.03312182053923607,0.03312182053923607,0.03312182053923607,0.03312182053923607,0.03312182053923607,0.03503011167049408,0.04372655227780342,0.03312182053923607,0.0345953106880188,0.03838631883263588,0.052251946181058884,0.03732115402817726
2015-10-12,0.03794580325484276,0.0333625003695488,0.03318795561790466,0.03318795561790466,0.03318795561790466,0.04193495213985443,0.04063300043344498,0.03318795561790466,0.03318795561790466,0.05528577044606209,0.03318795561790466,0.03318795561790466,0.03318795561790466,0.049636781215667725,0.03492051735520363,0.03318795561790466,0.03318795561790466,0.03318795561790466,0.03318795561790466,0.03318795561790466,0.03560808673501015,0.04349573701620102,0.03318795561790466,0.034755390137434006,0.038608480244874954,0.05174291878938675,0.03743863105773926
2015-10-13,0.03666989505290985,0.033611588180065155,0.03334115073084831,0.03334115073084831,0.03372248262166977,0.041661567986011505,0.041677676141262054,0.03334115073084831,0.03334115073084831,0.05402350425720215,0.03334115073084831,0.03334115073084831,0.03334115073084831,0.04883870854973793,0.03505152463912964,0.03334115073084831,0.03334115073084831,0.03334115073084831,0.03334115073084831,0.03334115073084831,0.03613978251814842,0.044650230556726456,0.03334115073084831,0.03484078869223595,0.03863273561000824,0.05015787109732628,0.03688674420118332
2015-10-14,0.03522107005119324,0.033822160214185715,0.03325701504945755,0.03325701504945755,0.036070939153432846,0.0413687564432621,0.04195597395300865,0.03325701504945755,0.03325701504945755,0.05335651710629463,0.03325701504945755,0.03325701504945755,0.03325701504945755,0.0487789660692215,0.035114992409944534,0.03325701504945755,0.03325701504945755,0.03346948325634003,0.03325701504945755,0.03325701504945755,0.036482684314250946,0.04500630497932434,0.03390827402472496,0.03521522134542465,0.03825059533119202,0.04868481680750847,0.03746618330478668
2015-10-15,0.035870615392923355,0.03381393849849701,0.03317795321345329,0.03317795321345329,0.03528646007180214,0.041904959827661514,0.03915178403258324,0.03317795321345329,0.03317795321345329,0.054657842963933945,0.03317795321345329,0.03317795321345329,0.03317795321345329,0.050087232142686844,0.03549712523818016,0.03317795321345329,0.03317795321345329,0.03317795321345329,0.03317795321345329,0.03317795321345329,0.036222849041223526,0.0440782830119133,0.03360241651535034,0.0350133515894413,0.037834495306015015,0.04964286834001541,0.0392003208398819
2015-10-16,0.036299437284469604,0.034013502299785614,0.033088818192481995,0.033088818192481995,0.0360347181558609,0.04199057072401047,0.03803105279803276,0.033088818192481995,0.033088818192481995,0.05436492711305618,0.033088818192481995,0.033088818192481995,0.033088818192481995,0.04974372684955597,0.036239080131053925,0.033641185611486435,0.033088818192481995,0.033088818192481995,0.033088818192481995,0.033088818192481995,0.036649011075496674,0.04350243881344795,0.03379905968904495,0.03485756739974022,0.03795183449983597,0.049735914915800095,0.03916892781853676
2015-10-19,0.036278851330280304,0.03361133113503456,0.03311437368392944,0.03311437368392944,0.035958826541900635,0.04252580925822258,0.038226012140512466,0.03311437368392944,0.03311437368392944,0.05385985225439072,0.03311437368392944,0.03311437368392944,0.03311437368392944,0.04939667135477066,0.03662758320569992,0.033755239099264145,0.03311437368392944,0.033138126134872437,0.03311437368392944,0.03311437368392944,0.036615241318941116,0.044456589967012405,0.034208133816719055,0.034720294177532196,0.03716970235109329,0.04931491240859032,0.03899303451180458
2015-10-20,0.0357804000377655,0.03350738063454628,0.0330980159342289,0.0330980159342289,0.03665456548333168,0.04275975003838539,0.038239408284425735,0.0330980159342289,0.0330980159342289,0.0529208704829216,0.0330980159342289,0.0330980159342289,0.0330980159342289,0.0494428314268589,0.03690875694155693,0.03361142799258232,0.0330980159342289,0.03366528078913689,0.0330980159342289,0.0330980159342289,0.03626189008355141,0.04502066969871521,0.03472324088215828,0.035038746893405914,0.03686433658003807,0.048637766391038895,0.03898255154490471
2015-10-21,0.03558208793401718,0.03397021070122719,0.03336184471845627,0.03336184471845627,0.035404086112976074,0.04238062724471092,0.03759540244936943,0.03336184471845627,0.03336184471845627,0.05199239030480385,0.03336184471845627,0.03336184471845627,0.03336184471845627,0.04881078749895096,0.03663131222128868,0.03355947509407997,0.03336184471845627,0.03359409049153328,0.03336184471845627,0.03336184471845627,0.038212042301893234,0.04419820383191109,0.034103620797395706,0.03541860356926918,0.037882350385189056,0.04952727258205414,0.0375189483165741
2015-10-22,0.035087525844573975,0.0343647226691246,0.033531803637742996,0.033531803637742996,0.03386525809764862,0.042216479778289795,0.0376722514629364,0.033531803637742996,0.033531803637742996,0.051678333431482315,0.033531803637742996,0.033531803637742996,0.033531803637742996,0.04852680116891861,0.035918232053518295,0.033531803637742996,0.033531803637742996,0.033531803637742996,0.033531803637742996,0.033531803637742996,0.03918376937508583,0.042782776057720184,0.03358428180217743,0.03643237054347992,0.038626737892627716,0.0510849803686142,0.036593832075595856
2015-10-23,0.03367291018366814,0.03367291018366814,0.03367291018366814,0.03367291018366814,0.03367291018366814,0.04319414496421814,0.03979680314660072,0.03367291018366814,0.03367291018366814,0.050687339156866074,0.03367291018366814,0.03367291018366814,0.03367291018366814,0.047762759029865265,0.03489729389548302,0.03367291018366814,0.03367291018366814,0.03399667143821716,0.03367291018366814,0.03367291018366814,0.0383126474916935,0.04317138344049454,0.03367291018366814,0.03592052683234215,0.03910212963819504,0.05347387120127678,0.03459081053733826
2015-10-26,0.03369273245334625,0.03369273245334625,0.03369273245334625,0.03369273245334625,0.03369273245334625,0.04359973222017288,0.04043413698673248,0.03369273245334625,0.03369273245334625,0.04993458837270737,0.03369273245334625,0.03369273245334625,0.03369273245334625,0.04459443315863609,0.035454608500003815,0.03369273245334625,0.03369273245334625,0.034740347415208817,0.03369273245334625,0.03396614268422127,0.03929350897669792,0.041187774389982224,0.03369273245334625,0.03614455834031105,0.03939221054315567,0.0546281524002552,0.034931574016809464
2015-10-27,0.033643726259469986,0.033643726259469986,0.033643726259469986,0.033643726259469986,0.033643726259469986,0.04371344670653343,0.04184699431061745,0.033643726259469986,0.033643726259469986,0.049456316977739334,0.033643726259469986,0.033643726259469986,0.033643726259469986,0.04348071664571762,0.03525632247328758,0.033643726259469986,0.033643726259469986,0.03548973798751831,0.033643726259469986,0.0344511903822422,0.03931746259331703,0.040461596101522446,0.033643726259469986,0.036552947014570236,0.03938367962837219,0.05485178157687187,0.034725651144981384
2015-10-28,0.033614277839660645,0.033614277839660645,0.033614277839660645,0.033614277839660645,0.033614277839660645,0.043822210282087326,0.04265308380126953,0.033614277839660645,0.033614277839660645,0.04844231903553009,0.033614277839660645,0.033614277839660645,0.033614277839660645,0.042807724326848984,0.03496379405260086,0.033614277839660645,0.033614277839660645,0.03620287775993347,0.033614277839660645,0.03447916731238365,0.03908800706267357,0.041225749999284744,0.03393210843205452,0.03680625930428505,0.03941236436367035,0.05440635606646538,0.03477230668067932
2015-10-29,0.033545419573783875,0.033545419573783875,0.033545419573783875,0.033545419573783875,0.033545419573783875,0.04400717094540596,0.04196478798985481,0.033545419573783875,0.033545419573783875,0.04873206838965416,0.033545419573783875,0.033545419573783875,0.033545419573783875,0.0435054637491703,0.03538578376173973,0.033545419573783875,0.033545419573783875,0.03666447103023529,0.033545419573783875,0.035119470208883286,0.039742033928632736,0.04058200120925903,0.03375881165266037,0.03748954087495804,0.038087621331214905,0.053449444472789764,0.03542085736989975
2015-10-30,0.03350916504859924,0.03350916504859924,0.03350916504859924,0.03350916504859924,0.03350916504859924,0.04409986734390259,0.042508602142333984,0.03350916504859924,0.03350916504859924,0.048577502369880676,0.03350916504859924,0.03350916504859924,0.03350916504859924,0.04303997755050659,0.03534688428044319,0.03350916504859924,0.03350916504859924,0.03683262690901756,0.03350916504859924,0.03514865040779114,0.03970237821340561,0.04056863114237785,0.03406955674290657,0.037814803421497345,0.037749506533145905,0.053331952542066574,0.035589952021837234
2015-11-02,0.03357905149459839,0.03357905149459839,0.03357905149459839,0.03357905149459839,0.03357905149459839,0.04403504729270935,0.04303283989429474,0.03357905149459839,0.03357905149459839,0.04896090179681778,0.03357905149459839,0.03357905149459839,0.03357905149459839,0.04295762628316879,0.03453609719872475,0.03357905149459839,0.03357905149459839,0.0361388698220253,0.03357905149459839,0.03490190580487251,0.03977144882082939,0.039987821131944656,0.033876240253448486,0.038207706063985825,0.037978895008563995,0.054479096084833145,0.034607820212841034
2015-11-03,0.033534854650497437,0.033534854650497437,0.033534854650497437,0.033534854650497437,0.033534854650497437,0.044184308499097824,0.04450738802552223,0.033534854650497437,0.033534854650497437,0.049461983144283295,0.033534854650497437,0.033534854650497437,0.033534854650497437,0.04228662699460983,0.03462251275777817,0.033534854650497437,0.033534854650497437,0.03619742393493652,0.033534854650497437,0.03563857823610306,0.03964395821094513,0.03964942693710327,0.034098122268915176,0.038340676575899124,0.036863211542367935,0.053900495171546936,0.03465215489268303
2015-11-04,0.03351840376853943,0.03351840376853943,0.03351840376853943,0.03351840376853943,0.03351840376853943,0.044224899262189865,0.044655416160821915,0.03351840376853943,0.03351840376853943,0.04969991743564606,0.03351840376853943,0.03351840376853943,0.03351840376853943,0.042181145399808884,0.034945208579301834,0.03351840376853943,0.03351840376853943,0.03627992793917656,0.03351840376853943,0.0361042283475399,0.03955541551113129,0.03934260457754135,0.03439470753073692,0.03852517530322075,0.03647269681096077,0.05287326127290726,0.035006169229745865
2015-11-05,0.03345946595072746,0.03345946595072746,0.03345946595072746,0.03345946595072746,0.03345946595072746,0.044172503054142,0.04514771327376366,0.03345946595072746,0.03345946595072746,0.049860112369060516,0.03345946595072746,0.03345946595072746,0.03345946595072746,0.0424693338572979,0.03499758243560791,0.03345946595072746,0.03345946595072746,0.036184147000312805,0.03345946595072746,0.03571474924683571,0.03911863639950752,0.040077093988657,0.0346076563000679,0.03847220912575722,0.036307115107774734,0.05290602892637253,0.034991998225450516
2015-11-06,0.03341982141137123,0.03341982141137123,0.03341982141137123,0.03341982141137123,0.03341982141137123,0.04381587356328964,0.043834369629621506,0.03341982141137123,0.03341982141137123,0.04960055649280548,0.03341982141137123,0.03341982141137123,0.03341982141137123,0.043840352445840836,0.035297803580760956,0.03341982141137123,0.03341982141137123,0.03633327782154083,0.03341982141137123,0.034762512892484665,0.03898272290825844,0.04125937819480896,0.034882623702287674,0.03826821222901344,0.036791760474443436,0.05240672826766968,0.03546624258160591
2015-11-09,0.03327615559101105,0.03330892324447632,0.03327615559101105,0.03327615559101105,0.035334568470716476,0.04312916845083237,0.04198065772652626,0.03327615559101105,0.03327615559101105,0.04903654381632805,0.03327615559101105,0.03327615559101105,0.03327615559101105,0.044829245656728745,0.03711429238319397,0.03327615559101105,0.03327615559101105,0.03722795471549034,0.03327615559101105,0.03394681587815285,0.03838716074824333,0.04308868572115898,0.03702285513281822,0.03742927685379982,0.036436501890420914,0.04854205623269081,0.03714757785201073
2015-11-10,0.033380988985300064,0.03373458608984947,0.033380988985300064,0.033380988985300064,0.03531414270401001,0.04314102232456207,0.041326411068439484,0.033380988985300064,0.033380988985300064,0.047972287982702255,0.033380988985300064,0.033380988985300064,0.033380988985300064,0.04432409256696701,0.036510489881038666,0.033380988985300064,0.033380988985300064,0.03638250008225441,0.034058358520269394,0.033380988985300064,0.038711726665496826,0.04249913617968559,0.03672969341278076,0.03838066756725311,0.03741316497325897,0.05012623593211174,0.03618457540869713
2015-11-11,0.033449310809373856,0.03353274241089821,0.033449310809373856,0.033449310809373856,0.03548862040042877,0.0430750697851181,0.041972815990448,0.033449310809373856,0.033449310809373856,0.04814723879098892,0.033449310809373856,0.033449310809373856,0.033449310809373856,0.04444420337677002,0.03631075099110603,0.033449310809373856,0.033449310809373856,0.03604215011000633,0.03352383151650429,0.033449310809373856,0.03831013664603233,0.04337947070598602,0.03657492250204086,0.03782229870557785,0.03720065951347351,0.05043822526931763,0.03579443320631981
2015-11-12,0.033458709716796875,0.033458709716796875,0.033458709716796875,0.033458709716796875,0.035455308854579926,0.043063998222351074,0.043025705963373184,0.033458709716796875,0.033458709716796875,0.04815802350640297,0.033458709716796875,0.033458709716796875,0.033458709716796875,0.04394204914569855,0.03626684471964836,0.033458709716796875,0.033458709716796875,0.03570038825273514,0.033897411078214645,0.033458709716796875,0.03816705569624901,0.04412069916725159,0.03666131570935249,0.03696171194314957,0.0371071882545948,0.05091088265180588,0.03505681827664375
2015-11-13,0.033294979482889175,0.03370697423815727,0.033294979482889175,0.033294979482889175,0.0376882404088974,0.04225682467222214,0.04308179020881653,0.033294979482889175,0.033294979482889175,0.04818696528673172,0.033294979482889175,0.033294979482889175,0.033294979482889175,0.043676961213350296,0.0362798236310482,0.033294979482889175,0.033294979482889175,0.035069555044174194,0.03348568081855774,0.033294979482889175,0.03791327029466629,0.04342561215162277,0.036783620715141296,0.03712719306349754,0.03824097290635109,0.05144123733043671,0.03539051115512848
2015-11-16,0.033469151705503464,0.03570440411567688,0.033469151705503464,0.033469151705503464,0.03667366877198219,0.04143323749303818,0.04344581067562103,0.033469151705503464,0.033469151705503464,0.047543637454509735,0.033469151705503464,0.033469151705503464,0.033469151705503464,0.04222697764635086,0.035932909697294235,0.033469151705503464,0.033469151705503464,0.033469151705503464,0.033469151705503464,0.033469151705503464,0.03915771469473839,0.03955366462469101,0.035278428345918655,0.03843274712562561,0.04031801223754883,0.05573072284460068,0.033469151705503464
2015-11-17,0.0336008258163929,0.035038843750953674,0.0336008258163929,0.0336008258163929,0.0346546545624733,0.0414019450545311,0.044423360377550125,0.0336008258163929,0.0336008258163929,0.04698401689529419,0.0336008258163929,0.0336008258163929,0.0336008258163929,0.04267244413495064,0.03537918999791145,0.0336008258163929,0.0336008258163929,0.0336008258163929,0.0336008258163929,0.0336008258163929,0.03886567801237106,0.04082935303449631,0.0340004526078701,0.03842850401997566,0.03975481167435646,0.05715518817305565,0.0336008258163929
2015-11-18,0.033640675246715546,0.034014761447906494,0.033640675246715546,0.033640675246715546,0.0351739376783371,0.041602738201618195,0.04509302228689194,0.033640675246715546,0.033640675246715546,0.04739263653755188,0.033640675246715546,0.033640675246715546,0.033640675246715546,0.043932411819696426,0.035133518278598785,0.033640675246715546,0.033640675246715546,0.033640675246715546,0.033640675246715546,0.033640675246715546,0.03770456090569496,0.04391161724925041,0.034118421375751495,0.03739076480269432,0.03909213840961456,0.05446998029947281,0.033640675246715546
2015-11-19,0.03399020805954933,0.033696986734867096,0.033696986734867096,0.033696986734867096,0.03402578830718994,0.04174933582544327,0.046105023473501205,0.033696986734867096,0.033696986734867096,0.047594815492630005,0.033696986734867096,0.033696986734867096,0.033696986734867096,0.044269777834415436,0.03496791422367096,0.033696986734867096,0.033696986734867096,0.033696986734867096,0.033696986734867096,0.033696986734867096,0.03694804012775421,0.04537090286612511,0.033696986734867096,0.037307336926460266,0.03822379931807518,0.05399234592914581,0.033696986734867096
2015-11-20,0.034171197563409805,0.03344404324889183,0.03344404324889183,0.03344404324889183,0.03609713166952133,0.04228825867176056,0.046158283948898315,0.03344404324889183,0.03344404324889183,0.04807264357805252,0.03344404324889183,0.03344404324889183,0.03344404324889183,0.044819124042987823,0.03586583212018013,0.03344404324889183,0.03344404324889183,0.034531909972429276,0.03344404324889183,0.03344404324889183,0.03544951602816582,0.04815276339650154,0.03449685126543045,0.03523115813732147,0.0382692813873291,0.051245760172605515,0.03382183611392975
2015-11-23,0.03401884436607361,0.03327925130724907,0.03327925130724907,0.03327925130724907,0.03741620481014252,0.04226939380168915,0.04614465683698654,0.03327925130724907,0.03327925130724907,0.04854152724146843,0.03327925130724907,0.03327925130724907,0.03327925130724907,0.045308735221624374,0.03640236333012581,0.03327925130724907,0.03327925130724907,0.03555275872349739,0.03327925130724907,0.03327925130724907,0.03468120098114014,0.04982340335845947,0.03543689101934433,0.034380219876766205,0.037527065724134445,0.0484999343752861,0.03464573994278908
2015-11-24,0.03369785472750664,0.03341560438275337,0.03341560438275337,0.03341560438275337,0.03690173104405403,0.04232824593782425,0.045615483075380325,0.03341560438275337,0.03341560438275337,0.047807496041059494,0.03341560438275337,0.03341560438275337,0.03341560438275337,0.04544161260128021,0.03621821105480194,0.03341560438275337,0.03341560438275337,0.03543038293719292,0.03341560438275337,0.03341560438275337,0.03494449332356453,0.04993969947099686,0.034937839955091476,0.03467915207147598,0.037976790219545364,0.04868367686867714,0.03441004082560539
2015-11-25,0.03416958078742027,0.03358275443315506,0.03358275443315506,0.03358275443315506,0.03520384803414345,0.042658235877752304,0.044034186750650406,0.03358275443315506,0.03358275443315506,0.048002853989601135,0.03358275443315506,0.03358275443315506,0.03358275443315506,0.04670816287398338,0.03585631772875786,0.03358275443315506,0.03358275443315506,0.03500131517648697,0.03358275443315506,0.03358275443315506,0.03495968505740166,0.0498478077352047,0.034178536385297775,0.0347987562417984,0.037950992584228516,0.049392372369766235,0.03424428403377533
2015-11-27,0.03439544513821602,0.03354041650891304,0.03354041650891304,0.03354041650891304,0.03557674214243889,0.042570605874061584,0.043692447245121,0.03354041650891304,0.03354041650891304,0.04812058061361313,0.03354041650891304,0.03354041650891304,0.03354041650891304,0.04706554114818573,0.036092862486839294,0.03354041650891304,0.03354041650891304,0.03522288054227829,0.03354041650891304,0.03354041650891304,0.034721601754426956,0.05019686371088028,0.034205079078674316,0.03460301458835602,0.03784285485744476,0.0485294945538044,0.034678950905799866
2015-11-30,0.03419872745871544,0.033541008830070496,0.033541008830070496,0.033541008830070496,0.03567889705300331,0.04246852174401283,0.04354022443294525,0.033541008830070496,0.033541008830070496,0.04854782670736313,0.033541008830070496,0.033541008830070496,0.033541008830070496,0.04711499065160751,0.036116037517786026,0.033541008830070496,0.033541008830070496,0.035180240869522095,0.033541008830070496,0.033541008830070496,0.03465691953897476,0.049710217863321304,0.03432521969079971,0.03488924726843834,0.0375099740922451,0.0483354851603508,0.03523537144064903
2015-12-01,0.03405005484819412,0.03357143700122833,0.03357143700122833,0.03357143700122833,0.03513611480593681,0.0427011214196682,0.04259626567363739,0.03357143700122833,0.03357143700122833,0.048813484609127045,0.03357143700122833,0.03357143700122833,0.03357143700122833,0.04821309447288513,0.03585798293352127,0.03357143700122833,0.03357143700122833,0.03480299562215805,0.03357143700122833,0.03357143700122833,0.034735821187496185,0.049181144684553146,0.0342535562813282,0.035395149141550064,0.036968111991882324,0.04873453080654144,0.035703424364328384
2015-12-02,0.03433841094374657,0.03343650698661804,0.03343650698661804,0.03343650698661804,0.03593111410737038,0.04258264601230621,0.04319298639893532,0.03343650698661804,0.03343650698661804,0.04918503016233444,0.03343650698661804,0.03343650698661804,0.03343650698661804,0.04798555374145508,0.03630153462290764,0.03343650698661804,0.03343650698661804,0.03514856472611427,0.03343650698661804,0.03343650698661804,0.03460760787129402,0.04926490783691406,0.034487802535295486,0.035034116357564926,0.03653154522180557,0.0480186827480793,0.036151427775621414
2015-12-03,0.03386317193508148,0.033386941999197006,0.033386941999197006,0.033386941999197006,0.036847032606601715,0.04256454110145569,0.04289625212550163,0.033386941999197006,0.033386941999197006,0.048872899264097214,0.033386941999197006,0.033386941999197006,0.033386941999197006,0.04820089787244797,0.03619920834898949,0.033386941999197006,0.033386941999197006,0.035220395773649216,0.033386941999197006,0.033386941999197006,0.034652356058359146,0.0492791086435318,0.034588612616062164,0.03511417284607887,0.03638472780585289,0.047809772193431854,0.03686358779668808
2015-12-04,0.03353211656212807,0.03353211656212807,0.03353211656212807,0.03353211656212807,0.036035530269145966,0.042190730571746826,0.0413040854036808,0.03353211656212807,0.03353211656212807,0.04977414384484291,0.03353211656212807,0.03353211656212807,0.03353211656212807,0.04879879951477051,0.03547370061278343,0.03353211656212807,0.03353211656212807,0.03404761478304863,0.03353211656212807,0.03353211656212807,0.0353684164583683,0.04740641638636589,0.03425423055887222,0.03668026626110077,0.035803668200969696,0.048604194074869156,0.03834061324596405
2015-12-07,0.03457805886864662,0.03355301171541214,0.03355301171541214,0.03355301171541214,0.03572581335902214,0.0423395000398159,0.04201428219676018,0.03355301171541214,0.03355301171541214,0.047981902956962585,0.03355301171541214,0.03355301171541214,0.03355301171541214,0.04900667443871498,0.0364367738366127,0.03355301171541214,0.03355301171541214,0.035303231328725815,0.03355301171541214,0.03355301171541214,0.03406837210059166,0.049571581184864044,0.03393491357564926,0.034911494702100754,0.03675492852926254,0.04808187857270241,0.036654457449913025
2015-12-08,0.03475600853562355,0.03368278220295906,0.03368278220295906,0.03368278220295906,0.03448648750782013,0.04242958873510361,0.04254861921072006,0.03368278220295906,0.03368278220295906,0.04809947311878204,0.03368278220295906,0.03368278220295906,0.03368278220295906,0.0482986681163311,0.03609706461429596,0.03368278220295906,0.03368278220295906,0.034624967724084854,0.03368278220295906,0.03368278220295906,0.03385571017861366,0.04834636673331261,0.03368278220295906,0.0353676900267601,0.037321969866752625,0.049993954598903656,0.03589722886681557
2015-12-09,0.03454060107469559,0.03371145576238632,0.03371145576238632,0.03371145576238632,0.03427746519446373,0.04262766242027283,0.04182448610663414,0.03371145576238632,0.03371145576238632,0.04820927605032921,0.03371145576238632,0.03371145576238632,0.03371145576238632,0.04838661849498749,0.03585778921842575,0.03371145576238632,0.03371145576238632,0.034019943326711655,0.03371145576238632,0.03371145576238632,0.03418184071779251,0.04769579693675041,0.03371145576238632,0.03624936565756798,0.03658344969153404,0.05087481066584587,0.036422017961740494
2015-12-10,0.03507298603653908,0.033739130944013596,0.033739130944013596,0.033739130944013596,0.0341460295021534,0.04222128912806511,0.042109645903110504,0.033739130944013596,0.033739130944013596,0.0479869470000267,0.033739130944013596,0.033739130944013596,0.033739130944013596,0.04772224649786949,0.03553571179509163,0.033739130944013596,0.033739130944013596,0.033739130944013596,0.033739130944013596,0.033739130944013596,0.03449420630931854,0.04721736162900925,0.033739130944013596,0.037008609622716904,0.03655810281634331,0.051548540592193604,0.036030370742082596
2015-12-11,0.03530047833919525,0.033778514713048935,0.033778514713048935,0.033778514713048935,0.033778514713048935,0.0419393815100193,0.0429656058549881,0.033778514713048935,0.033778514713048935,0.04772104322910309,0.033778514713048935,0.033778514713048935,0.033778514713048935,0.04706086218357086,0.03526828810572624,0.033778514713048935,0.033778514713048935,0.033778514713048935,0.033778514713048935,0.033778514713048935,0.034581735730171204,0.04682242497801781,0.033778514713048935,0.03719579428434372,0.03664132207632065,0.05245429277420044,0.035371001809835434
2015-12-14,0.03678633272647858,0.033690523356199265,0.033690523356199265,0.033690523356199265,0.033690523356199265,0.042205810546875,0.043436892330646515,0.033690523356199265,0.033690523356199265,0.046857912093400955,0.033690523356199265,0.033690523356199265,0.033690523356199265,0.046513818204402924,0.034004051238298416,0.033690523356199265,0.033690523356199265,0.033690523356199265,0.033690523356199265,0.033690523356199265,0.03475314751267433,0.04725690558552742,0.033690523356199265,0.03862445801496506,0.03532165288925171,0.054865576326847076,0.03401562571525574
2015-12-15,0.03795679658651352,0.033669549971818924,0.033669549971818924,0.033669549971818924,0.033669549971818924,0.0418306328356266,0.04485997185111046,0.033669549971818924,0.033669549971818924,0.045870549976825714,0.033669549971818924,0.033669549971818924,0.033669549971818924,0.046311259269714355,0.03399408981204033,0.033669549971818924,0.033669549971818924,0.033669549971818924,0.033669549971818924,0.033669549971818924,0.034227404743433,0.0477447547018528,0.033669549971818924,0.03758743032813072,0.03591613098978996,0.05498816445469856,0.033669549971818924
2015-12-16,0.03825528174638748,0.03385234251618385,0.03385234251618385,0.03385234251618385,0.03385234251618385,0.040736276656389236,0.04597584158182144,0.03385234251618385,0.03385234251618385,0.04421215131878853,0.03385234251618385,0.03385234251618385,0.03385234251618385,0.04529789462685585,0.03417183831334114,0.03385234251618385,0.03385234251618385,0.03385234251618385,0.03385234251618385,0.03385234251618385,0.034310903400182724,0.04821760207414627,0.03385234251618385,0.03514481335878372,0.03790685534477234,0.05413305386900902,0.03385234251618385
2015-12-17,0.03783050552010536,0.03387851268053055,0.03387851268053055,0.03387851268053055,0.03387851268053055,0.040936026722192764,0.04571780562400818,0.03387851268053055,0.03387851268053055,0.04539094865322113,0.03387851268053055,0.03387851268053055,0.03387851268053055,0.044880736619234085,0.035069894045591354,0.03387851268053055,0.03387851268053055,0.03387851268053055,0.03387851268053055,0.03387851268053055,0.034271106123924255,0.047163691371679306,0.03387851268053055,0.03511942923069,0.03800300508737564,0.053560588508844376,0.03387851268053055
2015-12-18,0.03739624097943306,0.03387540951371193,0.03387540951371193,0.03387540951371193,0.03387540951371193,0.04070376232266426,0.045806124806404114,0.03387540951371193,0.03387540951371193,0.045446064323186874,0.03387540951371193,0.03387540951371193,0.03387540951371193,0.0447106696665287,0.035114120692014694,0.03387540951371193,0.03387540951371193,0.03387540951371193,0.03387540951371193,0.03387540951371193,0.03456532582640648,0.04661951959133148,0.03387540951371193,0.03550920635461807,0.03824247419834137,0.05387991666793823,0.03387540951371193
2015-12-21,0.03713944926857948,0.03383629024028778,0.03383629024028778,0.03383629024028778,0.03383629024028778,0.04014952853322029,0.04537884145975113,0.03383629024028778,0.03383629024028778,0.04496482387185097,0.03383629024028778,0.03383629024028778,0.03383629024028778,0.044330891221761703,0.03426294028759003,0.03383629024028778,0.03383629024028778,0.03383629024028778,0.03383629024028778,0.03383629024028778,0.03571443259716034,0.045515917241573334,0.03383629024028778,0.03759614750742912,0.03785238415002823,0.055714014917612076,0.03383629024028778
2015-12-22,0.03730784356594086,0.03382643312215805,0.03382643312215805,0.03382643312215805,0.03382643312215805,0.04046110063791275,0.04513067007064819,0.03382643312215805,0.03382643312215805,0.044852640479803085,0.03382643312215805,0.03382643312215805,0.03382643312215805,0.04462704062461853,0.03424173220992088,0.03382643312215805,0.03382643312215805,0.03382643312215805,0.03382643312215805,0.03382643312215805,0.035305123776197433,0.046007007360458374,0.03382643312215805,0.03784921020269394,0.0375804603099823,0.05541422963142395,0.03382643312215805
2015-12-23,0.03722492605447769,0.033924758434295654,0.033924758434295654,0.033924758434295654,0.033924758434295654,0.04013088345527649,0.045939620584249496,0.033924758434295654,0.033924758434295654,0.04421217367053032,0.033924758434295654,0.033924758434295654,0.033924758434295654,0.04418664425611496,0.034323785454034805,0.033924758434295654,0.033924758434295654,0.033924758434295654,0.033924758434295654,0.033924758434295654,0.0344412662088871,0.04565582051873207,0.033924758434295654,0.03686075285077095,0.03853223845362663,0.05569571629166603,0.033924758434295654
2015-12-24,0.03787872567772865,0.033872783184051514,0.033872783184051514,0.033872783184051514,0.033872783184051514,0.04044453427195549,0.04544810205698013,0.033872783184051514,0.033872783184051514,0.044997721910476685,0.033872783184051514,0.033872783184051514,0.033872783184051514,0.044778257608413696,0.03414319455623627,0.033872783184051514,0.033872783184051514,0.033872783184051514,0.033872783184051514,0.033872783184051514,0.033872783184051514,0.04523180425167084,0.033872783184051514,0.03605743125081062,0.03924392908811569,0.055939048528671265,0.033872783184051514
2015-12-28,0.03721807524561882,0.03398220241069794,0.03398220241069794,0.03398220241069794,0.03398220241069794,0.03996595740318298,0.045861389487981796,0.03398220241069794,0.03398220241069794,0.04431193694472313,0.03398220241069794,0.03398220241069794,0.03398220241069794,0.04348302632570267,0.034166593104600906,0.03398220241069794,0.03398220241069794,0.03398220241069794,0.03398220241069794,0.03398220241069794,0.03398220241069794,0.04464694485068321,0.03398220241069794,0.03646567836403847,0.039772894233465195,0.056410063058137894,0.03398220241069794
2015-12-29,0.03680262342095375,0.03403312340378761,0.03403312340378761,0.03403312340378761,0.03403312340378761,0.039839114993810654,0.04585102200508118,0.03403312340378761,0.03403312340378761,0.044122107326984406,0.03403312340378761,0.03403312340378761,0.03403312340378761,0.043393053114414215,0.03459809720516205,0.03403312340378761,0.03403312340378761,0.03403312340378761,0.03403312340378761,0.03403312340378761,0.03403312340378761,0.04500017315149307,0.03403312340378761,0.036630354821681976,0.03974360600113869,0.05545678362250328,0.03403312340378761
2015-12-30,0.036905113607645035,0.03395223990082741,0.03395223990082741,0.03395223990082741,0.03395223990082741,0.04056194797158241,0.045862410217523575,0.03395223990082741,0.03395223990082741,0.045339204370975494,0.03395223990082741,0.03395223990082741,0.03395223990082741,0.04371749609708786,0.034820299595594406,0.03395223990082741,0.03395223990082741,0.03395223990082741,0.03395223990082741,0.03395223990082741,0.03395223990082741,0.04502071812748909,0.03395223990082741,0.03629753366112709,0.0396735854446888,0.05461357906460762,0.03395223990082741
2015-12-31,0.03648967295885086,0.03402198478579521,0.03402198478579521,0.03402198478579521,0.03402198478579521,0.04024806618690491,0.04663705453276634,0.03402198478579521,0.03402198478579521,0.04452280327677727,0.03402198478579521,0.03402198478579521,0.03402198478579521,0.04274900630116463,0.03489464148879051,0.03402198478579521,0.03402198478579521,0.03402198478579521,0.03402198478579521,0.03402198478579521,0.03402198478579521,0.04508877173066139,0.03402198478579521,0.036522626876831055,0.03996693342924118,0.05450678989291191,0.03402198478579521
2016-01-04,0.037037037037037035,0.037037037037037035,0.037037037037037035,0.037037037037037035,0.037037037037037035,0.037037037037037035,0.037037037037037035,0.037037037037037035,0.037037037037037035,0.037037037037037035,0.037037037037037035,0.037037037037037035,0.037037037037037035,0.037037037037037035,0.037037037037037035,0.037037037037037035,0.037037037037037035,0.037037037037037035,0.037037037037037035,0.037037037037037035,0.037037037037037035,0.037037037037037035,0.037037037037037035,0.037037037037037035,0.037037037037037035,0.037037037037037035,0.037037037037037035
2016-01-05,0.0381213016808033,0.04076559841632843,0.0360579639673233,0.03730190917849541,0.0360579639673233,0.03676081821322441,0.040297213941812515,0.0360579639673233,0.040305931121110916,0.0360579639673233,0.0360579639673233,0.03781809285283089,0.03750909864902496,0.0360579639673233,0.0360579639673233,0.0360579639673233,0.0360579639673233,0.0360579639673233,0.0360579639673233,0.0360579639673233,0.037309322506189346,0.0360579639673233,0.0360579639673233,0.0360579639673233,0.040825288742780685,0.0360579639673233,0.0360579639673233
2016-01-06,0.03856036812067032,0.04018912836909294,0.0361170768737793,0.037230800837278366,0.0361170768737793,0.036817483603954315,0.03996967151761055,0.0361170768737793,0.040718432515859604,0.0361170768737793,0.0361170768737793,0.037400271743535995,0.037571974098682404,0.0361170768737793,0.0361170768737793,0.0361170768737793,0.0361170768737793,0.0361170768737793,0.0361170768737793,0.0361170768737793,0.037226106971502304,0.0361170768737793,0.0361170768737793,0.0361170768737793,0.04032549634575844,0.0361170768737793,0.0361170768737793
2016-01-07,0.03860697150230408,0.03988856449723244,0.036069102585315704,0.03657441958785057,0.036069102585315704,0.036069102585315704,0.04023901745676994,0.036069102585315704,0.04130468890070915,0.036069102585315704,0.036069102585315704,0.0381431058049202,0.037536732852458954,0.036069102585315704,0.036069102585315704,0.036069102585315704,0.036069102585315704,0.036069102585315704,0.036069102585315704,0.036069102585315704,0.03789201378822327,0.036069102585315704,0.036069102585315704,0.036069102585315704,0.040570586919784546,0.036069102585315704,0.036069102585315704
2016-01-08,0.038425106555223465,0.03946443647146225,0.035968709737062454,0.035968709737062454,0.035968709737062454,0.035968709737062454,0.040371768176555634,0.03652436286211014,0.04168052226305008,0.035968709737062454,0.035968709737062454,0.0392107255756855,0.03712615743279457,0.035968709737062454,0.035968709737062454,0.035968709737062454,0.035968709737062454,0.035968709737062454,0.035968709737062454,0.035968709737062454,0.03890378028154373,0.035968709737062454,0.035968709737062454,0.035968709737062454,0.04085633158683777,0.035968709737062454,0.035968709737062454
2016-01-11,0.03824438154697418,0.039230700582265854,0.03593767434358597,0.03593767434358597,0.03593767434358597,0.03593767434358597,0.040301479399204254,0.03696563094854355,0.04175917059183121,0.03593767434358597,0.03593767434358597,0.03957781568169594,0.03701663762331009,0.03593767434358597,0.03593767434358597,0.03593767434358597,0.03593767434358597,0.03593767434358597,0.03593767434358597,0.03593767434358597,0.03901800140738487,0.03593767434358597,0.03593767434358597,0.03593767434358597,0.04100806266069412,0.03593767434358597,0.03593767434358597
2016-01-12,0.03827593848109245,0.039048440754413605,0.035942744463682175,0.035942744463682175,0.035942744463682175,0.035942744463682175,0.04026731103658676,0.0371893011033535,0.04168815165758133,0.035942744463682175,0.035942744463682175,0.03960233926773071,0.03715938702225685,0.035942744463682175,0.035942744463682175,0.035942744463682175,0.035942744463682175,0.035942744463682175,0.035942744463682175,0.035942744463682175,0.038948509842157364,0.035942744463682175,0.035942744463682175,0.035942744463682175,0.04085126519203186,0.035942744463682175,0.035942744463682175
2016-01-13,0.0380672924220562,0.039282478392124176,0.03597851097583771,0.03597851097583771,0.03597851097583771,0.03597851097583771,0.04038616642355919,0.03676699101924896,0.041758958250284195,0.03597851097583771,0.03597851097583771,0.03915395215153694,0.03751088306307793,0.03597851097583771,0.03597851097583771,0.03597851097583771,0.03597851097583771,0.03597851097583771,0.03597851097583771,0.03597851097583771,0.03869054093956947,0.03597851097583771,0.03597851097583771,0.03597851097583771,0.04076949879527092,0.03597851097583771,0.03597851097583771
2016-01-14,0.03812303766608238,0.03928617760539055,0.035941313952207565,0.035941313952207565,0.035941313952207565,0.035941313952207565,0.04076962545514107,0.03677898272871971,0.04196617379784584,0.035941313952207565,0.035941313952207565,0.039151232689619064,0.037434156984090805,0.035941313952207565,0.035941313952207565,0.035941313952207565,0.035941313952207565,0.035941313952207565,0.035941313952207565,0.035941313952207565,0.0388995036482811,0.03596103936433792,0.035941313952207565,0.035941313952207565,0.040627773851156235,0.035941313952207565,0.035941313952207565
2016-01-15,0.03809710592031479,0.039321791380643845,0.03596219792962074,0.03596219792962074,0.03596219792962074,0.03596219792962074,0.04056774079799652,0.03674458712339401,0.041712984442710876,0.03596219792962074,0.03596219792962074,0.039194852113723755,0.03711056336760521,0.03596219792962074,0.03596219792962074,0.03596219792962074,0.03596219792962074,0.03596219792962074,0.03596219792962074,0.03596219792962074,0.03882704675197601,0.03597022220492363,0.03596219792962074,0.03596219792962074,0.04109572619199753,0.03596219792962074,0.03596219792962074
2016-01-19,0.037849392741918564,0.039394620805978775,0.03592442348599434,0.03592442348599434,0.03592442348599434,0.03592442348599434,0.04058435931801796,0.03710874170064926,0.041885022073984146,0.03592442348599434,0.03592442348599434,0.03936715051531792,0.03683839365839958,0.03592442348599434,0.03592442348599434,0.03600357100367546,0.03592442348599434,0.03592442348599434,0.03592442348599434,0.03592442348599434,0.03931378945708275,0.036076612770557404,0.03592442348599434,0.03592442348599434,0.04078758507966995,0.03592442348599434,0.03592442348599434
2016-01-20,0.037522092461586,0.03974580764770508,0.03591245412826538,0.03591245412826538,0.03591245412826538,0.03591245412826538,0.04109613969922066,0.03680103272199631,0.042420122772455215,0.03591245412826538,0.03591245412826538,0.03840284422039986,0.03742239251732826,0.03591245412826538,0.03591245412826538,0.03591245412826538,0.03591245412826538,0.03591245412826538,0.03591245412826538,0.03591245412826538,0.03922933340072632,0.036673709750175476,0.03591245412826538,0.03591245412826538,0.040174808353185654,0.03591245412826538,0.03591245412826538
2016-01-21,0.037070926278829575,0.03988466039299965,0.03583061322569847,0.03583061322569847,0.03583061322569847,0.03583061322569847,0.041247040033340454,0.03700694069266319,0.04251795634627342,0.03583061322569847,0.03583061322569847,0.0392150841653347,0.03715801611542702,0.03583061322569847,0.03583061322569847,0.03605645149946213,0.03583061322569847,0.03583061322569847,0.03583061322569847,0.03583061322569847,0.03988712653517723,0.03625929355621338,0.03583061322569847,0.035850267857313156,0.04038706794381142,0.03583061322569847,0.03583061322569847
2016-01-22,0.03699679300189018,0.040066834539175034,0.03584827855229378,0.03584827855229378,0.03584827855229378,0.03584827855229378,0.04088100045919418,0.037084225565195084,0.04250384122133255,0.03584827855229378,0.03584827855229378,0.038948122411966324,0.03721439093351364,0.03584827855229378,0.03584827855229378,0.03584827855229378,0.03584827855229378,0.03584827855229378,0.03584827855229378,0.03584827855229378,0.039955079555511475,0.03640962764620781,0.03584827855229378,0.03584827855229378,0.040519315749406815,0.03584827855229378,0.03584827855229378
2016-01-25,0.03641755133867264,0.04044615849852562,0.03588687255978584,0.03588687255978584,0.03588687255978584,0.03588687255978584,0.0403924435377121,0.03703426197171211,0.04259181767702103,0.03588687255978584,0.03588687255978584,0.03860362246632576,0.03713131323456764,0.03588687255978584,0.03588687255978584,0.03588687255978584,0.03588687255978584,0.03588687255978584,0.03588687255978584,0.03588687255978584,0.039677273482084274,0.0368918851017952,0.03588687255978584,0.03588687255978584,0.04073682799935341,0.03588687255978584,0.03588687255978584
2016-01-26,0.03669475391507149,0.04035321995615959,0.03587491437792778,0.03587491437792778,0.03587491437792778,0.03587491437792778,0.040358901023864746,0.03724239394068718,0.04278483986854553,0.03587491437792778,0.03587491437792778,0.038538653403520584,0.036902058869600296,0.03587491437792778,0.03587491437792778,0.03587491437792778,0.03587491437792778,0.03587491437792778,0.03587491437792778,0.03587491437792778,0.03971138224005699,0.03716253116726875,0.03587491437792778,0.03587491437792778,0.0403776578605175,0.03587491437792778,0.03587491437792778
2016-01-27,0.0362042672932148,0.0410441979765892,0.03590521216392517,0.0359397754073143,0.03590521216392517,0.03590521216392517,0.04036835581064224,0.03708396479487419,0.04309380054473877,0.03590521216392517,0.03590521216392517,0.03750646859407425,0.03683815151453018,0.03590521216392517,0.03590521216392517,0.03590521216392517,0.03590521216392517,0.03590521216392517,0.03590521216392517,0.03590521216392517,0.03949298337101936,0.03758024796843529,0.03590521216392517,0.03590521216392517,0.04036438465118408,0.03590521216392517,0.03590521216392517
2016-01-28,0.03613854944705963,0.04114706814289093,0.03592929616570473,0.03615542873740196,0.03592929616570473,0.03592929616570473,0.04051961004734039,0.036929551512002945,0.043376658111810684,0.03592929616570473,0.03592929616570473,0.03685283288359642,0.03646843507885933,0.03592929616570473,0.03592929616570473,0.03592929616570473,0.03592929616570473,0.03592929616570473,0.03592929616570473,0.03592929616570473,0.03964899852871895,0.03800917789340019,0.03592929616570473,0.03592929616570473,0.03988491743803024,0.03592929616570473,0.03592929616570473
2016-01-29,0.036288049072027206,0.04125513881444931,0.035945236682891846,0.03643089532852173,0.035945236682891846,0.035945236682891846,0.040581077337265015,0.036586254835128784,0.04329007491469383,0.035945236682891846,0.035945236682891846,0.036805905401706696,0.036431845277547836,0.035945236682891846,0.035945236682891846,0.035945236682891846,0.035945236682891846,0.035945236682891846,0.035945236682891846,0.035945236682891846,0.039504118263721466,0.037881843745708466,0.035945236682891846,0.035945236682891846,0.03982110321521759,0.035945236682891846,0.035945236682891846
2016-02-01,0.036706600338220596,0.04102202504873276,0.0360359288752079,0.036826446652412415,0.0360359288752079,0.0362573117017746,0.03968268632888794,0.03638996556401253,0.04314561188220978,0.0360359288752079,0.0360359288752079,0.036586079746484756,0.03622014448046684,0.0360359288752079,0.0360359288752079,0.0360359288752079,0.0360359288752079,0.0360359288752079,0.0360359288752079,0.0360359288752079,0.03907240554690361,0.03759793937206268,0.03609722852706909,0.036382488906383514,0.03954598680138588,0.0360359288752079,0.0360359288752079
2016-02-02,0.037102337926626205,0.040847256779670715,0.03606313467025757,0.03723477944731712,0.03606313467025757,0.03654887527227402,0.039225414395332336,0.036291588097810745,0.04295221343636513,0.03606313467025757,0.03606313467025757,0.03635209798812866,0.036155324429273605,0.03606313467025757,0.03606313467025757,0.03606313467025757,0.03606313467025757,0.03606313467025757,0.03606313467025757,0.03606313467025757,0.03883671388030052,0.037184856832027435,0.03669533506035805,0.03657671436667442,0.039175719022750854,0.03606313467025757,0.03606313467025757
2016-02-03,0.03707849979400635,0.04094517603516579,0.03601710870862007,0.03737078979611397,0.03601710870862007,0.036226220428943634,0.03967699408531189,0.036393437534570694,0.04318566247820854,0.03601710870862007,0.03601710870862007,0.036416683346033096,0.036242999136447906,0.03601710870862007,0.03601710870862007,0.03601710870862007,0.03601710870862007,0.03601710870862007,0.03601710870862007,0.03601710870862007,0.03918662294745445,0.037074681371450424,0.03627016022801399,0.03623776510357857,0.03947179764509201,0.03601710870862007,0.03601710870862007
2016-02-04,0.036498021334409714,0.04152867943048477,0.03597872704267502,0.03730449452996254,0.03597872704267502,0.036108724772930145,0.040004756301641464,0.036173101514577866,0.04242698475718498,0.03597872704267502,0.03597872704267502,0.037825871258974075,0.03671291470527649,0.03597872704267502,0.03597872704267502,0.03597872704267502,0.03597872704267502,0.03597872704267502,0.03597872704267502,0.03597872704267502,0.03910321369767189,0.03597872704267502,0.03597872704267502,0.03675706684589386,0.03987523168325424,0.03597872704267502,0.03597872704267502
2016-02-05,0.03681541979312897,0.04121999442577362,0.036004312336444855,0.037134937942028046,0.036004312336444855,0.036390479654073715,0.03990858420729637,0.036004312336444855,0.041936565190553665,0.036004312336444855,0.036004312336444855,0.038353923708200455,0.03669262304902077,0.036004312336444855,0.036004312336444855,0.036004312336444855,0.036004312336444855,0.036004312336444855,0.036004312336444855,0.036004312336444855,0.03858915716409683,0.036004312336444855,0.036004312336444855,0.037248484790325165,0.039640795439481735,0.036004312336444855,0.036004312336444855
2016-02-08,0.03656409680843353,0.040837612003088,0.035955578088760376,0.03713686391711235,0.035955578088760376,0.035955578088760376,0.03955240920186043,0.03632865473628044,0.041725531220436096,0.035955578088760376,0.035955578088760376,0.03920575603842735,0.0363161638379097,0.035955578088760376,0.035955578088760376,0.035955578088760376,0.035955578088760376,0.035955578088760376,0.035955578088760376,0.035955578088760376,0.03939883038401604,0.035955578088760376,0.035955578088760376,0.0375465489923954,0.04009830951690674,0.035955578088760376,0.035955578088760376
2016-02-09,0.036682602018117905,0.04052824154496193,0.03595534339547157,0.037291236221790314,0.03595534339547157,0.03595534339547157,0.03942342475056648,0.03651571273803711,0.04174632951617241,0.03595534339547157,0.03595534339547157,0.03925681114196777,0.03605654463171959,0.03595534339547157,0.03595534339547157,0.03595534339547157,0.03595534339547157,0.03595534339547157,0.03595534339547157,0.03595534339547157,0.039567671716213226,0.03595534339547157,0.03595534339547157,0.037033990025520325,0.04061197116971016,0.03595534339547157,0.03595534339547157
2016-02-10,0.03673490509390831,0.040614571422338486,0.03596382588148117,0.03736366331577301,0.03596382588148117,0.03596382588148117,0.039571475237607956,0.03655572235584259,0.041938260197639465,0.03596382588148117,0.03596382588148117,0.03896336257457733,0.03623085096478462,0.03596382588148117,0.03596382588148117,0.03596382588148117,0.03596382588148117,0.03596382588148117,0.03596382588148117,0.03596382588148117,0.03948252275586128,0.03596382588148117,0.03596382588148117,0.03669041767716408,0.040433090180158615,0.03596382588148117,0.03596382588148117
2016-02-11,0.03693392500281334,0.04065556451678276,0.03598004952073097,0.03714091703295708,0.03598004952073097,0.03598004952073097,0.039949361234903336,0.03660239279270172,0.042330414056777954,0.03598004952073097,0.03598004952073097,0.038354188203811646,0.03660614416003227,0.03598004952073097,0.03598004952073097,0.03598004952073097,0.03598004952073097,0.03598004952073097,0.03598004952073097,0.03598004952073097,0.039277683943510056,0.03608493506908417,0.03598004952073097,0.03654910996556282,0.03981471434235573,0.03598004952073097,0.03598004952073097
2016-02-12,0.03717025741934776,0.04038994014263153,0.03595467656850815,0.036981213837862015,0.03595467656850815,0.03595467656850815,0.0397334098815918,0.03689020872116089,0.042574360966682434,0.03595467656850815,0.03595467656850815,0.03859744593501091,0.03670557215809822,0.03595467656850815,0.03595467656850815,0.03595467656850815,0.03595467656850815,0.03595467656850815,0.03595467656850815,0.03595467656850815,0.03913974389433861,0.03645562380552292,0.03595467656850815,0.03613891825079918,0.03990313038229942,0.03595467656850815,0.03595467656850815
2016-02-16,0.03721978887915611,0.04060666263103485,0.036013148725032806,0.036830395460128784,0.036013148725032806,0.03613097593188286,0.039531681686639786,0.03646844998002052,0.04188046604394913,0.036013148725032806,0.036013148725032806,0.03846273943781853,0.03683425486087799,0.036013148725032806,0.036013148725032806,0.036013148725032806,0.036013148725032806,0.036013148725032806,0.036013148725032806,0.036013148725032806,0.03903772681951523,0.036379795521497726,0.036013148725032806,0.03698791563510895,0.03944510966539383,0.036013148725032806,0.036013148725032806
2016-02-17,0.037263255566358566,0.04068426787853241,0.036383237689733505,0.037093669176101685,0.036032482981681824,0.03669297695159912,0.038802873343229294,0.03617895394563675,0.04113595932722092,0.036032482981681824,0.036032482981681824,0.03861680254340172,0.03652055189013481,0.036032482981681824,0.036032482981681824,0.036032482981681824,0.036032482981681824,0.036032482981681824,0.036032482981681824,0.036032482981681824,0.03884032741189003,0.036032482981681824,0.036032482981681824,0.03802839666604996,0.03930393606424332,0.036032482981681824,0.036032482981681824
2016-02-18,0.037245720624923706,0.0404621921479702,0.03698887303471565,0.03761132061481476,0.0360034741461277,0.03718452900648117,0.037771426141262054,0.0360034741461277,0.039927128702402115,0.0360034741461277,0.0360034741461277,0.03883185610175133,0.0360034741461277,0.0360034741461277,0.0360034741461277,0.0360034741461277,0.0360034741461277,0.0360034741461277,0.0360034741461277,0.0360034741461277,0.0384286493062973,0.0360034741461277,0.03708808496594429,0.039134081453084946,0.03927398845553398,0.0360034741461277,0.0360034741461277
2016-02-19,0.03696049749851227,0.04072904586791992,0.0372285433113575,0.038061901926994324,0.03594566136598587,0.03731521964073181,0.0375240184366703,0.03594566136598587,0.03966314718127251,0.03594566136598587,0.03594566136598587,0.03906982019543648,0.03594566136598587,0.03594566136598587,0.03594566136598587,0.03594566136598587,0.03594566136598587,0.03594566136598587,0.03594566136598587,0.03594566136598587,0.0382891520857811,0.03594566136598587,0.03720341995358467,0.03922686725854874,0.03954339399933815,0.03594566136598587,0.03594566136598587
2016-02-22,0.0366218164563179,0.04110809043049812,0.03733053058385849,0.03788309171795845,0.03594330698251724,0.03734228014945984,0.03760053217411041,0.0359744168817997,0.03953682258725166,0.03594330698251724,0.03594330698251724,0.03916890546679497,0.03594330698251724,0.03594330698251724,0.03594330698251724,0.03594330698251724,0.03594330698251724,0.03594330698251724,0.03594330698251724,0.03594330698251724,0.03834161162376404,0.03594330698251724,0.03688182309269905,0.039269231259822845,0.03973452374339104,0.03594330698251724,0.03594330698251724
2016-02-23,0.03674345836043358,0.040922898799180984,0.037451520562171936,0.03792338818311691,0.0359361469745636,0.03760511055588722,0.037266042083501816,0.0359361469745636,0.038563765585422516,0.0359361469745636,0.0359361469745636,0.03930426388978958,0.0359361469745636,0.0359361469745636,0.0359361469745636,0.0359361469745636,0.0359361469745636,0.0359361469745636,0.0359361469745636,0.0359361469745636,0.038004014641046524,0.0359361469745636,0.03768724203109741,0.040084850043058395,0.03940121456980705,0.0359361469745636,0.0359361469745636
2016-02-24,0.03621790185570717,0.04148489609360695,0.037077274173498154,0.03787444159388542,0.03593401238322258,0.03768592327833176,0.03766375035047531,0.03593401238322258,0.03901752457022667,0.03593401238322258,0.03593401238322258,0.03908086195588112,0.03616112843155861,0.03593401238322258,0.03593401238322258,0.03593401238322258,0.03593401238322258,0.03593401238322258,0.03593401238322258,0.03593401238322258,0.038239769637584686,0.03593401238322258,0.03739834204316139,0.03952891007065773,0.039493050426244736,0.03593401238322258,0.03593401238322258
2016-02-25,0.036114104092121124,0.04159284383058548,0.036657970398664474,0.037760134786367416,0.035990990698337555,0.03771419823169708,0.037659648805856705,0.035990990698337555,0.039136189967393875,0.035990990698337555,0.035990990698337555,0.039099033921957016,0.03662103787064552,0.035990990698337555,0.035990990698337555,0.035990990698337555,0.035990990698337555,0.035990990698337555,0.035990990698337555,0.035990990698337555,0.03813949227333069,0.035990990698337555,0.03684534505009651,0.03917262330651283,0.039613448083400726,0.035990990698337555,0.035990990698337555
2016-02-26,0.03614490106701851,0.041345808655023575,0.036742549389600754,0.03761539235711098,0.03599473834037781,0.03795516490936279,0.03758029267191887,0.03599473834037781,0.03825753182172775,0.036478590220212936,0.03599473834037781,0.03918891400098801,0.036740921437740326,0.03599473834037781,0.03599473834037781,0.03599473834037781,0.03599473834037781,0.03599473834037781,0.03599473834037781,0.03599473834037781,0.037354420870542526,0.03599473834037781,0.03751683980226517,0.03985345736145973,0.03909897804260254,0.036189403384923935,0.03599473834037781
2016-02-29,0.03586331009864807,0.041500274091959,0.03690009564161301,0.03754355013370514,0.03586331009864807,0.03824068605899811,0.037856947630643845,0.03586331009864807,0.03771000728011131,0.03745832294225693,0.03586331009864807,0.03925803303718567,0.03686169162392616,0.03586331009864807,0.03586331009864807,0.03586331009864807,0.03586331009864807,0.03586331009864807,0.03586331009864807,0.03586331009864807,0.036870453506708145,0.03586331009864807,0.03768223896622658,0.03991565853357315,0.03908433020114899,0.03689473494887352,0.03586331009864807
2016-03-01,0.03589056059718132,0.041356757283210754,0.03672124817967415,0.03727946802973747,0.03589056059718132,0.03799469769001007,0.0379764549434185,0.03589056059718132,0.037654805928468704,0.03787057846784592,0.03589056059718132,0.03985622897744179,0.03737344592809677,0.03589056059718132,0.035891469568014145,0.03589056059718132,0.03589056059718132,0.03589056059718132,0.03589056059718132,0.03589056059718132,0.03648272156715393,0.03589056059718132,0.03708367422223091,0.03946428745985031,0.0391903892159462,0.037116993218660355,0.03589056059718132
2016-03-02,0.03586595505475998,0.040947552770376205,0.03699842095375061,0.03714287653565407,0.035855118185281754,0.038327693939208984,0.03734895959496498,0.035855118185281754,0.03654763102531433,0.03861066699028015,0.035855118185281754,0.040079258382320404,0.03711618110537529,0.035855118185281754,0.03600425645709038,0.035855118185281754,0.035855118185281754,0.035855118185281754,0.035855118185281754,0.035855118185281754,0.03595251217484474,0.035855118185281754,0.037874750792980194,0.04026281088590622,0.03914962708950043,0.03736450523138046,0.035855118185281754
2016-03-03,0.03587282449007034,0.04067043215036392,0.037010230123996735,0.037538543343544006,0.03587282449007034,0.03839384764432907,0.03704165294766426,0.03587282449007034,0.03628629446029663,0.038594119250774384,0.03587282449007034,0.04011146351695061,0.03677802160382271,0.03587282449007034,0.03587282449007034,0.03587282449007034,0.03587282449007034,0.03587282449007034,0.03587282449007034,0.03587282449007034,0.03591887280344963,0.03587282449007034,0.03834200277924538,0.04045381024479866,0.03924582153558731,0.03726816177368164,0.03587282449007034
2016-03-04,0.03585604950785637,0.04056623578071594,0.03709018975496292,0.03752889856696129,0.03585604950785637,0.03824567422270775,0.03702200949192047,0.03585604950785637,0.035975851118564606,0.03882172331213951,0.03585604950785637,0.040009353309869766,0.03682231158018112,0.03585604950785637,0.035917866975069046,0.03585604950785637,0.03585604950785637,0.03585604950785637,0.03585604950785637,0.03585604950785637,0.035985544323921204,0.03585604950785637,0.03819295018911362,0.04074450582265854,0.03937479108572006,0.03742948919534683,0.03585604950785637
2016-03-07,0.03583553805947304,0.04033011943101883,0.03709297627210617,0.037754837423563004,0.03583553805947304,0.0382096953690052,0.036999933421611786,0.03583553805947304,0.03583553805947304,0.03888598456978798,0.03583553805947304,0.039947688579559326,0.03670792654156685,0.03583553805947304,0.03583930805325508,0.03583553805947304,0.03583553805947304,0.03583553805947304,0.03583553805947304,0.03583553805947304,0.03603237122297287,0.03583553805947304,0.0382622629404068,0.040786806493997574,0.03965182229876518,0.03763625770807266,0.03583553805947304
2016-03-08,0.03583698719739914,0.03989100828766823,0.03695407509803772,0.037994805723428726,0.03583698719739914,0.03845186159014702,0.036871444433927536,0.03583698719739914,0.03583698719739914,0.03886446729302406,0.03611643239855766,0.03981657326221466,0.03655286505818367,0.03583698719739914,0.03583698719739914,0.03583698719739914,0.03583698719739914,0.03583698719739914,0.03583698719739914,0.03583698719739914,0.03594933822751045,0.03583698719739914,0.03875724598765373,0.04097358509898186,0.039374858140945435,0.0375506617128849,0.03583698719739914
2016-03-09,0.035869061946868896,0.04026871174573898,0.036700841039419174,0.03793054819107056,0.035869061946868896,0.03828486427664757,0.03705737739801407,0.035869061946868896,0.03597159683704376,0.038814444094896317,0.035910751670598984,0.039830341935157776,0.03691982105374336,0.035869061946868896,0.035869061946868896,0.035869061946868896,0.035869061946868896,0.035869061946868896,0.035869061946868896,0.035869061946868896,0.036236800253391266,0.035869061946868896,0.03821145370602608,0.04050738736987114,0.039488375186920166,0.03743787854909897,0.035869061946868896
2016-03-10,0.03643730282783508,0.039665255695581436,0.03651263937354088,0.03817195072770119,0.036180607974529266,0.03774062544107437,0.03671910986304283,0.035942383110523224,0.035942383110523224,0.03828774765133858,0.03628924861550331,0.0399017371237278,0.03681967407464981,0.035942383110523224,0.035942383110523224,0.035942383110523224,0.035942383110523224,0.035942383110523224,0.035942383110523224,0.035942383110523224,0.03604958951473236,0.035942383110523224,0.0380144938826561,0.040770046412944794,0.03992066532373428,0.03715312108397484,0.035942383110523224
2016-03-11,0.036638300865888596,0.03950822353363037,0.036523234099149704,0.03844323754310608,0.03660440817475319,0.03758784383535385,0.03663788363337517,0.035945113748311996,0.035945113748311996,0.03781537339091301,0.036449775099754333,0.03957543522119522,0.036872025579214096,0.035945113748311996,0.03602438047528267,0.035945113748311996,0.035945113748311996,0.035945113748311996,0.035945113748311996,0.035945113748311996,0.035986755043268204,0.035945113748311996,0.03792212903499603,0.04050454869866371,0.04049457237124443,0.03696075454354286,0.035945113748311996
2016-03-14,0.036626409739255905,0.039566610008478165,0.036729250103235245,0.03874538466334343,0.036173395812511444,0.03774339705705643,0.03678489476442337,0.035861700773239136,0.035861700773239136,0.03818817436695099,0.03658677637577057,0.03921130299568176,0.03625834360718727,0.035861700773239136,0.03630562499165535,0.035861700773239136,0.035861700773239136,0.035861700773239136,0.035861700773239136,0.035861700773239136,0.035861700773239136,0.035861700773239136,0.03806433081626892,0.04076571390032768,0.04083012416958809,0.03694154694676399,0.035861700773239136
2016-03-15,0.036761943250894547,0.039496127516031265,0.03694016858935356,0.038858722895383835,0.03634142130613327,0.037723980844020844,0.03657390549778938,0.03583545237779617,0.03583545237779617,0.03825107216835022,0.036405399441719055,0.03934219852089882,0.035947442054748535,0.03583545237779617,0.036518484354019165,0.03583545237779617,0.03583545237779617,0.03583545237779617,0.03583545237779617,0.03583545237779617,0.03583545237779617,0.03583545237779617,0.03789180517196655,0.04073551669716835,0.04117252305150032,0.03684931993484497,0.03583545237779617
2016-03-16,0.037091463804244995,0.03939184173941612,0.03706197813153267,0.03868427500128746,0.03686677664518356,0.037591803818941116,0.03635745495557785,0.03590717166662216,0.03590717166662216,0.03782215341925621,0.03654717281460762,0.03918740525841713,0.036117538809776306,0.03590717166662216,0.03660928085446358,0.03590717166662216,0.03590717166662216,0.03590717166662216,0.03590717166662216,0.03590717166662216,0.03590717166662216,0.03590717166662216,0.03759489208459854,0.04065180942416191,0.04102161526679993,0.03642362728714943,0.03590717166662216
2016-03-17,0.03709621727466583,0.03929157182574272,0.037009257823228836,0.03898447006940842,0.036460377275943756,0.03766363486647606,0.03642597049474716,0.03584351763129234,0.03584351763129234,0.03801905736327171,0.03649628907442093,0.03920409455895424,0.03584351763129234,0.03584351763129234,0.036633338779211044,0.03584351763129234,0.03584351763129234,0.03584351763129234,0.03584351763129234,0.03584351763129234,0.03584351763129234,0.03584351763129234,0.037850406020879745,0.0409986712038517,0.04126400873064995,0.03648041561245918,0.03584351763129234
2016-03-18,0.03698601573705673,0.039149824529886246,0.037008002400398254,0.039562102407217026,0.036033228039741516,0.03754634037613869,0.03646411746740341,0.035842955112457275,0.035842955112457275,0.03769727423787117,0.03681027516722679,0.039139050990343094,0.035842955112457275,0.035842955112457275,0.036663781851530075,0.035842955112457275,0.035842955112457275,0.035842955112457275,0.035842955112457275,0.035842955112457275,0.035842955112457275,0.035842955112457275,0.037865180522203445,0.04125446453690529,0.04141385108232498,0.0362909734249115,0.035842955112457275
2016-03-21,0.03662119433283806,0.039387550204992294,0.037248946726322174,0.03995075821876526,0.03574860841035843,0.03775987774133682,0.0367271862924099,0.03574860841035843,0.03574860841035843,0.03798692673444748,0.03660678490996361,0.0388561375439167,0.03574860841035843,0.03574860841035843,0.0367237888276577,0.03574860841035843,0.03574860841035843,0.03574860841035843,0.03574860841035843,0.03574860841035843,0.03574860841035843,0.03574860841035843,0.03801744803786278,0.04129919409751892,0.04142196103930473,0.03666037321090698,0.03574860841035843
2016-03-22,0.03671109676361084,0.03913581371307373,0.03709947690367699,0.0401991568505764,0.03572084754705429,0.03788042813539505,0.03661417216062546,0.03572084754705429,0.03572084754705429,0.03798260539770126,0.0365767776966095,0.038790542632341385,0.03572084754705429,0.03572084754705429,0.03666539862751961,0.03572084754705429,0.03572084754705429,0.03572084754705429,0.03572084754705429,0.03572084754705429,0.03572084754705429,0.03572084754705429,0.038206908851861954,0.041397493332624435,0.04162546247243881,0.03674361854791641,0.03572084754705429
2016-03-23,0.03662572428584099,0.039186734706163406,0.03727874532341957,0.040196482092142105,0.03569522127509117,0.0380423441529274,0.03641504794359207,0.03569522127509117,0.03569522127509117,0.03802478313446045,0.03660211339592934,0.03869367763400078,0.03569522127509117,0.03569522127509117,0.036800581961870193,0.03569522127509117,0.03569522127509117,0.03569522127509117,0.03569522127509117,0.03569522127509117,0.03569522127509117,0.03569522127509117,0.03805279731750488,0.04143528640270233,0.04184676706790924,0.03676104545593262,0.03569522127509117
2016-03-24,0.03645000234246254,0.03961147367954254,0.03745518624782562,0.039776742458343506,0.0358695350587368,0.038299933075904846,0.03653861582279205,0.035727836191654205,0.035727836191654205,0.03784302622079849,0.03654484078288078,0.03862232342362404,0.035727836191654205,0.035727836191654205,0.03674716502428055,0.035727836191654205,0.035727836191654205,0.035727836191654205,0.035727836191654205,0.035727836191654205,0.035727836191654205,0.035727836191654205,0.038190629333257675,0.040918994694948196,0.04173221439123154,0.03666532412171364,0.035727836191654205
2016-03-28,0.0363321453332901,0.03960716351866722,0.03724129498004913,0.039509713649749756,0.03623032942414284,0.038273755460977554,0.036507733166217804,0.03578532487154007,0.03578532487154007,0.03792261704802513,0.03644739091396332,0.039079613983631134,0.03578532487154007,0.03578532487154007,0.03654460981488228,0.03578532487154007,0.03578532487154007,0.03578532487154007,0.03578532487154007,0.03578532487154007,0.03578532487154007,0.03578532487154007,0.03811673820018768,0.040651243180036545,0.04140732064843178,0.036704376339912415,0.03578532487154007
2016-03-29,0.03628955036401749,0.03978895768523216,0.03734885901212692,0.039344675838947296,0.03599437326192856,0.03816036134958267,0.03660063445568085,0.03577691316604614,0.03577691316604614,0.03810957074165344,0.036350611597299576,0.03936626762151718,0.03577691316604614,0.03577691316604614,0.03656584396958351,0.03577691316604614,0.03577691316604614,0.03577691316604614,0.03577691316604614,0.03577691316604614,0.03577691316604614,0.03577691316604614,0.037950415164232254,0.04067513346672058,0.0413256511092186,0.036806151270866394,0.03577691316604614
2016-03-30,0.036184925585985184,0.039888426661491394,0.03722594678401947,0.039400216192007065,0.036081645637750626,0.038249220699071884,0.03660361468791962,0.035826001316308975,0.035826001316308975,0.037895023822784424,0.036783453077077866,0.038941144943237305,0.035826001316308975,0.035826001316308975,0.036709144711494446,0.035826001316308975,0.035826001316308975,0.035826001316308975,0.035826001316308975,0.035826001316308975,0.035826001316308975,0.035826001316308975,0.0378933884203434,0.04042927175760269,0.04131264239549637,0.03648991510272026,0.035826001316308975
2016-03-31,0.03625093400478363,0.03979044780135155,0.03758719936013222,0.03950012847781181,0.03580252453684807,0.03821144998073578,0.036180511116981506,0.03580252453684807,0.03580252453684807,0.03782789781689644,0.03690251708030701,0.03903430327773094,0.03580252453684807,0.03580252453684807,0.03686235845088959,0.03580252453684807,0.03580252453684807,0.03580252453684807,0.03580252453684807,0.03580252453684807,0.03580252453684807,0.03580252453684807,0.037663981318473816,0.040882449597120285,0.04142437130212784,0.03644862398505211,0.03580252453684807
2016-04-01,0.03625335171818733,0.03993787243962288,0.03744715452194214,0.0390537790954113,0.03587356209754944,0.03801066428422928,0.036382485181093216,0.03587356209754944,0.03587356209754944,0.03776780143380165,0.036817245185375214,0.03929424658417702,0.03587356209754944,0.03587356209754944,0.03704676777124405,0.03587356209754944,0.03587356209754944,0.03587356209754944,0.03587356209754944,0.03587356209754944,0.03587356209754944,0.03587356209754944,0.037076693028211594,0.040796224027872086,0.041248444467782974,0.03651098161935806,0.03587356209754944
2016-04-04,0.03612875938415527,0.03999884054064751,0.037244223058223724,0.038526423275470734,0.035966046154499054,0.03802037984132767,0.036323145031929016,0.035966046154499054,0.035966046154499054,0.03833611309528351,0.036780212074518204,0.03903757035732269,0.03612564876675606,0.035966046154499054,0.036909300833940506,0.035966046154499054,0.035966046154499054,0.035966046154499054,0.035966046154499054,0.035966046154499054,0.035966046154499054,0.035966046154499054,0.03665393218398094,0.040413904935121536,0.040781546384096146,0.03712743520736694,0.035966046154499054
2016-04-05,0.03618764132261276,0.039964742958545685,0.0372050479054451,0.03881068527698517,0.0362544059753418,0.038026534020900726,0.03602631762623787,0.03602631762623787,0.03602631762623787,0.037837915122509,0.037036750465631485,0.0388985276222229,0.03602631762623787,0.03602631762623787,0.036833155900239944,0.03602631762623787,0.03602631762623787,0.03602631762623787,0.03602631762623787,0.03602631762623787,0.03602631762623787,0.03602631762623787,0.03650354966521263,0.040167346596717834,0.04099459946155548,0.03693694248795509,0.03602631762623787
2016-04-06,0.03649839386343956,0.03988402336835861,0.03672051057219505,0.038452282547950745,0.036555007100105286,0.03813593089580536,0.03616580739617348,0.036124683916568756,0.036124683916568756,0.037767503410577774,0.03711298108100891,0.03895256295800209,0.036737337708473206,0.036124683916568756,0.036352865397930145,0.036124683916568756,0.03613344952464104,0.036124683916568756,0.036124683916568756,0.036124683916568756,0.036124683916568756,0.036124683916568756,0.03671196475625038,0.03951750695705414,0.040359243750572205,0.036695778369903564,0.036124683916568756
2016-04-07,0.036503277719020844,0.03960350528359413,0.03657666593790054,0.03848990797996521,0.036544881761074066,0.03826405853033066,0.03610876947641373,0.03610876947641373,0.03610876947641373,0.037690918892621994,0.03732200339436531,0.03881224989891052,0.036626312881708145,0.03610876947641373,0.03635719045996666,0.03610876947641373,0.0361921489238739,0.03610876947641373,0.03610876947641373,0.03610876947641373,0.03610876947641373,0.03610876947641373,0.0365685410797596,0.03970760107040405,0.04068417847156525,0.03686000034213066,0.03610876947641373
2016-04-08,0.03669710457324982,0.03950352966785431,0.036182042211294174,0.038592103868722916,0.03656506538391113,0.03824547305703163,0.03623994067311287,0.03610505536198616,0.03610505536198616,0.03778769448399544,0.036814652383327484,0.038834348320961,0.03717539831995964,0.03610505536198616,0.03653859719634056,0.03610505536198616,0.036251917481422424,0.03610505536198616,0.03610505536198616,0.03610505536198616,0.03610505536198616,0.03610505536198616,0.03610505536198616,0.039011724293231964,0.041214846074581146,0.03718994930386543,0.03610505536198616
2016-04-11,0.03705625608563423,0.039395470172166824,0.036127880215644836,0.038373421877622604,0.03648577257990837,0.03800744563341141,0.03630158305168152,0.036127880215644836,0.036127880215644836,0.037807658314704895,0.036702703684568405,0.03903287649154663,0.0372406430542469,0.036127880215644836,0.03655010834336281,0.036127880215644836,0.036127880215644836,0.036127880215644836,0.036127880215644836,0.036127880215644836,0.036127880215644836,0.036127880215644836,0.036127880215644836,0.03915722295641899,0.04117919132113457,0.03704715892672539,0.036127880215644836
2016-04-12,0.03680061921477318,0.03975263983011246,0.03629191592335701,0.038366083055734634,0.03610338270664215,0.03786244988441467,0.036600347608327866,0.03610338270664215,0.03610338270664215,0.037834685295820236,0.036655355244874954,0.038837920874357224,0.037387240678071976,0.03610338270664215,0.03693144768476486,0.03610338270664215,0.03610338270664215,0.03610338270664215,0.03610338270664215,0.03610338270664215,0.03610338270664215,0.03610338270664215,0.03610338270664215,0.03900934010744095,0.04125620797276497,0.037069689482450485,0.03610338270664215
2016-04-13,0.03701608255505562,0.0393955260515213,0.03627869859337807,0.0379154346883297,0.03620265796780586,0.038061823695898056,0.03627965971827507,0.03608079254627228,0.03608079254627228,0.03827940672636032,0.03639241307973862,0.039323560893535614,0.03723844140768051,0.03608079254627228,0.036769475787878036,0.03608079254627228,0.03608079254627228,0.03608079254627228,0.03608079254627228,0.03608079254627228,0.03608079254627228,0.03608079254627228,0.03608079254627228,0.03953861817717552,0.04106074944138527,0.03727796673774719,0.03608079254627228
2016-04-14,0.036477260291576385,0.039739422500133514,0.03721652179956436,0.038845766335725784,0.035822466015815735,0.037935078144073486,0.03666001185774803,0.035822466015815735,0.035822466015815735,0.03903287649154663,0.035869382321834564,0.03932919725775719,0.03588654473423958,0.035822466015815735,0.03703388199210167,0.035822466015815735,0.035822466015815735,0.035822466015815735,0.035822466015815735,0.035822466015815735,0.035822466015815735,0.035822466015815735,0.036398228257894516,0.04025629535317421,0.041613053530454636,0.03783682361245155,0.035822466015815735
2016-04-15,0.036382731050252914,0.03987905755639076,0.03734474629163742,0.03925968334078789,0.035748161375522614,0.03794893994927406,0.03693516179919243,0.035748161375522614,0.035748161375522614,0.03915487974882126,0.035748161375522614,0.039182040840387344,0.035748161375522614,0.035748161375522614,0.03709060698747635,0.035748161375522614,0.035748161375522614,0.035748161375522614,0.035748161375522614,0.035748161375522614,0.035748161375522614,0.035748161375522614,0.036239225417375565,0.0399794727563858,0.041814401745796204,0.03803987801074982,0.03602307289838791
2016-04-18,0.03634731471538544,0.03981124982237816,0.03702549636363983,0.03877658396959305,0.03578299283981323,0.03805909305810928,0.03726460412144661,0.03578299283981323,0.03578299283981323,0.039518460631370544,0.03578299283981323,0.039414867758750916,0.03638843446969986,0.03578299283981323,0.0368632897734642,0.03578299283981323,0.03578299283981323,0.03578299283981323,0.03578299283981323,0.03578299283981323,0.03578299283981323,0.03578299283981323,0.036179859191179276,0.03953275829553604,0.04144042730331421,0.03816332668066025,0.03581833839416504
2016-04-19,0.03581155091524124,0.03972071036696434,0.03757736459374428,0.03857874497771263,0.03581155091524124,0.03816644474864006,0.036637306213378906,0.03581155091524124,0.03581155091524124,0.03914526477456093,0.03581155091524124,0.039762191474437714,0.03593019023537636,0.03581155091524124,0.03734744340181351,0.03581155091524124,0.03581155091524124,0.03581155091524124,0.03581155091524124,0.03581155091524124,0.03581155091524124,0.03581155091524124,0.03589089214801788,0.039984606206417084,0.04169449955224991,0.03820261359214783,0.03581155091524124
2016-04-20,0.03589412942528725,0.03939063474535942,0.038511086255311966,0.0399043969810009,0.035680316388607025,0.038729775696992874,0.035682134330272675,0.035680316388607025,0.035680316388607025,0.038210514932870865,0.035680316388607025,0.039563629776239395,0.035680316388607025,0.035680316388607025,0.03707254305481911,0.035680316388607025,0.035680316388607025,0.035680316388607025,0.035680316388607025,0.035680316388607025,0.035680316388607025,0.035680316388607025,0.03692783787846565,0.04058845341205597,0.04184548556804657,0.03735976293683052,0.03647550567984581
2016-04-21,0.03545351326465607,0.039622776210308075,0.03842221945524216,0.03992076590657234,0.03545351326465607,0.038880378007888794,0.03666462376713753,0.03545351326465607,0.03545351326465607,0.03926040232181549,0.03545351326465607,0.03955434262752533,0.03545351326465607,0.03545351326465607,0.037426043301820755,0.03545351326465607,0.03545351326465607,0.03545351326465607,0.03545351326465607,0.03545351326465607,0.03545351326465607,0.03545351326465607,0.037102654576301575,0.040315259248018265,0.041703496128320694,0.037754978984594345,0.03702288120985031
2016-04-22,0.035402290523052216,0.039579685777425766,0.03835591301321983,0.03938726335763931,0.035402290523052216,0.03872613608837128,0.037125397473573685,0.035402290523052216,0.035402290523052216,0.03981269523501396,0.035402290523052216,0.04003618285059929,0.035402290523052216,0.035402290523052216,0.037962064146995544,0.035402290523052216,0.035402290523052216,0.035402290523052216,0.035402290523052216,0.035402290523052216,0.035402290523052216,0.035402290523052216,0.036510761827230453,0.040026966482400894,0.04185314103960991,0.03803906589746475,0.036952707916498184
2016-04-25,0.03534186631441116,0.04026590287685394,0.038676176220178604,0.03882301598787308,0.03534186631441116,0.03888152539730072,0.037534449249506,0.03534186631441116,0.03534186631441116,0.03993108496069908,0.03534186631441116,0.04031498730182648,0.0354660265147686,0.03534186631441116,0.03780109062790871,0.03534186631441116,0.03534186631441116,0.03534186631441116,0.03534186631441116,0.03534186631441116,0.03600340336561203,0.03534186631441116,0.036696262657642365,0.039360739290714264,0.04098518192768097,0.038133613765239716,0.037024207413196564
2016-04-26,0.03541947528719902,0.04049588367342949,0.03860022872686386,0.038398824632167816,0.03541947528719902,0.039156440645456314,0.03730829432606697,0.03541947528719902,0.03541947528719902,0.03972864896059036,0.03541947528719902,0.04018804058432579,0.0359613336622715,0.03541947528719902,0.03770668804645538,0.03541947528719902,0.03541947528719902,0.03541947528719902,0.03541947528719902,0.03541947528719902,0.035876452922821045,0.03541947528719902,0.036580219864845276,0.03915748372673988,0.041003525257110596,0.038015685975551605,0.03678858280181885
2016-04-27,0.03538128733634949,0.040830522775650024,0.038704220205545425,0.03865770623087883,0.03538128733634949,0.03895734250545502,0.03783488646149635,0.03538128733634949,0.03538128733634949,0.0397367924451828,0.03538128733634949,0.03988072648644447,0.03565742075443268,0.03538128733634949,0.03792968764901161,0.03538128733634949,0.03538128733634949,0.03538128733634949,0.03538128733634949,0.03538128733634949,0.03605174273252487,0.03538128733634949,0.036342307925224304,0.03919384256005287,0.04097411781549454,0.03797079622745514,0.03670242428779602
2016-04-28,0.03535422682762146,0.041238948702812195,0.03836389258503914,0.039583511650562286,0.03535422682762146,0.038791973143815994,0.03842911496758461,0.03535422682762146,0.03535422682762146,0.0389714278280735,0.03535422682762146,0.03931831941008568,0.03535422682762146,0.03535422682762146,0.0377998948097229,0.03535422682762146,0.03535422682762146,0.03535422682762146,0.03535422682762146,0.03535422682762146,0.03653402253985405,0.03535422682762146,0.03637612983584404,0.03945731371641159,0.041289474815130234,0.037524379789829254,0.03671673312783241
2016-04-29,0.0354052372276783,0.04131987690925598,0.038564860820770264,0.039503443986177444,0.0354052372276783,0.039020102471113205,0.03844092786312103,0.0354052372276783,0.0354052372276783,0.038671161979436874,0.0354052372276783,0.039216943085193634,0.035443469882011414,0.0354052372276783,0.037616148591041565,0.0354052372276783,0.0354052372276783,0.0354052372276783,0.0354052372276783,0.0354052372276783,0.03649688512086868,0.0354052372276783,0.03642930090427399,0.03890801966190338,0.04142105579376221,0.03723876178264618,0.03684626519680023
2016-05-02,0.035404253751039505,0.041886135935783386,0.03852043300867081,0.03872302174568176,0.035404253751039505,0.03834889084100723,0.038913607597351074,0.035404253751039505,0.035911742597818375,0.038694173097610474,0.035404253751039505,0.0394100621342659,0.03633540868759155,0.035404253751039505,0.03817617893218994,0.035404253751039505,0.035404253751039505,0.035404253751039505,0.035404253751039505,0.035404253751039505,0.03679777681827545,0.035404253751039505,0.035404253751039505,0.03802260756492615,0.041582781821489334,0.037567343562841415,0.03625882789492607
2016-05-03,0.035313792526721954,0.04184998199343681,0.03811494633555412,0.03833669796586037,0.035313792526721954,0.03834957629442215,0.03919566795229912,0.035313792526721954,0.035510603338479996,0.039885908365249634,0.035313792526721954,0.039454054087400436,0.03674733638763428,0.035313792526721954,0.038130637258291245,0.035313792526721954,0.035313792526721954,0.035313792526721954,0.035313792526721954,0.035313792526721954,0.03675302863121033,0.035313792526721954,0.035313792526721954,0.03791376203298569,0.04121284559369087,0.03820773586630821,0.03657161444425583
2016-05-04,0.03536362573504448,0.04222399741411209,0.038146115839481354,0.03779776021838188,0.03536362573504448,0.03832845762372017,0.03943343833088875,0.03536362573504448,0.03571878746151924,0.039299119263887405,0.03536362573504448,0.03919711336493492,0.03746862709522247,0.03536362573504448,0.038414955139160156,0.03536362573504448,0.03536362573504448,0.03536362573504448,0.03536362573504448,0.03536362573504448,0.036629222333431244,0.03536362573504448,0.03536362573504448,0.03759027272462845,0.04102405905723572,0.03806536644697189,0.036299142986536026
2016-05-05,0.035502251237630844,0.04220753535628319,0.038136955350637436,0.037546638399362564,0.035502251237630844,0.03839981183409691,0.03918435797095299,0.035502251237630844,0.036114148795604706,0.038323938846588135,0.035502251237630844,0.038993604481220245,0.03781425952911377,0.035502251237630844,0.03853892534971237,0.035502251237630844,0.035502251237630844,0.035502251237630844,0.035502251237630844,0.035502251237630844,0.03671722859144211,0.035502251237630844,0.035502251237630844,0.037327561527490616,0.041045621037483215,0.0376102514564991,0.03601215034723282
2016-05-06,0.035514988005161285,0.042037200182676315,0.03842199593782425,0.037582430988550186,0.035514988005161285,0.038511741906404495,0.03914405405521393,0.035514988005161285,0.03617448732256889,0.038013581186532974,0.035514988005161285,0.03885424882173538,0.03769899159669876,0.035514988005161285,0.038710691034793854,0.035514988005161285,0.035514988005161285,0.035514988005161285,0.035514988005161285,0.035514988005161285,0.036635011434555054,0.035514988005161285,0.035514988005161285,0.037271201610565186,0.041407715529203415,0.037445295602083206,0.035911522805690765
2016-05-09,0.03554486855864525,0.0420185886323452,0.03836880996823311,0.03756776824593544,0.03554486855864525,0.03832859918475151,0.03918793052434921,0.03554486855864525,0.03601629287004471,0.03798069804906845,0.03554486855864525,0.03885393962264061,0.03757251799106598,0.03554486855864525,0.038784209638834,0.03554486855864525,0.03554486855864525,0.03554486855864525,0.03554486855864525,0.03554486855864525,0.03675631061196327,0.03554486855864525,0.03554486855864525,0.037454649806022644,0.041498348116874695,0.03735607862472534,0.03571687638759613
2016-05-10,0.03563687950372696,0.04216332361102104,0.03841526433825493,0.03766315057873726,0.03563687950372696,0.03882921114563942,0.03920105844736099,0.03563687950372696,0.03596019744873047,0.037853170186281204,0.03563687950372696,0.03817804157733917,0.037504035979509354,0.03563687950372696,0.03837975859642029,0.03563687950372696,0.03563687950372696,0.03563687950372696,0.03563687950372696,0.03563687950372696,0.03664697706699371,0.03563687950372696,0.03563687950372696,0.0373917892575264,0.04113714024424553,0.03732781112194061,0.03570648655295372
2016-05-11,0.03557323291897774,0.0422339141368866,0.038281481713056564,0.037581708282232285,0.03557323291897774,0.03887024521827698,0.03942294046282768,0.03557323291897774,0.03557323291897774,0.038799528032541275,0.03557323291897774,0.03803044185042381,0.0371779128909111,0.03557323291897774,0.038376372307538986,0.03557323291897774,0.03557323291897774,0.03557323291897774,0.03557323291897774,0.03557323291897774,0.03642375394701958,0.03557323291897774,0.03581932932138443,0.037896618247032166,0.040895022451877594,0.03773863986134529,0.03557323291897774
2016-05-12,0.03552316501736641,0.04160498082637787,0.037817928940057755,0.037764061242341995,0.03552316501736641,0.03833828493952751,0.0393691323697567,0.03552316501736641,0.03598463162779808,0.039183203130960464,0.03552316501736641,0.038619473576545715,0.03756878897547722,0.03552316501736641,0.03825251758098602,0.03552316501736641,0.03552316501736641,0.03552316501736641,0.03552316501736641,0.03552316501736641,0.036056406795978546,0.03552316501736641,0.03552316501736641,0.03755803033709526,0.04154157266020775,0.038223158568143845,0.035839926451444626
2016-05-13,0.035588063299655914,0.041625045239925385,0.0376867838203907,0.03774266317486763,0.035588063299655914,0.038289960473775864,0.039329152554273605,0.035588063299655914,0.03638807684183121,0.03871067613363266,0.035588063299655914,0.03840627893805504,0.037790194153785706,0.035588063299655914,0.03816987946629524,0.035588063299655914,0.035588063299655914,0.035588063299655914,0.035588063299655914,0.035588063299655914,0.03601321578025818,0.035588063299655914,0.035588063299655914,0.03757523000240326,0.04144683852791786,0.03785034269094467,0.035918913781642914
2016-05-16,0.03555390238761902,0.04181952029466629,0.03736278787255287,0.03739459067583084,0.03555390238761902,0.03806610032916069,0.03986581414937973,0.03555390238761902,0.03718806803226471,0.03906770423054695,0.03555390238761902,0.03838988393545151,0.038241129368543625,0.03555390238761902,0.03821241483092308,0.03555390238761902,0.03555390238761902,0.03555390238761902,0.03555390238761902,0.03555390238761902,0.035899680107831955,0.03555390238761902,0.03555390238761902,0.03664083033800125,0.04131782427430153,0.03798162564635277,0.03590521216392517
2016-05-17,0.03558963164687157,0.04148958623409271,0.03746408224105835,0.03733010217547417,0.03558963164687157,0.03823712468147278,0.03955894708633423,0.03558963164687157,0.036847855895757675,0.039263803511857986,0.03558963164687157,0.03842833265662193,0.03822406381368637,0.03558963164687157,0.03842805325984955,0.03558963164687157,0.03558963164687157,0.03558963164687157,0.03558963164687157,0.03558963164687157,0.035668790340423584,0.03558963164687157,0.03558963164687157,0.03682980686426163,0.04142150655388832,0.03814273700118065,0.03558963164687157
2016-05-18,0.035611480474472046,0.04139150679111481,0.03746618330478668,0.03735504671931267,0.035611480474472046,0.03791619464755058,0.03960117697715759,0.035611480474472046,0.03718159720301628,0.038698092103004456,0.035611480474472046,0.038798265159130096,0.038380153477191925,0.035611480474472046,0.0384199284017086,0.035611480474472046,0.035611480474472046,0.035611480474472046,0.035611480474472046,0.035611480474472046,0.035825520753860474,0.035611480474472046,0.035611480474472046,0.036532193422317505,0.041672397404909134,0.03774971887469292,0.03567422553896904
2016-05-19,0.03564136102795601,0.041511401534080505,0.037857238203287125,0.03727782145142555,0.03557443991303444,0.037225015461444855,0.03980593383312225,0.03557443991303444,0.03741205111145973,0.03893493488430977,0.03557443991303444,0.03917441517114639,0.03812502324581146,0.03557443991303444,0.03853475674986839,0.03557443991303444,0.03557443991303444,0.03557443991303444,0.03557443991303444,0.03557443991303444,0.0361725278198719,0.03557443991303444,0.03557443991303444,0.03585996851325035,0.041665706783533096,0.03790856897830963,0.03557443991303444
2016-05-20,0.03592655062675476,0.04153873026371002,0.03707253932952881,0.03691011667251587,0.03570105507969856,0.03727778047323227,0.040273696184158325,0.03570105507969856,0.0376284085214138,0.03895232826471329,0.03570105507969856,0.0383511558175087,0.038854457437992096,0.03570105507969856,0.037868134677410126,0.03570105507969856,0.03570105507969856,0.03570105507969856,0.03570105507969856,0.03570105507969856,0.03651867061853409,0.03570105507969856,0.03570105507969856,0.03594322130084038,0.0410839319229126,0.037387605756521225,0.03570105507969856
2016-05-23,0.03603615239262581,0.04099863022565842,0.03731318190693855,0.03697798028588295,0.03571810573339462,0.03757128119468689,0.03957615792751312,0.03571810573339462,0.03677820786833763,0.039100125432014465,0.03571810573339462,0.03868424892425537,0.03875187411904335,0.03571810573339462,0.03792250528931618,0.03571810573339462,0.03571810573339462,0.03571810573339462,0.03571810573339462,0.03571810573339462,0.03625281900167465,0.03571810573339462,0.03571810573339462,0.03632296621799469,0.04145241901278496,0.03764418140053749,0.03571810573339462
2016-05-24,0.035982344299554825,0.04096807539463043,0.037272416055202484,0.03668234497308731,0.03571600839495659,0.03747878968715668,0.03969133272767067,0.03571600839495659,0.0368976928293705,0.03933718055486679,0.03571600839495659,0.03897504508495331,0.038994140923023224,0.03571600839495659,0.037901028990745544,0.03571600839495659,0.03571600839495659,0.03571600839495659,0.03571600839495659,0.03571600839495659,0.03625345975160599,0.03571600839495659,0.03571600839495659,0.03617937117815018,0.04110800102353096,0.03768673911690712,0.03571600839495659
2016-05-25,0.035814978182315826,0.04078785330057144,0.03746015951037407,0.03729395568370819,0.035644035786390305,0.03778906911611557,0.03957979753613472,0.035644035786390305,0.03659860044717789,0.03954371437430382,0.035644035786390305,0.03878679499030113,0.038639724254608154,0.035644035786390305,0.03782730549573898,0.035644035786390305,0.035644035786390305,0.035644035786390305,0.035644035786390305,0.035644035786390305,0.036057375371456146,0.035644035786390305,0.035644035786390305,0.03635139763355255,0.041649896651506424,0.03809100389480591,0.035644035786390305
2016-05-26,0.03556603193283081,0.04039526358246803,0.037232156842947006,0.03794063627719879,0.035534702241420746,0.03775273635983467,0.0395025834441185,0.035534702241420746,0.035789113491773605,0.039880990982055664,0.035534702241420746,0.039072971791028976,0.03787940740585327,0.035534702241420746,0.037702132016420364,0.035534702241420746,0.035534702241420746,0.035534702241420746,0.035534702241420746,0.035534702241420746,0.036162927746772766,0.035534702241420746,0.035534702241420746,0.037281427532434464,0.04257727786898613,0.03876843303442001,0.035614147782325745
2016-05-27,0.03576016053557396,0.04028087481856346,0.03706729784607887,0.03789452463388443,0.035574205219745636,0.037755534052848816,0.039403241127729416,0.035574205219745636,0.035834453999996185,0.03960636630654335,0.035574205219745636,0.0391593873500824,0.037814151495695114,0.035574205219745636,0.03752652555704117,0.035574205219745636,0.035574205219745636,0.035574205219745636,0.035574205219745636,0.035574205219745636,0.036291517317295074,0.035574205219745636,0.035574205219745636,0.03731589764356613,0.04259446635842323,0.03876078501343727,0.03561856225132942
2016-05-31,0.03558645769953728,0.040427885949611664,0.03695564344525337,0.037704870104789734,0.03555794432759285,0.03785515949130058,0.03943956643342972,0.03555794432759285,0.03596137464046478,0.039726145565509796,0.03555794432759285,0.039199523627758026,0.037850841879844666,0.03555794432759285,0.03736124187707901,0.03555794432759285,0.03555794432759285,0.03555794432759285,0.03555794432759285,0.03555794432759285,0.03637675195932388,0.03555794432759285,0.03555794432759285,0.03735566884279251,0.04243440926074982,0.03887878358364105,0.03574822098016739
2016-06-01,0.03604341670870781,0.04011119157075882,0.03694113343954086,0.037994634360075,0.03564244881272316,0.03764927759766579,0.03899944946169853,0.03564244881272316,0.03595966845750809,0.03900858759880066,0.03564244881272316,0.039454385638237,0.03753252699971199,0.03564244881272316,0.037165332585573196,0.03564244881272316,0.03564244881272316,0.03564244881272316,0.03564244881272316,0.03564244881272316,0.03660447522997856,0.03564244881272316,0.03564244881272316,0.03742561489343643,0.042855698615312576,0.03854525089263916,0.03564244881272316
2016-06-02,0.0361035093665123,0.04024190455675125,0.03702625259757042,0.038001079112291336,0.035715654492378235,0.0377618633210659,0.039027098566293716,0.035715654492378235,0.03626334294676781,0.038311220705509186,0.035715654492378235,0.038945842534303665,0.037792716175317764,0.035715654492378235,0.03705628961324692,0.035715654492378235,0.035715654492378235,0.035715654492378235,0.035715654492378235,0.035715654492378235,0.03664308413863182,0.035715654492378235,0.035715654492378235,0.037327952682971954,0.042744070291519165,0.038165878504514694,0.035715654492378235
2016-06-03,0.03567152097821236,0.040056757628917694,0.03716135770082474,0.03828425705432892,0.03567152097821236,0.03822077065706253,0.03865569829940796,0.03567152097821236,0.03608439862728119,0.03901355713605881,0.03567152097821236,0.03873491659760475,0.03744521737098694,0.03567152097821236,0.03685193136334419,0.03567152097821236,0.03567152097821236,0.03567152097821236,0.03567152097821236,0.03567152097821236,0.03647777810692787,0.03567152097821236,0.03603183478116989,0.037596944719552994,0.04276477172970772,0.03856154531240463,0.03567152097821236
2016-06-06,0.03569747880101204,0.04006389155983925,0.03721446916460991,0.03798997774720192,0.03585478290915489,0.038757070899009705,0.03791327401995659,0.03569747880101204,0.03575173765420914,0.03885990381240845,0.03569747880101204,0.03867359086871147,0.037672560662031174,0.03569747880101204,0.03676401078701019,0.03569747880101204,0.03569747880101204,0.03569747880101204,0.03569747880101204,0.03569747880101204,0.03634413331747055,0.03569747880101204,0.03639072924852371,0.03808155655860901,0.04215868189930916,0.038676951080560684,0.035857923328876495
2016-06-07,0.035617977380752563,0.03941085934638977,0.037374526262283325,0.03841405734419823,0.03598300367593765,0.03852006420493126,0.03760238364338875,0.035617977380752563,0.035617977380752563,0.0390474833548069,0.035617977380752563,0.03858911246061325,0.03706678748130798,0.035617977380752563,0.03709752857685089,0.035617977380752563,0.035617977380752563,0.035617977380752563,0.035617977380752563,0.035617977380752563,0.036046482622623444,0.035617977380752563,0.03649603947997093,0.03890543803572655,0.042888205498456955,0.03889403119683266,0.03586621955037117
2016-06-08,0.03567654639482498,0.03939278423786163,0.03716171532869339,0.03828494995832443,0.03559202328324318,0.03839541971683502,0.037901416420936584,0.03559202328324318,0.03559202328324318,0.039329320192337036,0.03559202328324318,0.039108261466026306,0.036933090537786484,0.03559202328324318,0.03700510039925575,0.03559202328324318,0.03559202328324318,0.03559202328324318,0.03559202328324318,0.03559202328324318,0.03613847494125366,0.03559202328324318,0.036525800824165344,0.03927461430430412,0.04250103980302811,0.038827382028102875,0.03603188320994377
2016-06-09,0.03578917682170868,0.0392623096704483,0.0372484028339386,0.0384407676756382,0.0356198213994503,0.03844922035932541,0.037690699100494385,0.03556689992547035,0.03556689992547035,0.03921404480934143,0.03556689992547035,0.038986120373010635,0.03672155365347862,0.03556689992547035,0.03721408545970917,0.03556689992547035,0.03556689992547035,0.03556689992547035,0.03556689992547035,0.03556689992547035,0.03614192456007004,0.03556689992547035,0.036437202244997025,0.03950388357043266,0.04280564934015274,0.038811564445495605,0.03599456697702408
2016-06-10,0.03563122823834419,0.039772067219018936,0.03736478090286255,0.03832833468914032,0.03585420548915863,0.03858207166194916,0.03762507811188698,0.03563122823834419,0.03563122823834419,0.038955044001340866,0.03563122823834419,0.03869478404521942,0.03689567744731903,0.03563122823834419,0.03695708513259888,0.03563122823834419,0.03563122823834419,0.03563122823834419,0.03563122823834419,0.03563122823834419,0.036099500954151154,0.03563122823834419,0.036896515637636185,0.03929932042956352,0.04227323830127716,0.0385160893201828,0.035942718386650085
2016-06-13,0.0357474647462368,0.03999780863523483,0.0370435006916523,0.03815651684999466,0.03620994836091995,0.038429707288742065,0.03744473680853844,0.0357474647462368,0.0357474647462368,0.038422856479883194,0.0357474647462368,0.03880182281136513,0.03723224997520447,0.0357474647462368,0.03652159497141838,0.0357474647462368,0.0357474647462368,0.0357474647462368,0.0357474647462368,0.0357474647462368,0.03621283173561096,0.0357474647462368,0.03723685070872307,0.03927372023463249,0.04180340841412544,0.038081053644418716,0.03590931370854378
2016-06-14,0.0356220081448555,0.04038688912987709,0.03667468577623367,0.03763146698474884,0.0356220081448555,0.038460105657577515,0.03833475708961487,0.0356220081448555,0.03661183640360832,0.03911289945244789,0.0356220081448555,0.03907204046845436,0.037881240248680115,0.0356220081448555,0.03640292212367058,0.0356220081448555,0.0356220081448555,0.0356220081448555,0.0356220081448555,0.0356220081448555,0.0360848493874073,0.0356220081448555,0.03728917986154556,0.03852798044681549,0.0408569872379303,0.038370657712221146,0.03645940497517586
2016-06-15,0.03560631722211838,0.04036484286189079,0.036339327692985535,0.03787082061171532,0.03560631722211838,0.03810553252696991,0.03878360614180565,0.03560631722211838,0.037560250610113144,0.03889403119683266,0.03560631722211838,0.03935570269823074,0.03792900964617729,0.03560631722211838,0.036344993859529495,0.03560631722211838,0.03560631722211838,0.03560631722211838,0.03560631722211838,0.03560631722211838,0.036146536469459534,0.03560631722211838,0.037030696868896484,0.037868089973926544,0.040824782103300095,0.03822033107280731,0.03669195622205734
2016-06-16,0.03564179688692093,0.04031714051961899,0.036417022347450256,0.03774729743599892,0.03564179688692093,0.038045793771743774,0.038687564432621,0.03564179688692093,0.03753551468253136,0.038849618285894394,0.03564179688692093,0.03964932635426521,0.03798241168260574,0.03564179688692093,0.03642680123448372,0.03564179688692093,0.03564179688692093,0.03564179688692093,0.03564179688692093,0.03564179688692093,0.03619128838181496,0.03564179688692093,0.036561381071805954,0.03760291635990143,0.041167810559272766,0.03819945827126503,0.0365588404238224
2016-06-17,0.03576032072305679,0.04034265875816345,0.036225371062755585,0.038572464138269424,0.03576032072305679,0.03787655383348465,0.03839981555938721,0.03576032072305679,0.037613414227962494,0.037602029740810394,0.03576032072305679,0.03962407633662224,0.03753875195980072,0.03576032072305679,0.0367242805659771,0.03576032072305679,0.03576032072305679,0.03576032072305679,0.03576032072305679,0.03576032072305679,0.036682698875665665,0.03576032072305679,0.03593888506293297,0.03739926218986511,0.04195418208837509,0.03773960843682289,0.03640241175889969
2016-06-20,0.035805683583021164,0.04057766869664192,0.03649105131626129,0.038357075303792953,0.03574586659669876,0.03775395080447197,0.038505688309669495,0.03574586659669876,0.03726307675242424,0.03779017552733421,0.03574586659669876,0.03958209231495857,0.037534359842538834,0.03574586659669876,0.0369708314538002,0.03574586659669876,0.03574586659669876,0.03574586659669876,0.03574586659669876,0.03574586659669876,0.03654006868600845,0.03574586659669876,0.035827312618494034,0.03770625591278076,0.04197337105870247,0.03770636022090912,0.03615632653236389
2016-06-21,0.03567343205213547,0.04052167385816574,0.036727357655763626,0.03790557011961937,0.03567343205213547,0.037932656705379486,0.03866169601678848,0.03567343205213547,0.03635645657777786,0.03841160610318184,0.03567343205213547,0.03940517455339432,0.03734786808490753,0.03567343205213547,0.037050969898700714,0.03567343205213547,0.03567343205213547,0.03567343205213547,0.03567343205213547,0.03567343205213547,0.03612962365150452,0.03567343205213547,0.03631678596138954,0.038754209876060486,0.04189164564013481,0.03823947161436081,0.035939477384090424
2016-06-22,0.035848405212163925,0.04037316516041756,0.03663036972284317,0.03796963021159172,0.03574845567345619,0.03767918050289154,0.038462553173303604,0.03574845567345619,0.03621518984436989,0.03827362880110741,0.03574845567345619,0.03968961536884308,0.037293922156095505,0.03574845567345619,0.037086233496665955,0.03574845567345619,0.03574845567345619,0.03574845567345619,0.03574845567345619,0.03574845567345619,0.03624184802174568,0.03574845567345619,0.03603779897093773,0.03882453218102455,0.042055074125528336,0.03808583319187164,0.03574845567345619
2016-06-23,0.03585482016205788,0.04030635207891464,0.03675417602062225,0.03829414024949074,0.03573958948254585,0.03797545284032822,0.03822898119688034,0.03573958948254585,0.03625597804784775,0.03773951157927513,0.03573958948254585,0.03975421562790871,0.036928046494722366,0.03573958948254585,0.037156276404857635,0.03573958948254585,0.03573958948254585,0.03573958948254585,0.03573958948254585,0.03573958948254585,0.03626981005072594,0.03573958948254585,0.03613847866654396,0.038931820541620255,0.04245150089263916,0.03775772824883461,0.03580687567591667
2016-06-24,0.035948172211647034,0.04001970589160919,0.03699272498488426,0.038400210440158844,0.03572212532162666,0.03793694078922272,0.03805124759674072,0.03572212532162666,0.03572212532162666,0.03804126754403114,0.03572212532162666,0.03961675986647606,0.036514729261398315,0.03572212532162666,0.03727065026760101,0.03572212532162666,0.03572212532162666,0.03572212532162666,0.03572212532162666,0.03572212532162666,0.03627672791481018,0.03572212532162666,0.03634476661682129,0.039558086544275284,0.04243527725338936,0.03792722523212433,0.03572212532162666
2016-06-27,0.03587351366877556,0.0417030043900013,0.035849425941705704,0.03898398578166962,0.035845398902893066,0.03706227242946625,0.039161816239356995,0.035845398902893066,0.038870226591825485,0.035845398902893066,0.035845398902893066,0.03914274647831917,0.03685079142451286,0.035845398902893066,0.03689495101571083,0.035845398902893066,0.035845398902893066,0.035845398902893066,0.035845398902893066,0.035845398902893066,0.03838810324668884,0.035845398902893066,0.035845398902893066,0.036215901374816895,0.04284684732556343,0.035845398902893066,0.03616619482636452
2016-06-28,0.03590180352330208,0.041950467973947525,0.03582427650690079,0.03796840086579323,0.03582427650690079,0.036092597991228104,0.03981953114271164,0.03592526912689209,0.04040864109992981,0.03582427650690079,0.03582427650690079,0.03975879028439522,0.03654349595308304,0.03582427650690079,0.03625456616282463,0.03582427650690079,0.03582427650690079,0.03582427650690079,0.03582427650690079,0.03582427650690079,0.039655447006225586,0.03582427650690079,0.03582427650690079,0.03582427650690079,0.04212814196944237,0.03582427650690079,0.03605299070477486
2016-06-29,0.03582124784588814,0.042203210294246674,0.035822756588459015,0.03793865442276001,0.03582124784588814,0.03712090477347374,0.039700597524642944,0.03582124784588814,0.0399206280708313,0.03582124784588814,0.03582124784588814,0.039045024663209915,0.036810632795095444,0.03582124784588814,0.03657379373908043,0.03582124784588814,0.03582124784588814,0.03582124784588814,0.03582124784588814,0.03582124784588814,0.03906388580799103,0.03582124784588814,0.03582124784588814,0.03586718440055847,0.042206261307001114,0.03582124784588814,0.036228910088539124
2016-06-30,0.03577253594994545,0.04206361994147301,0.03637855499982834,0.03808555006980896,0.035703714936971664,0.03822857141494751,0.039242785423994064,0.035703714936971664,0.03859211504459381,0.03651944920420647,0.035703714936971664,0.03868576139211655,0.03671097382903099,0.035703714936971664,0.036490876227617264,0.035703714936971664,0.035703714936971664,0.035703714936971664,0.035703714936971664,0.035703714936971664,0.038189660757780075,0.035703714936971664,0.03599649667739868,0.037245988845825195,0.04174863174557686,0.036273207515478134,0.0367380827665329
2016-07-01,0.03565310314297676,0.041204314678907394,0.036645326763391495,0.03800216317176819,0.03565310314297676,0.03852474316954613,0.03887757658958435,0.03565310314297676,0.037777967751026154,0.03751533105969429,0.03565310314297676,0.0391010046005249,0.036470431834459305,0.03565310314297676,0.03634119778871536,0.03565310314297676,0.03565310314297676,0.03565310314297676,0.03565310314297676,0.03565310314297676,0.03737116605043411,0.03565310314297676,0.03723398596048355,0.038356054574251175,0.04113132879137993,0.03663654252886772,0.036626607179641724
2016-07-05,0.035666849464178085,0.04105667769908905,0.036683861166238785,0.03843521699309349,0.035666849464178085,0.038920920342206955,0.03839462623000145,0.035666849464178085,0.037621863186359406,0.03751009330153465,0.035666849464178085,0.03900273144245148,0.036105409264564514,0.035666849464178085,0.03588753193616867,0.035666849464178085,0.035666849464178085,0.035666849464178085,0.035666849464178085,0.035666849464178085,0.0369705967605114,0.035666849464178085,0.038223009556531906,0.03864004462957382,0.04094456136226654,0.036600884050130844,0.03666657954454422
2016-07-06,0.03574547916650772,0.041079264134168625,0.03622231259942055,0.03904007375240326,0.03574547916650772,0.038913544267416,0.03792503476142883,0.03574547916650772,0.038555167615413666,0.03677453473210335,0.03589889407157898,0.038638073951005936,0.035830266773700714,0.03574547916650772,0.03574547916650772,0.03574547916650772,0.03574547916650772,0.03574547916650772,0.03574547916650772,0.03574547916650772,0.03725181519985199,0.03574547916650772,0.03866465762257576,0.03813113644719124,0.04072120040655136,0.03602982312440872,0.037123922258615494
2016-07-07,0.035781051963567734,0.040698304772377014,0.035974256694316864,0.03891899809241295,0.035781051963567734,0.039022479206323624,0.037475548684597015,0.035781051963567734,0.03794135898351669,0.03688929229974747,0.03622621297836304,0.03878479823470116,0.035781051963567734,0.035781051963567734,0.035781051963567734,0.035781051963567734,0.035781051963567734,0.035781051963567734,0.035781051963567734,0.035781051963567734,0.036947526037693024,0.035781051963567734,0.03876510635018349,0.038827426731586456,0.04090116545557976,0.03617774322628975,0.037077195942401886
2016-07-08,0.03574090451002121,0.04070182889699936,0.03610081225633621,0.03847670927643776,0.03574090451002121,0.039093948900699615,0.037577953189611435,0.03574090451002121,0.03754032403230667,0.037583012133836746,0.03605976328253746,0.03918461874127388,0.036005109548568726,0.03574090451002121,0.03574090451002121,0.03574090451002121,0.03590245544910431,0.03574090451002121,0.03574090451002121,0.03574090451002121,0.03643639385700226,0.03574090451002121,0.038777101784944534,0.03897072747349739,0.040628354996442795,0.03658211603760719,0.03696971759200096
2016-07-11,0.035767197608947754,0.04063311591744423,0.03633632883429527,0.0382789708673954,0.035767197608947754,0.03916214033961296,0.037431903183460236,0.035767197608947754,0.03655671328306198,0.037849124521017075,0.036399051547050476,0.03918127715587616,0.035767197608947754,0.035767197608947754,0.035767197608947754,0.035767197608947754,0.03599162772297859,0.035767197608947754,0.035767197608947754,0.035767197608947754,0.03607302904129028,0.035767197608947754,0.03895170986652374,0.03986609727144241,0.04056737944483757,0.03674960508942604,0.036532796919345856
2016-07-12,0.035749439150094986,0.04063298553228378,0.03649577870965004,0.038433823734521866,0.035749439150094986,0.03906022757291794,0.037466928362846375,0.035749439150094986,0.036112718284130096,0.03807149454951286,0.036382030695676804,0.03935333713889122,0.035749439150094986,0.035749439150094986,0.03575591742992401,0.035749439150094986,0.035749439150094986,0.035749439150094986,0.035749439150094986,0.035749439150094986,0.035989176481962204,0.035749439150094986,0.03877869248390198,0.040292415767908096,0.04059615731239319,0.03676305338740349,0.03657150641083717
2016-07-13,0.035657092928886414,0.04059953615069389,0.036683738231658936,0.038673192262649536,0.035657092928886414,0.03882814571261406,0.03759114444255829,0.035657092928886414,0.035657092928886414,0.03860526904463768,0.03614584729075432,0.039755795150995255,0.035657092928886414,0.035657092928886414,0.035847388207912445,0.035657092928886414,0.035657092928886414,0.035657092928886414,0.035657092928886414,0.035657092928886414,0.03596416860818863,0.035657092928886414,0.03861669450998306,0.04066213220357895,0.04046141728758812,0.03693091496825218,0.03674950450658798
2016-07-14,0.03566443547606468,0.04038923233747482,0.03685121238231659,0.038998082280159,0.03566443547606468,0.03885379806160927,0.03722916170954704,0.03566443547606468,0.03566443547606468,0.03840583935379982,0.03624614328145981,0.03977323696017265,0.03566443547606468,0.03566443547606468,0.03591205179691315,0.03566443547606468,0.03566443547606468,0.03566443547606468,0.03566443547606468,0.03566443547606468,0.03582027181982994,0.03566443547606468,0.03860002011060715,0.04083501175045967,0.04052719846367836,0.036793142557144165,0.03679237514734268
2016-07-15,0.03560437634587288,0.04028668627142906,0.037228286266326904,0.03938114270567894,0.03560437634587288,0.038525693118572235,0.03713523969054222,0.03560437634587288,0.03560437634587288,0.03865908458828926,0.0362616628408432,0.03975813090801239,0.03560437634587288,0.03560437634587288,0.03599863499403,0.03560437634587288,0.03560437634587288,0.03560437634587288,0.03560437634587288,0.03560437634587288,0.035736843943595886,0.03560437634587288,0.03837348520755768,0.04110252857208252,0.04062829911708832,0.03687921166419983,0.03679259493947029
2016-07-18,0.03558175265789032,0.04037834703922272,0.03723864257335663,0.03941447287797928,0.03558175265789032,0.03865950554609299,0.03711120784282684,0.03558175265789032,0.03558175265789032,0.038696128875017166,0.03616568073630333,0.039817582815885544,0.03558175265789032,0.03558175265789032,0.036005061119794846,0.03558175265789032,0.03558175265789032,0.03558175265789032,0.03558175265789032,0.03558175265789032,0.03563334792852402,0.03558175265789032,0.038452886044979095,0.04107939824461937,0.04065452516078949,0.03681321442127228,0.03689898923039436
2016-07-19,0.03558863699436188,0.040669217705726624,0.03727596998214722,0.03911940008401871,0.03558863699436188,0.0385793000459671,0.037251610308885574,0.03558863699436188,0.03558863699436188,0.038918495178222656,0.03594798967242241,0.040050387382507324,0.03558863699436188,0.03558863699436188,0.036232877522706985,0.03558863699436188,0.03558863699436188,0.03558863699436188,0.03558863699436188,0.03558863699436188,0.035610463470220566,0.03558863699436188,0.037976883351802826,0.04099389910697937,0.0406009778380394,0.0369097962975502,0.036799151450395584
2016-07-20,0.03573659807443619,0.04030194878578186,0.037282127887010574,0.03919585794210434,0.035573672503232956,0.03892940655350685,0.037039730697870255,0.035573672503232956,0.035573672503232956,0.039048630744218826,0.03598647937178612,0.0396648645401001,0.035573672503232956,0.035573672503232956,0.036398760974407196,0.035573672503232956,0.035573672503232956,0.035573672503232956,0.035573672503232956,0.035573672503232956,0.035573672503232956,0.035573672503232956,0.038249749690294266,0.04094065725803375,0.04060979187488556,0.0369529090821743,0.0367785319685936
2016-07-21,0.03583399951457977,0.04003264009952545,0.037590447813272476,0.03961069509387016,0.03557420149445534,0.03875114023685455,0.03688402473926544,0.03557420149445534,0.03557420149445534,0.038866788148880005,0.03605254366993904,0.03923745080828667,0.03557420149445534,0.03557420149445534,0.036847956478595734,0.03557420149445534,0.03557420149445534,0.03557420149445534,0.03557420149445534,0.03557420149445534,0.03557420149445534,0.03557420149445534,0.03760651871562004,0.0411544106900692,0.04113996401429176,0.03694205731153488,0.03655901551246643
2016-07-22,0.03584625944495201,0.04026029631495476,0.03745816648006439,0.039360400289297104,0.035639312118291855,0.03921840339899063,0.0366554819047451,0.035639312118291855,0.035639312118291855,0.03846588358283043,0.03589135408401489,0.039481278508901596,0.035639312118291855,0.035639312118291855,0.036837585270404816,0.035639312118291855,0.035639312118291855,0.035639312118291855,0.035639312118291855,0.035639312118291855,0.035639312118291855,0.035639312118291855,0.037326715886592865,0.0405949130654335,0.04130024090409279,0.03692687302827835,0.036704447120428085
2016-07-25,0.03593658283352852,0.04050068184733391,0.03772468492388725,0.0395703986287117,0.035746850073337555,0.03917435184121132,0.036296725273132324,0.035746850073337555,0.035746850073337555,0.037733156234025955,0.0363769568502903,0.03947267308831215,0.035746850073337555,0.035746850073337555,0.03674447908997536,0.035746850073337555,0.035746850073337555,0.035746850073337555,0.035746850073337555,0.035746850073337555,0.035746850073337555,0.035746850073337555,0.037097398191690445,0.040393829345703125,0.04100099578499794,0.03644444793462753,0.03657054901123047
2016-07-26,0.03584566339850426,0.04074588418006897,0.03716898337006569,0.03871997073292732,0.035845495760440826,0.039020296186208725,0.03680598363280296,0.035845495760440826,0.035845495760440826,0.03814922645688057,0.03616806119680405,0.0399569496512413,0.035845495760440826,0.035845495760440826,0.036738187074661255,0.035845495760440826,0.035845495760440826,0.035845495760440826,0.035845495760440826,0.035845495760440826,0.035845495760440826,0.035845495760440826,0.03651793673634529,0.04001908004283905,0.04077189788222313,0.03691625967621803,0.03630976378917694
2016-07-27,0.035763442516326904,0.04109184071421623,0.03686985373497009,0.038374561816453934,0.035763442516326904,0.03887282684445381,0.03789323940873146,0.035763442516326904,0.03587431088089943,0.038932908326387405,0.035763442516326904,0.039642084389925,0.035982631146907806,0.035763442516326904,0.03666473180055618,0.035763442516326904,0.035763442516326904,0.035763442516326904,0.035763442516326904,0.035763442516326904,0.035763442516326904,0.035763442516326904,0.03618870675563812,0.03984452411532402,0.0407196581363678,0.037564825266599655,0.0363219790160656
2016-07-28,0.03559451550245285,0.04150011017918587,0.03690258041024208,0.03800245374441147,0.03559451550245285,0.038325101137161255,0.03852226212620735,0.03559451550245285,0.03606610372662544,0.03945602476596832,0.03559451550245285,0.04025467485189438,0.03592158108949661,0.03559451550245285,0.037312258034944534,0.03559451550245285,0.03559451550245285,0.03559451550245285,0.03559451550245285,0.03559451550245285,0.03559451550245285,0.03559451550245285,0.03562591224908829,0.04007347300648689,0.04106927663087845,0.03740944340825081,0.03642452508211136
2016-07-29,0.03558622673153877,0.04166296869516373,0.036457400768995285,0.037312861531972885,0.03558622673153877,0.03855934739112854,0.03859911859035492,0.03558622673153877,0.03641581907868385,0.04014766216278076,0.03558622673153877,0.04030119627714157,0.036711592227220535,0.03558622673153877,0.037010546773672104,0.03558622673153877,0.03558622673153877,0.03558622673153877,0.03558622673153877,0.03558622673153877,0.035780876874923706,0.03558622673153877,0.03558622673153877,0.03952869772911072,0.040532566606998444,0.03764551877975464,0.036299046128988266
2016-08-01,0.035568851977586746,0.04179251566529274,0.0365605354309082,0.037564557045698166,0.035568851977586746,0.03849628195166588,0.03842635825276375,0.035568851977586746,0.0366775244474411,0.039831697940826416,0.035568851977586746,0.04046396166086197,0.03636547923088074,0.035568851977586746,0.03685375303030014,0.035568851977586746,0.035568851977586746,0.035568851977586746,0.035568851977586746,0.035568851977586746,0.03612958639860153,0.035568851977586746,0.03562919422984123,0.03949396312236786,0.04065177962183952,0.03742564842104912,0.03637975826859474
2016-08-02,0.035604383796453476,0.04186677187681198,0.03664669767022133,0.03725394979119301,0.035604383796453476,0.03859260678291321,0.038357485085725784,0.035604383796453476,0.03690958395600319,0.04005696624517441,0.035604383796453476,0.04009236767888069,0.036503925919532776,0.035604383796453476,0.03662781044840813,0.035604383796453476,0.035604383796453476,0.035604383796453476,0.035604383796453476,0.035604383796453476,0.03637496754527092,0.035604383796453476,0.035604383796453476,0.03929930552840233,0.04024802893400192,0.0376545712351799,0.03626231849193573
2016-08-03,0.03567519783973694,0.04212791845202446,0.03670903295278549,0.03743389993906021,0.03567519783973694,0.03854352608323097,0.03830184414982796,0.03567519783973694,0.037207283079624176,0.03915714845061302,0.03567519783973694,0.03987099230289459,0.036661937832832336,0.03567519783973694,0.03645619750022888,0.03567519783973694,0.03567519783973694,0.03567519783973694,0.03567519783973694,0.03567519783973694,0.03685064986348152,0.03567519783973694,0.03567519783973694,0.03888734057545662,0.040147703140974045,0.03733853995800018,0.03620348870754242
2016-08-04,0.03560652956366539,0.04224204272031784,0.03675951436161995,0.037540316581726074,0.03560652956366539,0.038204021751880646,0.038592737168073654,0.03560652956366539,0.03707800805568695,0.039159514009952545,0.03560652956366539,0.0401458665728569,0.03671496361494064,0.03560652956366539,0.03661835938692093,0.03560652956366539,0.03560652956366539,0.03560652956366539,0.03560652956366539,0.03560652956366539,0.03693687170743942,0.03560652956366539,0.03560652956366539,0.03861575946211815,0.04059883952140808,0.03732142969965935,0.0361933708190918
2016-08-05,0.03560099005699158,0.042312201112508774,0.0365736298263073,0.03754574432969093,0.03560099005699158,0.03804837167263031,0.038985349237918854,0.03560099005699158,0.03733509033918381,0.039162684231996536,0.03560099005699158,0.03990615904331207,0.03686187416315079,0.03560099005699158,0.03659050539135933,0.03560099005699158,0.03560099005699158,0.03560099005699158,0.03560099005699158,0.03560099005699158,0.03698166459798813,0.03560099005699158,0.03560099005699158,0.038477811962366104,0.04052400961518288,0.03738274797797203,0.03610030561685562
2016-08-08,0.035556938499212265,0.042174987494945526,0.03592482954263687,0.03792598098516464,0.035556938499212265,0.03796713426709175,0.03950583562254906,0.035556938499212265,0.03748897835612297,0.039484042674303055,0.03570711985230446,0.03950782120227814,0.03670678287744522,0.035556938499212265,0.03668750450015068,0.035556938499212265,0.035556938499212265,0.035556938499212265,0.035556938499212265,0.035556938499212265,0.03720987215638161,0.035556938499212265,0.035556938499212265,0.03820148482918739,0.04052497074007988,0.03750491142272949,0.03635136038064957
2016-08-09,0.03551469370722771,0.04242587462067604,0.03566544130444527,0.038110218942165375,0.03551469370722771,0.03777951002120972,0.04003230109810829,0.03551469370722771,0.037508852779865265,0.039544276893138885,0.03551469370722771,0.039269085973501205,0.03684428334236145,0.03551469370722771,0.03675705939531326,0.03551469370722771,0.03551469370722771,0.03551469370722771,0.03551469370722771,0.03551469370722771,0.0372011698782444,0.03551469370722771,0.03551469370722771,0.037957653403282166,0.0408528596162796,0.037485405802726746,0.03638967126607895
2016-08-10,0.03553296625614166,0.042461324483156204,0.03584876284003258,0.03825747221708298,0.03553296625614166,0.037689920514822006,0.03981421887874603,0.03553296625614166,0.03736261650919914,0.0392412431538105,0.03559347614645958,0.03926168009638786,0.036778029054403305,0.03553296625614166,0.03674444556236267,0.03553296625614166,0.03553296625614166,0.03553296625614166,0.03553296625614166,0.03553296625614166,0.03724692389369011,0.03553296625614166,0.03553296625614166,0.037885572761297226,0.041188813745975494,0.03739796206355095,0.03636496514081955
2016-08-11,0.03559970110654831,0.042337555438280106,0.03627024590969086,0.03801579773426056,0.03559970110654831,0.03767364099621773,0.03905447572469711,0.03559970110654831,0.03710005059838295,0.038666561245918274,0.03559970110654831,0.03965321555733681,0.03654298186302185,0.03559970110654831,0.03692556917667389,0.03559970110654831,0.03559970110654831,0.03559970110654831,0.03559970110654831,0.03559970110654831,0.03733101487159729,0.03559970110654831,0.03559970110654831,0.038419775664806366,0.041426997631788254,0.03714219853281975,0.036243539303541183
2016-08-12,0.03553076460957527,0.04240713268518448,0.036283016204833984,0.03811764344573021,0.03553076460957527,0.03778082877397537,0.03938353434205055,0.03553076460957527,0.03695693239569664,0.03893937170505524,0.035535894334316254,0.03931725397706032,0.03657052293419838,0.03553076460957527,0.03700784221291542,0.03553076460957527,0.03553076460957527,0.03553076460957527,0.03553076460957527,0.03553076460957527,0.03740506246685982,0.03553076460957527,0.03553076460957527,0.03823411092162132,0.04150218889117241,0.037420738488435745,0.03629948943853378
2016-08-15,0.03553056716918945,0.04262690246105194,0.03633324056863785,0.03830872103571892,0.03553056716918945,0.03793259337544441,0.03949402645230293,0.03553056716918945,0.0370575375854969,0.0387909971177578,0.03553056716918945,0.038872841745615005,0.0368155837059021,0.03553056716918945,0.036895353347063065,0.03553056716918945,0.03553056716918945,0.03553056716918945,0.03553056716918945,0.03553056716918945,0.03740787133574486,0.03553056716918945,0.03553056716918945,0.037830982357263565,0.04140336066484451,0.03739538788795471,0.0364677831530571
2016-08-16,0.03547875955700874,0.04278096184134483,0.036385685205459595,0.03824703022837639,0.03547875955700874,0.03735961392521858,0.03952056169509888,0.03547875955700874,0.03717657923698425,0.038865722715854645,0.03547875955700874,0.03913704678416252,0.03653161600232124,0.03547875955700874,0.03704100474715233,0.03547875955700874,0.03547875955700874,0.03547875955700874,0.03547875955700874,0.03547875955700874,0.037815019488334656,0.03547875955700874,0.03547875955700874,0.03777660056948662,0.04155012220144272,0.0375666618347168,0.036500584334135056
2016-08-17,0.03544333204627037,0.04249902814626694,0.036511652171611786,0.03801918029785156,0.03544333204627037,0.036888834089040756,0.03934658691287041,0.03544333204627037,0.03682132810354233,0.03912230581045151,0.03544333204627037,0.040154993534088135,0.03648928925395012,0.03544333204627037,0.03723158314824104,0.03544333204627037,0.03544333204627037,0.03544333204627037,0.03544333204627037,0.03544333204627037,0.037459008395671844,0.03544333204627037,0.03544333204627037,0.03796982392668724,0.04190744459629059,0.037547867745161057,0.03671102970838547
2016-08-18,0.035431135445833206,0.04242248088121414,0.03652577102184296,0.03739945590496063,0.035431135445833206,0.03692854568362236,0.038881272077560425,0.035431135445833206,0.03689131885766983,0.03949454426765442,0.035431135445833206,0.0407455749809742,0.03657190501689911,0.035431135445833206,0.03735882788896561,0.035431135445833206,0.035431135445833206,0.035431135445833206,0.035431135445833206,0.035431135445833206,0.037361133843660355,0.035431135445833206,0.035431135445833206,0.03822602704167366,0.04158582165837288,0.03766977787017822,0.03676396235823631
2016-08-19,0.035582005977630615,0.04197688028216362,0.036658693104982376,0.037813179194927216,0.035447750240564346,0.037145473062992096,0.039190445095300674,0.035447750240564346,0.03664626181125641,0.03885003179311752,0.035447750240564346,0.03994709998369217,0.036745585501194,0.035447750240564346,0.037370793521404266,0.035447750240564346,0.035447750240564346,0.035447750240564346,0.035447750240564346,0.035447750240564346,0.03747262433171272,0.035447750240564346,0.035447750240564346,0.0384688675403595,0.04204330965876579,0.03760865703225136,0.036554817110300064
2016-08-22,0.03536702319979668,0.04209559038281441,0.03664812818169594,0.03786703199148178,0.03536702319979668,0.03694489970803261,0.03935575857758522,0.03536702319979668,0.03672828897833824,0.039289116859436035,0.03536702319979668,0.040183305740356445,0.03710617870092392,0.03536702319979668,0.037554364651441574,0.03536702319979668,0.03536702319979668,0.03536702319979668,0.03536702319979668,0.03536702319979668,0.037353064864873886,0.03536702319979668,0.03536702319979668,0.03807562589645386,0.04210226237773895,0.03781174123287201,0.03648024797439575
2016-08-23,0.0353829562664032,0.042014945298433304,0.0366634801030159,0.03793301433324814,0.0353829562664032,0.036872055381536484,0.039090849459171295,0.0353829562664032,0.0365527868270874,0.03941380977630615,0.0353829562664032,0.04041210189461708,0.03705162554979324,0.0353829562664032,0.037695471197366714,0.0353829562664032,0.0353829562664032,0.0353829562664032,0.0353829562664032,0.0353829562664032,0.037159595638513565,0.0353829562664032,0.0353829562664032,0.03815692663192749,0.0422314815223217,0.03788858652114868,0.03626784309744835
2016-08-24,0.03539249673485756,0.041786305606365204,0.03653101623058319,0.038426727056503296,0.03539249673485756,0.03670462593436241,0.03926912695169449,0.03539249673485756,0.036425862461328506,0.03941045328974724,0.03539249673485756,0.04016027972102165,0.036830250173807144,0.03539249673485756,0.03763109818100929,0.03539249673485756,0.03539249673485756,0.03539249673485756,0.03539249673485756,0.03539249673485756,0.03710080683231354,0.03539249673485756,0.03539249673485756,0.038281552493572235,0.04249078035354614,0.03817632421851158,0.03606479987502098
2016-08-25,0.03589297831058502,0.041420891880989075,0.036508750170469284,0.03802521526813507,0.03548220917582512,0.03637953847646713,0.038820426911115646,0.03548220917582512,0.03646491840481758,0.03888236731290817,0.03548220917582512,0.04109508916735649,0.03708358481526375,0.03548220917582512,0.03739866241812706,0.03548220917582512,0.03548220917582512,0.03548220917582512,0.03548220917582512,0.03548220917582512,0.03680257126688957,0.03548220917582512,0.03548220917582512,0.03862708806991577,0.042512185871601105,0.03784454986453056,0.03593692183494568
2016-08-26,0.035961929708719254,0.04140423238277435,0.03609101474285126,0.03783911094069481,0.03558124601840973,0.03607044368982315,0.03918476402759552,0.03558124601840973,0.036987051367759705,0.03896120935678482,0.03558124601840973,0.04144449532032013,0.03727463260293007,0.03558124601840973,0.03711366653442383,0.03558124601840973,0.03558124601840973,0.03558124601840973,0.03558124601840973,0.03558124601840973,0.036576855927705765,0.03558124601840973,0.03558124601840973,0.03832070156931877,0.04207870736718178,0.03771624341607094,0.03558124601840973
2016-08-29,0.035786036401987076,0.041533228009939194,0.03597007319331169,0.03818177804350853,0.03556163236498833,0.03565182536840439,0.03953249007463455,0.03556163236498833,0.037246715277433395,0.03897063061594963,0.03556163236498833,0.04123206064105034,0.03713960945606232,0.03556163236498833,0.037096671760082245,0.03556163236498833,0.03556163236498833,0.03556163236498833,0.03556163236498833,0.03556163236498833,0.03668774664402008,0.03556163236498833,0.03556163236498833,0.03824378550052643,0.042200006544589996,0.03778773918747902,0.03556163236498833
2016-08-30,0.03560796007514,0.04162019118666649,0.035945016890764236,0.03821449726819992,0.0355423167347908,0.03578419238328934,0.03987054526805878,0.0355423167347908,0.03730526193976402,0.039228133857250214,0.0355423167347908,0.0407637283205986,0.03713185712695122,0.0355423167347908,0.03708035126328468,0.0355423167347908,0.0355423167347908,0.0355423167347908,0.0355423167347908,0.0355423167347908,0.03672469034790993,0.0355423167347908,0.0355423167347908,0.03819414600729942,0.0420570932328701,0.03796450421214104,0.0355423167347908
2016-08-31,0.03550753369927406,0.042170602828264236,0.03589080646634102,0.03787589818239212,0.03550753369927406,0.0357033908367157,0.04020124301314354,0.03550753369927406,0.03749757632613182,0.03963620588183403,0.03550753369927406,0.04099148139357567,0.03730005770921707,0.03550753369927406,0.03701423481106758,0.03550753369927406,0.03550753369927406,0.03550753369927406,0.03550753369927406,0.03550753369927406,0.03669409081339836,0.03550753369927406,0.03550753369927406,0.037785131484270096,0.04160734638571739,0.03803403675556183,0.03550753369927406
2016-09-01,0.03554624319076538,0.04198726266622543,0.03554624319076538,0.03745216503739357,0.03554624319076538,0.03554624319076538,0.040370941162109375,0.03554624319076538,0.03823404386639595,0.0398193784058094,0.03554624319076538,0.04131247475743294,0.03768829256296158,0.03554624319076538,0.03670331463217735,0.03554624319076538,0.03554624319076538,0.03554624319076538,0.03554624319076538,0.03554624319076538,0.036757227033376694,0.03554624319076538,0.03554624319076538,0.03742143139243126,0.041214216500520706,0.03784559294581413,0.03554624319076538
2016-09-02,0.03562567010521889,0.041815001517534256,0.03562567010521889,0.03707515448331833,0.03562567010521889,0.03562567010521889,0.03965505212545395,0.03562567010521889,0.038083821535110474,0.03919626399874687,0.03562567010521889,0.04173284396529198,0.03741550073027611,0.03562567010521889,0.03657074272632599,0.03562567010521889,0.03562567010521889,0.03562567010521889,0.03562567010521889,0.03562567010521889,0.03717425838112831,0.03562567010521889,0.03562567010521889,0.03821040317416191,0.04105531424283981,0.03763055056333542,0.03562567010521889
2016-09-06,0.03565274551510811,0.04185441508889198,0.0356806255877018,0.03742805868387222,0.03565274551510811,0.03574622794985771,0.03953249752521515,0.03565274551510811,0.03753688186407089,0.03906197473406792,0.03565274551510811,0.0408952459692955,0.03709079697728157,0.03565274551510811,0.03677104786038399,0.03565274551510811,0.03565274551510811,0.03565274551510811,0.03565274551510811,0.03565274551510811,0.037185829132795334,0.03565274551510811,0.03565274551510811,0.038472119718790054,0.041378121823072433,0.03788043186068535,0.03565274551510811
2016-09-07,0.035743147134780884,0.04181980714201927,0.035689372569322586,0.03721410408616066,0.035689372569322586,0.0360068641602993,0.04010488837957382,0.035689372569322586,0.03761271387338638,0.039185769855976105,0.035689372569322586,0.040138937532901764,0.03737396374344826,0.035689372569322586,0.03684413805603981,0.035689372569322586,0.035689372569322586,0.035689372569322586,0.035689372569322586,0.035689372569322586,0.03676854074001312,0.035689372569322586,0.035689372569322586,0.03839106112718582,0.04099491983652115,0.0378393791615963,0.035689372569322586
2016-09-08,0.03594024479389191,0.04162625968456268,0.035654466599226,0.03689046949148178,0.035654466599226,0.03572862595319748,0.04074567183852196,0.035654466599226,0.03806164860725403,0.03930426016449928,0.035654466599226,0.040094878524541855,0.03754657506942749,0.035654466599226,0.03677714616060257,0.035654466599226,0.035654466599226,0.035654466599226,0.035654466599226,0.035654466599226,0.03663788363337517,0.035654466599226,0.035654466599226,0.038620688021183014,0.040616221725940704,0.03790135309100151,0.035654466599226
2016-09-09,0.03589174523949623,0.0412588007748127,0.035650938749313354,0.03683596849441528,0.035650938749313354,0.035774558782577515,0.040248166769742966,0.035650938749313354,0.03802911937236786,0.03897885978221893,0.035650938749313354,0.04100675880908966,0.037585243582725525,0.035650938749313354,0.03684834763407707,0.035650938749313354,0.035650938749313354,0.035650938749313354,0.035650938749313354,0.035650938749313354,0.03679912909865379,0.035650938749313354,0.035650938749313354,0.038801342248916626,0.04064808785915375,0.03783164545893669,0.035650938749313354
2016-09-12,0.03603661432862282,0.04202381148934364,0.03576105460524559,0.037433844059705734,0.0357053205370903,0.0357053205370903,0.039994414895772934,0.03579913079738617,0.03813262656331062,0.037930022925138474,0.0357053205370903,0.041589122265577316,0.03694760054349899,0.0357053205370903,0.03712330386042595,0.0357053205370903,0.0357053205370903,0.0357053205370903,0.0357053205370903,0.0357053205370903,0.03728478029370308,0.0357053205370903,0.0357053205370903,0.03766297921538353,0.040625665336847305,0.037191241979599,0.0357053205370903
2016-09-13,0.035889092832803726,0.04190541058778763,0.03569512814283371,0.03737689554691315,0.03568955883383751,0.03598096966743469,0.03972705453634262,0.03568955883383751,0.03794141858816147,0.03758414462208748,0.03568955883383751,0.04130950942635536,0.036829568445682526,0.03568955883383751,0.03746595233678818,0.03568955883383751,0.03568955883383751,0.03568955883383751,0.03568955883383751,0.03568955883383751,0.03722863271832466,0.03568955883383751,0.03568955883383751,0.03860369324684143,0.04098161309957504,0.0372062586247921,0.03568955883383751
2016-09-14,0.036103662103414536,0.041593194007873535,0.035733409225940704,0.03750743716955185,0.035733409225940704,0.0357544980943203,0.039585817605257034,0.035733409225940704,0.038197025656700134,0.03731236606836319,0.035733409225940704,0.041810743510723114,0.036939527839422226,0.035733409225940704,0.03744111582636833,0.035733409225940704,0.035733409225940704,0.035733409225940704,0.035733409225940704,0.035733409225940704,0.0372917540371418,0.035733409225940704,0.035733409225940704,0.03807046636939049,0.0409603975713253,0.03689762204885483,0.035733409225940704
2016-09-15,0.03618874400854111,0.041513897478580475,0.035759370774030685,0.03759809955954552,0.035759370774030685,0.035759370774030685,0.03929092735052109,0.03592229634523392,0.03884153440594673,0.036793529987335205,0.035759370774030685,0.04182041808962822,0.0367872454226017,0.035759370774030685,0.037360869348049164,0.035759370774030685,0.035759370774030685,0.035759370774030685,0.035759370774030685,0.035759370774030685,0.037301380187273026,0.035759370774030685,0.035759370774030685,0.03770153224468231,0.04142516106367111,0.036582548171281815,0.035759370774030685
2016-09-16,0.035972438752651215,0.04177224263548851,0.03570771962404251,0.0373370535671711,0.03570771962404251,0.03570771962404251,0.0395895317196846,0.03570771962404251,0.039048925042152405,0.036975957453250885,0.03570771962404251,0.041402578353881836,0.03698115423321724,0.03570771962404251,0.03751906752586365,0.03570771962404251,0.03570771962404251,0.03570771962404251,0.03570771962404251,0.03570771962404251,0.03734535351395607,0.03570771962404251,0.03570771962404251,0.03777296841144562,0.04170237109065056,0.03667227551341057,0.03570771962404251
2016-09-19,0.035665471106767654,0.04185957461595535,0.035665471106767654,0.03707563504576683,0.035665471106767654,0.035665471106767654,0.040470849722623825,0.035665471106767654,0.0396888442337513,0.03699880838394165,0.035665471106767654,0.04088732600212097,0.03741433098912239,0.035665471106767654,0.0372602678835392,0.035665471106767654,0.035665471106767654,0.035665471106767654,0.035665471106767654,0.035665471106767654,0.03780202940106392,0.035665471106767654,0.035665471106767654,0.03724786639213562,0.04185572639107704,0.03645659610629082,0.035665471106767654
2016-09-20,0.035651590675115585,0.04182421788573265,0.035651590675115585,0.036962106823921204,0.035651590675115585,0.035651590675115585,0.040463805198669434,0.035651590675115585,0.0395478792488575,0.03712715581059456,0.035651590675115585,0.0408753901720047,0.037758491933345795,0.035651590675115585,0.03703000023961067,0.035651590675115585,0.035651590675115585,0.035651590675115585,0.035651590675115585,0.035651590675115585,0.037898384034633636,0.035651590675115585,0.035651590675115585,0.03730739280581474,0.04179500788450241,0.036636337637901306,0.035651590675115585
2016-09-21,0.035666730254888535,0.041854243725538254,0.035666730254888535,0.03715408593416214,0.035666730254888535,0.035666730254888535,0.04023900628089905,0.035666730254888535,0.039659857749938965,0.03704634681344032,0.035666730254888535,0.04057231917977333,0.037567462772130966,0.035666730254888535,0.03703773394227028,0.035666730254888535,0.035666730254888535,0.035666730254888535,0.035666730254888535,0.035666730254888535,0.037925977259874344,0.035666730254888535,0.035666730254888535,0.037345487624406815,0.04177674278616905,0.03681978955864906,0.035666730254888535
2016-09-22,0.03569837287068367,0.04179315268993378,0.03569837287068367,0.037123460322618484,0.03569837287068367,0.03569837287068367,0.04011695832014084,0.03569837287068367,0.039007022976875305,0.03730873763561249,0.03569837287068367,0.040038418024778366,0.037585943937301636,0.03569837287068367,0.037607427686452866,0.03569837287068367,0.03569837287068367,0.03569837287068367,0.03569837287068367,0.03569837287068367,0.03737126290798187,0.03569837287068367,0.03569837287068367,0.03751928359270096,0.04206189513206482,0.03699076920747757,0.03569837287068367
2016-09-23,0.035726822912693024,0.04171355813741684,0.035748425871133804,0.03774110600352287,0.035726822912693024,0.03625775873661041,0.03975222632288933,0.035726822912693024,0.03795737028121948,0.03768404200673103,0.035726822912693024,0.03877586871385574,0.03732435777783394,0.035726822912693024,0.037778135389089584,0.035726822912693024,0.035726822912693024,0.035726822912693024,0.035726822912693024,0.035726822912693024,0.03690708801150322,0.035726822912693024,0.035726822912693024,0.03816330432891846,0.042113907635211945,0.037634171545505524,0.035726822912693024
2016-09-26,0.03578753396868706,0.04145260155200958,0.03578753396868706,0.03773537278175354,0.03578753396868706,0.03640534356236458,0.03915468230843544,0.03578753396868706,0.038644012063741684,0.03693811595439911,0.03578753396868706,0.039208896458148956,0.037334270775318146,0.03578753396868706,0.03769803047180176,0.03578753396868706,0.03578753396868706,0.03578753396868706,0.03578753396868706,0.03578753396868706,0.03719068318605423,0.03578753396868706,0.03578753396868706,0.037776559591293335,0.042208120226860046,0.03722776845097542,0.03578753396868706
2016-09-27,0.035792987793684006,0.041310641914606094,0.035792987793684006,0.037222541868686676,0.035792987793684006,0.03579321131110191,0.039221931248903275,0.035792987793684006,0.03898783028125763,0.03613806888461113,0.035792987793684006,0.04054646193981171,0.03750590234994888,0.035792987793684006,0.037684116512537,0.035792987793684006,0.035792987793684006,0.035792987793684006,0.035792987793684006,0.035792987793684006,0.03783363103866577,0.035792987793684006,0.035792987793684006,0.0373508520424366,0.0425151064991951,0.03678793087601662,0.035792987793684006
2016-09-28,0.03580860421061516,0.041123777627944946,0.03580860421061516,0.03685343638062477,0.03580860421061516,0.03599225729703903,0.03906739875674248,0.03580860421061516,0.03874334320425987,0.03697782754898071,0.03580860421061516,0.04041241854429245,0.03780876845121384,0.03580860421061516,0.03763848543167114,0.03580860421061516,0.03580860421061516,0.03580860421061516,0.03580860421061516,0.03580860421061516,0.03746321052312851,0.03580860421061516,0.03580860421061516,0.0378325954079628,0.04200194031000137,0.03676413744688034,0.03580860421061516
2016-09-29,0.03587138652801514,0.0411214679479599,0.03587138652801514,0.037617117166519165,0.03587138652801514,0.03657899796962738,0.039143964648246765,0.03587138652801514,0.03825553506612778,0.03664450719952583,0.03587138652801514,0.038965556770563126,0.03727272152900696,0.03587138652801514,0.03776752948760986,0.03587138652801514,0.03587138652801514,0.03587138652801514,0.03587138652801514,0.03587138652801514,0.03706888481974602,0.03587138652801514,0.03587138652801514,0.03857707977294922,0.0418098010122776,0.036977462470531464,0.03587138652801514
2016-09-30,0.03608567640185356,0.04040880128741264,0.035827286541461945,0.03706701099872589,0.035827286541461945,0.035827286541461945,0.039011843502521515,0.035827286541461945,0.038248009979724884,0.03679238259792328,0.035827286541461945,0.040914591401815414,0.03726603090763092,0.035827286541461945,0.03737296536564827,0.035827286541461945,0.035827286541461945,0.035827286541461945,0.035827286541461945,0.035827286541461945,0.037525806576013565,0.035827286541461945,0.035827286541461945,0.03817407414317131,0.04239637032151222,0.037154510617256165,0.035827286541461945
2016-10-03,0.036137040704488754,0.040369369089603424,0.03581660985946655,0.03722343593835831,0.03581660985946655,0.03600968047976494,0.03900127485394478,0.03581660985946655,0.037863440811634064,0.037270184606313705,0.03581660985946655,0.04020022228360176,0.03758985176682472,0.03581660985946655,0.03717012330889702,0.03581660985946655,0.03581660985946655,0.03581660985946655,0.03581660985946655,0.03581660985946655,0.03744691237807274,0.03581660985946655,0.03581660985946655,0.038732390850782394,0.042044755071401596,0.037325434386730194,0.03581660985946655
2016-10-04,0.03617953136563301,0.040543001145124435,0.035818569362163544,0.03713200241327286,0.035818569362163544,0.03596457466483116,0.039036188274621964,0.035818569362163544,0.03799750655889511,0.03715575486421585,0.035818569362163544,0.04048144444823265,0.03752797469496727,0.035818569362163544,0.037171248346567154,0.035818569362163544,0.035818569362163544,0.035818569362163544,0.035818569362163544,0.035818569362163544,0.03745168447494507,0.035818569362163544,0.035818569362163544,0.03856242075562477,0.041992779821157455,0.03716250881552696,0.035818569362163544
2016-10-05,0.036204829812049866,0.040687303990125656,0.03588229417800903,0.03756093606352806,0.035827718675136566,0.03642405942082405,0.03917282447218895,0.035827718675136566,0.037896834313869476,0.03696073219180107,0.035827718675136566,0.03973401337862015,0.037618864327669144,0.035827718675136566,0.03757552430033684,0.035827718675136566,0.035827718675136566,0.035827718675136566,0.035827718675136566,0.035827718675136566,0.03700101003050804,0.035827718675136566,0.035827718675136566,0.038242142647504807,0.0419662781059742,0.03713978826999664,0.035827718675136566
2016-10-06,0.036291737109422684,0.040708087384700775,0.03643714636564255,0.0379176028072834,0.0357707180082798,0.036348920315504074,0.039216551929712296,0.0357707180082798,0.03777751699090004,0.03717302531003952,0.0357707180082798,0.03933243453502655,0.037186410278081894,0.0357707180082798,0.03756052255630493,0.0357707180082798,0.0357707180082798,0.0357707180082798,0.0357707180082798,0.0357707180082798,0.03710458055138588,0.0357707180082798,0.0357707180082798,0.03861232101917267,0.04178454354405403,0.03730005398392677,0.0357707180082798
2016-10-07,0.035765573382377625,0.041196972131729126,0.03667092323303223,0.03849418833851814,0.035722553730010986,0.03608734533190727,0.03928450867533684,0.035722553730010986,0.03839059919118881,0.03688274323940277,0.035722553730010986,0.03930513188242912,0.036429401487112045,0.035722553730010986,0.03795043006539345,0.035722553730010986,0.035722553730010986,0.035722553730010986,0.035722553730010986,0.035722553730010986,0.037306442856788635,0.035722553730010986,0.035722553730010986,0.037768516689538956,0.042448047548532486,0.037348538637161255,0.035722553730010986
2016-10-10,0.035803601145744324,0.042030107229948044,0.0365152433514595,0.03865062817931175,0.035803601145744324,0.03582113981246948,0.040409259498119354,0.03590169548988342,0.03935416787862778,0.03615809231996536,0.035803601145744324,0.03895588964223862,0.035803601145744324,0.035803601145744324,0.03727901354432106,0.035803601145744324,0.035803601145744324,0.035803601145744324,0.035803601145744324,0.035803601145744324,0.03827399015426636,0.035803601145744324,0.035803601145744324,0.0373823344707489,0.04105371981859207,0.03676791489124298,0.035803601145744324
2016-10-11,0.0357363224029541,0.04197528958320618,0.03641442582011223,0.03945513442158699,0.0357363224029541,0.036028627306222916,0.04088783636689186,0.0357363224029541,0.03952968865633011,0.036524053663015366,0.0357363224029541,0.03832066059112549,0.03598863258957863,0.0357363224029541,0.0378347709774971,0.0357363224029541,0.0357363224029541,0.0357363224029541,0.0357363224029541,0.0357363224029541,0.03788993880152702,0.0357363224029541,0.0357363224029541,0.03715459257364273,0.040725886821746826,0.03669826686382294,0.0357363224029541
2016-10-12,0.03623250871896744,0.041482917964458466,0.036833252757787704,0.03875543922185898,0.03580514341592789,0.03580514341592789,0.03996129706501961,0.03607932850718498,0.03920593485236168,0.03580514341592789,0.03580514341592789,0.03956301882863045,0.03580514341592789,0.03580514341592789,0.037354711443185806,0.03580514341592789,0.03580514341592789,0.03580514341592789,0.03580514341592789,0.03580514341592789,0.03800971806049347,0.03580514341592789,0.03580514341592789,0.03720203414559364,0.041371289640665054,0.036676619201898575,0.03580514341592789
2016-10-13,0.03597588464617729,0.041766468435525894,0.036524876952171326,0.03819609805941582,0.035754334181547165,0.035754334181547165,0.04045270383358002,0.035754334181547165,0.03951238468289375,0.03623193874955177,0.035754334181547165,0.039475999772548676,0.03637336567044258,0.035754334181547165,0.03750913217663765,0.035754334181547165,0.035754334181547165,0.035754334181547165,0.035754334181547165,0.035754334181547165,0.03788604959845543,0.035754334181547165,0.035754334181547165,0.036622971296310425,0.041533805429935455,0.03713196888566017,0.035754334181547165
2016-10-14,0.03600931912660599,0.04178118705749512,0.035789426416158676,0.0378735288977623,0.03577083349227905,0.035866837948560715,0.04076555371284485,0.03577083349227905,0.03988610580563545,0.03640551492571831,0.03577083349227905,0.03928472846746445,0.03707891330122948,0.03577083349227905,0.0378134660422802,0.03577083349227905,0.03577083349227905,0.03577083349227905,0.03577083349227905,0.03577083349227905,0.03751523047685623,0.03577083349227905,0.03577083349227905,0.03643246367573738,0.041316136717796326,0.03693154826760292,0.03577083349227905
2016-10-17,0.036166924983263016,0.041478902101516724,0.03576096147298813,0.03796330839395523,0.03576096147298813,0.03576096147298813,0.040543969720602036,0.03576096147298813,0.03957859054207802,0.03689844533801079,0.03576096147298813,0.03955087065696716,0.03713603690266609,0.03576096147298813,0.03760914504528046,0.03576096147298813,0.03576096147298813,0.03576096147298813,0.03576096147298813,0.03576096147298813,0.037450261414051056,0.03576096147298813,0.03576096147298813,0.0363411083817482,0.04144603759050369,0.03718298301100731,0.03576096147298813
2016-10-18,0.03617808595299721,0.04129475727677345,0.03579750657081604,0.03786110877990723,0.035776831209659576,0.035776831209659576,0.040412791073322296,0.035776831209659576,0.03942372649908066,0.036821700632572174,0.035776831209659576,0.039525583386421204,0.03721773251891136,0.035776831209659576,0.03791720047593117,0.035776831209659576,0.035776831209659576,0.035776831209659576,0.035776831209659576,0.035776831209659576,0.037286609411239624,0.035776831209659576,0.035776831209659576,0.036336500197649,0.04163728281855583,0.03719070181250572,0.035776831209659576
2016-10-19,0.0356573611497879,0.041376952081918716,0.03590182960033417,0.038213834166526794,0.0356573611497879,0.035664524883031845,0.03983713313937187,0.0356573611497879,0.03879259154200554,0.036801088601350784,0.0356573611497879,0.03971992805600166,0.036751165986061096,0.0356573611497879,0.03838008642196655,0.0356573611497879,0.0356573611497879,0.0356573611497879,0.0356573611497879,0.0356573611497879,0.0380391925573349,0.0356573611497879,0.0356573611497879,0.03659415245056152,0.04280831292271614,0.037573523819446564,0.0356573611497879
2016-10-20,0.0355854369699955,0.04136015474796295,0.036531247198581696,0.038064245134592056,0.0355854369699955,0.0355854369699955,0.03984174504876137,0.0355854369699955,0.03849953040480614,0.03679320588707924,0.0355854369699955,0.040461909025907516,0.036528803408145905,0.0355854369699955,0.03852483630180359,0.0355854369699955,0.0355854369699955,0.0355854369699955,0.0355854369699955,0.0355854369699955,0.03851623460650444,0.0355854369699955,0.0355854369699955,0.03628738224506378,0.042670682072639465,0.03772396221756935,0.0355854369699955
2016-10-21,0.03546779975295067,0.04137338697910309,0.03707675263285637,0.03789154812693596,0.03546779975295067,0.03546779975295067,0.03989912569522858,0.03546779975295067,0.0373835414648056,0.03709089756011963,0.03546779975295067,0.040580447763204575,0.036664512008428574,0.03546779975295067,0.03923264518380165,0.03546779975295067,0.03546779975295067,0.03546779975295067,0.03546779975295067,0.03546779975295067,0.03813633695244789,0.03546779975295067,0.03546779975295067,0.037148136645555496,0.043000977486371994,0.03797246515750885,0.03546779975295067
2016-10-24,0.03547638654708862,0.04106908291578293,0.0364966094493866,0.03714574873447418,0.03547638654708862,0.03547638654708862,0.03979707509279251,0.03547638654708862,0.03711565211415291,0.03772484511137009,0.03547638654708862,0.0413193479180336,0.037029098719358444,0.03547638654708862,0.03936251252889633,0.03547638654708862,0.03547638654708862,0.03547638654708862,0.03547638654708862,0.03547638654708862,0.03767595812678337,0.03547638654708862,0.03547638654708862,0.03730505332350731,0.043281618505716324,0.03800799325108528,0.03547638654708862
2016-10-25,0.03543758764863014,0.041007544845342636,0.03705555200576782,0.03766631707549095,0.03543758764863014,0.03543758764863014,0.03954364359378815,0.03543758764863014,0.03682054579257965,0.03807064890861511,0.03543758764863014,0.04098088666796684,0.037344492971897125,0.03543758764863014,0.039367519319057465,0.03543758764863014,0.03543758764863014,0.03567185625433922,0.03543758764863014,0.03543758764863014,0.03751576691865921,0.03543758764863014,0.03543758764863014,0.037073783576488495,0.043147046118974686,0.038045734167099,0.03543758764863014
2016-10-26,0.03544703871011734,0.04073562100529671,0.03672710433602333,0.037623945623636246,0.03544703871011734,0.03544703871011734,0.039664190262556076,0.03544703871011734,0.0365772508084774,0.03844652324914932,0.03544703871011734,0.040627047419548035,0.03780084475874901,0.03544703871011734,0.03941546753048897,0.03544703871011734,0.03544703871011734,0.0355900414288044,0.03544703871011734,0.03544703871011734,0.03732431307435036,0.03544703871011734,0.03544703871011734,0.03755085915327072,0.04283985123038292,0.03826548531651497,0.03544703871011734
2016-10-27,0.035387713462114334,0.04118746146559715,0.03703257441520691,0.03806053474545479,0.035387713462114334,0.035387713462114334,0.04010844975709915,0.035387713462114334,0.03699878603219986,0.038545768707990646,0.035387713462114334,0.04015768691897392,0.03781669959425926,0.035387713462114334,0.039341192692518234,0.035387713462114334,0.035387713462114334,0.03543194755911827,0.035387713462114334,0.035387713462114334,0.03729918971657753,0.035387713462114334,0.035387713462114334,0.03708527237176895,0.042766913771629333,0.03812721371650696,0.035387713462114334
2016-10-28,0.035338640213012695,0.041491683572530746,0.03689867630600929,0.037759214639663696,0.035338640213012695,0.035338640213012695,0.04026392474770546,0.035338640213012695,0.03736167028546333,0.03895040974020958,0.035338640213012695,0.040573447942733765,0.03780651465058327,0.035338640213012695,0.03936328366398811,0.035338640213012695,0.035338640213012695,0.035338640213012695,0.035338640213012695,0.035338640213012695,0.03729679435491562,0.035338640213012695,0.035338640213012695,0.036798145622015,0.04238401725888252,0.0383111946284771,0.035338640213012695
2016-10-31,0.035386934876441956,0.04125853627920151,0.0369717963039875,0.03731479123234749,0.035386934876441956,0.035386934876441956,0.0400116890668869,0.035386934876441956,0.03674944117665291,0.039040107280015945,0.035386934876441956,0.040500376373529434,0.03876424580812454,0.035386934876441956,0.03936516493558884,0.035386934876441956,0.035386934876441956,0.03582954406738281,0.035386934876441956,0.035386934876441956,0.03714948147535324,0.035386934876441956,0.035386934876441956,0.03682525455951691,0.04192967712879181,0.03825982287526131,0.035386934876441956
2016-11-01,0.03567006066441536,0.04092337191104889,0.03697364032268524,0.03739907220005989,0.035452038049697876,0.035452038049697876,0.03990229219198227,0.035452038049697876,0.03669522702693939,0.038894135504961014,0.035452038049697876,0.04010815545916557,0.03882260248064995,0.035452038049697876,0.03939926251769066,0.035452038049697876,0.035452038049697876,0.03591710701584816,0.035452038049697876,0.035452038049697876,0.03699832409620285,0.035452038049697876,0.035452038049697876,0.03691650182008743,0.041794974356889725,0.038160741329193115,0.035452038049697876
2016-11-02,0.035949885845184326,0.041022103279829025,0.03683650121092796,0.037311702966690063,0.035482339560985565,0.035482339560985565,0.0401107557117939,0.035482339560985565,0.037175651639699936,0.03857693448662758,0.035482339560985565,0.039866335690021515,0.038674380630254745,0.035482339560985565,0.039419010281562805,0.035482339560985565,0.035482339560985565,0.03570180386304855,0.035482339560985565,0.035482339560985565,0.03708713874220848,0.035482339560985565,0.035482339560985565,0.03694482520222664,0.041627202183008194,0.03790766000747681,0.035482339560985565
2016-11-03,0.03590695187449455,0.04121149703860283,0.036891691386699677,0.03732537478208542,0.03554166108369827,0.03554166108369827,0.040224235504865646,0.03554166108369827,0.037494588643312454,0.03824445605278015,0.03554166108369827,0.039453644305467606,0.038863468915224075,0.03554166108369827,0.039417050778865814,0.03554166108369827,0.03554166108369827,0.03581361100077629,0.03554166108369827,0.03554166108369827,0.037111639976501465,0.03554166108369827,0.03554166108369827,0.036467473953962326,0.04143867641687393,0.03763570636510849,0.03554166108369827
2016-11-04,0.0357913114130497,0.04130290448665619,0.037033528089523315,0.03727390244603157,0.035530682653188705,0.035530682653188705,0.03989638760685921,0.035530682653188705,0.03738981485366821,0.038106728345155716,0.035530682653188705,0.039829716086387634,0.03897145017981529,0.035530682653188705,0.03949832543730736,0.035530682653188705,0.035530682653188705,0.03608400747179985,0.035530682653188705,0.035530682653188705,0.03722241148352623,0.035530682653188705,0.035530682653188705,0.03616509959101677,0.04148487746715546,0.03758133575320244,0.035530682653188705
2016-11-07,0.035495758056640625,0.04161271080374718,0.037137147039175034,0.03742267191410065,0.035495758056640625,0.035495758056640625,0.04006918519735336,0.035495758056640625,0.03749635070562363,0.03766296058893204,0.035495758056640625,0.03959393873810768,0.03885376825928688,0.035495758056640625,0.039889998733997345,0.035495758056640625,0.035495758056640625,0.03609323129057884,0.035495758056640625,0.035495758056640625,0.03738303482532501,0.035495758056640625,0.035495758056640625,0.03580793738365173,0.04189646244049072,0.037635769695043564,0.035495758056640625
2016-11-08,0.03544234111905098,0.0417117178440094,0.0376545786857605,0.03785355016589165,0.03544234111905098,0.03544234111905098,0.039749711751937866,0.03544234111905098,0.036483120173215866,0.03818158432841301,0.03544234111905098,0.03949831798672676,0.03853625804185867,0.03544234111905098,0.040070731192827225,0.03544234111905098,0.03544234111905098,0.03601862117648125,0.03544234111905098,0.03544234111905098,0.03729252144694328,0.03544234111905098,0.03544234111905098,0.03626885637640953,0.04226137325167656,0.0376686155796051,0.03544234111905098
2016-11-09,0.035489875823259354,0.04129277542233467,0.037720758467912674,0.0380559079349041,0.035489875823259354,0.035489875823259354,0.03932446241378784,0.035489875823259354,0.0357435867190361,0.038281071931123734,0.035632748156785965,0.039405256509780884,0.03873228281736374,0.035489875823259354,0.039994627237319946,0.035489875823259354,0.035489875823259354,0.03629041463136673,0.035489875823259354,0.035489875823259354,0.037162259221076965,0.035489875823259354,0.035489875823259354,0.03662535548210144,0.04206888750195503,0.03779112175107002,0.035489875823259354
2016-11-10,0.035685211420059204,0.04139351472258568,0.03810055926442146,0.038437630981206894,0.03541586920619011,0.03543394058942795,0.040519796311855316,0.03541586920619011,0.03676952049136162,0.03862057253718376,0.03541586920619011,0.03980077803134918,0.036384593695402145,0.03541586920619011,0.038858961313962936,0.03541586920619011,0.03541586920619011,0.03541586920619011,0.03541586920619011,0.03541586920619011,0.037342432886362076,0.03541586920619011,0.03541586920619011,0.037615612149238586,0.04188684746623039,0.038159631192684174,0.03541586920619011
2016-11-11,0.035357553511857986,0.041141610592603683,0.038436561822891235,0.03913331776857376,0.035357553511857986,0.03540998697280884,0.04114586114883423,0.035357553511857986,0.036167558282613754,0.0388183519244194,0.035357553511857986,0.039209526032209396,0.035941820591688156,0.035357553511857986,0.03908470273017883,0.035357553511857986,0.035357553511857986,0.03544914349913597,0.035357553511857986,0.035357553511857986,0.037535782903432846,0.035357553511857986,0.035357553511857986,0.037441086024045944,0.0419686883687973,0.0388253889977932,0.035357553511857986
2016-11-14,0.03531823307275772,0.041347090154886246,0.0386512465775013,0.03933834284543991,0.03531823307275772,0.03551860898733139,0.04116185009479523,0.03531823307275772,0.035855405032634735,0.03873952478170395,0.03531823307275772,0.038913410156965256,0.03596673160791397,0.03531823307275772,0.039621297270059586,0.03531823307275772,0.03531823307275772,0.035359542816877365,0.03531823307275772,0.03531823307275772,0.03749173879623413,0.03531823307275772,0.03531823307275772,0.0372156947851181,0.042306579649448395,0.03869404271245003,0.03531823307275772
2016-11-15,0.035380661487579346,0.0412147231400013,0.03913385048508644,0.0402337945997715,0.035380661487579346,0.03586085885763168,0.04119320958852768,0.035380661487579346,0.03566387668251991,0.03819847106933594,0.035380661487579346,0.03794706612825394,0.03559268265962601,0.035380661487579346,0.039659131318330765,0.035380661487579346,0.035380661487579346,0.035380661487579346,0.035380661487579346,0.035380661487579346,0.037605609744787216,0.035380661487579346,0.035380661487579346,0.037176743149757385,0.042231980711221695,0.03833944723010063,0.035380661487579346
2016-11-16,0.035426266491413116,0.04074176773428917,0.038863129913806915,0.04028937965631485,0.035426266491413116,0.03603021055459976,0.04063964635133743,0.035426266491413116,0.035426266491413116,0.03795589134097099,0.035426266491413116,0.03808235004544258,0.035634756088256836,0.035426266491413116,0.03984779864549637,0.035426266491413116,0.035426266491413116,0.035426266491413116,0.035426266491413116,0.035426266491413116,0.03729208931326866,0.035426266491413116,0.035426266491413116,0.03781292214989662,0.042609166353940964,0.03823321685194969,0.035426266491413116
2016-11-17,0.03563212603330612,0.04045754298567772,0.038845449686050415,0.04009580612182617,0.03546489402651787,0.03628236800432205,0.040215056389570236,0.03546489402651787,0.03546489402651787,0.03767978027462959,0.03546489402651787,0.03815378621220589,0.035585805773735046,0.03546489402651787,0.03986503556370735,0.03546489402651787,0.03546489402651787,0.03546489402651787,0.03546489402651787,0.03546489402651787,0.03683614358305931,0.03546489402651787,0.03546489402651787,0.03833078593015671,0.04304684326052666,0.03792987018823624,0.03546489402651787
2016-11-18,0.03538217768073082,0.0410151369869709,0.03845338523387909,0.03932890668511391,0.03538217768073082,0.03593803569674492,0.0405440516769886,0.03538217768073082,0.03538217768073082,0.038537997752428055,0.035415083169937134,0.03886086493730545,0.03609001263976097,0.03538217768073082,0.03994699567556381,0.03538217768073082,0.03538217768073082,0.03538217768073082,0.03538217768073082,0.03538217768073082,0.03698720410466194,0.03538217768073082,0.03538217768073082,0.0375591404736042,0.043160200119018555,0.038194689899683,0.03538217768073082
2016-11-21,0.03533563390374184,0.04114937782287598,0.03844745084643364,0.039445679634809494,0.03533563390374184,0.03597637638449669,0.04070626571774483,0.03533563390374184,0.035404592752456665,0.03898923471570015,0.03533563390374184,0.0386696383357048,0.036343012005090714,0.03533563390374184,0.039917152374982834,0.03533563390374184,0.03533563390374184,0.03533563390374184,0.03533563390374184,0.03533563390374184,0.03695838153362274,0.03533563390374184,0.03533563390374184,0.037096455693244934,0.04322638362646103,0.03830669820308685,0.03533563390374184
2016-11-22,0.035341162234544754,0.04089374840259552,0.03816414996981621,0.03910836577415466,0.035341162234544754,0.03586028516292572,0.04063429310917854,0.035341162234544754,0.035341162234544754,0.03934639319777489,0.035341162234544754,0.038939110934734344,0.03661553934216499,0.035341162234544754,0.039897460490465164,0.035341162234544754,0.035341162234544754,0.035341162234544754,0.035341162234544754,0.035341162234544754,0.03680207580327988,0.035341162234544754,0.035341162234544754,0.03738679736852646,0.043091338127851486,0.03848418965935707,0.035341162234544754
2016-11-23,0.03534664213657379,0.04082930088043213,0.038070112466812134,0.038835909217596054,0.03534664213657379,0.035883598029613495,0.040159132331609726,0.03534664213657379,0.03534664213657379,0.039174772799015045,0.03536715731024742,0.03913510963320732,0.03668195754289627,0.03534664213657379,0.04003862291574478,0.03534664213657379,0.03534664213657379,0.03534664213657379,0.03534664213657379,0.03534664213657379,0.03689675033092499,0.03534664213657379,0.03534664213657379,0.03771728649735451,0.04323146864771843,0.03847246617078781,0.03534664213657379
2016-11-25,0.03538532555103302,0.04091333970427513,0.038193266838788986,0.039032943546772,0.03538532555103302,0.0358579121530056,0.04010455682873726,0.03538532555103302,0.03538532555103302,0.03850938379764557,0.035516995936632156,0.03937125951051712,0.036219436675310135,0.03538532555103302,0.03984743356704712,0.03538532555103302,0.03538532555103302,0.03538532555103302,0.03538532555103302,0.03538532555103302,0.03722607344388962,0.03538532555103302,0.03538532555103302,0.037885528057813644,0.04316563531756401,0.03814701735973358,0.03538532555103302
2016-11-28,0.03543592616915703,0.04053589701652527,0.0381711944937706,0.03933718800544739,0.03543592616915703,0.03611493855714798,0.03967544436454773,0.03543592616915703,0.03543592616915703,0.038314398378133774,0.03579758480191231,0.039205506443977356,0.036034051328897476,0.03543592616915703,0.0396798700094223,0.03543592616915703,0.03543592616915703,0.03543592616915703,0.03543592616915703,0.03543592616915703,0.036985304206609726,0.03543592616915703,0.03543592616915703,0.03837117552757263,0.04308351129293442,0.03802692890167236,0.03543592616915703
2016-11-29,0.03551033139228821,0.040194232016801834,0.038110554218292236,0.039430297911167145,0.03574201837182045,0.03615809604525566,0.039218299090862274,0.03551033139228821,0.03551033139228821,0.037718165665864944,0.03607914224267006,0.03934895619750023,0.035930804908275604,0.03551033139228821,0.039560407400131226,0.03551033139228821,0.03551033139228821,0.03551033139228821,0.03551033139228821,0.03551033139228821,0.036881595849990845,0.03551033139228821,0.03551033139228821,0.03846786543726921,0.04326460137963295,0.037770938128232956,0.03551033139228821
2016-11-30,0.035518281161785126,0.04007413238286972,0.03824176639318466,0.03948160633444786,0.036311082541942596,0.036199964582920074,0.0388953797519207,0.035518281161785126,0.035518281161785126,0.03747393190860748,0.0360991396009922,0.03908875957131386,0.03558395430445671,0.035518281161785126,0.039653364568948746,0.035518281161785126,0.035518281161785126,0.035518281161785126,0.035518281161785126,0.035518281161785126,0.0368104912340641,0.035518281161785126,0.035518281161785126,0.03869672119617462,0.043362848460674286,0.03780748322606087,0.035518281161785126
2016-12-01,0.0354958176612854,0.04026911035180092,0.03829177841544151,0.039280831813812256,0.03578741103410721,0.0360596738755703,0.03918113932013512,0.0354958176612854,0.0354958176612854,0.03738126531243324,0.03586375340819359,0.03949503228068352,0.03554621711373329,0.0354958176612854,0.039633139967918396,0.0354958176612854,0.0354958176612854,0.0354958176612854,0.0354958176612854,0.0354958176612854,0.03728281334042549,0.0354958176612854,0.0354958176612854,0.0386270135641098,0.043503426015377045,0.03784753754734993,0.0354958176612854
2016-12-02,0.03548333793878555,0.04093608260154724,0.03851737827062607,0.038726337254047394,0.035444166511297226,0.03608086332678795,0.039718396961688995,0.035444166511297226,0.035444166511297226,0.03763540834188461,0.035444166511297226,0.039638664573431015,0.03566712141036987,0.035444166511297226,0.039174050092697144,0.035444166511297226,0.035444166511297226,0.035444166511297226,0.035444166511297226,0.035444166511297226,0.037894099950790405,0.035444166511297226,0.035444166511297226,0.03841615468263626,0.04348084703087807,0.037857089191675186,0.035444166511297226
2016-12-05,0.03541317582130432,0.041048649698495865,0.03840504214167595,0.0388057641685009,0.03541317582130432,0.036126501858234406,0.03992961347103119,0.03541317582130432,0.03544086590409279,0.03783024474978447,0.03541317582130432,0.03929367661476135,0.03592999279499054,0.03541317582130432,0.03908877819776535,0.03541317582130432,0.03541317582130432,0.03541317582130432,0.03541317582130432,0.03541317582130432,0.0379880852997303,0.03541317582130432,0.03541317582130432,0.038188714534044266,0.043551959097385406,0.03800077736377716,0.03541317582130432
2016-12-06,0.03540714457631111,0.04105900228023529,0.038132406771183014,0.039118390530347824,0.03540714457631111,0.036097828298807144,0.040300652384757996,0.03540714457631111,0.03565680980682373,0.037421707063913345,0.035560280084609985,0.0390583798289299,0.035951998084783554,0.03540714457631111,0.039216406643390656,0.03540714457631111,0.03540714457631111,0.03540714457631111,0.03540714457631111,0.03540714457631111,0.03801234811544418,0.03540714457631111,0.03540714457631111,0.0379207544028759,0.043787628412246704,0.03781969100236893,0.03540714457631111
2016-12-07,0.03544732928276062,0.04100191593170166,0.03830651938915253,0.039131831377744675,0.03544732928276062,0.036141663789749146,0.040206070989370346,0.03544732928276062,0.03575654700398445,0.037478744983673096,0.03553077206015587,0.039213765412569046,0.03573878854513168,0.03544732928276062,0.03909682109951973,0.03544732928276062,0.03544732928276062,0.03544732928276062,0.03544732928276062,0.03544732928276062,0.03784333914518356,0.03544732928276062,0.03544732928276062,0.03782220184803009,0.04352082312107086,0.03784221038222313,0.03544732928276062
2016-12-08,0.035436347126960754,0.04068648815155029,0.03796497732400894,0.03861473128199577,0.035436347126960754,0.036173757165670395,0.03943546116352081,0.035436347126960754,0.035436347126960754,0.03778867423534393,0.036107078194618225,0.039744216948747635,0.03592465817928314,0.035436347126960754,0.03935592621564865,0.035436347126960754,0.035436347126960754,0.035436347126960754,0.035436347126960754,0.035436347126960754,0.03737347573041916,0.035436347126960754,0.035436347126960754,0.03898113965988159,0.043266166001558304,0.03791062906384468,0.035436347126960754
2016-12-09,0.035446979105472565,0.040454525500535965,0.03801888972520828,0.03882643207907677,0.035446979105472565,0.0363878458738327,0.03931860998272896,0.035446979105472565,0.035446979105472565,0.03784336522221565,0.036195430904626846,0.03967908397316933,0.03577828407287598,0.035446979105472565,0.03936964273452759,0.035446979105472565,0.035446979105472565,0.035446979105472565,0.035446979105472565,0.035446979105472565,0.03713875263929367,0.035446979105472565,0.035446979105472565,0.039305973798036575,0.043038658797740936,0.03783377259969711,0.035446979105472565
2016-12-12,0.03548015281558037,0.04026924446225166,0.03810315951704979,0.03911105915904045,0.03568863123655319,0.03641102463006973,0.03880157321691513,0.03548015281558037,0.03548015281558037,0.03752405196428299,0.0363929383456707,0.039633799344301224,0.03548015281558037,0.03548015281558037,0.03952622041106224,0.03548015281558037,0.03548015281558037,0.03548015281558037,0.03548015281558037,0.03548015281558037,0.03688381612300873,0.03548015281558037,0.03548015281558037,0.03986845165491104,0.04300376772880554,0.03754023090004921,0.03548015281558037
2016-12-13,0.03556656464934349,0.039690714329481125,0.03817341849207878,0.039485253393650055,0.03654737025499344,0.03670557215809822,0.038360681384801865,0.03556656464934349,0.03556656464934349,0.03703349456191063,0.036498602479696274,0.03916116803884506,0.03556656464934349,0.03556656464934349,0.03911500424146652,0.03556656464934349,0.03556656464934349,0.03556656464934349,0.03556656464934349,0.03556656464934349,0.03639592230319977,0.03556656464934349,0.03556656464934349,0.04031391441822052,0.04300829395651817,0.03714519366621971,0.03556656464934349
2016-12-14,0.03555725887417793,0.03952509164810181,0.038302984088659286,0.03983316943049431,0.0365283228456974,0.03703952580690384,0.03848312422633171,0.03555725887417793,0.03555725887417793,0.037075452506542206,0.0366591215133667,0.03863396868109703,0.03555725887417793,0.03555725887417793,0.03916734829545021,0.03555725887417793,0.03555725887417793,0.03555725887417793,0.03555725887417793,0.03555725887417793,0.03590276464819908,0.03555725887417793,0.03588740527629852,0.040693655610084534,0.04265661910176277,0.0369243398308754,0.03555725887417793
2016-12-15,0.035550739616155624,0.03928714245557785,0.038086943328380585,0.04004611819982529,0.03679307550191879,0.037062693387269974,0.038482047617435455,0.035550739616155624,0.035550739616155624,0.03707478940486908,0.036684852093458176,0.038493312895298004,0.035550739616155624,0.035550739616155624,0.039195891469717026,0.035550739616155624,0.035550739616155624,0.035550739616155624,0.035550739616155624,0.035550739616155624,0.035801272839307785,0.035550739616155624,0.03597242012619972,0.04044770821928978,0.04285013675689697,0.037112683057785034,0.035550739616155624
2016-12-16,0.035569291561841965,0.03945058211684227,0.03800871595740318,0.039897527545690536,0.036874670535326004,0.03699595481157303,0.03851446509361267,0.035569291561841965,0.035569291561841965,0.0370742604136467,0.03676227852702141,0.03843142092227936,0.035569291561841965,0.035569291561841965,0.039088260382413864,0.035569291561841965,0.035569291561841965,0.035569291561841965,0.035569291561841965,0.035569291561841965,0.03590461239218712,0.035569291561841965,0.036037251353263855,0.04031556844711304,0.04266133904457092,0.037151627242565155,0.035569291561841965
2016-12-19,0.03561834618449211,0.039235908538103104,0.03817297890782356,0.03980960324406624,0.03739246726036072,0.037253689020872116,0.03804102540016174,0.03561834618449211,0.03561834618449211,0.03658353164792061,0.03696120157837868,0.03834668546915054,0.03561834618449211,0.03561834618449211,0.039071980863809586,0.03561834618449211,0.03561834618449211,0.03561834618449211,0.03561834618449211,0.03561834618449211,0.03563832491636276,0.03561834618449211,0.036064598709344864,0.040191300213336945,0.04282750189304352,0.03698902577161789,0.03561834618449211
2016-12-20,0.03568187728524208,0.03911413252353668,0.03821016475558281,0.03958731144666672,0.037733856588602066,0.03730524331331253,0.03770916163921356,0.03568187728524208,0.03568187728524208,0.036039989441633224,0.03712759539484978,0.03838987275958061,0.03568187728524208,0.03568187728524208,0.039045847952365875,0.03568187728524208,0.03568187728524208,0.03568187728524208,0.03568187728524208,0.03568187728524208,0.03568187728524208,0.03568187728524208,0.036013778299093246,0.04045955836772919,0.04272773489356041,0.03667127713561058,0.03568187728524208
2016-12-21,0.03565560653805733,0.03932691738009453,0.038180142641067505,0.039676278829574585,0.037330009043216705,0.037296146154403687,0.03799384832382202,0.03565560653805733,0.03565560653805733,0.036419060081243515,0.036889880895614624,0.03841658681631088,0.03565560653805733,0.03565560653805733,0.03902050107717514,0.03565560653805733,0.03565560653805733,0.03565560653805733,0.03565560653805733,0.03565560653805733,0.03565560653805733,0.03565560653805733,0.035974450409412384,0.0404810793697834,0.04272882267832756,0.03674345463514328,0.03565560653805733
2016-12-22,0.03565584868192673,0.03954922780394554,0.03811761364340782,0.03968176618218422,0.03700433298945427,0.03737318143248558,0.03817220777273178,0.03565584868192673,0.03565584868192673,0.03658967837691307,0.03687146678566933,0.03846895694732666,0.03565584868192673,0.03565584868192673,0.03895711526274681,0.03565584868192673,0.03565584868192673,0.03565584868192673,0.03565584868192673,0.03565584868192673,0.03565584868192673,0.03565584868192673,0.03587022051215172,0.040237460285425186,0.04284360259771347,0.03673708811402321,0.03565584868192673
2016-12-23,0.035675376653671265,0.03962261602282524,0.0383484773337841,0.03956710547208786,0.036894284188747406,0.037303026765584946,0.037996288388967514,0.035675376653671265,0.035675376653671265,0.03637348860502243,0.036870911717414856,0.03859536722302437,0.035675376653671265,0.035675376653671265,0.03906889259815216,0.035675376653671265,0.035675376653671265,0.035675376653671265,0.035675376653671265,0.035675376653671265,0.03569789230823517,0.035675376653671265,0.035675376653671265,0.040071096271276474,0.04292132705450058,0.036889299750328064,0.035675376653671265
2016-12-27,0.03566776588559151,0.03961953520774841,0.03837621584534645,0.039766985923051834,0.03683780878782272,0.03739545866847038,0.03805798664689064,0.03566776588559151,0.03566776588559151,0.03639351204037666,0.03689425438642502,0.03849150985479355,0.03566776588559151,0.03566776588559151,0.0389813594520092,0.03566776588559151,0.03566776588559151,0.03566776588559151,0.03566776588559151,0.03566776588559151,0.03572508320212364,0.03566776588559151,0.03566776588559151,0.039951302111148834,0.042868711054325104,0.03695934638381004,0.03566776588559151
2016-12-28,0.03567136824131012,0.03962600603699684,0.038322750478982925,0.039770737290382385,0.0368809811770916,0.03736679255962372,0.03804737702012062,0.03567136824131012,0.03567136824131012,0.036315690726041794,0.036985933780670166,0.03846876695752144,0.03567136824131012,0.03567136824131012,0.03898847848176956,0.03567136824131012,0.03567136824131012,0.03567136824131012,0.03567136824131012,0.03567136824131012,0.0357150137424469,0.03567136824131012,0.03567136824131012,0.03994791954755783,0.04288763180375099,0.03694812208414078,0.03567136824131012
2016-12-29,0.03571009263396263,0.03972714766860008,0.03817731514573097,0.03960109502077103,0.03706412389874458,0.037245653569698334,0.03795652464032173,0.03571009263396263,0.03571009263396263,0.036311473697423935,0.03696121647953987,0.03878900408744812,0.03571009263396263,0.03571009263396263,0.03870873153209686,0.03571009263396263,0.03571009263396263,0.03571009263396263,0.03571009263396263,0.03571009263396263,0.035815708339214325,0.03571009263396263,0.03571009263396263,0.039421916007995605,0.043004341423511505,0.03694227710366249,0.035752326250076294
2016-12-30,0.03574167191982269,0.03981452435255051,0.0382249616086483,0.039473939687013626,0.037076178938150406,0.037415873259305954,0.03775525093078613,0.03574167191982269,0.03574167191982269,0.036005862057209015,0.03709785267710686,0.0388207882642746,0.03574167191982269,0.03574167191982269,0.038701508194208145,0.03574167191982269,0.03574167191982269,0.03574167191982269,0.03574167191982269,0.03574167191982269,0.03577743470668793,0.03574167191982269,0.03574167191982269,0.039404649287462234,0.04294330254197121,0.03684611618518829,0.03574167191982269
2017-01-03,0.037037037037037035,0.037037037037037035,0.037037037037037035,0.037037037037037035,0.037037037037037035,0.037037037037037035,0.037037037037037035,0.037037037037037035,0.037037037037037035,0.037037037037037035,0.037037037037037035,0.037037037037037035,0.037037037037037035,0.037037037037037035,0.037037037037037035,0.037037037037037035,0.037037037037037035,0.037037037037037035,0.037037037037037035,0.037037037037037035,0.037037037037037035,0.037037037037037035,0.037037037037037035,0.037037037037037035,0.037037037037037035,0.037037037037037035,0.037037037037037035
2017-01-04,0.04220890998840332,0.03662613406777382,0.03922014683485031,0.03575853630900383,0.04086635261774063,0.03575853630900383,0.03602195531129837,0.03575853630900383,0.03632298856973648,0.03575853630900383,0.036678802222013474,0.03575853630900383,0.03575853630900383,0.03575853630900383,0.037511445581912994,0.040839213877916336,0.03575853630900383,0.03575853630900383,0.043728768825531006,0.03575853630900383,0.03575853630900383,0.03575853630900383,0.037356480956077576,0.03575853630900383,0.03624073415994644,0.03575853630900383,0.03575853630900383
2017-01-05,0.04260048270225525,0.0358770489692688,0.03952792286872864,0.035630419850349426,0.0402788445353508,0.03642049431800842,0.036243025213479996,0.035923779010772705,0.035630419850349426,0.035630419850349426,0.03855280578136444,0.035630419850349426,0.035630419850349426,0.035630419850349426,0.038968998938798904,0.04075965657830238,0.035630419850349426,0.03613010048866272,0.0431966632604599,0.035630419850349426,0.035630419850349426,0.035630419850349426,0.03604089096188545,0.035630419850349426,0.03628385812044144,0.035630419850349426,0.035630419850349426
2017-01-06,0.04355485737323761,0.036459408700466156,0.039592258632183075,0.03550798073410988,0.04130928963422775,0.03667144477367401,0.03595105558633804,0.03656063601374626,0.03550798073410988,0.03550798073410988,0.03852880001068115,0.03550798073410988,0.03550798073410988,0.03550798073410988,0.03861643746495247,0.040906667709350586,0.03550798073410988,0.036029964685440063,0.04290341958403587,0.03550798073410988,0.03550798073410988,0.03550798073410988,0.03550798073410988,0.03550798073410988,0.03580404445528984,0.03550798073410988,0.03550798073410988
2017-01-09,0.04380738362669945,0.03579803928732872,0.04119456559419632,0.03529207780957222,0.03962766006588936,0.03661481663584709,0.03529207780957222,0.03796566650271416,0.03529207780957222,0.03529207780957222,0.039583828300237656,0.03529207780957222,0.03529207780957222,0.03529207780957222,0.04089291766285896,0.04104077070951462,0.03529207780957222,0.03662418946623802,0.041857991367578506,0.03529207780957222,0.03529207780957222,0.03529207780957222,0.03529207780957222,0.03529207780957222,0.03561098873615265,0.03529207780957222,0.03529207780957222
2017-01-10,0.04479198530316353,0.03568325936794281,0.041863881051540375,0.035240013152360916,0.03975367173552513,0.036712564527988434,0.035240013152360916,0.037465836852788925,0.03580407053232193,0.035240013152360916,0.03909182548522949,0.035240013152360916,0.035240013152360916,0.035240013152360916,0.040077973157167435,0.04116758704185486,0.035240013152360916,0.036726213991642,0.04145924746990204,0.035240013152360916,0.035240013152360916,0.035240013152360916,0.035240013152360916,0.035240013152360916,0.03604172170162201,0.035240013152360916,0.035240013152360916
2017-01-11,0.04508116468787193,0.03523130342364311,0.04291956499218941,0.03523130342364311,0.03925023972988129,0.03659993037581444,0.03523130342364311,0.03724902868270874,0.03648050129413605,0.03523130342364311,0.038479190319776535,0.03523130342364311,0.03523130342364311,0.03523130342364311,0.04053139314055443,0.04075763374567032,0.03523130342364311,0.03701889142394066,0.04101351648569107,0.03523130342364311,0.03523130342364311,0.03523130342364311,0.03523130342364311,0.03523130342364311,0.036149438470602036,0.03523130342364311,0.03523130342364311
2017-01-12,0.045866988599300385,0.035189662128686905,0.04254535585641861,0.035189662128686905,0.0401269756257534,0.03656268119812012,0.035189662128686905,0.036233339458703995,0.035720694810152054,0.035189662128686905,0.03906960412859917,0.035189662128686905,0.035189662128686905,0.035189662128686905,0.0398612804710865,0.040587928146123886,0.035189662128686905,0.036950305104255676,0.04187195748090744,0.035189662128686905,0.035189662128686905,0.035189662128686905,0.035189662128686905,0.035189662128686905,0.0367579385638237,0.035189662128686905,0.035189662128686905
2017-01-13,0.045469194650650024,0.035292867571115494,0.04282807931303978,0.035292867571115494,0.04072381928563118,0.03698745742440224,0.035292867571115494,0.035292867571115494,0.036240387707948685,0.035292867571115494,0.038100581616163254,0.035292867571115494,0.035292867571115494,0.035292867571115494,0.03892319276928902,0.04058457165956497,0.035292867571115494,0.0368659645318985,0.04172629863023758,0.035292867571115494,0.035292867571115494,0.035292867571115494,0.035292867571115494,0.035292867571115494,0.03686464577913284,0.035292867571115494,0.035292867571115494
2017-01-17,0.045427847653627396,0.03529664874076843,0.04320651665329933,0.03529664874076843,0.04049089550971985,0.03707960620522499,0.03529664874076843,0.03529664874076843,0.036182571202516556,0.03529664874076843,0.0381036214530468,0.03529664874076843,0.03529664874076843,0.03529664874076843,0.03887263685464859,0.04041536897420883,0.03529664874076843,0.037012893706560135,0.041522152721881866,0.03529664874076843,0.03529664874076843,0.03529664874076843,0.03529664874076843,0.03529664874076843,0.03693949803709984,0.03529664874076843,0.03529664874076843
2017-01-18,0.04540349170565605,0.03529106825590134,0.04455112665891647,0.03529106825590134,0.03974636271595955,0.03635558858513832,0.03529106825590134,0.03529106825590134,0.03716840595006943,0.03529106825590134,0.036938805133104324,0.03529106825590134,0.03529106825590134,0.03529106825590134,0.03803404048085213,0.04063710942864418,0.03529106825590134,0.03738280013203621,0.041487157344818115,0.03529106825590134,0.03529106825590134,0.03529106825590134,0.03529106825590134,0.03529106825590134,0.037638016045093536,0.03529106825590134,0.03529106825590134
2017-01-19,0.04613679647445679,0.03522367775440216,0.044644732028245926,0.03522367775440216,0.040175482630729675,0.03667419031262398,0.03522367775440216,0.03522367775440216,0.03729806840419769,0.03522367775440216,0.03658675029873848,0.03522367775440216,0.03522367775440216,0.03522367775440216,0.036545123904943466,0.04040241241455078,0.03522367775440216,0.037671733647584915,0.04170950874686241,0.03522367775440216,0.03522367775440216,0.03522367775440216,0.03522367775440216,0.03522367775440216,0.03857634216547012,0.03522367775440216,0.03522367775440216
2017-01-20,0.046916935592889786,0.035271093249320984,0.045382317155599594,0.035271093249320984,0.04024551063776016,0.036357879638671875,0.035271093249320984,0.035271093249320984,0.03808761015534401,0.035271093249320984,0.03585154190659523,0.035271093249320984,0.035271093249320984,0.035271093249320984,0.037131454795598984,0.040028564631938934,0.035271093249320984,0.03703094646334648,0.040791310369968414,0.035271093249320984,0.035271093249320984,0.035271093249320984,0.035271093249320984,0.035271093249320984,0.0378384105861187,0.035271093249320984,0.035271093249320984
2017-01-23,0.044499512761831284,0.035442400723695755,0.043975893408060074,0.035442400723695755,0.039720676839351654,0.03664185851812363,0.035442400723695755,0.035442400723695755,0.037610266357660294,0.035442400723695755,0.03617455065250397,0.035442400723695755,0.035442400723695755,0.03611374646425247,0.035442400723695755,0.040102798491716385,0.035442400723695755,0.0374949648976326,0.042120400816202164,0.035442400723695755,0.035442400723695755,0.035442400723695755,0.035442400723695755,0.035442400723695755,0.03846695274114609,0.035442400723695755,0.035442400723695755
2017-01-24,0.043923791497945786,0.035511307418346405,0.044158175587654114,0.035355329513549805,0.03825320675969124,0.035355329513549805,0.035355329513549805,0.035355329513549805,0.03986653685569763,0.035355329513549805,0.035355329513549805,0.035355329513549805,0.035355329513549805,0.03818381205201149,0.035355329513549805,0.04018428549170494,0.035355329513549805,0.036844201385974884,0.04232991859316826,0.035355329513549805,0.035355329513549805,0.035355329513549805,0.03576774522662163,0.035355329513549805,0.03929172083735466,0.035355329513549805,0.035355329513549805
2017-01-25,0.042282771319150925,0.03550782799720764,0.04607216268777847,0.03550782799720764,0.03623440861701965,0.03550782799720764,0.03550782799720764,0.03550782799720764,0.039963316172361374,0.03550782799720764,0.03550782799720764,0.03550782799720764,0.03550782799720764,0.03694768622517586,0.03550782799720764,0.039387352764606476,0.03550782799720764,0.038501981645822525,0.041263241320848465,0.03550782799720764,0.03550782799720764,0.03550782799720764,0.0361858494579792,0.03550782799720764,0.03880530595779419,0.03550782799720764,0.03623063489794731
2017-01-26,0.04302169382572174,0.035518452525138855,0.0464484766125679,0.035518452525138855,0.03644377365708351,0.03619224205613136,0.035518452525138855,0.035518452525138855,0.0373079814016819,0.035518452525138855,0.036229562014341354,0.035518452525138855,0.035518452525138855,0.035518452525138855,0.036203160881996155,0.03856942430138588,0.035518452525138855,0.03949650004506111,0.04131125286221504,0.035518452525138855,0.035518452525138855,0.035518452525138855,0.035518452525138855,0.035518452525138855,0.03847954422235489,0.035518452525138855,0.037519585341215134
2017-01-27,0.04380951449275017,0.03547068312764168,0.04713469371199608,0.03547068312764168,0.036556538194417953,0.03554125130176544,0.03547068312764168,0.03547068312764168,0.03735727444291115,0.03547068312764168,0.03619707375764847,0.03547068312764168,0.03547068312764168,0.03547068312764168,0.03690703585743904,0.039368901401758194,0.03547068312764168,0.03924108296632767,0.04061488062143326,0.03547068312764168,0.03547068312764168,0.03547068312764168,0.03547068312764168,0.03547068312764168,0.0379682220518589,0.03547068312764168,0.037243299186229706
2017-01-30,0.04602380096912384,0.035430893301963806,0.04473268985748291,0.03540186211466789,0.037832826375961304,0.03540186211466789,0.03540186211466789,0.03540186211466789,0.03753683343529701,0.03540186211466789,0.03674060478806496,0.03540186211466789,0.03540186211466789,0.03565618023276329,0.036433178931474686,0.04019215703010559,0.03540186211466789,0.03771061822772026,0.04204906150698662,0.03540186211466789,0.03540186211466789,0.03540186211466789,0.03540186211466789,0.03540186211466789,0.038292258977890015,0.03540186211466789,0.035742808133363724
2017-01-31,0.04569011181592941,0.03543103486299515,0.04634571075439453,0.03543103486299515,0.03843807056546211,0.03543103486299515,0.03543103486299515,0.03543103486299515,0.03931949660181999,0.03543103486299515,0.03543103486299515,0.03543103486299515,0.03543103486299515,0.03545863553881645,0.035572584718465805,0.04051392525434494,0.03543103486299515,0.03700573369860649,0.04103848338127136,0.03543103486299515,0.03543103486299515,0.03543103486299515,0.03543103486299515,0.03543103486299515,0.03799883648753166,0.03543103486299515,0.03572186455130577
2017-02-01,0.045237697660923004,0.03542708232998848,0.0464969202876091,0.03542708232998848,0.03937419503927231,0.03542708232998848,0.03542708232998848,0.03542708232998848,0.04062649980187416,0.03542708232998848,0.03542708232998848,0.03542708232998848,0.03542708232998848,0.035734642297029495,0.03542708232998848,0.040836919099092484,0.03542708232998848,0.03614574670791626,0.04005159065127373,0.03542708232998848,0.03542708232998848,0.03542708232998848,0.035509251058101654,0.03542708232998848,0.03772610425949097,0.03542708232998848,0.03542708232998848
2017-02-02,0.043993912637233734,0.035543568432331085,0.04675376042723656,0.035543568432331085,0.03989647701382637,0.035543568432331085,0.035543568432331085,0.035543568432331085,0.03978380933403969,0.035543568432331085,0.035543568432331085,0.035543568432331085,0.035543568432331085,0.035543568432331085,0.035543568432331085,0.04184107854962349,0.035543568432331085,0.03563210368156433,0.03999559208750725,0.035543568432331085,0.035543568432331085,0.035543568432331085,0.035543568432331085,0.035543568432331085,0.036775458604097366,0.035543568432331085,0.035543568432331085
2017-02-03,0.042699526995420456,0.03539178520441055,0.04667704552412033,0.03539178520441055,0.040361374616622925,0.03539178520441055,0.03539178520441055,0.03539178520441055,0.040617842227220535,0.03605734556913376,0.03539178520441055,0.03539178520441055,0.03574344888329506,0.03556661680340767,0.03539178520441055,0.040616706013679504,0.03539178520441055,0.03586221858859062,0.039839863777160645,0.03539178520441055,0.03539178520441055,0.03539178520441055,0.0374891459941864,0.03539178520441055,0.03759210184216499,0.03539178520441055,0.03539178520441055
2017-02-06,0.04311322420835495,0.035289715975522995,0.04623648151755333,0.035289715975522995,0.04149225354194641,0.03583550825715065,0.03578178584575653,0.035289715975522995,0.038648027926683426,0.03536619246006012,0.035289715975522995,0.035289715975522995,0.035289715975522995,0.035289715975522995,0.035289715975522995,0.040605928748846054,0.035289715975522995,0.036856018006801605,0.04113107547163963,0.035289715975522995,0.035289715975522995,0.035289715975522995,0.03733076900243759,0.035289715975522995,0.03825697675347328,0.035289715975522995,0.035289715975522995
2017-02-07,0.04255872219800949,0.035170044749975204,0.04667771980166435,0.035170044749975204,0.042057737708091736,0.03594410791993141,0.035789426416158676,0.035170044749975204,0.03832302987575531,0.03627299517393112,0.035170044749975204,0.035170044749975204,0.03538946807384491,0.035170044749975204,0.035170044749975204,0.040141187608242035,0.03548017516732216,0.03685382381081581,0.04085647687315941,0.035170044749975204,0.035170044749975204,0.035170044749975204,0.03808601200580597,0.035170044749975204,0.038358524441719055,0.035170044749975204,0.035170044749975204
2017-02-08,0.04266369342803955,0.03518920764327049,0.047491658478975296,0.03518920764327049,0.04189207777380943,0.03605429455637932,0.03554548695683479,0.03518920764327049,0.03806065022945404,0.03639080375432968,0.03518920764327049,0.03518920764327049,0.03518920764327049,0.03518920764327049,0.03518920764327049,0.0397195927798748,0.03576632961630821,0.03731657937169075,0.0405680350959301,0.03518920764327049,0.03518920764327049,0.03518920764327049,0.03757690638303757,0.03518920764327049,0.038304995745420456,0.03518920764327049,0.03518920764327049
2017-02-09,0.042526714503765106,0.03519885987043381,0.048052139580249786,0.03519885987043381,0.04154452681541443,0.03614213690161705,0.03519885987043381,0.03519885987043381,0.038145989179611206,0.036359161138534546,0.03519885987043381,0.03519885987043381,0.03519885987043381,0.03519885987043381,0.03519885987043381,0.04016765579581261,0.036469846963882446,0.03740323334932327,0.04034173861145973,0.03519885987043381,0.03519885987043381,0.03519885987043381,0.03680998459458351,0.03519885987043381,0.038053978234529495,0.03519885987043381,0.03519885987043381
2017-02-10,0.04373451694846153,0.03524114936590195,0.04825790598988533,0.03524114936590195,0.04042584076523781,0.0357866995036602,0.03524114936590195,0.03524114936590195,0.03973054513335228,0.036688707768917084,0.03524114936590195,0.03524114936590195,0.03524114936590195,0.03524114936590195,0.03524114936590195,0.03974149748682976,0.03604637831449509,0.037121087312698364,0.03971265256404877,0.03524114936590195,0.03524114936590195,0.03524114936590195,0.035395700484514236,0.03524114936590195,0.03874129801988602,0.03524114936590195,0.03524114936590195
2017-02-13,0.044205233454704285,0.035221561789512634,0.04945596307516098,0.035221561789512634,0.03997368365526199,0.036459047347307205,0.035221561789512634,0.035221561789512634,0.03925447165966034,0.036406781524419785,0.035221561789512634,0.035221561789512634,0.035221561789512634,0.035221561789512634,0.035221561789512634,0.038955774158239365,0.035789940506219864,0.03774579241871834,0.03938041254878044,0.035221561789512634,0.035221561789512634,0.035221561789512634,0.035221561789512634,0.035221561789512634,0.038827940821647644,0.035221561789512634,0.035221561789512634
2017-02-14,0.044050440192222595,0.035308536142110825,0.04917169734835625,0.035308536142110825,0.039921436458826065,0.03729205206036568,0.035308536142110825,0.035308536142110825,0.03768192231655121,0.0353831872344017,0.035308536142110825,0.035308536142110825,0.035308536142110825,0.035308536142110825,0.035308536142110825,0.03872283920645714,0.03591253608465195,0.03859655186533928,0.03982966020703316,0.035308536142110825,0.035308536142110825,0.035308536142110825,0.035308536142110825,0.035308536142110825,0.038501158356666565,0.035308536142110825,0.035308536142110825
2017-02-15,0.04361652210354805,0.035349540412425995,0.04842482507228851,0.035349540412425995,0.039597269147634506,0.03720085695385933,0.035699546337127686,0.035349540412425995,0.037133097648620605,0.035349540412425995,0.035545580089092255,0.035349540412425995,0.035349540412425995,0.035349540412425995,0.035671867430210114,0.03912203758955002,0.036139581352472305,0.03878244385123253,0.040030647069215775,0.035349540412425995,0.035349540412425995,0.035349540412425995,0.035349540412425995,0.035349540412425995,0.038142189383506775,0.035349540412425995,0.035349540412425995
2017-02-16,0.04285889491438866,0.03537354618310928,0.04701773077249527,0.03537354618310928,0.03867025300860405,0.03737761080265045,0.037214480340480804,0.03537354618310928,0.036957185715436935,0.03537354618310928,0.03597347065806389,0.03537354618310928,0.03537354618310928,0.03537354618310928,0.03554442524909973,0.03913193568587303,0.03680539131164551,0.039099279791116714,0.040007829666137695,0.03537354618310928,0.03537354618310928,0.03537354618310928,0.03537354618310928,0.03537354618310928,0.038111940026283264,0.03537354618310928,0.03537354618310928
2017-02-17,0.04192493483424187,0.035448379814624786,0.04612192511558533,0.035448379814624786,0.038057830184698105,0.03685427084565163,0.03752683848142624,0.035448379814624786,0.036658529192209244,0.035448379814624786,0.03617020323872566,0.035448379814624786,0.035448379814624786,0.035448379814624786,0.036110952496528625,0.03926313295960426,0.03701763227581978,0.03889539837837219,0.04075347259640694,0.035448379814624786,0.035448379814624786,0.035448379814624786,0.035448379814624786,0.035448379814624786,0.03812769055366516,0.035448379814624786,0.03568825498223305
2017-02-21,0.042117368429899216,0.03537973761558533,0.04697300121188164,0.03537973761558533,0.03845597431063652,0.037694308906793594,0.037033889442682266,0.03537973761558533,0.037180837243795395,0.03537973761558533,0.03544562682509422,0.03537973761558533,0.03537973761558533,0.03537973761558533,0.03571285307407379,0.03852227330207825,0.03655322641134262,0.03911438584327698,0.03998046740889549,0.03537973761558533,0.03537973761558533,0.03537973761558533,0.0353911854326725,0.03537973761558533,0.03887084499001503,0.03537973761558533,0.03639691695570946
2017-02-22,0.04233863204717636,0.03534577414393425,0.04617925360798836,0.03534577414393425,0.03857379034161568,0.03749028593301773,0.037159185856580734,0.03534577414393425,0.03701760619878769,0.03534577414393425,0.03586754575371742,0.03534577414393425,0.03534577414393425,0.03534577414393425,0.036578837782144547,0.038652870804071426,0.035654135048389435,0.03860868513584137,0.04072702303528786,0.03534577414393425,0.03534577414393425,0.03534577414393425,0.03534577414393425,0.03534577414393425,0.03902244195342064,0.03534577414393425,0.036634717136621475
2017-02-23,0.0418279767036438,0.03537002578377724,0.04652680084109306,0.03537002578377724,0.03828542307019234,0.037473008036613464,0.03709682077169418,0.03537002578377724,0.037245165556669235,0.03537002578377724,0.035522814840078354,0.03537002578377724,0.03537002578377724,0.03537002578377724,0.036696936935186386,0.03848792240023613,0.03614566847681999,0.03877297416329384,0.04038029909133911,0.03537002578377724,0.03537002578377724,0.03537002578377724,0.03537002578377724,0.03537002578377724,0.038977671414613724,0.03537002578377724,0.03675016388297081
2017-02-24,0.041802845895290375,0.03541374206542969,0.04568435996770859,0.03541374206542969,0.038107000291347504,0.03742147237062454,0.03707607090473175,0.03541374206542969,0.0363086573779583,0.03541374206542969,0.0365695022046566,0.03541374206542969,0.03541374206542969,0.03541374206542969,0.0374099500477314,0.03910385072231293,0.03569025546312332,0.03882724419236183,0.04067885875701904,0.03541374206542969,0.03541374206542969,0.03541374206542969,0.03541374206542969,0.03541374206542969,0.0383259579539299,0.03541374206542969,0.03661530837416649
2017-02-27,0.04168390855193138,0.03543746843934059,0.04548884183168411,0.03543746843934059,0.03847241401672363,0.03698832169175148,0.03655916452407837,0.03543746843934059,0.03568568825721741,0.03543746843934059,0.036819521337747574,0.03543746843934059,0.03543746843934059,0.03543746843934059,0.037838514894247055,0.04045060649514198,0.03543746843934059,0.03861511871218681,0.04124715179204941,0.03543746843934059,0.03543746843934059,0.03543746843934059,0.03549552336335182,0.03543746843934059,0.037460748106241226,0.03543746843934059,0.03650737181305885
2017-02-28,0.04178212955594063,0.03542204573750496,0.044953927397727966,0.03542204573750496,0.038290899246931076,0.03714683651924133,0.036187414079904556,0.03542204573750496,0.03542204573750496,0.03542204573750496,0.03759004548192024,0.03542204573750496,0.03542204573750496,0.03542204573750496,0.03903133049607277,0.04051210731267929,0.03542204573750496,0.03844679147005081,0.041280873119831085,0.03542204573750496,0.03542204573750496,0.03542204573750496,0.03542204573750496,0.03542204573750496,0.03661808371543884,0.03542204573750496,0.0368289053440094
2017-03-01,0.04150625318288803,0.03538348525762558,0.046029381453990936,0.03538348525762558,0.03862511366605759,0.03724835813045502,0.036065906286239624,0.03538348525762558,0.035534534603357315,0.03538348525762558,0.03714408352971077,0.03538348525762558,0.03538348525762558,0.03538348525762558,0.03892635926604271,0.04025097191333771,0.03538348525762558,0.038868408650159836,0.041359540075063705,0.03538348525762558,0.03538348525762558,0.03538348525762558,0.03538348525762558,0.03538348525762558,0.03651183098554611,0.03538348525762558,0.03656049445271492
2017-03-02,0.040768276900053024,0.035252317786216736,0.04480912908911705,0.035252317786216736,0.03802911937236786,0.037614818662405014,0.03680022060871124,0.03623795136809349,0.035252317786216736,0.035252317786216736,0.03851446509361267,0.035252317786216736,0.035252317786216736,0.035252317786216736,0.041197746992111206,0.03967665508389473,0.035252317786216736,0.03871821239590645,0.041489049792289734,0.035252317786216736,0.035252317786216736,0.035252317786216736,0.035252317786216736,0.035252317786216736,0.03593401983380318,0.035252317786216736,0.03667781129479408
2017-03-03,0.04042264074087143,0.03541525453329086,0.0459655225276947,0.03541525453329086,0.03819035366177559,0.03721506893634796,0.03659040480852127,0.03541525453329086,0.03541525453329086,0.03541525453329086,0.03710603713989258,0.03541525453329086,0.03541525453329086,0.03541525453329086,0.03970647230744362,0.04010368138551712,0.03584405407309532,0.038808371871709824,0.04134224355220795,0.03541525453329086,0.03541525453329086,0.03541525453329086,0.03541525453329086,0.03541525453329086,0.03619440644979477,0.03541525453329086,0.0366971381008625
2017-03-06,0.040475014597177505,0.035416215658187866,0.04574776813387871,0.035416215658187866,0.03889351710677147,0.03713648021221161,0.03642214834690094,0.035416215658187866,0.035416215658187866,0.035416215658187866,0.037006355822086334,0.035416215658187866,0.035416215658187866,0.035416215658187866,0.03939506411552429,0.04088475927710533,0.03556366637349129,0.03855223208665848,0.04188770055770874,0.035416215658187866,0.035416215658187866,0.035416215658187866,0.03628208115696907,0.035416215658187866,0.03580021113157272,0.035416215658187866,0.035542141646146774
2017-03-07,0.040926072746515274,0.035361435264348984,0.04724074527621269,0.035361435264348984,0.03938588872551918,0.037483543157577515,0.035361435264348984,0.035361435264348984,0.035361435264348984,0.035361435264348984,0.03644927218556404,0.035361435264348984,0.035361435264348984,0.035361435264348984,0.03899342566728592,0.04071185365319252,0.035361435264348984,0.039021085947752,0.0418703630566597,0.035361435264348984,0.035361435264348984,0.035361435264348984,0.035943616181612015,0.035361435264348984,0.03584584966301918,0.035361435264348984,0.035706743597984314
2017-03-08,0.04173585772514343,0.03525364771485329,0.04764821380376816,0.03525364771485329,0.03931474685668945,0.037619590759277344,0.03525364771485329,0.03525364771485329,0.03525364771485329,0.03525364771485329,0.036833204329013824,0.03525364771485329,0.03525364771485329,0.03525364771485329,0.03995293751358986,0.040247756987810135,0.03525364771485329,0.03915994241833687,0.04161424562335014,0.03525364771485329,0.03525364771485329,0.03525364771485329,0.03525364771485329,0.03525364771485329,0.03552493825554848,0.03525364771485329,0.036290254443883896
2017-03-09,0.042288172990083694,0.03521985933184624,0.04815879836678505,0.03521985933184624,0.03983646631240845,0.037535350769758224,0.03521985933184624,0.03521985933184624,0.03521985933184624,0.03521985933184624,0.036425333470106125,0.03521985933184624,0.03521985933184624,0.03521985933184624,0.04016124829649925,0.04058286175131798,0.03521985933184624,0.03878675773739815,0.04097496718168259,0.03521985933184624,0.03521985933184624,0.03521985933184624,0.03521985933184624,0.03521985933184624,0.03521985933184624,0.03521985933184624,0.036512382328510284
2017-03-10,0.04264351353049278,0.03526989743113518,0.04756459593772888,0.03526989743113518,0.04009776934981346,0.037046995013952255,0.03526989743113518,0.03526989743113518,0.0357760526239872,0.03526989743113518,0.03579331189393997,0.03526989743113518,0.03526989743113518,0.03526989743113518,0.039706237614154816,0.04137060046195984,0.03526989743113518,0.038014646619558334,0.041128382086753845,0.03526989743113518,0.03526989743113518,0.03526989743113518,0.03526989743113518,0.03526989743113518,0.035368748009204865,0.03526989743113518,0.03644073009490967
2017-03-13,0.04200633242726326,0.035316772758960724,0.04746772721409798,0.035316772758960724,0.03946700692176819,0.03670351207256317,0.035316772758960724,0.035316772758960724,0.035975873470306396,0.035316772758960724,0.03579995781183243,0.035316772758960724,0.035316772758960724,0.035316772758960724,0.039624396711587906,0.041720591485500336,0.035316772758960724,0.03792886063456535,0.04141981527209282,0.035316772758960724,0.035316772758960724,0.035316772758960724,0.035316772758960724,0.035316772758960724,0.03548891097307205,0.035316772758960724,0.03664539381861687
2017-03-14,0.04161688685417175,0.03538169339299202,0.04748575761914253,0.03538169339299202,0.03894665464758873,0.03617922589182854,0.03538169339299202,0.03538169339299202,0.0371256060898304,0.03538169339299202,0.03538169339299202,0.03538169339299202,0.03538169339299202,0.03538169339299202,0.03911982849240303,0.04189758747816086,0.03538169339299202,0.0375729538500309,0.041344381868839264,0.03538169339299202,0.03538169339299202,0.03538169339299202,0.03538169339299202,0.03538169339299202,0.03557339310646057,0.03538169339299202,0.037030600011348724
2017-03-15,0.04190272465348244,0.03532347083091736,0.04763208329677582,0.03532347083091736,0.03870104253292084,0.03532347083091736,0.03532347083091736,0.03532347083091736,0.038120392709970474,0.03532347083091736,0.03532347083091736,0.03532347083091736,0.03532347083091736,0.03532347083091736,0.03804706409573555,0.04250658303499222,0.03532347083091736,0.03675207123160362,0.0412200503051281,0.03532347083091736,0.03532347083091736,0.03532347083091736,0.036173101514577866,0.03532347083091736,0.03720963001251221,0.03532347083091736,0.036559686064720154
2017-03-16,0.04120277985930443,0.0353776253759861,0.04701651632785797,0.0353776253759861,0.03856464475393295,0.0353776253759861,0.0353776253759861,0.0353776253759861,0.03814774006605148,0.0353776253759861,0.0353776253759861,0.0353776253759861,0.0353776253759861,0.0353776253759861,0.03837282583117485,0.04293985664844513,0.0353776253759861,0.03660401329398155,0.041860949248075485,0.0353776253759861,0.0353776253759861,0.0353776253759861,0.03605537489056587,0.0353776253759861,0.03709789365530014,0.0353776253759861,0.03609539568424225
2017-03-17,0.041246768087148666,0.035354211926460266,0.04731776565313339,0.035354211926460266,0.03827008977532387,0.035354211926460266,0.035354211926460266,0.035354211926460266,0.03801508992910385,0.035354211926460266,0.035354211926460266,0.035354211926460266,0.035354211926460266,0.035354211926460266,0.03910817205905914,0.04247894138097763,0.035354211926460266,0.03671935573220253,0.04186459258198738,0.035354211926460266,0.035354211926460266,0.035354211926460266,0.035610612481832504,0.035354211926460266,0.03711480647325516,0.035354211926460266,0.03658641129732132
2017-03-20,0.04145792871713638,0.03531641140580177,0.04862106963992119,0.03531641140580177,0.03751441463828087,0.03531641140580177,0.03531641140580177,0.03531641140580177,0.03844171762466431,0.03531641140580177,0.03531641140580177,0.03531641140580177,0.03531641140580177,0.03531641140580177,0.038881801068782806,0.041463591158390045,0.03531641140580177,0.03710172697901726,0.04065581411123276,0.03531641140580177,0.03531641140580177,0.03531641140580177,0.03531641140580177,0.03531641140580177,0.03706425055861473,0.03531641140580177,0.03841862082481384
2017-03-21,0.04148324951529503,0.03540198504924774,0.04846895858645439,0.03540198504924774,0.03703184425830841,0.03540198504924774,0.03540198504924774,0.035656753927469254,0.038399968296289444,0.03540198504924774,0.03540198504924774,0.03540198504924774,0.03540198504924774,0.03540198504924774,0.039117809385061264,0.04134991392493248,0.03540198504924774,0.03674359992146492,0.03966836258769035,0.03540198504924774,0.03540198504924774,0.03540198504924774,0.03540198504924774,0.03540198504924774,0.03657304868102074,0.03540198504924774,0.039074745029211044
2017-03-22,0.04053060710430145,0.03545983135700226,0.04795907437801361,0.03545983135700226,0.03819986805319786,0.03545983135700226,0.03545983135700226,0.03545983135700226,0.04079427197575569,0.036828670650720596,0.03545983135700226,0.03545983135700226,0.03545983135700226,0.03573403134942055,0.03627138212323189,0.04071937873959541,0.03545983135700226,0.03545983135700226,0.04032452777028084,0.03545983135700226,0.03545983135700226,0.03545983135700226,0.03731539472937584,0.03545983135700226,0.03728356957435608,0.03545983135700226,0.036141715943813324
2017-03-23,0.040639664977788925,0.03540400415658951,0.04691934585571289,0.03540400415658951,0.039173271507024765,0.03540400415658951,0.03540400415658951,0.03540400415658951,0.042019717395305634,0.03767599165439606,0.03540400415658951,0.03540400415658951,0.03540400415658951,0.035866182297468185,0.03540400415658951,0.0391901470720768,0.03540400415658951,0.03540400415658951,0.04017050936818123,0.03540400415658951,0.03540400415658951,0.03540400415658951,0.039226509630680084,0.03540400415658951,0.03725053369998932,0.03540400415658951,0.03540400415658951
2017-03-24,0.041589535772800446,0.035433996468782425,0.047655072063207626,0.035433996468782425,0.03909267857670784,0.035433996468782425,0.035433996468782425,0.035433996468782425,0.0415535643696785,0.038159482181072235,0.035433996468782425,0.035433996468782425,0.035433996468782425,0.035433996468782425,0.035433996468782425,0.038981497287750244,0.035433996468782425,0.035433996468782425,0.039810944348573685,0.035433996468782425,0.035433996468782425,0.035433996468782425,0.03769763559103012,0.035433996468782425,0.03736232593655586,0.035433996468782425,0.035719357430934906
2017-03-27,0.0416673980653286,0.03546496480703354,0.047926221042871475,0.03546496480703354,0.038930829614400864,0.03546496480703354,0.03546496480703354,0.03546496480703354,0.04188438877463341,0.03817792236804962,0.03546496480703354,0.03546496480703354,0.03546496480703354,0.03546496480703354,0.03546496480703354,0.03864622861146927,0.03546496480703354,0.03546496480703354,0.03926495835185051,0.03546496480703354,0.03546496480703354,0.03546496480703354,0.0375228114426136,0.03546496480703354,0.037310641258955,0.03546496480703354,0.03576424717903137
2017-03-28,0.04196738079190254,0.03535357117652893,0.04714614152908325,0.03535357117652893,0.04075159132480621,0.03535357117652893,0.03535357117652893,0.03535357117652893,0.04270004853606224,0.03834313526749611,0.03535357117652893,0.03535357117652893,0.036417022347450256,0.03535357117652893,0.03535357117652893,0.03768188878893852,0.03535357117652893,0.03535357117652893,0.03933905437588692,0.03535357117652893,0.03535357117652893,0.03535357117652893,0.03822460025548935,0.03535357117652893,0.03641848266124725,0.03535357117652893,0.03535357117652893
2017-03-29,0.04201321676373482,0.03545538708567619,0.04795963689684868,0.03545538708567619,0.040156181901693344,0.03545538708567619,0.03545538708567619,0.03545538708567619,0.040993914008140564,0.03858176991343498,0.03545538708567619,0.03545538708567619,0.03545538708567619,0.03545538708567619,0.03545538708567619,0.03858940303325653,0.03545538708567619,0.03545538708567619,0.03973105922341347,0.03545538708567619,0.03545538708567619,0.03545538708567619,0.037158794701099396,0.03545538708567619,0.03661906346678734,0.03545538708567619,0.03545538708567619
2017-03-30,0.04229818284511566,0.035472456365823746,0.048708539456129074,0.035472456365823746,0.03996064513921738,0.035472456365823746,0.035472456365823746,0.035472456365823746,0.041233453899621964,0.0383005328476429,0.035472456365823746,0.035472456365823746,0.035472456365823746,0.035472456365823746,0.035472456365823746,0.03867080435156822,0.035472456365823746,0.035472456365823746,0.03965332359075546,0.035472456365823746,0.035472456365823746,0.035472456365823746,0.036452870815992355,0.035472456365823746,0.03621746227145195,0.035472456365823746,0.035472456365823746
2017-03-31,0.04316084086894989,0.03549465164542198,0.0487789511680603,0.03549465164542198,0.04010298103094101,0.03549465164542198,0.03549465164542198,0.03549465164542198,0.03990309685468674,0.03830404952168465,0.03549465164542198,0.03549465164542198,0.03549465164542198,0.03549465164542198,0.03549465164542198,0.03911096975207329,0.03549465164542198,0.03549465164542198,0.039922233670949936,0.03549465164542198,0.03549465164542198,0.03549465164542198,0.035650767385959625,0.03549465164542198,0.0361623540520668,0.03549465164542198,0.03549465164542198
2017-04-03,0.043727025389671326,0.035502318292856216,0.04855829104781151,0.035502318292856216,0.04002946987748146,0.035502318292856216,0.035502318292856216,0.035502318292856216,0.040059078484773636,0.03859411180019379,0.035502318292856216,0.035502318292856216,0.035502318292856216,0.035502318292856216,0.035502318292856216,0.03866720572113991,0.035502318292856216,0.035502318292856216,0.03968183696269989,0.035502318292856216,0.035502318292856216,0.035502318292856216,0.03557711839675903,0.035502318292856216,0.03606414422392845,0.035502318292856216,0.035502318292856216
2017-04-04,0.04305381327867508,0.03550880774855614,0.048212502151727676,0.03550880774855614,0.0408276803791523,0.03550880774855614,0.03550880774855614,0.03550880774855614,0.040724072605371475,0.037809692323207855,0.03550880774855614,0.03550880774855614,0.03550880774855614,0.03550880774855614,0.03550880774855614,0.03868892788887024,0.03550880774855614,0.03550880774855614,0.03993292152881622,0.03550880774855614,0.03550880774855614,0.03550880774855614,0.036042045801877975,0.03550880774855614,0.03554975613951683,0.03550880774855614,0.03550880774855614
2017-04-05,0.04258190840482712,0.0355110689997673,0.04828561097383499,0.0355110689997673,0.04072488471865654,0.0355110689997673,0.0355110689997673,0.0355110689997673,0.0409567691385746,0.03792865201830864,0.0355110689997673,0.0355110689997673,0.0355110689997673,0.0355110689997673,0.0355110689997673,0.03851080685853958,0.0355110689997673,0.0355110689997673,0.040038272738456726,0.0355110689997673,0.0355110689997673,0.0355110689997673,0.03616931661963463,0.0355110689997673,0.0356045700609684,0.0355110689997673,0.0355110689997673
2017-04-06,0.04352126270532608,0.0354023203253746,0.049928467720746994,0.0354023203253746,0.03996184840798378,0.0354023203253746,0.0354023203253746,0.0354023203253746,0.039539922028779984,0.03841057047247887,0.0354023203253746,0.0354023203253746,0.0354023203253746,0.0354023203253746,0.0365033783018589,0.038352686911821365,0.0354023203253746,0.0354023203253746,0.03993379324674606,0.0354023203253746,0.0354023203253746,0.0354023203253746,0.0354023203253746,0.0354023203253746,0.036292485892772675,0.0354023203253746,0.03571616858243942
2017-04-07,0.043626394122838974,0.03541813790798187,0.04984678700566292,0.03541813790798187,0.04024246707558632,0.03541813790798187,0.03541813790798187,0.03541813790798187,0.04065421596169472,0.0385378897190094,0.03541813790798187,0.03541813790798187,0.03541813790798187,0.03541813790798187,0.03585614636540413,0.037978820502758026,0.03541813790798187,0.03541813790798187,0.03970283642411232,0.03541813790798187,0.03541813790798187,0.03541813790798187,0.03541813790798187,0.03541813790798187,0.036027949303388596,0.03541813790798187,0.03541813790798187
2017-04-10,0.04356674477458,0.03537389636039734,0.049560222774744034,0.03537389636039734,0.03991296514868736,0.03537389636039734,0.03537389636039734,0.03537389636039734,0.04130540043115616,0.038619592785835266,0.03537389636039734,0.03537389636039734,0.03537389636039734,0.03537389636039734,0.035882849246263504,0.038422975689172745,0.03537389636039734,0.03537389636039734,0.03978116437792778,0.03537389636039734,0.03537389636039734,0.03537389636039734,0.03537389636039734,0.03537389636039734,0.036129385232925415,0.03537389636039734,0.035462476313114166
2017-04-11,0.0431944914162159,0.03530469164252281,0.04970080032944679,0.03530469164252281,0.04019056633114815,0.03530469164252281,0.03530469164252281,0.03530469164252281,0.04223818704485893,0.039373088628053665,0.03530469164252281,0.03530469164252281,0.03530469164252281,0.03530469164252281,0.03530469164252281,0.037905462086200714,0.03530469164252281,0.03530469164252281,0.03996710851788521,0.03530469164252281,0.03530469164252281,0.03530469164252281,0.035395845770835876,0.03530469164252281,0.03655005991458893,0.03530469164252281,0.03530469164252281
2017-04-12,0.044270772486925125,0.035232771188020706,0.04836393520236015,0.035232771188020706,0.041916679590940475,0.035232771188020706,0.035232771188020706,0.035232771188020706,0.04190190136432648,0.04036499187350273,0.035232771188020706,0.035232771188020706,0.03560130298137665,0.035232771188020706,0.035232771188020706,0.03685443848371506,0.035232771188020706,0.035232771188020706,0.04004858434200287,0.035232771188020706,0.035232771188020706,0.035232771188020706,0.03547453507781029,0.035232771188020706,0.03624577075242996,0.035232771188020706,0.035232771188020706
2017-04-13,0.043511342257261276,0.035277992486953735,0.04817952215671539,0.035277992486953735,0.041760385036468506,0.035277992486953735,0.035277992486953735,0.035277992486953735,0.04225264489650726,0.04027823358774185,0.035277992486953735,0.035277992486953735,0.03572419658303261,0.035277992486953735,0.035277992486953735,0.0370367169380188,0.035277992486953735,0.035277992486953735,0.040157731622457504,0.035277992486953735,0.035277992486953735,0.035277992486953735,0.035587090998888016,0.035277992486953735,0.035786256194114685,0.035277992486953735,0.035277992486953735
2017-04-17,0.04296421632170677,0.0352250337600708,0.046789880841970444,0.0352250337600708,0.04152488708496094,0.0352250337600708,0.0352250337600708,0.0352250337600708,0.044326841831207275,0.04014861211180687,0.0352250337600708,0.036077387630939484,0.036893330514431,0.0352250337600708,0.0352250337600708,0.03755482658743858,0.0352250337600708,0.0352250337600708,0.03914863243699074,0.0352250337600708,0.0352250337600708,0.0352250337600708,0.03574581816792488,0.0352250337600708,0.0352250337600708,0.0352250337600708,0.0352250337600708
2017-04-18,0.04335943982005119,0.03543047606945038,0.04771311581134796,0.03543047606945038,0.04040679335594177,0.03543047606945038,0.03543047606945038,0.03543047606945038,0.042597901076078415,0.03927315026521683,0.03543047606945038,0.035571008920669556,0.03543047606945038,0.03543047606945038,0.03543047606945038,0.038338735699653625,0.03543047606945038,0.03543047606945038,0.03956086188554764,0.03543047606945038,0.03543047606945038,0.03543047606945038,0.03543047606945038,0.03543047606945038,0.03543047606945038,0.03543047606945038,0.03543047606945038
2017-04-19,0.04204196110367775,0.035538557916879654,0.04763402044773102,0.035538557916879654,0.040229253470897675,0.035538557916879654,0.035538557916879654,0.035538557916879654,0.04231740161776543,0.039785563945770264,0.035538557916879654,0.035791993141174316,0.035538557916879654,0.035538557916879654,0.035538557916879654,0.038186851888895035,0.035538557916879654,0.035538557916879654,0.038780394941568375,0.035538557916879654,0.035538557916879654,0.035538557916879654,0.035538557916879654,0.035538557916879654,0.035538557916879654,0.035538557916879654,0.035538557916879654
2017-04-20,0.04221661388874054,0.035539980977773666,0.047029443085193634,0.035539980977773666,0.03965853154659271,0.035539980977773666,0.035539980977773666,0.035539980977773666,0.04332103580236435,0.039559125900268555,0.035539980977773666,0.0364299975335598,0.035559989511966705,0.035539980977773666,0.035539980977773666,0.038229119032621384,0.035539980977773666,0.035539980977773666,0.03827646002173424,0.035539980977773666,0.035539980977773666,0.035539980977773666,0.035539980977773666,0.035539980977773666,0.035539980977773666,0.035539980977773666,0.035539980977773666
2017-04-21,0.043789077550172806,0.035505738109350204,0.04799438640475273,0.035505738109350204,0.03850976750254631,0.035505738109350204,0.035505738109350204,0.035505738109350204,0.0403313934803009,0.039218299090862274,0.035505738109350204,0.035505738109350204,0.035505738109350204,0.035505738109350204,0.03724317252635956,0.03862868249416351,0.035505738109350204,0.035505738109350204,0.038336653262376785,0.035505738109350204,0.035505738109350204,0.035505738109350204,0.035505738109350204,0.035505738109350204,0.03577703237533569,0.035505738109350204,0.03657400980591774
2017-04-24,0.04526999592781067,0.03532201051712036,0.0483880452811718,0.03532201051712036,0.038839057087898254,0.03532201051712036,0.03532201051712036,0.03532201051712036,0.04001566767692566,0.0395217165350914,0.03532201051712036,0.035399410873651505,0.03532201051712036,0.03532201051712036,0.03736935183405876,0.03882512450218201,0.03532201051712036,0.03532201051712036,0.03834214434027672,0.03532201051712036,0.03532201051712036,0.03532201051712036,0.03532201051712036,0.03532201051712036,0.036078158766031265,0.03532201051712036,0.03679903596639633
2017-04-25,0.044263217598199844,0.0352679044008255,0.04821782931685448,0.0352679044008255,0.038300614804029465,0.0352679044008255,0.0352679044008255,0.03584304824471474,0.037888053804636,0.03841588273644447,0.0352679044008255,0.0352679044008255,0.0352679044008255,0.0352679044008255,0.038403041660785675,0.03882429748773575,0.0352679044008255,0.0352679044008255,0.04016093537211418,0.0352679044008255,0.0352679044008255,0.0352679044008255,0.0352679044008255,0.0352679044008255,0.037370290607213974,0.0352679044008255,0.03802631422877312
2017-04-26,0.0438728965818882,0.03528471291065216,0.0480438768863678,0.03528471291065216,0.03903110697865486,0.03528471291065216,0.03528471291065216,0.03653605654835701,0.03617055341601372,0.03741300851106644,0.03528471291065216,0.03528471291065216,0.03528471291065216,0.03528471291065216,0.04005494713783264,0.03789675235748291,0.03528471291065216,0.03575698286294937,0.04110685735940933,0.03528471291065216,0.03528471291065216,0.03528471291065216,0.03528471291065216,0.03528471291065216,0.036919962614774704,0.03528471291065216,0.037926238030195236
2017-04-27,0.043244726955890656,0.03539662063121796,0.04763542488217354,0.03539662063121796,0.039288230240345,0.03539662063121796,0.03539662063121796,0.03590679168701172,0.037090081721544266,0.03780294209718704,0.03539662063121796,0.03539662063121796,0.03539662063121796,0.03539662063121796,0.039268068969249725,0.037981126457452774,0.03539662063121796,0.03539662063121796,0.04137595370411873,0.03539662063121796,0.03539662063121796,0.03539662063121796,0.03539662063121796,0.03539662063121796,0.03697436302900314,0.03539662063121796,0.0370863676071167
2017-04-28,0.04326923191547394,0.03534678742289543,0.04771275818347931,0.03534678742289543,0.038672927767038345,0.03534678742289543,0.03534678742289543,0.035871680825948715,0.03769761696457863,0.0377810001373291,0.03534678742289543,0.03534678742289543,0.03534678742289543,0.03534678742289543,0.039225876331329346,0.038060761988162994,0.03534678742289543,0.035670116543769836,0.04059416428208351,0.03534678742289543,0.03534678742289543,0.03534678742289543,0.03534678742289543,0.03534678742289543,0.037282101809978485,0.03534678742289543,0.03795994073152542
2017-05-01,0.043157756328582764,0.03528342396020889,0.04894077405333519,0.03528342396020889,0.03884974867105484,0.03528342396020889,0.03528342396020889,0.036154571920633316,0.03810124099254608,0.03793814405798912,0.03528342396020889,0.03528342396020889,0.03528342396020889,0.03528342396020889,0.03919854015111923,0.037979960441589355,0.03528342396020889,0.036430954933166504,0.039169877767562866,0.03528342396020889,0.03528342396020889,0.03528342396020889,0.03528342396020889,0.03528342396020889,0.03642420470714569,0.03528342396020889,0.03840288519859314
2017-05-02,0.043102849274873734,0.03530041500926018,0.048934198915958405,0.03530041500926018,0.03976389020681381,0.03530041500926018,0.03530041500926018,0.03574118763208389,0.0390564426779747,0.03882874548435211,0.03530041500926018,0.03530041500926018,0.03530041500926018,0.03530041500926018,0.03828461095690727,0.03764147683978081,0.03530041500926018,0.03590748459100723,0.03922848775982857,0.03530041500926018,0.03530041500926018,0.03530041500926018,0.03530041500926018,0.03530041500926018,0.0363052599132061,0.03530041500926018,0.03769915923476219
2017-05-03,0.043278735131025314,0.03524572029709816,0.04867050424218178,0.03524572029709816,0.03941110894083977,0.03524572029709816,0.03524572029709816,0.03547746315598488,0.03954287990927696,0.03895856440067291,0.03524572029709816,0.03524572029709816,0.03524572029709816,0.03524572029709816,0.03788529708981514,0.037226561456918716,0.03524572029709816,0.035981059074401855,0.03934882581233978,0.03524572029709816,0.03524572029709816,0.03524572029709816,0.03524572029709816,0.03524572029709816,0.03705202415585518,0.03524572029709816,0.03848119452595711
2017-05-04,0.043827276676893234,0.035242386162281036,0.04768887162208557,0.035242386162281036,0.03990204632282257,0.035242386162281036,0.035242386162281036,0.035242386162281036,0.04091257601976395,0.04041426628828049,0.035242386162281036,0.035592664033174515,0.035242386162281036,0.035242386162281036,0.03611639142036438,0.03675127401947975,0.035242386162281036,0.035242386162281036,0.039689332246780396,0.035242386162281036,0.035242386162281036,0.035242386162281036,0.035242386162281036,0.035242386162281036,0.03774997964501381,0.035242386162281036,0.037477102130651474
2017-05-05,0.04403350129723549,0.035254716873168945,0.04753671586513519,0.035254716873168945,0.04020382836461067,0.035254716873168945,0.035254716873168945,0.035254716873168945,0.04089582338929176,0.04094886779785156,0.035254716873168945,0.035577740520238876,0.035254716873168945,0.035254716873168945,0.03578751161694527,0.036800920963287354,0.035254716873168945,0.035254716873168945,0.039663709700107574,0.035254716873168945,0.035254716873168945,0.035254716873168945,0.035254716873168945,0.035254716873168945,0.03765406832098961,0.035254716873168945,0.036821816116571426
2017-05-08,0.043204955756664276,0.03526443615555763,0.04845331981778145,0.03526443615555763,0.0391562320291996,0.03526443615555763,0.03526443615555763,0.03526443615555763,0.04085725173354149,0.04017673060297966,0.03526443615555763,0.03526443615555763,0.03526443615555763,0.03526443615555763,0.03659022971987724,0.03708244115114212,0.03526443615555763,0.03555772081017494,0.03899219259619713,0.03526443615555763,0.03526443615555763,0.03526443615555763,0.03526443615555763,0.03526443615555763,0.037838295102119446,0.03526443615555763,0.03785956650972366
2017-05-09,0.042671993374824524,0.03521077707409859,0.049495767802000046,0.03521077707409859,0.039062581956386566,0.03521077707409859,0.03521077707409859,0.03521077707409859,0.040506958961486816,0.03974105045199394,0.03521077707409859,0.03521077707409859,0.03521077707409859,0.03521077707409859,0.03704207390546799,0.03732796758413315,0.03521077707409859,0.03600389137864113,0.03902246803045273,0.03521077707409859,0.03521077707409859,0.03521077707409859,0.03521077707409859,0.03521077707409859,0.037755899131298065,0.03521077707409859,0.03799685463309288
2017-05-10,0.043523918837308884,0.03515427187085152,0.04943644255399704,0.03515427187085152,0.03939858451485634,0.03515427187085152,0.03515427187085152,0.03517165407538414,0.04067062959074974,0.03931498900055885,0.03515427187085152,0.03515427187085152,0.03515427187085152,0.03515427187085152,0.037832241505384445,0.037822425365448,0.03515427187085152,0.035426393151283264,0.03882969915866852,0.03515427187085152,0.03515427187085152,0.03515427187085152,0.03515427187085152,0.03515427187085152,0.03731304779648781,0.03515427187085152,0.03794588893651962
2017-05-11,0.04311774671077728,0.0351591482758522,0.050350867211818695,0.0351591482758522,0.039459794759750366,0.0351591482758522,0.0351591482758522,0.0351591482758522,0.04206019639968872,0.03985953703522682,0.0351591482758522,0.03538884222507477,0.0351591482758522,0.0351591482758522,0.03633556142449379,0.03774045780301094,0.0351591482758522,0.0351591482758522,0.038793694227933884,0.0351591482758522,0.0351591482758522,0.0351591482758522,0.0351591482758522,0.0351591482758522,0.03698674961924553,0.0351591482758522,0.03736019879579544
2017-05-12,0.04358234256505966,0.03513246402144432,0.0507252961397171,0.03513246402144432,0.041813820600509644,0.03513246402144432,0.03513246402144432,0.03513246402144432,0.042091697454452515,0.04091170057654381,0.03513246402144432,0.03513246402144432,0.03513246402144432,0.03513246402144432,0.03530266508460045,0.03692510724067688,0.03513246402144432,0.03513674437999725,0.03898200765252113,0.03513246402144432,0.03513246402144432,0.03513246402144432,0.03513246402144432,0.03513246402144432,0.03685580939054489,0.03513246402144432,0.03555339202284813
2017-05-15,0.043474722653627396,0.035084884613752365,0.05179214850068092,0.035084884613752365,0.041315142065286636,0.035084884613752365,0.035084884613752365,0.035084884613752365,0.042263031005859375,0.04079878330230713,0.035084884613752365,0.035084884613752365,0.035084884613752365,0.035084884613752365,0.035444796085357666,0.0368349514901638,0.035084884613752365,0.03540714085102081,0.03866935521364212,0.035084884613752365,0.035084884613752365,0.035084884613752365,0.03511417284607887,0.035084884613752365,0.03678349405527115,0.035084884613752365,0.03582897409796715
2017-05-16,0.04347721487283707,0.03495042771100998,0.05232496187090874,0.03495042771100998,0.041409675031900406,0.035860173404216766,0.03495042771100998,0.03495042771100998,0.04098104313015938,0.04065634682774544,0.03495042771100998,0.03495042771100998,0.03495042771100998,0.03495042771100998,0.036077871918678284,0.03652055561542511,0.03495042771100998,0.03622289374470711,0.03866660222411156,0.03495042771100998,0.03495042771100998,0.03495042771100998,0.03495042771100998,0.03495042771100998,0.03720574080944061,0.03495042771100998,0.03634050488471985
2017-05-17,0.04301304370164871,0.03495742008090019,0.05288620665669441,0.03495742008090019,0.04078191891312599,0.035904742777347565,0.03495742008090019,0.03495742008090019,0.041187163442373276,0.04083211347460747,0.03495742008090019,0.03495742008090019,0.03495742008090019,0.03495742008090019,0.03615332767367363,0.036485087126493454,0.03495742008090019,0.03637704253196716,0.03801537677645683,0.03495742008090019,0.03495742008090019,0.03495742008090019,0.03495742008090019,0.03495742008090019,0.037273429334163666,0.03495742008090019,0.03672928735613823
2017-05-18,0.0443386472761631,0.03485322371125221,0.049836449325084686,0.03485322371125221,0.04289627447724342,0.03485322371125221,0.03485322371125221,0.03485322371125221,0.04352159798145294,0.04279209300875664,0.03485322371125221,0.035662367939949036,0.03703382983803749,0.03485322371125221,0.03485322371125221,0.03577877953648567,0.03485322371125221,0.03485322371125221,0.03896400332450867,0.03485322371125221,0.03485322371125221,0.03485322371125221,0.03541095554828644,0.03485322371125221,0.0361134372651577,0.03485322371125221,0.03485322371125221
2017-05-19,0.04541689530014992,0.03476004675030708,0.048803865909576416,0.03476004675030708,0.0438157320022583,0.03476004675030708,0.03476004675030708,0.03476004675030708,0.043591346591711044,0.042951200157403946,0.03476004675030708,0.03559955582022667,0.037466518580913544,0.03476004675030708,0.03476004675030708,0.03605307638645172,0.03476004675030708,0.03476004675030708,0.03931458294391632,0.03476004675030708,0.03476004675030708,0.03476004675030708,0.03492557257413864,0.03476004675030708,0.035900939255952835,0.03476004675030708,0.03476004675030708
2017-05-22,0.04508588835597038,0.03487468510866165,0.049535248428583145,0.03487468510866165,0.044019196182489395,0.034901250153779984,0.03487468510866165,0.03487468510866165,0.04272284358739853,0.04262387380003929,0.03487468510866165,0.035280078649520874,0.03631974384188652,0.03487468510866165,0.03487468510866165,0.03614562749862671,0.03487468510866165,0.03487468510866165,0.039427824318408966,0.03487468510866165,0.03487468510866165,0.03487468510866165,0.03487468510866165,0.03487468510866165,0.035943515598773956,0.03487468510866165,0.03487468510866165
2017-05-23,0.04434394836425781,0.03504893556237221,0.0510483980178833,0.03504893556237221,0.0430852472782135,0.03515329584479332,0.03504893556237221,0.03504893556237221,0.04116370156407356,0.0417049303650856,0.03504893556237221,0.03504893556237221,0.03504893556237221,0.03504893556237221,0.035806868225336075,0.03648073226213455,0.03504893556237221,0.03504893556237221,0.0391673743724823,0.03504893556237221,0.03504893556237221,0.03504893556237221,0.03504893556237221,0.03504893556237221,0.036213573068380356,0.03504893556237221,0.03504893556237221
2017-05-24,0.043930791318416595,0.035062626004219055,0.05090372636914253,0.035062626004219055,0.04323620721697807,0.035062626004219055,0.035062626004219055,0.035062626004219055,0.04046635702252388,0.04132355377078056,0.035062626004219055,0.035062626004219055,0.035062626004219055,0.035062626004219055,0.0362166129052639,0.036850109696388245,0.035062626004219055,0.035062626004219055,0.0398452952504158,0.035062626004219055,0.035062626004219055,0.035062626004219055,0.035062626004219055,0.035062626004219055,0.0361001119017601,0.035062626004219055,0.035062626004219055
2017-05-25,0.04376368969678879,0.034993477165699005,0.05123505741357803,0.034993477165699005,0.04408983513712883,0.03578360378742218,0.034993477165699005,0.034993477165699005,0.038951326161623,0.04105518385767937,0.034993477165699005,0.034993477165699005,0.034993477165699005,0.034993477165699005,0.03651128336787224,0.036589011549949646,0.034993477165699005,0.03568216413259506,0.040421344339847565,0.034993477165699005,0.034993477165699005,0.034993477165699005,0.034993477165699005,0.034993477165699005,0.03602191060781479,0.034993477165699005,0.034993477165699005
2017-05-26,0.0432344451546669,0.035014331340789795,0.05189191550016403,0.035014331340789795,0.0430595837533474,0.03537040948867798,0.035014331340789795,0.035014331340789795,0.0367792584002018,0.03928465023636818,0.035014331340789795,0.035014331340789795,0.035014331340789795,0.035014331340789795,0.0388164184987545,0.03791847452521324,0.035014331340789795,0.03647863492369652,0.04114817827939987,0.035014331340789795,0.035014331340789795,0.035014331340789795,0.035014331340789795,0.035014331340789795,0.035788748413324356,0.035014331340789795,0.035014331340789795
2017-05-30,0.043308477848768234,0.03506035730242729,0.051380448043346405,0.03506035730242729,0.04264204949140549,0.03520093858242035,0.03506035730242729,0.03506035730242729,0.036738839000463486,0.03918568417429924,0.03506035730242729,0.03506035730242729,0.03506035730242729,0.03506035730242729,0.039015889167785645,0.037941236048936844,0.03506035730242729,0.03651200607419014,0.04102321341633797,0.03506035730242729,0.03506035730242729,0.03506035730242729,0.03506035730242729,0.03506035730242729,0.03582785651087761,0.03506035730242729,0.03531797230243683
2017-05-31,0.04285292327404022,0.03512575477361679,0.051140159368515015,0.03512575477361679,0.0405607707798481,0.03512575477361679,0.03512575477361679,0.03512575477361679,0.037795912474393845,0.038781218230724335,0.03512575477361679,0.03512575477361679,0.03512575477361679,0.03512575477361679,0.03911652788519859,0.03783712536096573,0.03512575477361679,0.035955436527729034,0.04072786122560501,0.03512575477361679,0.03512575477361679,0.03512575477361679,0.03512575477361679,0.03512575477361679,0.03632650151848793,0.03512575477361679,0.03689344599843025
2017-06-01,0.04284990578889847,0.0352228619158268,0.05003000795841217,0.0352228619158268,0.039776548743247986,0.0352228619158268,0.0352228619158268,0.0352228619158268,0.03851078450679779,0.038783200085163116,0.0352228619158268,0.0352228619158268,0.0352228619158268,0.0352228619158268,0.03858334571123123,0.03841843456029892,0.0352228619158268,0.0352228619158268,0.04063674807548523,0.0352228619158268,0.0352228619158268,0.0352228619158268,0.0352228619158268,0.0352228619158268,0.036577194929122925,0.0352228619158268,0.037045158445835114
2017-06-02,0.04238869994878769,0.03528910502791405,0.04984193295240402,0.03528910502791405,0.039997998625040054,0.03528910502791405,0.03528910502791405,0.03528910502791405,0.03715699911117554,0.03821509703993797,0.03528910502791405,0.03528910502791405,0.03528910502791405,0.03528910502791405,0.039252396672964096,0.038666222244501114,0.03528910502791405,0.03548666462302208,0.0410635732114315,0.03528910502791405,0.03528910502791405,0.03528910502791405,0.03528910502791405,0.03528910502791405,0.03633046895265579,0.03528910502791405,0.03697415813803673
2017-06-05,0.04236812889575958,0.03522787243127823,0.04909491166472435,0.03522787243127823,0.03995567932724953,0.03522787243127823,0.03522787243127823,0.035792846232652664,0.03599090501666069,0.03747500106692314,0.03522787243127823,0.03522787243127823,0.03522787243127823,0.03522787243127823,0.04025436192750931,0.0391298271715641,0.03522787243127823,0.03572414815425873,0.0416608564555645,0.03522787243127823,0.03522787243127823,0.03522787243127823,0.03522787243127823,0.03522787243127823,0.03676551952958107,0.03522787243127823,0.03736971691250801
2017-06-06,0.04224981740117073,0.03524238243699074,0.04892285540699959,0.03524238243699074,0.03942633047699928,0.03524238243699074,0.03524238243699074,0.035637229681015015,0.03684435039758682,0.037594400346279144,0.03524238243699074,0.03524238243699074,0.03524238243699074,0.03524238243699074,0.039677657186985016,0.039072006940841675,0.03524238243699074,0.035392917692661285,0.041720934212207794,0.03524238243699074,0.03524238243699074,0.03524238243699074,0.03524238243699074,0.03524238243699074,0.03695635497570038,0.03524238243699074,0.037869445979595184
2017-06-07,0.04179612174630165,0.03523559123277664,0.049829427152872086,0.03523559123277664,0.039320897310972214,0.03523559123277664,0.03523559123277664,0.03562739118933678,0.037543170154094696,0.03829580545425415,0.03523559123277664,0.03523559123277664,0.03523559123277664,0.03523559123277664,0.03934982046484947,0.03875531256198883,0.03523559123277664,0.03566918149590492,0.04095420613884926,0.03523559123277664,0.03523559123277664,0.03523559123277664,0.03523559123277664,0.03523559123277664,0.03657883033156395,0.03523559123277664,0.037745993584394455
2017-06-08,0.04278825968503952,0.03514742851257324,0.04822612926363945,0.03514742851257324,0.03983503207564354,0.03514742851257324,0.03514742851257324,0.03611491248011589,0.03748369216918945,0.03762729838490486,0.03514742851257324,0.03514742851257324,0.03514742851257324,0.03514742851257324,0.03962433338165283,0.03932809457182884,0.03514742851257324,0.03525720536708832,0.04197937995195389,0.03514742851257324,0.03514742851257324,0.03514742851257324,0.03514742851257324,0.03514742851257324,0.037246935069561005,0.03514742851257324,0.037277281284332275
2017-06-09,0.043708037585020065,0.034978482872247696,0.04884915053844452,0.034978482872247696,0.04043804481625557,0.034978482872247696,0.034978482872247696,0.036696407943964005,0.03636704385280609,0.03680473938584328,0.034978482872247696,0.034978482872247696,0.034978482872247696,0.034978482872247696,0.0413568913936615,0.038940079510211945,0.034978482872247696,0.03567010536789894,0.04223651811480522,0.034978482872247696,0.034978482872247696,0.034978482872247696,0.034978482872247696,0.034978482872247696,0.03700348362326622,0.034978482872247696,0.03725230321288109
2017-06-12,0.04242057353258133,0.03511452674865723,0.047853995114564896,0.03511452674865723,0.041170310229063034,0.03511452674865723,0.03511452674865723,0.0366932675242424,0.035839151591062546,0.03640516474843025,0.03511452674865723,0.03511452674865723,0.03511452674865723,0.03511452674865723,0.04147199168801308,0.03915033116936684,0.03511452674865723,0.03555915877223015,0.04346218332648277,0.03511452674865723,0.03511452674865723,0.03511452674865723,0.03511452674865723,0.03511452674865723,0.036750342696905136,0.03511452674865723,0.036505673080682755
2017-06-13,0.040403518825769424,0.03528480976819992,0.04613756760954857,0.03528480976819992,0.03950018808245659,0.03528480976819992,0.03528480976819992,0.03528480976819992,0.03726281225681305,0.036179255694150925,0.03528480976819992,0.03528480976819992,0.03528480976819992,0.03679565712809563,0.039015527814626694,0.04039297252893448,0.03528480976819992,0.03528480976819992,0.045263081789016724,0.03528480976819992,0.03528480976819992,0.03528480976819992,0.03528480976819992,0.03528480976819992,0.038728345185518265,0.03528480976819992,0.0357641838490963
2017-06-14,0.04110106825828552,0.035163626074790955,0.04707176610827446,0.035163626074790955,0.039629269391298294,0.035163626074790955,0.035163626074790955,0.03592337667942047,0.03707488998770714,0.03645695745944977,0.035163626074790955,0.035163626074790955,0.035163626074790955,0.035163626074790955,0.04058128595352173,0.03976348415017128,0.035163626074790955,0.03560148552060127,0.04420984163880348,0.035163626074790955,0.035163626074790955,0.035163626074790955,0.035163626074790955,0.035163626074790955,0.03867001086473465,0.035163626074790955,0.03646218404173851
2017-06-15,0.041406355798244476,0.03511406108736992,0.04669295623898506,0.03511406108736992,0.03939348831772804,0.03511406108736992,0.03511406108736992,0.035898976027965546,0.037030190229415894,0.03678670898079872,0.03511406108736992,0.03511406108736992,0.03511406108736992,0.03601020947098732,0.03976594656705856,0.04058000445365906,0.03511406108736992,0.03511406108736992,0.04435831680893898,0.03511406108736992,0.03511406108736992,0.03511406108736992,0.03511406108736992,0.03511406108736992,0.03891538828611374,0.03511406108736992,0.036450546234846115
2017-06-16,0.0415877141058445,0.035171084105968475,0.046499595046043396,0.035171084105968475,0.03958766162395477,0.035171084105968475,0.035171084105968475,0.03552187606692314,0.037003763020038605,0.03718089312314987,0.035171084105968475,0.035171084105968475,0.035171084105968475,0.0359966866672039,0.03922373428940773,0.04014778137207031,0.035171084105968475,0.035171084105968475,0.04431110993027687,0.035171084105968475,0.035171084105968475,0.035171084105968475,0.035171084105968475,0.035171084105968475,0.039068061858415604,0.035171084105968475,0.03630487620830536
2017-06-19,0.04137445613741875,0.0352502316236496,0.046892814338207245,0.0352502316236496,0.03904631361365318,0.0352502316236496,0.0352502316236496,0.036040905863046646,0.036719486117362976,0.03622117638587952,0.0352502316236496,0.0352502316236496,0.0352502316236496,0.0352502316236496,0.040469691157341,0.039246417582035065,0.0352502316236496,0.035785526037216187,0.04348195344209671,0.0352502316236496,0.0352502316236496,0.0352502316236496,0.0352502316236496,0.0352502316236496,0.03827719762921333,0.0352502316236496,0.03769052028656006
2017-06-20,0.04188632220029831,0.03509816154837608,0.046750545501708984,0.03509816154837608,0.03933900222182274,0.03509816154837608,0.03509816154837608,0.036927130073308945,0.03578066825866699,0.03545176237821579,0.03585337847471237,0.03509816154837608,0.03509816154837608,0.03509816154837608,0.04214046522974968,0.038749951869249344,0.03509816154837608,0.036017730832099915,0.04372159764170647,0.03509816154837608,0.03509816154837608,0.03509816154837608,0.03509816154837608,0.03509816154837608,0.038247112184762955,0.03509816154837608,0.03776007145643234
2017-06-21,0.04267551004886627,0.03503457084298134,0.047417208552360535,0.03503457084298134,0.039777785539627075,0.03503457084298134,0.03503457084298134,0.03610222414135933,0.03640129789710045,0.03719967603683472,0.035180557519197464,0.03503457084298134,0.03503457084298134,0.03503457084298134,0.04082976654171944,0.03829255327582359,0.03503457084298134,0.03602593392133713,0.043347183614969254,0.03503457084298134,0.03503457084298134,0.03503457084298134,0.03503457084298134,0.03503457084298134,0.03874576836824417,0.03503457084298134,0.03752049058675766
2017-06-22,0.04367753118276596,0.035023294389247894,0.04728587716817856,0.035023294389247894,0.04058704525232315,0.035023294389247894,0.035023294389247894,0.03557271137833595,0.036575719714164734,0.037721943110227585,0.035023294389247894,0.035023294389247894,0.035023294389247894,0.035023294389247894,0.039794474840164185,0.03906390815973282,0.035023294389247894,0.03582581877708435,0.04321419075131416,0.035023294389247894,0.035023294389247894,0.035023294389247894,0.035023294389247894,0.035023294389247894,0.03877410292625427,0.035023294389247894,0.036557309329509735
2017-06-23,0.04426726698875427,0.03496382012963295,0.04719267413020134,0.03496382012963295,0.040937088429927826,0.03496382012963295,0.03496382012963295,0.036001820117235184,0.03607352450489998,0.036984533071517944,0.035280656069517136,0.03496382012963295,0.03496382012963295,0.03496382012963295,0.04071146994829178,0.03904332220554352,0.03496382012963295,0.035977158695459366,0.04313972592353821,0.03496382012963295,0.03496382012963295,0.03496382012963295,0.03496382012963295,0.03496382012963295,0.03841085731983185,0.03496382012963295,0.03648645430803299
2017-06-26,0.0447198860347271,0.03484705463051796,0.04831097275018692,0.03484705463051796,0.04107837378978729,0.03536522015929222,0.03484705463051796,0.03595152869820595,0.03553486987948418,0.03774629160761833,0.03555930033326149,0.03484705463051796,0.03484705463051796,0.03484705463051796,0.04111286252737045,0.0380464605987072,0.03484705463051796,0.03677593171596527,0.04195455461740494,0.03484705463051796,0.03484705463051796,0.03484705463051796,0.03484705463051796,0.03484705463051796,0.038101617246866226,0.03484705463051796,0.03673040121793747
2017-06-27,0.04447449371218681,0.03482016548514366,0.04858609661459923,0.03482016548514366,0.040273990482091904,0.03482016548514366,0.03482016548514366,0.0356905572116375,0.03644299507141113,0.037372514605522156,0.035342082381248474,0.03482016548514366,0.03482016548514366,0.03482016548514366,0.04076963663101196,0.03806271404027939,0.03482016548514366,0.037006914615631104,0.04260103404521942,0.03482016548514366,0.03482016548514366,0.03482016548514366,0.03482016548514366,0.03482016548514366,0.03911231458187103,0.03482016548514366,0.036782339215278625
2017-06-28,0.04536126181483269,0.03483135998249054,0.04853750392794609,0.03483135998249054,0.041565004736185074,0.03483135998249054,0.03483135998249054,0.03483135998249054,0.0370926707983017,0.038835372775793076,0.03483135998249054,0.03483135998249054,0.03483135998249054,0.03483135998249054,0.03847792372107506,0.038046784698963165,0.03483135998249054,0.036922696977853775,0.04336337372660637,0.03483135998249054,0.03483135998249054,0.03483135998249054,0.03483135998249054,0.03483135998249054,0.039611563086509705,0.03483135998249054,0.0348840169608593
2017-06-29,0.04508766904473305,0.03483091667294502,0.04830756410956383,0.03483091667294502,0.04120469465851784,0.03483091667294502,0.03483091667294502,0.03483091667294502,0.03681102767586708,0.038166582584381104,0.03483091667294502,0.03483091667294502,0.03483091667294502,0.03483091667294502,0.038626935333013535,0.03837473690509796,0.03483091667294502,0.03726612403988838,0.04412386193871498,0.03483091667294502,0.03483091667294502,0.03483091667294502,0.03483091667294502,0.03483091667294502,0.03990524262189865,0.03483091667294502,0.03483091667294502
2017-06-30,0.045643240213394165,0.03477265313267708,0.04769643023610115,0.03477265313267708,0.04269521310925484,0.03477265313267708,0.03477265313267708,0.03477265313267708,0.03929930180311203,0.04012586548924446,0.03477265313267708,0.03542845696210861,0.03477265313267708,0.03574880212545395,0.03545113280415535,0.037744227796792984,0.03477265313267708,0.03577439859509468,0.04358043894171715,0.03477265313267708,0.03477265313267708,0.03477265313267708,0.03477265313267708,0.03477265313267708,0.03922269120812416,0.03477265313267708,0.03477265313267708
2017-07-03,0.044860560446977615,0.03482425585389137,0.04945078119635582,0.03482425585389137,0.041380561888217926,0.03482425585389137,0.03482425585389137,0.03482425585389137,0.03876428306102753,0.03980077803134918,0.03482425585389137,0.03482425585389137,0.03482425585389137,0.03482425585389137,0.03852662071585655,0.03828984871506691,0.03482425585389137,0.03631101921200752,0.04199087992310524,0.03482425585389137,0.03482425585389137,0.03482425585389137,0.03482425585389137,0.03482425585389137,0.03861231356859207,0.03482425585389137,0.03482425585389137
2017-07-05,0.04431391507387161,0.03486818075180054,0.048188552260398865,0.03486818075180054,0.04018355906009674,0.03486818075180054,0.03486818075180054,0.03534823656082153,0.03865740820765495,0.038375724107027054,0.03486818075180054,0.03486818075180054,0.03486818075180054,0.03486818075180054,0.03964986652135849,0.03878404572606087,0.03486818075180054,0.0366886630654335,0.04240526258945465,0.03486818075180054,0.03486818075180054,0.03486818075180054,0.03486818075180054,0.03486818075180054,0.03940270096063614,0.03486818075180054,0.03497936949133873
2017-07-06,0.045116085559129715,0.03482023626565933,0.04824135825037956,0.03482023626565933,0.04063735902309418,0.03482023626565933,0.03482023626565933,0.03563360869884491,0.03856600448489189,0.03786560148000717,0.03482023626565933,0.03482023626565933,0.03482023626565933,0.03482023626565933,0.04042401164770126,0.03853267803788185,0.03482023626565933,0.03675130009651184,0.041805535554885864,0.03482023626565933,0.03482023626565933,0.03482023626565933,0.03482023626565933,0.03482023626565933,0.03883682191371918,0.03482023626565933,0.03528600186109543
2017-07-07,0.045194268226623535,0.03482264652848244,0.04916546493768692,0.03482264652848244,0.04103058949112892,0.03482264652848244,0.03482264652848244,0.03501354902982712,0.039702873677015305,0.03907681629061699,0.03482264652848244,0.035080403089523315,0.03482264652848244,0.03482264652848244,0.039162248373031616,0.03871766850352287,0.03482264652848244,0.03619246184825897,0.04053058102726936,0.03482264652848244,0.03482264652848244,0.03482264652848244,0.03482264652848244,0.03482264652848244,0.03846330940723419,0.03482264652848244,0.03515270724892616
2017-07-10,0.04620155692100525,0.03474610671401024,0.0494387149810791,0.03474610671401024,0.04222960025072098,0.03513939678668976,0.03474610671401024,0.03474610671401024,0.03822815418243408,0.040086548775434494,0.03474610671401024,0.03474610671401024,0.03474610671401024,0.03474610671401024,0.039043087512254715,0.037717707455158234,0.03474610671401024,0.03677121177315712,0.040628086775541306,0.03474610671401024,0.03474610671401024,0.03474610671401024,0.03474610671401024,0.03474610671401024,0.038540005683898926,0.03474610671401024,0.03478425368666649
2017-07-11,0.046864431351423264,0.034694820642471313,0.04957423731684685,0.034694820642471313,0.04216914623975754,0.03549642115831375,0.034694820642471313,0.03481370955705643,0.03795245662331581,0.04044806957244873,0.034694820642471313,0.034694820642471313,0.034694820642471313,0.034694820642471313,0.03901847079396248,0.037078846246004105,0.034694820642471313,0.03683574125170708,0.040114469826221466,0.034694820642471313,0.034694820642471313,0.034694820642471313,0.034694820642471313,0.034694820642471313,0.03863368183374405,0.034694820642471313,0.035272788256406784
2017-07-12,0.047005798667669296,0.034742966294288635,0.04945748671889305,0.034742966294288635,0.041850123554468155,0.03521029278635979,0.034742966294288635,0.034742966294288635,0.038839902728796005,0.04044664278626442,0.034742966294288635,0.03538847342133522,0.034742966294288635,0.034742966294288635,0.03803449124097824,0.03751935809850693,0.034742966294288635,0.036401696503162384,0.03945314139127731,0.034742966294288635,0.034742966294288635,0.034742966294288635,0.034742966294288635,0.034742966294288635,0.03850714862346649,0.034742966294288635,0.035483937710523605
2017-07-13,0.046575043350458145,0.03463631868362427,0.04971589893102646,0.03463631868362427,0.04164007306098938,0.03605307638645172,0.03463631868362427,0.03534108027815819,0.03732570633292198,0.0397089421749115,0.03463631868362427,0.03463631868362427,0.03463631868362427,0.03463631868362427,0.04005127027630806,0.03676377609372139,0.03463631868362427,0.03741522133350372,0.03959566727280617,0.03463631868362427,0.03463631868362427,0.03463631868362427,0.03463631868362427,0.03463631868362427,0.03873270004987717,0.03463631868362427,0.036173015832901
2017-07-14,0.04633167386054993,0.034710969775915146,0.04935402050614357,0.034710969775915146,0.0410325713455677,0.03518582880496979,0.034710969775915146,0.03507433086633682,0.038514167070388794,0.03981199860572815,0.034710969775915146,0.03475259244441986,0.034710969775915146,0.034710969775915146,0.03888152539730072,0.037423957139253616,0.034710969775915146,0.03705673664808273,0.03975201025605202,0.034710969775915146,0.034710969775915146,0.034710969775915146,0.034710969775915146,0.034710969775915146,0.03961045295000076,0.034710969775915146,0.035975489765405655
2017-07-17,0.04631896689534187,0.03465567156672478,0.049586545675992966,0.03465567156672478,0.04045296087861061,0.03496335819363594,0.03465567156672478,0.0356067419052124,0.03817876800894737,0.03883609175682068,0.03465567156672478,0.03465567156672478,0.03465567156672478,0.03465567156672478,0.03977970406413078,0.03790414705872536,0.03465567156672478,0.037207961082458496,0.040151774883270264,0.03465567156672478,0.03465567156672478,0.03465567156672478,0.03465567156672478,0.03465567156672478,0.0395108126103878,0.03465567156672478,0.03632281348109245
2017-07-18,0.04554794356226921,0.03473752364516258,0.04925484210252762,0.03473752364516258,0.04022384062409401,0.03473752364516258,0.03473752364516258,0.035651203244924545,0.03854727745056152,0.03864730894565582,0.03473752364516258,0.03473752364516258,0.03473752364516258,0.03473752364516258,0.039599206298589706,0.03822730854153633,0.03473752364516258,0.03708897903561592,0.04020707309246063,0.03473752364516258,0.03473752364516258,0.03473752364516258,0.03473752364516258,0.03473752364516258,0.03944813087582588,0.03473752364516258,0.03649405762553215
2017-07-19,0.045805424451828,0.034772008657455444,0.04843505099415779,0.034772008657455444,0.04014066979289055,0.034772008657455444,0.034772008657455444,0.0355890654027462,0.0387113094329834,0.038321446627378464,0.034772008657455444,0.03509191423654556,0.034772008657455444,0.034772008657455444,0.03914656490087509,0.038981035351753235,0.034772008657455444,0.03676041588187218,0.04053496569395065,0.034772008657455444,0.034772008657455444,0.034772008657455444,0.034772008657455444,0.034772008657455444,0.03957945853471756,0.034772008657455444,0.03609452769160271
2017-07-20,0.044985443353652954,0.034867480397224426,0.04740353673696518,0.034867480397224426,0.039592694491147995,0.034867480397224426,0.034867480397224426,0.036305803805589676,0.0396144725382328,0.03763305023312569,0.034867480397224426,0.03557944670319557,0.034867480397224426,0.034867480397224426,0.039017073810100555,0.039276883006095886,0.034867480397224426,0.03629521653056145,0.04005197435617447,0.034867480397224426,0.034867480397224426,0.034867480397224426,0.034867480397224426,0.034867480397224426,0.039039015769958496,0.034867480397224426,0.03706067055463791
2017-07-21,0.044096026569604874,0.034978728741407394,0.047841399908065796,0.034978728741407394,0.03805866837501526,0.03505118563771248,0.034978728741407394,0.03705163672566414,0.039337027817964554,0.03689410164952278,0.034978728741407394,0.034978728741407394,0.034978728741407394,0.034978728741407394,0.03984594717621803,0.039287369698286057,0.034978728741407394,0.03670387342572212,0.039137136191129684,0.034978728741407394,0.034978728741407394,0.034978728741407394,0.034978728741407394,0.034978728741407394,0.03827308863401413,0.034978728741407394,0.03872035816311836
2017-07-24,0.04493478685617447,0.0349380299448967,0.04761740192770958,0.0349380299448967,0.038655295968055725,0.0349380299448967,0.0349380299448967,0.03704613074660301,0.03952473774552345,0.03726717457175255,0.0349380299448967,0.0349380299448967,0.0349380299448967,0.0349380299448967,0.039886392652988434,0.03966502845287323,0.0349380299448967,0.03599146381020546,0.03967124596238136,0.0349380299448967,0.0349380299448967,0.0349380299448967,0.0349380299448967,0.0349380299448967,0.03838216885924339,0.0349380299448967,0.037287719547748566
2017-07-25,0.044749192893505096,0.034982312470674515,0.04782777279615402,0.034982312470674515,0.0382210798561573,0.034982312470674515,0.034982312470674515,0.0369076281785965,0.040999267250299454,0.03801170364022255,0.034982312470674515,0.034982312470674515,0.034982312470674515,0.034982312470674515,0.03868182748556137,0.0399591401219368,0.034982312470674515,0.035114675760269165,0.0395355261862278,0.034982312470674515,0.034982312470674515,0.034982312470674515,0.034982312470674515,0.034982312470674515,0.0383438840508461,0.034982312470674515,0.03691354766488075
2017-07-26,0.041157644242048264,0.03507247939705849,0.04940672218799591,0.03507247939705849,0.0363917276263237,0.03507247939705849,0.03507247939705849,0.03594784066081047,0.04126278683543205,0.03845188394188881,0.03507247939705849,0.03507247939705849,0.03507247939705849,0.03507247939705849,0.03933357819914818,0.03866584226489067,0.03507247939705849,0.03605334088206291,0.03903767466545105,0.03507247939705849,0.03507247939705849,0.03507247939705849,0.03507247939705849,0.03507247939705849,0.038946643471717834,0.03507247939705849,0.039257049560546875
2017-07-27,0.04220082610845566,0.035034410655498505,0.04915229231119156,0.035034410655498505,0.03677799552679062,0.035034410655498505,0.035034410655498505,0.03677741438150406,0.038913678377866745,0.0379539355635643,0.035034410655498505,0.035034410655498505,0.035034410655498505,0.035034410655498505,0.04062637314200401,0.03814451023936272,0.035034410655498505,0.03682505711913109,0.03888612985610962,0.035034410655498505,0.035034410655498505,0.035034410655498505,0.035034410655498505,0.035034410655498505,0.03839610517024994,0.035034410655498505,0.03982950374484062
2017-07-28,0.04157968983054161,0.03527718037366867,0.04791642352938652,0.03527718037366867,0.037477053701877594,0.03527718037366867,0.03527718037366867,0.036865465342998505,0.03676755353808403,0.03741481155157089,0.03527718037366867,0.03527718037366867,0.03527718037366867,0.03527718037366867,0.04123012349009514,0.03783939406275749,0.03527718037366867,0.036800138652324677,0.039851799607276917,0.03527718037366867,0.03527718037366867,0.03527718037366867,0.03527718037366867,0.03527718037366867,0.037578050047159195,0.03527718037366867,0.039521802216768265
2017-07-31,0.041023869067430496,0.03542784973978996,0.04682716727256775,0.03542784973978996,0.03732091933488846,0.03542784973978996,0.03542784973978996,0.03698831796646118,0.03639241307973862,0.03642354905605316,0.03542784973978996,0.03542784973978996,0.03542784973978996,0.03542784973978996,0.04083412140607834,0.03855547308921814,0.03542784973978996,0.03670542687177658,0.04055152088403702,0.03542784973978996,0.03542784973978996,0.03542784973978996,0.03542784973978996,0.03542784973978996,0.03723249211907387,0.03542784973978996,0.03972697630524635
2017-08-01,0.04019780829548836,0.03556426614522934,0.04598049819469452,0.03556426614522934,0.037450484931468964,0.03556426614522934,0.03556426614522934,0.037046242505311966,0.03591569513082504,0.03556426614522934,0.03556426614522934,0.03556426614522934,0.03556426614522934,0.03556426614522934,0.04080581292510033,0.03922421112656593,0.03556426614522934,0.036644984036684036,0.0414225310087204,0.03556426614522934,0.03556426614522934,0.03556426614522934,0.03556426614522934,0.03556426614522934,0.03683494031429291,0.03556426614522934,0.0394485667347908
2017-08-02,0.039846520870923996,0.035687245428562164,0.04430780187249184,0.035687245428562164,0.037546295672655106,0.035687245428562164,0.035687245428562164,0.036733612418174744,0.03585166856646538,0.035687245428562164,0.035687245428562164,0.035687245428562164,0.035687245428562164,0.035687245428562164,0.04025898873806,0.039878472685813904,0.035687245428562164,0.03630929812788963,0.042324572801589966,0.035687245428562164,0.035687245428562164,0.035687245428562164,0.035687245428562164,0.035687245428562164,0.037477243691682816,0.035687245428562164,0.038469623774290085
2017-08-03,0.0396430529654026,0.035646189004182816,0.0445091649889946,0.035646189004182816,0.03735782206058502,0.035646189004182816,0.035646189004182816,0.037284065037965775,0.037026479840278625,0.035646189004182816,0.035646189004182816,0.035646189004182816,0.035646189004182816,0.035646189004182816,0.039951391518116,0.03977600485086441,0.035646189004182816,0.035980504006147385,0.04208512231707573,0.035646189004182816,0.035646189004182816,0.035646189004182816,0.035646189004182816,0.035646189004182816,0.03765838220715523,0.035646189004182816,0.0383889377117157
2017-08-04,0.04000958800315857,0.035693373531103134,0.04348941892385483,0.035693373531103134,0.037786662578582764,0.035693373531103134,0.035693373531103134,0.03716036304831505,0.03704946115612984,0.035693373531103134,0.035693373531103134,0.035693373531103134,0.035693373531103134,0.035693373531103134,0.03946554660797119,0.04025302827358246,0.035693373531103134,0.035693373531103134,0.0429503507912159,0.035693373531103134,0.035693373531103134,0.035693373531103134,0.035693373531103134,0.035693373531103134,0.03761715069413185,0.035693373531103134,0.037431083619594574
2017-08-07,0.0395982451736927,0.03570633381605148,0.04331911355257034,0.03570633381605148,0.0375601127743721,0.03570633381605148,0.035917554050683975,0.036838315427303314,0.03773588687181473,0.03570633381605148,0.03570633381605148,0.03570633381605148,0.03570633381605148,0.03595081344246864,0.039027146995067596,0.040629979223012924,0.03570633381605148,0.03577694669365883,0.042903099209070206,0.03570633381605148,0.03570633381605148,0.03570633381605148,0.03570633381605148,0.03570633381605148,0.037850771099328995,0.03570633381605148,0.037003327161073685
2017-08-08,0.03944180905818939,0.03571951016783714,0.04396948963403702,0.03571951016783714,0.037400130182504654,0.03571951016783714,0.03571951016783714,0.036480747163295746,0.03844042494893074,0.03575582802295685,0.03571951016783714,0.03571951016783714,0.03571951016783714,0.03596664220094681,0.03845370560884476,0.039873212575912476,0.03571951016783714,0.03573940321803093,0.042406029999256134,0.03571951016783714,0.03571951016783714,0.03571951016783714,0.03571951016783714,0.03571951016783714,0.03830816224217415,0.03571951016783714,0.03769126161932945
2017-08-09,0.03912710025906563,0.03571273013949394,0.044292766600847244,0.03571273013949394,0.03710952028632164,0.03571273013949394,0.03571273013949394,0.03661799803376198,0.03900633007287979,0.03626827523112297,0.03571273013949394,0.03571273013949394,0.03571273013949394,0.03571273013949394,0.03839647397398949,0.039367061108350754,0.03571273013949394,0.03580956906080246,0.04167057201266289,0.03571273013949394,0.03571273013949394,0.03571273013949394,0.03571273013949394,0.03571273013949394,0.03861643746495247,0.03571273013949394,0.03802691400051117
2017-08-10,0.03882640600204468,0.035622499883174896,0.044801488518714905,0.035622499883174896,0.03654623404145241,0.035622499883174896,0.035622499883174896,0.035622499883174896,0.040393080562353134,0.036607157438993454,0.035622499883174896,0.035622499883174896,0.035622499883174896,0.03723874315619469,0.036908108741045,0.03999251499772072,0.035622499883174896,0.035622499883174896,0.04243280738592148,0.035622499883174896,0.035622499883174896,0.035622499883174896,0.035622499883174896,0.035622499883174896,0.0386633537709713,0.035622499883174896,0.03763014078140259
2017-08-11,0.03930097818374634,0.03539518639445305,0.0448044054210186,0.03539518639445305,0.03666634485125542,0.03539518639445305,0.03539518639445305,0.03539518639445305,0.04207499325275421,0.03888898715376854,0.03539518639445305,0.03539518639445305,0.03539518639445305,0.03844223544001579,0.03539518639445305,0.039085887372493744,0.03539518639445305,0.03539518639445305,0.04237276688218117,0.03539518639445305,0.03539518639445305,0.03539518639445305,0.03568356856703758,0.03539518639445305,0.03884798288345337,0.03539518639445305,0.037508849054574966
2017-08-14,0.04020148515701294,0.03536699339747429,0.044497694820165634,0.03536699339747429,0.037584319710731506,0.03536699339747429,0.03536699339747429,0.03536699339747429,0.04219004139304161,0.03916678577661514,0.03536699339747429,0.03576018661260605,0.03536699339747429,0.03819194808602333,0.03536699339747429,0.0385432243347168,0.03536699339747429,0.03536699339747429,0.042197924107313156,0.03536699339747429,0.03536699339747429,0.03536699339747429,0.03536699339747429,0.03536699339747429,0.038173608481884,0.03536699339747429,0.037620797753334045
2017-08-15,0.039947640150785446,0.035411957651376724,0.044757209718227386,0.035411957651376724,0.037563517689704895,0.035411957651376724,0.035411957651376724,0.035411957651376724,0.04130842909216881,0.03889424353837967,0.035411957651376724,0.035411957651376724,0.035411957651376724,0.037820979952812195,0.03543589264154434,0.03857279568910599,0.035411957651376724,0.035411957651376724,0.042536649852991104,0.035411957651376724,0.035411957651376724,0.035411957651376724,0.035411957651376724,0.035411957651376724,0.03892098367214203,0.035411957651376724,0.03765033930540085
2017-08-16,0.03992341458797455,0.03548980504274368,0.04499708488583565,0.03548980504274368,0.037849437445402145,0.03548980504274368,0.03548980504274368,0.03548980504274368,0.04048120230436325,0.03923296183347702,0.03548980504274368,0.03548980504274368,0.03548980504274368,0.03712739795446396,0.035637255758047104,0.037844229489564896,0.03548980504274368,0.03548980504274368,0.042409107089042664,0.03548980504274368,0.03548980504274368,0.03548980504274368,0.03548980504274368,0.03548980504274368,0.03911494091153145,0.03548980504274368,0.03754609078168869
2017-08-17,0.040306299924850464,0.035430822521448135,0.04497548192739487,0.035430822521448135,0.03790028393268585,0.035430822521448135,0.035430822521448135,0.035430822521448135,0.04053276777267456,0.039285507053136826,0.035430822521448135,0.035430822521448135,0.035430822521448135,0.037443120032548904,0.035430822521448135,0.037775829434394836,0.035430822521448135,0.035430822521448135,0.04250675067305565,0.035430822521448135,0.035430822521448135,0.035430822521448135,0.035430822521448135,0.035430822521448135,0.039385076612234116,0.035430822521448135,0.03756488114595413
2017-08-18,0.04100315272808075,0.0353228896856308,0.04692494869232178,0.0353228896856308,0.03802927955985069,0.0353228896856308,0.0353228896856308,0.0353228896856308,0.04155813530087471,0.040278103202581406,0.0353228896856308,0.0353228896856308,0.0353228896856308,0.03670287877321243,0.0353228896856308,0.03729332983493805,0.0353228896856308,0.0353228896856308,0.04121440276503563,0.0353228896856308,0.0353228896856308,0.0353228896856308,0.035586051642894745,0.0353228896856308,0.03871583938598633,0.0353228896856308,0.03752759099006653
2017-08-21,0.039927348494529724,0.035329028964042664,0.04760363698005676,0.035329028964042664,0.037797193974256516,0.035329028964042664,0.035329028964042664,0.035329028964042664,0.04354173690080643,0.039972372353076935,0.035329028964042664,0.035409796983003616,0.03550085425376892,0.03625308349728584,0.035329028964042664,0.03722413256764412,0.035329028964042664,0.035329028964042664,0.03980734944343567,0.035329028964042664,0.035329028964042664,0.035329028964042664,0.03704376518726349,0.035329028964042664,0.03755147382616997,0.035329028964042664,0.0377608984708786
2017-08-22,0.04026181623339653,0.03531889617443085,0.04755097255110741,0.03531889617443085,0.038152024149894714,0.03531889617443085,0.03531889617443085,0.03531889617443085,0.04340904951095581,0.04018913581967354,0.03531889617443085,0.03531889617443085,0.03566709905862808,0.03599226474761963,0.03531889617443085,0.03711680695414543,0.03531889617443085,0.03531889617443085,0.039898935705423355,0.03531889617443085,0.03531889617443085,0.03531889617443085,0.036948710680007935,0.03531889617443085,0.03747119754552841,0.03531889617443085,0.037558555603027344
2017-08-23,0.04129177704453468,0.035299938172101974,0.04739198088645935,0.035299938172101974,0.03789662569761276,0.035299938172101974,0.035299938172101974,0.035299938172101974,0.0422254242002964,0.04005007818341255,0.035299938172101974,0.035299938172101974,0.035299938172101974,0.03604567423462868,0.035299938172101974,0.03732476010918617,0.035299938172101974,0.035299938172101974,0.040799569338560104,0.035299938172101974,0.035299938172101974,0.035299938172101974,0.03550083935260773,0.035299938172101974,0.0386994332075119,0.035299938172101974,0.03797487914562225
2017-08-24,0.041018299758434296,0.035314153879880905,0.04779667407274246,0.035314153879880905,0.037849705666303635,0.035314153879880905,0.035314153879880905,0.035314153879880905,0.042532701045274734,0.040025945752859116,0.035314153879880905,0.035314153879880905,0.035314153879880905,0.03578832000494003,0.035314153879880905,0.03760591149330139,0.035314153879880905,0.035314153879880905,0.04048965871334076,0.035314153879880905,0.035314153879880905,0.035314153879880905,0.0356474444270134,0.035314153879880905,0.03834240883588791,0.035314153879880905,0.037876442074775696
2017-08-25,0.04114213585853577,0.035403359681367874,0.0475204773247242,0.035403359681367874,0.03810728341341019,0.035403359681367874,0.035403359681367874,0.035403359681367874,0.042296960949897766,0.03968751057982445,0.035403359681367874,0.035403359681367874,0.035403359681367874,0.035403359681367874,0.0355525016784668,0.037371307611465454,0.035403359681367874,0.035403359681367874,0.040562406182289124,0.035403359681367874,0.035403359681367874,0.035403359681367874,0.035568539053201675,0.035403359681367874,0.03811825439333916,0.035403359681367874,0.037618812173604965
2017-08-28,0.040787264704704285,0.03540484607219696,0.047646332532167435,0.03540484607219696,0.03789771348237991,0.03540484607219696,0.03540484607219696,0.03540484607219696,0.0423365980386734,0.039188649505376816,0.03540484607219696,0.03540484607219696,0.03540484607219696,0.03540697321295738,0.03576551005244255,0.03762359544634819,0.03540484607219696,0.03540484607219696,0.04075932502746582,0.03540484607219696,0.03540484607219696,0.03540484607219696,0.035679809749126434,0.03540484607219696,0.038384124636650085,0.03540484607219696,0.03745148703455925
2017-08-29,0.04099644348025322,0.035427991300821304,0.04668518528342247,0.035427991300821304,0.03804004564881325,0.035427991300821304,0.035427991300821304,0.035427991300821304,0.042460113763809204,0.03888295218348503,0.035427991300821304,0.035427991300821304,0.035427991300821304,0.03576013073325157,0.03608957305550575,0.037864577025175095,0.035427991300821304,0.035427991300821304,0.04090382531285286,0.035427991300821304,0.035427991300821304,0.035427991300821304,0.035427991300821304,0.035427991300821304,0.03813297674059868,0.035427991300821304,0.037336308509111404
2017-08-30,0.0409659743309021,0.03545328602194786,0.04706350713968277,0.03545328602194786,0.03785176947712898,0.03545328602194786,0.03545328602194786,0.03545328602194786,0.042254023253917694,0.03853880986571312,0.03545328602194786,0.03545328602194786,0.03545328602194786,0.03545328602194786,0.0368683822453022,0.03787752985954285,0.03545328602194786,0.03545328602194786,0.04052349179983139,0.03545328602194786,0.03545328602194786,0.03545328602194786,0.03545328602194786,0.03545328602194786,0.03775360807776451,0.03545328602194786,0.037597037851810455
2017-08-31,0.0411367304623127,0.03543499484658241,0.047279611229896545,0.03543499484658241,0.03749845549464226,0.03543499484658241,0.03543499484658241,0.03543499484658241,0.04199155792593956,0.03835020586848259,0.03543499484658241,0.03543499484658241,0.03543499484658241,0.03543499484658241,0.0371207669377327,0.038009192794561386,0.03543499484658241,0.03543499484658241,0.04035399109125137,0.03543499484658241,0.03543499484658241,0.03543499484658241,0.03543499484658241,0.03543499484658241,0.03800142928957939,0.03543499484658241,0.03786320984363556
2017-09-01,0.04119639843702316,0.035469409078359604,0.046574145555496216,0.035469409078359604,0.037927888333797455,0.035469409078359604,0.035469409078359604,0.035469409078359604,0.04082084819674492,0.0379582904279232,0.035469409078359604,0.035469409078359604,0.035469409078359604,0.035469409078359604,0.037677593529224396,0.038506899029016495,0.035469409078359604,0.035469409078359604,0.04107484593987465,0.035469409078359604,0.035469409078359604,0.035469409078359604,0.035469409078359604,0.035469409078359604,0.03773116320371628,0.035469409078359604,0.03755200281739235
2017-09-05,0.04108020290732384,0.03549094498157501,0.04631010442972183,0.03549094498157501,0.038061343133449554,0.03549094498157501,0.03549094498157501,0.03549094498157501,0.04030640050768852,0.03772346302866936,0.03549094498157501,0.03549094498157501,0.03549094498157501,0.03549094498157501,0.038021519780159,0.03854602947831154,0.03549094498157501,0.03549094498157501,0.04137089103460312,0.03549094498157501,0.03549094498157501,0.03549094498157501,0.03549094498157501,0.03549094498157501,0.03783320263028145,0.03549094498157501,0.0374007523059845
2017-09-06,0.0399806834757328,0.03547442704439163,0.04831855744123459,0.03547442704439163,0.037190090864896774,0.03547442704439163,0.03547442704439163,0.03547442704439163,0.04349416494369507,0.03743996471166611,0.03547442704439163,0.03547442704439163,0.03547442704439163,0.03547442704439163,0.03750090301036835,0.038187503814697266,0.03547442704439163,0.03547442704439163,0.03978204354643822,0.03547442704439163,0.03547442704439163,0.03547442704439163,0.0357903391122818,0.03547442704439163,0.037506431341171265,0.03547442704439163,0.03721849247813225
2017-09-07,0.03981533274054527,0.03546123951673508,0.04790046066045761,0.03546123951673508,0.037002597004175186,0.03546123951673508,0.03546123951673508,0.03546123951673508,0.04447171092033386,0.03721952065825462,0.03546123951673508,0.03546123951673508,0.03546123951673508,0.036082468926906586,0.03546123951673508,0.03873507305979729,0.03546123951673508,0.03546123951673508,0.04060206562280655,0.03546123951673508,0.03546123951673508,0.03546123951673508,0.03685351833701134,0.03546123951673508,0.03827446699142456,0.03546123951673508,0.03566303104162216
2017-09-08,0.040207162499427795,0.03543645888566971,0.046701669692993164,0.03543645888566971,0.0377424880862236,0.03543645888566971,0.03543645888566971,0.03543645888566971,0.044790782034397125,0.03839698061347008,0.03543645888566971,0.03543645888566971,0.03579326719045639,0.03625486418604851,0.03543645888566971,0.03786585479974747,0.03543645888566971,0.03543645888566971,0.04079610854387283,0.03543645888566971,0.03543645888566971,0.03543645888566971,0.03669453039765358,0.03543645888566971,0.03777295723557472,0.03543645888566971,0.03543645888566971
2017-09-11,0.04146265983581543,0.03530549257993698,0.046658456325531006,0.03530549257993698,0.03849136829376221,0.03530549257993698,0.03530549257993698,0.03530549257993698,0.04470786824822426,0.03961481153964996,0.03530549257993698,0.03554299473762512,0.036284562200307846,0.03600006923079491,0.03530549257993698,0.03703447803854942,0.03530549257993698,0.03530549257993698,0.040464382618665695,0.03530549257993698,0.03530549257993698,0.03530549257993698,0.0363091416656971,0.03530549257993698,0.03784681484103203,0.03530549257993698,0.03530549257993698
2017-09-12,0.04187539592385292,0.035452958196401596,0.04708796739578247,0.035452958196401596,0.0382145531475544,0.035452958196401596,0.035452958196401596,0.035452958196401596,0.04064581170678139,0.038602858781814575,0.035452958196401596,0.035452958196401596,0.035452958196401596,0.035635363310575485,0.035452958196401596,0.038396187126636505,0.035452958196401596,0.03573209047317505,0.041774772107601166,0.035452958196401596,0.035452958196401596,0.035452958196401596,0.035452958196401596,0.035452958196401596,0.03913726657629013,0.035452958196401596,0.03565036877989769
2017-09-13,0.04022365063428879,0.03525790572166443,0.045992232859134674,0.03525790572166443,0.036901067942380905,0.03525790572166443,0.03525790572166443,0.03525790572166443,0.04148436710238457,0.03697831928730011,0.03525790572166443,0.03525790572166443,0.03525790572166443,0.03837374225258827,0.03525790572166443,0.04033540561795235,0.03525790572166443,0.03525790572166443,0.04387436807155609,0.03525790572166443,0.03525790572166443,0.03525790572166443,0.03612233325839043,0.03525790572166443,0.040330082178115845,0.03525790572166443,0.03525790572166443
2017-09-14,0.03933509439229965,0.03523172438144684,0.04555458575487137,0.03523172438144684,0.0365108996629715,0.03523172438144684,0.03523172438144684,0.03523172438144684,0.04202316701412201,0.03640966862440109,0.03523172438144684,0.03523172438144684,0.03523172438144684,0.039109837263822556,0.03523172438144684,0.040589459240436554,0.03523172438144684,0.03523172438144684,0.04420434311032295,0.03523172438144684,0.03523172438144684,0.03523172438144684,0.03716753423213959,0.03523172438144684,0.040156133472919464,0.03523172438144684,0.03523172438144684
2017-09-15,0.04007503017783165,0.03518778085708618,0.04489998519420624,0.03518778085708618,0.03636074438691139,0.03518778085708618,0.03518778085708618,0.03518778085708618,0.04145481809973717,0.0361381471157074,0.03518778085708618,0.03518778085708618,0.03518778085708618,0.03956654295325279,0.03518778085708618,0.04103631526231766,0.03518778085708618,0.03518778085708618,0.04473745822906494,0.03518778085708618,0.03518778085708618,0.03518778085708618,0.03660058230161667,0.03518778085708618,0.040938086807727814,0.03518778085708618,0.03518778085708618
2017-09-18,0.040753379464149475,0.03530515730381012,0.045485347509384155,0.03530515730381012,0.037112895399332047,0.03530515730381012,0.03530515730381012,0.03530515730381012,0.039347048848867416,0.03588476404547691,0.03530515730381012,0.03530515730381012,0.03530515730381012,0.03826690837740898,0.03543437644839287,0.04119579493999481,0.03530515730381012,0.03563658893108368,0.04509199410676956,0.03530515730381012,0.03530515730381012,0.03530515730381012,0.03570761904120445,0.03530515730381012,0.04050595313310623,0.03530515730381012,0.03530515730381012
2017-09-19,0.04044795781373978,0.035319071263074875,0.04559639096260071,0.035319071263074875,0.03699316829442978,0.035319071263074875,0.035319071263074875,0.035319071263074875,0.039083968847990036,0.035741303116083145,0.035319071263074875,0.035319071263074875,0.035319071263074875,0.03760002180933952,0.03589315339922905,0.040975749492645264,0.035319071263074875,0.0359128974378109,0.04484791308641434,0.035319071263074875,0.035319071263074875,0.035319071263074875,0.035839322954416275,0.035319071263074875,0.040552906692028046,0.035319071263074875,0.03604822978377342
2017-09-20,0.039154332131147385,0.03538896515965462,0.04446575045585632,0.03538896515965462,0.036993201822042465,0.03538896515965462,0.03548591956496239,0.03538896515965462,0.039038900285959244,0.035620175302028656,0.03538896515965462,0.03538896515965462,0.03538896515965462,0.038035910576581955,0.03538896515965462,0.040354665368795395,0.03538896515965462,0.03606175631284714,0.04454920068383217,0.03538896515965462,0.03538896515965462,0.03538896515965462,0.037431810051202774,0.03538896515965462,0.04111700877547264,0.03538896515965462,0.036245860159397125
2017-09-21,0.03870740160346031,0.0353783443570137,0.04304550215601921,0.0353783443570137,0.03906003758311272,0.0353783443570137,0.037198055535554886,0.0353783443570137,0.03922683745622635,0.03586723655462265,0.0353783443570137,0.0353783443570137,0.0353783443570137,0.038645774126052856,0.0353783443570137,0.03841790184378624,0.0353783443570137,0.035410620272159576,0.044872354716062546,0.0353783443570137,0.0353783443570137,0.0353783443570137,0.03870367258787155,0.0353783443570137,0.04016938805580139,0.0353783443570137,0.0353783443570137
2017-09-22,0.03946980834007263,0.035789284855127335,0.04460291564464569,0.03546048700809479,0.040304772555828094,0.03546048700809479,0.03579702973365784,0.03546048700809479,0.03985156863927841,0.03633534535765648,0.03546048700809479,0.03546048700809479,0.03546048700809479,0.03632829338312149,0.03546048700809479,0.037885330617427826,0.0358022078871727,0.03558356687426567,0.04343108460307121,0.03546048700809479,0.03546048700809479,0.03546048700809479,0.03851191699504852,0.03546048700809479,0.03932048752903938,0.03546048700809479,0.03546048700809479
2017-09-25,0.03868051618337631,0.035703763365745544,0.04499449580907822,0.035566702485084534,0.040275320410728455,0.035566702485084534,0.035876210778951645,0.035566702485084534,0.03983169421553612,0.0360744334757328,0.035566702485084534,0.035566702485084534,0.035566702485084534,0.035566702485084534,0.035566702485084534,0.0373535118997097,0.03738494589924812,0.035896044224500656,0.042142197489738464,0.035566702485084534,0.035566702485084534,0.035566702485084534,0.0392242930829525,0.035566702485084534,0.038628678768873215,0.035566702485084534,0.035566702485084534
2017-09-26,0.03769794851541519,0.03639876842498779,0.042698461562395096,0.03540869802236557,0.03923012688755989,0.03540869802236557,0.03628066927194595,0.03540869802236557,0.04138283059000969,0.03540869802236557,0.03540869802236557,0.03540869802236557,0.03540869802236557,0.03745030611753464,0.03540869802236557,0.03878093510866165,0.03751351684331894,0.03540869802236557,0.042750753462314606,0.03540869802236557,0.03540869802236557,0.03540869802236557,0.040212035179138184,0.03540869802236557,0.03847324475646019,0.03540869802236557,0.03540869802236557
2017-09-27,0.037623535841703415,0.03627868369221687,0.04296824336051941,0.03538529947400093,0.038296278566122055,0.03538529947400093,0.035647351294755936,0.03538529947400093,0.042786337435245514,0.03538529947400093,0.03538529947400093,0.03538529947400093,0.03538529947400093,0.03790837898850441,0.03538529947400093,0.03883206844329834,0.037396710366010666,0.03538529947400093,0.042508676648139954,0.03538529947400093,0.03538529947400093,0.03538529947400093,0.04021437093615532,0.03538529947400093,0.03875993192195892,0.03538529947400093,0.03538529947400093
2017-09-28,0.03834144398570061,0.03559860587120056,0.04486256092786789,0.03543626517057419,0.038747917860746384,0.03543626517057419,0.03543626517057419,0.03543626517057419,0.04551149532198906,0.035807643085718155,0.03543626517057419,0.03543626517057419,0.036954235285520554,0.035982947796583176,0.03543626517057419,0.03773990646004677,0.036832187324762344,0.03543626517057419,0.039722319692373276,0.03543626517057419,0.03543626517057419,0.03543626517057419,0.040293704718351364,0.03543626517057419,0.03749734163284302,0.03543626517057419,0.03543626517057419
2017-09-29,0.03873703256249428,0.03597968444228172,0.044622745364904404,0.0354398638010025,0.03864339366555214,0.0354398638010025,0.0354398638010025,0.0354398638010025,0.045343849807977676,0.03638772666454315,0.0354398638010025,0.0354398638010025,0.03632371500134468,0.03614388406276703,0.0354398638010025,0.03766509145498276,0.03588726371526718,0.0354398638010025,0.04025006294250488,0.0354398638010025,0.0354398638010025,0.0354398638010025,0.03982989490032196,0.0354398638010025,0.038027580827474594,0.0354398638010025,0.0354398638010025
2017-10-02,0.03896631300449371,0.03577408939599991,0.04452711343765259,0.03549958020448685,0.038732390850782394,0.03549958020448685,0.03549958020448685,0.03549958020448685,0.04502279683947563,0.03626351058483124,0.03549958020448685,0.03549958020448685,0.03627961128950119,0.03598619997501373,0.03549958020448685,0.03769676387310028,0.03571273013949394,0.03549958020448685,0.04005802422761917,0.03549958020448685,0.03549958020448685,0.03549958020448685,0.03990344703197479,0.03549958020448685,0.03808288276195526,0.03549958020448685,0.03549958020448685
2017-10-03,0.03969758003950119,0.035924773663282394,0.04324796423316002,0.035495348274707794,0.0381501168012619,0.035495348274707794,0.035495348274707794,0.035495348274707794,0.043628666549921036,0.035495348274707794,0.035495348274707794,0.035495348274707794,0.035495348274707794,0.036664579063653946,0.035495348274707794,0.03826165571808815,0.035495348274707794,0.035495348274707794,0.041155725717544556,0.035495348274707794,0.035495348274707794,0.035495348274707794,0.039856016635894775,0.035495348274707794,0.039992015808820724,0.035495348274707794,0.035495348274707794
2017-10-04,0.039660174399614334,0.035656195133924484,0.04298821836709976,0.03552022948861122,0.037991996854543686,0.03552022948861122,0.03597235307097435,0.03552022948861122,0.042599789798259735,0.03552022948861122,0.03552022948861122,0.03552022948861122,0.03552022948861122,0.03644709289073944,0.03552022948861122,0.03839952498674393,0.03552022948861122,0.03552022948861122,0.04157530516386032,0.03552022948861122,0.03552022948861122,0.03552022948861122,0.039921943098306656,0.03552022948861122,0.040463730692863464,0.03552022948861122,0.03552022948861122
2017-10-05,0.03963354974985123,0.03554602339863777,0.042649298906326294,0.03554602339863777,0.03783586621284485,0.03554602339863777,0.036223117262125015,0.03554602339863777,0.04135081544518471,0.03554602339863777,0.03554602339863777,0.03554602339863777,0.03554602339863777,0.03671179711818695,0.03554602339863777,0.03887539729475975,0.03554602339863777,0.03556032478809357,0.04246954247355461,0.03554602339863777,0.03554602339863777,0.03554602339863777,0.03964795917272568,0.03554602339863777,0.0403059720993042,0.03554602339863777,0.03554602339863777
2017-10-06,0.039796940982341766,0.03555254638195038,0.042816877365112305,0.03555254638195038,0.03770967572927475,0.03555254638195038,0.036217235028743744,0.03555254638195038,0.04155687242746353,0.03555254638195038,0.03555254638195038,0.03555254638195038,0.03555254638195038,0.03648066520690918,0.03555254638195038,0.03820861876010895,0.03555254638195038,0.035894352942705154,0.042299699038267136,0.03555254638195038,0.03555254638195038,0.03555254638195038,0.03922928124666214,0.03555254638195038,0.04094907268881798,0.03555254638195038,0.03555254638195038
2017-10-09,0.040591347962617874,0.03554558753967285,0.04356241971254349,0.03554558753967285,0.037878621369600296,0.03554558753967285,0.03554558753967285,0.03554558753967285,0.04172808304429054,0.03554558753967285,0.03554558753967285,0.03554558753967285,0.03554558753967285,0.03607740253210068,0.03554558753967285,0.0376700833439827,0.03554558753967285,0.036137305200099945,0.04216055944561958,0.03554558753967285,0.03554558753967285,0.03554558753967285,0.038756243884563446,0.03554558753967285,0.04116291180253029,0.03554558753967285,0.03554558753967285
2017-10-10,0.04088248312473297,0.03553440049290657,0.04376713186502457,0.03553440049290657,0.03814185783267021,0.03553440049290657,0.03553440049290657,0.03553440049290657,0.04200707748532295,0.03553963452577591,0.03553440049290657,0.03553440049290657,0.03553440049290657,0.03603846952319145,0.03553440049290657,0.03758714720606804,0.03553440049290657,0.03622668981552124,0.04195624589920044,0.03553440049290657,0.03553440049290657,0.03553440049290657,0.03825994208455086,0.03553440049290657,0.04104289412498474,0.03553440049290657,0.03553440049290657
2017-10-11,0.04064314067363739,0.03598489984869957,0.04308398440480232,0.03547026589512825,0.038363099098205566,0.03547026589512825,0.03547026589512825,0.03547026589512825,0.04171980172395706,0.036480553448200226,0.03547026589512825,0.03547026589512825,0.03547026589512825,0.03642740845680237,0.03547026589512825,0.03754423186182976,0.03547026589512825,0.035470928996801376,0.042712997645139694,0.03547026589512825,0.03547026589512825,0.03547026589512825,0.03822983801364899,0.0354868583381176,0.041268475353717804,0.03547026589512825,0.03547026589512825
2017-10-12,0.04148859530687332,0.03543438762426376,0.04412304237484932,0.035404033958911896,0.0390685610473156,0.035404033958911896,0.035404033958911896,0.035404033958911896,0.041895244270563126,0.03739149495959282,0.035404033958911896,0.035404033958911896,0.035404033958911896,0.03599437326192856,0.035404033958911896,0.03745647147297859,0.035404033958911896,0.03543689474463463,0.0427122563123703,0.035404033958911896,0.035404033958911896,0.035404033958911896,0.037222374230623245,0.035404033958911896,0.040715739130973816,0.035404033958911896,0.035404033958911896
2017-10-13,0.041717756539583206,0.0353589691221714,0.04582870379090309,0.0353589691221714,0.038898248225450516,0.0353589691221714,0.0353589691221714,0.0353589691221714,0.041634052991867065,0.03843913599848747,0.0353589691221714,0.0353589691221714,0.0353589691221714,0.0353589691221714,0.0353589691221714,0.03714136779308319,0.0353589691221714,0.035788558423519135,0.0424971766769886,0.0353589691221714,0.0353589691221714,0.0353589691221714,0.03642278164625168,0.0353589691221714,0.04040813073515892,0.0353589691221714,0.03548051416873932
2017-10-16,0.04107382893562317,0.03541969880461693,0.04667774215340614,0.03541969880461693,0.03783579170703888,0.03541969880461693,0.03541969880461693,0.03541969880461693,0.04101816192269325,0.037707213312387466,0.03541969880461693,0.03541969880461693,0.03541969880461693,0.03541969880461693,0.03541969880461693,0.037139855325222015,0.03541969880461693,0.03678879886865616,0.04182629659771919,0.03541969880461693,0.03541969880461693,0.03541969880461693,0.03631061315536499,0.03541969880461693,0.040022287517786026,0.03541969880461693,0.03688421472907066
2017-10-17,0.038992609828710556,0.035523898899555206,0.0470806285738945,0.035523898899555206,0.037393718957901,0.035523898899555206,0.035523898899555206,0.035523898899555206,0.04119653254747391,0.037094391882419586,0.035523898899555206,0.035523898899555206,0.035523898899555206,0.035523898899555206,0.035537559539079666,0.03718537092208862,0.035814542323350906,0.03696128726005554,0.04141668230295181,0.035523898899555206,0.035523898899555206,0.035523898899555206,0.037636563181877136,0.035523898899555206,0.04000158980488777,0.035523898899555206,0.03635399416089058
2017-10-18,0.039901603013277054,0.035430341958999634,0.04554629325866699,0.035430341958999634,0.03803111985325813,0.035430341958999634,0.035430341958999634,0.035430341958999634,0.04059286788105965,0.03659755736589432,0.035430341958999634,0.035430341958999634,0.035430341958999634,0.035978469997644424,0.03609733283519745,0.03958217054605484,0.035430341958999634,0.035741329193115234,0.04400663822889328,0.035430341958999634,0.035430341958999634,0.035430341958999634,0.036525558680295944,0.035430341958999634,0.0399438701570034,0.035430341958999634,0.035430341958999634
2017-10-19,0.040327996015548706,0.03534291684627533,0.04426492750644684,0.03534291684627533,0.03732647746801376,0.03534291684627533,0.03560762479901314,0.03534291684627533,0.040079984813928604,0.03534291684627533,0.03534291684627533,0.03534291684627533,0.03534291684627533,0.03714589402079582,0.03534291684627533,0.03968674689531326,0.03534291684627533,0.03607793152332306,0.045234259217977524,0.03534291684627533,0.03534291684627533,0.03534291684627533,0.037353407591581345,0.03534291684627533,0.04140802100300789,0.03534291684627533,0.03534291684627533
2017-10-20,0.040135208517313004,0.03535909205675125,0.0439487025141716,0.03535909205675125,0.03803417086601257,0.03535909205675125,0.0365137904882431,0.03535909205675125,0.03832787647843361,0.03535909205675125,0.03535909205675125,0.03535909205675125,0.03535909205675125,0.03628779947757721,0.03535909205675125,0.03945625573396683,0.03535909205675125,0.03674095496535301,0.045273058116436005,0.03535909205675125,0.03535909205675125,0.03535909205675125,0.038297805935144424,0.03535909205675125,0.041238877922296524,0.03535909205675125,0.03535909205675125
2017-10-23,0.04061511531472206,0.035472456365823746,0.04598257318139076,0.035472456365823746,0.03874530270695686,0.035472456365823746,0.035472456365823746,0.035472456365823746,0.038357898592948914,0.03610859811306,0.035472456365823746,0.035472456365823746,0.035472456365823746,0.035472456365823746,0.03695763647556305,0.03830667585134506,0.035472456365823746,0.03717346861958504,0.043495893478393555,0.035472456365823746,0.035472456365823746,0.035472456365823746,0.03683152049779892,0.035472456365823746,0.03986598923802376,0.035472456365823746,0.035472456365823746
2017-10-24,0.04052739962935448,0.03544187918305397,0.046201467514038086,0.03544187918305397,0.03768862783908844,0.03544187918305397,0.03544187918305397,0.03544187918305397,0.03953178972005844,0.03626576066017151,0.03544187918305397,0.03544187918305397,0.03544187918305397,0.03544187918305397,0.03714332357048988,0.03914013132452965,0.03544187918305397,0.03646950423717499,0.04337186738848686,0.03544187918305397,0.03544187918305397,0.03544187918305397,0.03607046976685524,0.03544187918305397,0.04017573222517967,0.03544187918305397,0.0357857346534729
2017-10-25,0.04016336798667908,0.035423554480075836,0.04636950045824051,0.035423554480075836,0.03779786080121994,0.035423554480075836,0.035423554480075836,0.035423554480075836,0.037879109382629395,0.03646280989050865,0.035423554480075836,0.035423554480075836,0.035423554480075836,0.035423554480075836,0.03990606591105461,0.03832313418388367,0.035423554480075836,0.0366986021399498,0.04204077273607254,0.035423554480075836,0.035423554480075836,0.035423554480075836,0.035423554480075836,0.035423554480075836,0.039344485849142075,0.035423554480075836,0.03823741152882576
2017-10-26,0.04020136594772339,0.03532158210873604,0.04695788025856018,0.03532158210873604,0.0373452827334404,0.03532158210873604,0.03532158210873604,0.03532158210873604,0.03979506343603134,0.03772437945008278,0.03532158210873604,0.03532158210873604,0.03532158210873604,0.03532158210873604,0.03929225355386734,0.03785625472664833,0.03532158210873604,0.0365518219769001,0.041166357696056366,0.03532158210873604,0.03532158210873604,0.03532158210873604,0.03532158210873604,0.03532158210873604,0.039859578013420105,0.03532158210873604,0.038104478269815445
2017-10-27,0.040216296911239624,0.03527187183499336,0.04704649746417999,0.03527187183499336,0.03684984892606735,0.03527187183499336,0.03527187183499336,0.03527187183499336,0.03944415599107742,0.03754540532827377,0.03527187183499336,0.03527187183499336,0.03527187183499336,0.03527187183499336,0.03989272564649582,0.03827950358390808,0.03527187183499336,0.037133991718292236,0.040871813893318176,0.03527187183499336,0.03527187183499336,0.03527187183499336,0.03527187183499336,0.03527187183499336,0.04009658470749855,0.03527187183499336,0.038273271173238754
2017-10-30,0.04048825800418854,0.035190749913454056,0.046525031328201294,0.035190749913454056,0.0363069511950016,0.035190749913454056,0.035190749913454056,0.035381387919187546,0.03959077224135399,0.038489196449518204,0.035190749913454056,0.035190749913454056,0.035190749913454056,0.035190749913454056,0.039007969200611115,0.039158985018730164,0.035190749913454056,0.036437831819057465,0.040966592729091644,0.035190749913454056,0.035190749913454056,0.035190749913454056,0.035190749913454056,0.035190749913454056,0.04085143283009529,0.035190749913454056,0.038934338837862015
2017-10-31,0.04097456485033035,0.03511843830347061,0.04684910550713539,0.03511843830347061,0.03624420240521431,0.03511843830347061,0.03511843830347061,0.03511843830347061,0.040532756596803665,0.03870878741145134,0.03511843830347061,0.03511843830347061,0.03511843830347061,0.03511843830347061,0.03889327868819237,0.039241690188646317,0.03511843830347061,0.036089323461055756,0.041035812348127365,0.03511843830347061,0.03511843830347061,0.03511843830347061,0.03511843830347061,0.03511843830347061,0.04110550507903099,0.03511843830347061,0.03842993825674057
2017-11-01,0.041157886385917664,0.035126131027936935,0.046697817742824554,0.035126131027936935,0.03619859367609024,0.035126131027936935,0.035126131027936935,0.035126131027936935,0.040184032171964645,0.03846157714724541,0.035126131027936935,0.035126131027936935,0.035126131027936935,0.035126131027936935,0.03869514912366867,0.03912408649921417,0.035126131027936935,0.036514922976493835,0.041393257677555084,0.035126131027936935,0.035126131027936935,0.035126131027936935,0.035126131027936935,0.035126131027936935,0.041482679545879364,0.035126131027936935,0.0380718857049942
2017-11-02,0.0412408709526062,0.03517268970608711,0.0457039512693882,0.03517268970608711,0.036156415939331055,0.03517268970608711,0.03517268970608711,0.03517268970608711,0.04024934023618698,0.03834264725446701,0.03517268970608711,0.03517268970608711,0.03517268970608711,0.03517268970608711,0.03875790536403656,0.03909352421760559,0.03517268970608711,0.03632142394781113,0.041712723672389984,0.03517268970608711,0.03517268970608711,0.03517268970608711,0.03517268970608711,0.03517268970608711,0.041799258440732956,0.03517268970608711,0.03785887360572815
2017-11-03,0.042182229459285736,0.035084862262010574,0.04619624465703964,0.035084862262010574,0.03664659708738327,0.035084862262010574,0.035084862262010574,0.035084862262010574,0.038953591138124466,0.03807203844189644,0.035084862262010574,0.035084862262010574,0.035084862262010574,0.035084862262010574,0.039622530341148376,0.03881041705608368,0.035084862262010574,0.03685411810874939,0.04161546379327774,0.035084862262010574,0.035084862262010574,0.035084862262010574,0.035084862262010574,0.035084862262010574,0.04154215008020401,0.035084862262010574,0.03814688324928284
2017-11-06,0.04179275780916214,0.03513376787304878,0.045996956527233124,0.03513376787304878,0.03668255731463432,0.03513376787304878,0.03513376787304878,0.035398922860622406,0.03909362852573395,0.03780360147356987,0.03513376787304878,0.03513376787304878,0.03513376787304878,0.03513376787304878,0.040134984999895096,0.038871850818395615,0.03513376787304878,0.036584995687007904,0.04132319986820221,0.03513376787304878,0.03513376787304878,0.03513376787304878,0.03513376787304878,0.03513376787304878,0.040877483785152435,0.03513376787304878,0.03843260928988457
2017-11-07,0.04272445663809776,0.0350702628493309,0.04670265316963196,0.0350702628493309,0.03789772093296051,0.0350702628493309,0.0350702628493309,0.03589436039328575,0.03764210641384125,0.037432849407196045,0.0350702628493309,0.0350702628493309,0.0350702628493309,0.0350702628493309,0.04087880998849869,0.038550399243831635,0.0350702628493309,0.03733186796307564,0.040615204721689224,0.0350702628493309,0.0350702628493309,0.0350702628493309,0.0350702628493309,0.0350702628493309,0.03946558013558388,0.0350702628493309,0.03881010785698891
2017-11-08,0.04302879050374031,0.03510114178061485,0.047123756259679794,0.03510114178061485,0.03825797140598297,0.03510114178061485,0.03510114178061485,0.036007385700941086,0.03698777034878731,0.03707136958837509,0.03510114178061485,0.03510114178061485,0.03510114178061485,0.03510114178061485,0.04100940376520157,0.03893642872571945,0.03510114178061485,0.037300266325473785,0.040563639253377914,0.03510114178061485,0.03510114178061485,0.03510114178061485,0.03510114178061485,0.03510114178061485,0.03846628591418266,0.03510114178061485,0.038729749619960785
2017-11-09,0.043026551604270935,0.03507547453045845,0.04724280908703804,0.03507547453045845,0.038341913372278214,0.03507547453045845,0.03507547453045845,0.03596259653568268,0.03711856156587601,0.036986202001571655,0.03507547453045845,0.03507547453045845,0.03507547453045845,0.03507547453045845,0.04134683310985565,0.038782570511102676,0.03507547453045845,0.03745846077799797,0.04053011164069176,0.03507547453045845,0.03507547453045845,0.03507547453045845,0.03507547453045845,0.03507547453045845,0.03850500285625458,0.03507547453045845,0.03856625407934189
2017-11-10,0.04316559061408043,0.03515269607305527,0.04668315500020981,0.03515269607305527,0.03813678026199341,0.03515269607305527,0.03515269607305527,0.035621415823698044,0.03822001442313194,0.03682764247059822,0.03515269607305527,0.03515269607305527,0.03515269607305527,0.03515269607305527,0.040616121143102646,0.04001900926232338,0.03515269607305527,0.036571331322193146,0.04120570048689842,0.03515269607305527,0.03515269607305527,0.03515269607305527,0.03515269607305527,0.03515269607305527,0.038749001920223236,0.03515269607305527,0.036893803626298904
2017-11-13,0.04287846386432648,0.03520728275179863,0.046704862266778946,0.03520728275179863,0.03822772949934006,0.03520728275179863,0.03520728275179863,0.03555907681584358,0.0386897511780262,0.03694465383887291,0.03520728275179863,0.03520728275179863,0.03520728275179863,0.03520728275179863,0.040388453751802444,0.04050981253385544,0.03520728275179863,0.03600497171282768,0.04121597483754158,0.03520728275179863,0.03520728275179863,0.03520728275179863,0.03520728275179863,0.03520728275179863,0.038557372987270355,0.03520728275179863,0.03620966523885727
2017-11-14,0.04274158179759979,0.0352022685110569,0.04671519249677658,0.0352022685110569,0.038778387010097504,0.0352022685110569,0.0352022685110569,0.03590923920273781,0.03823241591453552,0.037019092589616776,0.0352022685110569,0.0352022685110569,0.0352022685110569,0.0352022685110569,0.04145152494311333,0.03983507677912712,0.0352022685110569,0.036281559616327286,0.040866669267416,0.0352022685110569,0.0352022685110569,0.0352022685110569,0.0352022685110569,0.0352022685110569,0.038110870867967606,0.0352022685110569,0.0360243022441864
2017-11-15,0.04245038703083992,0.03520394116640091,0.04785844311118126,0.03520394116640091,0.03874831646680832,0.03520394116640091,0.03520394116640091,0.03546254336833954,0.03876491263508797,0.03735259547829628,0.03520394116640091,0.03520394116640091,0.03520394116640091,0.03520394116640091,0.04108010232448578,0.039390064775943756,0.03520394116640091,0.03664791211485863,0.04029132425785065,0.03520394116640091,0.03520394116640091,0.03520394116640091,0.03520394116640091,0.03520394116640091,0.037735626101493835,0.03520394116640091,0.03615862876176834
2017-11-16,0.0424458384513855,0.03525688871741295,0.04727734252810478,0.03525688871741295,0.03861821070313454,0.03525688871741295,0.03525688871741295,0.03525688871741295,0.040176138281822205,0.037941694259643555,0.03525688871741295,0.03525688871741295,0.03525688871741295,0.03525688871741295,0.0396842285990715,0.03936171531677246,0.03525688871741295,0.03620057925581932,0.0396866537630558,0.03525688871741295,0.03525688871741295,0.03525688871741295,0.03525688871741295,0.03525688871741295,0.03800021857023239,0.03525688871741295,0.03649722412228584
2017-11-17,0.04194996505975723,0.035372085869312286,0.045029837638139725,0.035372085869312286,0.03807170316576958,0.035372085869312286,0.035372085869312286,0.03584353253245354,0.041377365589141846,0.03836331143975258,0.035372085869312286,0.035372085869312286,0.035372085869312286,0.035372085869312286,0.03856336697936058,0.03885956108570099,0.035372085869312286,0.035372085869312286,0.03988835588097572,0.035372085869312286,0.035372085869312286,0.035372085869312286,0.035372085869312286,0.035372085869312286,0.03874906525015831,0.035372085869312286,0.03735055774450302
2017-11-20,0.041297949850559235,0.03539785370230675,0.04519571363925934,0.03539785370230675,0.03758493438363075,0.03539785370230675,0.03539785370230675,0.035528115928173065,0.043463513255119324,0.038151297718286514,0.03539785370230675,0.035947129130363464,0.03539785370230675,0.03539785370230675,0.03777393698692322,0.03889726102352142,0.03539785370230675,0.03539785370230675,0.03892019763588905,0.03539785370230675,0.03539785370230675,0.03539785370230675,0.03539785370230675,0.03539785370230675,0.03877115994691849,0.03539785370230675,0.03750103712081909
2017-11-21,0.040942996740341187,0.03542991727590561,0.04550408571958542,0.03542991727590561,0.036915894597768784,0.03542991727590561,0.03542991727590561,0.03542991727590561,0.043419092893600464,0.03794410452246666,0.03542991727590561,0.03569813445210457,0.03542991727590561,0.03542991727590561,0.03788229450583458,0.0388910211622715,0.03542991727590561,0.03542991727590561,0.038445618003606796,0.03542991727590561,0.03542991727590561,0.03542991727590561,0.03542991727590561,0.03542991727590561,0.0392342135310173,0.03542991727590561,0.03824380412697792
2017-11-22,0.041289374232292175,0.03539695590734482,0.045567408204078674,0.03539695590734482,0.03696782886981964,0.03539695590734482,0.03539695590734482,0.0358630046248436,0.04170452803373337,0.037633564323186874,0.03539695590734482,0.03539695590734482,0.03539695590734482,0.03539695590734482,0.03886132687330246,0.03864404559135437,0.03539695590734482,0.0355728343129158,0.03874841704964638,0.03539695590734482,0.03539695590734482,0.03539695590734482,0.03539695590734482,0.03539695590734482,0.039309170097112656,0.03539695590734482,0.03888419270515442
2017-11-24,0.0403023399412632,0.03549773991107941,0.0454949326813221,0.03549773991107941,0.03692761808633804,0.03549773991107941,0.03549773991107941,0.03565207123756409,0.042381931096315384,0.03745085373520851,0.03549773991107941,0.03549773991107941,0.03549773991107941,0.03549773991107941,0.038622669875621796,0.038700900971889496,0.03549773991107941,0.03549773991107941,0.03837926313281059,0.03549773991107941,0.03549773991107941,0.03549773991107941,0.03549773991107941,0.03549773991107941,0.03904895856976509,0.03606162965297699,0.038510750979185104
2017-11-27,0.0402255654335022,0.03549160808324814,0.045682549476623535,0.03549160808324814,0.037155862897634506,0.03549160808324814,0.03549160808324814,0.0357678085565567,0.04238564148545265,0.03716837242245674,0.03549160808324814,0.03549160808324814,0.03549160808324814,0.03549160808324814,0.03908272832632065,0.0386287160217762,0.03549160808324814,0.03549160808324814,0.03832564130425453,0.03549160808324814,0.03549160808324814,0.03549160808324814,0.03549160808324814,0.03549160808324814,0.038707420229911804,0.03608684986829758,0.03840881586074829
2017-11-28,0.0402546226978302,0.035543691366910934,0.04519544541835785,0.035543691366910934,0.03692581132054329,0.035543691366910934,0.035543691366910934,0.03580085560679436,0.0423356369137764,0.03700141981244087,0.035543691366910934,0.035543691366910934,0.035543691366910934,0.035543691366910934,0.03856109827756882,0.03879949823021889,0.035543691366910934,0.035543691366910934,0.03832913562655449,0.035543691366910934,0.035543691366910934,0.035543691366910934,0.035543691366910934,0.035543691366910934,0.038959987461566925,0.036164265125989914,0.03851690515875816
2017-11-29,0.040484458208084106,0.03557663410902023,0.044693030416965485,0.03557663410902023,0.03663431853055954,0.03557663410902023,0.03557663410902023,0.036091215908527374,0.04065968468785286,0.035923782736063004,0.03557663410902023,0.03557663410902023,0.03557663410902023,0.03557663410902023,0.039452292025089264,0.03911378234624863,0.03557663410902023,0.036037955433130264,0.03898150846362114,0.03557663410902023,0.03557663410902023,0.03557663410902023,0.03557663410902023,0.03557663410902023,0.03885554149746895,0.03584115952253342,0.03915837034583092
2017-11-30,0.039908215403556824,0.03581410273909569,0.04281189665198326,0.03581410273909569,0.03682655468583107,0.03581410273909569,0.03581410273909569,0.03640594705939293,0.03996877372264862,0.03581410273909569,0.03581410273909569,0.03581410273909569,0.03581410273909569,0.03581410273909569,0.03956704959273338,0.03960728272795677,0.03581410273909569,0.03581410273909569,0.039657216519117355,0.03581410273909569,0.03581410273909569,0.03581410273909569,0.03581410273909569,0.03581410273909569,0.038136184215545654,0.036103200167417526,0.03798208385705948
2017-12-01,0.039126232266426086,0.03572786599397659,0.042527228593826294,0.03572786599397659,0.03630851209163666,0.03572786599397659,0.035992156714200974,0.03725254908204079,0.03741350769996643,0.03572786599397659,0.037409983575344086,0.03572786599397659,0.03572786599397659,0.03572786599397659,0.04155878350138664,0.03904812037944794,0.03572786599397659,0.036665454506874084,0.03979295864701271,0.03572786599397659,0.03572786599397659,0.03572786599397659,0.03572786599397659,0.03572786599397659,0.03724512457847595,0.036526378244161606,0.038670722395181656
2017-12-04,0.03869087994098663,0.03572897985577583,0.04243720322847366,0.03572897985577583,0.036109331995248795,0.03572897985577583,0.036412570625543594,0.037190962582826614,0.03756313398480415,0.03572897985577583,0.03711966425180435,0.03572897985577583,0.03572897985577583,0.03572897985577583,0.0412752665579319,0.03959416225552559,0.03572897985577583,0.03663584962487221,0.04008590057492256,0.03572897985577583,0.03572897985577583,0.03572897985577583,0.03572897985577583,0.03572897985577583,0.03702431172132492,0.03654119372367859,0.03884282335639
2017-12-05,0.03817596286535263,0.03582271561026573,0.04097529128193855,0.03582271561026573,0.03590363636612892,0.03582271561026573,0.038180384784936905,0.03707918897271156,0.03723413869738579,0.03582271561026573,0.037949368357658386,0.03582271561026573,0.03582271561026573,0.03582271561026573,0.04164227843284607,0.03994917869567871,0.03596499189734459,0.03596191853284836,0.04023907706141472,0.03582271561026573,0.03582271561026573,0.03582271561026573,0.03582271561026573,0.03582271561026573,0.03644169494509697,0.03702817112207413,0.03740213066339493
2017-12-06,0.039128419011831284,0.035736311227083206,0.041832201182842255,0.035736311227083206,0.03662300854921341,0.035736311227083206,0.03681500256061554,0.03727428615093231,0.03818967938423157,0.035736311227083206,0.03688420355319977,0.035736311227083206,0.035736311227083206,0.035736311227083206,0.04151180386543274,0.039974942803382874,0.035736311227083206,0.03600339964032173,0.04067813977599144,0.035736311227083206,0.035736311227083206,0.035736311227083206,0.035736311227083206,0.035736311227083206,0.03706846386194229,0.0359061174094677,0.037538301199674606
2017-12-07,0.03948236629366875,0.035635560750961304,0.04309789836406708,0.035635560750961304,0.03789068013429642,0.035635560750961304,0.035900332033634186,0.03726976737380028,0.03841153532266617,0.035635560750961304,0.036075104027986526,0.035635560750961304,0.035635560750961304,0.035635560750961304,0.04157846048474312,0.03934768959879875,0.035635560750961304,0.03645552322268486,0.04082237929105759,0.035635560750961304,0.035635560750961304,0.035635560750961304,0.035635560750961304,0.035635560750961304,0.037428613752126694,0.035635560750961304,0.037341807037591934
2017-12-08,0.040248189121484756,0.03552665188908577,0.04408391937613487,0.03552665188908577,0.03840269893407822,0.03552665188908577,0.03552665188908577,0.036995720118284225,0.038168344646692276,0.03552665188908577,0.03633810952305794,0.03552665188908577,0.03552665188908577,0.03552665188908577,0.041985057294368744,0.0387318879365921,0.03552665188908577,0.037022434175014496,0.04017786309123039,0.03552665188908577,0.03552665188908577,0.03552665188908577,0.03552665188908577,0.03552665188908577,0.037226352840662,0.03552665188908577,0.03771955519914627
2017-12-11,0.04033469781279564,0.035563189536333084,0.04376371204853058,0.035563189536333084,0.038064632564783096,0.035563189536333084,0.035563189536333084,0.03683335334062576,0.03782600909471512,0.035563189536333084,0.03683630749583244,0.035563189536333084,0.035563189536333084,0.035563189536333084,0.041731491684913635,0.039306193590164185,0.035563189536333084,0.03712517395615578,0.040169328451156616,0.035563189536333084,0.035563189536333084,0.035563189536333084,0.035563189536333084,0.035563189536333084,0.03662266954779625,0.035563189536333084,0.03793861344456673
2017-12-12,0.04026607796549797,0.035680677741765976,0.04267159476876259,0.035680677741765976,0.0374782420694828,0.035680677741765976,0.03571319952607155,0.03654346987605095,0.03790833801031113,0.035680677741765976,0.03742601349949837,0.035680677741765976,0.035680677741765976,0.035680677741765976,0.04100378602743149,0.04025978222489357,0.035680677741765976,0.03690633177757263,0.04022009298205376,0.035680677741765976,0.035680677741765976,0.035680677741765976,0.035680677741765976,0.035680677741765976,0.03613574802875519,0.035680677741765976,0.037937797605991364
2017-12-13,0.04089980199933052,0.035624876618385315,0.0417185053229332,0.035624876618385315,0.03799169510602951,0.035624876618385315,0.036303091794252396,0.03647972270846367,0.03698914870619774,0.035624876618385315,0.03839759901165962,0.035624876618385315,0.035624876618385315,0.035624876618385315,0.04127011075615883,0.04103026166558266,0.035624876618385315,0.036786388605833054,0.040651869028806686,0.035624876618385315,0.035624876618385315,0.035624876618385315,0.035624876618385315,0.035624876618385315,0.03591559827327728,0.035624876618385315,0.03681798651814461
2017-12-14,0.04076839238405228,0.03557184711098671,0.04237719625234604,0.03557184711098671,0.038031645119190216,0.03557184711098671,0.03580894321203232,0.03705889731645584,0.03686930239200592,0.03557184711098671,0.03789329156279564,0.03557184711098671,0.03557184711098671,0.03557184711098671,0.04174529016017914,0.040572550147771835,0.03557184711098671,0.03673967719078064,0.04067406803369522,0.03557184711098671,0.03557184711098671,0.03557184711098671,0.03557184711098671,0.03557184711098671,0.035954248160123825,0.03557184711098671,0.037500713020563126
2017-12-15,0.04088731110095978,0.03558690473437309,0.042970236390829086,0.03558690473437309,0.03762054815888405,0.03558690473437309,0.03558690473437309,0.037080612033605576,0.037366852164268494,0.03558690473437309,0.03774771839380264,0.03558690473437309,0.03558690473437309,0.03558690473437309,0.04174022004008293,0.03965214639902115,0.03558690473437309,0.03707508370280266,0.039954233914613724,0.03558690473437309,0.03558690473437309,0.03558690473437309,0.03558690473437309,0.03558690473437309,0.035791054368019104,0.03558690473437309,0.03831040486693382
2017-12-18,0.040460534393787384,0.03564926236867905,0.04280287027359009,0.03564926236867905,0.03735417500138283,0.03564926236867905,0.03564926236867905,0.03713492304086685,0.03684237599372864,0.03564926236867905,0.03785857558250427,0.03564926236867905,0.03564926236867905,0.03564926236867905,0.04125513508915901,0.04041857272386551,0.03564926236867905,0.03713400661945343,0.03980298712849617,0.03564926236867905,0.03564926236867905,0.03564926236867905,0.03564926236867905,0.03564926236867905,0.03564926236867905,0.03564926236867905,0.038547612726688385
2017-12-19,0.03966314345598221,0.03575402870774269,0.041477616876363754,0.03575402870774269,0.03664686158299446,0.03575402870774269,0.03669896721839905,0.03713664412498474,0.03694158419966698,0.03575402870774269,0.03776184096932411,0.03575402870774269,0.03575402870774269,0.03575402870774269,0.040672414004802704,0.04055686295032501,0.03575402870774269,0.03698351979255676,0.04004687815904617,0.03575402870774269,0.03575402870774269,0.03575402870774269,0.03575402870774269,0.03575402870774269,0.036053769290447235,0.03582196310162544,0.038735583424568176
2017-12-20,0.03996178135275841,0.035786956548690796,0.04097076505422592,0.035786956548690796,0.03689878433942795,0.035786956548690796,0.03681732341647148,0.036819033324718475,0.0373484343290329,0.035786956548690796,0.03770827502012253,0.035786956548690796,0.035786956548690796,0.035786956548690796,0.04028527811169624,0.04068673029541969,0.035786956548690796,0.03666933998465538,0.040392886847257614,0.035786956548690796,0.035786956548690796,0.035786956548690796,0.035786956548690796,0.035786956548690796,0.0362774059176445,0.035786956548690796,0.03814656659960747
2017-12-21,0.0398162305355072,0.03583799675107002,0.04088408499956131,0.03583799675107002,0.03692702576518059,0.03583799675107002,0.03683486953377724,0.03641480579972267,0.038264818489551544,0.03583799675107002,0.037052836269140244,0.03583799675107002,0.03583799675107002,0.03583799675107002,0.03970865160226822,0.041059017181396484,0.03583799675107002,0.036293014883995056,0.040665365755558014,0.03583799675107002,0.03583799675107002,0.03583799675107002,0.03583799675107002,0.03583799675107002,0.03649820387363434,0.03583799675107002,0.03784912824630737
2017-12-22,0.03942445293068886,0.035952452570199966,0.04115116596221924,0.035952452570199966,0.037345681339502335,0.035952452570199966,0.03676973655819893,0.035952452570199966,0.039814744144678116,0.035952452570199966,0.035952452570199966,0.035952452570199966,0.035952452570199966,0.035952452570199966,0.038052402436733246,0.04125681519508362,0.035952452570199966,0.03612356260418892,0.040142446756362915,0.035952452570199966,0.035952452570199966,0.035952452570199966,0.036832015961408615,0.035952452570199966,0.03636999428272247,0.035952452570199966,0.03743016719818115
2017-12-26,0.03922208771109581,0.03594096004962921,0.040644239634275436,0.03594096004962921,0.03818126767873764,0.03594096004962921,0.03713000938296318,0.03594096004962921,0.040415357798337936,0.03594096004962921,0.03594096004962921,0.03594096004962921,0.03594096004962921,0.03594096004962921,0.036792073398828506,0.04104108363389969,0.03594096004962921,0.03594096004962921,0.04078592360019684,0.03594096004962921,0.03594096004962921,0.03594096004962921,0.037986792623996735,0.03594096004962921,0.036804839968681335,0.03594096004962921,0.03594096004962921
2017-12-27,0.0388677604496479,0.03592503443360329,0.04100542888045311,0.03592503443360329,0.03803106024861336,0.03592503443360329,0.03719043359160423,0.03592503443360329,0.04093802720308304,0.03592503443360329,0.03592503443360329,0.03592503443360329,0.03592503443360329,0.03604070469737053,0.03601643443107605,0.04065351188182831,0.03592503443360329,0.03592503443360329,0.04082658141851425,0.03592503443360329,0.03592503443360329,0.03592503443360329,0.03855857625603676,0.03592503443360329,0.03707090765237808,0.03592503443360329,0.03592503443360329
2017-12-28,0.03892175853252411,0.03593067452311516,0.041470810770988464,0.03593067452311516,0.03807997703552246,0.03593067452311516,0.03661536052823067,0.03593067452311516,0.04088183492422104,0.03593067452311516,0.03593067452311516,0.03593067452311516,0.03593067452311516,0.03593067452311516,0.03642231598496437,0.0405254140496254,0.03593067452311516,0.03593067452311516,0.040812425315380096,0.03593067452311516,0.03593067452311516,0.03593067452311516,0.03839537501335144,0.03593067452311516,0.037053290754556656,0.03593067452311516,0.03593067452311516
2017-12-29,0.03877148777246475,0.035932574421167374,0.041720375418663025,0.035932574421167374,0.03794284537434578,0.035932574421167374,0.03669385984539986,0.035932574421167374,0.040872152894735336,0.035932574421167374,0.035932574421167374,0.035932574421167374,0.035932574421167374,0.035932574421167374,0.03650857135653496,0.04026652127504349,0.035932574421167374,0.035932574421167374,0.0406724289059639,0.035932574421167374,0.035932574421167374,0.035932574421167374,0.03855522722005844,0.035932574421167374,0.03714274615049362,0.035932574421167374,0.035932574421167374
2018-01-02,0.037037037037037035,0.037037037037037035,0.037037037037037035,0.037037037037037035,0.037037037037037035,0.037037037037037035,0.037037037037037035,0.037037037037037035,0.037037037037037035,0.037037037037037035,0.037037037037037035,0.037037037037037035,0.037037037037037035,0.037037037037037035,0.037037037037037035,0.037037037037037035,0.037037037037037035,0.037037037037037035,0.037037037037037035,0.037037037037037035,0.037037037037037035,0.037037037037037035,0.037037037037037035,0.037037037037037035,0.037037037037037035,0.037037037037037035,0.037037037037037035
2018-01-03,0.03420695289969444,0.03409633785486221,0.03409633785486221,0.047400228679180145,0.03409633785486221,0.03409633785486221,0.039773695170879364,0.04628625139594078,0.04024265706539154,0.03409633785486221,0.03534693643450737,0.03844825178384781,0.03409633785486221,0.04146741330623627,0.03644564002752304,0.046808063983917236,0.03491923585534096,0.03409633785486221,0.03409633785486221,0.042011409997940063,0.03929455205798149,0.03409633785486221,0.03409633785486221,0.03409633785486221,0.03409633785486221,0.03409633785486221,0.03409633785486221
2018-01-04,0.035341519862413406,0.033950626850128174,0.033950626850128174,0.04709142446517944,0.033950626850128174,0.033950626850128174,0.03897702693939209,0.04795219749212265,0.04079526290297508,0.033950626850128174,0.035392604768276215,0.03948386758565903,0.033950626850128174,0.04013197124004364,0.037632375955581665,0.046765901148319244,0.03461914882063866,0.033950626850128174,0.033950626850128174,0.041521795094013214,0.038986142724752426,0.033950626850128174,0.033950626850128174,0.033950626850128174,0.033950626850128174,0.033950626850128174,0.033950626850128174
2018-01-05,0.03528963401913643,0.03393113240599632,0.03393113240599632,0.04725511744618416,0.03393113240599632,0.03393113240599632,0.038905069231987,0.04744982346892357,0.040646765381097794,0.03393113240599632,0.03531767055392265,0.039846271276474,0.03393113240599632,0.04037318006157875,0.03848842531442642,0.04673967882990837,0.034324776381254196,0.03393113240599632,0.03393113240599632,0.041149966418743134,0.0391777902841568,0.03393113240599632,0.03393113240599632,0.03393113240599632,0.03393113240599632,0.03393113240599632,0.03393113240599632
2018-01-08,0.03543669730424881,0.033955350518226624,0.033955350518226624,0.047099579125642776,0.033955350518226624,0.033955350518226624,0.03880727291107178,0.0476297102868557,0.04075837880373001,0.033955350518226624,0.035257160663604736,0.03971460834145546,0.033955350518226624,0.040468525141477585,0.03912457451224327,0.04597695916891098,0.034379538148641586,0.033955350518226624,0.033955350518226624,0.040527161210775375,0.03944488987326622,0.033955350518226624,0.033955350518226624,0.033955350518226624,0.033955350518226624,0.033955350518226624,0.033955350518226624
2018-01-09,0.03576281666755676,0.03390272706747055,0.03390272706747055,0.04660893231630325,0.03390272706747055,0.03390272706747055,0.03866393491625786,0.048162832856178284,0.041122112423181534,0.03390272706747055,0.03493550792336464,0.04004675894975662,0.03390272706747055,0.0402783565223217,0.0395384356379509,0.04585304483771324,0.03472911939024925,0.03390272706747055,0.03390272706747055,0.04051867872476578,0.039141297340393066,0.03390272706747055,0.03390272706747055,0.03390272706747055,0.03390272706747055,0.03390272706747055,0.03390272706747055
2018-01-10,0.03603430464863777,0.034021589905023575,0.034021589905023575,0.04642375931143761,0.034021589905023575,0.034021589905023575,0.03914544731378555,0.047470882534980774,0.040338434278964996,0.034021589905023575,0.03477067872881889,0.039141274988651276,0.034021589905023575,0.040607478469610214,0.03938554227352142,0.04657648131251335,0.03422088548541069,0.034021589905023575,0.034021589905023575,0.03981029614806175,0.039772290736436844,0.034021589905023575,0.034021589905023575,0.034021589905023575,0.034021589905023575,0.034021589905023575,0.034021589905023575
2018-01-11,0.036131955683231354,0.03397262096405029,0.03397262096405029,0.046581659466028214,0.03397262096405029,0.03397262096405029,0.03911144286394119,0.04762539640069008,0.03970624879002571,0.03397262096405029,0.03445916250348091,0.03965708240866661,0.03397262096405029,0.040628623217344284,0.03909924998879433,0.047352004796266556,0.03397262096405029,0.03397262096405029,0.03397262096405029,0.040409889072179794,0.039647988975048065,0.03397262096405029,0.03397262096405029,0.03397262096405029,0.03397262096405029,0.03397262096405029,0.03397262096405029
2018-01-12,0.03603261336684227,0.034012243151664734,0.034012243151664734,0.04657583683729172,0.034012243151664734,0.034012243151664734,0.039233312010765076,0.04757055267691612,0.039841216057538986,0.034012243151664734,0.034304212778806686,0.03949141129851341,0.034012243151664734,0.04050442576408386,0.03898114338517189,0.04731343686580658,0.034012243151664734,0.034012243151664734,0.034012243151664734,0.040188323706388474,0.039779867976903915,0.034012243151664734,0.034012243151664734,0.034012243151664734,0.034012243151664734,0.034012243151664734,0.034012243151664734
2018-01-16,0.03568439930677414,0.03406175971031189,0.03406175971031189,0.046874772757291794,0.03406175971031189,0.03406175971031189,0.039739858359098434,0.04629189521074295,0.03939494490623474,0.03406175971031189,0.03406175971031189,0.038446590304374695,0.03406175971031189,0.04138190671801567,0.038559965789318085,0.047162894159555435,0.03406175971031189,0.03406175971031189,0.03494974598288536,0.0402262806892395,0.04036031290888786,0.03406175971031189,0.03406175971031189,0.03406175971031189,0.03406175971031189,0.03406175971031189,0.03406175971031189
2018-01-17,0.034925755113363266,0.03405293449759483,0.03405293449759483,0.04702766239643097,0.03405293449759483,0.03405293449759483,0.03986257687211037,0.04581825062632561,0.03963780775666237,0.03405293449759483,0.03405293449759483,0.03885392099618912,0.03405293449759483,0.041469771414995193,0.038844142109155655,0.0468253456056118,0.03405293449759483,0.03405293449759483,0.03497602045536041,0.04079880192875862,0.04016594588756561,0.03405293449759483,0.03405293449759483,0.03405293449759483,0.03405293449759483,0.03405293449759483,0.03405293449759483
2018-01-18,0.0348706990480423,0.03398057073354721,0.03398057073354721,0.04706575348973274,0.03398057073354721,0.03398057073354721,0.03993837162852287,0.045329947024583817,0.039895378053188324,0.03398057073354721,0.03398057073354721,0.03892204537987709,0.03398057073354721,0.042281411588191986,0.03912459686398506,0.046570733189582825,0.03431365638971329,0.03398057073354721,0.034565385431051254,0.04163113981485367,0.039762839674949646,0.03398057073354721,0.03398057073354721,0.03398057073354721,0.03398057073354721,0.03398057073354721,0.03398057073354721
2018-01-19,0.03502855822443962,0.033923324197530746,0.033923324197530746,0.046832215040922165,0.033923324197530746,0.033923324197530746,0.039839863777160645,0.04565485194325447,0.04035216197371483,0.033923324197530746,0.033923324197530746,0.03901193290948868,0.033923324197530746,0.04216756671667099,0.039535943418741226,0.04628468304872513,0.03456990420818329,0.033923324197530746,0.034323230385780334,0.04190504923462868,0.0395674854516983,0.033923324197530746,0.033923324197530746,0.033923324197530746,0.033923324197530746,0.033923324197530746,0.033923324197530746
2018-01-22,0.03466738015413284,0.03400095924735069,0.03400095924735069,0.04664657637476921,0.03400095924735069,0.03400095924735069,0.0400247722864151,0.044465888291597366,0.04026041552424431,0.03400095924735069,0.03400095924735069,0.038522325456142426,0.03400095924735069,0.043077584356069565,0.039382968097925186,0.045932892709970474,0.03501501306891441,0.03400095924735069,0.034707747399806976,0.041549526154994965,0.03973348066210747,0.03400095924735069,0.03400095924735069,0.03400095924735069,0.03400095924735069,0.03400095924735069,0.03400095924735069
2018-01-23,0.034017786383628845,0.034017786383628845,0.034017786383628845,0.047099556773900986,0.034017786383628845,0.034017786383628845,0.040825244039297104,0.04242252558469772,0.04022359848022461,0.034017786383628845,0.034017786383628845,0.03786179795861244,0.034017786383628845,0.04453910514712334,0.03856038302183151,0.046297263354063034,0.03469139710068703,0.034017786383628845,0.035358820110559464,0.042178925126791,0.03967462107539177,0.034017786383628845,0.034017786383628845,0.034017786383628845,0.034017786383628845,0.034017786383628845,0.034017786383628845
2018-01-24,0.03389524295926094,0.03389524295926094,0.03389524295926094,0.04750178009271622,0.03389524295926094,0.03389524295926094,0.0410725474357605,0.04202842339873314,0.03912791237235069,0.03389524295926094,0.03389524295926094,0.03770878165960312,0.03389524295926094,0.04573877528309822,0.03811309114098549,0.046534691005945206,0.03412255644798279,0.03389524295926094,0.035987578332424164,0.04400579631328583,0.03962944447994232,0.03389524295926094,0.03389524295926094,0.03389524295926094,0.03389524295926094,0.03389524295926094,0.03389524295926094
2018-01-25,0.03389396518468857,0.03389396518468857,0.03389396518468857,0.04766403138637543,0.03389396518468857,0.03389396518468857,0.041347526013851166,0.04160148277878761,0.038792192935943604,0.03389396518468857,0.03389396518468857,0.03726464882493019,0.03389396518468857,0.046269893646240234,0.03769109025597572,0.04661615565419197,0.033954594284296036,0.03389396518468857,0.03638823330402374,0.044280264526605606,0.03972039371728897,0.03389396518468857,0.03389396518468857,0.03389396518468857,0.03389396518468857,0.03389396518468857,0.03389396518468857
2018-01-26,0.03392254561185837,0.03392254561185837,0.03392254561185837,0.047616180032491684,0.03392254561185837,0.03392254561185837,0.04175332933664322,0.041211534291505814,0.038514360785484314,0.03392254561185837,0.03392254561185837,0.03638261929154396,0.03392254561185837,0.04691899195313454,0.03662702441215515,0.04679702967405319,0.03392254561185837,0.03392254561185837,0.03693244233727455,0.044708602130413055,0.03977714106440544,0.03392254561185837,0.03392254561185837,0.03392254561185837,0.03392254561185837,0.03392254561185837,0.03392254561185837
2018-01-29,0.03391416370868683,0.03391416370868683,0.03391416370868683,0.047258246690034866,0.03391416370868683,0.03391416370868683,0.04174206778407097,0.04079248383641243,0.03888877108693123,0.03391416370868683,0.03391416370868683,0.03606252744793892,0.03391416370868683,0.04805661365389824,0.03710532933473587,0.04565025866031647,0.03391416370868683,0.03391416370868683,0.037115830928087234,0.0449017658829689,0.03979944437742233,0.03391416370868683,0.03391416370868683,0.03391416370868683,0.03391416370868683,0.03391416370868683,0.03391416370868683
2018-01-30,0.03380449116230011,0.03380449116230011,0.03380449116230011,0.047287099063396454,0.03380449116230011,0.03380449116230011,0.04190053045749664,0.04122089222073555,0.039130594581365585,0.03380449116230011,0.034045033156871796,0.03602487966418266,0.03380449116230011,0.048308104276657104,0.037122294306755066,0.04548284411430359,0.03380449116230011,0.03380449116230011,0.03706013038754463,0.045834410935640335,0.039515797048807144,0.03380449116230011,0.03380449116230011,0.03380449116230011,0.03380449116230011,0.03380449116230011,0.03380449116230011
2018-01-31,0.033817458897829056,0.033817458897829056,0.033817458897829056,0.047611139714717865,0.033817458897829056,0.033817458897829056,0.0419536754488945,0.04242100194096565,0.039115384221076965,0.033817458897829056,0.03437012434005737,0.03625496104359627,0.033817458897829056,0.04522666335105896,0.03676622733473778,0.046827178448438644,0.033817458897829056,0.033817458897829056,0.03654532507061958,0.04691645875573158,0.03873000293970108,0.033817458897829056,0.033817458897829056,0.033817458897829056,0.033817458897829056,0.033817458897829056,0.033817458897829056
2018-02-01,0.03407130017876625,0.033757902681827545,0.033757902681827545,0.04758385196328163,0.033757902681827545,0.033757902681827545,0.04125151038169861,0.043955955654382706,0.03985957056283951,0.033757902681827545,0.033881932497024536,0.03643633425235748,0.033757902681827545,0.04392728582024574,0.03793814778327942,0.04579540342092514,0.034509748220443726,0.033757902681827545,0.036198340356349945,0.047650642693042755,0.03808722645044327,0.033757902681827545,0.033757902681827545,0.033757902681827545,0.033757902681827545,0.033757902681827545,0.033757902681827545
2018-02-02,0.034146491438150406,0.033800724893808365,0.033800724893808365,0.047779493033885956,0.033800724893808365,0.033800724893808365,0.041232138872146606,0.04415654391050339,0.03989587724208832,0.033800724893808365,0.033924948424100876,0.03655286133289337,0.033800724893808365,0.04316014051437378,0.03756808117032051,0.04616372659802437,0.034363117069005966,0.033800724893808365,0.03610704094171524,0.047528281807899475,0.0380118303000927,0.033800724893808365,0.033800724893808365,0.033800724893808365,0.033800724893808365,0.033800724893808365,0.033800724893808365
2018-02-05,0.0348757803440094,0.03374023362994194,0.03374023362994194,0.04770134016871452,0.03374023362994194,0.03374023362994194,0.040489938110113144,0.045862939208745956,0.039329610764980316,0.03374023362994194,0.03441420570015907,0.03678860887885094,0.03374023362994194,0.0420813150703907,0.03673652559518814,0.046277597546577454,0.034685950726270676,0.03374023362994194,0.03555876389145851,0.04865996539592743,0.03791440278291702,0.03374023362994194,0.03374023362994194,0.03374023362994194,0.03374023362994194,0.03374023362994194,0.03374023362994194
2018-02-06,0.035879261791706085,0.03374471887946129,0.03374471887946129,0.04607449844479561,0.03374471887946129,0.03374471887946129,0.03678959980607033,0.05084948241710663,0.041511502116918564,0.03374471887946129,0.03653692826628685,0.040251001715660095,0.03374471887946129,0.038125887513160706,0.03782301023602486,0.04403088986873627,0.036838311702013016,0.03374471887946129,0.03374471887946129,0.045812223106622696,0.03705139085650444,0.03374471887946129,0.03374471887946129,0.03374471887946129,0.03374471887946129,0.03374471887946129,0.03374471887946129
2018-02-07,0.03648585453629494,0.033833496272563934,0.033833496272563934,0.04520734027028084,0.033833496272563934,0.033833496272563934,0.03577391430735588,0.05128433555364609,0.042039498686790466,0.033833496272563934,0.03705460578203201,0.0413283035159111,0.033833496272563934,0.03719615563750267,0.038055986166000366,0.044106848537921906,0.03675835579633713,0.033833496272563934,0.033833496272563934,0.04373924434185028,0.037300556898117065,0.033833496272563934,0.033833496272563934,0.033833496272563934,0.033833496272563934,0.033833496272563934,0.033833496272563934
2018-02-08,0.036581192165613174,0.03397509828209877,0.03397509828209877,0.04475543275475502,0.03397509828209877,0.03397509828209877,0.03585498034954071,0.051448434591293335,0.04156653955578804,0.03397509828209877,0.03763300180435181,0.040864843875169754,0.03397509828209877,0.036570943892002106,0.03756486251950264,0.04456945136189461,0.03651237115263939,0.03397509828209877,0.03397509828209877,0.04254723712801933,0.037879351526498795,0.03397509828209877,0.03397509828209877,0.03397509828209877,0.03397509828209877,0.03397509828209877,0.03397509828209877
2018-02-09,0.03771216422319412,0.03409654274582863,0.03409654274582863,0.043048057705163956,0.03409654274582863,0.03409654274582863,0.034295905381441116,0.05277380347251892,0.04211251437664032,0.03409654274582863,0.038036514073610306,0.04208158701658249,0.03409654274582863,0.034985773265361786,0.037431634962558746,0.04273189604282379,0.03766373544931412,0.03409654274582863,0.03409654274582863,0.04083838313817978,0.03834683820605278,0.03409654274582863,0.03409654274582863,0.03409654274582863,0.03409654274582863,0.03409654274582863,0.0346861407160759
2018-02-12,0.038239747285842896,0.03419044613838196,0.03429519012570381,0.04218808561563492,0.03419044613838196,0.03419044613838196,0.03419044613838196,0.05281871184706688,0.04203305393457413,0.03419044613838196,0.03792945668101311,0.04234107583761215,0.03419044613838196,0.03438982367515564,0.03762435540556908,0.042559437453746796,0.03757641091942787,0.03419044613838196,0.03419044613838196,0.03970777615904808,0.03887656331062317,0.03419044613838196,0.03419044613838196,0.03419044613838196,0.03419044613838196,0.03419044613838196,0.03494448959827423
2018-02-13,0.0374574214220047,0.03421704098582268,0.03421704098582268,0.04256434366106987,0.03421704098582268,0.03421704098582268,0.034329406917095184,0.05248463526368141,0.04188099130988121,0.03421704098582268,0.037806134670972824,0.04201091453433037,0.03421704098582268,0.03425970673561096,0.03753264248371124,0.0432036817073822,0.03748727962374687,0.03421704098582268,0.03421704098582268,0.039751239120960236,0.03933663293719292,0.03421704098582268,0.03421704098582268,0.03421704098582268,0.03421704098582268,0.03421704098582268,0.03507345914840698
2018-02-14,0.03731463849544525,0.03422927483916283,0.03422927483916283,0.04252418130636215,0.03422927483916283,0.03422927483916283,0.034318387508392334,0.05257222428917885,0.04182673618197441,0.03422927483916283,0.0378127247095108,0.04196793586015701,0.03422927483916283,0.03422927483916283,0.03742958605289459,0.04307391867041588,0.03755422309041023,0.03422927483916283,0.03422927483916283,0.03971314802765846,0.03941529989242554,0.03422927483916283,0.03422927483916283,0.03422927483916283,0.03422927483916283,0.03422927483916283,0.03526713326573372
2018-02-15,0.036972206085920334,0.03422937169671059,0.03422937169671059,0.042912669479846954,0.03422937169671059,0.03422937169671059,0.035120442509651184,0.05195173621177673,0.041717760264873505,0.03422937169671059,0.037707068026065826,0.041274022310972214,0.03422937169671059,0.03429366275668144,0.036838918924331665,0.043846212327480316,0.03686455264687538,0.03422937169671059,0.03422937169671059,0.040684495121240616,0.039492614567279816,0.03422937169671059,0.03422937169671059,0.03422937169671059,0.03422937169671059,0.03422937169671059,0.03534181788563728
2018-02-16,0.03642794117331505,0.03406740352511406,0.03406740352511406,0.0439750961959362,0.03406740352511406,0.03406740352511406,0.03558756038546562,0.0515986792743206,0.040894217789173126,0.03406740352511406,0.037816762924194336,0.04104219377040863,0.03406740352511406,0.03528077155351639,0.03672226518392563,0.04467837139964104,0.036056987941265106,0.03406740352511406,0.03406740352511406,0.042763810604810715,0.0394475944340229,0.03406740352511406,0.03406740352511406,0.03406740352511406,0.03406740352511406,0.03406740352511406,0.034831494092941284
2018-02-20,0.03585229441523552,0.03393679857254028,0.03393679857254028,0.044705890119075775,0.03393679857254028,0.03393679857254028,0.035754479467868805,0.051071833819150925,0.04035972058773041,0.03393679857254028,0.03746729716658592,0.04127486050128937,0.03393679857254028,0.036315277218818665,0.036890629678964615,0.045033954083919525,0.03585965186357498,0.03393679857254028,0.03393679857254028,0.04466172307729721,0.03924041986465454,0.03393679857254028,0.03393679857254028,0.03393679857254028,0.03393679857254028,0.03393679857254028,0.03433357551693916
2018-02-21,0.03636078163981438,0.03395237773656845,0.03395237773656845,0.04444089159369469,0.03395237773656845,0.03395237773656845,0.035761501640081406,0.05065493658185005,0.041210658848285675,0.03395237773656845,0.0366264209151268,0.04228322207927704,0.03395237773656845,0.03593331202864647,0.03830348700284958,0.04544682055711746,0.03590512275695801,0.03395237773656845,0.03395237773656845,0.04294610396027565,0.038793426007032394,0.03395237773656845,0.03395237773656845,0.03395237773656845,0.03395237773656845,0.03395237773656845,0.03395237773656845
2018-02-22,0.036468781530857086,0.03397766500711441,0.03397766500711441,0.04416857659816742,0.03397766500711441,0.03397766500711441,0.03597268834710121,0.050443023443222046,0.041510846465826035,0.03397766500711441,0.036315977573394775,0.042433373630046844,0.03397766500711441,0.035621773451566696,0.03851568326354027,0.04591330885887146,0.035873107612133026,0.03397766500711441,0.03397766500711441,0.042320311069488525,0.03875520080327988,0.03397766500711441,0.03397766500711441,0.03397766500711441,0.03397766500711441,0.03397766500711441,0.03397766500711441
2018-02-23,0.0365128256380558,0.033973149955272675,0.033973149955272675,0.04428446665406227,0.033973149955272675,0.033973149955272675,0.03603268042206764,0.05090932548046112,0.041601043194532394,0.033973149955272675,0.036285046488046646,0.04229896515607834,0.033973149955272675,0.035443805158138275,0.03822969272732735,0.04565758258104324,0.03604842722415924,0.033973149955272675,0.033973149955272675,0.04215240478515625,0.03891965001821518,0.033973149955272675,0.033973149955272675,0.033973149955272675,0.033973149955272675,0.033973149955272675,0.033973149955272675
2018-02-26,0.036213599145412445,0.033865343779325485,0.033865343779325485,0.0450524277985096,0.033865343779325485,0.033865343779325485,0.037119295448064804,0.05050060898065567,0.041567251086235046,0.033865343779325485,0.035565391182899475,0.04160384088754654,0.033865343779325485,0.03627294674515724,0.03771565482020378,0.04674255847930908,0.03552214801311493,0.033865343779325485,0.033865343779325485,0.043289028108119965,0.03872043639421463,0.033865343779325485,0.033865343779325485,0.033865343779325485,0.033865343779325485,0.033865343779325485,0.033865343779325485
2018-02-27,0.03631594777107239,0.03380154073238373,0.03380154073238373,0.04564087092876434,0.03380154073238373,0.03380154073238373,0.037989381700754166,0.049795810133218765,0.04050770401954651,0.03380154073238373,0.03451194614171982,0.04037895053625107,0.03380154073238373,0.03801855444908142,0.03721478208899498,0.04755361005663872,0.03480703756213188,0.03380154073238373,0.03403497487306595,0.044667892158031464,0.03914250060915947,0.03380154073238373,0.03380154073238373,0.03380154073238373,0.03380154073238373,0.03380154073238373,0.03380154073238373
2018-02-28,0.03651958331465721,0.033763278275728226,0.033763278275728226,0.045325953513383865,0.033763278275728226,0.033763278275728226,0.037780553102493286,0.04973983019590378,0.04099925234913826,0.033763278275728226,0.0342646986246109,0.04101690649986267,0.033763278275728226,0.0380857028067112,0.0380956195294857,0.047497086226940155,0.03500847518444061,0.033763278275728226,0.033763278275728226,0.04419412463903427,0.03878626599907875,0.033763278275728226,0.033763278275728226,0.033763278275728226,0.033763278275728226,0.033763278275728226,0.033763278275728226
2018-03-01,0.03697246313095093,0.03370266780257225,0.03370266780257225,0.04519377648830414,0.03370266780257225,0.03370266780257225,0.0373489074409008,0.05026374012231827,0.04205695912241936,0.03370266780257225,0.03477134928107262,0.04206129536032677,0.03370266780257225,0.03698110952973366,0.03914210945367813,0.046804629266262054,0.03544415161013603,0.03370266780257225,0.03370266780257225,0.0428009033203125,0.03832126408815384,0.03370266780257225,0.03370266780257225,0.03370266780257225,0.03370266780257225,0.03370266780257225,0.03370266780257225
2018-03-02,0.03703717887401581,0.03382251039147377,0.03382251039147377,0.044306859374046326,0.03401363641023636,0.03382251039147377,0.036409810185432434,0.05031175538897514,0.0430748276412487,0.03382251039147377,0.035035140812397,0.043417271226644516,0.03382251039147377,0.0353756807744503,0.04054320603609085,0.04566200077533722,0.03678033873438835,0.03382251039147377,0.03382251039147377,0.04029696062207222,0.03804265335202217,0.03382251039147377,0.03382251039147377,0.03382251039147377,0.03382251039147377,0.03382251039147377,0.03382251039147377
2018-03-05,0.03678717091679573,0.03383968025445938,0.03383968025445938,0.04410107061266899,0.03399591147899628,0.03383968025445938,0.03604030981659889,0.050432007759809494,0.04316733777523041,0.03383968025445938,0.034894734621047974,0.043859612196683884,0.03383968025445938,0.03520619124174118,0.04058217257261276,0.04537266492843628,0.03723358362913132,0.03383968025445938,0.03383968025445938,0.04031556844711304,0.038095831871032715,0.03383968025445938,0.03383968025445938,0.03383968025445938,0.03383968025445938,0.03383968025445938,0.03383968025445938
2018-03-06,0.03628074377775192,0.033764034509658813,0.033764034509658813,0.04494205489754677,0.033764034509658813,0.033764034509658813,0.03695998340845108,0.050056371837854385,0.042962267994880676,0.033764034509658813,0.03435538336634636,0.042948316782712936,0.033764034509658813,0.036092136055231094,0.03941503167152405,0.046241506934165955,0.03703637421131134,0.033764034509658813,0.033764034509658813,0.0418475940823555,0.03816571459174156,0.033764034509658813,0.033764034509658813,0.033764034509658813,0.033764034509658813,0.033764034509658813,0.033764034509658813
2018-03-07,0.036036599427461624,0.03379977121949196,0.03379977121949196,0.04505390673875809,0.03379977121949196,0.03379977121949196,0.03753260150551796,0.04972078651189804,0.04285857826471329,0.03379977121949196,0.03394574671983719,0.04222255200147629,0.03379977121949196,0.03653678670525551,0.03877980634570122,0.04686373844742775,0.03692830726504326,0.03379977121949196,0.03379977121949196,0.042175471782684326,0.03814832866191864,0.03379977121949196,0.03379977121949196,0.03379977121949196,0.03379977121949196,0.03379977121949196,0.03379977121949196
2018-03-08,0.03580674156546593,0.03377099707722664,0.03377099707722664,0.04491093009710312,0.03377099707722664,0.03377099707722664,0.03735842928290367,0.0499139241874218,0.04333687201142311,0.03377099707722664,0.034086260944604874,0.042553819715976715,0.03377099707722664,0.036197248846292496,0.03920488804578781,0.046670522540807724,0.037291765213012695,0.03377099707722664,0.03377099707722664,0.04194720461964607,0.03792741149663925,0.03377099707722664,0.03377099707722664,0.03377099707722664,0.03377099707722664,0.03377099707722664,0.03377099707722664
2018-03-09,0.03536296263337135,0.03375544771552086,0.03375544771552086,0.04517229273915291,0.03375544771552086,0.03375544771552086,0.037975676357746124,0.0493374727666378,0.042772386223077774,0.03375544771552086,0.03375544771552086,0.041830334812402725,0.03375544771552086,0.037080857902765274,0.0385674312710762,0.04710832238197327,0.0373665876686573,0.03375544771552086,0.03375544771552086,0.04305694252252579,0.03803703188896179,0.03375544771552086,0.03375544771552086,0.03375544771552086,0.03375544771552086,0.03375544771552086,0.03375544771552086
2018-03-12,0.035129450261592865,0.03364922106266022,0.03364922106266022,0.045915864408016205,0.03364922106266022,0.03364922106266022,0.03991108387708664,0.048452261835336685,0.04198186844587326,0.03364922106266022,0.03364922106266022,0.0393962599337101,0.03364922106266022,0.03897712007164955,0.03745118901133537,0.04800330102443695,0.036642227321863174,0.03364922106266022,0.03386359289288521,0.04518227279186249,0.038004398345947266,0.03364922106266022,0.03364922106266022,0.03364922106266022,0.03364922106266022,0.03364922106266022,0.03364922106266022
2018-03-13,0.035345952957868576,0.033671408891677856,0.033671408891677856,0.045740630477666855,0.033671408891677856,0.033671408891677856,0.03996026888489723,0.04846782982349396,0.04195429012179375,0.033671408891677856,0.033671408891677856,0.03929559513926506,0.033671408891677856,0.03901199623942375,0.037822239100933075,0.04770370572805405,0.03696924448013306,0.033671408891677856,0.03382726013660431,0.044591087847948074,0.037910137325525284,0.033671408891677856,0.033671408891677856,0.033671408891677856,0.033671408891677856,0.033671408891677856,0.033671408891677856
2018-03-14,0.03510754555463791,0.03368377313017845,0.03368377313017845,0.04566798359155655,0.03368377313017845,0.03368377313017845,0.04005255922675133,0.048378005623817444,0.04191146045923233,0.03368377313017845,0.03368377313017845,0.03927404060959816,0.03368377313017845,0.03904726356267929,0.03747493401169777,0.04760715365409851,0.03736387565732002,0.03368377313017845,0.03380700573325157,0.04472491145133972,0.03801044076681137,0.03368377313017845,0.03368377313017845,0.03368377313017845,0.03368377313017845,0.03368377313017845,0.03368377313017845
2018-03-15,0.03539370745420456,0.03370632231235504,0.03370632231235504,0.04557527229189873,0.03370632231235504,0.03370632231235504,0.03974224254488945,0.04876069724559784,0.04245604947209358,0.03370632231235504,0.03370632231235504,0.0397309772670269,0.03370632231235504,0.03837554156780243,0.038007088005542755,0.04722673073410988,0.037626322358846664,0.03370632231235504,0.03370632231235504,0.0435623973608017,0.0379481203854084,0.03370632231235504,0.03370632231235504,0.03370632231235504,0.03370632231235504,0.03370632231235504,0.03370632231235504
2018-03-16,0.035448700189590454,0.033728960901498795,0.033728960901498795,0.04537052661180496,0.033728960901498795,0.033728960901498795,0.03982822597026825,0.048800546675920486,0.04242560639977455,0.033728960901498795,0.033728960901498795,0.03966083005070686,0.033728960901498795,0.03822236508131027,0.03776600584387779,0.047177959233522415,0.03785000368952751,0.033728960901498795,0.033728960901498795,0.043274346739053726,0.038240522146224976,0.033728960901498795,0.033728960901498795,0.033728960901498795,0.033728960901498795,0.033728960901498795,0.033728960901498795
2018-03-19,0.03533283993601799,0.033758848905563354,0.033758848905563354,0.04528690129518509,0.033758848905563354,0.033758848905563354,0.040028948336839676,0.048736490309238434,0.041998691856861115,0.033758848905563354,0.033758848905563354,0.039195794612169266,0.033758848905563354,0.03841911628842354,0.03709065914154053,0.047180842608213425,0.03795121610164642,0.033758848905563354,0.033758848905563354,0.04379509389400482,0.03860066458582878,0.033758848905563354,0.033758848905563354,0.033758848905563354,0.033758848905563354,0.033758848905563354,0.033758848905563354
2018-03-20,0.0362260676920414,0.03377138450741768,0.03377138450741768,0.04536368325352669,0.03377138450741768,0.03377138450741768,0.03953628987073898,0.05005037784576416,0.04287157207727432,0.03377138450741768,0.03377138450741768,0.03936717286705971,0.03377138450741768,0.03718139976263046,0.03764915093779564,0.04607712849974632,0.0380106195807457,0.03377138450741768,0.03377138450741768,0.04270004481077194,0.03839573264122009,0.03377138450741768,0.03377138450741768,0.03377138450741768,0.03377138450741768,0.03377138450741768,0.03377138450741768
2018-03-21,0.036400023847818375,0.03382309526205063,0.03382309526205063,0.045006051659584045,0.03382309526205063,0.03382309526205063,0.039581816643476486,0.05003279447555542,0.042623791843652725,0.03382309526205063,0.03382309526205063,0.039115071296691895,0.03382309526205063,0.037162940949201584,0.03738395497202873,0.046085260808467865,0.038085002452135086,0.03382309526205063,0.03382309526205063,0.04257434234023094,0.038602523505687714,0.03382309526205063,0.03382309526205063,0.03382309526205063,0.03382309526205063,0.03382309526205063,0.03382309526205063
2018-03-22,0.036787714809179306,0.033854592591524124,0.033854592591524124,0.04536651819944382,0.033854592591524124,0.033854592591524124,0.03961143642663956,0.050806157290935516,0.04174090921878815,0.033854592591524124,0.034272387623786926,0.03811171278357506,0.033854592591524124,0.037317629903554916,0.03590833768248558,0.04569751024246216,0.03771287202835083,0.033854592591524124,0.0340493768453598,0.04329812899231911,0.03920961916446686,0.033854592591524124,0.033854592591524124,0.033854592591524124,0.033854592591524124,0.033854592591524124,0.033854592591524124
2018-03-23,0.03798758611083031,0.033912867307662964,0.033912867307662964,0.04341605678200722,0.03447259962558746,0.033912867307662964,0.0364004448056221,0.05367029085755348,0.043335337191820145,0.033912867307662964,0.03578397259116173,0.04109456017613411,0.033912867307662964,0.03416522219777107,0.0384758859872818,0.04329141974449158,0.03912616893649101,0.033912867307662964,0.033912867307662964,0.039783183485269547,0.038129933178424835,0.033912867307662964,0.033912867307662964,0.033912867307662964,0.033912867307662964,0.033912867307662964,0.033912867307662964
2018-03-26,0.03872210532426834,0.03397630155086517,0.03397630155086517,0.042301323264837265,0.03519422933459282,0.03397630155086517,0.03484552726149559,0.05427548661828041,0.04362231865525246,0.03397630155086517,0.03670918196439743,0.04212707281112671,0.03397630155086517,0.03397630155086517,0.038587529212236404,0.04193149507045746,0.03951301798224449,0.03397630155086517,0.03397630155086517,0.038524329662323,0.03797823563218117,0.03397630155086517,0.03397630155086517,0.03397630155086517,0.03397630155086517,0.03397630155086517,0.03397630155086517
2018-03-27,0.03943267837166786,0.03404960036277771,0.03404960036277771,0.041885700076818466,0.03516295924782753,0.03404960036277771,0.035229768604040146,0.05418327823281288,0.043364979326725006,0.03404960036277771,0.0360114648938179,0.04142257943749428,0.03404960036277771,0.03404960036277771,0.037700310349464417,0.04260249435901642,0.0389334112405777,0.03404960036277771,0.03404960036277771,0.038496121764183044,0.038879361003637314,0.03404960036277771,0.03404960036277771,0.03404960036277771,0.03404960036277771,0.03404960036277771,0.034050147980451584
2018-03-28,0.039195574820041656,0.034092921763658524,0.034092921763658524,0.04140324145555496,0.03490611910820007,0.034092921763658524,0.034615837037563324,0.05427905544638634,0.042940687388181686,0.034092921763658524,0.0365372858941555,0.041785355657339096,0.034092921763658524,0.034092921763658524,0.03732428327202797,0.04215129837393761,0.03933655470609665,0.034092921763658524,0.034092921763658524,0.03818517550826073,0.03936197608709335,0.034092921763658524,0.034092921763658524,0.034092921763658524,0.034092921763658524,0.034092921763658524,0.03476954624056816
2018-03-29,0.03902919590473175,0.03409702330827713,0.03409702330827713,0.0414729118347168,0.034558217972517014,0.03409702330827713,0.03414256125688553,0.05452508479356766,0.04270777106285095,0.03409702330827713,0.03688110038638115,0.04207400232553482,0.03409702330827713,0.03409702330827713,0.037443894892930984,0.041390370577573776,0.03999997302889824,0.03409702330827713,0.03409702330827713,0.03834164887666702,0.039351172745227814,0.03409702330827713,0.03409702330827713,0.03409702330827713,0.03409702330827713,0.03409702330827713,0.03482077643275261
2018-04-02,0.03868965432047844,0.03420093283057213,0.03420093283057213,0.041581373661756516,0.03420093283057213,0.03420093283057213,0.034972287714481354,0.05414055287837982,0.042105913162231445,0.03420093283057213,0.036289043724536896,0.04114103689789772,0.03420093283057213,0.03420093283057213,0.036713842302560806,0.042381905019283295,0.03973652794957161,0.03420093283057213,0.03420093283057213,0.03866729512810707,0.03971457481384277,0.03420093283057213,0.03420093283057213,0.03420093283057213,0.03420093283057213,0.03420093283057213,0.03505295142531395
2018-04-03,0.03941110149025917,0.034151673316955566,0.034554965794086456,0.040669944137334824,0.0348658412694931,0.034151673316955566,0.034151673316955566,0.05432539060711861,0.042812034487724304,0.034151673316955566,0.03685769811272621,0.0423884280025959,0.034151673316955566,0.034151673316955566,0.03735506162047386,0.0413166880607605,0.03980209305882454,0.034151673316955566,0.034151673316955566,0.03722622990608215,0.03926125168800354,0.034151673316955566,0.034151673316955566,0.034151673316955566,0.034151673316955566,0.034151673316955566,0.03518154099583626
2018-04-04,0.03951239213347435,0.03423408418893814,0.03423408418893814,0.04066646844148636,0.03475044667720795,0.03423408418893814,0.03423408418893814,0.054048895835876465,0.042276203632354736,0.03423408418893814,0.036580003798007965,0.04195328801870346,0.03423408418893814,0.03423408418893814,0.036941926926374435,0.04205801710486412,0.03956691548228264,0.03423408418893814,0.03423408418893814,0.037095990031957626,0.03992662951350212,0.03423408418893814,0.03423408418893814,0.03423408418893814,0.03423408418893814,0.03423408418893814,0.03534572198987007
2018-04-05,0.03939412906765938,0.03430014103651047,0.03430014103651047,0.041702404618263245,0.0343179777264595,0.03430014103651047,0.03555767983198166,0.05283241719007492,0.041676733642816544,0.03430014103651047,0.03557750582695007,0.04063338041305542,0.03430014103651047,0.03430014103651047,0.0366322286427021,0.042716436088085175,0.039438750594854355,0.03430014103651047,0.03430014103651047,0.03806847706437111,0.04055018723011017,0.03430014103651047,0.03430014103651047,0.03430014103651047,0.03430014103651047,0.03430014103651047,0.03499986231327057
2018-04-06,0.039657287299633026,0.034332893788814545,0.034332893788814545,0.04275580868124962,0.034332893788814545,0.034332893788814545,0.037064097821712494,0.05153739079833031,0.041163697838783264,0.034332893788814545,0.034609999507665634,0.03883759677410126,0.034332893788814545,0.034332893788814545,0.03582430258393288,0.042720817029476166,0.03956959769129753,0.034332893788814545,0.034332893788814545,0.039871327579021454,0.040849536657333374,0.034332893788814545,0.034332893788814545,0.034332893788814545,0.034332893788814545,0.034332893788814545,0.03487800061702728
2018-04-09,0.03980294615030289,0.034408003091812134,0.034408003091812134,0.04141179472208023,0.03452655300498009,0.034408003091812134,0.0354401171207428,0.05230877175927162,0.04149454087018967,0.034408003091812134,0.0353294275701046,0.04038491100072861,0.034408003091812134,0.034408003091812134,0.03698262944817543,0.04240147024393082,0.039584364742040634,0.034408003091812134,0.034408003091812134,0.037591684609651566,0.04033149406313896,0.034408003091812134,0.034408003091812134,0.034408003091812134,0.034408003091812134,0.034408003091812134,0.035105206072330475
2018-04-10,0.03994819149374962,0.0343039445579052,0.0343039445579052,0.04209427908062935,0.0343039445579052,0.0343039445579052,0.03589644655585289,0.0525483675301075,0.04144250601530075,0.0343039445579052,0.035265740007162094,0.040026746690273285,0.0343039445579052,0.0343039445579052,0.03673741966485977,0.042398251593112946,0.039303258061409,0.0343039445579052,0.0343039445579052,0.038684241473674774,0.04073018580675125,0.0343039445579052,0.0343039445579052,0.0343039445579052,0.0343039445579052,0.0343039445579052,0.034669168293476105
2018-04-11,0.03976431488990784,0.0342838391661644,0.0342838391661644,0.04275693744421005,0.0342838391661644,0.0342838391661644,0.03714284673333168,0.05163697525858879,0.04160730168223381,0.0342838391661644,0.03433103859424591,0.03898973762989044,0.0342838391661644,0.0342838391661644,0.0359770804643631,0.042648669332265854,0.039148006588220596,0.0342838391661644,0.0342838391661644,0.04014857858419418,0.04122822731733322,0.0342838391661644,0.0342838391661644,0.0342838391661644,0.0342838391661644,0.0342838391661644,0.03464653342962265
2018-04-12,0.03959711268544197,0.03426293283700943,0.03426293283700943,0.042795684188604355,0.03426293283700943,0.03426293283700943,0.03702468052506447,0.05198810622096062,0.0418209470808506,0.03426293283700943,0.034372296184301376,0.03923288360238075,0.03426293283700943,0.03426293283700943,0.03657643869519234,0.04259717836976051,0.03945484757423401,0.03426293283700943,0.03426293283700943,0.0395188145339489,0.040948063135147095,0.03426293283700943,0.03426293283700943,0.03426293283700943,0.03426293283700943,0.03426293283700943,0.03439188376069069
2018-04-13,0.03914673253893852,0.034212738275527954,0.034212738275527954,0.043308328837156296,0.034212738275527954,0.034212738275527954,0.038298580795526505,0.05062830075621605,0.04208822175860405,0.034212738275527954,0.034212738275527954,0.0385124608874321,0.034212738275527954,0.03469383716583252,0.036032453179359436,0.04306386038661003,0.03912964463233948,0.034212738275527954,0.034212738275527954,0.041007235646247864,0.04089925438165665,0.034212738275527954,0.034212738275527954,0.034212738275527954,0.034212738275527954,0.034212738275527954,0.034212738275527954
2018-04-16,0.03924461081624031,0.03418111428618431,0.03418111428618431,0.0433649979531765,0.03418111428618431,0.03418111428618431,0.03821759670972824,0.05094503238797188,0.042309898883104324,0.03418111428618431,0.03418111428618431,0.03839988261461258,0.03418111428618431,0.03460189700126648,0.036284927278757095,0.042431797832250595,0.03968673199415207,0.03418111428618431,0.03418111428618431,0.0411863774061203,0.04060947149991989,0.03418111428618431,0.03418111428618431,0.03418111428618431,0.03418111428618431,0.03418111428618431,0.03418111428618431
2018-04-17,0.038547053933143616,0.03419959172606468,0.03419959172606468,0.04367086663842201,0.03419959172606468,0.03419959172606468,0.038754671812057495,0.05007917433977127,0.042058270424604416,0.03419959172606468,0.03419959172606468,0.03810831159353256,0.03419959172606468,0.03513341769576073,0.035993825644254684,0.04254581406712532,0.039934977889060974,0.03419959172606468,0.03419959172606468,0.041711993515491486,0.04046772047877312,0.03419959172606468,0.03419959172606468,0.03419959172606468,0.03419959172606468,0.03419959172606468,0.03419959172606468
2018-04-18,0.037763919681310654,0.034106578677892685,0.034106578677892685,0.0444430410861969,0.034254755824804306,0.034106578677892685,0.03967156633734703,0.049335919320583344,0.042611878365278244,0.034106578677892685,0.034106578677892685,0.037283528596162796,0.034106578677892685,0.03596221283078194,0.03683767840266228,0.04209023341536522,0.04009080305695534,0.034106578677892685,0.03440440073609352,0.04247398301959038,0.03939059004187584,0.034106578677892685,0.034106578677892685,0.034106578677892685,0.034106578677892685,0.034106578677892685,0.034106578677892685
2018-04-19,0.0367850735783577,0.0341075174510479,0.0341075174510479,0.044548600912094116,0.034126609563827515,0.0341075174510479,0.039900440722703934,0.04904552549123764,0.042725734412670135,0.0341075174510479,0.0341075174510479,0.037667591124773026,0.0341075174510479,0.036679863929748535,0.037280045449733734,0.042432304471731186,0.04034706950187683,0.0341075174510479,0.0341075174510479,0.04221153259277344,0.03874439001083374,0.0341075174510479,0.0341075174510479,0.0341075174510479,0.0341075174510479,0.0341075174510479,0.0341075174510479
2018-04-20,0.0374472513794899,0.033994417637586594,0.033994417637586594,0.045324213802814484,0.033994417637586594,0.033994417637586594,0.03933199867606163,0.05009102076292038,0.04233015701174736,0.033994417637586594,0.033994417637586594,0.03753192350268364,0.033994417637586594,0.036554981023073196,0.03748559579253197,0.04205651953816414,0.0395081490278244,0.033994417637586594,0.034069500863552094,0.04347187653183937,0.03887492045760155,0.033994417637586594,0.033994417637586594,0.033994417637586594,0.033994417637586594,0.033994417637586594,0.033994417637586594
2018-04-23,0.0375131294131279,0.03394705057144165,0.03394705057144165,0.0456058569252491,0.03394705057144165,0.03394705057144165,0.03932436183094978,0.05079573765397072,0.04196308180689812,0.03394705057144165,0.03394705057144165,0.03735326603055,0.03394705057144165,0.03684566915035248,0.03745907545089722,0.042230453342199326,0.039103131741285324,0.03394705057144165,0.034116584807634354,0.04356294870376587,0.038867972791194916,0.03394705057144165,0.03394705057144165,0.03394705057144165,0.03394705057144165,0.03394705057144165,0.03394705057144165
2018-04-24,0.037336498498916626,0.034005552530288696,0.034005552530288696,0.045414891093969345,0.034005552530288696,0.034005552530288696,0.03937133401632309,0.050134263932704926,0.041726838797330856,0.034005552530288696,0.034005552530288696,0.03737505525350571,0.034005552530288696,0.036939673125743866,0.03716200962662697,0.04226646199822426,0.039039310067892075,0.034005552530288696,0.0344587005674839,0.04341581463813782,0.039281465113162994,0.034005552530288696,0.034005552530288696,0.034005552530288696,0.034005552530288696,0.034005552530288696,0.034005552530288696
2018-04-25,0.03817528858780861,0.034073445945978165,0.034073445945978165,0.044529661536216736,0.03417006507515907,0.034073445945978165,0.03844588249921799,0.050915446132421494,0.04228388890624046,0.034073445945978165,0.034073445945978165,0.03832311928272247,0.034073445945978165,0.035723790526390076,0.03723698481917381,0.04228086397051811,0.03868209570646286,0.034073445945978165,0.034073445945978165,0.042710982263088226,0.03949366882443428,0.034073445945978165,0.034073445945978165,0.034073445945978165,0.034073445945978165,0.034073445945978165,0.034073445945978165
2018-04-26,0.0390167199075222,0.0339994952082634,0.0339994952082634,0.04452339932322502,0.034390997141599655,0.0339994952082634,0.03732879087328911,0.052776262164115906,0.0423629991710186,0.0339994952082634,0.034536149352788925,0.03877246379852295,0.0339994952082634,0.03471336141228676,0.03767996281385422,0.041717778891325,0.038430895656347275,0.0339994952082634,0.0339994952082634,0.04225533455610275,0.039501409977674484,0.0339994952082634,0.0339994952082634,0.0339994952082634,0.0339994952082634,0.0339994952082634,0.0339994952082634
2018-04-27,0.03808929771184921,0.034147243946790695,0.034147243946790695,0.043674103915691376,0.034147243946790695,0.034147243946790695,0.038608986884355545,0.0498049333691597,0.0421743206679821,0.034147243946790695,0.034147243946790695,0.038635529577732086,0.034147243946790695,0.03608526289463043,0.03714233264327049,0.04307214543223381,0.038476817309856415,0.034147243946790695,0.034147243946790695,0.04228653758764267,0.03974101319909096,0.034147243946790695,0.034147243946790695,0.034147243946790695,0.034147243946790695,0.034147243946790695,0.034147243946790695
2018-04-30,0.037931300699710846,0.034371890127658844,0.034371890127658844,0.04237912967801094,0.034371890127658844,0.034371890127658844,0.038624346256256104,0.04860508441925049,0.041754577308893204,0.034371890127658844,0.034371890127658844,0.038256626576185226,0.034371890127658844,0.036544572561979294,0.035942528396844864,0.042925115674734116,0.03886907920241356,0.034371890127658844,0.034371890127658844,0.042457107454538345,0.040132131427526474,0.034371890127658844,0.034371890127658844,0.034371890127658844,0.034371890127658844,0.034371890127658844,0.034371890127658844
2018-05-01,0.03810332715511322,0.034180860966444016,0.034180860966444016,0.04330107942223549,0.034218911081552505,0.034180860966444016,0.03818545490503311,0.050365153700113297,0.04254870489239693,0.034180860966444016,0.034180860966444016,0.03927282616496086,0.034180860966444016,0.03571847081184387,0.03797284886240959,0.04308325797319412,0.03879851475358009,0.034180860966444016,0.034180860966444016,0.040587279945611954,0.03931209444999695,0.034180860966444016,0.034180860966444016,0.034180860966444016,0.034180860966444016,0.034180860966444016,0.034180860966444016
2018-05-02,0.0384352020919323,0.033934518694877625,0.033934518694877625,0.043923575431108475,0.035023316740989685,0.033934518694877625,0.037446435540914536,0.05204368010163307,0.043898195028305054,0.033934518694877625,0.034397367388010025,0.03963981568813324,0.033934518694877625,0.03490804135799408,0.03915002942085266,0.04292711988091469,0.038564033806324005,0.033934518694877625,0.033934518694877625,0.040211766958236694,0.038282621651887894,0.033934518694877625,0.033934518694877625,0.033934518694877625,0.033934518694877625,0.033934518694877625,0.033934518694877625
2018-05-03,0.03849559649825096,0.033914826810359955,0.033914826810359955,0.04341322183609009,0.03542778268456459,0.033914826810359955,0.03663257136940956,0.052127938717603683,0.04460844397544861,0.033914826810359955,0.03440382331609726,0.0406535267829895,0.033914826810359955,0.034030165523290634,0.03928959369659424,0.042578984051942825,0.0387931726872921,0.033914826810359955,0.033914826810359955,0.04033239185810089,0.03832000494003296,0.033914826810359955,0.033914826810359955,0.033914826810359955,0.033914826810359955,0.033914826810359955,0.033914826810359955
2018-05-04,0.039032094180583954,0.033863890916109085,0.033863890916109085,0.04311838746070862,0.03593354672193527,0.033863890916109085,0.03585612401366234,0.05281390622258186,0.044758569449186325,0.033863890916109085,0.0350639708340168,0.041135698556900024,0.033863890916109085,0.033863890916109085,0.03998897969722748,0.04230698570609093,0.038760241121053696,0.033863890916109085,0.033863890916109085,0.03893246501684189,0.03820456564426422,0.033863890916109085,0.033863890916109085,0.033863890916109085,0.033863890916109085,0.033863890916109085,0.033863890916109085
2018-05-07,0.038829244673252106,0.0339663065969944,0.0339663065969944,0.0433645136654377,0.035695962607860565,0.0339663065969944,0.03662564978003502,0.052354782819747925,0.044260088354349136,0.0339663065969944,0.034701742231845856,0.04027343913912773,0.0339663065969944,0.0339663065969944,0.040025144815444946,0.042897529900074005,0.03887668251991272,0.0339663065969944,0.0339663065969944,0.038215216249227524,0.038351695984601974,0.0339663065969944,0.0339663065969944,0.0339663065969944,0.0339663065969944,0.0339663065969944,0.0339663065969944
2018-05-08,0.03855641186237335,0.03406394645571709,0.03406394645571709,0.04339398443698883,0.035389628261327744,0.03406394645571709,0.037041932344436646,0.05134067311882973,0.04414490610361099,0.03406394645571709,0.03406394645571709,0.04038987681269646,0.03406394645571709,0.03407958149909973,0.04021675884723663,0.04324163496494293,0.038943614810705185,0.03406394645571709,0.03406394645571709,0.0375298373401165,0.038835860788822174,0.03406394645571709,0.03406394645571709,0.03406394645571709,0.03406394645571709,0.03406394645571709,0.03406394645571709
2018-05-09,0.03863006830215454,0.03405454754829407,0.03405454754829407,0.04345995560288429,0.035503070801496506,0.03405454754829407,0.03730600327253342,0.05101705342531204,0.04407959803938866,0.03405454754829407,0.03405454754829407,0.040342628955841064,0.03405454754829407,0.03426471725106239,0.04055418074131012,0.0437890999019146,0.03839997947216034,0.03405454754829407,0.03405454754829407,0.03734394907951355,0.03854604437947273,0.03405454754829407,0.03405454754829407,0.03405454754829407,0.03405454754829407,0.03405454754829407,0.03405454754829407
2018-05-10,0.03837647661566734,0.03398255258798599,0.03398255258798599,0.043457359075546265,0.03471633791923523,0.03398255258798599,0.037925612181425095,0.050189875066280365,0.04360800236463547,0.03398255258798599,0.03398255258798599,0.040445394814014435,0.03398255258798599,0.035740192979574203,0.04019300639629364,0.0446394719183445,0.03760829195380211,0.03398255258798599,0.03398255258798599,0.038416579365730286,0.038927678018808365,0.03398255258798599,0.03398255258798599,0.03398255258798599,0.03398255258798599,0.03398255258798599,0.03398255258798599
2018-05-11,0.03798689693212509,0.034062109887599945,0.034062109887599945,0.04340212047100067,0.03418630734086037,0.034062109887599945,0.038520295172929764,0.049275197088718414,0.04287319630384445,0.034062109887599945,0.034062109887599945,0.03995514288544655,0.034062109887599945,0.03656391799449921,0.04001091793179512,0.04518149420619011,0.03745501488447189,0.034062109887599945,0.034062109887599945,0.03863345459103584,0.039086468517780304,0.034062109887599945,0.034062109887599945,0.034062109887599945,0.034062109887599945,0.034062109887599945,0.034062109887599945
2018-05-14,0.037439361214637756,0.034120768308639526,0.034120768308639526,0.043317053467035294,0.034120768308639526,0.034120768308639526,0.03875996544957161,0.048259664326906204,0.0422404520213604,0.034120768308639526,0.034120768308639526,0.04000374674797058,0.034120768308639526,0.03725564852356911,0.039528537541627884,0.045172661542892456,0.037672895938158035,0.034120768308639526,0.034120768308639526,0.0391448475420475,0.039393629878759384,0.034120768308639526,0.034120768308639526,0.034120768308639526,0.034120768308639526,0.034120768308639526,0.034120768308639526
2018-05-15,0.03695642948150635,0.0341218039393425,0.0341218039393425,0.04384072497487068,0.0341218039393425,0.0341218039393425,0.03918267413973808,0.04764655604958534,0.04179440438747406,0.0341218039393425,0.0341218039393425,0.03951478376984596,0.0341218039393425,0.0381680428981781,0.03907763585448265,0.04506521672010422,0.03743493929505348,0.0341218039393425,0.0341218039393425,0.04006574675440788,0.03942578285932541,0.0341218039393425,0.0341218039393425,0.0341218039393425,0.0341218039393425,0.0341218039393425,0.0341218039393425
2018-05-16,0.03690589591860771,0.03402872756123543,0.03402872756123543,0.04460914805531502,0.03402872756123543,0.03402872756123543,0.03935909643769264,0.04848615452647209,0.04229916259646416,0.03402872756123543,0.03402872756123543,0.039026159793138504,0.03402872756123543,0.03765472024679184,0.039182309061288834,0.04446783661842346,0.038233958184719086,0.03402872756123543,0.03402872756123543,0.04033954069018364,0.03900512680411339,0.03402872756123543,0.03402872756123543,0.03402872756123543,0.03402872756123543,0.03402872756123543,0.03402872756123543
2018-05-17,0.03670194000005722,0.0341089628636837,0.0341089628636837,0.04419904947280884,0.0341089628636837,0.0341089628636837,0.03925199434161186,0.04828190430998802,0.042153920978307724,0.0341089628636837,0.0341089628636837,0.03895234689116478,0.0341089628636837,0.037403471767902374,0.03868239372968674,0.04412358999252319,0.03894004598259926,0.0341089628636837,0.0341089628636837,0.040247075259685516,0.03942782059311867,0.0341089628636837,0.0341089628636837,0.0341089628636837,0.0341089628636837,0.0341089628636837,0.0341089628636837
2018-05-18,0.03633788973093033,0.034151166677474976,0.034151166677474976,0.04394933581352234,0.034151166677474976,0.034151166677474976,0.03904720023274422,0.04864457622170448,0.042058732360601425,0.034151166677474976,0.034151166677474976,0.03877198323607445,0.034151166677474976,0.03780785948038101,0.03755072504281998,0.043519966304302216,0.03915422409772873,0.034151166677474976,0.034151166677474976,0.041109077632427216,0.039780959486961365,0.034151166677474976,0.034151166677474976,0.034151166677474976,0.034151166677474976,0.034151166677474976,0.034151166677474976
2018-05-21,0.03667644038796425,0.03409543260931969,0.03409543260931969,0.04426537826657295,0.03409543260931969,0.03409543260931969,0.03911271691322327,0.04892699792981148,0.042058296501636505,0.03409543260931969,0.03409543260931969,0.03889114037156105,0.03409543260931969,0.03767361491918564,0.03804672881960869,0.04375021532177925,0.038601104170084,0.03409543260931969,0.03409543260931969,0.040820714086294174,0.03974514827132225,0.03409543260931969,0.03409543260931969,0.03409543260931969,0.03409543260931969,0.03409543260931969,0.03409543260931969
2018-05-22,0.036778807640075684,0.03416719660162926,0.03416719660162926,0.04417940601706505,0.03416719660162926,0.03416719660162926,0.0392451286315918,0.04852410778403282,0.04152333736419678,0.03416719660162926,0.03416719660162926,0.03835248574614525,0.03416719660162926,0.03871767222881317,0.03801729902625084,0.04370829090476036,0.03753377124667168,0.03416719660162926,0.03416719660162926,0.040854692459106445,0.04005700722336769,0.03416719660162926,0.03416719660162926,0.03416719660162926,0.03416719660162926,0.03416719660162926,0.03416719660162926
2018-05-23,0.036632053554058075,0.03424644470214844,0.03424644470214844,0.04388514906167984,0.03424644470214844,0.03424644470214844,0.03956558555364609,0.04812416061758995,0.041343145072460175,0.03424644470214844,0.03424644470214844,0.03787097707390785,0.03424644470214844,0.03898531571030617,0.037397775799036026,0.04380308464169502,0.037745218724012375,0.03424644470214844,0.03424644470214844,0.04089408740401268,0.04005681350827217,0.03424644470214844,0.03424644470214844,0.03424644470214844,0.03424644470214844,0.03424644470214844,0.03424644470214844
2018-05-24,0.03651322424411774,0.03405213728547096,0.03405213728547096,0.044238071888685226,0.03405213728547096,0.03405213728547096,0.03973052278161049,0.04875801131129265,0.0420016348361969,0.03405213728547096,0.03405213728547096,0.03802148252725601,0.03405213728547096,0.039017271250486374,0.0380161851644516,0.0439705066382885,0.03809652104973793,0.03405213728547096,0.03405213728547096,0.04154748469591141,0.03930705413222313,0.03405213728547096,0.03405213728547096,0.03405213728547096,0.03405213728547096,0.03405213728547096,0.03405213728547096
2018-05-25,0.036545224487781525,0.0340612418949604,0.0340612418949604,0.044288717210292816,0.0340612418949604,0.0340612418949604,0.039804209023714066,0.04881484434008598,0.04216592758893967,0.0340612418949604,0.0340612418949604,0.03795894607901573,0.0340612418949604,0.038692522794008255,0.03819049894809723,0.04401460662484169,0.03836251050233841,0.0340612418949604,0.0340612418949604,0.041060350835323334,0.03918307274580002,0.0340612418949604,0.0340612418949604,0.0340612418949604,0.0340612418949604,0.0340612418949604,0.0340612418949604
2018-05-29,0.03628278151154518,0.0340384915471077,0.0340384915471077,0.04445154592394829,0.0340384915471077,0.0340384915471077,0.03954039141535759,0.04909433797001839,0.04226917028427124,0.0340384915471077,0.0340384915471077,0.038030676543712616,0.0340384915471077,0.038627635687589645,0.03820597007870674,0.04386751726269722,0.03882758319377899,0.0340384915471077,0.0340384915471077,0.041342079639434814,0.03888295963406563,0.0340384915471077,0.0340384915471077,0.0340384915471077,0.0340384915471077,0.0340384915471077,0.0340384915471077
2018-05-30,0.036288704723119736,0.03395970165729523,0.03395970165729523,0.04439347982406616,0.03395970165729523,0.03395970165729523,0.038627684116363525,0.04996725171804428,0.043065305799245834,0.03395970165729523,0.03395970165729523,0.03953186050057411,0.03395970165729523,0.03684023395180702,0.03831839933991432,0.04375772550702095,0.03958416357636452,0.03395970165729523,0.03395970165729523,0.04170025512576103,0.03852943331003189,0.03395970165729523,0.03395970165729523,0.03395970165729523,0.03395970165729523,0.03395970165729523,0.03395970165729523
2018-05-31,0.035978395491838455,0.03396979346871376,0.03396979346871376,0.043698716908693314,0.03396979346871376,0.03396979346871376,0.0392281599342823,0.049139354377985,0.04306405037641525,0.03396979346871376,0.03396979346871376,0.038745276629924774,0.03396979346871376,0.03800594061613083,0.037748344242572784,0.043367333710193634,0.04048427194356918,0.03396979346871376,0.03396979346871376,0.04249870404601097,0.0384945385158062,0.03396979346871376,0.03396979346871376,0.03396979346871376,0.03396979346871376,0.03396979346871376,0.03396979346871376
2018-06-01,0.03634657710790634,0.033889710903167725,0.033889710903167725,0.04408423975110054,0.033889710903167725,0.033889710903167725,0.03868832811713219,0.049837835133075714,0.04350027069449425,0.033889710903167725,0.033889710903167725,0.03960311412811279,0.033889710903167725,0.03701620548963547,0.03866620734333992,0.04333207383751869,0.04027954861521721,0.033889710903167725,0.033889710903167725,0.042132265865802765,0.03816762566566467,0.033889710903167725,0.033889710903167725,0.033889710903167725,0.033889710903167725,0.033889710903167725,0.033889710903167725
2018-06-04,0.035842519253492355,0.03391188755631447,0.03391188755631447,0.043673332780599594,0.03391188755631447,0.03391188755631447,0.03941559046506882,0.04893018677830696,0.04330378770828247,0.03391188755631447,0.03391188755631447,0.03892466425895691,0.03391188755631447,0.037858691066503525,0.03800628334283829,0.043818626552820206,0.040391955524683,0.03391188755631447,0.03391188755631447,0.04307213053107262,0.03808395937085152,0.03391188755631447,0.03391188755631447,0.03391188755631447,0.03391188755631447,0.03391188755631447,0.03391188755631447
2018-06-05,0.03560391813516617,0.03394800424575806,0.03394800424575806,0.04313956946134567,0.03394800424575806,0.03394800424575806,0.039655864238739014,0.04832441359758377,0.04312703385949135,0.03394800424575806,0.03394800424575806,0.03885277360677719,0.03394800424575806,0.03841700777411461,0.03843523561954498,0.04400191083550453,0.04075256735086441,0.03394800424575806,0.03394800424575806,0.0427076555788517,0.03776196390390396,0.03394800424575806,0.03394800424575806,0.03394800424575806,0.03394800424575806,0.03394800424575806,0.03394800424575806
2018-06-06,0.035810213536024094,0.033975813537836075,0.033975813537836075,0.04304121062159538,0.033975813537836075,0.033975813537836075,0.03936147317290306,0.04845301806926727,0.04323972016572952,0.033975813537836075,0.033975813537836075,0.03921584412455559,0.033975813537836075,0.03798538073897362,0.03913820907473564,0.04409041255712509,0.04071155935525894,0.033975813537836075,0.033975813537836075,0.041613075882196426,0.03770270571112633,0.033975813537836075,0.033975813537836075,0.033975813537836075,0.033975813537836075,0.033975813537836075,0.033975813537836075
2018-06-07,0.03550931066274643,0.03400376811623573,0.03400376811623573,0.043202321976423264,0.03400376811623573,0.03400376811623573,0.040278494358062744,0.04747622832655907,0.04288576543331146,0.03400376811623573,0.03400376811623573,0.03838738426566124,0.03400376811623573,0.039158888161182404,0.03911107778549194,0.044302988797426224,0.04034629464149475,0.03400376811623573,0.03400376811623573,0.041607338935136795,0.03767740726470947,0.03400376811623573,0.03400376811623573,0.03400376811623573,0.03400376811623573,0.03400376811623573,0.03400376811623573
2018-06-08,0.03573664277791977,0.03403731808066368,0.03403731808066368,0.0432882234454155,0.03403731808066368,0.03403731808066368,0.040570780634880066,0.04693270102143288,0.04301650822162628,0.03403731808066368,0.03403731808066368,0.03796321153640747,0.03403731808066368,0.03933914005756378,0.03875412419438362,0.04381726682186127,0.04083837941288948,0.03403731808066368,0.03403731808066368,0.04090060666203499,0.03828263655304909,0.03403731808066368,0.03403731808066368,0.03403731808066368,0.03403731808066368,0.03403731808066368,0.03403731808066368
2018-06-11,0.035842638462781906,0.03411456570029259,0.03411456570029259,0.04345977306365967,0.03411456570029259,0.03411456570029259,0.040831878781318665,0.04615787789225578,0.04277677461504936,0.03411456570029259,0.03411456570029259,0.03752956539392471,0.03411456570029259,0.03944231569766998,0.039016325026750565,0.04342209920287132,0.04142303019762039,0.03411456570029259,0.03411456570029259,0.039942387491464615,0.03843681141734123,0.03411456570029259,0.03411456570029259,0.03411456570029259,0.03411456570029259,0.03411456570029259,0.03411456570029259
2018-06-12,0.03583957627415657,0.03424504026770592,0.03424504026770592,0.04324909299612045,0.03424504026770592,0.03424504026770592,0.04090750217437744,0.04533618688583374,0.042532291263341904,0.03424504026770592,0.03424504026770592,0.037322890013456345,0.03424504026770592,0.03964240103960037,0.038879480212926865,0.043224845081567764,0.041371311992406845,0.03424504026770592,0.03424504026770592,0.039330244064331055,0.03868858516216278,0.03424504026770592,0.03424504026770592,0.03424504026770592,0.03424504026770592,0.03424504026770592,0.03424504026770592
2018-06-13,0.036005645990371704,0.034196507185697556,0.034196507185697556,0.043575216084718704,0.034196507185697556,0.034196507185697556,0.04099688306450844,0.04550906643271446,0.04285983741283417,0.034196507185697556,0.034196507185697556,0.03744226321578026,0.034196507185697556,0.03941662237048149,0.03970634564757347,0.04333486035466194,0.04127328842878342,0.034196507185697556,0.034196507185697556,0.038554344326257706,0.03837801516056061,0.034196507185697556,0.034196507185697556,0.034196507185697556,0.034196507185697556,0.034196507185697556,0.034196507185697556
2018-06-14,0.03624890744686127,0.03412875533103943,0.03412875533103943,0.04419095814228058,0.03412875533103943,0.03412875533103943,0.04124711826443672,0.045512281358242035,0.042227040976285934,0.03412875533103943,0.03412875533103943,0.03724731504917145,0.03412875533103943,0.03988555073738098,0.04014911502599716,0.04375600069761276,0.04017333686351776,0.03412875533103943,0.03412875533103943,0.03905321657657623,0.03837784007191658,0.03412875533103943,0.03412875533103943,0.03412875533103943,0.03412875533103943,0.03412875533103943,0.03412875533103943
2018-06-15,0.036276061087846756,0.03416373208165169,0.03416373208165169,0.04421615228056908,0.03416373208165169,0.03416373208165169,0.04062535613775253,0.04595468193292618,0.04214947298169136,0.03416373208165169,0.03416373208165169,0.03751077502965927,0.03416373208165169,0.03937021642923355,0.040255121886730194,0.04367419332265854,0.04018748179078102,0.03416373208165169,0.03416373208165169,0.038662027567625046,0.038662414997816086,0.03416373208165169,0.03416373208165169,0.03416373208165169,0.03416373208165169,0.03416373208165169,0.03416373208165169
2018-06-18,0.03601644188165665,0.03432140871882439,0.03432140871882439,0.04383566230535507,0.03432140871882439,0.03432140871882439,0.03991897404193878,0.046140823513269424,0.041993703693151474,0.03432140871882439,0.03432140871882439,0.03765248507261276,0.03432140871882439,0.03850995749235153,0.040519215166568756,0.04341468960046768,0.04139094799757004,0.03432140871882439,0.03432140871882439,0.03754722326993942,0.0382387675344944,0.03432140871882439,0.03432140871882439,0.03432140871882439,0.03432140871882439,0.03432140871882439,0.03432140871882439
2018-06-19,0.03640227019786835,0.03427071124315262,0.03427071124315262,0.04376547411084175,0.03427071124315262,0.03427071124315262,0.0395306795835495,0.04693044722080231,0.04221757873892784,0.03427071124315262,0.03427071124315262,0.03820781409740448,0.03427071124315262,0.03809993341565132,0.04083819314837456,0.04377653822302818,0.04037163034081459,0.03427071124315262,0.03427071124315262,0.03790019452571869,0.03789858520030975,0.03427071124315262,0.03427071124315262,0.03427071124315262,0.03427071124315262,0.03427071124315262,0.03427071124315262
2018-06-20,0.03645839914679527,0.03438693657517433,0.03438693657517433,0.0431443527340889,0.03438693657517433,0.03438693657517433,0.0390804149210453,0.04648251086473465,0.042031094431877136,0.03438693657517433,0.03438693657517433,0.03868068382143974,0.03438693657517433,0.03791755437850952,0.04078859090805054,0.04373949393630028,0.040614254772663116,0.03438693657517433,0.03438693657517433,0.03733302652835846,0.037925586104393005,0.03438693657517433,0.03438693657517433,0.03438693657517433,0.03438693657517433,0.03438693657517433,0.03438693657517433
2018-06-21,0.0365494042634964,0.03440342843532562,0.03440342843532562,0.0427142009139061,0.03440342843532562,0.03440342843532562,0.03844882547855377,0.0469944067299366,0.042421210557222366,0.03440342843532562,0.03440342843532562,0.03921709209680557,0.03440342843532562,0.0370972640812397,0.041213419288396835,0.0432787649333477,0.040991634130477905,0.03440342843532562,0.03440342843532562,0.037181172519922256,0.03784111887216568,0.03440342843532562,0.03440342843532562,0.03440342843532562,0.03440342843532562,0.03440342843532562,0.03440342843532562
2018-06-22,0.03668414428830147,0.034453097730875015,0.034453097730875015,0.041958753019571304,0.034453097730875015,0.034453097730875015,0.03754793480038643,0.04727794975042343,0.042469900101423264,0.034453097730875015,0.034453097730875015,0.039997197687625885,0.034453097730875015,0.03659679740667343,0.040803462266922,0.04318864643573761,0.041134029626846313,0.034453097730875015,0.034453097730875015,0.03762972354888916,0.03791498392820358,0.034453097730875015,0.034453097730875015,0.034453097730875015,0.034453097730875015,0.034453097730875015,0.034453097730875015
2018-06-25,0.035872913897037506,0.03456835448741913,0.03456835448741913,0.04210805520415306,0.03456835448741913,0.03456835448741913,0.038218408823013306,0.04639279469847679,0.04228198900818825,0.03456835448741913,0.03456835448741913,0.03910386562347412,0.03456835448741913,0.037075288593769073,0.03882414847612381,0.04305854067206383,0.04191536828875542,0.03456835448741913,0.03456835448741913,0.038219306617975235,0.03840402141213417,0.03456835448741913,0.03456835448741913,0.03456835448741913,0.03456835448741913,0.03456835448741913,0.03456835448741913
2018-06-26,0.035853154957294464,0.03450637683272362,0.03450637683272362,0.0420161634683609,0.03450637683272362,0.03450637683272362,0.03769557550549507,0.047591131180524826,0.042597368359565735,0.03450637683272362,0.03450637683272362,0.039317261427640915,0.03450637683272362,0.03702140972018242,0.038465648889541626,0.04271090030670166,0.04232886806130409,0.03450637683272362,0.03450637683272362,0.03830499202013016,0.03850191459059715,0.03450637683272362,0.03450637683272362,0.03450637683272362,0.03450637683272362,0.03450637683272362,0.03450637683272362
2018-06-27,0.03661492466926575,0.03446434810757637,0.03446434810757637,0.041483838111162186,0.03446434810757637,0.03446434810757637,0.03726855292916298,0.04825231805443764,0.04273591190576553,0.03446434810757637,0.03446434810757637,0.03973383083939552,0.03446434810757637,0.03618544712662697,0.03911614790558815,0.042488791048526764,0.04245474562048912,0.03446434810757637,0.03446434810757637,0.038163572549819946,0.0385366752743721,0.03446434810757637,0.03446434810757637,0.03446434810757637,0.03446434810757637,0.03446434810757637,0.03446434810757637
2018-06-28,0.03685981407761574,0.03449186310172081,0.03449186310172081,0.041193146258592606,0.03449186310172081,0.03449186310172081,0.036636367440223694,0.04898456484079361,0.04244455322623253,0.03449186310172081,0.03449186310172081,0.039675600826740265,0.03449186310172081,0.03625376522541046,0.03784599155187607,0.04206541180610657,0.04251541942358017,0.03449186310172081,0.03449186310172081,0.03890744596719742,0.03923992067575455,0.03449186310172081,0.03449186310172081,0.03449186310172081,0.03449186310172081,0.03449186310172081,0.03449186310172081
2018-06-29,0.03686625137925148,0.03470851853489876,0.03470851853489876,0.04061724990606308,0.03470851853489876,0.03470851853489876,0.03668457269668579,0.04805316403508186,0.041874032467603683,0.03470851853489876,0.03470851853489876,0.03930611163377762,0.03470851853489876,0.03629878908395767,0.03687990829348564,0.04256269335746765,0.04298480972647667,0.03470851853489876,0.03470851853489876,0.03737898916006088,0.039865605533123016,0.03470851853489876,0.03470851853489876,0.03470851853489876,0.03470851853489876,0.03470851853489876,0.03470851853489876
2018-07-02,0.03747071698307991,0.03472696244716644,0.03472696244716644,0.04036784917116165,0.03472696244716644,0.03472696244716644,0.036572571843862534,0.04765906557440758,0.04146783426403999,0.03472696244716644,0.03472696244716644,0.03903065249323845,0.03472696244716644,0.035560060292482376,0.03660240024328232,0.04245477169752121,0.04363756999373436,0.03472696244716644,0.03472696244716644,0.03791432082653046,0.040244508534669876,0.03472696244716644,0.03472696244716644,0.03472696244716644,0.03472696244716644,0.03472696244716644,0.03484020754694939
2018-07-03,0.0375642292201519,0.03463483601808548,0.03463483601808548,0.040386904031038284,0.03463483601808548,0.03463483601808548,0.03644445538520813,0.048063356429338455,0.04243575409054756,0.03463483601808548,0.03463483601808548,0.03960132598876953,0.03463483601808548,0.03512128069996834,0.038354866206645966,0.04195092245936394,0.043508537113666534,0.03463483601808548,0.03463483601808548,0.03791767731308937,0.039128199219703674,0.03463483601808548,0.03463483601808548,0.03463483601808548,0.03463483601808548,0.03463483601808548,0.03463483601808548
2018-07-05,0.03758012130856514,0.034704893827438354,0.034704893827438354,0.04043395444750786,0.034704893827438354,0.034704893827438354,0.03658057749271393,0.04760420694947243,0.04182616248726845,0.034704893827438354,0.034704893827438354,0.039416875690221786,0.034704893827438354,0.034803569316864014,0.037951596081256866,0.042346421629190445,0.04387541115283966,0.034704893827438354,0.034704893827438354,0.03754463419318199,0.03946308046579361,0.034704893827438354,0.034704893827438354,0.034704893827438354,0.034704893827438354,0.034704893827438354,0.034704893827438354
2018-07-06,0.03735387697815895,0.03474630415439606,0.03474630415439606,0.040642622858285904,0.03474630415439606,0.03474630415439606,0.03684312105178833,0.04718644171953201,0.04196805879473686,0.03474630415439606,0.03474630415439606,0.038988061249256134,0.03474630415439606,0.03487423434853554,0.037972498685121536,0.04224855825304985,0.04395759850740433,0.03474630415439606,0.03474630415439606,0.0373239628970623,0.0394463986158371,0.03474630415439606,0.03474630415439606,0.03474630415439606,0.03474630415439606,0.03474630415439606,0.03474630415439606
2018-07-09,0.03773632273077965,0.034764666110277176,0.034764666110277176,0.04031774029135704,0.034764666110277176,0.034764666110277176,0.03711263835430145,0.04697522148489952,0.04199079051613808,0.034764666110277176,0.034764666110277176,0.03850710764527321,0.034764666110277176,0.034764666110277176,0.037942059338092804,0.04234262555837631,0.043839339166879654,0.034764666110277176,0.034764666110277176,0.03750353679060936,0.03949800133705139,0.034764666110277176,0.034764666110277176,0.034764666110277176,0.034764666110277176,0.034764666110277176,0.034764666110277176
2018-07-10,0.0374903567135334,0.034615062177181244,0.034615062177181244,0.040492404252290726,0.034615062177181244,0.034615062177181244,0.03823014721274376,0.046578940004110336,0.04149172455072403,0.034615062177181244,0.034615062177181244,0.037457071244716644,0.034615062177181244,0.03643449395895004,0.03663485124707222,0.0428590290248394,0.04198602959513664,0.034615062177181244,0.034615062177181244,0.04091014713048935,0.040208905935287476,0.034615062177181244,0.034615062177181244,0.034615062177181244,0.034615062177181244,0.034615062177181244,0.034615062177181244
2018-07-11,0.03713712468743324,0.03454957157373428,0.03454957157373428,0.040692225098609924,0.03454957157373428,0.03454957157373428,0.038639575242996216,0.046390701085329056,0.04159260913729668,0.03454957157373428,0.03454957157373428,0.03686569258570671,0.03454957157373428,0.0373385064303875,0.03623109310865402,0.042210277169942856,0.04207324981689453,0.03454957157373428,0.03454957157373428,0.04258235916495323,0.04000300168991089,0.03454957157373428,0.03454957157373428,0.03454957157373428,0.03454957157373428,0.03454957157373428,0.03454957157373428
2018-07-12,0.03744868189096451,0.03460630029439926,0.03460630029439926,0.04070112481713295,0.03460630029439926,0.03460630029439926,0.03839314356446266,0.04608561843633652,0.04124787077307701,0.03460630029439926,0.03460630029439926,0.03670578822493553,0.03460630029439926,0.03747957572340965,0.03700128197669983,0.04217541217803955,0.04206429421901703,0.03460630029439926,0.03460630029439926,0.04171513020992279,0.03988759219646454,0.03460630029439926,0.03460630029439926,0.03460630029439926,0.03460630029439926,0.03460630029439926,0.03460630029439926
2018-07-13,0.036788780242204666,0.03451434522867203,0.03451434522867203,0.04082563519477844,0.03451434522867203,0.03451434522867203,0.03903421387076378,0.04595215618610382,0.04105067998170853,0.03451434522867203,0.03451434522867203,0.03644672408699989,0.03451434522867203,0.03820142149925232,0.0373174287378788,0.04270126670598984,0.04156094789505005,0.03451434522867203,0.03497084975242615,0.0425097718834877,0.039388276636600494,0.03451434522867203,0.03451434522867203,0.03456531837582588,0.03451434522867203,0.03451434522867203,0.03451434522867203
2018-07-16,0.03660842031240463,0.03437294065952301,0.03437294065952301,0.04092651233077049,0.03437294065952301,0.03437294065952301,0.03889288008213043,0.045730870217084885,0.041376713663339615,0.03437294065952301,0.03437294065952301,0.03640662133693695,0.03437294065952301,0.03933759033679962,0.036779794842004776,0.042180512100458145,0.04118277505040169,0.03437294065952301,0.034601643681526184,0.044602420181035995,0.03940381109714508,0.03437294065952301,0.03437294065952301,0.03512123227119446,0.03437294065952301,0.03437294065952301,0.03437294065952301
2018-07-17,0.036039795726537704,0.03434830158948898,0.03434830158948898,0.04102100804448128,0.03434830158948898,0.03434830158948898,0.039620038121938705,0.04497918114066124,0.04087572544813156,0.03434830158948898,0.03434830158948898,0.03592230752110481,0.03434830158948898,0.040305111557245255,0.03629317879676819,0.043407242745161057,0.04013293981552124,0.03434830158948898,0.03499997407197952,0.04498886689543724,0.0392984077334404,0.03434830158948898,0.03434830158948898,0.03558826446533203,0.03434830158948898,0.03434830158948898,0.03434830158948898
2018-07-18,0.0359630212187767,0.034547265619039536,0.034547265619039536,0.040066223591566086,0.034547265619039536,0.034547265619039536,0.03939390182495117,0.04413503408432007,0.04081546142697334,0.034547265619039536,0.034547265619039536,0.035369183868169785,0.034547265619039536,0.040464337915182114,0.0353844128549099,0.04303980618715286,0.04103391617536545,0.034547265619039536,0.03471320867538452,0.04377680644392967,0.04024961590766907,0.034547265619039536,0.034547265619039536,0.0364806242287159,0.034547265619039536,0.034547265619039536,0.034547265619039536
2018-07-19,0.034925881773233414,0.03438695892691612,0.03438695892691612,0.04061761125922203,0.03438695892691612,0.03438695892691612,0.03998084366321564,0.043706368654966354,0.04067079350352287,0.03438695892691612,0.03438695892691612,0.03582622855901718,0.03438695892691612,0.04141616076231003,0.035526763647794724,0.04420027881860733,0.0403614304959774,0.03438695892691612,0.03466777130961418,0.045495904982089996,0.0398324579000473,0.03438695892691612,0.03438695892691612,0.03574106842279434,0.03438695892691612,0.03438695892691612,0.03438695892691612
2018-07-20,0.03531871363520622,0.03436768427491188,0.03436768427491188,0.0409882627427578,0.03436768427491188,0.03436768427491188,0.04017273709177971,0.043965380638837814,0.04142877086997032,0.03436768427491188,0.03436768427491188,0.036472003906965256,0.03436768427491188,0.041090887039899826,0.03633316978812218,0.044617388397455215,0.040694866329431534,0.03436768427491188,0.03436768427491188,0.04354848712682724,0.039854079484939575,0.03436768427491188,0.03436768427491188,0.03436768427491188,0.03436768427491188,0.03436768427491188,0.03436768427491188
2018-07-23,0.03504127264022827,0.034263286739587784,0.034263286739587784,0.04124702513217926,0.034263286739587784,0.034263286739587784,0.04049743339419365,0.04432930052280426,0.04167843610048294,0.034263286739587784,0.034263286739587784,0.036158133298158646,0.034263286739587784,0.04195261746644974,0.0365130677819252,0.04471004009246826,0.04044899716973305,0.034263286739587784,0.034263286739587784,0.044042326509952545,0.03943200036883354,0.034263286739587784,0.034263286739587784,0.034263286739587784,0.034263286739587784,0.034263286739587784,0.034263286739587784
2018-07-24,0.03456445038318634,0.03416135907173157,0.03416135907173157,0.042130280286073685,0.03416135907173157,0.03416135907173157,0.04118478670716286,0.044225115329027176,0.04166494682431221,0.03416135907173157,0.03416135907173157,0.03594538941979408,0.03416135907173157,0.042281802743673325,0.036570657044649124,0.045459333807229996,0.03941471502184868,0.03416135907173157,0.034709323197603226,0.044400475919246674,0.03918970003724098,0.03416135907173157,0.03416135907173157,0.03416135907173157,0.03416135907173157,0.03416135907173157,0.03416135907173157
2018-07-25,0.03417127951979637,0.03417127951979637,0.03417127951979637,0.04208425432443619,0.03417127951979637,0.03417127951979637,0.04193812236189842,0.04330514371395111,0.041571181267499924,0.03417127951979637,0.03417127951979637,0.03517861291766167,0.03417127951979637,0.04336778074502945,0.03598014637827873,0.045898374170064926,0.038718875497579575,0.03417127951979637,0.03566473722457886,0.04398341104388237,0.03960702568292618,0.03417127951979637,0.03417127951979637,0.034304387867450714,0.03417127951979637,0.03417127951979637,0.03417127951979637
2018-07-26,0.034096043556928635,0.034096043556928635,0.034096043556928635,0.042644795030355453,0.034096043556928635,0.034096043556928635,0.042505230754613876,0.04399120435118675,0.04237641021609306,0.034096043556928635,0.034096043556928635,0.03489347919821739,0.034096043556928635,0.04298064857721329,0.03700818121433258,0.044804587960243225,0.03915607929229736,0.034096043556928635,0.0361490435898304,0.04310092702507973,0.03894878551363945,0.034096043556928635,0.034096043556928635,0.034096043556928635,0.034096043556928635,0.034096043556928635,0.034096043556928635
2018-07-27,0.0341305211186409,0.0341305211186409,0.0341305211186409,0.04239927977323532,0.0341305211186409,0.0341305211186409,0.042439233511686325,0.04360917955636978,0.04158039763569832,0.0341305211186409,0.0341305211186409,0.03414342924952507,0.0341305211186409,0.04377511516213417,0.03631453961133957,0.04408387839794159,0.039335984736680984,0.0341305211186409,0.03694155067205429,0.04376385733485222,0.039515573531389236,0.0341305211186409,0.0341305211186409,0.03427068889141083,0.0341305211186409,0.0341305211186409,0.0341305211186409
2018-07-30,0.034205809235572815,0.034205809235572815,0.034205809235572815,0.04274152219295502,0.034205809235572815,0.034205809235572815,0.04176789149641991,0.04281007871031761,0.04047560691833496,0.034205809235572815,0.034205809235572815,0.03443547710776329,0.034205809235572815,0.04412807896733284,0.035132501274347305,0.04361347481608391,0.039084941148757935,0.034205809235572815,0.037319984287023544,0.04481562599539757,0.04054988920688629,0.034205809235572815,0.034205809235572815,0.034243591129779816,0.034205809235572815,0.034205809235572815,0.034205809235572815
2018-07-31,0.03420175611972809,0.03420175611972809,0.03420175611972809,0.042913392186164856,0.03420175611972809,0.03420175611972809,0.041941192001104355,0.04309271275997162,0.041229598224163055,0.03420175611972809,0.03420175611972809,0.034808624535799026,0.03420175611972809,0.04347919672727585,0.03432503715157509,0.04350211098790169,0.03959215059876442,0.03420175611972809,0.03655621036887169,0.04487542435526848,0.04065800830721855,0.03420175611972809,0.03420175611972809,0.03420175611972809,0.03420175611972809,0.03420175611972809,0.03420175611972809
2018-08-01,0.034159235656261444,0.034159235656261444,0.034159235656261444,0.04262402281165123,0.034159235656261444,0.034159235656261444,0.041744403541088104,0.043653398752212524,0.04170547053217888,0.034159235656261444,0.034159235656261444,0.034733258187770844,0.034159235656261444,0.043313734233379364,0.03456605225801468,0.042381566017866135,0.04002372920513153,0.034159235656261444,0.03624342754483223,0.0462072417140007,0.04041511192917824,0.034159235656261444,0.034159235656261444,0.034159235656261444,0.034159235656261444,0.034159235656261444,0.034159235656261444
2018-08-02,0.034202590584754944,0.034202590584754944,0.034202590584754944,0.042321667075157166,0.034202590584754944,0.034202590584754944,0.04123222455382347,0.044587790966033936,0.04238796979188919,0.034202590584754944,0.034202590584754944,0.03548245131969452,0.034202590584754944,0.042161956429481506,0.03507377952337265,0.042244166135787964,0.04019026830792427,0.034202590584754944,0.03570428863167763,0.04633541405200958,0.039239197969436646,0.034202590584754944,0.034202590584754944,0.034202590584754944,0.034202590584754944,0.034202590584754944,0.034202590584754944
2018-08-03,0.03414103761315346,0.03414103761315346,0.03414103761315346,0.0421757772564888,0.03414103761315346,0.03414103761315346,0.040606286376714706,0.04564543813467026,0.042507197707891464,0.03414103761315346,0.03414103761315346,0.036091823130846024,0.03414103761315346,0.04162638261914253,0.03573772311210632,0.041737642139196396,0.040676504373550415,0.03414103761315346,0.03504018485546112,0.04796244949102402,0.038077037781476974,0.03414103761315346,0.03414103761315346,0.03414103761315346,0.03414103761315346,0.03414103761315346,0.03414103761315346
2018-08-06,0.03409936651587486,0.03409936651587486,0.03409936651587486,0.04221513122320175,0.03409936651587486,0.03409936651587486,0.04088827595114708,0.045613061636686325,0.042399775236845016,0.03409936651587486,0.03409936651587486,0.036127299070358276,0.03409936651587486,0.041686050593853,0.03547121211886406,0.04192350059747696,0.04078862816095352,0.03409936651587486,0.03505156189203262,0.04825439304113388,0.038090676069259644,0.03409936651587486,0.03409936651587486,0.03409936651587486,0.03409936651587486,0.03409936651587486,0.03409936651587486
2018-08-07,0.034196868538856506,0.034196868538856506,0.034196868538856506,0.04215683415532112,0.034196868538856506,0.034196868538856506,0.040611475706100464,0.04552841559052467,0.04197000712156296,0.034196868538856506,0.034196868538856506,0.036380451172590256,0.034196868538856506,0.04124616086483002,0.03509099408984184,0.04232345521450043,0.04103668034076691,0.034196868538856506,0.03497430682182312,0.047199320048093796,0.038528915494680405,0.034196868538856506,0.034196868538856506,0.034196868538856506,0.034196868538856506,0.034196868538856506,0.034196868538856506
2018-08-08,0.03422775864601135,0.03422775864601135,0.03422775864601135,0.04239949956536293,0.03422775864601135,0.03422775864601135,0.04051646217703819,0.04499518498778343,0.04100861772894859,0.03422775864601135,0.03422775864601135,0.03619925677776337,0.03422775864601135,0.04190497472882271,0.03422775864601135,0.04317282885313034,0.0403805710375309,0.03422775864601135,0.03575114160776138,0.04686391353607178,0.03916343301534653,0.03422775864601135,0.03422775864601135,0.03422775864601135,0.03422775864601135,0.03422775864601135,0.03422775864601135
2018-08-09,0.0340813472867012,0.0340813472867012,0.0340813472867012,0.04282824695110321,0.0340813472867012,0.0340813472867012,0.04077419638633728,0.04502337798476219,0.040987733751535416,0.0340813472867012,0.0340813472867012,0.03638066351413727,0.0340813472867012,0.04209187254309654,0.03484673425555229,0.04343947768211365,0.04031430184841156,0.0340813472867012,0.03543581813573837,0.048025038093328476,0.03863239660859108,0.0340813472867012,0.0340813472867012,0.0340813472867012,0.0340813472867012,0.0340813472867012,0.0340813472867012
2018-08-10,0.03402208909392357,0.03402208909392357,0.03402208909392357,0.04308026283979416,0.03402208909392357,0.03402208909392357,0.040646471083164215,0.04533868655562401,0.040843985974788666,0.03402208909392357,0.03402208909392357,0.036444056779146194,0.03402208909392357,0.04189553111791611,0.0353657566010952,0.04303421080112457,0.040364913642406464,0.03402208909392357,0.0354723185300827,0.04910683631896973,0.03807564079761505,0.03402208909392357,0.03402208909392357,0.03402208909392357,0.03402208909392357,0.03402208909392357,0.03402208909392357
2018-08-13,0.03389520198106766,0.03389520198106766,0.03389520198106766,0.043904006481170654,0.03389520198106766,0.03389520198106766,0.04078225418925285,0.0462062731385231,0.04160322621464729,0.03389520198106766,0.03389520198106766,0.03681117668747902,0.03389520198106766,0.041217654943466187,0.03563506156206131,0.04254777729511261,0.040340982377529144,0.03389520198106766,0.03503868356347084,0.05021527782082558,0.03726962208747864,0.03389520198106766,0.03389520198106766,0.03389520198106766,0.03389520198106766,0.03389520198106766,0.03389520198106766
2018-08-14,0.03383229300379753,0.03383229300379753,0.03383229300379753,0.04426155984401703,0.03383229300379753,0.03383229300379753,0.04072480648756027,0.04651586711406708,0.04152242839336395,0.03383229300379753,0.03383229300379753,0.03679738938808441,0.03383229300379753,0.04115122929215431,0.03557027876377106,0.04262726008892059,0.03994715213775635,0.03383229300379753,0.0351356603205204,0.05107925459742546,0.03718273341655731,0.03383229300379753,0.03383229300379753,0.03383229300379753,0.03383229300379753,0.03383229300379753,0.03383229300379753
2018-08-15,0.03380938991904259,0.03380938991904259,0.03380938991904259,0.04428962245583534,0.03380938991904259,0.03380938991904259,0.04065899923443794,0.04647640511393547,0.041355084627866745,0.03380938991904259,0.03380938991904259,0.03696368262171745,0.03380938991904259,0.04099806770682335,0.03531365469098091,0.04312551021575928,0.039933942258358,0.03380938991904259,0.035171765834093094,0.05123540759086609,0.03733700513839722,0.03380938991904259,0.03380938991904259,0.03380938991904259,0.03380938991904259,0.03380938991904259,0.03380938991904259
2018-08-16,0.033888526260852814,0.033888526260852814,0.033888526260852814,0.043586209416389465,0.033888526260852814,0.033888526260852814,0.04044567421078682,0.0462249219417572,0.04099038988351822,0.033888526260852814,0.033888526260852814,0.03732449188828468,0.033888526260852814,0.04080763831734657,0.034752726554870605,0.04402158036828041,0.039649706333875656,0.033888526260852814,0.03486979752779007,0.05156296119093895,0.03742492198944092,0.033888526260852814,0.033888526260852814,0.033888526260852814,0.033888526260852814,0.033888526260852814,0.03389966860413551
2018-08-17,0.03376763314008713,0.03376763314008713,0.03376763314008713,0.04338550195097923,0.03376763314008713,0.03376763314008713,0.040775176137685776,0.046530287712812424,0.039919886738061905,0.03376763314008713,0.03376763314008713,0.03643716499209404,0.03376763314008713,0.04189935699105263,0.03386972099542618,0.043444935232400894,0.03873112425208092,0.03376763314008713,0.03589095547795296,0.054841917008161545,0.03753247112035751,0.03376763314008713,0.03376763314008713,0.03376763314008713,0.03376763314008713,0.03376763314008713,0.03399456664919853
2018-08-20,0.033790815621614456,0.033790815621614456,0.033790815621614456,0.04317628592252731,0.033790815621614456,0.033790815621614456,0.04085959121584892,0.046126872301101685,0.039710696786642075,0.033790815621614456,0.033790815621614456,0.03608870133757591,0.033790815621614456,0.042531099170446396,0.033790815621614456,0.04374505952000618,0.03857550770044327,0.033790815621614456,0.0358014851808548,0.05480673164129257,0.037741824984550476,0.033790815621614456,0.033790815621614456,0.033790815621614456,0.033790815621614456,0.033790815621614456,0.033973947167396545
2018-08-21,0.033851508051157,0.033851508051157,0.033851508051157,0.04319898784160614,0.033851508051157,0.033851508051157,0.040763746947050095,0.04582032561302185,0.03917049989104271,0.033851508051157,0.033851508051157,0.03608061745762825,0.033851508051157,0.04280902072787285,0.033851508051157,0.04421145096421242,0.038552626967430115,0.033851508051157,0.03611748665571213,0.05339813604950905,0.03822498396039009,0.033851508051157,0.033851508051157,0.033851508051157,0.033851508051157,0.033851508051157,0.03387954831123352
2018-08-22,0.03392033278942108,0.03392033278942108,0.03392033278942108,0.042695727199316025,0.03392033278942108,0.03392033278942108,0.04068978503346443,0.04481898620724678,0.038399528712034225,0.03392033278942108,0.03392033278942108,0.03560497984290123,0.03392033278942108,0.04358350485563278,0.03392033278942108,0.04540156573057175,0.03816928714513779,0.03392033278942108,0.036259278655052185,0.052500952035188675,0.03889913856983185,0.03392033278942108,0.03392033278942108,0.03392033278942108,0.03392033278942108,0.03392033278942108,0.034172236919403076
2018-08-23,0.03392428532242775,0.03392428532242775,0.03392428532242775,0.042743463069200516,0.03392428532242775,0.03392428532242775,0.04065047949552536,0.04477213695645332,0.03858783096075058,0.03392428532242775,0.03392428532242775,0.035586997866630554,0.03392428532242775,0.04370562732219696,0.03392428532242775,0.04552201181650162,0.03789788484573364,0.03392428532242775,0.036176733672618866,0.052717216312885284,0.038849443197250366,0.03392428532242775,0.03392428532242775,0.03392428532242775,0.03392428532242775,0.03392428532242775,0.033925920724868774
2018-08-24,0.033922769129276276,0.033922769129276276,0.033922769129276276,0.04267306998372078,0.033922769129276276,0.033922769129276276,0.04048466309905052,0.04484952613711357,0.038773126900196075,0.033922769129276276,0.033922769129276276,0.035570982843637466,0.033922769129276276,0.043852802366018295,0.033922769129276276,0.045484915375709534,0.03764798119664192,0.033922769129276276,0.03632878139615059,0.05288993567228317,0.0386134572327137,0.033922769129276276,0.033922769129276276,0.03398922458291054,0.033922769129276276,0.033922769129276276,0.033922769129276276
2018-08-27,0.03392105549573898,0.03392105549573898,0.03392105549573898,0.042634714394807816,0.03392105549573898,0.03392105549573898,0.040494050830602646,0.04479033127427101,0.03854149952530861,0.03392105549573898,0.03392105549573898,0.03529111668467522,0.03392105549573898,0.04417337104678154,0.034036364406347275,0.04541909694671631,0.03735490143299103,0.03392105549573898,0.03661053627729416,0.05243176221847534,0.03869285807013512,0.03392105549573898,0.03392105549573898,0.03463459014892578,0.03392105549573898,0.03392105549573898,0.03392105549573898
2018-08-28,0.03391600772738457,0.03391600772738457,0.03391600772738457,0.04220084473490715,0.03391600772738457,0.03391600772738457,0.04066774621605873,0.04374854266643524,0.03773052245378494,0.03391600772738457,0.03391600772738457,0.034723635762929916,0.03391600772738457,0.04551003873348236,0.03391600772738457,0.046111833304166794,0.036620497703552246,0.03391600772738457,0.03722289204597473,0.052010782063007355,0.039369791746139526,0.03391600772738457,0.03391600772738457,0.035342808812856674,0.03391600772738457,0.03391600772738457,0.03391600772738457
2018-08-29,0.03388949856162071,0.03388949856162071,0.03388949856162071,0.04257916286587715,0.03388949856162071,0.03388949856162071,0.04083245247602463,0.0440358892083168,0.03803620487451553,0.03388949856162071,0.03388949856162071,0.03450731933116913,0.03388949856162071,0.0456111915409565,0.03404083847999573,0.045977331697940826,0.03618070110678673,0.03388949856162071,0.03734561428427696,0.05157216638326645,0.03924641013145447,0.03388949856162071,0.03388949856162071,0.035581719130277634,0.03388949856162071,0.03388949856162071,0.03388949856162071
2018-08-30,0.03385933116078377,0.03385933116078377,0.03385933116078377,0.04269056022167206,0.03385933116078377,0.03385933116078377,0.04100392013788223,0.04425842687487602,0.03844118118286133,0.03385933116078377,0.03385933116078377,0.03448486328125,0.03385933116078377,0.045772768557071686,0.03467157855629921,0.0458378791809082,0.035886868834495544,0.03385933116078377,0.037351060658693314,0.051012251526117325,0.03891393542289734,0.03385933116078377,0.03385933116078377,0.03564409911632538,0.03385933116078377,0.03385933116078377,0.03385933116078377
2018-08-31,0.03374519944190979,0.03374519944190979,0.03374519944190979,0.04341164976358414,0.03374519944190979,0.03374519944190979,0.041374895721673965,0.04530462622642517,0.03938085213303566,0.03374519944190979,0.03374519944190979,0.034572534263134,0.03374519944190979,0.04508814960718155,0.035051826387643814,0.045351773500442505,0.035282332450151443,0.03374519944190979,0.03677361458539963,0.052812691777944565,0.0378388874232769,0.03374519944190979,0.03374519944190979,0.035323355346918106,0.03374519944190979,0.03374519944190979,0.03374519944190979
2018-09-04,0.03372467681765556,0.03372467681765556,0.03372467681765556,0.04359564557671547,0.03372467681765556,0.03372467681765556,0.04097006842494011,0.046128131449222565,0.03967365622520447,0.03372467681765556,0.03372467681765556,0.03545333072543144,0.03372467681765556,0.044546522200107574,0.03585539758205414,0.04560843110084534,0.03481173887848854,0.03372467681765556,0.03635074570775032,0.052696049213409424,0.03750850632786751,0.03372467681765556,0.03372467681765556,0.03465629369020462,0.03372467681765556,0.03372467681765556,0.03372467681765556
2018-09-05,0.03422989696264267,0.03379661589860916,0.03379661589860916,0.0435204841196537,0.03379661589860916,0.03379661589860916,0.04129352048039436,0.04539545625448227,0.03923256695270538,0.03379661589860916,0.03379661589860916,0.03574240952730179,0.03379661589860916,0.04458053782582283,0.03664274886250496,0.04656710475683212,0.03379661589860916,0.03379661589860916,0.0363212488591671,0.05164829641580582,0.03744024038314819,0.03379661589860916,0.03379661589860916,0.034232817590236664,0.03379661589860916,0.03379661589860916,0.03379661589860916
2018-09-06,0.03377979248762131,0.03377979248762131,0.03377979248762131,0.04367256537079811,0.03377979248762131,0.03377979248762131,0.041863054037094116,0.04437524080276489,0.03821557015180588,0.03377979248762131,0.03377979248762131,0.03503100201487541,0.03377979248762131,0.04528370127081871,0.03415245935320854,0.04690912738442421,0.035054028034210205,0.03377979248762131,0.03632134571671486,0.05408741906285286,0.0383375808596611,0.03377979248762131,0.03377979248762131,0.03377979248762131,0.03377979248762131,0.03377979248762131,0.03377979248762131
2018-09-07,0.03367304801940918,0.03367304801940918,0.03367304801940918,0.0444781519472599,0.03367304801940918,0.03367304801940918,0.041913170367479324,0.04410881921648979,0.037644993513822556,0.03367304801940918,0.03367304801940918,0.034700945019721985,0.03367304801940918,0.045535799115896225,0.03386443108320236,0.046612098813056946,0.035175152122974396,0.03367304801940918,0.037089746445417404,0.055146388709545135,0.03863457962870598,0.03367304801940918,0.03367304801940918,0.03367304801940918,0.03367304801940918,0.03367304801940918,0.03367304801940918
2018-09-10,0.033614274114370346,0.033614274114370346,0.033614274114370346,0.04477584734559059,0.033614274114370346,0.033614274114370346,0.041622601449489594,0.0448128879070282,0.03823021054267883,0.033614274114370346,0.033614274114370346,0.03530924767255783,0.033614274114370346,0.04505879431962967,0.034971751272678375,0.04639042168855667,0.03471225127577782,0.033614274114370346,0.037051010876894,0.05451285094022751,0.038338035345077515,0.033614274114370346,0.033614274114370346,0.033614274114370346,0.033614274114370346,0.033614274114370346,0.033614274114370346
2018-09-11,0.033735983073711395,0.033735983073711395,0.033735983073711395,0.04396415501832962,0.033735983073711395,0.033735983073711395,0.041151612997055054,0.04443974420428276,0.03779451549053192,0.033735983073711395,0.033735983073711395,0.03536030277609825,0.033735983073711395,0.04550289735198021,0.034576769918203354,0.04628199338912964,0.035545919090509415,0.033735983073711395,0.03699066489934921,0.05308390408754349,0.03926783427596092,0.033735983073711395,0.033735983073711395,0.033735983073711395,0.033735983073711395,0.033735983073711395,0.033735983073711395
2018-09-12,0.03374304622411728,0.03374304622411728,0.03374304622411728,0.04345142841339111,0.03374304622411728,0.03374304622411728,0.04058035835623741,0.044396333396434784,0.038197845220565796,0.03374304622411728,0.03374304622411728,0.03618908300995827,0.03374304622411728,0.04560503363609314,0.03539951145648956,0.04618394747376442,0.03555630147457123,0.03374304622411728,0.03676270693540573,0.05260518193244934,0.0389266200363636,0.03374304622411728,0.03374304622411728,0.03374304622411728,0.03374304622411728,0.03374304622411728,0.03374304622411728
2018-09-13,0.03385716676712036,0.03385716676712036,0.03385716676712036,0.0433984100818634,0.03385716676712036,0.03385716676712036,0.04013479873538017,0.044921182096004486,0.03888573870062828,0.03385716676712036,0.03385716676712036,0.036612194031476974,0.03385716676712036,0.04470175504684448,0.03614969924092293,0.04543432965874672,0.03677721694111824,0.03385716676712036,0.03632352501153946,0.050099022686481476,0.038704607635736465,0.03385716676712036,0.03385716676712036,0.03385716676712036,0.03385716676712036,0.03385716676712036,0.03385716676712036
2018-09-14,0.03387242928147316,0.03387242928147316,0.03387242928147316,0.0433574803173542,0.03387242928147316,0.03387242928147316,0.04015650227665901,0.04573575779795647,0.03984316810965538,0.03387242928147316,0.03387242928147316,0.03687078505754471,0.03387242928147316,0.0439566932618618,0.03765200078487396,0.045003678649663925,0.03693634271621704,0.03387242928147316,0.036053888499736786,0.04842662811279297,0.03792065382003784,0.03387242928147316,0.03387242928147316,0.03387242928147316,0.03387242928147316,0.03387242928147316,0.03387242928147316
2018-09-17,0.034131456166505814,0.03391151502728462,0.03391151502728462,0.04319528117775917,0.03391151502728462,0.03391151502728462,0.04024592414498329,0.04561750963330269,0.03974127769470215,0.03391151502728462,0.03391151502728462,0.03667421638965607,0.03391151502728462,0.044117655605077744,0.037805575877428055,0.045078426599502563,0.036618538200855255,0.03391151502728462,0.03606300801038742,0.048209015280008316,0.03774088993668556,0.03391151502728462,0.03391151502728462,0.03391151502728462,0.03391151502728462,0.03391151502728462,0.03391151502728462
2018-09-18,0.03384549170732498,0.03384549170732498,0.03384549170732498,0.04361460357904434,0.03384549170732498,0.03384549170732498,0.04006290063261986,0.045623913407325745,0.03962181136012077,0.03384549170732498,0.03384549170732498,0.036611419171094894,0.03384549170732498,0.04423050954937935,0.03687796741724014,0.04476015269756317,0.03718104958534241,0.03384549170732498,0.03600528463721275,0.0495830662548542,0.03814493119716644,0.03384549170732498,0.03384549170732498,0.03384549170732498,0.03384549170732498,0.03384549170732498,0.03384549170732498
2018-09-19,0.03435538709163666,0.03390471264719963,0.03390471264719963,0.04329891502857208,0.03390471264719963,0.03390471264719963,0.04014749452471733,0.045151665806770325,0.039178479462862015,0.03390471264719963,0.03390471264719963,0.03609184920787811,0.03390471264719963,0.04447842389345169,0.03650395944714546,0.045024722814559937,0.03704441711306572,0.03390471264719963,0.03624635562300682,0.04920338839292526,0.03860896825790405,0.03390471264719963,0.03390471264719963,0.03390471264719963,0.03390471264719963,0.03390471264719963,0.03390471264719963
2018-09-20,0.03469396010041237,0.033827848732471466,0.033827848732471466,0.04361634701490402,0.033827848732471466,0.033827848732471466,0.04050016403198242,0.044662244617938995,0.037934474647045135,0.033827848732471466,0.033827848732471466,0.03544057160615921,0.033827848732471466,0.04538780823349953,0.0354902409017086,0.045857928693294525,0.03538977727293968,0.033827848732471466,0.03704763948917389,0.050692588090896606,0.039574604481458664,0.033827848732471466,0.033827848732471466,0.033949632197618484,0.033827848732471466,0.033827848732471466,0.033827848732471466
2018-09-21,0.03439458832144737,0.03391002491116524,0.03391002491116524,0.043619509786367416,0.03391002491116524,0.03391002491116524,0.040849920362234116,0.04430878534913063,0.037902478128671646,0.03391002491116524,0.03391002491116524,0.03504253551363945,0.03391002491116524,0.044837258756160736,0.03498174622654915,0.04606105387210846,0.03607553616166115,0.03391002491116524,0.03725988045334816,0.04960329458117485,0.04032307118177414,0.03391002491116524,0.03391002491116524,0.03391002491116524,0.03391002491116524,0.03391002491116524,0.03391002491116524
2018-09-24,0.03466976061463356,0.03389047831296921,0.03389047831296921,0.04415367916226387,0.03389047831296921,0.03389047831296921,0.04091209918260574,0.04445626586675644,0.038215722888708115,0.03389047831296921,0.03389047831296921,0.035229429602622986,0.03389047831296921,0.04459028318524361,0.03559738025069237,0.04589921236038208,0.0360630564391613,0.03389047831296921,0.037176989018917084,0.04845453053712845,0.040114883333444595,0.03389047831296921,0.03389047831296921,0.03389047831296921,0.03389047831296921,0.03389047831296921,0.03389047831296921
2018-09-25,0.03474655747413635,0.033811602741479874,0.033811602741479874,0.045372381806373596,0.033811602741479874,0.033811602741479874,0.041607726365327835,0.04456169158220291,0.038467589765787125,0.033811602741479874,0.033811602741479874,0.03501727804541588,0.033811602741479874,0.044066064059734344,0.036002080887556076,0.046162307262420654,0.03535790368914604,0.033811602741479874,0.03747115656733513,0.04810575768351555,0.03969903290271759,0.033811602741479874,0.033811602741479874,0.033811602741479874,0.033811602741479874,0.033811602741479874,0.033811602741479874
2018-09-26,0.0356372632086277,0.033795587718486786,0.033795587718486786,0.0457344576716423,0.033795587718486786,0.033795587718486786,0.04146566987037659,0.045063525438308716,0.03864309564232826,0.033795587718486786,0.033795587718486786,0.03563150763511658,0.033795587718486786,0.043320007622241974,0.03689011186361313,0.04687659814953804,0.03452790528535843,0.033795587718486786,0.037442393600940704,0.046044718474149704,0.03958446532487869,0.033795587718486786,0.033795587718486786,0.033795587718486786,0.033795587718486786,0.033795587718486786,0.033795587718486786
2018-09-27,0.03587847203016281,0.03384372219443321,0.03384372219443321,0.04633215069770813,0.03384372219443321,0.03384372219443321,0.041345153003931046,0.045114666223526,0.0387137308716774,0.03384372219443321,0.03384372219443321,0.035777922719717026,0.03384372219443321,0.04249590262770653,0.03695838898420334,0.046946413815021515,0.03515560179948807,0.03384372219443321,0.037244655191898346,0.044333793222904205,0.03989104554057121,0.03384372219443321,0.03384372219443321,0.03384372219443321,0.03384372219443321,0.03384372219443321,0.03384372219443321
2018-09-28,0.03578348830342293,0.0338529534637928,0.0338529534637928,0.04637405276298523,0.0338529534637928,0.0338529534637928,0.04122019559144974,0.04542040452361107,0.0394316203892231,0.0338529534637928,0.0338529534637928,0.03633536398410797,0.0338529534637928,0.04176189750432968,0.03748111426830292,0.04666789248585701,0.03573418781161308,0.0338529534637928,0.036637093871831894,0.04371481016278267,0.039496541023254395,0.0338529534637928,0.0338529534637928,0.0338529534637928,0.0338529534637928,0.0338529534637928,0.0338529534637928
2018-10-01,0.036027878522872925,0.0339101143181324,0.0339101143181324,0.04606134817004204,0.0339101143181324,0.0339101143181324,0.040980368852615356,0.046092357486486435,0.03997042402625084,0.0339101143181324,0.0339101143181324,0.03655148670077324,0.0339101143181324,0.040948931127786636,0.03783174976706505,0.04619068652391434,0.03660448640584946,0.0339101143181324,0.03577306866645813,0.04268701747059822,0.039538562297821045,0.0339101143181324,0.0339101143181324,0.0339101143181324,0.0339101143181324,0.0339101143181324,0.0339101143181324
2018-10-02,0.036265939474105835,0.03386445343494415,0.03386445343494415,0.046306587755680084,0.03386445343494415,0.03386445343494415,0.04068306088447571,0.04706447198987007,0.04046977311372757,0.03386445343494415,0.03386445343494415,0.03678744658827782,0.03386445343494415,0.04038257524371147,0.03833002969622612,0.04546493664383888,0.036496806889772415,0.03386445343494415,0.03558269143104553,0.042673613876104355,0.03938974812626839,0.03386445343494415,0.03386445343494415,0.03386445343494415,0.03386445343494415,0.03386445343494415,0.03386445343494415
2018-10-03,0.03525413200259209,0.03381844237446785,0.03381844237446785,0.04662478715181351,0.03381844237446785,0.03381844237446785,0.04121135175228119,0.04713662713766098,0.04123489186167717,0.03381844237446785,0.03381844237446785,0.036399196833372116,0.03381844237446785,0.04046253114938736,0.03761926293373108,0.04530096426606178,0.036812808364629745,0.03381844237446785,0.035557862371206284,0.04374227672815323,0.0391850546002388,0.03381844237446785,0.03381844237446785,0.03381844237446785,0.03381844237446785,0.03381844237446785,0.03381844237446785
2018-10-04,0.035303566604852676,0.033823613077402115,0.033823613077402115,0.04662087932229042,0.033823613077402115,0.033823613077402115,0.04118724539875984,0.04686764255166054,0.04100351780653,0.033823613077402115,0.033823613077402115,0.03671214357018471,0.033823613077402115,0.040484752506017685,0.03744706138968468,0.04592929035425186,0.03618686646223068,0.033823613077402115,0.035576432943344116,0.04390549659729004,0.039244554936885834,0.033823613077402115,0.033823613077402115,0.033823613077402115,0.033823613077402115,0.033823613077402115,0.033823613077402115
2018-10-05,0.034737084060907364,0.03369518741965294,0.03369518741965294,0.047147735953330994,0.03369518741965294,0.03369518741965294,0.04135061427950859,0.04736866429448128,0.04113166406750679,0.03369518741965294,0.03369518741965294,0.036382224410772324,0.03369518741965294,0.040577296167612076,0.03654872626066208,0.045443132519721985,0.037020497024059296,0.03369518741965294,0.03558656945824623,0.04586188122630119,0.039111293852329254,0.03369518741965294,0.03369518741965294,0.03369518741965294,0.03369518741965294,0.03369518741965294,0.03369518741965294
2018-10-08,0.034845028072595596,0.033718500286340714,0.033718500286340714,0.04715335741639137,0.033718500286340714,0.033718500286340714,0.04127192869782448,0.047483038157224655,0.04095985367894173,0.033718500286340714,0.033718500286340714,0.0361446887254715,0.033718500286340714,0.04023202508687973,0.03645464777946472,0.044871315360069275,0.03737470507621765,0.033718500286340714,0.03580845147371292,0.04612341150641441,0.03921859338879585,0.033718500286340714,0.033718500286340714,0.033718500286340714,0.033718500286340714,0.033718500286340714,0.033718500286340714
2018-10-09,0.03444686159491539,0.033687375485897064,0.033687375485897064,0.04711659625172615,0.033687375485897064,0.033687375485897064,0.04096752777695656,0.0478670708835125,0.04073395952582359,0.033687375485897064,0.033687375485897064,0.03602128103375435,0.033687375485897064,0.04037453979253769,0.035804446786642075,0.044283173978328705,0.03789449855685234,0.033687375485897064,0.035802118480205536,0.04780866205692291,0.0392560213804245,0.033687375485897064,0.033687375485897064,0.033687375485897064,0.033687375485897064,0.033687375485897064,0.033687375485897064
2018-10-10,0.03456075116991997,0.033694859594106674,0.033694859594106674,0.046494029462337494,0.033694859594106674,0.033694859594106674,0.04070021212100983,0.047833625227212906,0.04072974622249603,0.033694859594106674,0.033694859594106674,0.03632684051990509,0.033694859594106674,0.040115322917699814,0.03531709313392639,0.04398143291473389,0.03822716325521469,0.033694859594106674,0.03562501072883606,0.04863011837005615,0.039730630815029144,0.033694859594106674,0.033694859594106674,0.033694859594106674,0.033694859594106674,0.033694859594106674,0.033694859594106674
2018-10-11,0.03609089180827141,0.0337936095893383,0.0337936095893383,0.046148378401994705,0.0337936095893383,0.0337936095893383,0.03857244551181793,0.05034300684928894,0.04079031944274902,0.0337936095893383,0.0337936095893383,0.037335507571697235,0.0337936095893383,0.039186909794807434,0.03556249663233757,0.04217735677957535,0.03895169869065285,0.0337936095893383,0.03416869789361954,0.04788669943809509,0.039675064384937286,0.0337936095893383,0.0337936095893383,0.0337936095893383,0.0337936095893383,0.0337936095893383,0.0337936095893383
2018-10-12,0.038037385791540146,0.033832259476184845,0.033832259476184845,0.04418011009693146,0.033832259476184845,0.033832259476184845,0.03600050136446953,0.05269520357251167,0.04273408278822899,0.033832259476184845,0.03473643586039543,0.03964985907077789,0.033832259476184845,0.03642023727297783,0.03682762384414673,0.04082354158163071,0.038893818855285645,0.033832259476184845,0.033832259476184845,0.0461699403822422,0.03917960822582245,0.033832259476184845,0.033832259476184845,0.033832259476184845,0.033832259476184845,0.033832259476184845,0.033832259476184845
2018-10-15,0.03892863541841507,0.03385923057794571,0.03385923057794571,0.04365672171115875,0.03385923057794571,0.03385923057794571,0.03548860922455788,0.053124599158763885,0.04263344779610634,0.03385923057794571,0.03490077704191208,0.03994166851043701,0.03385923057794571,0.035526372492313385,0.03696393966674805,0.04076417535543442,0.03862956911325455,0.03385923057794571,0.03385923057794571,0.045793451368808746,0.03961873799562454,0.03385923057794571,0.03385923057794571,0.03385923057794571,0.03385923057794571,0.03385923057794571,0.03385923057794571
2018-10-16,0.038794517517089844,0.03393479436635971,0.03393479436635971,0.04336549714207649,0.03393479436635971,0.03393479436635971,0.035186853259801865,0.05347951129078865,0.041866425424814224,0.03393479436635971,0.035503532737493515,0.040285561233758926,0.03393479436635971,0.03541038557887077,0.0363428071141243,0.04113196209073067,0.038466326892375946,0.03393479436635971,0.03393479436635971,0.04491284489631653,0.04016663879156113,0.03393479436635971,0.03393479436635971,0.03393479436635971,0.03393479436635971,0.03393479436635971,0.03393479436635971
2018-10-17,0.03826819732785225,0.03397781029343605,0.03397781029343605,0.04360971599817276,0.03397781029343605,0.03397781029343605,0.0364750437438488,0.05212493613362312,0.04115242883563042,0.03397781029343605,0.034115020185709,0.03938588500022888,0.03397781029343605,0.036258526146411896,0.03581094369292259,0.0424211211502552,0.03854642063379288,0.03397781029343605,0.03397781029343605,0.0454183854162693,0.0407240130007267,0.03397781029343605,0.03397781029343605,0.03397781029343605,0.03397781029343605,0.03397781029343605,0.03397781029343605
2018-10-18,0.037515342235565186,0.03409098461270332,0.03409098461270332,0.043462976813316345,0.03409098461270332,0.03409098461270332,0.0365733839571476,0.051732759922742844,0.03956042602658272,0.03409098461270332,0.0343279205262661,0.03887151554226875,0.03409098461270332,0.03699016943573952,0.03509591147303581,0.04300480708479881,0.03880402073264122,0.03409098461270332,0.03409098461270332,0.04593835398554802,0.04083944857120514,0.03409098461270332,0.03409098461270332,0.03409098461270332,0.03409098461270332,0.03409098461270332,0.03410015255212784
2018-10-19,0.03788045048713684,0.03414766117930412,0.03414766117930412,0.04260976240038872,0.03414766117930412,0.03414766117930412,0.035702724009752274,0.05245443060994148,0.03913339227437973,0.03414766117930412,0.035515934228897095,0.03932012990117073,0.03414766117930412,0.03635508939623833,0.03506740555167198,0.04293312504887581,0.03866847604513168,0.03414766117930412,0.03414766117930412,0.04502301290631294,0.04086591303348541,0.03414766117930412,0.03414766117930412,0.03414766117930412,0.03414766117930412,0.03414766117930412,0.03455054387450218
2018-10-22,0.037676550447940826,0.03442380577325821,0.03442380577325821,0.04152365401387215,0.03442380577325821,0.03442380577325821,0.03557942807674408,0.05145639181137085,0.0379500575363636,0.03442380577325821,0.03509535640478134,0.03832843527197838,0.03442380577325821,0.036850448697805405,0.03442380577325821,0.04316633939743042,0.03956455737352371,0.03442380577325821,0.03442380577325821,0.04408375546336174,0.041518259793519974,0.03442380577325821,0.03442380577325821,0.03442380577325821,0.03442380577325821,0.03442380577325821,0.035273436456918716
2018-10-23,0.03824014589190483,0.03433363884687424,0.03433363884687424,0.04118816927075386,0.03433363884687424,0.03433363884687424,0.03500979021191597,0.05279252678155899,0.038759537041187286,0.03433363884687424,0.035572391003370285,0.038948334753513336,0.03433363884687424,0.03613004460930824,0.03484678268432617,0.042808085680007935,0.03942694142460823,0.03433363884687424,0.03433363884687424,0.04419388249516487,0.04100007936358452,0.03433363884687424,0.03433363884687424,0.03433363884687424,0.03433363884687424,0.03433363884687424,0.03474591672420502
2018-10-24,0.03719978779554367,0.03437558189034462,0.03437558189034462,0.04074694588780403,0.03437558189034462,0.03437558189034462,0.03437558189034462,0.05292796343564987,0.0394497811794281,0.03437558189034462,0.03574131801724434,0.04062025621533394,0.03437558189034462,0.035962238907814026,0.03636156767606735,0.04318980872631073,0.039911653846502304,0.03437558189034462,0.03437558189034462,0.042067140340805054,0.040187809616327286,0.03437558189034462,0.03437558189034462,0.03437558189034462,0.03437558189034462,0.03437558189034462,0.03437558189034462
2018-10-25,0.03743129223585129,0.03443719819188118,0.03443719819188118,0.04003322869539261,0.03443719819188118,0.03443719819188118,0.03443719819188118,0.05348166078329086,0.03980676457285881,0.03443719819188118,0.03676879405975342,0.04130185395479202,0.03443719819188118,0.03515800088644028,0.03719865530729294,0.04203483834862709,0.04077477380633354,0.03443719819188118,0.03443719819188118,0.03985481709241867,0.039597414433956146,0.03443719819188118,0.03443719819188118,0.03443719819188118,0.03443719819188118,0.03443719819188118,0.03443719819188118
2018-10-26,0.038153767585754395,0.03427238017320633,0.03427238017320633,0.040094077587127686,0.03427238017320633,0.03427238017320633,0.03427238017320633,0.05388180539011955,0.04056097939610481,0.03427238017320633,0.03648802638053894,0.041166502982378006,0.03427238017320633,0.03483125567436218,0.03757282719016075,0.04248226433992386,0.03967709466814995,0.03427238017320633,0.03427238017320633,0.04183513671159744,0.03917049616575241,0.03427238017320633,0.03427238017320633,0.03427238017320633,0.03427238017320633,0.03427238017320633,0.03427238017320633
2018-10-29,0.03851713985204697,0.03425322845578194,0.03425322845578194,0.039616506546735764,0.03425322845578194,0.03425322845578194,0.03425322845578194,0.054536089301109314,0.04048610478639603,0.03425322845578194,0.03752055764198303,0.04130329564213753,0.03425322845578194,0.03425322845578194,0.03679679334163666,0.041809696704149246,0.03942364454269409,0.03425322845578194,0.03425322845578194,0.042473264038562775,0.03898157179355621,0.03425322845578194,0.03425322845578194,0.03425322845578194,0.03425322845578194,0.03425322845578194,0.03473695367574692
2018-10-30,0.03845762461423874,0.03442811593413353,0.03442811593413353,0.038813069462776184,0.03442811593413353,0.03442811593413353,0.03442811593413353,0.054375894367694855,0.03928840532898903,0.03442811593413353,0.03846808522939682,0.040788885205984116,0.03442811593413353,0.03442811593413353,0.035599347203969955,0.04148213565349579,0.03945336118340492,0.03442811593413353,0.03442811593413353,0.042127825319767,0.03917426988482475,0.03442811593413353,0.03442811593413353,0.03442811593413353,0.03442811593413353,0.03442811593413353,0.03554942086338997
2018-10-31,0.03782598674297333,0.034553758800029755,0.034553758800029755,0.0391644723713398,0.034553758800029755,0.034553758800029755,0.034553758800029755,0.0532931424677372,0.038952186703681946,0.034553758800029755,0.037261299788951874,0.03943803533911705,0.034553758800029755,0.03566386550664902,0.034869398921728134,0.04221780225634575,0.04013527184724808,0.034553758800029755,0.034553758800029755,0.042503077536821365,0.03967216983437538,0.034553758800029755,0.034553758800029755,0.034553758800029755,0.034553758800029755,0.034553758800029755,0.03525066003203392
2018-11-01,0.036090947687625885,0.03459014743566513,0.03459014743566513,0.04001485928893089,0.03459014743566513,0.03459014743566513,0.035869479179382324,0.05032425746321678,0.03781310096383095,0.03459014743566513,0.034664336591959,0.0378999300301075,0.03459014743566513,0.038263872265815735,0.03459014743566513,0.04418878257274628,0.040307242423295975,0.03459014743566513,0.03459014743566513,0.04450291395187378,0.04054110497236252,0.03459014743566513,0.03459014743566513,0.03459014743566513,0.03459014743566513,0.03459014743566513,0.03525714948773384
2018-11-02,0.03568223491311073,0.03450743854045868,0.03450743854045868,0.04038097336888313,0.03450743854045868,0.03450743854045868,0.03642784804105759,0.05006544291973114,0.03792306408286095,0.03450743854045868,0.03450743854045868,0.0376792848110199,0.03450743854045868,0.03873758390545845,0.03450743854045868,0.044546425342559814,0.040065962821245193,0.03450743854045868,0.03450743854045868,0.045254409313201904,0.040438730269670486,0.03450743854045868,0.03450743854045868,0.03450743854045868,0.03450743854045868,0.03450743854045868,0.0351865254342556
2018-11-05,0.03558695316314697,0.03446764871478081,0.03446764871478081,0.040921900421381,0.03446764871478081,0.03446764871478081,0.036997728049755096,0.04955374076962471,0.03723593428730965,0.03446764871478081,0.03446764871478081,0.03647653013467789,0.03446764871478081,0.039479002356529236,0.03446764871478081,0.044883839786052704,0.039865892380476,0.03446764871478081,0.03446764871478081,0.04564197361469269,0.04082583636045456,0.03446764871478081,0.03446764871478081,0.03446764871478081,0.03446764871478081,0.03446764871478081,0.03551590442657471
2018-11-06,0.035421136766672134,0.03435734286904335,0.03435734286904335,0.0411347933113575,0.03435734286904335,0.03435734286904335,0.037678636610507965,0.049247000366449356,0.03721800446510315,0.03435734286904335,0.03435734286904335,0.035603079944849014,0.03435734286904335,0.04040518403053284,0.03435734286904335,0.04460187256336212,0.03965533524751663,0.03435734286904335,0.034588173031806946,0.04726569354534149,0.04082439839839935,0.03435734286904335,0.03435734286904335,0.03435734286904335,0.03435734286904335,0.03435734286904335,0.0353538915514946
2018-11-07,0.034844789654016495,0.0342094711959362,0.0342094711959362,0.0415588840842247,0.0342094711959362,0.0342094711959362,0.038185689598321915,0.048970576375722885,0.03728627413511276,0.0342094711959362,0.0342094711959362,0.03543790802359581,0.0342094711959362,0.04091013967990875,0.0342094711959362,0.04431817680597305,0.039495617151260376,0.0342094711959362,0.03506970778107643,0.04902473837137222,0.04067199304699898,0.0342094711959362,0.0342094711959362,0.0342094711959362,0.0342094711959362,0.0342094711959362,0.035292964428663254
2018-11-08,0.034041400998830795,0.034041400998830795,0.034041400998830795,0.04234306886792183,0.034041400998830795,0.034041400998830795,0.03842664137482643,0.04856860637664795,0.03721890598535538,0.034041400998830795,0.034041400998830795,0.035145558416843414,0.034041400998830795,0.041812874376773834,0.034041400998830795,0.04305266588926315,0.039137523621320724,0.034041400998830795,0.03583642840385437,0.05177190154790878,0.040646251291036606,0.034041400998830795,0.034041400998830795,0.034041400998830795,0.03439181670546532,0.034041400998830795,0.03506820648908615
2018-11-09,0.03391363471746445,0.03391363471746445,0.03391363471746445,0.043033793568611145,0.03391363471746445,0.03391363471746445,0.038840342313051224,0.04818787798285484,0.03713575378060341,0.03391363471746445,0.03391363471746445,0.034805599600076675,0.03391363471746445,0.042544737458229065,0.03391363471746445,0.042481984943151474,0.038658659905195236,0.03391363471746445,0.036452796310186386,0.05376322939991951,0.0401335135102272,0.03391363471746445,0.03391363471746445,0.03391363471746445,0.03429529815912247,0.03391363471746445,0.034875497221946716
2018-11-12,0.03387773782014847,0.03387773782014847,0.03387773782014847,0.04330165684223175,0.03387773782014847,0.03387773782014847,0.03879848122596741,0.048373401165008545,0.03711681440472603,0.03387773782014847,0.03417224436998367,0.03427567705512047,0.03387773782014847,0.042708441615104675,0.03387773782014847,0.041079796850681305,0.03890394791960716,0.03387773782014847,0.03655409812927246,0.054760657250881195,0.03967209532856941,0.03387773782014847,0.03387773782014847,0.03387773782014847,0.035054732114076614,0.03387773782014847,0.034817326813936234
2018-11-13,0.034004151821136475,0.03399220481514931,0.03399220481514931,0.04342001676559448,0.03399220481514931,0.03399220481514931,0.03844170644879341,0.048665571957826614,0.03729940950870514,0.03399220481514931,0.03439032658934593,0.03409815579652786,0.03399220481514931,0.04243306443095207,0.03399220481514931,0.04065929725766182,0.03941250964999199,0.03399220481514931,0.03613315522670746,0.05320560932159424,0.03973102942109108,0.03399220481514931,0.03399220481514931,0.03399220481514931,0.03546685725450516,0.03399220481514931,0.03473271057009697
2018-11-14,0.03407846391201019,0.034004006534814835,0.034004006534814835,0.043192680925130844,0.034004006534814835,0.034004006534814835,0.03835621848702431,0.048570189625024796,0.03705905005335808,0.034004006534814835,0.034144945442676544,0.034004006534814835,0.034004006534814835,0.04258180409669876,0.034004006534814835,0.04112289845943451,0.039218053221702576,0.034004006534814835,0.03602854534983635,0.053229667246341705,0.03996381163597107,0.034004006534814835,0.034004006534814835,0.034004006534814835,0.0353861078619957,0.034004006534814835,0.03501548618078232
2018-11-15,0.03448672220110893,0.03408674895763397,0.03408674895763397,0.04299471527338028,0.03408674895763397,0.03408674895763397,0.03806569054722786,0.04867403954267502,0.0371488556265831,0.03408674895763397,0.03410490229725838,0.03408674895763397,0.03408674895763397,0.042164843529462814,0.03408674895763397,0.0414714477956295,0.03953869268298149,0.03408674895763397,0.035647302865982056,0.051489319652318954,0.04041879624128342,0.03408674895763397,0.03408674895763397,0.03408674895763397,0.03533708304166794,0.03408674895763397,0.03532992675900459
2018-11-16,0.03395941108465195,0.03395941108465195,0.03395941108465195,0.04312223568558693,0.03395941108465195,0.03395941108465195,0.0387556329369545,0.04805857315659523,0.036762870848178864,0.03395941108465195,0.03395941108465195,0.03395941108465195,0.03395941108465195,0.04303828254342079,0.03395941108465195,0.04201065003871918,0.03901223838329315,0.03395941108465195,0.03627075254917145,0.053188443183898926,0.04018847644329071,0.03395941108465195,0.03395941108465195,0.03395941108465195,0.03493870794773102,0.03395941108465195,0.03526197001338005
2018-11-19,0.03390444442629814,0.03390444442629814,0.03390444442629814,0.04267207905650139,0.03390444442629814,0.03390444442629814,0.03848348185420036,0.04812546819448471,0.03681952878832817,0.03390444442629814,0.03390444442629814,0.03390444442629814,0.03390444442629814,0.043113354593515396,0.03390444442629814,0.04143766313791275,0.038859494030475616,0.03390444442629814,0.03610740229487419,0.054580703377723694,0.04018283635377884,0.03390444442629814,0.03390444442629814,0.03390444442629814,0.03571750596165657,0.03390444442629814,0.03533375635743141
2018-11-20,0.033870089799165726,0.033870089799165726,0.033870089799165726,0.04263670742511749,0.033870089799165726,0.033870089799165726,0.038072261959314346,0.04861966148018837,0.036686595529317856,0.033870089799165726,0.03427914157509804,0.033870089799165726,0.033870089799165726,0.04296107962727547,0.033870089799165726,0.04076208919286728,0.038707345724105835,0.033870089799165726,0.035914015024900436,0.05534404143691063,0.03996942564845085,0.033870089799165726,0.033870089799165726,0.033870089799165726,0.03615475818514824,0.033870089799165726,0.035711608827114105
2018-11-21,0.03418474271893501,0.033927369862794876,0.033927369862794876,0.04249272868037224,0.033927369862794876,0.033927369862794876,0.037763506174087524,0.049608271569013596,0.037100497633218765,0.033927369862794876,0.03466292470693588,0.033927369862794876,0.033927369862794876,0.04202333465218544,0.033927369862794876,0.04070049896836281,0.03870469704270363,0.033927369862794876,0.0356784388422966,0.05461803451180458,0.03955460712313652,0.033927369862794876,0.033927369862794876,0.033927369862794876,0.036085449159145355,0.033927369862794876,0.03576646372675896
2018-11-23,0.03450068458914757,0.03395421802997589,0.03395421802997589,0.04212601110339165,0.03395421802997589,0.03395421802997589,0.03777685388922691,0.04919455945491791,0.036705657839775085,0.03395421802997589,0.03438258543610573,0.03395421802997589,0.03395421802997589,0.04185296595096588,0.03395421802997589,0.04163083806633949,0.038342639803886414,0.03395421802997589,0.036025140434503555,0.054278649389743805,0.040072061121463776,0.03395421802997589,0.03395421802997589,0.03395421802997589,0.03564288839697838,0.03395421802997589,0.03606361523270607
2018-11-26,0.03463653847575188,0.033903613686561584,0.033903613686561584,0.04246461018919945,0.033903613686561584,0.033903613686561584,0.037561722099781036,0.05020121484994888,0.037008848041296005,0.033903613686561584,0.03519751876592636,0.034302711486816406,0.033903613686561584,0.04110484942793846,0.033903613686561584,0.04143029823899269,0.03818458318710327,0.033903613686561584,0.03593156859278679,0.05446431040763855,0.03937654197216034,0.033903613686561584,0.033903613686561584,0.033903613686561584,0.03534707799553871,0.033903613686561584,0.03594428673386574
2018-11-27,0.034055713564157486,0.033963292837142944,0.033963292837142944,0.041827574372291565,0.033963292837142944,0.033963292837142944,0.03790324553847313,0.048828594386577606,0.03613273426890373,0.033963292837142944,0.03418883681297302,0.033963292837142944,0.033963292837142944,0.04206058010458946,0.033963292837142944,0.04248331859707832,0.037707120180130005,0.033963292837142944,0.036323871463537216,0.05530988797545433,0.04010169580578804,0.033963292837142944,0.033963292837142944,0.033963292837142944,0.035185374319553375,0.033963292837142944,0.036368656903505325
2018-11-28,0.03391570597887039,0.03391570597887039,0.03391570597887039,0.041864242404699326,0.03391570597887039,0.03391570597887039,0.03813508525490761,0.0483260340988636,0.03578526899218559,0.03391570597887039,0.03391570597887039,0.03391570597887039,0.03391570597887039,0.04265374317765236,0.03391570597887039,0.042765941470861435,0.03745712339878082,0.03391570597887039,0.03647876903414726,0.056064672768116,0.040326885879039764,0.03391570597887039,0.03391570597887039,0.03391570597887039,0.034994758665561676,0.03391570597887039,0.03641187399625778
2018-11-29,0.03391403332352638,0.03391403332352638,0.03391403332352638,0.041770268231630325,0.03391403332352638,0.03391403332352638,0.038559552282094955,0.04733741655945778,0.035756491124629974,0.03391403332352638,0.03391403332352638,0.03391403332352638,0.03391403332352638,0.043392833322286606,0.03391403332352638,0.04270889610052109,0.03689693287014961,0.03391403332352638,0.03692707046866417,0.05656376853585243,0.040523938834667206,0.03391403332352638,0.03391403332352638,0.03391403332352638,0.03493688255548477,0.03391403332352638,0.03591540828347206
2018-11-30,0.033889032900333405,0.033889032900333405,0.033889032900333405,0.04232273995876312,0.033889032900333405,0.033889032900333405,0.038847871124744415,0.04701761156320572,0.03594806045293808,0.033889032900333405,0.033889032900333405,0.033889032900333405,0.033889032900333405,0.043645694851875305,0.033889032900333405,0.042818333953619,0.03672926872968674,0.033889032900333405,0.03713114187121391,0.056524306535720825,0.040541522204875946,0.033889032900333405,0.033889032900333405,0.033889032900333405,0.03447859734296799,0.033889032900333405,0.03565936163067818
2018-12-03,0.033816274255514145,0.033816274255514145,0.033816274255514145,0.04265240207314491,0.033816274255514145,0.033816274255514145,0.039568252861499786,0.04609278589487076,0.03595460206270218,0.033816274255514145,0.033816274255514145,0.033816274255514145,0.033816274255514145,0.04443887248635292,0.033816274255514145,0.04302431643009186,0.03685974329710007,0.033816274255514145,0.037481434643268585,0.05690939351916313,0.04031224176287651,0.033816274255514145,0.033816274255514145,0.033816274255514145,0.033816274255514145,0.033816274255514145,0.03564554452896118
2018-12-04,0.03391917422413826,0.03391917422413826,0.03391917422413826,0.0424194410443306,0.03391917422413826,0.03391917422413826,0.03907833248376846,0.045959342271089554,0.036246299743652344,0.03391917422413826,0.03391917422413826,0.03391917422413826,0.03391917422413826,0.044470466673374176,0.03391917422413826,0.04230388626456261,0.036504823714494705,0.03391917422413826,0.03775140643119812,0.056931156665086746,0.04031463339924812,0.03391917422413826,0.03391917422413826,0.03391917422413826,0.03410909324884415,0.03391917422413826,0.035123467445373535
2018-12-06,0.033864229917526245,0.033864229917526245,0.033864229917526245,0.04370548203587532,0.033864229917526245,0.033864229917526245,0.03981303796172142,0.04645461216568947,0.03688453510403633,0.033864229917526245,0.033864229917526245,0.033864229917526245,0.033864229917526245,0.043789975345134735,0.033864229917526245,0.042626287788152695,0.037339337170124054,0.033864229917526245,0.037402018904685974,0.05508588254451752,0.040238991379737854,0.033864229917526245,0.033864229917526245,0.033864229917526245,0.033864229917526245,0.033864229917526245,0.034832168370485306
2018-12-07,0.034039877355098724,0.033876627683639526,0.033876627683639526,0.04361797496676445,0.033876627683639526,0.033876627683639526,0.039775002747774124,0.046918194741010666,0.036842890083789825,0.033876627683639526,0.033876627683639526,0.033876627683639526,0.033876627683639526,0.043539196252822876,0.033876627683639526,0.04364415630698204,0.03718142211437225,0.033876627683639526,0.03690090775489807,0.05406305566430092,0.04052114486694336,0.033876627683639526,0.033876627683639526,0.033876627683639526,0.033876627683639526,0.033876627683639526,0.03480672836303711
2018-12-10,0.03472111374139786,0.033947572112083435,0.033947572112083435,0.04367927834391594,0.033947572112083435,0.033947572112083435,0.03942751884460449,0.0472581721842289,0.03706178814172745,0.033947572112083435,0.033947572112083435,0.033947572112083435,0.033947572112083435,0.042943719774484634,0.033947572112083435,0.04332512617111206,0.03729560598731041,0.033947572112083435,0.036869630217552185,0.05280744284391403,0.04059553146362305,0.033947572112083435,0.033947572112083435,0.033947572112083435,0.033947572112083435,0.033947572112083435,0.03480147942900658
2018-12-11,0.03503989428281784,0.033926013857126236,0.033926013857126236,0.04361431300640106,0.033926013857126236,0.033926013857126236,0.03899030387401581,0.04813310131430626,0.037269189953804016,0.033926013857126236,0.034037284553050995,0.03412631154060364,0.033926013857126236,0.04255721718072891,0.033926013857126236,0.043487437069416046,0.03723248094320297,0.033926013857126236,0.03646743297576904,0.05271889269351959,0.040494080632925034,0.033926013857126236,0.033926013857126236,0.033926013857126236,0.033926013857126236,0.033926013857126236,0.034793920814991
2018-12-12,0.03481770679354668,0.03399305418133736,0.03399305418133736,0.0427534282207489,0.03399305418133736,0.03399305418133736,0.039134431630373,0.04759526252746582,0.03739817067980766,0.03399305418133736,0.03399305418133736,0.03399305418133736,0.03399305418133736,0.04255760461091995,0.03399305418133736,0.04314001277089119,0.03797442838549614,0.03399305418133736,0.03631565719842911,0.0526118166744709,0.04065268486738205,0.03399305418133736,0.03399305418133736,0.03399305418133736,0.03399305418133736,0.03399305418133736,0.035152990370988846
2018-12-13,0.035226721316576004,0.03404592350125313,0.03404592350125313,0.042380526661872864,0.03404592350125313,0.03404592350125313,0.039079029113054276,0.04759809002280235,0.037392836064100266,0.03404592350125313,0.03404592350125313,0.03404592350125313,0.03404592350125313,0.04230259358882904,0.03404592350125313,0.043785374611616135,0.03749531880021095,0.03404592350125313,0.03630423545837402,0.051823295652866364,0.04077908769249916,0.03404592350125313,0.03404592350125313,0.03404592350125313,0.03404592350125313,0.03404592350125313,0.03514399752020836
2018-12-14,0.03491690009832382,0.034041766077280045,0.034041766077280045,0.042131226509809494,0.034041766077280045,0.034041766077280045,0.039175499230623245,0.0474889799952507,0.03731095418334007,0.034041766077280045,0.034041766077280045,0.034041766077280045,0.034041766077280045,0.04254130646586418,0.034041766077280045,0.04391588643193245,0.03762233629822731,0.034041766077280045,0.03607787564396858,0.05227096751332283,0.04063184931874275,0.034041766077280045,0.034041766077280045,0.034041766077280045,0.034041766077280045,0.034041766077280045,0.0352897047996521
2018-12-17,0.03576803207397461,0.03410319238901138,0.03410319238901138,0.0417073592543602,0.03410319238901138,0.03410319238901138,0.03832565248012543,0.04831051081418991,0.037497542798519135,0.03410319238901138,0.03410319238901138,0.03410319238901138,0.03410319238901138,0.041874803602695465,0.03410319238901138,0.04341776669025421,0.03778686746954918,0.03410319238901138,0.03545662388205528,0.05212576687335968,0.040470998734235764,0.03410319238901138,0.03410319238901138,0.03410319238901138,0.034272290766239166,0.03410319238901138,0.035541046410799026
2018-12-18,0.03706900030374527,0.0339844711124897,0.0339844711124897,0.041898179799318314,0.0339844711124897,0.0339844711124897,0.0362878255546093,0.05125004053115845,0.03843820095062256,0.0339844711124897,0.03602943196892738,0.0352097824215889,0.0339844711124897,0.0394514799118042,0.0339844711124897,0.042207904160022736,0.03695858269929886,0.0339844711124897,0.03463291376829147,0.05272655189037323,0.039664920419454575,0.0339844711124897,0.0339844711124897,0.0339844711124897,0.034786149859428406,0.0339844711124897,0.035575371235609055
2018-12-19,0.03754893317818642,0.03398212790489197,0.03398212790489197,0.041564565151929855,0.03398212790489197,0.03398212790489197,0.03596373274922371,0.05178965628147125,0.038614626973867416,0.03398212790489197,0.03634655475616455,0.03564770147204399,0.03398212790489197,0.03877470642328262,0.03398212790489197,0.042394574731588364,0.03668583557009697,0.03398212790489197,0.034583933651447296,0.052465908229351044,0.03954927250742912,0.03398212790489197,0.03398212790489197,0.03398212790489197,0.03422830253839493,0.03398212790489197,0.03605615720152855
2018-12-20,0.039170410484075546,0.034098051488399506,0.034098051488399506,0.040867485105991364,0.034098051488399506,0.034098051488399506,0.03446440398693085,0.05239006504416466,0.03869670629501343,0.034098051488399506,0.0374382883310318,0.03593970835208893,0.034098051488399506,0.03693770244717598,0.034098051488399506,0.04146949201822281,0.03666002303361893,0.034098051488399506,0.034098051488399506,0.05080807954072952,0.03965109586715698,0.034098051488399506,0.034098051488399506,0.034098051488399506,0.03508998081088066,0.034098051488399506,0.03714187815785408
2018-12-21,0.03957116976380348,0.03410812467336655,0.03410812467336655,0.04038773477077484,0.03410812467336655,0.03410812467336655,0.03410812467336655,0.05237923189997673,0.03891883045434952,0.03410812467336655,0.03819027170538902,0.03663305565714836,0.03410812467336655,0.03605226054787636,0.03410812467336655,0.04071692377328873,0.03695540875196457,0.03410812467336655,0.03410812467336655,0.05071026459336281,0.03911421075463295,0.03410812467336655,0.03410812467336655,0.03410812467336655,0.0350726880133152,0.03410812467336655,0.037784233689308167
2018-12-24,0.03968102112412453,0.03433561697602272,0.03433561697602272,0.03887730836868286,0.03433561697602272,0.03433561697602272,0.03433561697602272,0.051703259348869324,0.038129743188619614,0.03433561697602272,0.0387413389980793,0.036710307002067566,0.03433561697602272,0.035198964178562164,0.03433561697602272,0.04082818701863289,0.03770484775304794,0.03433561697602272,0.03433561697602272,0.04915619269013405,0.039419613778591156,0.03433561697602272,0.03433561697602272,0.03433561697602272,0.03433561697602272,0.03433561697602272,0.03881495073437691
2018-12-26,0.041427962481975555,0.03443814441561699,0.03443814441561699,0.037327639758586884,0.03443814441561699,0.03443814441561699,0.03443814441561699,0.0512513741850853,0.0378444604575634,0.03443814441561699,0.03996375948190689,0.037114355713129044,0.03443814441561699,0.03443814441561699,0.03443814441561699,0.039594754576683044,0.038082875311374664,0.03443814441561699,0.03443814441561699,0.04728487879037857,0.03951572999358177,0.03443814441561699,0.03443814441561699,0.03443814441561699,0.03443814441561699,0.03443814441561699,0.039581939578056335
2018-12-27,0.04216030612587929,0.034572698175907135,0.034572698175907135,0.03641683608293533,0.034572698175907135,0.034750331193208694,0.034572698175907135,0.050678152590990067,0.03635613992810249,0.034572698175907135,0.0400097593665123,0.03510523959994316,0.034572698175907135,0.034572698175907135,0.034572698175907135,0.039579566568136215,0.03729574754834175,0.034572698175907135,0.03505917266011238,0.04785321652889252,0.040517982095479965,0.034572698175907135,0.034572698175907135,0.034572698175907135,0.03504155948758125,0.034572698175907135,0.03973091021180153
2018-12-28,0.04156511649489403,0.03459731861948967,0.03459731861948967,0.03667021170258522,0.03459731861948967,0.03488314524292946,0.03459731861948967,0.05029699578881264,0.035995956510305405,0.03459731861948967,0.039568595588207245,0.03459731861948967,0.03459731861948967,0.03459731861948967,0.03459731861948967,0.03996996209025383,0.03722597658634186,0.03459731861948967,0.03546750545501709,0.047929245978593826,0.04096008092164993,0.03459731861948967,0.03459731861948967,0.03459731861948967,0.035344041883945465,0.03459731861948967,0.03976071625947952
2018-12-31,0.040936652570962906,0.034654129296541214,0.034654129296541214,0.03689428046345711,0.034654129296541214,0.03496178984642029,0.034654129296541214,0.049583226442337036,0.03558855503797531,0.034654129296541214,0.038999829441308975,0.034654129296541214,0.034654129296541214,0.034654129296541214,0.034654129296541214,0.040337253361940384,0.037732306867837906,0.034654129296541214,0.03549766167998314,0.0475567989051342,0.041446372866630554,0.034654129296541214,0.034654129296541214,0.034654129296541214,0.03527217358350754,0.034654129296541214,0.04003536328673363
2019-01-02,0.037037037037037035,0.037037037037037035,0.037037037037037035,0.037037037037037035,0.037037037037037035,0.037037037037037035,0.037037037037037035,0.037037037037037035,0.037037037037037035,0.037037037037037035,0.037037037037037035,0.037037037037037035,0.037037037037037035,0.037037037037037035,0.037037037037037035,0.037037037037037035,0.037037037037037035,0.037037037037037035,0.037037037037037035,0.037037037037037035,0.037037037037037035,0.037037037037037035,0.037037037037037035,0.037037037037037035,0.037037037037037035,0.037037037037037035,0.037037037037037035
2019-01-03,0.031730055809020996,0.05465445667505264,0.031730055809020996,0.031730055809020996,0.03686115890741348,0.03384339436888695,0.03341524302959442,0.04150155186653137,0.04277181997895241,0.031730055809020996,0.031730055809020996,0.04996762052178383,0.031730055809020996,0.031730055809020996,0.031730055809020996,0.03205998241901398,0.031730055809020996,0.031730055809020996,0.031730055809020996,0.031730055809020996,0.031730055809020996,0.031730055809020996,0.05571914091706276,0.0610286109149456,0.03703352063894272,0.031730055809020996,0.0451926626265049
2019-01-04,0.03149406611919403,0.05509350076317787,0.03149406611919403,0.03149406611919403,0.036041706800460815,0.03694961965084076,0.03230075165629387,0.0418241024017334,0.04608955979347229,0.03149406611919403,0.03149406611919403,0.05081406235694885,0.03149406611919403,0.03149406611919403,0.03149406611919403,0.03149406611919403,0.03149406611919403,0.03149406611919403,0.03149406611919403,0.03149406611919403,0.03149406611919403,0.03149406611919403,0.05423443391919136,0.06052321195602417,0.035611603409051895,0.03149406611919403,0.04661241173744202
2019-01-07,0.032063309103250504,0.05492990463972092,0.032063309103250504,0.032063309103250504,0.038127485662698746,0.032063309103250504,0.03454035893082619,0.03984885662794113,0.03956000134348869,0.032063309103250504,0.032063309103250504,0.04957607388496399,0.032063309103250504,0.032063309103250504,0.032063309103250504,0.03383974730968475,0.032063309103250504,0.032063309103250504,0.032063309103250504,0.032063309103250504,0.032063309103250504,0.032063309103250504,0.05488600954413414,0.05985655635595322,0.03794745355844498,0.032063309103250504,0.04387456178665161
2019-01-08,0.03219272941350937,0.054471246898174286,0.03219272941350937,0.03219272941350937,0.03939872235059738,0.03219272941350937,0.035079024732112885,0.03874048963189125,0.03742044046521187,0.03219272941350937,0.03219272941350937,0.04881212115287781,0.03219272941350937,0.03219272941350937,0.03219272941350937,0.035020895302295685,0.03219272941350937,0.03219272941350937,0.03219272941350937,0.03219272941350937,0.03219272941350937,0.03219272941350937,0.05418584123253822,0.05976131930947304,0.039037350565195084,0.03219272941350937,0.042988866567611694
2019-01-09,0.03252672776579857,0.05417432636022568,0.03530372679233551,0.03207063302397728,0.03977244719862938,0.03207063302397728,0.0356941744685173,0.03743128851056099,0.03491383045911789,0.03207063302397728,0.03207063302397728,0.04500103369355202,0.03207063302397728,0.03207063302397728,0.03207063302397728,0.038341768085956573,0.03207063302397728,0.03207063302397728,0.03207063302397728,0.03207063302397728,0.03207063302397728,0.03207063302397728,0.054120004177093506,0.060177892446517944,0.040738169103860855,0.03207063302397728,0.042815886437892914
2019-01-10,0.033162135630846024,0.05393708869814873,0.03470807522535324,0.03216564655303955,0.04073372110724449,0.03216564655303955,0.035834793001413345,0.036753080785274506,0.03383731096982956,0.03216564655303955,0.03216564655303955,0.04545562341809273,0.03216564655303955,0.03216564655303955,0.03216564655303955,0.03856854513287544,0.03216564655303955,0.03216564655303955,0.03216564655303955,0.03216564655303955,0.03216564655303955,0.03216564655303955,0.053188424557447433,0.060268353670835495,0.04062613099813461,0.03216564655303955,0.042607612907886505
2019-01-11,0.0334555022418499,0.05359356105327606,0.03576680272817612,0.03226735442876816,0.0405198335647583,0.03226735442876816,0.03635944798588753,0.03646237775683403,0.03317702189087868,0.03226735442876816,0.03226735442876816,0.04464251175522804,0.03226735442876816,0.03226735442876816,0.03226735442876816,0.04022734612226486,0.03226735442876816,0.03226735442876816,0.03226735442876816,0.03226735442876816,0.03226735442876816,0.03226735442876816,0.05165210738778114,0.05899738147854805,0.04093514010310173,0.03226735442876816,0.04246804863214493
2019-01-14,0.034394171088933945,0.0527963824570179,0.03710281848907471,0.03229726105928421,0.04006781801581383,0.03229726105928421,0.03668010234832764,0.03623804822564125,0.03305085748434067,0.03229726105928421,0.03229726105928421,0.04363434389233589,0.03229726105928421,0.03229726105928421,0.03229726105928421,0.041089434176683426,0.03229726105928421,0.03229726105928421,0.03229726105928421,0.03229726105928421,0.03229726105928421,0.03229726105928421,0.051401179283857346,0.057787954807281494,0.04131592810153961,0.03229726105928421,0.042279280722141266
2019-01-15,0.033433929085731506,0.05318865925073624,0.03677626699209213,0.032475732266902924,0.03982117772102356,0.032475732266902924,0.03667896240949631,0.03641311079263687,0.03327157348394394,0.032475732266902924,0.032475732266902924,0.044479601085186005,0.032475732266902924,0.032475732266902924,0.032475732266902924,0.041027314960956573,0.032475732266902924,0.032475732266902924,0.032475732266902924,0.032475732266902924,0.032475732266902924,0.032475732266902924,0.049967825412750244,0.05725250765681267,0.04061594977974892,0.032475732266902924,0.04241284728050232
2019-01-16,0.033811263740062714,0.05259150266647339,0.03826875984668732,0.0325470045208931,0.039909590035676956,0.0325470045208931,0.03704570233821869,0.035957831889390945,0.03260742500424385,0.0325470045208931,0.0325470045208931,0.04358644410967827,0.0325470045208931,0.0325470045208931,0.0325470045208931,0.04240826517343521,0.0325470045208931,0.0325470045208931,0.0325470045208931,0.0325470045208931,0.0325470045208931,0.0325470045208931,0.048943374305963516,0.056466322392225266,0.04039691016077995,0.0325470045208931,0.04234856739640236
2019-01-17,0.03294416517019272,0.052944134920835495,0.03677110746502876,0.03294416517019272,0.03999953344464302,0.03294416517019272,0.036892104893922806,0.03628871217370033,0.03318110853433609,0.03294416517019272,0.03294416517019272,0.046743713319301605,0.03294416517019272,0.03294416517019272,0.03294416517019272,0.04111233353614807,0.03294416517019272,0.03294416517019272,0.03294416517019272,0.03294416517019272,0.03294416517019272,0.03294416517019272,0.046020399779081345,0.05545182526111603,0.03772704675793648,0.03294416517019272,0.04270549118518829
2019-01-18,0.03314045071601868,0.05236789584159851,0.03647404909133911,0.03300247713923454,0.04065317288041115,0.03300247713923454,0.03730474039912224,0.03570134565234184,0.03300247713923454,0.03300247713923454,0.03300247713923454,0.04743753373622894,0.03300247713923454,0.03300247713923454,0.03300247713923454,0.041441645473241806,0.03300247713923454,0.03300247713923454,0.03300247713923454,0.03300247713923454,0.03300247713923454,0.03300247713923454,0.04565030336380005,0.055205509066581726,0.037240732461214066,0.03300247713923454,0.04234551638364792
2019-01-22,0.03569873049855232,0.04990367218852043,0.03883129358291626,0.03300134092569351,0.040541477501392365,0.03300134092569351,0.03709995746612549,0.03520451486110687,0.03300134092569351,0.03304209187626839,0.03300134092569351,0.046079281717538834,0.03300134092569351,0.03300134092569351,0.03300134092569351,0.04301786795258522,0.03300134092569351,0.03300134092569351,0.03300134092569351,0.03300134092569351,0.03300134092569351,0.03300134092569351,0.045836418867111206,0.05431490018963814,0.03674327954649925,0.03300134092569351,0.041667766869068146
2019-01-23,0.03356347978115082,0.05221187695860863,0.03801620006561279,0.033166829496622086,0.03935834392905235,0.033166829496622086,0.03710935637354851,0.03585740923881531,0.033166829496622086,0.033166829496622086,0.033166829496622086,0.04686778038740158,0.033166829496622086,0.033166829496622086,0.033166829496622086,0.04209943860769272,0.033166829496622086,0.033166829496622086,0.033166829496622086,0.033166829496622086,0.033166829496622086,0.033166829496622086,0.04505690559744835,0.05417340621352196,0.03671456128358841,0.033166829496622086,0.04146873950958252
2019-01-24,0.035908132791519165,0.04984195530414581,0.04045473039150238,0.03294583410024643,0.03949013352394104,0.03294583410024643,0.03707307577133179,0.03542520850896835,0.03294583410024643,0.033627595752477646,0.03294583410024643,0.04421502351760864,0.03294583410024643,0.03294583410024643,0.03294583410024643,0.043724846094846725,0.03294583410024643,0.03294583410024643,0.03294583410024643,0.03294583410024643,0.03294583410024643,0.03294583410024643,0.04633474349975586,0.054041873663663864,0.03722190856933594,0.03294583410024643,0.04139910638332367
2019-01-25,0.035122621804475784,0.04950713366270065,0.041264086961746216,0.033073790371418,0.039057400077581406,0.033073790371418,0.0367623008787632,0.036041874438524246,0.033073790371418,0.03378984332084656,0.033073790371418,0.04385341703891754,0.033073790371418,0.033073790371418,0.033073790371418,0.04429005831480026,0.033073790371418,0.033073790371418,0.033073790371418,0.033073790371418,0.033073790371418,0.033073790371418,0.04551316797733307,0.053280510008335114,0.036840058863162994,0.033073790371418,0.04164448007941246
2019-01-28,0.0346241369843483,0.05007969215512276,0.04021464288234711,0.03315958008170128,0.03956342861056328,0.03315958008170128,0.03669804707169533,0.036190006881952286,0.03315958008170128,0.03357364982366562,0.03315958008170128,0.045038532465696335,0.03315958008170128,0.03315958008170128,0.03315958008170128,0.04379772022366524,0.03315958008170128,0.03315958008170128,0.03315958008170128,0.03315958008170128,0.03315958008170128,0.03315958008170128,0.044686444103717804,0.053352974355220795,0.036352626979351044,0.03315958008170128,0.041593998670578
2019-01-29,0.033255599439144135,0.0514911487698555,0.04039900749921799,0.033255599439144135,0.03855862095952034,0.033255599439144135,0.03649509325623512,0.03640948235988617,0.033414363861083984,0.033255599439144135,0.033255599439144135,0.04472381994128227,0.033255599439144135,0.033255599439144135,0.033255599439144135,0.04346239194273949,0.033255599439144135,0.033255599439144135,0.033255599439144135,0.033255599439144135,0.033255599439144135,0.033255599439144135,0.045105401426553726,0.052572738379240036,0.03664514049887657,0.033255599439144135,0.04188871756196022
2019-01-30,0.03333864361047745,0.05121324956417084,0.040799256414175034,0.03333864361047745,0.03836435079574585,0.03333864361047745,0.03612973913550377,0.03654690831899643,0.033768024295568466,0.03333864361047745,0.03333864361047745,0.044710032641887665,0.03333864361047745,0.03333864361047745,0.03333864361047745,0.04317121207714081,0.03333864361047745,0.03333864361047745,0.03333864361047745,0.03333864361047745,0.03333864361047745,0.03333864361047745,0.045037753880023956,0.052190106362104416,0.03614429756999016,0.03333864361047745,0.04184535890817642
2019-01-31,0.03385641798377037,0.050072651356458664,0.04245874658226967,0.033353496342897415,0.038036275655031204,0.033353496342897415,0.03574179485440254,0.037198908627033234,0.033353496342897415,0.03392314165830612,0.033353496342897415,0.04402993991971016,0.033353496342897415,0.033353496342897415,0.033353496342897415,0.04392889142036438,0.033353496342897415,0.033353496342897415,0.033353496342897415,0.033353496342897415,0.033353496342897415,0.033353496342897415,0.04474353417754173,0.05127253755927086,0.03590773046016693,0.033353496342897415,0.04188056290149689
2019-02-01,0.034246936440467834,0.04961417615413666,0.04216194152832031,0.03325572982430458,0.03870652988553047,0.03325572982430458,0.03560949116945267,0.03726385533809662,0.033611834049224854,0.03438356891274452,0.03325572982430458,0.044416386634111404,0.03325572982430458,0.03325572982430458,0.03325572982430458,0.04345571622252464,0.03325572982430458,0.03325572982430458,0.03325572982430458,0.03325572982430458,0.03325572982430458,0.03325572982430458,0.044357381761074066,0.052699558436870575,0.03592244163155556,0.03325572982430458,0.04122574254870415
2019-02-04,0.03533375263214111,0.04876385256648064,0.04196842387318611,0.03316017985343933,0.03908296301960945,0.03316017985343933,0.03522171825170517,0.03710019960999489,0.0337996743619442,0.035114746540784836,0.034003134816884995,0.04474657028913498,0.03316017985343933,0.03316017985343933,0.03316017985343933,0.042648207396268845,0.03316017985343933,0.03316017985343933,0.03316017985343933,0.03316017985343933,0.03316017985343933,0.03316017985343933,0.04436099901795387,0.053062502294778824,0.035630449652671814,0.03316017985343933,0.04124061390757561
2019-02-05,0.0358160026371479,0.04799332097172737,0.04171208664774895,0.033121224492788315,0.03959539160132408,0.033121224492788315,0.03524881973862648,0.03722154349088669,0.03320382535457611,0.035558998584747314,0.034361083060503006,0.044812899082899094,0.033121224492788315,0.033121224492788315,0.033121224492788315,0.04275745525956154,0.033121224492788315,0.033121224492788315,0.033121224492788315,0.033121224492788315,0.033121224492788315,0.033121224492788315,0.04379779472947121,0.05409812554717064,0.03570292145013809,0.033121224492788315,0.04066506028175354
2019-02-06,0.03648848086595535,0.04696686565876007,0.042750027030706406,0.033835578709840775,0.03943395987153053,0.03310982137918472,0.03500443696975708,0.037396132946014404,0.03310982137918472,0.03639300540089607,0.034227561205625534,0.04427681863307953,0.03310982137918472,0.03310982137918472,0.03310982137918472,0.043164461851119995,0.03310982137918472,0.03310982137918472,0.03310982137918472,0.03310982137918472,0.03310982137918472,0.03310982137918472,0.043237365782260895,0.05341961607336998,0.03562083840370178,0.03310982137918472,0.04046699404716492
2019-02-07,0.03396106883883476,0.04689832404255867,0.04527275636792183,0.0344967320561409,0.03909499943256378,0.03337019309401512,0.03501575440168381,0.03750511631369591,0.03337019309401512,0.036472514271736145,0.03337019309401512,0.042971689254045486,0.03337019309401512,0.03502371907234192,0.03337019309401512,0.044938500970602036,0.03337019309401512,0.03337019309401512,0.03337019309401512,0.03337019309401512,0.03337019309401512,0.03337019309401512,0.04174171760678291,0.0524798259139061,0.03543126583099365,0.03337019309401512,0.03825369104743004
2019-02-08,0.03322455286979675,0.04767587408423424,0.04632517322897911,0.03373771533370018,0.03943002223968506,0.03322455286979675,0.03556326776742935,0.03696822375059128,0.03322455286979675,0.035533759742975235,0.03322455286979675,0.04096978157758713,0.03322455286979675,0.03505659103393555,0.03322455286979675,0.04625273123383522,0.03322455286979675,0.03322455286979675,0.03322455286979675,0.03322455286979675,0.03322455286979675,0.03322455286979675,0.04263397306203842,0.05260126665234566,0.0367126390337944,0.03322455286979675,0.0386197455227375
2019-02-11,0.03314971923828125,0.04743567854166031,0.047073379158973694,0.03370179235935211,0.03934579715132713,0.033079177141189575,0.035801127552986145,0.036481257528066635,0.033079177141189575,0.035419583320617676,0.033079177141189575,0.039967600256204605,0.033079177141189575,0.035138580948114395,0.033079177141189575,0.046691350638866425,0.033079177141189575,0.033079177141189575,0.033079177141189575,0.033079177141189575,0.033079177141189575,0.033079177141189575,0.04382288083434105,0.052937015891075134,0.03754378855228424,0.033079177141189575,0.03854025900363922
2019-02-12,0.03312954679131508,0.04655347019433975,0.04722236096858978,0.03470565378665924,0.04005390778183937,0.03312954679131508,0.035670481622219086,0.03640777990221977,0.03312954679131508,0.035253867506980896,0.03312954679131508,0.039694368839263916,0.03312954679131508,0.035621993243694305,0.03312954679131508,0.0474630706012249,0.03312954679131508,0.03312954679131508,0.03312954679131508,0.03312954679131508,0.03312954679131508,0.03312954679131508,0.04276393726468086,0.053560104221105576,0.03742435574531555,0.03312954679131508,0.036920566111803055
2019-02-13,0.033887073397636414,0.0448024719953537,0.048038993030786514,0.03561413288116455,0.03956811875104904,0.03313988447189331,0.03607254475355148,0.03627502918243408,0.03313988447189331,0.036364130675792694,0.03313988447189331,0.039620012044906616,0.03313988447189331,0.036621857434511185,0.03313988447189331,0.04808389022946358,0.03313988447189331,0.03313988447189331,0.03313988447189331,0.03313988447189331,0.03313988447189331,0.03313988447189331,0.042645782232284546,0.05221975967288017,0.03674997761845589,0.03313988447189331,0.03575766086578369
2019-02-14,0.0350089967250824,0.04349823296070099,0.04874150827527046,0.03629223629832268,0.03895614296197891,0.033215709030628204,0.035786014050245285,0.036324940621852875,0.033215709030628204,0.03681455925107002,0.033215709030628204,0.03947187587618828,0.033215709030628204,0.03760833665728569,0.033215709030628204,0.047742810100317,0.033215709030628204,0.033215709030628204,0.033215709030628204,0.033215709030628204,0.033215709030628204,0.033215709030628204,0.042698077857494354,0.05074501037597656,0.036311108618974686,0.033215709030628204,0.03541161119937897
2019-02-15,0.034025076776742935,0.043170951306819916,0.04790637642145157,0.036276448518037796,0.039848122745752335,0.03337306156754494,0.035706475377082825,0.035715892910957336,0.03337306156754494,0.036094553768634796,0.03337306156754494,0.03921130299568176,0.03337306156754494,0.037394989281892776,0.03337306156754494,0.04836829751729965,0.03337306156754494,0.03337306156754494,0.03337306156754494,0.03337306156754494,0.03337306156754494,0.03337306156754494,0.04249824956059456,0.05134355649352074,0.03653449937701225,0.03337306156754494,0.035428524017333984
2019-02-19,0.035539839416742325,0.04174169525504112,0.047988586127758026,0.03746555745601654,0.039348114281892776,0.03350454196333885,0.03505429998040199,0.03572779893875122,0.03350454196333885,0.03714023903012276,0.03350454196333885,0.04033930227160454,0.03350454196333885,0.03872395306825638,0.03350454196333885,0.04804364964365959,0.03350454196333885,0.03350454196333885,0.03425399586558342,0.03350454196333885,0.03350454196333885,0.03350454196333885,0.041050828993320465,0.04900059476494789,0.03500084951519966,0.03350454196333885,0.03503071889281273
2019-02-20,0.03575369715690613,0.04120669513940811,0.047445133328437805,0.03790862113237381,0.03943250700831413,0.03374220430850983,0.03487556800246239,0.03558840602636337,0.03374220430850983,0.03669632226228714,0.03374220430850983,0.04111349582672119,0.03374220430850983,0.03872973471879959,0.03374220430850983,0.04722399264574051,0.03374220430850983,0.03374220430850983,0.0343858078122139,0.03374220430850983,0.03374220430850983,0.03374220430850983,0.0406334288418293,0.04883945360779762,0.0348120778799057,0.03374220430850983,0.03419085964560509
2019-02-21,0.034773971885442734,0.0411670058965683,0.04863247275352478,0.03822752833366394,0.03955024480819702,0.033673111349344254,0.034634485840797424,0.0355135016143322,0.033673111349344254,0.03752254322171211,0.033673111349344254,0.04059130698442459,0.033673111349344254,0.04030774161219597,0.033673111349344254,0.04799817129969597,0.033673111349344254,0.033673111349344254,0.03557811677455902,0.033673111349344254,0.033673111349344254,0.033673111349344254,0.03904833272099495,0.04802560806274414,0.03435157984495163,0.033673111349344254,0.033673111349344254
2019-02-22,0.03583987429738045,0.040115006268024445,0.04931807145476341,0.03910930082201958,0.03936563804745674,0.033474501222372055,0.034283652901649475,0.03534797951579094,0.033474501222372055,0.037457175552845,0.033474501222372055,0.03879174217581749,0.033474501222372055,0.04081997275352478,0.033474501222372055,0.04876122623682022,0.033474501222372055,0.033474501222372055,0.03603413328528404,0.033474501222372055,0.033474501222372055,0.033474501222372055,0.039823971688747406,0.047945279628038406,0.03503361716866493,0.033474501222372055,0.033733781427145004
2019-02-25,0.038086313754320145,0.038424111902713776,0.04934459179639816,0.039639994502067566,0.03864465281367302,0.03332432359457016,0.034483809024095535,0.0353907011449337,0.03332432359457016,0.038554806262254715,0.03332432359457016,0.03792998939752579,0.03332432359457016,0.04165079444646835,0.03332432359457016,0.04921078309416771,0.03332432359457016,0.03332432359457016,0.0372309647500515,0.03332432359457016,0.03332432359457016,0.03332432359457016,0.04056498408317566,0.04559611156582832,0.03481743112206459,0.03332432359457016,0.03386244177818298
2019-02-26,0.03964832425117493,0.03677467256784439,0.04913472384214401,0.03961416706442833,0.03799114003777504,0.03340284526348114,0.03459829464554787,0.03556941822171211,0.03340284526348114,0.03966435045003891,0.03340284526348114,0.03742482513189316,0.03340284526348114,0.042397093027830124,0.03340284526348114,0.04822451248764992,0.03340284526348114,0.03340284526348114,0.0389474518597126,0.03340284526348114,0.03340284526348114,0.03340284526348114,0.04101267457008362,0.0426173061132431,0.0341787114739418,0.03340284526348114,0.03477101027965546
2019-02-27,0.040067292749881744,0.03695719316601753,0.04943836107850075,0.03909531235694885,0.0373489111661911,0.03309136629104614,0.03622555732727051,0.035289216786623,0.03309136629104614,0.038899730890989304,0.03309136629104614,0.035785846412181854,0.03309136629104614,0.042578376829624176,0.03309136629104614,0.05016108974814415,0.03309136629104614,0.03309136629104614,0.03732360154390335,0.03309136629104614,0.03309136629104614,0.03309136629104614,0.0431244820356369,0.04396752268075943,0.03504246845841408,0.03309136629104614,0.034690011292696
2019-02-28,0.040436506271362305,0.03643662482500076,0.048594117164611816,0.03927580267190933,0.037902507930994034,0.0330517515540123,0.03671828657388687,0.03509407490491867,0.0330517515540123,0.03774062171578407,0.0330517515540123,0.035775959491729736,0.0330517515540123,0.04147821664810181,0.0330517515540123,0.05160035565495491,0.0330517515540123,0.0330517515540123,0.0362686887383461,0.0330517515540123,0.0330517515540123,0.0330517515540123,0.04395975172519684,0.044614747166633606,0.03566412255167961,0.0330517515540123,0.03487034887075424
2019-03-01,0.04119764268398285,0.036348629742860794,0.04832123592495918,0.038837432861328125,0.03747269883751869,0.032901205122470856,0.036779407411813736,0.03545425459742546,0.032901205122470856,0.037245236337184906,0.032901205122470856,0.03526739403605461,0.032901205122470856,0.040553878992795944,0.032901205122470856,0.052594613283872604,0.032901205122470856,0.032901205122470856,0.03519288823008537,0.032901205122470856,0.032901205122470856,0.032901205122470856,0.04597776383161545,0.04456920549273491,0.03654072433710098,0.032901205122470856,0.03573372960090637
2019-03-04,0.04206734523177147,0.035915929824113846,0.048831891268491745,0.03883162513375282,0.03746863454580307,0.032823581248521805,0.03704708442091942,0.034882802516222,0.032823581248521805,0.038024067878723145,0.032823581248521805,0.035467974841594696,0.032823581248521805,0.04093265160918236,0.032823581248521805,0.05247637629508972,0.032823581248521805,0.032823581248521805,0.03529578074812889,0.032823581248521805,0.032823581248521805,0.032823581248521805,0.04643539711833,0.04285550117492676,0.0357639379799366,0.032823581248521805,0.03664356842637062
2019-03-05,0.04026256501674652,0.037952132523059845,0.049860358238220215,0.03873887658119202,0.038483329117298126,0.03272196277976036,0.036558493971824646,0.03452080115675926,0.03272196277976036,0.036284975707530975,0.03272196277976036,0.035248711705207825,0.03272196277976036,0.03962669149041176,0.03272196277976036,0.05327095463871956,0.03272196277976036,0.03272196277976036,0.03286166489124298,0.03272196277976036,0.03272196277976036,0.03272196277976036,0.04624632000923157,0.046418447047472,0.03725242614746094,0.03272196277976036,0.03647170588374138
2019-03-06,0.039094142615795135,0.03889930620789528,0.04972441494464874,0.038811661303043365,0.039102520793676376,0.032774507999420166,0.03585076332092285,0.034485988318920135,0.032774507999420166,0.035475954413414,0.032774507999420166,0.035518113523721695,0.032774507999420166,0.03849956765770912,0.032774507999420166,0.05186021700501442,0.032774507999420166,0.032774507999420166,0.032774507999420166,0.032774507999420166,0.032774507999420166,0.032774507999420166,0.0460074320435524,0.04901805892586708,0.03795716539025307,0.032774507999420166,0.03640053793787956
2019-03-07,0.037904370576143265,0.039512742310762405,0.04905935749411583,0.03861541301012039,0.03907643258571625,0.03283288702368736,0.035006433725357056,0.03509580343961716,0.03283288702368736,0.0348748080432415,0.03283288702368736,0.03562518209218979,0.03283288702368736,0.037969477474689484,0.03283288702368736,0.050903670489788055,0.03283288702368736,0.03283288702368736,0.03283288702368736,0.03283288702368736,0.03283288702368736,0.03283288702368736,0.045930445194244385,0.05037762224674225,0.03845241665840149,0.03283288702368736,0.03760118409991264
2019-03-08,0.035714514553546906,0.04171225428581238,0.04846341535449028,0.03837426006793976,0.04003782570362091,0.032798320055007935,0.03458845242857933,0.03551509976387024,0.032798320055007935,0.03412727639079094,0.032798320055007935,0.03590981289744377,0.032798320055007935,0.03777788579463959,0.032798320055007935,0.05075886845588684,0.032798320055007935,0.032798320055007935,0.032798320055007935,0.032798320055007935,0.032798320055007935,0.032798320055007935,0.043785907328128815,0.05238662660121918,0.038922157138586044,0.032798320055007935,0.03834576532244682
2019-03-11,0.03453600034117699,0.0435347855091095,0.04953737556934357,0.03785519301891327,0.04029092565178871,0.03269109129905701,0.034717537462711334,0.03505835682153702,0.03269109129905701,0.033346205949783325,0.03269109129905701,0.03522109240293503,0.03269109129905701,0.03781724348664284,0.03269109129905701,0.05170520022511482,0.03269109129905701,0.03269109129905701,0.03269109129905701,0.03269109129905701,0.03269109129905701,0.03269109129905701,0.04356842860579491,0.05280674248933792,0.0393068753182888,0.03269109129905701,0.03840487822890282
2019-03-12,0.036896247416734695,0.04163014516234398,0.050952520221471786,0.03859712928533554,0.04015959054231644,0.03237545117735863,0.03558264300227165,0.034147270023822784,0.03237545117735863,0.03459576889872551,0.03237545117735863,0.03405386954545975,0.03237545117735863,0.03810109943151474,0.03237545117735863,0.05255713313817978,0.03237545117735863,0.03237545117735863,0.03237545117735863,0.03237545117735863,0.03237545117735863,0.03237545117735863,0.044731371104717255,0.05220726132392883,0.039650801569223404,0.03237545117735863,0.03763173893094063
2019-03-13,0.03798069804906845,0.04145128279924393,0.05139371007680893,0.03857167437672615,0.039635710418224335,0.03220655396580696,0.03562355786561966,0.03419559821486473,0.03220655396580696,0.0350489467382431,0.03220655396580696,0.0335906520485878,0.03220655396580696,0.03809954971075058,0.03220655396580696,0.05190740525722504,0.03220655396580696,0.03220655396580696,0.03220655396580696,0.03220655396580696,0.03220655396580696,0.03220655396580696,0.0460013709962368,0.052285086363554,0.039905473589897156,0.03220655396580696,0.03783060610294342
2019-03-14,0.03815903887152672,0.04098247364163399,0.051515012979507446,0.03840600326657295,0.039604850113391876,0.032305456697940826,0.03580842539668083,0.033969998359680176,0.032305456697940826,0.035547539591789246,0.032305456697940826,0.033297233283519745,0.032305456697940826,0.038656290620565414,0.032305456697940826,0.05158057436347008,0.032305456697940826,0.032305456697940826,0.032305456697940826,0.032305456697940826,0.032305456697940826,0.032305456697940826,0.04597001150250435,0.051784053444862366,0.03983040153980255,0.032305456697940826,0.03722255676984787
2019-03-15,0.03767705336213112,0.041321247816085815,0.05135444924235344,0.03890471160411835,0.04014339670538902,0.03233857825398445,0.03593539074063301,0.03364283964037895,0.03233857825398445,0.035662442445755005,0.03233857825398445,0.03370491415262222,0.03233857825398445,0.038921624422073364,0.03233857825398445,0.051455941051244736,0.03233857825398445,0.03233857825398445,0.03233857825398445,0.03233857825398445,0.03233857825398445,0.03233857825398445,0.04477686434984207,0.052107278257608414,0.03957038372755051,0.03233857825398445,0.03675856068730354
2019-03-18,0.038503848016262054,0.04017498716711998,0.050265561789274216,0.04025762528181076,0.04026155173778534,0.03247120603919029,0.03580530732870102,0.03346444293856621,0.03247120603919029,0.03622043877840042,0.03247120603919029,0.0342802032828331,0.03247120603919029,0.03931700810790062,0.03247120603919029,0.04987511783838272,0.03247120603919029,0.03247120603919029,0.03247120603919029,0.03247120603919029,0.03247120603919029,0.03247120603919029,0.04424194246530533,0.05249091610312462,0.03900798037648201,0.03247120603919029,0.036178626120090485
2019-03-19,0.03763219714164734,0.0404905341565609,0.04921327531337738,0.04068155586719513,0.04020555689930916,0.032615531235933304,0.0359853133559227,0.033601708710193634,0.032615531235933304,0.03631024807691574,0.032615531235933304,0.03528588265180588,0.032615531235933304,0.03959348425269127,0.032615531235933304,0.048904385417699814,0.032615531235933304,0.032615531235933304,0.032615531235933304,0.032615531235933304,0.032615531235933304,0.032615531235933304,0.043162573128938675,0.05300658568739891,0.03835078701376915,0.032615531235933304,0.036189597100019455
2019-03-20,0.037152502685785294,0.0410572774708271,0.04860411584377289,0.04073075205087662,0.040333595126867294,0.03263091668486595,0.03620382770895958,0.03370454162359238,0.03263091668486595,0.03621456399559975,0.03263091668486595,0.03656609728932381,0.03263091668486595,0.0391203947365284,0.03263091668486595,0.048342783004045486,0.03263091668486595,0.03263091668486595,0.03263091668486595,0.03263091668486595,0.03263091668486595,0.03263091668486595,0.0422990545630455,0.05415448546409607,0.03789065405726433,0.03263091668486595,0.036054421216249466
2019-03-21,0.03714437037706375,0.04184823855757713,0.04907795786857605,0.03958531841635704,0.04099678248167038,0.032371051609516144,0.03579246997833252,0.03419647738337517,0.032371051609516144,0.03502986952662468,0.032371051609516144,0.035383276641368866,0.032371051609516144,0.03695344179868698,0.032371051609516144,0.04942529276013374,0.032371051609516144,0.032371051609516144,0.032371051609516144,0.032371051609516144,0.032371051609516144,0.032371051609516144,0.043811481446027756,0.05646541342139244,0.03988748416304588,0.032371051609516144,0.0359494648873806
2019-03-22,0.038874492049217224,0.040789101272821426,0.04935990646481514,0.039709243923425674,0.040377479046583176,0.0322653204202652,0.035566266626119614,0.03463101014494896,0.0322653204202652,0.0354904942214489,0.0322653204202652,0.034866705536842346,0.0322653204202652,0.03700477257370949,0.0322653204202652,0.04933001101016998,0.0322653204202652,0.0322653204202652,0.0322653204202652,0.0322653204202652,0.0322653204202652,0.0322653204202652,0.04488885775208473,0.05586111918091774,0.04038352891802788,0.0322653204202652,0.03568316251039505
2019-03-25,0.037369031459093094,0.04265696555376053,0.04951256513595581,0.037045419216156006,0.038874927908182144,0.032034795731306076,0.034713707864284515,0.03661978989839554,0.032034795731306076,0.034741487354040146,0.032034795731306076,0.0337265245616436,0.032034795731306076,0.035211652517318726,0.032034795731306076,0.04778289049863815,0.032034795731306076,0.032034795731306076,0.032034795731306076,0.032034795731306076,0.032034795731306076,0.032034795731306076,0.04997684434056282,0.05684306472539902,0.04235335439443588,0.032034795731306076,0.0381542444229126
2019-03-26,0.03499613329768181,0.0457359179854393,0.04860825836658478,0.03618720546364784,0.038918495178222656,0.03193311020731926,0.03386970981955528,0.03744040057063103,0.03259287402033806,0.03388816490769386,0.03193311020731926,0.03454956039786339,0.03193311020731926,0.03459092602133751,0.03193311020731926,0.04612134397029877,0.03193311020731926,0.03193311020731926,0.03193311020731926,0.03193311020731926,0.03193311020731926,0.03193311020731926,0.05039683356881142,0.05965990200638771,0.04227941855788231,0.03193311020731926,0.03890061378479004
2019-03-27,0.037740278989076614,0.043578412383794785,0.051045481115579605,0.03780661150813103,0.03903574496507645,0.03179187700152397,0.03370915725827217,0.0359184592962265,0.03179187700152397,0.034444525837898254,0.03179187700152397,0.03335482254624367,0.03179187700152397,0.03483199700713158,0.03179187700152397,0.046791259199380875,0.03179187700152397,0.03179187700152397,0.03179187700152397,0.03179187700152397,0.03179187700152397,0.03179187700152397,0.0511099249124527,0.05892515555024147,0.04219943284988403,0.03179187700152397,0.0380062572658062
2019-03-28,0.036829739809036255,0.04393954947590828,0.04955856874585152,0.039369553327560425,0.03878682106733322,0.031542714685201645,0.03230676427483559,0.0366777740418911,0.034657642245292664,0.033724162727594376,0.031542714685201645,0.0336558036506176,0.031542714685201645,0.035388026386499405,0.031542714685201645,0.045330945402383804,0.031542714685201645,0.031542714685201645,0.031542714685201645,0.031542714685201645,0.031542714685201645,0.03189034387469292,0.05082790553569794,0.061971671879291534,0.04131760075688362,0.031542714685201645,0.03833993896842003
2019-03-29,0.036706361919641495,0.04343220591545105,0.048775989562273026,0.038906268775463104,0.038853999227285385,0.03166680037975311,0.03222065046429634,0.037455830723047256,0.03443989157676697,0.03360503166913986,0.03166680037975311,0.034245673567056656,0.03166680037975311,0.034908268600702286,0.03166680037975311,0.04522150382399559,0.03166680037975311,0.03166680037975311,0.03166680037975311,0.03166680037975311,0.03166680037975311,0.03166680037975311,0.050598081201314926,0.06261075288057327,0.041387174278497696,0.03166680037975311,0.03829754516482353
2019-04-01,0.03897076100111008,0.04192360118031502,0.05035578832030296,0.03985484316945076,0.039297156035900116,0.03180108219385147,0.033031705766916275,0.03610832616686821,0.032036907970905304,0.034427691251039505,0.03180108219385147,0.033560384064912796,0.03180108219385147,0.03561227768659592,0.03180108219385147,0.04655476659536362,0.03180108219385147,0.03180108219385147,0.03180108219385147,0.03180108219385147,0.03180108219385147,0.03186211735010147,0.04970231279730797,0.05999862030148506,0.04137204959988594,0.03180108219385147,0.0373198576271534
2019-04-02,0.04164484515786171,0.039298444986343384,0.050902415066957474,0.041797518730163574,0.03982146084308624,0.032003406435251236,0.03462310880422592,0.034497879445552826,0.032003406435251236,0.03599589318037033,0.032003406435251236,0.033501122146844864,0.032003406435251236,0.03797844797372818,0.032003406435251236,0.05012453347444534,0.032003406435251236,0.032003406435251236,0.032003406435251236,0.032003406435251236,0.032003406435251236,0.03228247910737991,0.046564314514398575,0.053633373230695724,0.03993695601820946,0.032003406435251236,0.03535979241132736
2019-04-03,0.04181448370218277,0.03794769197702408,0.049713633954524994,0.04352434352040291,0.04010571166872978,0.03233899548649788,0.034127481281757355,0.034663669764995575,0.03233899548649788,0.0360761433839798,0.03233899548649788,0.034668777137994766,0.03233899548649788,0.03815605118870735,0.03233899548649788,0.049428895115852356,0.03233899548649788,0.03233899548649788,0.03233899548649788,0.03233899548649788,0.03233899548649788,0.032663702964782715,0.04483742266893387,0.053562138229608536,0.0391395203769207,0.03233899548649788,0.033841345459222794
2019-04-04,0.04443792626261711,0.03559621796011925,0.04829365015029907,0.044862743467092514,0.0390719510614872,0.03248488903045654,0.034208379685878754,0.034815847873687744,0.03248488903045654,0.03697793930768967,0.03248488903045654,0.03429029509425163,0.03248488903045654,0.040550414472818375,0.03248488903045654,0.05103367567062378,0.03248488903045654,0.03248488903045654,0.03505866229534149,0.03248488903045654,0.03248488903045654,0.03275730460882187,0.043349094688892365,0.048288337886333466,0.038562506437301636,0.03248488903045654,0.032996196299791336
2019-04-05,0.044643647968769073,0.03555219992995262,0.04908079281449318,0.04486314579844475,0.03764418885111809,0.03254890814423561,0.034269653260707855,0.0353805348277092,0.03254890814423561,0.03691485524177551,0.03254890814423561,0.03405027836561203,0.03254890814423561,0.0421760231256485,0.03254890814423561,0.05110551789402962,0.03254890814423561,0.03254890814423561,0.03569507226347923,0.03254890814423561,0.03254890814423561,0.03292990103363991,0.041908472776412964,0.046685926616191864,0.039061833173036575,0.03254890814423561,0.03254890814423561
2019-04-08,0.04356258362531662,0.036010075360536575,0.04959355294704437,0.04440807178616524,0.03688683360815048,0.032604463398456573,0.034513961523771286,0.03561393916606903,0.032604463398456573,0.036897916346788406,0.032604463398456573,0.034579094499349594,0.032604463398456573,0.04283522069454193,0.032604463398456573,0.051177430897951126,0.032604463398456573,0.032604463398456573,0.03585737943649292,0.032604463398456573,0.032604463398456573,0.03330303356051445,0.041459858417510986,0.04586438462138176,0.03878754749894142,0.032604463398456573,0.032604463398456573
2019-04-09,0.0430632084608078,0.03617482632398605,0.0492427796125412,0.04436493292450905,0.03660066798329353,0.03269268199801445,0.034534014761447906,0.03567221015691757,0.03269268199801445,0.036832597106695175,0.03269268199801445,0.03509674593806267,0.03269268199801445,0.04270925745368004,0.03269268199801445,0.050659116357564926,0.03269268199801445,0.03269268199801445,0.03586917743086815,0.03269268199801445,0.03269268199801445,0.03393472358584404,0.04043741524219513,0.04623311012983322,0.03888099268078804,0.03276735916733742,0.03269268199801445
2019-04-10,0.040942657738924026,0.037592530250549316,0.04841851443052292,0.04388882592320442,0.03709407150745392,0.03282805159687996,0.03412867337465286,0.03661619871854782,0.03282805159687996,0.03570133075118065,0.03282805159687996,0.036305028945207596,0.03282805159687996,0.04083770141005516,0.03282805159687996,0.04877025634050369,0.03282805159687996,0.03282805159687996,0.03421292081475258,0.03282805159687996,0.03282805159687996,0.03352586179971695,0.040336526930332184,0.050873544067144394,0.03927227109670639,0.033202581107616425,0.03282805159687996
2019-04-11,0.04175713658332825,0.03667566180229187,0.048092711716890335,0.04439622536301613,0.037388209253549576,0.03277016058564186,0.03435478359460831,0.035818830132484436,0.03277016058564186,0.035938188433647156,0.03277016058564186,0.035080935806035995,0.03277016058564186,0.041021887212991714,0.03277016058564186,0.04854733124375343,0.03277016058564186,0.03277016058564186,0.034408774226903915,0.03277016058564186,0.03277016058564186,0.034566137939691544,0.04072246700525284,0.05111685022711754,0.03893299773335457,0.033479250967502594,0.03277016058564186
2019-04-12,0.041438207030296326,0.036238595843315125,0.04731099307537079,0.044276922941207886,0.037175387144088745,0.03302614763379097,0.03409237787127495,0.03646337613463402,0.03302614763379097,0.03537749871611595,0.03302614763379097,0.036324355751276016,0.03302614763379097,0.0410575233399868,0.03302614763379097,0.0488005094230175,0.03302614763379097,0.03302614763379097,0.03530532494187355,0.03302614763379097,0.03302614763379097,0.03429829701781273,0.040680963546037674,0.0489482507109642,0.03855511173605919,0.03339477255940437,0.03302614763379097
2019-04-15,0.04588974639773369,0.03342065215110779,0.04742873087525368,0.044857848435640335,0.03648558631539345,0.03314349427819252,0.033929772675037384,0.03560608625411987,0.03314349427819252,0.03666168451309204,0.03314349427819252,0.03482072800397873,0.03314349427819252,0.04337940737605095,0.03314349427819252,0.050092246383428574,0.03314349427819252,0.03314349427819252,0.037644512951374054,0.03314349427819252,0.03314349427819252,0.03514394536614418,0.04057588055729866,0.041149403899908066,0.03827174752950668,0.033207010477781296,0.03314349427819252
2019-04-16,0.04438821226358414,0.03428100794553757,0.047082941979169846,0.04458083212375641,0.03707002103328705,0.033135075122117996,0.0341062918305397,0.03568976745009422,0.033135075122117996,0.03588637337088585,0.033135075122117996,0.03577081114053726,0.033135075122117996,0.04173734411597252,0.033135075122117996,0.04943688586354256,0.033135075122117996,0.033135075122117996,0.03644459322094917,0.033135075122117996,0.033135075122117996,0.03529071435332298,0.04071506857872009,0.044500261545181274,0.03853299468755722,0.033135075122117996,0.033135075122117996
2019-04-17,0.04480442777276039,0.033560674637556076,0.047995805740356445,0.044482916593551636,0.03703072667121887,0.03320954367518425,0.03401147201657295,0.03520461544394493,0.03320954367518425,0.035985976457595825,0.03320954367518425,0.035436660051345825,0.03320954367518425,0.042286187410354614,0.03320954367518425,0.049495842307806015,0.03320954367518425,0.03320954367518425,0.037085600197315216,0.03320954367518425,0.03320954367518425,0.03567412495613098,0.040535688400268555,0.042532891035079956,0.03840554505586624,0.03337538614869118,0.03320954367518425
2019-04-18,0.044662147760391235,0.0336526595056057,0.04720365256071091,0.04290537163615227,0.03619741275906563,0.0336526595056057,0.0336526595056057,0.03685493767261505,0.0336526595056057,0.0360054075717926,0.0336526595056057,0.03663412481546402,0.0336526595056057,0.04233821481466293,0.0336526595056057,0.048420365899801254,0.0336526595056057,0.0336526595056057,0.03835488110780716,0.0336526595056057,0.0336526595056057,0.035180144011974335,0.03958699107170105,0.03989351913332939,0.03827827423810959,0.0336526595056057,0.0336526595056057
2019-04-22,0.04518349841237068,0.033893510699272156,0.048290010541677475,0.04205295816063881,0.035948269069194794,0.033893510699272156,0.033893510699272156,0.037381693720817566,0.033893510699272156,0.03580434247851372,0.033893510699272156,0.0362965352833271,0.033893510699272156,0.041934385895729065,0.033893510699272156,0.04696781933307648,0.033893510699272156,0.033893510699272156,0.039452724158763885,0.033893510699272156,0.033893510699272156,0.03465782105922699,0.039745766669511795,0.03703503683209419,0.03863346576690674,0.033893510699272156,0.033893510699272156
2019-04-23,0.04405295476317406,0.03397250175476074,0.04751184582710266,0.04136064648628235,0.03609715402126312,0.03397250175476074,0.03397250175476074,0.0377851240336895,0.03397250175476074,0.03554471209645271,0.03397250175476074,0.036558929830789566,0.03397250175476074,0.04248703643679619,0.03397250175476074,0.04785582795739174,0.03397250175476074,0.03397250175476074,0.03936482220888138,0.03397250175476074,0.03397250175476074,0.034452758729457855,0.03894772008061409,0.037658799439668655,0.038679126650094986,0.03397250175476074,0.03397250175476074
2019-04-24,0.04469238966703415,0.03377333655953407,0.04994497075676918,0.04191048443317413,0.03551482409238815,0.03377333655953407,0.03377333655953407,0.03801495209336281,0.03377333655953407,0.034638650715351105,0.03377333655953407,0.0349653996527195,0.03377333655953407,0.041196513921022415,0.03377333655953407,0.04972408711910248,0.03377333655953407,0.03377333655953407,0.03856917470693588,0.03377333655953407,0.03377333655953407,0.03377333655953407,0.039660584181547165,0.0382569283246994,0.04008430242538452,0.03377333655953407,0.03377333655953407
2019-04-25,0.043748240917921066,0.03389902412891388,0.04949897155165672,0.04037822037935257,0.035290855914354324,0.03389902412891388,0.03389902412891388,0.038817331194877625,0.03389902412891388,0.03419836610555649,0.03389902412891388,0.035169340670108795,0.03389902412891388,0.04164707660675049,0.03389902412891388,0.049129635095596313,0.03389902412891388,0.03389902412891388,0.03904339671134949,0.03389902412891388,0.03389902412891388,0.03389902412891388,0.040548939257860184,0.038015857338905334,0.03992738202214241,0.03389902412891388,0.03389902412891388
2019-04-26,0.0427900068461895,0.03451913595199585,0.044865671545267105,0.04008331522345543,0.03687265142798424,0.033907726407051086,0.033907726407051086,0.039698146283626556,0.033907726407051086,0.03461756184697151,0.033907726407051086,0.037344496697187424,0.033907726407051086,0.0396459735929966,0.033907726407051086,0.048898033797740936,0.033907726407051086,0.033907726407051086,0.03761735185980797,0.033907726407051086,0.033907726407051086,0.033907726407051086,0.04242143779993057,0.04223577678203583,0.03752242401242256,0.033907726407051086,0.03397531807422638
2019-04-29,0.037292126566171646,0.04141822084784508,0.04063097760081291,0.03803716599941254,0.03955676034092903,0.03406272828578949,0.03406272828578949,0.03926585614681244,0.03406272828578949,0.03406272828578949,0.03406272828578949,0.04065937548875809,0.03406272828578949,0.03649652376770973,0.03406272828578949,0.04601782560348511,0.03406272828578949,0.03406272828578949,0.034972138702869415,0.03406272828578949,0.03406272828578949,0.03406272828578949,0.04233090952038765,0.049613796174526215,0.03537490591406822,0.03406272828578949,0.035517964512109756
2019-04-30,0.03513564541935921,0.04409218207001686,0.03955282270908356,0.03745028376579285,0.03984369710087776,0.03411231189966202,0.03411231189966202,0.039808984845876694,0.03528677672147751,0.03411231189966202,0.03411231189966202,0.04249260574579239,0.03411231189966202,0.03552503138780594,0.03411231189966202,0.04301794618368149,0.03411231189966202,0.03411231189966202,0.034397225826978683,0.03411231189966202,0.03411231189966202,0.03411231189966202,0.04132803902029991,0.051301904022693634,0.03465774282813072,0.03411231189966202,0.03676140308380127
2019-05-01,0.034675486385822296,0.044926464557647705,0.04052719101309776,0.037788983434438705,0.03934716805815697,0.03376147896051407,0.03376147896051407,0.03975030407309532,0.03637922555208206,0.03376147896051407,0.03376147896051407,0.04115290939807892,0.03376147896051407,0.035693176090717316,0.03376147896051407,0.042548902332782745,0.03376147896051407,0.03376147896051407,0.03400125354528427,0.03376147896051407,0.03376147896051407,0.03376147896051407,0.04181144759058952,0.05429432913661003,0.03496847674250603,0.03376147896051407,0.03699693828821182
2019-05-02,0.033351872116327286,0.04879014939069748,0.03972099348902702,0.03646913543343544,0.040807634592056274,0.033351872116327286,0.033351872116327286,0.03894556686282158,0.03666574880480766,0.033351872116327286,0.03336778283119202,0.04130145162343979,0.033351872116327286,0.03430880606174469,0.033351872116327286,0.041434552520513535,0.033351872116327286,0.033351872116327286,0.033351872116327286,0.033351872116327286,0.033351872116327286,0.033351872116327286,0.0417153537273407,0.058262892067432404,0.0350545234978199,0.033351872116327286,0.03958111256361008
2019-05-03,0.032529912889003754,0.052626047283411026,0.04100635647773743,0.03536853939294815,0.04083666950464249,0.032529912889003754,0.03456903621554375,0.038230184465646744,0.035348471254110336,0.032529912889003754,0.032529912889003754,0.0391518771648407,0.032529912889003754,0.03495518118143082,0.032529912889003754,0.04318096861243248,0.032529912889003754,0.032529912889003754,0.032529912889003754,0.032529912889003754,0.032529912889003754,0.032529912889003754,0.04346698522567749,0.061509642750024796,0.03656504303216934,0.032529912889003754,0.040296174585819244
2019-05-06,0.032650113105773926,0.05245276167988777,0.041959621012210846,0.03500302508473396,0.04087625816464424,0.032650113105773926,0.034877751022577286,0.03765004500746727,0.034313663840293884,0.032650113105773926,0.032650113105773926,0.03887263685464859,0.032650113105773926,0.034798428416252136,0.032650113105773926,0.04351058602333069,0.032650113105773926,0.032650113105773926,0.032650113105773926,0.032650113105773926,0.032650113105773926,0.032650113105773926,0.0443415530025959,0.06030549481511116,0.03665309399366379,0.032650113105773926,0.03993362560868263
2019-05-07,0.03240024670958519,0.05251365900039673,0.04246709495782852,0.03574032336473465,0.04206063225865364,0.03240024670958519,0.03456323966383934,0.036907266825437546,0.03328930214047432,0.03240024670958519,0.03240024670958519,0.038469184190034866,0.03240024670958519,0.03453229367733002,0.03240024670958519,0.04344603046774864,0.03240024670958519,0.03240024670958519,0.03240024670958519,0.03240024670958519,0.03240024670958519,0.03240024670958519,0.0434071384370327,0.06510847061872482,0.037457358092069626,0.03240024670958519,0.038834862411022186
2019-05-08,0.032231319695711136,0.054174792021512985,0.04068124666810036,0.035642288625240326,0.042507998645305634,0.032231319695711136,0.034615300595760345,0.037080153822898865,0.03402102366089821,0.032231319695711136,0.032231319695711136,0.039776761084795,0.032231319695711136,0.03349251300096512,0.032231319695711136,0.04225939139723778,0.032231319695711136,0.032231319695711136,0.032231319695711136,0.032231319695711136,0.032231319695711136,0.032231319695711136,0.04264295473694801,0.06692454218864441,0.03783470019698143,0.032231319695711136,0.03933919966220856
2019-05-09,0.03211454302072525,0.05473148822784424,0.0398763082921505,0.034736014902591705,0.04244071990251541,0.03211454302072525,0.03425883874297142,0.037849556654691696,0.03456902503967285,0.03211454302072525,0.03211454302072525,0.0399954654276371,0.03211454302072525,0.03247598186135292,0.03211454302072525,0.04184615612030029,0.03211454302072525,0.03211454302072525,0.03211454302072525,0.03211454302072525,0.03211454302072525,0.03211454302072525,0.043601617217063904,0.06825228780508041,0.03819333761930466,0.03211454302072525,0.03968406468629837
2019-05-10,0.03224591165781021,0.05492633208632469,0.03827449679374695,0.03472282737493515,0.04251306504011154,0.03224591165781021,0.03381035104393959,0.0389837883412838,0.03504602238535881,0.03224591165781021,0.03224591165781021,0.04145345091819763,0.03224591165781021,0.03224591165781021,0.03224591165781021,0.041434478014707565,0.03224591165781021,0.03224591165781021,0.03224591165781021,0.03224591165781021,0.03224591165781021,0.03224591165781021,0.04206022620201111,0.06742826849222183,0.03756437823176384,0.03224591165781021,0.040339551866054535
2019-05-13,0.03199666738510132,0.056230563670396805,0.04013756290078163,0.03282682225108147,0.04025386646389961,0.03199666738510132,0.03529287874698639,0.03887488692998886,0.036317646503448486,0.03256145492196083,0.03199666738510132,0.03960341587662697,0.03199666738510132,0.033446986228227615,0.03199666738510132,0.04225671663880348,0.03199666738510132,0.03199666738510132,0.03199666738510132,0.03199666738510132,0.03199666738510132,0.03199666738510132,0.04363824427127838,0.06486684828996658,0.038266681134700775,0.03199666738510132,0.041465356945991516
2019-05-14,0.031380973756313324,0.056427013128995895,0.03641738370060921,0.032221656292676926,0.03799602761864662,0.032537464052438736,0.03597809374332428,0.04121485352516174,0.04328456148505211,0.032994210720062256,0.031380973756313324,0.04151984676718712,0.031380973756313324,0.03154550865292549,0.031380973756313324,0.037910256534814835,0.031380973756313324,0.031380973756313324,0.031380973756313324,0.031380973756313324,0.031380973756313324,0.031380973756313324,0.0447700172662735,0.0699770376086235,0.03718871995806694,0.031380973756313324,0.042826615273952484
2019-05-15,0.0314139798283577,0.05481758341193199,0.036687541753053665,0.03156257048249245,0.03810083866119385,0.03288956359028816,0.03468291461467743,0.04148590937256813,0.04311849921941757,0.032857686281204224,0.0314139798283577,0.04023798927664757,0.0314139798283577,0.0314139798283577,0.0314139798283577,0.03787073493003845,0.0314139798283577,0.0314139798283577,0.0314139798283577,0.0314139798283577,0.0314139798283577,0.0314139798283577,0.04717466980218887,0.07055410742759705,0.03741056099534035,0.0314139798283577,0.04358109086751938
2019-05-16,0.03132639452815056,0.05379028618335724,0.03577543422579765,0.03132639452815056,0.03801904618740082,0.032944485545158386,0.03388378024101257,0.04236123710870743,0.04514184966683388,0.032910529524087906,0.03132639452815056,0.04017980396747589,0.03132639452815056,0.03132639452815056,0.03132639452815056,0.03685896843671799,0.03132639452815056,0.03132639452815056,0.03132639452815056,0.03132639452815056,0.03132639452815056,0.03132639452815056,0.048068173229694366,0.07088911533355713,0.03723001852631569,0.03132639452815056,0.04470416530966759
2019-05-17,0.031263213604688644,0.05298719182610512,0.03698697313666344,0.03166407719254494,0.03680063411593437,0.033511921763420105,0.03421981632709503,0.04243067279458046,0.04547782242298126,0.03360110521316528,0.031263213604688644,0.03905216604471207,0.031263213604688644,0.031263213604688644,0.031263213604688644,0.03696594387292862,0.031263213604688644,0.031263213604688644,0.031263213604688644,0.031263213604688644,0.031263213604688644,0.031263213604688644,0.048656970262527466,0.07175859808921814,0.03710753470659256,0.031263213604688644,0.043619971722364426
2019-05-20,0.03129139170050621,0.051032789051532745,0.03643186390399933,0.032241787761449814,0.035909902304410934,0.03425141051411629,0.033729590475559235,0.043433867394924164,0.04840483516454697,0.03383440151810646,0.03129139170050621,0.038705114275217056,0.03129139170050621,0.03204696252942085,0.03129139170050621,0.03607681766152382,0.03129139170050621,0.03129139170050621,0.03129139170050621,0.03129139170050621,0.03129139170050621,0.03129139170050621,0.047881681472063065,0.07151525467634201,0.036163169890642166,0.03129139170050621,0.04413525015115738
2019-05-21,0.031058890745043755,0.05079841613769531,0.03715387359261513,0.03214384242892265,0.035593193024396896,0.03393474593758583,0.034880101680755615,0.04309422895312309,0.051320865750312805,0.034449413418769836,0.031058890745043755,0.03722767531871796,0.031058890745043755,0.034159302711486816,0.031058890745043755,0.036167316138744354,0.031058890745043755,0.031058890745043755,0.031058890745043755,0.031058890745043755,0.031058890745043755,0.031058890745043755,0.04755426198244095,0.06903238594532013,0.03570244461297989,0.031058890745043755,0.045140139758586884
2019-05-22,0.03166670352220535,0.05053474381566048,0.037638526409864426,0.03270907327532768,0.03667864948511124,0.03306492045521736,0.03374968469142914,0.042568426579236984,0.047953493893146515,0.033644236624240875,0.03166670352220535,0.03810756281018257,0.03166670352220535,0.03386152535676956,0.03166670352220535,0.03683139756321907,0.03166670352220535,0.03166670352220535,0.03166670352220535,0.03166670352220535,0.03166670352220535,0.03166670352220535,0.046633556485176086,0.06724796444177628,0.035298481583595276,0.03166670352220535,0.045144014060497284
2019-05-23,0.03141137585043907,0.05045467987656593,0.038806550204753876,0.032697055488824844,0.03679661825299263,0.03323119133710861,0.03448427468538284,0.04123697802424431,0.04722771421074867,0.034095294773578644,0.03141137585043907,0.03622839227318764,0.03141137585043907,0.03378884866833687,0.03141137585043907,0.03738854452967644,0.03141137585043907,0.03141137585043907,0.03141137585043907,0.03141137585043907,0.03141137585043907,0.03141137585043907,0.04886635020375252,0.068304643034935,0.03591939061880112,0.03141137585043907,0.04494834318757057
2019-05-24,0.03040744736790657,0.05137719586491585,0.040858738124370575,0.032424550503492355,0.03646797314286232,0.033733367919921875,0.037259843200445175,0.039747972041368484,0.04670944809913635,0.03511187806725502,0.03040744736790657,0.03403468802571297,0.03040744736790657,0.03555930778384209,0.03040744736790657,0.03884260728955269,0.03040744736790657,0.03040744736790657,0.03040744736790657,0.03040744736790657,0.03247423842549324,0.03040744736790657,0.05029701814055443,0.0718446746468544,0.03645770624279976,0.03040744736790657,0.04272430017590523
2019-05-28,0.03047253005206585,0.05100798234343529,0.041878119111061096,0.032807957381010056,0.036894142627716064,0.033413179218769073,0.03744867816567421,0.03879454731941223,0.045923084020614624,0.035220980644226074,0.03047253005206585,0.03316904604434967,0.03047253005206585,0.03618405759334564,0.03047253005206585,0.039339449256658554,0.03047253005206585,0.03047253005206585,0.03047253005206585,0.03047253005206585,0.03295923396945,0.03047253005206585,0.05068924278020859,0.07066870480775833,0.03636331856250763,0.03047253005206585,0.0425129234790802
2019-05-29,0.0306553952395916,0.04988744482398033,0.03822989761829376,0.03159669041633606,0.035882625728845596,0.0345611497759819,0.036035921424627304,0.042112503200769424,0.051084261387586594,0.034930650144815445,0.0306553952395916,0.03470734506845474,0.0306553952395916,0.03433560952544212,0.0306553952395916,0.03690909221768379,0.0306553952395916,0.0306553952395916,0.0306553952395916,0.0306553952395916,0.03092108853161335,0.0306553952395916,0.05130695551633835,0.07008355855941772,0.03582209348678589,0.0306553952395916,0.04503919556736946
2019-05-30,0.03086349554359913,0.05149244889616966,0.033044055104255676,0.031192975118756294,0.036373019218444824,0.035619087517261505,0.03499327972531319,0.04400625824928284,0.0559559091925621,0.03392714634537697,0.03086349554359913,0.03950924426317215,0.03086349554359913,0.03126925230026245,0.03086349554359913,0.03362688049674034,0.03086349554359913,0.03086349554359913,0.03086349554359913,0.03086349554359913,0.03086349554359913,0.03086349554359913,0.04874704033136368,0.07065028697252274,0.03446781635284424,0.03125658631324768,0.04523368924856186
2019-05-31,0.03106728382408619,0.05151057988405228,0.03223772719502449,0.031092612072825432,0.03729666769504547,0.03514513745903969,0.034531086683273315,0.04363138973712921,0.052495524287223816,0.03371671959757805,0.03106728382408619,0.040477901697158813,0.03106728382408619,0.03106728382408619,0.03106728382408619,0.034077346324920654,0.03106728382408619,0.03106728382408619,0.03106728382408619,0.03106728382408619,0.03106728382408619,0.03106728382408619,0.04958244413137436,0.07177198678255081,0.03496992588043213,0.03106728382408619,0.04465556889772415
2019-06-03,0.03153989091515541,0.05084938183426857,0.03153989091515541,0.03153989091515541,0.03770952299237251,0.03681725636124611,0.031826507300138474,0.04430973157286644,0.05186082795262337,0.03153989091515541,0.03153989091515541,0.04421033337712288,0.03153989091515541,0.03153989091515541,0.03153989091515541,0.03187594562768936,0.03153989091515541,0.03153989091515541,0.03153989091515541,0.03153989091515541,0.03153989091515541,0.03153989091515541,0.047847259789705276,0.07035553455352783,0.034074097871780396,0.03153989091515541,0.045165229588747025
2019-06-04,0.030581209808588028,0.05125467851758003,0.031150147318840027,0.030581209808588028,0.03563087806105614,0.03949316591024399,0.03328019380569458,0.04512538015842438,0.059836965054273605,0.03222214803099632,0.030581209808588028,0.03965725749731064,0.030581209808588028,0.030581209808588028,0.030581209808588028,0.03224683180451393,0.030581209808588028,0.030581209808588028,0.030581209808588028,0.030581209808588028,0.030581209808588028,0.030581209808588028,0.05001971870660782,0.07047189772129059,0.034939032047986984,0.03212602436542511,0.045571185648441315
2019-06-05,0.03114638663828373,0.050491198897361755,0.03425867483019829,0.03114638663828373,0.03746132552623749,0.03483133390545845,0.03320251405239105,0.04372657835483551,0.049452222883701324,0.03310989961028099,0.03114638663828373,0.038862016052007675,0.03114638663828373,0.03114638663828373,0.03114638663828373,0.03558653965592384,0.03114638663828373,0.03114638663828373,0.03114638663828373,0.03114638663828373,0.03114638663828373,0.03114638663828373,0.051065973937511444,0.0723651871085167,0.03596813231706619,0.03114638663828373,0.044715337455272675
2019-06-06,0.03121190331876278,0.05159531533718109,0.03738792985677719,0.03144492581486702,0.03825211152434349,0.03324710950255394,0.03444497287273407,0.04131824150681496,0.044030118733644485,0.03369438648223877,0.03121190331876278,0.03726993873715401,0.03121190331876278,0.03121190331876278,0.03121190331876278,0.03798849508166313,0.03121190331876278,0.03121190331876278,0.03121190331876278,0.03121190331876278,0.03161224350333214,0.03121190331876278,0.05160534381866455,0.07192156463861465,0.037060707807540894,0.03121190331876278,0.043795764446258545
2019-06-07,0.03153102472424507,0.0502169206738472,0.040291182696819305,0.03305652737617493,0.038472387939691544,0.032803747802972794,0.033660147339105606,0.039862364530563354,0.040317948907613754,0.033979229629039764,0.03153102472424507,0.03616923466324806,0.03153102472424507,0.03153102472424507,0.03153102472424507,0.039251212030649185,0.03153102472424507,0.03153102472424507,0.03153102472424507,0.03153102472424507,0.032772719860076904,0.03153102472424507,0.05078814551234245,0.07104022800922394,0.03789602965116501,0.03153102472424507,0.042580746114254
2019-06-10,0.0321773961186409,0.050676681101322174,0.04183211922645569,0.03375818952918053,0.03914874047040939,0.0321773961186409,0.032813046127557755,0.03824031725525856,0.03629905357956886,0.03365207090973854,0.0321773961186409,0.03681344538927078,0.0321773961186409,0.0321773961186409,0.0321773961186409,0.03943735733628273,0.0321773961186409,0.0321773961186409,0.0321773961186409,0.0321773961186409,0.03256139159202576,0.0321773961186409,0.050566598773002625,0.0678979679942131,0.03904726728796959,0.0321773961186409,0.041127003729343414
2019-06-11,0.03231794387102127,0.049142852425575256,0.04228387773036957,0.03593456372618675,0.04014650359749794,0.03231794387102127,0.03231794387102127,0.03681015223264694,0.035885341465473175,0.03336773067712784,0.03231794387102127,0.03684661164879799,0.03231794387102127,0.03231794387102127,0.03231794387102127,0.03973757103085518,0.03231794387102127,0.03231794387102127,0.03231794387102127,0.03231794387102127,0.03279120475053787,0.03231794387102127,0.05034863203763962,0.06860390305519104,0.038499485701322556,0.03231794387102127,0.03946826979517937
2019-06-12,0.03228021413087845,0.04784111678600311,0.04408981651067734,0.037195246666669846,0.039560429751873016,0.03228021413087845,0.03238463029265404,0.03632700443267822,0.036254655569791794,0.03384924679994583,0.03228021413087845,0.035764481872320175,0.03228021413087845,0.033084653317928314,0.03228021413087845,0.040493372827768326,0.03228021413087845,0.03228021413087845,0.03228021413087845,0.03228021413087845,0.03320777788758278,0.03228021413087845,0.04978062957525253,0.06794462352991104,0.038254257291555405,0.03228021413087845,0.0388856902718544
2019-06-13,0.031965821981430054,0.04877561330795288,0.04615238308906555,0.037014976143836975,0.03998944163322449,0.031965821981430054,0.03337428346276283,0.034876834601163864,0.0342814140021801,0.03337549418210983,0.031965821981430054,0.03441653400659561,0.031965821981430054,0.03320133686065674,0.031965821981430054,0.04183906316757202,0.031965821981430054,0.031965821981430054,0.031965821981430054,0.031965821981430054,0.03486430272459984,0.031965821981430054,0.05047541856765747,0.06781317293643951,0.039642881602048874,0.031965821981430054,0.038282882422208786
2019-06-14,0.03382468968629837,0.04664931818842888,0.045465245842933655,0.03951004892587662,0.04039326682686806,0.0321415513753891,0.032264210283756256,0.0352150984108448,0.03455331176519394,0.03281358256936073,0.0321415513753891,0.03551618754863739,0.0321415513753891,0.03348633646965027,0.0321415513753891,0.0414741188287735,0.0321415513753891,0.0321415513753891,0.0321415513753891,0.0321415513753891,0.03345848247408867,0.03300365433096886,0.04791456460952759,0.0689898133277893,0.039276670664548874,0.0321415513753891,0.036917492747306824
2019-06-17,0.03449654206633568,0.045930299907922745,0.04534022882580757,0.04103388264775276,0.0402509979903698,0.03199705481529236,0.03248327225446701,0.03484198451042175,0.03494969382882118,0.03281426429748535,0.03199705481529236,0.03531260788440704,0.03199705481529236,0.03461385518312454,0.03199705481529236,0.04164809733629227,0.03199705481529236,0.03199705481529236,0.03199705481529236,0.03199705481529236,0.033435236662626266,0.03358910232782364,0.046305153518915176,0.06952504813671112,0.038650743663311005,0.03199705481529236,0.036805495619773865
2019-06-18,0.03516507148742676,0.04536981135606766,0.04509210214018822,0.04177644103765488,0.04099547117948532,0.032039906829595566,0.03252868726849556,0.034438714385032654,0.03431452065706253,0.032779425382614136,0.032039906829595566,0.035507138818502426,0.032039906829595566,0.03465170040726662,0.032039906829595566,0.0420675054192543,0.032039906829595566,0.032039906829595566,0.032039906829595566,0.032039906829595566,0.033356573432683945,0.03383273631334305,0.04600685462355614,0.06880739331245422,0.03883669897913933,0.032039906829595566,0.036113936454057693
2019-06-19,0.037566427141427994,0.04294178634881973,0.046520721167325974,0.04246383160352707,0.042105961591005325,0.032364629209041595,0.03355618193745613,0.03325957432389259,0.032364629209041595,0.03425413370132446,0.032364629209041595,0.03490762040019035,0.032364629209041595,0.03466709330677986,0.032364629209041595,0.04525654390454292,0.032364629209041595,0.032364629209041595,0.032364629209041595,0.032364629209041595,0.032364629209041595,0.03330686688423157,0.04636598005890846,0.06268180161714554,0.03934758901596069,0.032364629209041595,0.034786924719810486
2019-06-20,0.03835980221629143,0.04210808128118515,0.04638148099184036,0.04327425733208656,0.04240303859114647,0.03239647299051285,0.0344875268638134,0.03261267766356468,0.03239647299051285,0.03475652262568474,0.03239647299051285,0.034356966614723206,0.03239647299051285,0.0359935387969017,0.03239647299051285,0.04663972929120064,0.03239647299051285,0.03239647299051285,0.03239647299051285,0.03239647299051285,0.03239647299051285,0.0335807278752327,0.04527978226542473,0.05979849770665169,0.03907797485589981,0.03239647299051285,0.03452816233038902
2019-06-21,0.0408269502222538,0.03952990472316742,0.045866142958402634,0.04466203600168228,0.04314948618412018,0.032343119382858276,0.03523430973291397,0.032343119382858276,0.032343119382858276,0.035832729190588,0.032343119382858276,0.03453769162297249,0.032343119382858276,0.035784993320703506,0.032343119382858276,0.04826662316918373,0.032343119382858276,0.032343119382858276,0.032343119382858276,0.032343119382858276,0.032343119382858276,0.0338834673166275,0.044190552085638046,0.057812757790088654,0.0392986424267292,0.032343119382858276,0.03300636261701584
2019-06-24,0.040586136281490326,0.03949454054236412,0.044541358947753906,0.046422939747571945,0.04333985596895218,0.03232219070196152,0.035014357417821884,0.03232219070196152,0.03232219070196152,0.03577691689133644,0.03232219070196152,0.03486238420009613,0.03232219070196152,0.036192186176776886,0.03232219070196152,0.04705233499407768,0.03232219070196152,0.03232219070196152,0.03232219070196152,0.03232219070196152,0.03232219070196152,0.03473642095923424,0.04283652454614639,0.059453755617141724,0.038476403802633286,0.03232219070196152,0.033347588032484055
2019-06-25,0.04128723591566086,0.03869923949241638,0.04558933526277542,0.047085024416446686,0.04258695989847183,0.03217627480626106,0.03496458753943443,0.03217627480626106,0.03217627480626106,0.036008402705192566,0.03217627480626106,0.033957865089178085,0.03217627480626106,0.03707777336239815,0.03217627480626106,0.04703288897871971,0.03217627480626106,0.03217627480626106,0.03217627480626106,0.03217627480626106,0.03217627480626106,0.03487662598490715,0.043414406478405,0.05905090644955635,0.038407739251852036,0.03217627480626106,0.0338456816971302
2019-06-26,0.03747422248125076,0.041915830224752426,0.04547496885061264,0.04521029815077782,0.042626697570085526,0.032147545367479324,0.03463083878159523,0.032147545367479324,0.032147545367479324,0.03451547399163246,0.032147545367479324,0.033922452479600906,0.032147545367479324,0.03637585788965225,0.032147545367479324,0.04548490419983864,0.032147545367479324,0.032147545367479324,0.032147545367479324,0.032147545367479324,0.033760685473680496,0.03479769453406334,0.044035978615283966,0.06224895641207695,0.038341909646987915,0.032147545367479324,0.03556020185351372
2019-06-27,0.03809487819671631,0.040600355714559555,0.04490676522254944,0.04532880336046219,0.042824696749448776,0.032476767897605896,0.03396792337298393,0.032476767897605896,0.032476767897605896,0.033945079892873764,0.032476767897605896,0.03571818768978119,0.032476767897605896,0.03542670980095863,0.032476767897605896,0.045750513672828674,0.032476767897605896,0.032476767897605896,0.032476767897605896,0.032476767897605896,0.03357776999473572,0.034447524696588516,0.043243277817964554,0.0634557232260704,0.03818590193986893,0.032476767897605896,0.03328147530555725
2019-06-28,0.036745335906744,0.04212108254432678,0.04435474053025246,0.044235121458768845,0.04353266581892967,0.032483115792274475,0.034616872668266296,0.032483115792274475,0.032483115792274475,0.0340675488114357,0.032483115792274475,0.036533769220113754,0.032483115792274475,0.034441474825143814,0.032483115792274475,0.04595748707652092,0.032483115792274475,0.032483115792274475,0.032483115792274475,0.032483115792274475,0.033919647336006165,0.034179892390966415,0.042918141931295395,0.06408070772886276,0.038016270846128464,0.032483115792274475,0.032965030521154404
2019-07-01,0.03607828542590141,0.04311263561248779,0.04232853651046753,0.04612739011645317,0.04306889697909355,0.03263159841299057,0.03517445921897888,0.03263159841299057,0.03263159841299057,0.0341937281191349,0.03263159841299057,0.038484107702970505,0.03263159841299057,0.0347696989774704,0.03263159841299057,0.04557123780250549,0.03263159841299057,0.03263159841299057,0.03263159841299057,0.03263159841299057,0.03392527997493744,0.034621935337781906,0.04044944420456886,0.06413966417312622,0.036363635212183,0.03263159841299057,0.03264351934194565
2019-07-02,0.03767910227179527,0.04179072752594948,0.04199651628732681,0.04719505086541176,0.04278786852955818,0.032638661563396454,0.03574320301413536,0.032638661563396454,0.032638661563396454,0.03553839400410652,0.032638661563396454,0.03860373795032501,0.032638661563396454,0.03494473919272423,0.032638661563396454,0.046179529279470444,0.032638661563396454,0.032638661563396454,0.032638661563396454,0.032638661563396454,0.03311201557517052,0.0345107801258564,0.04037582129240036,0.06185052916407585,0.03602810949087143,0.032638661563396454,0.032638661563396454
2019-07-03,0.03836412727832794,0.04174468293786049,0.04271159693598747,0.04709038510918617,0.04236482456326485,0.03240131959319115,0.03590228408575058,0.03240131959319115,0.03240131959319115,0.03559998422861099,0.03240131959319115,0.03694083169102669,0.03240131959319115,0.03598678112030029,0.03240131959319115,0.04643789678812027,0.03240131959319115,0.03240131959319115,0.03240131959319115,0.03240131959319115,0.033158548176288605,0.03510661795735359,0.04127330705523491,0.06164978817105293,0.03651164472103119,0.03240131959319115,0.0327422060072422
2019-07-05,0.04126749560236931,0.039489079266786575,0.04431150108575821,0.04724043980240822,0.04223819449543953,0.03222787007689476,0.036351278424263,0.03222787007689476,0.03222787007689476,0.037502191960811615,0.03222787007689476,0.03470197692513466,0.03222787007689476,0.037575751543045044,0.03222787007689476,0.04779263958334923,0.03222787007689476,0.03222787007689476,0.03222787007689476,0.03222787007689476,0.03222787007689476,0.03553859144449234,0.04222073778510094,0.0572337843477726,0.03710456192493439,0.03222787007689476,0.03269723057746887
2019-07-08,0.03944949433207512,0.041775334626436234,0.044458743184804916,0.04674375429749489,0.042003124952316284,0.03230396658182144,0.03623242676258087,0.03230396658182144,0.03230396658182144,0.036556653678417206,0.03230396658182144,0.035609882324934006,0.03230396658182144,0.03825267776846886,0.03230396658182144,0.046366702765226364,0.03230396658182144,0.03230396658182144,0.03230396658182144,0.03230396658182144,0.032412245869636536,0.03564542904496193,0.04098542407155037,0.058438125997781754,0.03657974675297737,0.03230396658182144,0.033146634697914124
2019-07-09,0.037105266004800797,0.04373640567064285,0.043950337916612625,0.0462283156812191,0.04136188328266144,0.03231518343091011,0.03573044762015343,0.03231518343091011,0.03231518343091011,0.03504355996847153,0.03231518343091011,0.037023648619651794,0.03231518343091011,0.03722086921334267,0.03231518343091011,0.04411027580499649,0.03231518343091011,0.03231518343091011,0.03231518343091011,0.03231518343091011,0.03339512646198273,0.03583434224128723,0.040077727288007736,0.0635182335972786,0.03646491467952728,0.03231518343091011,0.03373159468173981
2019-07-10,0.03663923218846321,0.043582700192928314,0.04382597655057907,0.0456213653087616,0.04143444821238518,0.03248151019215584,0.03545951843261719,0.03248151019215584,0.03248151019215584,0.03481098636984825,0.03248151019215584,0.036650851368904114,0.03248151019215584,0.03808359429240227,0.03248151019215584,0.0449514165520668,0.03248151019215584,0.03248151019215584,0.03248151019215584,0.03248151019215584,0.03309287503361702,0.03584956005215645,0.039777982980012894,0.062361590564250946,0.036305155605077744,0.03248151019215584,0.03425610810518265
2019-07-11,0.03690620884299278,0.04301314800977707,0.043819960206747055,0.046086862683296204,0.04095195606350899,0.03249078989028931,0.035520002245903015,0.03249078989028931,0.03249078989028931,0.03533337637782097,0.03249078989028931,0.03634432703256607,0.03249078989028931,0.03915693238377571,0.03249078989028931,0.04445001855492592,0.03249078989028931,0.03249078989028931,0.03249078989028931,0.03249078989028931,0.03295781463384628,0.036112528294324875,0.03996385261416435,0.06111631914973259,0.03590208292007446,0.03249078989028931,0.03496595472097397
2019-07-12,0.03568272292613983,0.043202076107263565,0.043001338839530945,0.04549207538366318,0.04177692160010338,0.032989151775836945,0.03513370826840401,0.032989151775836945,0.032989151775836945,0.034316662698984146,0.032989151775836945,0.03801732137799263,0.032989151775836945,0.03884293511509895,0.032989151775836945,0.04529481381177902,0.032989151775836945,0.032989151775836945,0.032989151775836945,0.032989151775836945,0.032989151775836945,0.035671159625053406,0.038859810680150986,0.059434276074171066,0.03499716520309448,0.032989151775836945,0.03440713509917259
2019-07-15,0.037334144115448,0.03980112820863724,0.04162037745118141,0.04732184112071991,0.041551005095243454,0.03356161713600159,0.03447982668876648,0.03368024528026581,0.03356161713600159,0.035032954066991806,0.03356161713600159,0.03935236483812332,0.03356161713600159,0.03872835263609886,0.03356161713600159,0.04642638564109802,0.03356161713600159,0.03356161713600159,0.03368087857961655,0.03356161713600159,0.03356161713600159,0.03464825823903084,0.0378844253718853,0.05532855913043022,0.03395145758986473,0.03356161713600159,0.03356161713600159
2019-07-16,0.039282917976379395,0.038652386516332626,0.04234087094664574,0.048057060688734055,0.04055878520011902,0.03328291326761246,0.034666743129491806,0.03365572914481163,0.03328291326761246,0.03642313927412033,0.03328291326761246,0.03822486847639084,0.03328291326761246,0.03976815566420555,0.03328291326761246,0.046598825603723526,0.03328291326761246,0.03328291326761246,0.03457588329911232,0.03328291326761246,0.03328291326761246,0.034850385040044785,0.03847459703683853,0.05318337678909302,0.03457421809434891,0.03328291326761246,0.03328291326761246
2019-07-17,0.03836233168840408,0.039728280156850815,0.041079260408878326,0.04741235077381134,0.040256109088659286,0.03344989940524101,0.03502023220062256,0.034131232649087906,0.03344989940524101,0.03622734174132347,0.03344989940524101,0.03877365589141846,0.03344989940524101,0.04049063101410866,0.03344989940524101,0.04694151133298874,0.03344989940524101,0.03344989940524101,0.03473222255706787,0.03344989940524101,0.03344989940524101,0.03518736734986305,0.037683337926864624,0.051699716597795486,0.034325554966926575,0.03344989940524101,0.03344989940524101
2019-07-18,0.035356469452381134,0.04224913567304611,0.03948492184281349,0.04629421606659889,0.040220942348241806,0.03361140936613083,0.0344296358525753,0.035329099744558334,0.03388112783432007,0.03441077843308449,0.03361140936613083,0.04059500992298126,0.03361140936613083,0.03971096873283386,0.03361140936613083,0.04372524842619896,0.03361140936613083,0.03361140936613083,0.03361140936613083,0.03361140936613083,0.03361140936613083,0.0351409912109375,0.037432532757520676,0.05625878646969795,0.034052200615406036,0.03361140936613083,0.03531379625201225
2019-07-19,0.037298042327165604,0.041011959314346313,0.042798109352588654,0.04550847038626671,0.03992776945233345,0.03333095833659172,0.03510655462741852,0.034535281360149384,0.03333095833659172,0.03535459563136101,0.03333095833659172,0.0371919684112072,0.03333095833659172,0.04168087616562843,0.03333095833659172,0.046590596437454224,0.03333095833659172,0.03333095833659172,0.03458072990179062,0.03333095833659172,0.03333095833659172,0.03506482392549515,0.038542188704013824,0.05266885459423065,0.03527811914682388,0.03333095833659172,0.03355148062109947
2019-07-22,0.03831284120678902,0.03936586156487465,0.041629351675510406,0.046003732830286026,0.04084207862615585,0.03340959921479225,0.03468982130289078,0.034912191331386566,0.03340959921479225,0.03463521599769592,0.03340959921479225,0.03849412128329277,0.03340959921479225,0.03904126212000847,0.03340959921479225,0.04691964387893677,0.03340959921479225,0.03340959921479225,0.03475397825241089,0.03340959921479225,0.03340959921479225,0.033671341836452484,0.038948461413383484,0.054736290127038956,0.03553813695907593,0.03340959921479225,0.03340959921479225
2019-07-23,0.038291387259960175,0.037475552409887314,0.04076805338263512,0.04606851935386658,0.040858276188373566,0.0335090346634388,0.034909214824438095,0.0356173999607563,0.0335090346634388,0.034931428730487823,0.0335090346634388,0.03854798898100853,0.0335090346634388,0.03823212906718254,0.0335090346634388,0.048282939940690994,0.0335090346634388,0.0335090346634388,0.03552781790494919,0.0335090346634388,0.0335090346634388,0.0335090346634388,0.038364190608263016,0.0544871911406517,0.0355294905602932,0.0335090346634388,0.0335090346634388
2019-07-24,0.039887793362140656,0.03404444456100464,0.041734881699085236,0.04689311608672142,0.03869007155299187,0.033727243542671204,0.03408535569906235,0.03711618110537529,0.033727243542671204,0.03556845337152481,0.033727243542671204,0.03693796321749687,0.033727243542671204,0.037500325590372086,0.033727243542671204,0.046565666794776917,0.033727243542671204,0.033727243542671204,0.03697575256228447,0.033727243542671204,0.033727243542671204,0.033727243542671204,0.03959549963474274,0.054541196674108505,0.03513634577393532,0.033727243542671204,0.033727243542671204
2019-07-25,0.0398893840610981,0.03506942093372345,0.04365336522459984,0.04473482072353363,0.036826763302087784,0.033592209219932556,0.03388315066695213,0.03828728571534157,0.033592209219932556,0.035589270293712616,0.033592209219932556,0.03657771274447441,0.033592209219932556,0.03965555131435394,0.033592209219932556,0.046895090490579605,0.033592209219932556,0.033592209219932556,0.03727946802973747,0.033592209219932556,0.033592209219932556,0.033592209219932556,0.0406208373606205,0.051079828292131424,0.035726018249988556,0.033592209219932556,0.03471773490309715
2019-07-26,0.0384671613574028,0.038177765905857086,0.04433875158429146,0.04349091649055481,0.03738289698958397,0.03324592858552933,0.034102704375982285,0.03793788328766823,0.03324592858552933,0.03507469967007637,0.03324592858552933,0.038057710975408554,0.03324592858552933,0.0399436429142952,0.03324592858552933,0.0477432981133461,0.03324592858552933,0.03324592858552933,0.03491399809718132,0.03324592858552933,0.03324592858552933,0.03324592858552933,0.04057585448026657,0.05217636749148369,0.036492347717285156,0.03324592858552933,0.035418737679719925
2019-07-29,0.040362946689128876,0.038890641182661057,0.043280959129333496,0.04471951723098755,0.0382276251912117,0.03301459923386574,0.03388847038149834,0.03721269592642784,0.03301459923386574,0.03433658182621002,0.03301459923386574,0.03777894750237465,0.03301459923386574,0.03780674189329147,0.03301459923386574,0.04483148828148842,0.03301459923386574,0.03301459923386574,0.033539172261953354,0.03301459923386574,0.03301459923386574,0.03301459923386574,0.04197422042489052,0.05738343298435211,0.037641849368810654,0.03301459923386574,0.03496411442756653
2019-07-30,0.0411551371216774,0.039325062185525894,0.045265257358551025,0.04411729425191879,0.03873724862933159,0.03262548893690109,0.03493296355009079,0.03586702421307564,0.03262548893690109,0.03510627523064613,0.03262548893690109,0.03607594966888428,0.03262548893690109,0.03866079822182655,0.03262548893690109,0.04650033637881279,0.03262548893690109,0.03262548893690109,0.03277353569865227,0.03262548893690109,0.03262548893690109,0.03336590901017189,0.04243525490164757,0.05716102570295334,0.03825753554701805,0.03262548893690109,0.03400849550962448
2019-07-31,0.041265878826379776,0.039730750024318695,0.04345246031880379,0.0438980758190155,0.04007770121097565,0.03247079625725746,0.035494327545166016,0.035626329481601715,0.03247079625725746,0.035272497683763504,0.03247079625725746,0.03664744272828102,0.03247079625725746,0.037087332457304,0.03247079625725746,0.046408720314502716,0.03247079625725746,0.03247079625725746,0.03247079625725746,0.03247079625725746,0.03247079625725746,0.032988447695970535,0.04259099066257477,0.058847397565841675,0.03949351981282234,0.03247079625725746,0.03393935412168503
2019-08-01,0.03589767962694168,0.0459093376994133,0.04078390821814537,0.0411284901201725,0.0413750596344471,0.03273354470729828,0.034550655633211136,0.035924237221479416,0.033831749111413956,0.03337398171424866,0.03273354470729828,0.039536312222480774,0.03273354470729828,0.03539841249585152,0.03273354470729828,0.043041620403528214,0.03273354470729828,0.03273354470729828,0.03273354470729828,0.03273354470729828,0.03273354470729828,0.03273354470729828,0.04126753285527229,0.06188265606760979,0.03937481343746185,0.03273354470729828,0.03665458783507347
2019-08-02,0.034503187984228134,0.04865262657403946,0.03760570287704468,0.03976742923259735,0.041714850813150406,0.032276466488838196,0.03447218984365463,0.036644238978624344,0.03611340746283531,0.03294655680656433,0.033063147217035294,0.04050518944859505,0.032276466488838196,0.033145610243082047,0.032276466488838196,0.04069259762763977,0.032276466488838196,0.032276466488838196,0.032276466488838196,0.032276466488838196,0.032276466488838196,0.03251360356807709,0.04312538355588913,0.06501729786396027,0.03994252532720566,0.032276466488838196,0.039086319506168365
2019-08-05,0.03213563188910484,0.051975008100271225,0.03213563188910484,0.0381745807826519,0.040183424949645996,0.03291134536266327,0.03306655213236809,0.03858968988060951,0.04363498091697693,0.03213563188910484,0.03406750038266182,0.04531145840883255,0.03213563188910484,0.03213563188910484,0.03213563188910484,0.03487767279148102,0.03213563188910484,0.03213563188910484,0.03213563188910484,0.03213563188910484,0.03213563188910484,0.03213563188910484,0.042784303426742554,0.06719333678483963,0.038331158459186554,0.03213563188910484,0.041135795414447784
2019-08-06,0.03126541152596474,0.04949045553803444,0.03126541152596474,0.03498672693967819,0.0367409773170948,0.039797984063625336,0.03126541152596474,0.042834118008613586,0.055683791637420654,0.03126541152596474,0.032706428319215775,0.049283549189567566,0.03126541152596474,0.03126541152596474,0.03126541152596474,0.03126541152596474,0.03126541152596474,0.03126541152596474,0.03126541152596474,0.03126541152596474,0.03126541152596474,0.03126541152596474,0.04261777922511101,0.06706038117408752,0.035522982478141785,0.03234216198325157,0.04321691766381264
2019-08-07,0.031189600005745888,0.049250680953264236,0.031189600005745888,0.03490925207734108,0.036609500646591187,0.037291307002305984,0.031189600005745888,0.04409840330481529,0.05574987083673477,0.031189600005745888,0.03286469355225563,0.0460846833884716,0.031189600005745888,0.031189600005745888,0.031189600005745888,0.03161834925413132,0.031189600005745888,0.031189600005745888,0.031189600005745888,0.031189600005745888,0.031189600005745888,0.031189600005745888,0.04455554112792015,0.0686393454670906,0.036202117800712585,0.032194770872592926,0.044466711580753326
2019-08-08,0.031170934438705444,0.050326257944107056,0.031170934438705444,0.03328009694814682,0.036709848791360855,0.03835785388946533,0.031170934438705444,0.044553596526384354,0.055510442703962326,0.031170934438705444,0.03257805481553078,0.04657928645610809,0.031170934438705444,0.031170934438705444,0.031170934438705444,0.03156895935535431,0.031170934438705444,0.031170934438705444,0.031170934438705444,0.031170934438705444,0.031170934438705444,0.031170934438705444,0.04520798474550247,0.06863013654947281,0.0356760248541832,0.031951311975717545,0.04384792223572731
2019-08-09,0.031259264796972275,0.053460270166397095,0.032138679176568985,0.033641815185546875,0.03827527165412903,0.03452678769826889,0.032384224236011505,0.042357541620731354,0.04946168139576912,0.03208693489432335,0.03248707950115204,0.04367698356509209,0.031259264796972275,0.031259264796972275,0.031259264796972275,0.033853258937597275,0.031259264796972275,0.031259264796972275,0.031259264796972275,0.031259264796972275,0.031259264796972275,0.031259264796972275,0.04600919038057327,0.07157464325428009,0.037460487335920334,0.031259264796972275,0.04275324568152428
2019-08-12,0.031035667285323143,0.05394492298364639,0.03175458684563637,0.03399959206581116,0.03827286511659622,0.03454510495066643,0.032896775752305984,0.042174044996500015,0.05032346397638321,0.03248859569430351,0.0325767919421196,0.043403323739767075,0.031035667285323143,0.031035667285323143,0.031035667285323143,0.033710990101099014,0.031035667285323143,0.031035667285323143,0.031035667285323143,0.031035667285323143,0.031035667285323143,0.031035667285323143,0.045689549297094345,0.07239802181720734,0.03703860938549042,0.031205596402287483,0.04322057217359543
2019-08-13,0.030671825632452965,0.05312918871641159,0.030671825632452965,0.033291589468717575,0.03746698424220085,0.036279499530792236,0.03198637813329697,0.04361424222588539,0.054488763213157654,0.03154633939266205,0.03218153491616249,0.04325956851243973,0.030671825632452965,0.030671825632452965,0.030671825632452965,0.03300638496875763,0.030671825632452965,0.030671825632452965,0.030671825632452965,0.030671825632452965,0.030671825632452965,0.030671825632452965,0.04668745398521423,0.07370452582836151,0.03633609041571617,0.03116847388446331,0.0444628968834877
2019-08-14,0.03091009147465229,0.05402510613203049,0.034192077815532684,0.03413164243102074,0.03831436112523079,0.03298322483897209,0.03344251215457916,0.04163958132266998,0.047099970281124115,0.03301554173231125,0.03091009147465229,0.04051866754889488,0.03091009147465229,0.03091009147465229,0.03091009147465229,0.03653598204255104,0.03091009147465229,0.03091009147465229,0.03091009147465229,0.03091009147465229,0.03091009147465229,0.03091009147465229,0.048781588673591614,0.07300234586000443,0.03819027170538902,0.03091009147465229,0.04320601001381874
2019-08-15,0.030592376366257668,0.05269613116979599,0.030619962140917778,0.0316355936229229,0.036324288696050644,0.03720223903656006,0.031832072883844376,0.04513944685459137,0.05570265278220177,0.031551484018564224,0.030980214476585388,0.04220261424779892,0.030592376366257668,0.030592376366257668,0.030592376366257668,0.03320958465337753,0.030592376366257668,0.030592376366257668,0.030592376366257668,0.030592376366257668,0.030592376366257668,0.030592376366257668,0.048611294478178024,0.07320883870124817,0.036451976746320724,0.030927840620279312,0.04578002542257309
2019-08-16,0.030473247170448303,0.05467920005321503,0.030473247170448303,0.030644088983535767,0.03605265915393829,0.038382139056921005,0.03251766785979271,0.04490937292575836,0.05634787678718567,0.030992504209280014,0.03072020784020424,0.04290340468287468,0.030473247170448303,0.030473247170448303,0.030473247170448303,0.03250310570001602,0.030473247170448303,0.030473247170448303,0.030473247170448303,0.030473247170448303,0.030473247170448303,0.030473247170448303,0.0484156534075737,0.07261504232883453,0.03628764674067497,0.030770843848586082,0.046052850782871246
2019-08-19,0.03058731183409691,0.05769142508506775,0.03304347023367882,0.03151556849479675,0.03701086714863777,0.034499943256378174,0.03398015722632408,0.04285464435815811,0.048521555960178375,0.032059065997600555,0.03058731183409691,0.042889028787612915,0.03058731183409691,0.03058731183409691,0.03058731183409691,0.03492040932178497,0.03058731183409691,0.03058731183409691,0.03058731183409691,0.03058731183409691,0.03058731183409691,0.03058731183409691,0.049031633883714676,0.07374417036771774,0.037909068167209625,0.03058731183409691,0.04328125715255737
2019-08-20,0.03057529218494892,0.0582449696958065,0.03565674647688866,0.03306984528899193,0.0381452850997448,0.03247903659939766,0.0350734144449234,0.040393222123384476,0.04292493686079979,0.03251340985298157,0.03057529218494892,0.04106380417943001,0.03057529218494892,0.03057529218494892,0.03057529218494892,0.037703242152929306,0.03057529218494892,0.03057529218494892,0.03057529218494892,0.03057529218494892,0.0314798429608345,0.03057529218494892,0.049745816737413406,0.07589878141880035,0.0383935272693634,0.03057529218494892,0.04088592901825905
2019-08-21,0.030670462176203728,0.056878846138715744,0.033605463802814484,0.03362103924155235,0.03747403994202614,0.03292817249894142,0.033930011093616486,0.04201628267765045,0.04517757147550583,0.032034456729888916,0.030670462176203728,0.0430108867585659,0.030670462176203728,0.030670462176203728,0.030670462176203728,0.03614780679345131,0.030670462176203728,0.030670462176203728,0.030670462176203728,0.030670462176203728,0.030670462176203728,0.030670462176203728,0.04917388781905174,0.07616296410560608,0.038268037140369415,0.030670462176203728,0.0415249764919281
2019-08-22,0.030844001099467278,0.05658961459994316,0.03455096483230591,0.03473778814077377,0.03831701725721359,0.03187263384461403,0.034044958651065826,0.0407697930932045,0.04184618592262268,0.03223327174782753,0.030844001099467278,0.04233187064528465,0.030844001099467278,0.030844001099467278,0.030844001099467278,0.037136226892471313,0.030844001099467278,0.030844001099467278,0.030844001099467278,0.030844001099467278,0.030844001099467278,0.030844001099467278,0.049317993223667145,0.07659727334976196,0.03865881264209747,0.030844001099467278,0.04086751863360405
2019-08-23,0.030960949137806892,0.056851208209991455,0.03512730076909065,0.03509632870554924,0.03921930491924286,0.031056802719831467,0.03433675691485405,0.040132321417331696,0.04044647887349129,0.032277997583150864,0.030960949137806892,0.04240163415670395,0.030960949137806892,0.030960949137806892,0.030960949137806892,0.038061901926994324,0.030960949137806892,0.030960949137806892,0.030960949137806892,0.030960949137806892,0.030960949137806892,0.030960949137806892,0.04831254854798317,0.07570036500692368,0.03902854025363922,0.030960949137806892,0.0404190719127655
2019-08-26,0.0307389497756958,0.053018949925899506,0.03105403669178486,0.03367405757308006,0.03640215843915939,0.033950526267290115,0.03245149180293083,0.04519063979387283,0.05153658241033554,0.03211124241352081,0.0313539020717144,0.04387810826301575,0.0307389497756958,0.0307389497756958,0.0307389497756958,0.03395383059978485,0.0307389497756958,0.0307389497756958,0.0307389497756958,0.0307389497756958,0.0307389497756958,0.0307389497756958,0.04721364751458168,0.07417020946741104,0.03740687668323517,0.0307389497756958,0.044505275785923004
2019-08-27,0.03070131503045559,0.05418296530842781,0.031840380281209946,0.03411330655217171,0.03669069707393646,0.032647229731082916,0.03327099233865738,0.04465706646442413,0.04987802356481552,0.03261759877204895,0.031037546694278717,0.043510738760232925,0.03070131503045559,0.03070131503045559,0.03070131503045559,0.034740470349788666,0.03070131503045559,0.03070131503045559,0.03070131503045559,0.03070131503045559,0.03070131503045559,0.03070131503045559,0.046863019466400146,0.0742136612534523,0.03776126727461815,0.03070131503045559,0.04426060616970062
2019-08-28,0.030562827363610268,0.05687766894698143,0.03322412073612213,0.034193407744169235,0.037096280604600906,0.032210223376750946,0.03398698940873146,0.04302331060171127,0.04695673659443855,0.0320473238825798,0.030562827363610268,0.04362787306308746,0.030562827363610268,0.030562827363610268,0.030562827363610268,0.03592536970973015,0.030562827363610268,0.030562827363610268,0.030562827363610268,0.030562827363610268,0.030562827363610268,0.030562827363610268,0.04752449691295624,0.07498975098133087,0.03838498145341873,0.030562827363610268,0.043177518993616104
2019-08-29,0.030603505671024323,0.056567274034023285,0.0335245281457901,0.035002708435058594,0.03752795606851578,0.031260937452316284,0.03417441248893738,0.04297580569982529,0.046570587903261185,0.032711587846279144,0.030603505671024323,0.04323374852538109,0.030603505671024323,0.030603505671024323,0.030603505671024323,0.03625551611185074,0.030603505671024323,0.030603505671024323,0.030603505671024323,0.030603505671024323,0.030603505671024323,0.030603505671024323,0.04635963216423988,0.07527197152376175,0.03828762471675873,0.030603505671024323,0.04303358122706413
2019-08-30,0.03107813000679016,0.057264264672994614,0.034968022257089615,0.03667604178190231,0.04024670645594597,0.03107813000679016,0.03540404513478279,0.03949468210339546,0.037908416241407394,0.033085133880376816,0.03107813000679016,0.042801983654499054,0.03107813000679016,0.03107813000679016,0.03107813000679016,0.03844502940773964,0.03107813000679016,0.03107813000679016,0.03107813000679016,0.03107813000679016,0.03107813000679016,0.03107813000679016,0.04603467136621475,0.0744219645857811,0.03897525370121002,0.03107813000679016,0.04025809094309807
2019-09-03,0.03134898468852043,0.055439144372940063,0.03528887778520584,0.0380372628569603,0.041657812893390656,0.03134898468852043,0.03556293621659279,0.03813394531607628,0.03613058477640152,0.03338724002242088,0.03134898468852043,0.04188055172562599,0.03134898468852043,0.03134898468852043,0.03134898468852043,0.03919994831085205,0.03134898468852043,0.03134898468852043,0.03134898468852043,0.03134898468852043,0.03134898468852043,0.03134898468852043,0.04534764960408211,0.07386672496795654,0.039134103804826736,0.03134898468852043,0.039396412670612335
2019-09-04,0.031066417694091797,0.05647408962249756,0.03505758196115494,0.03705204278230667,0.040180426090955734,0.031066417694091797,0.03513140603899956,0.03965981304645538,0.03976675122976303,0.03322652727365494,0.031066417694091797,0.04238050803542137,0.031066417694091797,0.031066417694091797,0.031066417694091797,0.03791479393839836,0.031066417694091797,0.031066417694091797,0.031066417694091797,0.031066417694091797,0.031066417694091797,0.031066417694091797,0.04535052552819252,0.07460744678974152,0.03879814222455025,0.031066417694091797,0.040536537766456604
2019-09-05,0.03136170282959938,0.05415678024291992,0.03700093924999237,0.039944715797901154,0.04236368089914322,0.03136170282959938,0.03563431650400162,0.036614228039979935,0.035834167152643204,0.0334082692861557,0.03136170282959938,0.04075508937239647,0.03136170282959938,0.0317535363137722,0.03136170282959938,0.040031109005212784,0.03136170282959938,0.03136170282959938,0.03136170282959938,0.03136170282959938,0.03136170282959938,0.03143234923481941,0.04450790956616402,0.07503823190927505,0.03903145715594292,0.03136170282959938,0.037514474242925644
2019-09-06,0.03602765128016472,0.048313915729522705,0.04106536880135536,0.04290728271007538,0.044575419276952744,0.031775277107954025,0.03549035266041756,0.03294277936220169,0.031775277107954025,0.034453947097063065,0.031775277107954025,0.037928950041532516,0.031775277107954025,0.03296860307455063,0.031775277107954025,0.04361380636692047,0.031775277107954025,0.031775277107954025,0.031775277107954025,0.031775277107954025,0.032255180180072784,0.03291196748614311,0.04459337517619133,0.06803549081087112,0.03951713815331459,0.031775277107954025,0.034645985811948776
2019-09-09,0.038120336830616,0.045974552631378174,0.04278779402375221,0.04427357017993927,0.04468201845884323,0.031817421317100525,0.03528593108057976,0.03204791620373726,0.031817421317100525,0.035339467227458954,0.031817421317100525,0.03693881258368492,0.031817421317100525,0.03402797505259514,0.031817421317100525,0.04464169219136238,0.031817421317100525,0.031817421317100525,0.031817421317100525,0.031817421317100525,0.03205837681889534,0.03347468003630638,0.04397909343242645,0.06466314941644669,0.039526261389255524,0.031817421317100525,0.03400421515107155
2019-09-10,0.03808442875742912,0.045144688338041306,0.04302451014518738,0.04448876902461052,0.045001644641160965,0.0320434644818306,0.035565298050642014,0.0320434644818306,0.0320434644818306,0.0359063446521759,0.0320434644818306,0.03698406741023064,0.0320434644818306,0.03446147218346596,0.0320434644818306,0.04571862891316414,0.0320434644818306,0.0320434644818306,0.0320434644818306,0.0320434644818306,0.0320434644818306,0.03337221220135689,0.04229719564318657,0.06278277933597565,0.03931574150919914,0.0320434644818306,0.03333068639039993
2019-09-11,0.037095796316862106,0.0437612347304821,0.04378814622759819,0.0437423512339592,0.045653168112039566,0.032362837344408035,0.03508973494172096,0.032362837344408035,0.032362837344408035,0.0356096550822258,0.032362837344408035,0.03548625484108925,0.032362837344408035,0.034952498972415924,0.032362837344408035,0.046315763145685196,0.032362837344408035,0.032362837344408035,0.032362837344408035,0.032362837344408035,0.032362837344408035,0.032621584832668304,0.04352151229977608,0.061015620827674866,0.0391535684466362,0.032362837344408035,0.033839087933301926
2019-09-12,0.03865945711731911,0.041509028524160385,0.04515925049781799,0.04378551244735718,0.04489481821656227,0.03251134231686592,0.03469783812761307,0.03251134231686592,0.03251134231686592,0.03629809245467186,0.03251134231686592,0.034769970923662186,0.03251134231686592,0.03601472079753876,0.03251134231686592,0.04788876697421074,0.03251134231686592,0.03251134231686592,0.03293844684958458,0.03251134231686592,0.03251134231686592,0.03251134231686592,0.0435582771897316,0.0573389045894146,0.03894171118736267,0.03251134231686592,0.033409155905246735
2019-09-13,0.0402374267578125,0.040584877133369446,0.04604073986411095,0.045222509652376175,0.043012142181396484,0.03245129436254501,0.03468979150056839,0.03245129436254501,0.03245129436254501,0.0371120348572731,0.03245129436254501,0.03551829978823662,0.03245129436254501,0.03768393397331238,0.03245129436254501,0.04852491244673729,0.03245129436254501,0.03245129436254501,0.03386477008461952,0.03245129436254501,0.03245129436254501,0.03289270028471947,0.04183812811970711,0.054852891713380814,0.03782183304429054,0.03245129436254501,0.03313875198364258
2019-09-16,0.039946310222148895,0.04029179364442825,0.045161180198192596,0.04578457772731781,0.043148528784513474,0.03261299058794975,0.03433515131473541,0.03261299058794975,0.03261299058794975,0.03692890703678131,0.03261299058794975,0.03559727966785431,0.03261299058794975,0.03804447501897812,0.03261299058794975,0.04849354550242424,0.03261299058794975,0.03261299058794975,0.03436211124062538,0.03261299058794975,0.03261299058794975,0.03306013345718384,0.04080086573958397,0.054806556552648544,0.037131037563085556,0.03261299058794975,0.03336464613676071
2019-09-17,0.03554515540599823,0.043515220284461975,0.04377374425530434,0.04392038658261299,0.04410335794091225,0.03294535353779793,0.03495831415057182,0.03294535353779793,0.03294535353779793,0.03555222600698471,0.03294535353779793,0.037507202476263046,0.03294535353779793,0.03670741617679596,0.03294535353779793,0.047838352620601654,0.03294535353779793,0.03294535353779793,0.033317066729068756,0.03294535353779793,0.03294535353779793,0.03294535353779793,0.0401533842086792,0.05800554156303406,0.03681301698088646,0.03294535353779793,0.03294535353779793
2019-09-18,0.034433551132678986,0.0449492447078228,0.044002287089824677,0.042881809175014496,0.04410679638385773,0.0329500176012516,0.03529927134513855,0.0329500176012516,0.0329500176012516,0.035120997577905655,0.0329500176012516,0.03792263939976692,0.0329500176012516,0.0363587886095047,0.0329500176012516,0.04774040728807449,0.0329500176012516,0.0329500176012516,0.0329500176012516,0.0329500176012516,0.0329500176012516,0.0329500176012516,0.04019257798790932,0.05860012397170067,0.037091273814439774,0.0329500176012516,0.0329500176012516
2019-09-19,0.035130575299263,0.04427634924650192,0.04479198902845383,0.04269745573401451,0.04411996901035309,0.03294077515602112,0.03487084060907364,0.03294077515602112,0.03294077515602112,0.035281259566545486,0.03294077515602112,0.03700045496225357,0.03294077515602112,0.03696684166789055,0.03294077515602112,0.04777534678578377,0.03294077515602112,0.03294077515602112,0.03294077515602112,0.03294077515602112,0.03294077515602112,0.03294077515602112,0.04038480669260025,0.05792992562055588,0.0373372845351696,0.03294077515602112,0.03320677950978279
2019-09-20,0.035717468708753586,0.04472815990447998,0.04360724240541458,0.043605584651231766,0.04420396685600281,0.03286987543106079,0.03499198332428932,0.03286987543106079,0.03286987543106079,0.03540725260972977,0.03286987543106079,0.038087815046310425,0.03286987543106079,0.03658191114664078,0.03286987543106079,0.04709283635020256,0.03286987543106079,0.03286987543106079,0.03286987543106079,0.03286987543106079,0.03286987543106079,0.03286987543106079,0.04012509062886238,0.05869242548942566,0.03694198280572891,0.03286987543106079,0.032907888293266296
2019-09-23,0.03431855887174606,0.04668523371219635,0.042861271649599075,0.042517367750406265,0.0454174280166626,0.03281714394688606,0.03506875038146973,0.03281714394688606,0.03281714394688606,0.03480936959385872,0.03281714394688606,0.03769000247120857,0.03281714394688606,0.03621624782681465,0.03281714394688606,0.04674442112445831,0.03281714394688606,0.03281714394688606,0.03281714394688606,0.03281714394688606,0.03313807398080826,0.03301772102713585,0.04019346088171005,0.0596315898001194,0.03724800422787666,0.03281714394688606,0.03345385938882828
2019-09-24,0.0339147113263607,0.046965647488832474,0.04328148812055588,0.041795339435338974,0.045390550047159195,0.032763682305812836,0.03520414978265762,0.032763682305812836,0.032763682305812836,0.0345328263938427,0.032763682305812836,0.03728033974766731,0.032763682305812836,0.03589820861816406,0.032763682305812836,0.04691459238529205,0.032763682305812836,0.032763682305812836,0.032763682305812836,0.032763682305812836,0.033132754266262054,0.0328209362924099,0.04091476649045944,0.05994151905179024,0.037936992943286896,0.032763682305812836,0.03367464244365692
2019-09-25,0.03262981027364731,0.04877745360136032,0.04531753808259964,0.03997252136468887,0.044294897466897964,0.03262981027364731,0.035595182329416275,0.03262981027364731,0.03262981027364731,0.034578628838062286,0.03262981027364731,0.03691834583878517,0.03262981027364731,0.036157429218292236,0.03262981027364731,0.047000933438539505,0.03262981027364731,0.03262981027364731,0.03262981027364731,0.03262981027364731,0.032771069556474686,0.03262981027364731,0.04160907119512558,0.05967336148023605,0.03875746950507164,0.03262981027364731,0.034388620406389236
2019-09-26,0.032663363963365555,0.04839616268873215,0.04653400555253029,0.039486199617385864,0.04367009177803993,0.032663363963365555,0.03566734120249748,0.032663363963365555,0.032663363963365555,0.03455301374197006,0.032663363963365555,0.03707338869571686,0.032663363963365555,0.03604018688201904,0.032663363963365555,0.04751806706190109,0.032663363963365555,0.032663363963365555,0.032663363963365555,0.032663363963365555,0.032663363963365555,0.032663363963365555,0.041433606296777725,0.059391122311353683,0.03869670256972313,0.032663363963365555,0.03425300121307373
2019-09-27,0.03256300836801529,0.04884685203433037,0.04525895044207573,0.03982968255877495,0.04408876970410347,0.03256300836801529,0.03624420985579491,0.03267525136470795,0.03256300836801529,0.03452109917998314,0.03256300836801529,0.03807009011507034,0.03256300836801529,0.034898288547992706,0.03256300836801529,0.0478036031126976,0.03256300836801529,0.03256300836801529,0.03256300836801529,0.03256300836801529,0.03256300836801529,0.03256300836801529,0.04149816930294037,0.05993250757455826,0.038848571479320526,0.03256300836801529,0.03416487202048302
2019-09-30,0.03250811621546745,0.04938558116555214,0.04431295767426491,0.03986641392111778,0.044119466096162796,0.03250811621546745,0.036096956580877304,0.03310148045420647,0.03250811621546745,0.034360356628894806,0.03250811621546745,0.03860435634851456,0.03250811621546745,0.03448261320590973,0.03250811621546745,0.04695199802517891,0.03250811621546745,0.03250811621546745,0.03250811621546745,0.03250811621546745,0.03250811621546745,0.03250811621546745,0.041696224361658096,0.060842107981443405,0.039060261100530624,0.03250811621546745,0.03451371192932129
2019-10-01,0.03363160789012909,0.04770701378583908,0.04657786339521408,0.04042728245258331,0.04340098798274994,0.03233431279659271,0.03571571409702301,0.032938774675130844,0.03233431279659271,0.03497876226902008,0.03233431279659271,0.037450600415468216,0.03233431279659271,0.03527470678091049,0.03233431279659271,0.04731474444270134,0.03233431279659271,0.03233431279659271,0.03233431279659271,0.03233431279659271,0.03233431279659271,0.03233431279659271,0.042868029326200485,0.06006129831075668,0.03923799470067024,0.03233431279659271,0.03440293297171593
2019-10-02,0.03235158324241638,0.049701470881700516,0.0437508262693882,0.038854312151670456,0.043573636561632156,0.03224959596991539,0.03527265414595604,0.03473111614584923,0.03224959596991539,0.03474285081028938,0.03224959596991539,0.03847889229655266,0.03224959596991539,0.03455309942364693,0.03224959596991539,0.04476666450500488,0.03224959596991539,0.03224959596991539,0.03224959596991539,0.03224959596991539,0.03224959596991539,0.03224959596991539,0.043379541486501694,0.06260527670383453,0.04006842151284218,0.03224959596991539,0.03617452085018158
2019-10-03,0.03198089078068733,0.0546102449297905,0.0327838659286499,0.03343889117240906,0.04223359376192093,0.03198089078068733,0.03329422324895859,0.03967583179473877,0.04199068620800972,0.03215986490249634,0.03306504338979721,0.04557431861758232,0.03198089078068733,0.03198089078068733,0.03198089078068733,0.03607718273997307,0.03198089078068733,0.03198089078068733,0.03198089078068733,0.03198089078068733,0.03198089078068733,0.03198089078068733,0.042988553643226624,0.06802761554718018,0.03975044563412666,0.03198089078068733,0.04055897146463394
2019-10-04,0.0318932831287384,0.05414878949522972,0.0318932831287384,0.03340744599699974,0.04100975766777992,0.0318932831287384,0.03283805772662163,0.040923215448856354,0.0432332418859005,0.03192734718322754,0.03355439752340317,0.04694022983312607,0.0318932831287384,0.0318932831287384,0.0318932831287384,0.03468316048383713,0.0318932831287384,0.0318932831287384,0.0318932831287384,0.0318932831287384,0.0318932831287384,0.0318932831287384,0.04347313940525055,0.06864309310913086,0.03935393691062927,0.0318932831287384,0.041251521557569504
2019-10-07,0.0317431204020977,0.05434262007474899,0.03706062212586403,0.03497840464115143,0.04260927811264992,0.0317431204020977,0.03531912714242935,0.03830881416797638,0.036913566291332245,0.03365083783864975,0.0317431204020977,0.04219244047999382,0.0317431204020977,0.0317431204020977,0.0317431204020977,0.03963635861873627,0.0317431204020977,0.0317431204020977,0.0317431204020977,0.0317431204020977,0.0317431204020977,0.0317431204020977,0.04406404867768288,0.06843327730894089,0.04107065498828888,0.0317431204020977,0.03875936567783356
2019-10-08,0.0317738801240921,0.05416199192404747,0.038519237190485,0.03522859886288643,0.04280789941549301,0.0317738801240921,0.03568253293633461,0.03759964555501938,0.03568054735660553,0.033992595970630646,0.0317738801240921,0.041037868708372116,0.0317738801240921,0.0317738801240921,0.0317738801240921,0.04108535125851631,0.0317738801240921,0.0317738801240921,0.0317738801240921,0.0317738801240921,0.0317738801240921,0.0317738801240921,0.04403286054730415,0.0676053836941719,0.041114360094070435,0.0317738801240921,0.038390666246414185
2019-10-09,0.03163108974695206,0.054506827145814896,0.032800912857055664,0.03351105749607086,0.040543969720602036,0.03163108974695206,0.03393405303359032,0.0413329191505909,0.04280436784029007,0.03299805894494057,0.032977428287267685,0.04494227468967438,0.03163108974695206,0.03163108974695206,0.03163108974695206,0.03550570085644722,0.03163108974695206,0.03163108974695206,0.03163108974695206,0.03163108974695206,0.03163108974695206,0.03163108974695206,0.043950650840997696,0.06927864998579025,0.039794933050870895,0.03163108974695206,0.04154510423541069
2019-10-10,0.03168784826993942,0.05463684722781181,0.03333060443401337,0.0339648574590683,0.04033306986093521,0.03168784826993942,0.03424319997429848,0.0415235310792923,0.04137290269136429,0.03337593749165535,0.03285374492406845,0.04533170163631439,0.03168784826993942,0.03168784826993942,0.03168784826993942,0.035455528646707535,0.03168784826993942,0.03168784826993942,0.03168784826993942,0.03168784826993942,0.03168784826993942,0.03168784826993942,0.04382505640387535,0.06916987150907516,0.039640091359615326,0.03168784826993942,0.04068891331553459
2019-10-11,0.03170477971434593,0.05471769720315933,0.034655097872018814,0.03517723083496094,0.041386641561985016,0.03170477971434593,0.03519541025161743,0.04009341076016426,0.03770408779382706,0.0336650088429451,0.032142817974090576,0.04447891563177109,0.03170477971434593,0.03170477971434593,0.03170477971434593,0.03749672323465347,0.03170477971434593,0.03170477971434593,0.03170477971434593,0.03170477971434593,0.03170477971434593,0.03170477971434593,0.043844327330589294,0.06938333064317703,0.04024835303425789,0.03170477971434593,0.0393536314368248
2019-10-14,0.03270803391933441,0.050076477229595184,0.042197585105895996,0.03900834172964096,0.04524630308151245,0.03207309916615486,0.03625299781560898,0.03316013887524605,0.03207309916615486,0.0348348394036293,0.03207309916615486,0.03855337202548981,0.03207309916615486,0.03207309916615486,0.03207309916615486,0.045174289494752884,0.03207309916615486,0.03207309916615486,0.03207309916615486,0.03207309916615486,0.03207309916615486,0.03207309916615486,0.045236166566610336,0.0651056319475174,0.0406109057366848,0.03207309916615486,0.03488461673259735
2019-10-15,0.03213062509894371,0.05051708221435547,0.04094865545630455,0.03928297013044357,0.04522331804037094,0.03213062509894371,0.036705829203128815,0.03286596015095711,0.03213062509894371,0.03445977345108986,0.03213062509894371,0.039517030119895935,0.03213062509894371,0.03213062509894371,0.03213062509894371,0.04507920891046524,0.03213062509894371,0.03213062509894371,0.03213062509894371,0.03213062509894371,0.03213062509894371,0.03213062509894371,0.04486269876360893,0.06609338521957397,0.04013209044933319,0.03213062509894371,0.03448323905467987
2019-10-16,0.03407737985253334,0.04835641011595726,0.04069296270608902,0.04240920767188072,0.0457523874938488,0.03229285776615143,0.03624187782406807,0.03229285776615143,0.03229285776615143,0.03540019690990448,0.03229285776615143,0.0386347658932209,0.03229285776615143,0.03233185037970543,0.03229285776615143,0.04625459015369415,0.03229285776615143,0.03229285776615143,0.03229285776615143,0.03229285776615143,0.03229285776615143,0.03235379979014397,0.04264489561319351,0.06488261371850967,0.038609620183706284,0.03229285776615143,0.03384310379624367
2019-10-17,0.03468688949942589,0.04798969626426697,0.040018580853939056,0.04338952153921127,0.04483421519398689,0.0322454571723938,0.03581554815173149,0.0322454571723938,0.0322454571723938,0.035602085292339325,0.0322454571723938,0.038558684289455414,0.0322454571723938,0.033031538128852844,0.0322454571723938,0.04555299133062363,0.0322454571723938,0.0322454571723938,0.0322454571723938,0.0322454571723938,0.0322454571723938,0.03278287500143051,0.04180283099412918,0.06607293337583542,0.03827045112848282,0.0322454571723938,0.0346456840634346
2019-10-18,0.033142101019620895,0.048488322645425797,0.039446812123060226,0.04311523213982582,0.04306919872760773,0.032431140542030334,0.036376480013132095,0.03347435221076012,0.032431140542030334,0.03673649951815605,0.032431140542030334,0.039738353341817856,0.032431140542030334,0.033678192645311356,0.032431140542030334,0.04594282805919647,0.032431140542030334,0.032431140542030334,0.032431140542030334,0.032431140542030334,0.032431140542030334,0.032431140542030334,0.039832860231399536,0.0644770935177803,0.037895482033491135,0.032431140542030334,0.03541240096092224
2019-10-21,0.032406698912382126,0.04811634123325348,0.03876977041363716,0.04395882412791252,0.04248214513063431,0.032406698912382126,0.03607186675071716,0.034703467041254044,0.03241577371954918,0.035995107144117355,0.032406698912382126,0.04067648574709892,0.032406698912382126,0.03401246294379234,0.032406698912382126,0.043467044830322266,0.032406698912382126,0.032406698912382126,0.032406698912382126,0.032406698912382126,0.032406698912382126,0.032406698912382126,0.0390288308262825,0.06944230943918228,0.036934856325387955,0.032406698912382126,0.03504433482885361
2019-10-22,0.03246039152145386,0.04700557887554169,0.03939324989914894,0.044124770909547806,0.04211345314979553,0.03246039152145386,0.03622794896364212,0.03472277894616127,0.03246039152145386,0.036700308322906494,0.03246039152145386,0.040538039058446884,0.03246039152145386,0.03483976796269417,0.03246039152145386,0.04541179910302162,0.03246039152145386,0.03246039152145386,0.03246039152145386,0.03246039152145386,0.03246039152145386,0.03246039152145386,0.03863352909684181,0.0672786757349968,0.036805473268032074,0.03246039152145386,0.03421959653496742
2019-10-23,0.0327494852244854,0.04421336576342583,0.040362827479839325,0.042131971567869186,0.04349851235747337,0.0327494852244854,0.03456461429595947,0.03540124371647835,0.03438409045338631,0.03579263761639595,0.0327494852244854,0.03805353119969368,0.0327494852244854,0.035997021943330765,0.0327494852244854,0.04629414528608322,0.0327494852244854,0.0327494852244854,0.0333428680896759,0.0327494852244854,0.0327494852244854,0.0327494852244854,0.03949974849820137,0.06405790895223618,0.03652508556842804,0.0327494852244854,0.03563607111573219
2019-10-24,0.03265747055411339,0.04457416012883186,0.03898242861032486,0.0410056933760643,0.0439114011824131,0.03265747055411339,0.033762894570827484,0.03582742437720299,0.038104888051748276,0.03520740196108818,0.03265747055411339,0.037364665418863297,0.03265747055411339,0.036930255591869354,0.03265747055411339,0.04513709247112274,0.03265747055411339,0.03265747055411339,0.03400840610265732,0.03265747055411339,0.03265747055411339,0.03265747055411339,0.03947033733129501,0.06327325105667114,0.03611898049712181,0.03265747055411339,0.03708846867084503
2019-10-25,0.03282135725021362,0.04513467475771904,0.03739602118730545,0.04053116589784622,0.04464091360569,0.03282135725021362,0.03360306844115257,0.03543410450220108,0.03730063885450363,0.03504190966486931,0.03282135725021362,0.03858397901058197,0.03282135725021362,0.03578571230173111,0.03282135725021362,0.044761333614587784,0.03282135725021362,0.03282135725021362,0.03390773385763168,0.03282135725021362,0.03282135725021362,0.03282135725021362,0.04007314145565033,0.0647539421916008,0.036156654357910156,0.03282135725021362,0.035860031843185425
2019-10-28,0.0346626453101635,0.03974079713225365,0.037217460572719574,0.044027891010046005,0.044439926743507385,0.03333050012588501,0.034246135503053665,0.03444115072488785,0.03333050012588501,0.03663159906864166,0.03333050012588501,0.038655489683151245,0.03333050012588501,0.03583601862192154,0.03333050012588501,0.04890083521604538,0.03333050012588501,0.03333050012588501,0.035231586545705795,0.03333050012588501,0.03333050012588501,0.03333050012588501,0.039291638880968094,0.06172173097729683,0.034897562116384506,0.03333050012588501,0.033422041684389114
2019-10-29,0.035879816859960556,0.03821802884340286,0.03546608239412308,0.04496217146515846,0.04400899261236191,0.03338677063584328,0.03455868363380432,0.03491273149847984,0.03338677063584328,0.03790344297885895,0.03338677063584328,0.040185898542404175,0.03338677063584328,0.035030655562877655,0.03338677063584328,0.049775380641222,0.03338677063584328,0.03338677063584328,0.03586419299244881,0.03338677063584328,0.03338677063584328,0.03338677063584328,0.03890983760356903,0.059602148830890656,0.034080639481544495,0.03338677063584328,0.03338677063584328
2019-10-30,0.03634212166070938,0.03867475315928459,0.033817142248153687,0.045864105224609375,0.045034218579530716,0.03342327103018761,0.034000642597675323,0.03397213667631149,0.03342327103018761,0.0380481518805027,0.03342327103018761,0.04093405231833458,0.03342327103018761,0.03554106131196022,0.03342327103018761,0.05007191002368927,0.03342327103018761,0.03342327103018761,0.03642812371253967,0.03342327103018761,0.03342327103018761,0.03342327103018761,0.03776226192712784,0.059006813913583755,0.03342327103018761,0.03342327103018761,0.03342327103018761
2019-10-31,0.038123346865177155,0.03893301263451576,0.03596540540456772,0.045668166130781174,0.044671062380075455,0.03300602734088898,0.034855663776397705,0.03300602734088898,0.03300602734088898,0.03843427449464798,0.03300602734088898,0.03885814920067787,0.03300602734088898,0.036362722516059875,0.03300602734088898,0.051964398473501205,0.03300602734088898,0.03300602734088898,0.035569313913583755,0.03300602734088898,0.03300602734088898,0.03300602734088898,0.03907572105526924,0.05796333774924278,0.034477073699235916,0.03300602734088898,0.03300602734088898
2019-11-01,0.03830566629767418,0.039147164672613144,0.036615125834941864,0.04515575245022774,0.04457991570234299,0.03293979540467262,0.035269252955913544,0.03298418968915939,0.03293979540467262,0.037508394569158554,0.03293979540467262,0.038750022649765015,0.03293979540467262,0.03600592911243439,0.03293979540467262,0.051454704254865646,0.03293979540467262,0.03293979540467262,0.03420066833496094,0.03293979540467262,0.03293979540467262,0.03293979540467262,0.04015420749783516,0.05934092029929161,0.03525053337216377,0.03293979540467262,0.03293979540467262
2019-11-04,0.038137953728437424,0.038783811032772064,0.03568040207028389,0.04587886109948158,0.04547178000211716,0.033064838498830795,0.034907981753349304,0.033064838498830795,0.033064838498830795,0.03811047971248627,0.033064838498830795,0.039467379450798035,0.033064838498830795,0.036094795912504196,0.033064838498830795,0.05277034640312195,0.033064838498830795,0.033064838498830795,0.035178955644369125,0.033064838498830795,0.033064838498830795,0.033064838498830795,0.038577210158109665,0.056714970618486404,0.03438213840126991,0.033064838498830795,0.033064838498830795
2019-11-05,0.03617497533559799,0.037365321069955826,0.03369297459721565,0.046274445950984955,0.04554923251271248,0.03363468870520592,0.034840162843465805,0.03363468870520592,0.03363468870520592,0.03747834265232086,0.03363468870520592,0.04204865172505379,0.03363468870520592,0.03488948941230774,0.03363468870520592,0.05298037827014923,0.03363468870520592,0.03363468870520592,0.03571348637342453,0.03363468870520592,0.03363468870520592,0.03363468870520592,0.03714529424905777,0.05496155843138695,0.03363468870520592,0.03363468870520592,0.03363468870520592
2019-11-06,0.03409350663423538,0.03722748905420303,0.03402220830321312,0.0457802452147007,0.0452178493142128,0.03402220830321312,0.03440660983324051,0.03402220830321312,0.03402220830321312,0.03656940162181854,0.03402220830321312,0.043406710028648376,0.03402220830321312,0.034524306654930115,0.03402220830321312,0.05267114192247391,0.03402220830321312,0.03402220830321312,0.036148231476545334,0.03402220830321312,0.03402220830321312,0.03402220830321312,0.036065246909856796,0.05355607718229294,0.03402220830321312,0.03402220830321312,0.03402220830321312
2019-11-07,0.03390127420425415,0.037867043167352676,0.03473570570349693,0.04511398449540138,0.04437776282429695,0.03390127420425415,0.03562285006046295,0.03390127420425415,0.03390127420425415,0.03631212189793587,0.03390127420425415,0.042335301637649536,0.03390127420425415,0.035229139029979706,0.03390127420425415,0.05403805524110794,0.03390127420425415,0.03390127420425415,0.03534940630197525,0.03390127420425415,0.03390127420425415,0.03390127420425415,0.03705001249909401,0.053449541330337524,0.03390127420425415,0.03390127420425415,0.03390127420425415
2019-11-08,0.03413673862814903,0.036804575473070145,0.03413673862814903,0.0455341637134552,0.04404804855585098,0.03413673862814903,0.03459519147872925,0.03413673862814903,0.03413673862814903,0.036753471940755844,0.03413673862814903,0.043288085609674454,0.03413673862814903,0.03615642338991165,0.03413673862814903,0.05271317809820175,0.03413673862814903,0.03413673862814903,0.0373033732175827,0.03413673862814903,0.03413673862814903,0.03413673862814903,0.03561238944530487,0.05100326985120773,0.03413673862814903,0.03413673862814903,0.03413673862814903
2019-11-11,0.03442174941301346,0.03663792833685875,0.03409179672598839,0.04651103541254997,0.04479539394378662,0.03409179672598839,0.03431752324104309,0.03409179672598839,0.03409179672598839,0.036954205483198166,0.03409179672598839,0.046011269092559814,0.03409179672598839,0.03409179672598839,0.03409179672598839,0.05320550501346588,0.03409179672598839,0.03409179672598839,0.035754114389419556,0.03409179672598839,0.03409179672598839,0.03409179672598839,0.03500934690237045,0.05091320350766182,0.03409179672598839,0.03409179672598839,0.03409179672598839
2019-11-12,0.03411911427974701,0.03626709803938866,0.03411911427974701,0.04650936648249626,0.04487287253141403,0.03411911427974701,0.03411911427974701,0.03411911427974701,0.03411911427974701,0.036970753222703934,0.03411911427974701,0.04609615355730057,0.03411911427974701,0.03411911427974701,0.03411911427974701,0.05270819365978241,0.03411911427974701,0.03411911427974701,0.036056529730558395,0.03411911427974701,0.03411911427974701,0.03411911427974701,0.03492479771375656,0.05145018547773361,0.03411911427974701,0.03411911427974701,0.03411911427974701
2019-11-13,0.034770864993333817,0.03643525764346123,0.03417469933629036,0.04673956707119942,0.04425198957324028,0.03417469933629036,0.03417469933629036,0.03417469933629036,0.03417469933629036,0.03682156652212143,0.03417469933629036,0.0465979278087616,0.03417469933629036,0.03417469933629036,0.03417469933629036,0.05173715204000473,0.03417469933629036,0.03417469933629036,0.03652345761656761,0.03417469933629036,0.03417469933629036,0.03417469933629036,0.034886185079813004,0.05026620998978615,0.03417469933629036,0.03417469933629036,0.03417469933629036
2019-11-14,0.03786538168787956,0.03653790056705475,0.0340481773018837,0.04688326641917229,0.04359208419919014,0.0340481773018837,0.034665077924728394,0.0340481773018837,0.0340481773018837,0.03658956661820412,0.0340481773018837,0.045328639447689056,0.0340481773018837,0.0340481773018837,0.0340481773018837,0.05381812900304794,0.0340481773018837,0.0340481773018837,0.03588591516017914,0.0340481773018837,0.0340481773018837,0.0340481773018837,0.03624659776687622,0.04781663417816162,0.0340481773018837,0.0340481773018837,0.0340481773018837
2019-11-15,0.037580665200948715,0.037688903510570526,0.03425629809498787,0.047724008560180664,0.043794069439172745,0.03425629809498787,0.03425629809498787,0.03425629809498787,0.03425629809498787,0.03428846225142479,0.03425629809498787,0.04731458052992821,0.03425629809498787,0.03425629809498787,0.03425629809498787,0.04977135360240936,0.03425629809498787,0.03425629809498787,0.0343119278550148,0.03425629809498787,0.03425629809498787,0.03425629809498787,0.03588924556970596,0.04910100996494293,0.03443501517176628,0.03425629809498787,0.03425629809498787
2019-11-18,0.037540335208177567,0.03852042928338051,0.03400954231619835,0.04765719920396805,0.04414740949869156,0.03400954231619835,0.03425661474466324,0.03400954231619835,0.03400954231619835,0.035432443022727966,0.03400954231619835,0.04691842570900917,0.03400954231619835,0.03400954231619835,0.03400954231619835,0.05090726166963577,0.03400954231619835,0.03400954231619835,0.0345679447054863,0.03400954231619835,0.03400954231619835,0.03400954231619835,0.03562131151556969,0.05024191737174988,0.034045517444610596,0.03400954231619835,0.03400954231619835
2019-11-19,0.03905871510505676,0.03888402506709099,0.03386344760656357,0.0473397895693779,0.04386712238192558,0.03386344760656357,0.03471648320555687,0.03386344760656357,0.03386344760656357,0.03527938947081566,0.03386344760656357,0.0448823943734169,0.03386344760656357,0.03406241163611412,0.03386344760656357,0.05170883610844612,0.03386344760656357,0.03386344760656357,0.03477570787072182,0.03386344760656357,0.03386344760656357,0.03386344760656357,0.0362064428627491,0.050131745636463165,0.03499865159392357,0.03386344760656357,0.03386344760656357
2019-11-20,0.03807586804032326,0.0394478403031826,0.034445952624082565,0.047407764941453934,0.04487088322639465,0.033719222992658615,0.03531366214156151,0.033719222992658615,0.033719222992658615,0.034791912883520126,0.033719222992658615,0.0436481274664402,0.033719222992658615,0.03385721147060394,0.033719222992658615,0.05114712193608284,0.033719222992658615,0.033719222992658615,0.033719222992658615,0.033719222992658615,0.033719222992658615,0.033719222992658615,0.03672455996274948,0.052788157016038895,0.03541181609034538,0.033719222992658615,0.033719222992658615
2019-11-21,0.03837103396654129,0.040828485041856766,0.035759612917900085,0.04635697230696678,0.045635730028152466,0.03324782848358154,0.03632358834147453,0.03324782848358154,0.03324782848358154,0.035198453813791275,0.03324782848358154,0.04146740585565567,0.03324782848358154,0.03489833325147629,0.03324782848358154,0.05188128352165222,0.03324782848358154,0.03324782848358154,0.03324782848358154,0.03324782848358154,0.03324782848358154,0.03324782848358154,0.037911053746938705,0.053913455456495285,0.03598497062921524,0.03324782848358154,0.03324782848358154
2019-11-22,0.03852992132306099,0.040465377271175385,0.035350311547517776,0.04765805974602699,0.04626665264368057,0.03320425748825073,0.03604177385568619,0.03320425748825073,0.03320425748825073,0.03472597151994705,0.03320425748825073,0.04113732650876045,0.03320425748825073,0.03485546633601189,0.03320425748825073,0.05157538503408432,0.03320425748825073,0.03320425748825073,0.03320425748825073,0.03320425748825073,0.03320425748825073,0.033719681203365326,0.03770826756954193,0.054934997111558914,0.03537549450993538,0.03320425748825073,0.03320425748825073
2019-11-25,0.03823632746934891,0.04097787290811539,0.035568296909332275,0.04800470173358917,0.046671487390995026,0.03312375023961067,0.0359690822660923,0.03312375023961067,0.03312375023961067,0.03460293263196945,0.03312375023961067,0.04052888602018356,0.03312375023961067,0.03492569923400879,0.03312375023961067,0.0515885129570961,0.03312375023961067,0.03312375023961067,0.03312375023961067,0.03312375023961067,0.03312375023961067,0.03410308063030243,0.03761434182524681,0.05550871416926384,0.03509135916829109,0.03312375023961067,0.03312375023961067
2019-11-26,0.038866158574819565,0.03978569433093071,0.03444484621286392,0.049111898988485336,0.04712290316820145,0.03327452391386032,0.03536321967840195,0.03327452391386032,0.03327452391386032,0.03538515791296959,0.03327452391386032,0.04170062020421028,0.03327452391386032,0.03402247279882431,0.03327452391386032,0.05238758772611618,0.03327452391386032,0.03327452391386032,0.03327452391386032,0.03327452391386032,0.03327452391386032,0.03372523561120033,0.036491308361291885,0.05466556176543236,0.03435858339071274,0.03327452391386032,0.03327452391386032
2019-11-27,0.039456434547901154,0.039679739624261856,0.03474149480462074,0.04889747500419617,0.046363357454538345,0.03315633162856102,0.035882558673620224,0.03315633162856102,0.03315633162856102,0.03528578579425812,0.03315633162856102,0.04138083755970001,0.03315633162856102,0.03392075002193451,0.03315633162856102,0.052490655332803726,0.03315633162856102,0.03315633162856102,0.03315633162856102,0.03315633162856102,0.03315633162856102,0.03419950604438782,0.03768068924546242,0.054843831807374954,0.034144602715969086,0.03315633162856102,0.03315633162856102
2019-11-29,0.03932369500398636,0.0411921888589859,0.035805948078632355,0.04797876253724098,0.04607744887471199,0.0328621007502079,0.03675168752670288,0.0328621007502079,0.0328621007502079,0.035605452954769135,0.0328621007502079,0.04047440364956856,0.0328621007502079,0.03456958383321762,0.0328621007502079,0.052646610885858536,0.0328621007502079,0.0328621007502079,0.0328621007502079,0.0328621007502079,0.0328621007502079,0.034419022500514984,0.03809699788689613,0.05508144199848175,0.03476940467953682,0.0328621007502079,0.0328621007502079
2019-12-02,0.03951967507600784,0.040894925594329834,0.03556627407670021,0.04818560928106308,0.04592343047261238,0.03279991075396538,0.03695729002356529,0.03279991075396538,0.03279991075396538,0.03570204973220825,0.03279991075396538,0.03986332193017006,0.03279991075396538,0.03468294069170952,0.03279991075396538,0.05279102176427841,0.03279991075396538,0.03279991075396538,0.03279991075396538,0.03279991075396538,0.03279991075396538,0.03489967808127403,0.03885902464389801,0.05522078275680542,0.03453511744737625,0.03279991075396538,0.03279991075396538
2019-12-03,0.03726338595151901,0.043576039373874664,0.037340905517339706,0.04709605872631073,0.0463460311293602,0.03222038596868515,0.03786485642194748,0.03222038596868515,0.03222038596868515,0.034287359565496445,0.03222038596868515,0.03876930847764015,0.03222038596868515,0.03430258855223656,0.03222038596868515,0.05070260912179947,0.03222038596868515,0.03222038596868515,0.03222038596868515,0.03222038596868515,0.03427774831652641,0.0347941517829895,0.03930304944515228,0.06185086444020271,0.03558037802577019,0.03222038596868515,0.03222038596868515
2019-12-04,0.0371762253344059,0.04489610716700554,0.03883262351155281,0.04653439298272133,0.04540474712848663,0.03182011470198631,0.03656868636608124,0.03182011470198631,0.03182011470198631,0.033176690340042114,0.03182011470198631,0.03760293871164322,0.03182011470198631,0.03414208069443703,0.03182011470198631,0.04601788520812988,0.03182011470198631,0.03182011470198631,0.03182011470198631,0.03182011470198631,0.034917064011096954,0.0347299762070179,0.041665565222501755,0.06753385812044144,0.036893874406814575,0.03182011470198631,0.03388608992099762
2019-12-05,0.03665006160736084,0.045900601893663406,0.03939928114414215,0.04595407843589783,0.04535553231835365,0.03163182735443115,0.03735256567597389,0.03163182735443115,0.03163182735443115,0.03346932679414749,0.03163182735443115,0.037657756358385086,0.03163182735443115,0.033644597977399826,0.03163182735443115,0.046138595789670944,0.03163182735443115,0.03163182735443115,0.03163182735443115,0.03163182735443115,0.035468459129333496,0.03459028899669647,0.04192353039979935,0.06828492134809494,0.03687044233083725,0.03163182735443115,0.03338984400033951
2019-12-06,0.03657471761107445,0.046560440212488174,0.039531633257865906,0.045321203768253326,0.04480232298374176,0.03133217990398407,0.03842640668153763,0.03133217990398407,0.03133217990398407,0.03373720124363899,0.03133217990398407,0.037089232355356216,0.03133217990398407,0.03382668271660805,0.03133217990398407,0.046958401799201965,0.03133217990398407,0.03133217990398407,0.03133217990398407,0.03133217990398407,0.03688560426235199,0.03422931209206581,0.04271780699491501,0.0694226399064064,0.03670051693916321,0.03133217990398407,0.03256193548440933
2019-12-09,0.03647993877530098,0.045782074332237244,0.03945261985063553,0.0460645854473114,0.04436730593442917,0.0315692275762558,0.039539236575365067,0.0315692275762558,0.0315692275762558,0.03525785356760025,0.0315692275762558,0.03749536722898483,0.0315692275762558,0.03420314937829971,0.0315692275762558,0.04846489429473877,0.0315692275762558,0.0315692275762558,0.0315692275762558,0.0315692275762558,0.036538265645504,0.03462161123752594,0.041209980845451355,0.06563714891672134,0.03603244200348854,0.0315692275762558,0.03159200772643089
2019-12-10,0.0364559181034565,0.04576583206653595,0.0393688939511776,0.04560532420873642,0.044336866587400436,0.03122553601861,0.03991736099123955,0.03122553601861,0.03122553601861,0.03464081510901451,0.03122553601861,0.03656069189310074,0.03122553601861,0.033967792987823486,0.03122553601861,0.04867861047387123,0.03122553601861,0.03122553601861,0.03122553601861,0.031740669161081314,0.03814132884144783,0.034265585243701935,0.042746204882860184,0.0680585503578186,0.03600908815860748,0.03122553601861,0.031485121697187424
2019-12-11,0.03654634580016136,0.045930467545986176,0.039455022662878036,0.04563849791884422,0.04441256448626518,0.03121909499168396,0.03954435884952545,0.03121909499168396,0.03121909499168396,0.03454309329390526,0.03121909499168396,0.03650940954685211,0.03121909499168396,0.03390729799866676,0.03121909499168396,0.04800818860530853,0.03121909499168396,0.03121909499168396,0.03121909499168396,0.031614016741514206,0.038307614624500275,0.03427566960453987,0.04281073436141014,0.06851083785295486,0.03619325906038284,0.03121909499168396,0.031601738184690475
2019-12-12,0.03724521026015282,0.045226454734802246,0.03912726417183876,0.04542473703622818,0.04457055404782295,0.031388405710458755,0.038955122232437134,0.031388405710458755,0.031388405710458755,0.034919433295726776,0.031388405710458755,0.03636711463332176,0.031388405710458755,0.033926088362932205,0.031388405710458755,0.04896439239382744,0.031388405710458755,0.031388405710458755,0.031388405710458755,0.031388405710458755,0.037353333085775375,0.034391578286886215,0.043323248624801636,0.067180335521698,0.03618958592414856,0.031388405710458755,0.03156314045190811
2019-12-13,0.03711552172899246,0.04404657334089279,0.0378529317677021,0.046139996498823166,0.04415157064795494,0.031613174825906754,0.039642613381147385,0.031613174825906754,0.031613174825906754,0.03616458550095558,0.031613174825906754,0.03724052757024765,0.031613174825906754,0.03395283222198486,0.031613174825906754,0.050256598740816116,0.031613174825906754,0.031613174825906754,0.031613174825906754,0.031613174825906754,0.037731196731328964,0.034881673753261566,0.04205240681767464,0.06467435508966446,0.03473852202296257,0.031613174825906754,0.031613174825906754
2019-12-16,0.036686308681964874,0.04327821731567383,0.03734642639756203,0.04630347341299057,0.04444162920117378,0.03177465498447418,0.04024326428771019,0.03177465498447418,0.03177465498447418,0.036137256771326065,0.03177465498447418,0.038057755678892136,0.03177465498447418,0.03367779776453972,0.03177465498447418,0.0515829473733902,0.03177465498447418,0.03177465498447418,0.03177465498447418,0.03177465498447418,0.036949917674064636,0.03453682363033295,0.04167883098125458,0.06325837224721909,0.03452508524060249,0.03177465498447418,0.03177465498447418
2019-12-17,0.03702471777796745,0.04268239811062813,0.03647853061556816,0.04688474163413048,0.04421999678015709,0.0318063423037529,0.040442533791065216,0.0318063423037529,0.0318063423037529,0.03643021360039711,0.0318063423037529,0.03803979977965355,0.0318063423037529,0.0347130224108696,0.0318063423037529,0.051637571305036545,0.0318063423037529,0.0318063423037529,0.0318063423037529,0.0318063423037529,0.037217020988464355,0.03590628504753113,0.04070994630455971,0.06249021366238594,0.03344693034887314,0.0318063423037529,0.0318063423037529
2019-12-18,0.03749748319387436,0.042393870651721954,0.036526963114738464,0.047148771584033966,0.04336061328649521,0.03173293545842171,0.040372394025325775,0.03173293545842171,0.03173293545842171,0.0369129404425621,0.03173293545842171,0.036717478185892105,0.03173293545842171,0.03628521412611008,0.03173293545842171,0.05221046134829521,0.03173293545842171,0.03173293545842171,0.03173293545842171,0.03173293545842171,0.037456683814525604,0.03633587434887886,0.0408487431704998,0.061913058161735535,0.033224254846572876,0.03173293545842171,0.03173293545842171
2019-12-19,0.037690937519073486,0.04170800372958183,0.035124581307172775,0.047390349209308624,0.04428962990641594,0.03188119828701019,0.03960290923714638,0.03188119828701019,0.03188119828701019,0.037154700607061386,0.03188119828701019,0.03723001480102539,0.03188119828701019,0.03570965677499771,0.03188119828701019,0.053148262202739716,0.03188119828701019,0.03188119828701019,0.03188119828701019,0.03188119828701019,0.036593206226825714,0.0364297553896904,0.0403769351541996,0.06208484247326851,0.032891832292079926,0.03188119828701019,0.03188119828701019
2019-12-20,0.04007089510560036,0.039606545120477676,0.03514740988612175,0.04685008153319359,0.04326633736491203,0.03196586295962334,0.03961476683616638,0.03196586295962334,0.03196586295962334,0.0395139679312706,0.03196586295962334,0.03504582494497299,0.03196586295962334,0.03823819383978844,0.03196586295962334,0.05724482610821724,0.03196586295962334,0.03196586295962334,0.032272741198539734,0.03196586295962334,0.03448895737528801,0.03705928474664688,0.04018442705273628,0.05688104033470154,0.03289018198847771,0.03196586295962334,0.03196586295962334
2019-12-23,0.04195813462138176,0.0368814691901207,0.035759661346673965,0.04833027347922325,0.0431910902261734,0.032032959163188934,0.03799432888627052,0.032032959163188934,0.032032959163188934,0.04131573066115379,0.032032959163188934,0.03363562002778053,0.032032959163188934,0.03967806324362755,0.032032959163188934,0.05706284940242767,0.032032959163188934,0.032032959163188934,0.034898579120635986,0.032032959163188934,0.03401901572942734,0.03812043368816376,0.039595119655132294,0.05263891443610191,0.03255822882056236,0.032032959163188934,0.032032959163188934
2019-12-24,0.04375428333878517,0.034922242164611816,0.03607407957315445,0.04861964285373688,0.043273765593767166,0.031944818794727325,0.03759528696537018,0.031944818794727325,0.031944818794727325,0.04271990433335304,0.031944818794727325,0.03267598897218704,0.031944818794727325,0.04011445492506027,0.031944818794727325,0.059109244495630264,0.031944818794727325,0.031944818794727325,0.03622176870703697,0.031944818794727325,0.032911814749240875,0.037551332265138626,0.03968149423599243,0.05032798647880554,0.03305365890264511,0.031944818794727325,0.031944818794727325
2019-12-26,0.04361673444509506,0.03495847433805466,0.035489194095134735,0.04811757057905197,0.04244173690676689,0.03179410472512245,0.03842148929834366,0.03179410472512245,0.03179410472512245,0.043176084756851196,0.03179410472512245,0.032005514949560165,0.03179410472512245,0.0413179025053978,0.03179410472512245,0.06106488034129143,0.03179410472512245,0.03179410472512245,0.03626095876097679,0.03179410472512245,0.03294697403907776,0.03746207430958748,0.03992195427417755,0.049844659864902496,0.03321864455938339,0.03179410472512245,0.03179410472512245
2019-12-27,0.04473944008350372,0.03372408077120781,0.03453084081411362,0.04749789088964462,0.04044761881232262,0.03146032989025116,0.039053790271282196,0.03146032989025116,0.03146032989025116,0.04476556181907654,0.03146032989025116,0.03146032989025116,0.03146032989025116,0.04441219940781593,0.03146032989025116,0.06518425792455673,0.03146032989025116,0.03146032989025116,0.03734264150261879,0.03146032989025116,0.03381050378084183,0.037832390516996384,0.04034183919429779,0.044547419995069504,0.03424554690718651,0.03146032989025116,0.03146032989025116
2019-12-30,0.04509204253554344,0.03387010470032692,0.034804780036211014,0.04743051901459694,0.03978127986192703,0.031471025198698044,0.03892391920089722,0.031471025198698044,0.031471025198698044,0.04440639168024063,0.031471025198698044,0.031471025198698044,0.031471025198698044,0.04492894187569618,0.031471025198698044,0.06449562311172485,0.031471025198698044,0.031471025198698044,0.03780229017138481,0.031471025198698044,0.033951062709093094,0.038085442036390305,0.040457796305418015,0.04375797510147095,0.03455950692296028,0.031471025198698044,0.031471025198698044
2019-12-31,0.043757062405347824,0.03445138409733772,0.035139940679073334,0.04576702043414116,0.03939425200223923,0.031043753027915955,0.04141397401690483,0.031043753027915955,0.031043753027915955,0.04467301815748215,0.031043753027915955,0.031043753027915955,0.031043753027915955,0.04431590810418129,0.031043753027915955,0.06780661642551422,0.031043753027915955,0.031043753027915955,0.034496717154979706,0.031043753027915955,0.035298075526952744,0.03648662567138672,0.04234413430094719,0.04703328013420105,0.035096924751996994,0.031043753027915955,0.031043753027915955
2020-01-02,0.037037037037037035,0.037037037037037035,0.037037037037037035,0.037037037037037035,0.037037037037037035,0.037037037037037035,0.037037037037037035,0.037037037037037035,0.037037037037037035,0.037037037037037035,0.037037037037037035,0.037037037037037035,0.037037037037037035,0.037037037037037035,0.037037037037037035,0.037037037037037035,0.037037037037037035,0.037037037037037035,0.037037037037037035,0.037037037037037035,0.037037037037037035,0.037037037037037035,0.037037037037037035,0.037037037037037035,0.037037037037037035,0.037037037037037035,0.037037037037037035
2020-01-03,0.03582607954740524,0.03582607954740524,0.03885657340288162,0.03582607954740524,0.03582607954740524,0.04163283854722977,0.03638605400919914,0.040371932089328766,0.03658661991357803,0.03582607954740524,0.03582607954740524,0.03582607954740524,0.03582607954740524,0.03582607954740524,0.041475001722574234,0.03582607954740524,0.035938285291194916,0.03582607954740524,0.03582607954740524,0.03582607954740524,0.04514879733324051,0.038734447211027145,0.03582607954740524,0.03582607954740524,0.03582607954740524,0.03582607954740524,0.03582607954740524
2020-01-06,0.03582894802093506,0.03582894802093506,0.03925918787717819,0.03582894802093506,0.03582894802093506,0.03988119214773178,0.03582894802093506,0.04128589108586311,0.037211060523986816,0.03582894802093506,0.03582894802093506,0.03582894802093506,0.03582894802093506,0.03582894802093506,0.043888188898563385,0.03582894802093506,0.03582894802093506,0.03582894802093506,0.03582894802093506,0.03582894802093506,0.042225662618875504,0.039669834077358246,0.03582894802093506,0.03582894802093506,0.03582894802093506,0.03582894802093506,0.03582894802093506
2020-01-07,0.03581437095999718,0.03581437095999718,0.03900495171546936,0.03632756322622299,0.03581437095999718,0.038757503032684326,0.03581437095999718,0.04095844179391861,0.03743284195661545,0.03581437095999718,0.03581437095999718,0.03581437095999718,0.03581437095999718,0.03581437095999718,0.04549282789230347,0.03581437095999718,0.03581437095999718,0.03581437095999718,0.03581437095999718,0.03581437095999718,0.04152293875813484,0.04002987593412399,0.03581437095999718,0.03581437095999718,0.03581437095999718,0.03581437095999718,0.03581437095999718
2020-01-08,0.03587467968463898,0.035818129777908325,0.03800943121314049,0.037503622472286224,0.035818129777908325,0.03655560314655304,0.035818129777908325,0.04135578125715256,0.03833897411823273,0.035818129777908325,0.035818129777908325,0.035818129777908325,0.035818129777908325,0.035818129777908325,0.04596632719039917,0.035818129777908325,0.035818129777908325,0.035818129777908325,0.035818129777908325,0.035818129777908325,0.04022250324487686,0.03972446545958519,0.03754047304391861,0.035818129777908325,0.035818129777908325,0.035818129777908325,0.035818129777908325
2020-01-09,0.035787396132946014,0.035787396132946014,0.038490574806928635,0.036926768720149994,0.035787396132946014,0.03804726526141167,0.035787396132946014,0.04131084680557251,0.0371682234108448,0.035787396132946014,0.035787396132946014,0.035787396132946014,0.035787396132946014,0.035787396132946014,0.04596654325723648,0.035787396132946014,0.035787396132946014,0.035787396132946014,0.035787396132946014,0.035787396132946014,0.040750619024038315,0.039818380028009415,0.03734763711690903,0.035787396132946014,0.035787396132946014,0.035787396132946014,0.035787396132946014
2020-01-10,0.035827379673719406,0.035827379673719406,0.039289265871047974,0.03613102063536644,0.035827379673719406,0.03756266459822655,0.035827379673719406,0.041038479655981064,0.03793763741850853,0.035827379673719406,0.035827379673719406,0.035827379673719406,0.035827379673719406,0.035827379673719406,0.04498152434825897,0.035827379673719406,0.035827379673719406,0.035827379673719406,0.035827379673719406,0.035827379673719406,0.04202929884195328,0.03970184177160263,0.03643546998500824,0.035827379673719406,0.035827379673719406,0.035827379673719406,0.035827379673719406
2020-01-13,0.03584575280547142,0.03584575280547142,0.03927803412079811,0.03587834909558296,0.03584575280547142,0.0367649644613266,0.03584575280547142,0.04024287685751915,0.03931746259331703,0.03584575280547142,0.03584575280547142,0.03584575280547142,0.03584575280547142,0.03584575280547142,0.044843509793281555,0.03584575280547142,0.03584575280547142,0.03584575280547142,0.03584575280547142,0.03584575280547142,0.04245477542281151,0.0394570454955101,0.036539413034915924,0.03584575280547142,0.03584575280547142,0.03584575280547142,0.03584575280547142
2020-01-14,0.03590762987732887,0.03590762987732887,0.039949797093868256,0.03590762987732887,0.03590762987732887,0.03590762987732887,0.03590762987732887,0.04055923968553543,0.04066978022456169,0.03590762987732887,0.03590762987732887,0.03590762987732887,0.03590762987732887,0.03590762987732887,0.043975830078125,0.03590762987732887,0.03590762987732887,0.03607941418886185,0.03590762987732887,0.03590762987732887,0.04168239235877991,0.03893100097775459,0.03590762987732887,0.03590762987732887,0.03590762987732887,0.03590762987732887,0.03590762987732887
2020-01-15,0.03587958216667175,0.03587958216667175,0.039830807596445084,0.03587958216667175,0.03587958216667175,0.03626139089465141,0.03587958216667175,0.04111399129033089,0.03956738859415054,0.03587958216667175,0.03587958216667175,0.03587958216667175,0.03587958216667175,0.03587958216667175,0.04382733628153801,0.03587958216667175,0.03587958216667175,0.0358990877866745,0.03587958216667175,0.03587958216667175,0.042435795068740845,0.0393521673977375,0.03587958216667175,0.03587958216667175,0.03587958216667175,0.03587958216667175,0.03587958216667175
2020-01-16,0.03574477881193161,0.03574477881193161,0.039605677127838135,0.03574477881193161,0.03574477881193161,0.03686308488249779,0.03574477881193161,0.04078320786356926,0.040118925273418427,0.03574477881193161,0.03574477881193161,0.03574477881193161,0.03574477881193161,0.03574477881193161,0.042970139533281326,0.03574477881193161,0.03574477881193161,0.03599825128912926,0.03574477881193161,0.03574477881193161,0.04543299227952957,0.039076901972293854,0.03574477881193161,0.03574477881193161,0.03574477881193161,0.03574477881193161,0.03574477881193161
2020-01-17,0.035678982734680176,0.035678982734680176,0.03982136398553848,0.035678982734680176,0.035678982734680176,0.037865858525037766,0.035678982734680176,0.04102145880460739,0.03959864377975464,0.035678982734680176,0.035678982734680176,0.035678982734680176,0.035678982734680176,0.035678982734680176,0.04201603680849075,0.035678982734680176,0.035678982734680176,0.035678982734680176,0.035678982734680176,0.035678982734680176,0.04716145992279053,0.038935586810112,0.035678982734680176,0.035678982734680176,0.035678982734680176,0.035678982734680176,0.035678982734680176
2020-01-21,0.0355912409722805,0.03604087978601456,0.04022010415792465,0.0355912409722805,0.0355912409722805,0.03896597772836685,0.0355912409722805,0.04126257449388504,0.03876395523548126,0.0355912409722805,0.0355912409722805,0.0355912409722805,0.0355912409722805,0.0355912409722805,0.041503217071294785,0.0355912409722805,0.035786524415016174,0.0355912409722805,0.0355912409722805,0.0355912409722805,0.04808330535888672,0.038731176406145096,0.0355912409722805,0.0355912409722805,0.0355912409722805,0.0355912409722805,0.0355912409722805
2020-01-22,0.03567482903599739,0.03567482903599739,0.03990853577852249,0.03567482903599739,0.03567482903599739,0.03909185528755188,0.03567482903599739,0.04084034636616707,0.038781169801950455,0.03567482903599739,0.03567482903599739,0.03567482903599739,0.03567482903599739,0.03567482903599739,0.0424388162791729,0.03567482903599739,0.03567482903599739,0.03567482903599739,0.03567482903599739,0.03567482903599739,0.04637501388788223,0.03906768932938576,0.03567482903599739,0.03567482903599739,0.03567482903599739,0.03567482903599739,0.03567482903599739
2020-01-23,0.03567862510681152,0.03567862510681152,0.04039635881781578,0.03567862510681152,0.03567862510681152,0.03870932012796402,0.03567862510681152,0.04049137234687805,0.03912882134318352,0.03567862510681152,0.03567862510681152,0.03567862510681152,0.03567862510681152,0.03567862510681152,0.04295497387647629,0.03567862510681152,0.03567862510681152,0.03567862510681152,0.03567862510681152,0.03567862510681152,0.04582974314689636,0.03891684114933014,0.03567862510681152,0.03567862510681152,0.03567862510681152,0.03567862510681152,0.03567862510681152
2020-01-24,0.03582754358649254,0.035934388637542725,0.04061732813715935,0.03582754358649254,0.03582754358649254,0.0361904539167881,0.03582754358649254,0.03859521821141243,0.04006815329194069,0.03582754358649254,0.03582754358649254,0.03582754358649254,0.03582754358649254,0.03582754358649254,0.043464649468660355,0.03582754358649254,0.03582754358649254,0.0371190570294857,0.03582754358649254,0.03582754358649254,0.044393859803676605,0.03872116655111313,0.03582754358649254,0.03582754358649254,0.03582754358649254,0.03582754358649254,0.03582754358649254
2020-01-27,0.03553127497434616,0.037973906844854355,0.04179271683096886,0.03553127497434616,0.03553127497434616,0.036423683166503906,0.03553127497434616,0.039331305772066116,0.03876974433660507,0.03553127497434616,0.03553127497434616,0.03553127497434616,0.03553127497434616,0.03553127497434616,0.04371344670653343,0.03553127497434616,0.03553127497434616,0.03864404186606407,0.03553127497434616,0.03553127497434616,0.04320129379630089,0.03870301693677902,0.03553127497434616,0.037415165454149246,0.03553127497434616,0.03553127497434616,0.03553127497434616
2020-01-28,0.03574543446302414,0.03574543446302414,0.04048648849129677,0.03574543446302414,0.03574543446302414,0.03574543446302414,0.03574543446302414,0.038281772285699844,0.040218792855739594,0.03574543446302414,0.03574543446302414,0.03574543446302414,0.03574543446302414,0.03574543446302414,0.04551208019256592,0.03574543446302414,0.03574543446302414,0.03921288251876831,0.03574543446302414,0.03574543446302414,0.04118209704756737,0.03876380994915962,0.03574543446302414,0.03607086464762688,0.03574543446302414,0.03574543446302414,0.03685338422656059
2020-01-29,0.035837650299072266,0.035837650299072266,0.040589265525341034,0.035837650299072266,0.035837650299072266,0.035837650299072266,0.035837650299072266,0.039530832320451736,0.03950515761971474,0.035837650299072266,0.035837650299072266,0.035837650299072266,0.035837650299072266,0.035837650299072266,0.04423840716481209,0.035837650299072266,0.035837650299072266,0.03764074668288231,0.035837650299072266,0.035837650299072266,0.04165267571806908,0.039244189858436584,0.035837650299072266,0.03662639111280441,0.035837650299072266,0.035837650299072266,0.035894621163606644
2020-01-30,0.03580455854535103,0.03580455854535103,0.03986239805817604,0.03580455854535103,0.03580455854535103,0.03580455854535103,0.03580455854535103,0.04070013761520386,0.04033069312572479,0.03580455854535103,0.03580455854535103,0.03580455854535103,0.03580455854535103,0.03580455854535103,0.04329698160290718,0.03580455854535103,0.03580455854535103,0.03692084550857544,0.03580455854535103,0.03580455854535103,0.04213384911417961,0.039074528962373734,0.03580455854535103,0.03739394247531891,0.03580455854535103,0.03580455854535103,0.03580455854535103
2020-01-31,0.035772670060396194,0.035772670060396194,0.03912787884473801,0.036216963082551956,0.035772670060396194,0.035772670060396194,0.035772670060396194,0.04121127724647522,0.04078688472509384,0.035772670060396194,0.035772670060396194,0.035772670060396194,0.035772670060396194,0.035772670060396194,0.04241081327199936,0.03585171699523926,0.035772670060396194,0.036505233496427536,0.03595145419239998,0.035772670060396194,0.04323425143957138,0.03830547630786896,0.035772670060396194,0.0380353219807148,0.035772670060396194,0.035772670060396194,0.035772670060396194
2020-02-03,0.03579288721084595,0.03579288721084595,0.038447100669145584,0.03671928122639656,0.03579288721084595,0.03579288721084595,0.03579288721084595,0.0403401218354702,0.04162076860666275,0.03579288721084595,0.03579288721084595,0.03579288721084595,0.03579288721084595,0.03579288721084595,0.043514005839824677,0.03608320653438568,0.03579288721084595,0.03606560081243515,0.03579288721084595,0.03579288721084595,0.042470045387744904,0.03833077847957611,0.03624643012881279,0.0364101305603981,0.03579288721084595,0.03579288721084595,0.03685916215181351
2020-02-04,0.03582512587308884,0.03582512587308884,0.03825191408395767,0.03660630062222481,0.03582512587308884,0.03582512587308884,0.03582512587308884,0.03951941058039665,0.0418931245803833,0.03582512587308884,0.03582512587308884,0.03582512587308884,0.03582512587308884,0.03582512587308884,0.04376891255378723,0.03582512587308884,0.03582512587308884,0.03622273728251457,0.03582512587308884,0.03582512587308884,0.0427728071808815,0.038171105086803436,0.03680913522839546,0.03582512587308884,0.03582512587308884,0.03582512587308884,0.03695746138691902
2020-02-05,0.03587793931365013,0.03587793931365013,0.03815043345093727,0.036729853600263596,0.03587793931365013,0.03587793931365013,0.03587793931365013,0.03990127518773079,0.04225291311740875,0.03587793931365013,0.03587793931365013,0.03587793931365013,0.03587793931365013,0.03587793931365013,0.042241234332323074,0.03587793931365013,0.03587793931365013,0.03587793931365013,0.03587793931365013,0.03587793931365013,0.04447798430919647,0.0380900613963604,0.036009516566991806,0.036087002605199814,0.03587793931365013,0.03587793931365013,0.0361347459256649
2020-02-06,0.03588363900780678,0.03639182075858116,0.03918216750025749,0.03588363900780678,0.03588363900780678,0.03588363900780678,0.03588363900780678,0.039879925549030304,0.04123210161924362,0.03588363900780678,0.03588363900780678,0.03588363900780678,0.03588363900780678,0.03588363900780678,0.04097485914826393,0.03588363900780678,0.03588363900780678,0.03588363900780678,0.03588363900780678,0.03588363900780678,0.04433399438858032,0.038453493267297745,0.03588363900780678,0.037762515246868134,0.03588363900780678,0.03588363900780678,0.03588363900780678
2020-02-07,0.0358957014977932,0.03642730042338371,0.039365388453006744,0.0358957014977932,0.0358957014977932,0.0358957014977932,0.0358957014977932,0.03984680771827698,0.04124252870678902,0.0358957014977932,0.0358957014977932,0.0358957014977932,0.0358957014977932,0.0358957014977932,0.040713123977184296,0.0358957014977932,0.0358957014977932,0.0358957014977932,0.0358957014977932,0.0358957014977932,0.044217102229595184,0.03834685683250427,0.0358957014977932,0.03782255947589874,0.0358957014977932,0.0358957014977932,0.0358957014977932
2020-02-10,0.03588896617293358,0.03588896617293358,0.03917550668120384,0.03593835234642029,0.03588896617293358,0.03588896617293358,0.03588896617293358,0.03983572497963905,0.04160381108522415,0.03588896617293358,0.03588896617293358,0.03588896617293358,0.03588896617293358,0.03588896617293358,0.041508179157972336,0.03588896617293358,0.03588896617293358,0.03588896617293358,0.03588896617293358,0.03588896617293358,0.04383252188563347,0.038484442979097366,0.03588896617293358,0.03773112595081329,0.03588896617293358,0.03588896617293358,0.03588896617293358
2020-02-11,0.03591306135058403,0.036114152520895004,0.039485376328229904,0.03591306135058403,0.03591306135058403,0.03591306135058403,0.03591306135058403,0.03940169885754585,0.04143376275897026,0.03591306135058403,0.03591306135058403,0.03591306135058403,0.03591306135058403,0.03591306135058403,0.041569244116544724,0.03591306135058403,0.03591306135058403,0.03591306135058403,0.03591306135058403,0.03591306135058403,0.04379661753773689,0.03829304128885269,0.03591306135058403,0.0375579297542572,0.03591306135058403,0.03591306135058403,0.03591306135058403
2020-02-12,0.035837288945913315,0.036624420434236526,0.03997064754366875,0.035837288945913315,0.035837288945913315,0.035837288945913315,0.035837288945913315,0.03928675502538681,0.04120820388197899,0.035837288945913315,0.035837288945913315,0.035837288945913315,0.035837288945913315,0.035837288945913315,0.04141010344028473,0.035837288945913315,0.035837288945913315,0.03630933165550232,0.035837288945913315,0.035837288945913315,0.043784089386463165,0.03825390338897705,0.035837288945913315,0.03808135166764259,0.035837288945913315,0.035837288945913315,0.035837288945913315
2020-02-13,0.035891108214855194,0.03710581734776497,0.04044528305530548,0.035891108214855194,0.035891108214855194,0.035891108214855194,0.035891108214855194,0.03816618770360947,0.040899403393268585,0.035891108214855194,0.035891108214855194,0.035891108214855194,0.035891108214855194,0.035891108214855194,0.04201486334204674,0.035891108214855194,0.035891108214855194,0.03715236485004425,0.035891108214855194,0.035891108214855194,0.042677272111177444,0.03820721432566643,0.035891108214855194,0.037291672080755234,0.035891108214855194,0.035891108214855194,0.035891108214855194
2020-02-14,0.035866957157850266,0.035866957157850266,0.040219854563474655,0.035866957157850266,0.035866957157850266,0.035866957157850266,0.035866957157850266,0.03852689638733864,0.041451551020145416,0.035866957157850266,0.035866957157850266,0.035866957157850266,0.035866957157850266,0.035866957157850266,0.04269985482096672,0.035866957157850266,0.035866957157850266,0.037363674491643906,0.035866957157850266,0.035866957157850266,0.04192160815000534,0.038726843893527985,0.035866957157850266,0.03725719079375267,0.035866957157850266,0.035866957157850266,0.03622737154364586
2020-02-18,0.035762328654527664,0.03622867166996002,0.04007207602262497,0.035762328654527664,0.035762328654527664,0.035762328654527664,0.035762328654527664,0.038763225078582764,0.04207741841673851,0.035762328654527664,0.035762328654527664,0.035762328654527664,0.035762328654527664,0.035762328654527664,0.041996803134679794,0.035762328654527664,0.035762328654527664,0.037661414593458176,0.035762328654527664,0.035762328654527664,0.04268322139978409,0.03853259235620499,0.035762328654527664,0.0380721278488636,0.035762328654527664,0.035762328654527664,0.0359528474509716
2020-02-19,0.03572266548871994,0.036286305636167526,0.03973202407360077,0.03572266548871994,0.03572266548871994,0.03572266548871994,0.03572266548871994,0.03818514198064804,0.041774265468120575,0.03572266548871994,0.03572266548871994,0.03572266548871994,0.03572266548871994,0.03572266548871994,0.04257962107658386,0.03572266548871994,0.03572266548871994,0.038468003273010254,0.03572266548871994,0.03572266548871994,0.04273262992501259,0.03849903494119644,0.03572266548871994,0.037652019411325455,0.03572266548871994,0.03572266548871994,0.03680569306015968
2020-02-20,0.035756390541791916,0.03624679520726204,0.04000625014305115,0.035756390541791916,0.035756390541791916,0.035756390541791916,0.035756390541791916,0.038104940205812454,0.041907601058483124,0.035756390541791916,0.035756390541791916,0.035756390541791916,0.035756390541791916,0.035756390541791916,0.04235546290874481,0.035756390541791916,0.035756390541791916,0.03822476044297218,0.035756390541791916,0.035756390541791916,0.04296300932765007,0.03865571320056915,0.035756390541791916,0.03734779730439186,0.035756390541791916,0.035756390541791916,0.03632904216647148
2020-02-21,0.03588172793388367,0.03588661551475525,0.04009803757071495,0.03588172793388367,0.03588172793388367,0.03588172793388367,0.03588172793388367,0.03737974539399147,0.04228144884109497,0.03588172793388367,0.03588172793388367,0.03588172793388367,0.03588172793388367,0.03588172793388367,0.04262213781476021,0.03588172793388367,0.03588172793388367,0.038953520357608795,0.03588172793388367,0.03588172793388367,0.04101813584566116,0.03830470144748688,0.03588172793388367,0.0364246666431427,0.03588172793388367,0.03588172793388367,0.03704165667295456
2020-02-24,0.035818763077259064,0.035818763077259064,0.03977460041642189,0.035818763077259064,0.035818763077259064,0.035818763077259064,0.035818763077259064,0.03758823499083519,0.04219522699713707,0.035818763077259064,0.035818763077259064,0.035818763077259064,0.035818763077259064,0.035818763077259064,0.04325733333826065,0.035818763077259064,0.035818763077259064,0.03862755000591278,0.035818763077259064,0.035818763077259064,0.04177739471197128,0.038381729274988174,0.03582710400223732,0.036528412252664566,0.035818763077259064,0.035818763077259064,0.037123456597328186
2020-02-25,0.03556644916534424,0.03556644916534424,0.03877660632133484,0.035786133259534836,0.03556644916534424,0.03556644916534424,0.03556644916534424,0.03762257099151611,0.04210972785949707,0.03556644916534424,0.03556644916534424,0.03556644916534424,0.03556644916534424,0.03556644916534424,0.045525263994932175,0.03556644916534424,0.03556644916534424,0.03921239450573921,0.03556644916534424,0.03556644916534424,0.0408591590821743,0.03886871784925461,0.038297757506370544,0.03556644916534424,0.03556644916534424,0.03556644916534424,0.038311973214149475
2020-02-26,0.0352865569293499,0.0352865569293499,0.03805243596434593,0.036099210381507874,0.0352865569293499,0.03575745224952698,0.0352865569293499,0.037586282938718796,0.04130234196782112,0.03618887811899185,0.0352865569293499,0.0352865569293499,0.0352865569293499,0.0352865569293499,0.04703962802886963,0.0352865569293499,0.0352865569293499,0.039195843040943146,0.0352865569293499,0.0352865569293499,0.04050549119710922,0.03931847959756851,0.04078604653477669,0.0352865569293499,0.03551430627703667,0.0352865569293499,0.03864176943898201
2020-02-27,0.03515509143471718,0.03515509143471718,0.03751431405544281,0.0363529697060585,0.03515509143471718,0.036229491233825684,0.03515509143471718,0.03858788311481476,0.04170176014304161,0.037233494222164154,0.03515509143471718,0.03515509143471718,0.03515509143471718,0.03515509143471718,0.047065619379282,0.03515509143471718,0.03515509143471718,0.0386258028447628,0.03515509143471718,0.03515509143471718,0.04070485010743141,0.039389170706272125,0.04075067490339279,0.03515509143471718,0.035196565091609955,0.03515509143471718,0.0384761244058609
2020-02-28,0.034958627074956894,0.034958627074956894,0.03615891933441162,0.03720446676015854,0.034958627074956894,0.038096752017736435,0.034958627074956894,0.039815545082092285,0.042671918869018555,0.039105694741010666,0.034958627074956894,0.034958627074956894,0.034958627074956894,0.034958627074956894,0.04550217464566231,0.034958627074956894,0.034958627074956894,0.035240087658166885,0.034958627074956894,0.034958627074956894,0.04035303741693497,0.039016883820295334,0.042618509382009506,0.034958627074956894,0.03646880015730858,0.034958627074956894,0.038326382637023926
2020-03-02,0.03495119884610176,0.03495119884610176,0.03572840616106987,0.03676209598779678,0.03495119884610176,0.040502626448869705,0.03495119884610176,0.03988821804523468,0.043041933327913284,0.03949204459786415,0.03495119884610176,0.03495119884610176,0.03495119884610176,0.03495119884610176,0.04335689917206764,0.03495119884610176,0.03495119884610176,0.03495119884610176,0.03495119884610176,0.03495119884610176,0.040233366191387177,0.038598161190748215,0.043594200164079666,0.03495119884610176,0.036424946039915085,0.03495119884610176,0.038109127432107925
2020-03-03,0.03510704264044762,0.03510704264044762,0.03574620559811592,0.03791821748018265,0.03510704264044762,0.03542391210794449,0.03510704264044762,0.039969366043806076,0.04490550234913826,0.039145056158304214,0.03510704264044762,0.03510704264044762,0.03510704264044762,0.03510704264044762,0.04303846135735512,0.03510704264044762,0.03510704264044762,0.0361190028488636,0.03510704264044762,0.03510704264044762,0.041187938302755356,0.03824945166707039,0.04218760505318642,0.03510704264044762,0.0364493653178215,0.03510704264044762,0.03816140070557594
2020-03-04,0.0351199135184288,0.0351199135184288,0.0351199135184288,0.0388999842107296,0.0351199135184288,0.0351199135184288,0.0351199135184288,0.039711449295282364,0.0453769788146019,0.03957854211330414,0.0351199135184288,0.0351199135184288,0.0351199135184288,0.0351199135184288,0.04128444567322731,0.0351199135184288,0.0351199135184288,0.036562252789735794,0.0351199135184288,0.0351199135184288,0.03993295133113861,0.03749996796250343,0.04351695254445076,0.0351199135184288,0.03681652992963791,0.0351199135184288,0.03890131041407585
2020-03-05,0.0352981761097908,0.0352981761097908,0.03597136586904526,0.0379229374229908,0.0352981761097908,0.0352981761097908,0.0352981761097908,0.03904906287789345,0.04700678959488869,0.039300721138715744,0.0352981761097908,0.0352981761097908,0.0352981761097908,0.0352981761097908,0.03872862458229065,0.035677701234817505,0.0352981761097908,0.038317929953336716,0.0352981761097908,0.0352981761097908,0.04322006553411484,0.03687660023570061,0.03998435288667679,0.03595234081149101,0.03541150689125061,0.0352981761097908,0.03770366683602333
2020-03-06,0.03524952381849289,0.03524952381849289,0.03524952381849289,0.03831081837415695,0.03524952381849289,0.03524952381849289,0.03566716983914375,0.03914961591362953,0.047327082604169846,0.039683617651462555,0.03524952381849289,0.03524952381849289,0.03524952381849289,0.03524952381849289,0.038503073155879974,0.03558684512972832,0.03524952381849289,0.03756968677043915,0.03524952381849289,0.03524952381849289,0.04246459901332855,0.03701438754796982,0.04115120321512222,0.03534598648548126,0.036202915012836456,0.03524952381849289,0.03777923062443733
2020-03-09,0.0351959653198719,0.0351959653198719,0.0351959653198719,0.03834007680416107,0.0351959653198719,0.0351959653198719,0.03628120571374893,0.039904773235321045,0.04757542163133621,0.03955569490790367,0.0351959653198719,0.0351959653198719,0.0351959653198719,0.0351959653198719,0.038622960448265076,0.0351959653198719,0.0351959653198719,0.0356861837208271,0.0351959653198719,0.0351959653198719,0.043306685984134674,0.037540268152952194,0.041725043207407,0.0351959653198719,0.036233942955732346,0.0351959653198719,0.03728821873664856
2020-03-10,0.03514820709824562,0.03514820709824562,0.03514820709824562,0.03865198418498039,0.03514820709824562,0.036519814282655716,0.036835577338933945,0.038988348096609116,0.04602489247918129,0.04098498448729515,0.03514820709824562,0.03514820709824562,0.03514820709824562,0.03514820709824562,0.036664266139268875,0.03514820709824562,0.03514820709824562,0.03514820709824562,0.03514820709824562,0.03514820709824562,0.03902072459459305,0.03806192800402641,0.043931279331445694,0.03514820709824562,0.0383966788649559,0.03514820709824562,0.03869642689824104
2020-03-11,0.035293880850076675,0.035293880850076675,0.035293880850076675,0.03801652789115906,0.035293880850076675,0.035293880850076675,0.035293880850076675,0.03746804967522621,0.047634415328502655,0.04130569100379944,0.035293880850076675,0.035293880850076675,0.035293880850076675,0.035293880850076675,0.035293880850076675,0.03747158125042915,0.035293880850076675,0.03571061044931412,0.035293880850076675,0.035293880850076675,0.039517056196928024,0.03769507259130478,0.0405568853020668,0.036828167736530304,0.03930498659610748,0.035293880850076675,0.039082806557416916
2020-03-12,0.03531515598297119,0.03531515598297119,0.03531515598297119,0.038285598158836365,0.03531515598297119,0.03531515598297119,0.03531515598297119,0.03669960796833038,0.04648280888795853,0.04160342738032341,0.03531515598297119,0.03531515598297119,0.03531515598297119,0.03531515598297119,0.03531515598297119,0.03783407434821129,0.03531515598297119,0.03531515598297119,0.035986825823783875,0.03531515598297119,0.038264866918325424,0.038533490151166916,0.0406130850315094,0.036300498992204666,0.040400128811597824,0.03531515598297119,0.03926830738782883
2020-03-13,0.035341374576091766,0.035341374576091766,0.035341374576091766,0.037861354649066925,0.035341374576091766,0.035341374576091766,0.035341374576091766,0.03562932461500168,0.044187918305397034,0.04217103496193886,0.035341374576091766,0.035341374576091766,0.035341374576091766,0.035341374576091766,0.035341374576091766,0.03827322646975517,0.035341374576091766,0.035341374576091766,0.03869340568780899,0.03610944747924805,0.035954639315605164,0.0395621694624424,0.0400710254907608,0.03574412316083908,0.04187733307480812,0.035341374576091766,0.039085742086172104
2020-03-16,0.03554608300328255,0.03554608300328255,0.03554608300328255,0.03684408590197563,0.03554608300328255,0.03554608300328255,0.03554608300328255,0.03554608300328255,0.04231199249625206,0.039530832320451736,0.0361071452498436,0.03554608300328255,0.03554608300328255,0.03573925048112869,0.03554608300328255,0.03914438560605049,0.03554608300328255,0.03554608300328255,0.03965817764401436,0.03839779272675514,0.03554608300328255,0.04056566208600998,0.03659546375274658,0.03615102916955948,0.041954319924116135,0.03665567934513092,0.03824511542916298
2020-03-17,0.03543904423713684,0.03543904423713684,0.03543904423713684,0.03608892485499382,0.03543904423713684,0.03779873251914978,0.03543904423713684,0.03543904423713684,0.038981784135103226,0.038853347301483154,0.03831582888960838,0.03543904423713684,0.03543904423713684,0.03664117306470871,0.03543904423713684,0.03763492777943611,0.03543904423713684,0.03543904423713684,0.04032954201102257,0.03976980224251747,0.03543904423713684,0.04227561131119728,0.03746849671006203,0.035499267280101776,0.04208977892994881,0.03578393533825874,0.03720032051205635
2020-03-18,0.035497672855854034,0.035497672855854034,0.035497672855854034,0.036462582647800446,0.035497672855854034,0.03770306333899498,0.035497672855854034,0.035497672855854034,0.03844834119081497,0.03775947168469429,0.039530642330646515,0.03559151291847229,0.035497672855854034,0.03746188059449196,0.035497672855854034,0.03801318258047104,0.035497672855854034,0.035497672855854034,0.0408698208630085,0.04047410190105438,0.035497672855854034,0.04147546365857124,0.03623029962182045,0.03570696711540222,0.04160255938768387,0.03603513166308403,0.036160603165626526
2020-03-19,0.03545217588543892,0.03545217588543892,0.03545217588543892,0.036635253578424454,0.03545217588543892,0.03826108202338219,0.03545217588543892,0.03545217588543892,0.03766629472374916,0.03742996230721474,0.040361158549785614,0.03555924817919731,0.03545217588543892,0.03809201717376709,0.03545217588543892,0.03758900985121727,0.03545217588543892,0.03545217588543892,0.04157327115535736,0.04061325639486313,0.03545217588543892,0.041260719299316406,0.036295369267463684,0.03607994318008423,0.04131663590669632,0.035494398325681686,0.03579845651984215
2020-03-20,0.03544457629323006,0.03544457629323006,0.03544457629323006,0.03646502271294594,0.03544457629323006,0.03830338269472122,0.03544457629323006,0.03544457629323006,0.03769121691584587,0.03747260570526123,0.04029301181435585,0.03556055948138237,0.03544457629323006,0.038060858845710754,0.03544457629323006,0.03739866241812706,0.03544457629323006,0.03544457629323006,0.041615355759859085,0.04052622988820076,0.03544457629323006,0.04136919975280762,0.03650953620672226,0.036007583141326904,0.04140682518482208,0.03553493320941925,0.03589460626244545
2020-03-23,0.035442035645246506,0.035442035645246506,0.035442035645246506,0.035995930433273315,0.035442035645246506,0.03822089731693268,0.035442035645246506,0.035442035645246506,0.03771410137414932,0.037948738783597946,0.03958190232515335,0.035442035645246506,0.035442035645246506,0.038354501128196716,0.035442035645246506,0.03764507919549942,0.035442035645246506,0.035442035645246506,0.041366975754499435,0.04034983739256859,0.035442035645246506,0.04135095328092575,0.036552269011735916,0.03612867370247841,0.04179205745458603,0.035442035645246506,0.036251623183488846
2020-03-24,0.0354173481464386,0.0354173481464386,0.0354173481464386,0.03577221930027008,0.0354173481464386,0.03817812353372574,0.0354173481464386,0.0354173481464386,0.038002047687768936,0.03844479098916054,0.039195723831653595,0.0354173481464386,0.0354173481464386,0.03795670345425606,0.0354173481464386,0.03787894919514656,0.0354173481464386,0.0354173481464386,0.041061658412218094,0.03999779745936394,0.0354173481464386,0.041559234261512756,0.03683015704154968,0.03617469593882561,0.04199456796050072,0.0354173481464386,0.036527857184410095
2020-03-25,0.03595530614256859,0.035203542560338974,0.035203542560338974,0.035203542560338974,0.035203542560338974,0.03675977885723114,0.035203542560338974,0.035203542560338974,0.035203542560338974,0.03659225255250931,0.03821485862135887,0.03861604258418083,0.036269284784793854,0.03945498540997505,0.035203542560338974,0.0397656112909317,0.035203542560338974,0.035203542560338974,0.04203367233276367,0.04092499986290932,0.035203542560338974,0.04058043658733368,0.03616537153720856,0.03674573078751564,0.041509438306093216,0.03730199113488197,0.03587132319808006
2020-03-26,0.03549262508749962,0.035143036395311356,0.035143036395311356,0.035143036395311356,0.035143036395311356,0.0366080142557621,0.035143036395311356,0.035143036395311356,0.035143036395311356,0.03660523146390915,0.036799877882003784,0.03879726305603981,0.03659265488386154,0.03912481293082237,0.035143036395311356,0.040372442454099655,0.035143036395311356,0.035143036395311356,0.04186630621552467,0.04108446091413498,0.035143036395311356,0.04130671173334122,0.03602374717593193,0.037146735936403275,0.0414162203669548,0.03835459053516388,0.0358348973095417
2020-03-27,0.035701386630535126,0.035103172063827515,0.035103172063827515,0.035103172063827515,0.035103172063827515,0.0361071340739727,0.035103172063827515,0.035103172063827515,0.035103172063827515,0.03667744994163513,0.03567549213767052,0.039124198257923126,0.03723587095737457,0.03939465433359146,0.035103172063827515,0.041347477585077286,0.035103172063827515,0.035103172063827515,0.04207563027739525,0.040916942059993744,0.035103172063827515,0.04064669460058212,0.035103172063827515,0.03759999945759773,0.04160740599036217,0.0394156277179718,0.035236041992902756
2020-03-30,0.03539842739701271,0.035073768347501755,0.035073768347501755,0.035073768347501755,0.035073768347501755,0.03589994087815285,0.035073768347501755,0.035073768347501755,0.035073768347501755,0.036769524216651917,0.03507691249251366,0.039279453456401825,0.03734361380338669,0.039277590811252594,0.035073768347501755,0.041772354394197464,0.035073768347501755,0.035073768347501755,0.04170771315693855,0.041006121784448624,0.035073768347501755,0.040903426706790924,0.035198409110307693,0.03771574795246124,0.04157472029328346,0.03993279114365578,0.03533187881112099
2020-03-31,0.035468269139528275,0.03504134342074394,0.03504134342074394,0.03504134342074394,0.03504134342074394,0.0356079563498497,0.03504134342074394,0.03504134342074394,0.03504134342074394,0.037053726613521576,0.03504134342074394,0.03931577503681183,0.03758174180984497,0.03918818384408951,0.03504134342074394,0.04193016141653061,0.03504134342074394,0.03504134342074394,0.04219675809144974,0.04099734500050545,0.03504134342074394,0.04009125754237175,0.03504134342074394,0.03809492662549019,0.04164969176054001,0.040245380252599716,0.03504134342074394
2020-04-01,0.03530973941087723,0.035015616565942764,0.035015616565942764,0.035015616565942764,0.035015616565942764,0.03552200272679329,0.035015616565942764,0.035015616565942764,0.035015616565942764,0.037194013595581055,0.035015616565942764,0.03925100341439247,0.03762888163328171,0.039061058312654495,0.035015616565942764,0.04209030792117119,0.035015616565942764,0.035015616565942764,0.042356230318546295,0.041037384420633316,0.035015616565942764,0.04004115238785744,0.035015616565942764,0.03835267201066017,0.04164828360080719,0.04028864949941635,0.035015616565942764
2020-04-02,0.03519847244024277,0.035020362585783005,0.035020362585783005,0.035020362585783005,0.035020362585783005,0.0355539470911026,0.035020362585783005,0.035020362585783005,0.035020362585783005,0.03722935914993286,0.035020362585783005,0.0392179973423481,0.03756963461637497,0.03893499821424484,0.035020362585783005,0.042102959007024765,0.035020362585783005,0.035020362585783005,0.04225625470280647,0.04108619689941406,0.035020362585783005,0.04026400297880173,0.035020362585783005,0.03836061432957649,0.0416574589908123,0.04028301313519478,0.035020362585783005
2020-04-03,0.03562358021736145,0.03493810072541237,0.03493810072541237,0.03493810072541237,0.03493810072541237,0.03493810072541237,0.03493810072541237,0.03493810072541237,0.03493810072541237,0.037668049335479736,0.03493810072541237,0.0392940454185009,0.03776492550969124,0.03871938958764076,0.03493810072541237,0.042114585638046265,0.03493810072541237,0.03493810072541237,0.04349478334188461,0.04098301753401756,0.03493810072541237,0.039200782775878906,0.03493810072541237,0.038925766944885254,0.04181681200861931,0.04032280296087265,0.03493810072541237
2020-04-06,0.035789646208286285,0.03490445017814636,0.03490445017814636,0.03490445017814636,0.03490445017814636,0.03490445017814636,0.03490445017814636,0.03490445017814636,0.03490445017814636,0.037767715752124786,0.03490445017814636,0.039228007197380066,0.03779086098074913,0.03863992169499397,0.03490445017814636,0.042267024517059326,0.03490445017814636,0.03490445017814636,0.04408896341919899,0.04087637737393379,0.03490445017814636,0.03884947672486305,0.03490445017814636,0.039155855774879456,0.04183584824204445,0.04014352336525917,0.03490445017814636
2020-04-07,0.03554258868098259,0.03480183333158493,0.03480183333158493,0.03480183333158493,0.03480183333158493,0.03480183333158493,0.03480183333158493,0.03480183333158493,0.03480183333158493,0.03801488131284714,0.03480183333158493,0.03904808312654495,0.03796057030558586,0.03843627870082855,0.03480183333158493,0.04341922327876091,0.03480183333158493,0.03480183333158493,0.04545227438211441,0.040967993438243866,0.03480183333158493,0.037868838757276535,0.03480183333158493,0.04009773209691048,0.041288506239652634,0.039875615388154984,0.03480183333158493
2020-04-08,0.03548631817102432,0.03475610539317131,0.03475610539317131,0.03475610539317131,0.03475610539317131,0.03475610539317131,0.03475610539317131,0.03475610539317131,0.03475610539317131,0.03811444342136383,0.03475610539317131,0.038784924894571304,0.03809216991066933,0.038405891507864,0.03475610539317131,0.043813660740852356,0.03475610539317131,0.03475610539317131,0.04613770171999931,0.04089564085006714,0.03475610539317131,0.03763146325945854,0.03475610539317131,0.0406295470893383,0.04117670655250549,0.03948993235826492,0.03475610539317131
2020-04-09,0.035325586795806885,0.034742970019578934,0.034742970019578934,0.034742970019578934,0.034742970019578934,0.034742970019578934,0.034742970019578934,0.034742970019578934,0.034742970019578934,0.03811066970229149,0.034742970019578934,0.03884404897689819,0.03805799037218094,0.0383373387157917,0.034742970019578934,0.043926265090703964,0.034742970019578934,0.034742970019578934,0.04635072126984596,0.041015833616256714,0.034742970019578934,0.03754262253642082,0.034742970019578934,0.04077696427702904,0.041053805500268936,0.039513684809207916,0.034742970019578934
2020-04-13,0.03520314022898674,0.03472021967172623,0.03472021967172623,0.03472021967172623,0.03472021967172623,0.03472021967172623,0.03472021967172623,0.03472021967172623,0.03472021967172623,0.038152631372213364,0.03472021967172623,0.03897518664598465,0.03800332918763161,0.03816825523972511,0.03472021967172623,0.043916478753089905,0.03472021967172623,0.03472021967172623,0.04643390700221062,0.04114871099591255,0.03472021967172623,0.037625961005687714,0.03472021967172623,0.040816761553287506,0.04106069356203079,0.03969164937734604,0.03472021967172623
2020-04-14,0.03524847701191902,0.03470853716135025,0.03470853716135025,0.034713175147771835,0.03470853716135025,0.03470853716135025,0.03470853716135025,0.03470853716135025,0.03470853716135025,0.0381041057407856,0.03470853716135025,0.03921574726700783,0.03788046911358833,0.0379534550011158,0.03470853716135025,0.0436759851872921,0.03470853716135025,0.03470853716135025,0.04653715342283249,0.04123098775744438,0.03470853716135025,0.03780265897512436,0.03470853716135025,0.04079733416438103,0.041119642555713654,0.03980129212141037,0.03470853716135025
2020-04-15,0.034988947212696075,0.03514067828655243,0.03476973995566368,0.03485387563705444,0.03476973995566368,0.03476973995566368,0.03476973995566368,0.03476973995566368,0.03476973995566368,0.03750511631369591,0.03476973995566368,0.0395493321120739,0.03754202648997307,0.038667380809783936,0.03476973995566368,0.043120384216308594,0.03476973995566368,0.03476973995566368,0.04566975682973862,0.041319333016872406,0.03476973995566368,0.038772545754909515,0.03476973995566368,0.04058767482638359,0.04084348306059837,0.03943284600973129,0.03476973995566368
2020-04-16,0.03480991721153259,0.03529379144310951,0.034740060567855835,0.03491507098078728,0.034740060567855835,0.034740060567855835,0.034740060567855835,0.034740060567855835,0.034740060567855835,0.03745684772729874,0.034740060567855835,0.039841413497924805,0.03736775368452072,0.03842862695455551,0.034740060567855835,0.04286922514438629,0.034740060567855835,0.034740060567855835,0.04528922587633133,0.04152529686689377,0.034740060567855835,0.03933709114789963,0.034740060567855835,0.04052739962935448,0.04093505069613457,0.03978251665830612,0.034740060567855835
2020-04-17,0.03476891294121742,0.03592871502041817,0.03476891294121742,0.03488884121179581,0.03476891294121742,0.035238418728113174,0.03476891294121742,0.03476891294121742,0.03476891294121742,0.03708193078637123,0.03476891294121742,0.03989385440945625,0.03721708431839943,0.03889269754290581,0.03476891294121742,0.042694348841905594,0.03476891294121742,0.03476891294121742,0.04487403482198715,0.04134626314043999,0.03476891294121742,0.039506230503320694,0.03476891294121742,0.040402308106422424,0.040602847933769226,0.03943658992648125,0.03476891294121742
2020-04-20,0.03490905836224556,0.0361567884683609,0.03476584702730179,0.03494687005877495,0.03476584702730179,0.03525441884994507,0.03476584702730179,0.03476584702730179,0.03476584702730179,0.036857426166534424,0.03476584702730179,0.03989626094698906,0.03731900081038475,0.03899332508444786,0.03476584702730179,0.04268377646803856,0.03476584702730179,0.03476584702730179,0.04491215571761131,0.04135281592607498,0.03476584702730179,0.03937121480703354,0.03476584702730179,0.040252167731523514,0.040581975132226944,0.03932265564799309,0.03476584702730179
2020-04-21,0.03516001254320145,0.03628237918019295,0.03476683050394058,0.03504711762070656,0.03476683050394058,0.03511588275432587,0.03476683050394058,0.03476683050394058,0.03476683050394058,0.036751240491867065,0.03476683050394058,0.04004545137286186,0.03734581544995308,0.038741447031497955,0.03476683050394058,0.042440637946128845,0.03476683050394058,0.03476683050394058,0.045081283897161484,0.04135206714272499,0.03476683050394058,0.039194025099277496,0.03476683050394058,0.04017958417534828,0.0406404584646225,0.039420586079359055,0.03476683050394058
2020-04-22,0.035596393048763275,0.03611645847558975,0.03477533161640167,0.03517402336001396,0.03477533161640167,0.03482374921441078,0.03477533161640167,0.03477533161640167,0.03477533161640167,0.03671327233314514,0.03477533161640167,0.04050653427839279,0.037395820021629333,0.037968918681144714,0.03477533161640167,0.04191841185092926,0.03477533161640167,0.03477533161640167,0.045556750148534775,0.04132348671555519,0.03477533161640167,0.038907818496227264,0.03477533161640167,0.04015520215034485,0.04077887535095215,0.03976023942232132,0.03477533161640167
2020-04-23,0.035916294902563095,0.03636505827307701,0.034780845046043396,0.03513460233807564,0.034780845046043396,0.034994132816791534,0.034780845046043396,0.034780845046043396,0.034780845046043396,0.03649681806564331,0.034780845046043396,0.040488410741090775,0.03747641295194626,0.038164228200912476,0.034780845046043396,0.04183437302708626,0.034780845046043396,0.034780845046043396,0.04575279355049133,0.041127171367406845,0.034780845046043396,0.03865908458828926,0.034780845046043396,0.04009045660495758,0.04073081165552139,0.039399176836013794,0.034780845046043396
2020-04-24,0.0361860953271389,0.036363385617733,0.03478720039129257,0.0352083221077919,0.03478720039129257,0.03485298901796341,0.03478720039129257,0.03478720039129257,0.03478720039129257,0.03636930510401726,0.03478720039129257,0.04059892147779465,0.03756431117653847,0.037953734397888184,0.03478720039129257,0.041639044880867004,0.03478720039129257,0.03478720039129257,0.04587792605161667,0.04115266352891922,0.03478720039129257,0.0385061576962471,0.03478720039129257,0.039974477142095566,0.04080072417855263,0.03950551524758339,0.03478720039129257
2020-04-27,0.036474257707595825,0.036383651196956635,0.03480798378586769,0.035183656960725784,0.03480798378586769,0.03499091789126396,0.03480798378586769,0.03480798378586769,0.03480798378586769,0.03612934425473213,0.03480798378586769,0.040763746947050095,0.037615690380334854,0.03786742687225342,0.03480798378586769,0.041388336569070816,0.03480798378586769,0.03480798378586769,0.04589741677045822,0.04107221961021423,0.03480798378586769,0.03841087967157364,0.03480798378586769,0.039846740663051605,0.040781717747449875,0.039498183876276016,0.03480798378586769
2020-04-28,0.036348942667245865,0.03628069907426834,0.03480358049273491,0.035243093967437744,0.03480358049273491,0.03488583490252495,0.03480358049273491,0.03480358049273491,0.03480358049273491,0.03611214831471443,0.03480358049273491,0.04072108492255211,0.03766443207859993,0.03781585767865181,0.03480358049273491,0.04145719110965729,0.03480358049273491,0.03480358049273491,0.0457044392824173,0.04125165566802025,0.03480358049273491,0.038562048226594925,0.03480358049273491,0.03976329043507576,0.04081404581665993,0.03973229601979256,0.03480358049273491
2020-04-29,0.036850571632385254,0.03597869724035263,0.03478735312819481,0.03530693054199219,0.03478735312819481,0.03478735312819481,0.03478735312819481,0.03478735312819481,0.03478735312819481,0.03597798943519592,0.03478735312819481,0.04101087152957916,0.0377882681787014,0.03732762113213539,0.03478735312819481,0.04130430147051811,0.03478735312819481,0.03478735312819481,0.045982055366039276,0.04129883646965027,0.03478735312819481,0.038442615419626236,0.03478735312819481,0.03956431895494461,0.04102170094847679,0.039909716695547104,0.03478735312819481
2020-04-30,0.03737853094935417,0.03599279746413231,0.03478226810693741,0.035348568111658096,0.03478226810693741,0.03478226810693741,0.03478226810693741,0.03478226810693741,0.03478226810693741,0.03579825162887573,0.03478226810693741,0.04128214344382286,0.037865154445171356,0.037037890404462814,0.03478226810693741,0.04105200991034508,0.03478226810693741,0.03478226810693741,0.046257391571998596,0.041217003017663956,0.03478226810693741,0.03819133713841438,0.03478226810693741,0.03940673917531967,0.04112081229686737,0.039881810545921326,0.03478226810693741
2020-05-01,0.037307001650333405,0.03588377684354782,0.034777723252773285,0.035377513617277145,0.034777723252773285,0.034777723252773285,0.034777723252773285,0.034777723252773285,0.034777723252773285,0.035882968455553055,0.034777723252773285,0.041388869285583496,0.03780433535575867,0.036846742033958435,0.034777723252773285,0.041001271456480026,0.034777723252773285,0.034777723252773285,0.04619966819882393,0.04126075282692909,0.034777723252773285,0.038280755281448364,0.034777723252773285,0.039448533207178116,0.04113360866904259,0.040073834359645844,0.034777723252773285
2020-05-04,0.03721310943365097,0.0357561893761158,0.03478702902793884,0.03534284979104996,0.03478702902793884,0.03478702902793884,0.03478702902793884,0.03478702902793884,0.03478702902793884,0.036000803112983704,0.03478702902793884,0.0415782555937767,0.03772243857383728,0.03660817816853523,0.03478702902793884,0.04084876552224159,0.03478702902793884,0.03478702902793884,0.046098534017801285,0.04122668132185936,0.03478702902793884,0.038352787494659424,0.03478702902793884,0.0395786352455616,0.04108881950378418,0.04035257548093796,0.03478702902793884
2020-05-05,0.03695162013173103,0.03581353276968002,0.034800585359334946,0.035301100462675095,0.034800585359334946,0.034800585359334946,0.034800585359334946,0.034800585359334946,0.034800585359334946,0.03601756691932678,0.034800585359334946,0.04146220162510872,0.03769394010305405,0.03682998567819595,0.034800585359334946,0.04094167798757553,0.034800585359334946,0.034800585359334946,0.04594610631465912,0.04122424125671387,0.034800585359334946,0.03848588094115257,0.034800585359334946,0.03963416442275047,0.04098917543888092,0.04030124098062515,0.034800585359334946
2020-05-06,0.03681139647960663,0.035852544009685516,0.034782662987709045,0.03531406819820404,0.034782662987709045,0.034782662987709045,0.034782662987709045,0.034782662987709045,0.034782662987709045,0.036051440984010696,0.034782662987709045,0.0412362702190876,0.03768068179488182,0.03708980977535248,0.034782662987709045,0.041252437978982925,0.034782662987709045,0.034782662987709045,0.045859791338443756,0.041327256709337234,0.034782662987709045,0.038600604981184006,0.034782662987709045,0.03958678990602493,0.04102924466133118,0.040133073925971985,0.034782662987709045
2020-05-07,0.036345139145851135,0.03563676029443741,0.034798599779605865,0.035210590809583664,0.034798599779605865,0.034841205924749374,0.034798599779605865,0.034798599779605865,0.034798599779605865,0.036119792610406876,0.034798599779605865,0.04101534187793732,0.037654776126146317,0.03743285313248634,0.034798599779605865,0.04162003472447395,0.034798599779605865,0.034798599779605865,0.04558376967906952,0.04138067737221718,0.034798599779605865,0.038933586329221725,0.034798599779605865,0.03967871144413948,0.04090014100074768,0.04006339609622955,0.034798599779605865
2020-05-08,0.03612755239009857,0.03547551482915878,0.034794848412275314,0.03520326316356659,0.034794848412275314,0.03490004688501358,0.034794848412275314,0.034794848412275314,0.034794848412275314,0.03615288808941841,0.034794848412275314,0.040819376707077026,0.03772496432065964,0.03759865090250969,0.034794848412275314,0.04186275601387024,0.034794848412275314,0.034794848412275314,0.04548085108399391,0.041466593742370605,0.034794848412275314,0.039076197892427444,0.034794848412275314,0.039649590849876404,0.04088646546006203,0.0400371178984642,0.034794848412275314
2020-05-11,0.03663356229662895,0.03563346341252327,0.03478416055440903,0.03532811254262924,0.03478416055440903,0.03478416055440903,0.03478416055440903,0.03478416055440903,0.03478416055440903,0.03599241003394127,0.03478416055440903,0.04097651690244675,0.03785422444343567,0.03729617968201637,0.03478416055440903,0.04153401032090187,0.03478416055440903,0.03478416055440903,0.045684345066547394,0.04147464781999588,0.03478416055440903,0.03875249996781349,0.03478416055440903,0.039435673505067825,0.04104955494403839,0.04016074165701866,0.03478416055440903
2020-05-12,0.036477286368608475,0.03568912670016289,0.034797828644514084,0.035291027277708054,0.034797828644514084,0.034797828644514084,0.034797828644514084,0.034797828644514084,0.034797828644514084,0.03599122539162636,0.034797828644514084,0.04089313745498657,0.037832364439964294,0.037473488599061966,0.034797828644514084,0.04155808687210083,0.034797828644514084,0.034797828644514084,0.04557390138506889,0.041470784693956375,0.034797828644514084,0.038815949112176895,0.034797828644514084,0.039485491812229156,0.040969353169202805,0.04010699689388275,0.034797828644514084
2020-05-13,0.036385394632816315,0.03548014909029007,0.03480556607246399,0.03525644913315773,0.03480556607246399,0.03483368456363678,0.03480556607246399,0.03480556607246399,0.03480556607246399,0.03598712757229805,0.03480556607246399,0.040945231914520264,0.037812940776348114,0.03744480013847351,0.03480556607246399,0.04164694994688034,0.03480556607246399,0.03480556607246399,0.04544379189610481,0.041500478982925415,0.03480556607246399,0.03899408131837845,0.03480556607246399,0.03945634886622429,0.04096266254782677,0.04018314182758331,0.03480556607246399
2020-05-14,0.035945434123277664,0.03565598651766777,0.0348660834133625,0.03511018306016922,0.0348660834133625,0.03527498617768288,0.0348660834133625,0.0348660834133625,0.0348660834133625,0.036053366959095,0.0348660834133625,0.04123673960566521,0.03760175034403801,0.03735192120075226,0.0348660834133625,0.0411069355905056,0.0348660834133625,0.0348660834133625,0.0451192632317543,0.04123051092028618,0.0348660834133625,0.0390922836959362,0.0348660834133625,0.0397251658141613,0.040606990456581116,0.040495455265045166,0.0348660834133625
2020-05-15,0.03630155697464943,0.03570688143372536,0.0348832942545414,0.035019055008888245,0.0348832942545414,0.03564280644059181,0.0348832942545414,0.0348832942545414,0.0348832942545414,0.03579716756939888,0.0348832942545414,0.0412973016500473,0.03761627897620201,0.03749644011259079,0.0348832942545414,0.040985558182001114,0.0348832942545414,0.0348832942545414,0.045272886753082275,0.04102056846022606,0.0348832942545414,0.03892315924167633,0.0348832942545414,0.039641063660383224,0.0405597947537899,0.040120046585798264,0.0348832942545414
2020-05-18,0.03614727407693863,0.035524699836969376,0.03487316519021988,0.03508060798048973,0.03487316519021988,0.03564325347542763,0.03487316519021988,0.03487316519021988,0.03487316519021988,0.0357474647462368,0.03487316519021988,0.04106459394097328,0.037663914263248444,0.03770675137639046,0.03487316519021988,0.04135735705494881,0.03487316519021988,0.03487316519021988,0.044998154044151306,0.04126645624637604,0.03487316519021988,0.03914808854460716,0.03487316519021988,0.039422642439603806,0.04065253213047981,0.04009825736284256,0.03487316519021988
2020-05-19,0.037003546953201294,0.03535475954413414,0.03482889384031296,0.03515919670462608,0.03482889384031296,0.03504938259720802,0.03482889384031296,0.03482889384031296,0.03482889384031296,0.03558832034468651,0.03482889384031296,0.04103691503405571,0.03806439787149429,0.03753188997507095,0.03482889384031296,0.04155261814594269,0.03482889384031296,0.03482889384031296,0.04580826312303543,0.0412997305393219,0.03482889384031296,0.03862385451793671,0.03482889384031296,0.03926590457558632,0.04094903543591499,0.039765529334545135,0.03482889384031296
2020-05-20,0.03687500208616257,0.03514481708407402,0.03481752425432205,0.035114362835884094,0.03481752425432205,0.035027045756578445,0.03481752425432205,0.03481752425432205,0.03481752425432205,0.03571048378944397,0.03481752425432205,0.041026771068573,0.038014546036720276,0.03748897463083267,0.03481752425432205,0.04175224527716637,0.03481752425432205,0.03481752425432205,0.04584469273686409,0.0413082055747509,0.03481752425432205,0.03877696022391319,0.03481752425432205,0.039370886981487274,0.04095951095223427,0.03977522999048233,0.03481752425432205
2020-05-21,0.03692730516195297,0.03519540652632713,0.034813810139894485,0.035166796296834946,0.034813810139894485,0.034911006689071655,0.034813810139894485,0.034813810139894485,0.034813810139894485,0.035711225122213364,0.034813810139894485,0.041008930653333664,0.03805314004421234,0.037437956780195236,0.034813810139894485,0.04171619936823845,0.034813810139894485,0.034813810139894485,0.045900698751211166,0.04134576395153999,0.034813810139894485,0.038698915392160416,0.034813810139894485,0.039346132427453995,0.04099585488438606,0.039818983525037766,0.034813810139894485
2020-05-22,0.0365387424826622,0.034923311322927475,0.034804753959178925,0.03523087501525879,0.034804753959178925,0.034804753959178925,0.034804753959178925,0.034804753959178925,0.034804753959178925,0.03594786673784256,0.034804753959178925,0.04087462276220322,0.03804563730955124,0.037297412753105164,0.034804753959178925,0.041873931884765625,0.034804753959178925,0.034804753959178925,0.045702189207077026,0.04153783991932869,0.034804753959178925,0.038941629230976105,0.034804753959178925,0.03940000385046005,0.04103704169392586,0.04018717631697655,0.034804753959178925
2020-05-26,0.03639667108654976,0.03480452299118042,0.03480452299118042,0.035269346088171005,0.03480452299118042,0.03480452299118042,0.03480452299118042,0.03480452299118042,0.03480452299118042,0.03603072836995125,0.03480452299118042,0.04085700213909149,0.03806757554411888,0.03717201575636864,0.03480452299118042,0.04184270650148392,0.03480452299118042,0.03480452299118042,0.045575667172670364,0.0416136160492897,0.03480452299118042,0.0390302948653698,0.03480452299118042,0.0393839031457901,0.04105796664953232,0.04043916240334511,0.03480452299118042
2020-05-27,0.03699083253741264,0.03482552617788315,0.03476465493440628,0.03547229245305061,0.03476465493440628,0.03476465493440628,0.03476465493440628,0.03476465493440628,0.03476465493440628,0.03607442229986191,0.03476465493440628,0.04116858169436455,0.03807666152715683,0.0364806205034256,0.03476465493440628,0.04151561111211777,0.03476465493440628,0.03476465493440628,0.0458015501499176,0.041669756174087524,0.03476465493440628,0.03867973014712334,0.03476465493440628,0.039151113480329514,0.041345544159412384,0.04080722853541374,0.03476465493440628
2020-05-28,0.03747260197997093,0.03487420827150345,0.03471564128994942,0.03569097816944122,0.03471564128994942,0.03471564128994942,0.03471564128994942,0.03471564128994942,0.03471564128994942,0.0362345352768898,0.03471564128994942,0.04172288998961449,0.037987928837537766,0.03552300110459328,0.03471564128994942,0.04115135222673416,0.03471564128994942,0.03471564128994942,0.04559606313705444,0.04172268882393837,0.03471564128994942,0.038627102971076965,0.03471564128994942,0.03886229172348976,0.04164992272853851,0.041581153869628906,0.03471564128994942
2020-05-29,0.037567269057035446,0.03473221883177757,0.03470407426357269,0.035667747259140015,0.03470407426357269,0.03470407426357269,0.03470407426357269,0.03470407426357269,0.03470407426357269,0.036299001425504684,0.03470407426357269,0.041885100305080414,0.03796052932739258,0.03532302379608154,0.03470407426357269,0.0412018857896328,0.03470407426357269,0.03470407426357269,0.04551679641008377,0.04170650616288185,0.03470407426357269,0.03864534571766853,0.03470407426357269,0.03888224810361862,0.04170007258653641,0.041759274899959564,0.03470407426357269
2020-06-01,0.0373770110309124,0.0347566194832325,0.034718453884124756,0.03553394600749016,0.034718453884124756,0.034718453884124756,0.034718453884124756,0.034718453884124756,0.034718453884124756,0.036196693778038025,0.034718453884124756,0.041859377175569534,0.03794380649924278,0.035608530044555664,0.034718453884124756,0.04127911105751991,0.034718453884124756,0.034718453884124756,0.045486725866794586,0.041648298501968384,0.034718453884124756,0.03879315406084061,0.034718453884124756,0.03905421122908592,0.04154335707426071,0.0415792353451252,0.034718453884124756
2020-06-02,0.03749673441052437,0.03471337631344795,0.03471337631344795,0.03554298356175423,0.03471337631344795,0.03471337631344795,0.03471337631344795,0.03471337631344795,0.03471337631344795,0.036209262907505035,0.03471337631344795,0.041981782764196396,0.03794369474053383,0.0354200154542923,0.03471337631344795,0.04125766083598137,0.03471337631344795,0.03471337631344795,0.04542750120162964,0.04162873700261116,0.03471337631344795,0.03877371922135353,0.03471337631344795,0.03902044892311096,0.041591573506593704,0.04171860218048096,0.03471337631344795
2020-06-03,0.037650857120752335,0.03471899777650833,0.03471899777650833,0.03551021218299866,0.03471899777650833,0.03471899777650833,0.03471899777650833,0.03471899777650833,0.03471899777650833,0.03613172471523285,0.03471899777650833,0.04210629314184189,0.037942834198474884,0.0353790707886219,0.03471899777650833,0.04114728793501854,0.03471899777650833,0.03471899777650833,0.04549093544483185,0.04156224802136421,0.03471899777650833,0.03870826214551926,0.03471899777650833,0.03905428200960159,0.04157927632331848,0.041670773178339005,0.03471899777650833
2020-06-04,0.03775707632303238,0.03472224250435829,0.03472224250435829,0.035505592823028564,0.03472224250435829,0.03472224250435829,0.03472224250435829,0.03472224250435829,0.03472224250435829,0.03605550527572632,0.03472224250435829,0.04214797168970108,0.03796950355172157,0.0353572703897953,0.03472224250435829,0.04113585874438286,0.03472224250435829,0.03472224250435829,0.045508142560720444,0.04153990000486374,0.03472224250435829,0.03870076686143875,0.03472224250435829,0.03902736306190491,0.041569385677576065,0.04161425307393074,0.03472224250435829
2020-06-05,0.03783153370022774,0.03471760451793671,0.03471760451793671,0.03553463891148567,0.03471760451793671,0.03471760451793671,0.03471760451793671,0.03471760451793671,0.03471760451793671,0.03613836318254471,0.03471760451793671,0.04229075089097023,0.037933435291051865,0.03513701632618904,0.03471760451793671,0.04099954664707184,0.03471760451793671,0.03471760451793671,0.04543228819966316,0.04152156785130501,0.03471760451793671,0.03863898292183876,0.03471760451793671,0.0389961414039135,0.0416407473385334,0.041858501732349396,0.03471760451793671
2020-06-08,0.037962656468153,0.034765247255563736,0.0347217358648777,0.03551550582051277,0.0347217358648777,0.0347217358648777,0.0347217358648777,0.0347217358648777,0.0347217358648777,0.03603194281458855,0.0347217358648777,0.042362965643405914,0.037937574088573456,0.03517656773328781,0.0347217358648777,0.04090971499681473,0.0347217358648777,0.0347217358648777,0.04551299661397934,0.041481975466012955,0.0347217358648777,0.038584642112255096,0.0347217358648777,0.03900719806551933,0.04162466153502464,0.04174380004405975,0.0347217358648777
2020-06-09,0.03805182874202728,0.03476474806666374,0.03472479432821274,0.03548349440097809,0.03472479432821274,0.03472479432821274,0.03472479432821274,0.03472479432821274,0.03472479432821274,0.036001548171043396,0.03472479432821274,0.042461272329092026,0.0379314050078392,0.035117413848638535,0.03472479432821274,0.040816400200128555,0.03472479432821274,0.03472479432821274,0.04551520571112633,0.04143775254487991,0.03472479432821274,0.03854737803339958,0.03472479432821274,0.03903210535645485,0.04163312539458275,0.041783954948186874,0.03472479432821274
2020-06-10,0.03784029185771942,0.0348634198307991,0.034739285707473755,0.0353916771709919,0.034739285707473755,0.034739285707473755,0.034739285707473755,0.034739285707473755,0.034739285707473755,0.03606318309903145,0.034739285707473755,0.04247511923313141,0.03784606233239174,0.035213369876146317,0.034739285707473755,0.04071243107318878,0.034739285707473755,0.034739285707473755,0.04547591134905815,0.04137461259961128,0.034739285707473755,0.03856959939002991,0.034739285707473755,0.03923419862985611,0.04151929169893265,0.04181007295846939,0.034739285707473755
2020-06-11,0.03768351301550865,0.03482263535261154,0.03474435582756996,0.03535216674208641,0.03474435582756996,0.03474435582756996,0.03474435582756996,0.03474435582756996,0.03474435582756996,0.03609144315123558,0.03474435582756996,0.04237760603427887,0.03784068301320076,0.03532817214727402,0.03474435582756996,0.0408000722527504,0.03474435582756996,0.03474435582756996,0.04549103230237961,0.04138374328613281,0.03474435582756996,0.038634080439805984,0.03474435582756996,0.03933871537446976,0.04144285246729851,0.041736651211977005,0.03474435582756996
2020-06-12,0.037607140839099884,0.03505602106451988,0.034765150398015976,0.03531467169523239,0.034765150398015976,0.034765150398015976,0.034765150398015976,0.034765150398015976,0.034765150398015976,0.03628212586045265,0.034765150398015976,0.04262226074934006,0.03770238533616066,0.035079240798950195,0.034765150398015976,0.04040531814098358,0.034765150398015976,0.034765150398015976,0.045362647622823715,0.041225627064704895,0.034765150398015976,0.03843754157423973,0.034765150398015976,0.03947031870484352,0.04141130670905113,0.04207640141248703,0.034765150398015976
2020-06-15,0.03765363618731499,0.03483666852116585,0.03475396707653999,0.0353846549987793,0.03475396707653999,0.03475396707653999,0.03475396707653999,0.03475396707653999,0.03475396707653999,0.03625199571251869,0.03475396707653999,0.04246602579951286,0.03778952732682228,0.03510146960616112,0.03475396707653999,0.04064919799566269,0.03475396707653999,0.03475396707653999,0.04542845860123634,0.041330959647893906,0.03475396707653999,0.0385080985724926,0.03475396707653999,0.03934532031416893,0.04146789014339447,0.04198453947901726,0.03475396707653999
2020-06-16,0.03746744617819786,0.034775324165821075,0.03474880009889603,0.03541274741292,0.03474880009889603,0.03474880009889603,0.03474880009889603,0.03474880009889603,0.03474880009889603,0.03630252555012703,0.03474880009889603,0.042277317494153976,0.037814442068338394,0.035231538116931915,0.03474880009889603,0.04084528982639313,0.03474880009889603,0.03474880009889603,0.04542291536927223,0.04140917956829071,0.03474880009889603,0.03861818090081215,0.03474880009889603,0.03932672739028931,0.04144446179270744,0.04191747307777405,0.03474880009889603
2020-06-17,0.037606582045555115,0.03470877185463905,0.03470877185463905,0.0355423204600811,0.03470877185463905,0.03470877185463905,0.03470877185463905,0.03470877185463905,0.03470877185463905,0.036448437720537186,0.03470877185463905,0.04216788336634636,0.037860769778490067,0.03506205603480339,0.03470877185463905,0.04099796339869499,0.03470877185463905,0.03470877185463905,0.045522741973400116,0.04155927151441574,0.03470877185463905,0.03855647146701813,0.03470877185463905,0.03916851803660393,0.04162062332034111,0.041963495314121246,0.03470877185463905
2020-06-18,0.037423767149448395,0.034709811210632324,0.034709811210632324,0.03555488958954811,0.034709811210632324,0.034709811210632324,0.034709811210632324,0.034709811210632324,0.034709811210632324,0.036534689366817474,0.034709811210632324,0.04205586388707161,0.03783946856856346,0.03514612838625908,0.034709811210632324,0.04103555902838707,0.034709811210632324,0.034709811210632324,0.04548998549580574,0.041598424315452576,0.034709811210632324,0.03861096873879433,0.034709811210632324,0.03918810561299324,0.04160171002149582,0.04198306426405907,0.034709811210632324
2020-06-19,0.03730347380042076,0.0347137525677681,0.0347137525677681,0.03558357059955597,0.0347137525677681,0.0347137525677681,0.0347137525677681,0.0347137525677681,0.0347137525677681,0.03654250130057335,0.0347137525677681,0.041972316801548004,0.03785597160458565,0.035203006118535995,0.0347137525677681,0.041077833622694016,0.0347137525677681,0.0347137525677681,0.04544123262166977,0.041630081832408905,0.0347137525677681,0.03866016864776611,0.0347137525677681,0.03914306312799454,0.04158569127321243,0.04200856760144234,0.0347137525677681
2020-06-22,0.03712452948093414,0.03471144661307335,0.03470197692513466,0.035571902990341187,0.03470197692513466,0.03470197692513466,0.03470197692513466,0.03470197692513466,0.03470197692513466,0.036654166877269745,0.03470197692513466,0.04184358939528465,0.0378093384206295,0.03531045466661453,0.03470197692513466,0.041233405470848083,0.03470197692513466,0.03470197692513466,0.04545372724533081,0.04169028624892235,0.03470197692513466,0.03869742527604103,0.03470197692513466,0.039243947714567184,0.041569847613573074,0.04196026176214218,0.03470197692513466
2020-06-23,0.03685922175645828,0.03493122756481171,0.03470642492175102,0.035623252391815186,0.03470642492175102,0.03470642492175102,0.03470642492175102,0.03470642492175102,0.03470642492175102,0.036751650273799896,0.03470642492175102,0.0417480394244194,0.037782710045576096,0.035371243953704834,0.03470642492175102,0.04112284630537033,0.03470642492175102,0.03470642492175102,0.045300498604774475,0.04171406850218773,0.03470642492175102,0.038758017122745514,0.03470642492175102,0.039195749908685684,0.041549503803253174,0.0421084463596344,0.03470642492175102
2020-06-24,0.03634065017104149,0.035065315663814545,0.03470421954989433,0.03564447909593582,0.03470421954989433,0.03470421954989433,0.03470421954989433,0.03470421954989433,0.03470421954989433,0.0369633212685585,0.03470421954989433,0.04142853990197182,0.037740860134363174,0.03566430136561394,0.03470421954989433,0.04125645011663437,0.03470421954989433,0.03470421954989433,0.04511226341128349,0.0418483205139637,0.03470421954989433,0.03894195705652237,0.03470421954989433,0.03925808146595955,0.04144258424639702,0.042137954384088516,0.03470421954989433
2020-06-25,0.03631109371781349,0.03517364710569382,0.03476695343852043,0.035432230681180954,0.03476695343852043,0.03476695343852043,0.03476695343852043,0.03476695343852043,0.03476695343852043,0.03673803061246872,0.03476695343852043,0.041641026735305786,0.03771589696407318,0.03585970774292946,0.03476695343852043,0.04096502810716629,0.03476695343852043,0.03476695343852043,0.04517139494419098,0.041523102670907974,0.03476695343852043,0.0388883501291275,0.03476695343852043,0.039512380957603455,0.04118383675813675,0.04191388934850693,0.03476695343852043
2020-06-26,0.03617440536618233,0.03521517291665077,0.03477109596133232,0.0354660302400589,0.03477109596133232,0.03477109596133232,0.03477109596133232,0.03477109596133232,0.03477109596133232,0.03680554777383804,0.03477109596133232,0.04156052693724632,0.03772604838013649,0.03589922562241554,0.03477109596133232,0.04092498868703842,0.03477109596133232,0.03477109596133232,0.045068588107824326,0.041563428938388824,0.03477109596133232,0.03893156349658966,0.03477109596133232,0.039464760571718216,0.041177865117788315,0.04199760779738426,0.03477109596133232
2020-06-29,0.036087766289711,0.034996483474969864,0.03478427976369858,0.03529553860425949,0.03478427976369858,0.03478427976369858,0.03478427976369858,0.03478427976369858,0.03478427976369858,0.036807991564273834,0.03478427976369858,0.041452791541814804,0.037721186876297,0.036150217056274414,0.03478427976369858,0.04112418368458748,0.03478427976369858,0.03478427976369858,0.045297771692276,0.041478030383586884,0.03478427976369858,0.03891676291823387,0.03478427976369858,0.03974568098783493,0.041068997234106064,0.04166097193956375,0.03478427976369858
2020-06-30,0.036200474947690964,0.03486892208456993,0.034780580550432205,0.0353337861597538,0.034780580550432205,0.034780580550432205,0.034780580550432205,0.034780580550432205,0.034780580550432205,0.03684569150209427,0.034780580550432205,0.04140598326921463,0.037765275686979294,0.036103542894124985,0.034780580550432205,0.04113917052745819,0.034780580550432205,0.034780580550432205,0.045404884964227676,0.041507259011268616,0.034780580550432205,0.03882252797484398,0.034780580550432205,0.03968387469649315,0.04113675653934479,0.041634272783994675,0.034780580550432205
2020-07-01,0.03600943461060524,0.0349225290119648,0.03474061191082001,0.03548820689320564,0.03474061191082001,0.03474061191082001,0.03474061191082001,0.03474061191082001,0.03474061191082001,0.037053432315588,0.03474061191082001,0.04114618897438049,0.03776388615369797,0.036126501858234406,0.03474061191082001,0.04135347157716751,0.03474061191082001,0.03474061191082001,0.045234858989715576,0.041758276522159576,0.03474061191082001,0.03887772560119629,0.03474061191082001,0.03952901437878609,0.04128330945968628,0.04182520508766174,0.03474061191082001
2020-07-02,0.03547576814889908,0.03496082127094269,0.034712281078100204,0.03547361493110657,0.034712281078100204,0.034712281078100204,0.034712281078100204,0.034712281078100204,0.034712281078100204,0.037223972380161285,0.034712281078100204,0.04083288460969925,0.037654027342796326,0.036551572382450104,0.034712281078100204,0.04186546802520752,0.034712281078100204,0.034712281078100204,0.04487612098455429,0.04198719188570976,0.034712281078100204,0.039281513541936874,0.034712281078100204,0.0396137610077858,0.04119971767067909,0.04174394533038139,0.034712281078100204
2020-07-06,0.034991126507520676,0.03496335819363594,0.034713033586740494,0.03536282852292061,0.034713033586740494,0.034713033586740494,0.034713033586740494,0.034713033586740494,0.034713033586740494,0.037343829870224,0.034713033586740494,0.04054209962487221,0.037574753165245056,0.0370757021009922,0.034713033586740494,0.042251452803611755,0.034713033586740494,0.034713033586740494,0.04472272843122482,0.04204484447836876,0.034713033586740494,0.03952983021736145,0.034713033586740494,0.039824407547712326,0.041031256318092346,0.04147237539291382,0.034713033586740494
2020-07-07,0.03503069281578064,0.034981995820999146,0.03473011776804924,0.035386331379413605,0.03473011776804924,0.03473011776804924,0.03473011776804924,0.03473011776804924,0.03473011776804924,0.037195660173892975,0.03473011776804924,0.04050030931830406,0.037651482969522476,0.03716442734003067,0.03473011776804924,0.042177535593509674,0.03473011776804924,0.03473011776804924,0.04471045732498169,0.042038094252347946,0.03473011776804924,0.03954244405031204,0.03473011776804924,0.039740413427352905,0.040997013449668884,0.041391655802726746,0.03473011776804924
2020-07-08,0.03472919762134552,0.03521265089511871,0.03472919762134552,0.035169363021850586,0.03472919762134552,0.03472919762134552,0.03472919762134552,0.03472919762134552,0.03472919762134552,0.03740160912275314,0.03472919762134552,0.04032188281416893,0.03742925077676773,0.03773348778486252,0.03472919762134552,0.04245831072330475,0.03472919762134552,0.03472919762134552,0.044600795954465866,0.04187802970409393,0.03472919762134552,0.03972938656806946,0.03472919762134552,0.04013616219162941,0.04072919115424156,0.04099108651280403,0.03472919762134552
2020-07-09,0.034781333059072495,0.03520480915904045,0.03477639704942703,0.03519792482256889,0.03477639704942703,0.03477639704942703,0.03477639704942703,0.03477639704942703,0.03477639704942703,0.037148818373680115,0.03477639704942703,0.04045619070529938,0.037575747817754745,0.037649959325790405,0.03477639704942703,0.04212310537695885,0.03477639704942703,0.03477639704942703,0.04481016471982002,0.041753094643354416,0.03477639704942703,0.039524659514427185,0.03477639704942703,0.040032967925071716,0.04073403403162956,0.04091411828994751,0.03477639704942703
2020-07-10,0.03480328619480133,0.03580569475889206,0.03480328619480133,0.03498214855790138,0.03480328619480133,0.035308972001075745,0.03480328619480133,0.03480328619480133,0.03480328619480133,0.03701698035001755,0.03480328619480133,0.04048094525933266,0.03736849129199982,0.03812839463353157,0.03480328619480133,0.04180777817964554,0.03480328619480133,0.03480328619480133,0.04469667747616768,0.041370682418346405,0.03480328619480133,0.03947319835424423,0.03480328619480133,0.04030074551701546,0.04037410393357277,0.04044236242771149,0.03480328619480133
2020-07-13,0.03480786830186844,0.03577787056565285,0.03480786830186844,0.03502781316637993,0.03480786830186844,0.03529497981071472,0.03480786830186844,0.03480786830186844,0.03480786830186844,0.036943063139915466,0.03480786830186844,0.04047142341732979,0.03744778782129288,0.03810514137148857,0.03480786830186844,0.04182965308427811,0.03480786830186844,0.03480786830186844,0.04497930407524109,0.041340816766023636,0.03480786830186844,0.03930087015032768,0.03480786830186844,0.0402803048491478,0.04043222591280937,0.04026643931865692,0.03480786830186844
2020-07-14,0.03493345156311989,0.03549909219145775,0.03481137380003929,0.035215429961681366,0.03481137380003929,0.03481137380003929,0.03481137380003929,0.03481137380003929,0.03481137380003929,0.03707614541053772,0.03481137380003929,0.0406421534717083,0.03762383759021759,0.03755645453929901,0.03481137380003929,0.04165155440568924,0.03481137380003929,0.03481137380003929,0.04523936286568642,0.041470300406217575,0.03481137380003929,0.03912907466292381,0.03481137380003929,0.0401737280189991,0.04054396227002144,0.04069751128554344,0.03481137380003929
2020-07-15,0.035437244921922684,0.035470426082611084,0.034840017557144165,0.03529277816414833,0.034840017557144165,0.03487306460738182,0.034840017557144165,0.034840017557144165,0.034840017557144165,0.03688330575823784,0.034840017557144165,0.040933653712272644,0.03777703642845154,0.037205521017313004,0.034840017557144165,0.04120612516999245,0.034840017557144165,0.034840017557144165,0.045923277735710144,0.04120875895023346,0.034840017557144165,0.03863368555903435,0.034840017557144165,0.04016146808862686,0.040483057498931885,0.04043044522404671,0.034840017557144165
2020-07-16,0.03556095063686371,0.03531806915998459,0.03481548652052879,0.03536815196275711,0.03481548652052879,0.03481548652052879,0.03481548652052879,0.03481548652052879,0.03481548652052879,0.03688172623515129,0.03481548652052879,0.040858712047338486,0.03782518580555916,0.03711540624499321,0.03481548652052879,0.04136303439736366,0.03481548652052879,0.03481548652052879,0.04593443498015404,0.04135344550013542,0.03481548652052879,0.03865946829319,0.03481548652052879,0.040019501000642776,0.04063761979341507,0.04050295054912567,0.03481548652052879
2020-07-17,0.035661935806274414,0.035174544900655746,0.03481331840157509,0.035362452268600464,0.03481331840157509,0.03481331840157509,0.03481331840157509,0.03481331840157509,0.03481331840157509,0.036998648196458817,0.03481331840157509,0.040967341512441635,0.037842266261577606,0.03689857944846153,0.03481331840157509,0.04128752276301384,0.03481331840157509,0.03481331840157509,0.04614686593413353,0.04130512475967407,0.03481331840157509,0.03849216550588608,0.03481331840157509,0.04007739946246147,0.040649984031915665,0.040562063455581665,0.03481331840157509
2020-07-20,0.03568889573216438,0.03516804799437523,0.034793734550476074,0.035288166254758835,0.034793734550476074,0.034793734550476074,0.034793734550476074,0.034793734550476074,0.034793734550476074,0.036888957023620605,0.034793734550476074,0.040965739637613297,0.03774193674325943,0.03700680658221245,0.034793734550476074,0.04154596105217934,0.034793734550476074,0.034793734550476074,0.04590526595711708,0.041380755603313446,0.034793734550476074,0.03877042979001999,0.034793734550476074,0.04005840793251991,0.040721386671066284,0.04055064916610718,0.034793734550476074
2020-07-21,0.03542695939540863,0.035550639033317566,0.034788426011800766,0.03521393612027168,0.034788426011800766,0.034788426011800766,0.034788426011800766,0.034788426011800766,0.034788426011800766,0.036947861313819885,0.034788426011800766,0.04075890779495239,0.03759585693478584,0.0374436192214489,0.034788426011800766,0.04171115159988403,0.034788426011800766,0.034788426011800766,0.04578990861773491,0.04133554548025131,0.034788426011800766,0.0388496033847332,0.034788426011800766,0.040232256054878235,0.04064192995429039,0.04025224968791008,0.034788426011800766
2020-07-22,0.035818811506032944,0.03512377664446831,0.03479378670454025,0.03527308627963066,0.03479378670454025,0.03479378670454025,0.03479378670454025,0.03479378670454025,0.03479378670454025,0.03672965243458748,0.03479378670454025,0.04078061506152153,0.037795986980199814,0.03721288591623306,0.03479378670454025,0.04169079661369324,0.03479378670454025,0.03479378670454025,0.04596241936087608,0.04142192751169205,0.03479378670454025,0.03875249996781349,0.03479378670454025,0.0399794764816761,0.04080529138445854,0.04033360257744789,0.03479378670454025
2020-07-23,0.03651336953043938,0.03492523729801178,0.03484301641583443,0.03520279377698898,0.03484301641583443,0.03484301641583443,0.03484301641583443,0.03484301641583443,0.03484301641583443,0.036449745297431946,0.03484301641583443,0.0410035103559494,0.037956155836582184,0.03701525926589966,0.03484301641583443,0.0412336066365242,0.03484301641583443,0.03484301641583443,0.046653661876916885,0.04111120477318764,0.03484301641583443,0.03818497806787491,0.03484301641583443,0.03999248147010803,0.04081176966428757,0.039987049996852875,0.03484301641583443
2020-07-24,0.03681080788373947,0.034791551530361176,0.034791551530361176,0.03509876877069473,0.034791551530361176,0.034791551530361176,0.034791551530361176,0.034791551530361176,0.034791551530361176,0.036357712000608444,0.034791551530361176,0.04112934321165085,0.03799882158637047,0.03676643967628479,0.034791551530361176,0.04165099933743477,0.034791551530361176,0.034791551530361176,0.0467349998652935,0.04119391366839409,0.034791551530361176,0.03835615888237953,0.034791551530361176,0.039880141615867615,0.04096301272511482,0.03997722640633583,0.034791551530361176
2020-07-27,0.036771584302186966,0.03485916554927826,0.03485916554927826,0.034938666969537735,0.03485916554927826,0.03485916554927826,0.03485916554927826,0.03485916554927826,0.03485916554927826,0.03629346564412117,0.03485916554927826,0.041199102997779846,0.03828657418489456,0.03667491674423218,0.03485916554927826,0.041027430444955826,0.03485916554927826,0.03485916554927826,0.04719337075948715,0.040886931121349335,0.03485916554927826,0.038095876574516296,0.03485916554927826,0.040141478180885315,0.04063064604997635,0.03983161598443985,0.03485916554927826
2020-07-28,0.03696416690945625,0.03486479073762894,0.03486479073762894,0.03495975211262703,0.03486479073762894,0.03486572206020355,0.03486479073762894,0.03486479073762894,0.03486479073762894,0.0361778624355793,0.034878261387348175,0.04131491482257843,0.03823109343647957,0.03663426637649536,0.03486479073762894,0.04091149941086769,0.03486479073762894,0.03486479073762894,0.04715222492814064,0.04085846617817879,0.03486479073762894,0.03806581720709801,0.03486479073762894,0.04009275138378143,0.040676601231098175,0.03983912244439125,0.03486479073762894
2020-07-29,0.03694486618041992,0.03484206646680832,0.03484206646680832,0.034983810037374496,0.03484206646680832,0.03484206646680832,0.03484206646680832,0.03484206646680832,0.03484206646680832,0.036236271262168884,0.03484206646680832,0.04132719710469246,0.03820046782493591,0.036583445966243744,0.03484206646680832,0.041034307330846786,0.03484206646680832,0.03484206646680832,0.047015223652124405,0.04096495360136032,0.03484206646680832,0.03816183656454086,0.03484206646680832,0.040033578872680664,0.04075504466891289,0.039970073848962784,0.03484206646680832
2020-07-30,0.03719101846218109,0.034815236926078796,0.034815236926078796,0.03497854992747307,0.034815236926078796,0.034815236926078796,0.034815236926078796,0.034815236926078796,0.034815236926078796,0.036150429397821426,0.034815236926078796,0.04149319976568222,0.038240157067775726,0.03644919395446777,0.034815236926078796,0.04100021719932556,0.034815236926078796,0.034815236926078796,0.04690145328640938,0.04105244576931,0.034815236926078796,0.0382559560239315,0.034815236926078796,0.03989157825708389,0.04088678956031799,0.040095698088407516,0.034815236926078796
2020-07-31,0.036794740706682205,0.03487280756235123,0.03487280756235123,0.03496118262410164,0.03487280756235123,0.03487280756235123,0.03487280756235123,0.03487280756235123,0.03487280756235123,0.036407019942998886,0.03487280756235123,0.04152781888842583,0.038137082010507584,0.03657163307070732,0.03487280756235123,0.040611956268548965,0.03487280756235123,0.03487280756235123,0.04689311981201172,0.04086819291114807,0.03487280756235123,0.03810036927461624,0.03487280756235123,0.04022715240716934,0.04061409458518028,0.04006634280085564,0.03487280756235123
2020-08-03,0.03658873960375786,0.034912578761577606,0.034912578761577606,0.03500800207257271,0.034912578761577606,0.03496324643492699,0.034912578761577606,0.034912578761577606,0.034912578761577606,0.03643997013568878,0.034912578761577606,0.04179488122463226,0.03785529360175133,0.03656509518623352,0.034912578761577606,0.04036308079957962,0.034912578761577606,0.034912578761577606,0.04594790190458298,0.040798112750053406,0.034912578761577606,0.038480859249830246,0.034912578761577606,0.040046077221632004,0.04066716879606247,0.04061801731586456,0.034912578761577606
2020-08-04,0.03615442290902138,0.03494953736662865,0.034875012934207916,0.03494199737906456,0.034875012934207916,0.035133615136146545,0.034875012934207916,0.034875012934207916,0.034875012934207916,0.0364270880818367,0.034875012934207916,0.041466277092695236,0.03781859204173088,0.036998238414525986,0.034875012934207916,0.040832821279764175,0.034875012934207916,0.034875012934207916,0.04558207839727402,0.040983784943819046,0.034875012934207916,0.03894193097949028,0.034875012934207916,0.04000302776694298,0.04069248586893082,0.040573932230472565,0.034875012934207916
2020-08-05,0.0363256111741066,0.03488774597644806,0.03488774597644806,0.03488774597644806,0.03488774597644806,0.035442907363176346,0.03488774597644806,0.03488774597644806,0.03488774597644806,0.03622741997241974,0.03488774597644806,0.041537098586559296,0.037806183099746704,0.03709924593567848,0.03488774597644806,0.04085628315806389,0.03488774597644806,0.03488774597644806,0.04576646909117699,0.040794212371110916,0.03488774597644806,0.038853924721479416,0.03488774597644806,0.04005630314350128,0.04055549576878548,0.04025040566921234,0.03488774597644806
2020-08-06,0.03728208690881729,0.034827809780836105,0.034827809780836105,0.034827809780836105,0.034827809780836105,0.03522374853491783,0.034827809780836105,0.034827809780836105,0.034827809780836105,0.035647835582494736,0.0351003035902977,0.0415874645113945,0.03835795447230339,0.03694995492696762,0.034827809780836105,0.04107536002993584,0.034827809780836105,0.034827809780836105,0.04615737497806549,0.0407833456993103,0.034827809780836105,0.038747627288103104,0.034827809780836105,0.039509791880846024,0.040874071419239044,0.039941564202308655,0.034827809780836105
2020-08-07,0.03769152984023094,0.03482783958315849,0.03482783958315849,0.03482783958315849,0.03482783958315849,0.03527886047959328,0.03482783958315849,0.03482783958315849,0.03482783958315849,0.03539907559752464,0.035417914390563965,0.041791707277297974,0.03840939328074455,0.03690781816840172,0.03482783958315849,0.0409371480345726,0.03482783958315849,0.03482783958315849,0.04595464840531349,0.04067480191588402,0.03482783958315849,0.03869146481156349,0.03482783958315849,0.03919333219528198,0.04094259813427925,0.0399477556347847,0.03482783958315849
2020-08-10,0.03752193599939346,0.034841977059841156,0.034841977059841156,0.034841977059841156,0.034841977059841156,0.03535739704966545,0.034841977059841156,0.034841977059841156,0.034841977059841156,0.03552212193608284,0.03528496250510216,0.041792768985033035,0.03834354132413864,0.03688041493296623,0.034841977059841156,0.040784578770399094,0.034841977059841156,0.034841977059841156,0.045811187475919724,0.040634870529174805,0.034841977059841156,0.03877655789256096,0.034841977059841156,0.03930628299713135,0.04092539846897125,0.040112245827913284,0.034841977059841156
2020-08-11,0.037688374519348145,0.03481699153780937,0.034963980317115784,0.03481699153780937,0.03481699153780937,0.03511517122387886,0.03481699153780937,0.03481699153780937,0.03481699153780937,0.03543563559651375,0.03522194176912308,0.04189159348607063,0.038484424352645874,0.0367630198597908,0.03481699153780937,0.04087686166167259,0.03481699153780937,0.03481699153780937,0.04565482959151268,0.040658384561538696,0.03481699153780937,0.038904789835214615,0.03481699153780937,0.03926742821931839,0.040992677211761475,0.04027698189020157,0.03481699153780937
2020-08-12,0.037847016006708145,0.03482918068766594,0.03482918068766594,0.03482918068766594,0.03482918068766594,0.03482918068766594,0.03482918068766594,0.03482918068766594,0.03482918068766594,0.03559449315071106,0.03512341156601906,0.04216979071497917,0.038332823663949966,0.036446090787649155,0.03482918068766594,0.04083634540438652,0.03482918068766594,0.03482918068766594,0.0452723428606987,0.04075399786233902,0.03482918068766594,0.03899610787630081,0.03482918068766594,0.03903103619813919,0.04121670871973038,0.04077133908867836,0.03482918068766594
2020-08-13,0.0375070758163929,0.03485232964158058,0.03485232964158058,0.03485232964158058,0.03485232964158058,0.035219110548496246,0.03485232964158058,0.03485232964158058,0.03485232964158058,0.03551400452852249,0.035014450550079346,0.04200160503387451,0.03826932981610298,0.03672773018479347,0.03485232964158058,0.0408390574157238,0.03485232964158058,0.03485232964158058,0.045365627855062485,0.04065495356917381,0.03485232964158058,0.03907664120197296,0.03485232964158058,0.03926781937479973,0.0409671887755394,0.04049510136246681,0.03485232964158058
2020-08-14,0.03739799186587334,0.03488818183541298,0.03488818183541298,0.03488818183541298,0.03488818183541298,0.03488818183541298,0.03488818183541298,0.03488818183541298,0.03488818183541298,0.03595029190182686,0.03488818183541298,0.04230506345629692,0.03804273158311844,0.03631305694580078,0.03488818183541298,0.04032162204384804,0.03488818183541298,0.03488818183541298,0.04452243819832802,0.040725935250520706,0.03488818183541298,0.039324384182691574,0.03488818183541298,0.03911959379911423,0.04124491289258003,0.04140929877758026,0.03488818183541298
2020-08-17,0.03735695406794548,0.03489304333925247,0.03489304333925247,0.03489304333925247,0.03489304333925247,0.03489304333925247,0.03489304333925247,0.03489304333925247,0.03489304333925247,0.035963043570518494,0.03489304333925247,0.042331092059612274,0.03800803795456886,0.03627787530422211,0.03489304333925247,0.04026820510625839,0.03489304333925247,0.03489304333925247,0.04448537901043892,0.04069824889302254,0.03489304333925247,0.039340369403362274,0.03489304333925247,0.039184510707855225,0.041221607476472855,0.04146899655461311,0.03489304333925247
2020-08-18,0.0369611456990242,0.034897178411483765,0.034983400255441666,0.034897178411483765,0.034897178411483765,0.035238150507211685,0.034897178411483765,0.034897178411483765,0.034897178411483765,0.03587706387042999,0.034897178411483765,0.04208831116557121,0.03799353167414665,0.036578163504600525,0.034897178411483765,0.04037556052207947,0.034897178411483765,0.034897178411483765,0.044581323862075806,0.04061716049909592,0.034897178411483765,0.03943204879760742,0.034897178411483765,0.03944958746433258,0.04096943885087967,0.041191764175891876,0.034897178411483765
2020-08-19,0.03668167069554329,0.03487974405288696,0.03521454706788063,0.03487974405288696,0.03487974405288696,0.0353395938873291,0.03487974405288696,0.03487974405288696,0.03487974405288696,0.035892751067876816,0.03487974405288696,0.04183235019445419,0.03808426856994629,0.036729421466588974,0.03487974405288696,0.04042069986462593,0.03487974405288696,0.03487974405288696,0.044628482311964035,0.040639739483594894,0.03487974405288696,0.039516206830739975,0.03487974405288696,0.039625197649002075,0.040874529629945755,0.04108386114239693,0.03487974405288696
2020-08-20,0.03655605390667915,0.03488532453775406,0.03527883067727089,0.03488532453775406,0.03488532453775406,0.03522832691669464,0.03488532453775406,0.03488532453775406,0.03488532453775406,0.036058008670806885,0.03488532453775406,0.04185355454683304,0.03805474191904068,0.03665732592344284,0.03488532453775406,0.04022243246436119,0.03488532453775406,0.03488532453775406,0.0442332960665226,0.0407424122095108,0.03488532453775406,0.039689332246780396,0.03488532453775406,0.03948792442679405,0.04099896922707558,0.0414295569062233,0.03488532453775406
2020-08-21,0.03630683943629265,0.034903887659311295,0.035357989370822906,0.034903887659311295,0.034903887659311295,0.03536221757531166,0.034903887659311295,0.034903887659311295,0.034903887659311295,0.036171700805425644,0.034903887659311295,0.041779834777116776,0.037992026656866074,0.03671172633767128,0.034903887659311295,0.039973460137844086,0.034903887659311295,0.034903887659311295,0.044092025607824326,0.04070338234305382,0.034903887659311295,0.03972990810871124,0.034903887659311295,0.03961050137877464,0.04094145447015762,0.04151635989546776,0.034903887659311295
2020-08-24,0.03581257909536362,0.034924816340208054,0.035499244928359985,0.034924816340208054,0.034924816340208054,0.03580229729413986,0.034924816340208054,0.034924816340208054,0.034924816340208054,0.03620651736855507,0.034924816340208054,0.041577767580747604,0.037965089082717896,0.03699285537004471,0.034924816340208054,0.03978889063000679,0.034924816340208054,0.034924816340208054,0.043895792216062546,0.040626656264066696,0.034924816340208054,0.039867863059043884,0.034924816340208054,0.03979252278804779,0.0407152958214283,0.041434090584516525,0.034924816340208054
2020-08-25,0.03606368973851204,0.034902773797512054,0.03555089980363846,0.034902773797512054,0.034902773797512054,0.035427119582891464,0.034902773797512054,0.034902773797512054,0.034902773797512054,0.036246608942747116,0.034902773797512054,0.04158277437090874,0.03811841830611229,0.03676122426986694,0.034902773797512054,0.03976818174123764,0.034902773797512054,0.034902773797512054,0.043972183018922806,0.04080578684806824,0.034902773797512054,0.03981967270374298,0.034902773797512054,0.039646077901124954,0.040909141302108765,0.04159219190478325,0.034902773797512054
2020-08-26,0.035735346376895905,0.0349106602370739,0.03538870811462402,0.0349106602370739,0.0349106602370739,0.03515425696969032,0.0349106602370739,0.0349106602370739,0.0349106602370739,0.03654041513800621,0.0349106602370739,0.04140665382146835,0.038058504462242126,0.03667384758591652,0.0349106602370739,0.03977780416607857,0.0349106602370739,0.0349106602370739,0.04391438141465187,0.04108947888016701,0.0349106602370739,0.039881352335214615,0.0349106602370739,0.03971520811319351,0.04096463695168495,0.04186081886291504,0.0349106602370739
2020-08-27,0.03551172837615013,0.03490176424384117,0.03514374792575836,0.03490176424384117,0.03490176424384117,0.035116083920001984,0.03490176424384117,0.03490176424384117,0.03490176424384117,0.0365467295050621,0.03490176424384117,0.04111408442258835,0.0381496287882328,0.036853667348623276,0.03490176424384117,0.04010714218020439,0.03490176424384117,0.03490176424384117,0.04353140667080879,0.04158603772521019,0.03490176424384117,0.04019603133201599,0.03490176424384117,0.03933589160442352,0.04112212359905243,0.04196278750896454,0.03490176424384117
2020-08-28,0.03491349145770073,0.03491349145770073,0.03491349145770073,0.034952182322740555,0.03491349145770073,0.03571083024144173,0.03491349145770073,0.03491349145770073,0.03491349145770073,0.03645509108901024,0.03491349145770073,0.04065250977873802,0.03784257173538208,0.037606481462717056,0.03491349145770073,0.04076337814331055,0.03491349145770073,0.03491349145770073,0.04345433786511421,0.04184737801551819,0.03491349145770073,0.04029447212815285,0.03491349145770073,0.039555035531520844,0.04055158793926239,0.04152524471282959,0.03491349145770073
2020-08-31,0.03491124510765076,0.035232678055763245,0.03491124510765076,0.035072099417448044,0.03491124510765076,0.03575173765420914,0.03491124510765076,0.03491124510765076,0.03491124510765076,0.03652029484510422,0.03491124510765076,0.040785472840070724,0.03772270679473877,0.037678129971027374,0.03491124510765076,0.04063074290752411,0.03491124510765076,0.03491124510765076,0.043843258172273636,0.04162873700261116,0.03491124510765076,0.03985190764069557,0.03491124510765076,0.03970429301261902,0.040388304740190506,0.04134342446923256,0.03491124510765076
2020-09-01,0.034914255142211914,0.03564120829105377,0.034914255142211914,0.03498052433133125,0.034914255142211914,0.03590824082493782,0.034914255142211914,0.034914255142211914,0.034914255142211914,0.03656969219446182,0.034914255142211914,0.040882278233766556,0.03759705275297165,0.03775253891944885,0.034914255142211914,0.04035474359989166,0.034914255142211914,0.034914255142211914,0.04381762072443962,0.04141686111688614,0.034914255142211914,0.03976055979728699,0.034914255142211914,0.03990763798356056,0.040181178599596024,0.04134457930922508,0.034914255142211914
2020-09-02,0.0348966047167778,0.03592146188020706,0.0348966047167778,0.034934185445308685,0.0348966047167778,0.03580665960907936,0.0348966047167778,0.0348966047167778,0.0348966047167778,0.036651864647865295,0.0348966047167778,0.040896203368902206,0.03762473911046982,0.037780944257974625,0.0348966047167778,0.040241897106170654,0.0348966047167778,0.0348966047167778,0.04410692676901817,0.04129841551184654,0.0348966047167778,0.03953604772686958,0.0348966047167778,0.040076062083244324,0.04021766781806946,0.041251059621572495,0.0348966047167778
2020-09-03,0.03490631282329559,0.0359494648873806,0.03490631282329559,0.03490631282329559,0.03490631282329559,0.036124154925346375,0.03490631282329559,0.03490631282329559,0.03490631282329559,0.03634713590145111,0.03490631282329559,0.040678057819604874,0.037797048687934875,0.03810833394527435,0.03490631282329559,0.04031500592827797,0.03490631282329559,0.03490631282329559,0.04461316764354706,0.04120073467493057,0.03490631282329559,0.0392228402197361,0.03490631282329559,0.04023602604866028,0.040111638605594635,0.04060802236199379,0.03490631282329559
2020-09-04,0.034890588372945786,0.035871148109436035,0.034890588372945786,0.03510183468461037,0.034890588372945786,0.035690002143383026,0.034890588372945786,0.034890588372945786,0.034890588372945786,0.03676612302660942,0.034890588372945786,0.041015639901161194,0.03765641152858734,0.037592813372612,0.034890588372945786,0.04035082459449768,0.034890588372945786,0.034890588372945786,0.044468726962804794,0.04123716428875923,0.034890588372945786,0.03929157927632332,0.034890588372945786,0.04004857689142227,0.04012863337993622,0.04120290279388428,0.034890588372945786
2020-09-08,0.034897685050964355,0.03629682958126068,0.034897685050964355,0.03519708663225174,0.034897685050964355,0.035352177917957306,0.034897685050964355,0.034897685050964355,0.034897685050964355,0.03695327788591385,0.034897685050964355,0.04139847680926323,0.03758278861641884,0.03725684806704521,0.034897685050964355,0.03978884220123291,0.034897685050964355,0.034897685050964355,0.04435814172029495,0.04116629809141159,0.034897685050964355,0.039082106202840805,0.034897685050964355,0.03998114541172981,0.040238555520772934,0.04167752340435982,0.034897685050964355
2020-09-09,0.034928835928440094,0.03605828061699867,0.034928835928440094,0.035184722393751144,0.034928835928440094,0.03527598828077316,0.034928835928440094,0.034928835928440094,0.034928835928440094,0.036932606250047684,0.034928835928440094,0.04160589724779129,0.03757287934422493,0.03706264868378639,0.034928835928440094,0.03944126144051552,0.034928835928440094,0.034928835928440094,0.04404124990105629,0.04123618081212044,0.034928835928440094,0.039151016622781754,0.034928835928440094,0.03975917398929596,0.04053366556763649,0.04206950217485428,0.034928835928440094
2020-09-10,0.03493298962712288,0.03556712344288826,0.03493298962712288,0.035151440650224686,0.03493298962712288,0.035463545471429825,0.03493298962712288,0.03493298962712288,0.03493298962712288,0.036783043295145035,0.03493298962712288,0.04131477326154709,0.03768175095319748,0.03722304105758667,0.03493298962712288,0.039840616285800934,0.03493298962712288,0.03493298962712288,0.044084738940000534,0.04138006269931793,0.03493298962712288,0.0393453873693943,0.03493298962712288,0.03975490480661392,0.04047362878918648,0.041807085275650024,0.03493298962712288
2020-09-11,0.03505277633666992,0.03504776209592819,0.034981418401002884,0.035241447389125824,0.034981418401002884,0.03528832644224167,0.034981418401002884,0.034981418401002884,0.034981418401002884,0.036788638681173325,0.034981418401002884,0.041402533650398254,0.03775249421596527,0.03693833574652672,0.034981418401002884,0.03972460702061653,0.034981418401002884,0.034981418401002884,0.043913766741752625,0.04147176072001457,0.034981418401002884,0.03929982706904411,0.034981418401002884,0.03945814073085785,0.04079660028219223,0.04204598441720009,0.034981418401002884
2020-09-14,0.03510362282395363,0.035008519887924194,0.035008519887924194,0.0351560041308403,0.035008519887924194,0.03543922305107117,0.035008519887924194,0.035008519887924194,0.035008519887924194,0.03680986538529396,0.035008519887924194,0.041422467678785324,0.037720438092947006,0.036926500499248505,0.035008519887924194,0.03954765573143959,0.035008519887924194,0.035008519887924194,0.04375344142317772,0.04138214513659477,0.035008519887924194,0.03931539133191109,0.035008519887924194,0.039446450769901276,0.040772415697574615,0.04209356755018234,0.035008519887924194
2020-09-15,0.03501405939459801,0.03497691825032234,0.03497691825032234,0.035030096769332886,0.03497691825032234,0.03542930632829666,0.03497691825032234,0.03497691825032234,0.03497691825032234,0.036894772201776505,0.03497691825032234,0.04118289425969124,0.03782890364527702,0.03704286739230156,0.03497691825032234,0.03981718793511391,0.03497691825032234,0.03497691825032234,0.044001080095767975,0.04139360040426254,0.03497691825032234,0.039371661841869354,0.03497691825032234,0.03965579718351364,0.04074184596538544,0.041895896196365356,0.03497691825032234
2020-09-16,0.034945957362651825,0.034945957362651825,0.034945957362651825,0.034945957362651825,0.034945957362651825,0.03560912609100342,0.034945957362651825,0.034945957362651825,0.034945957362651825,0.036784280091524124,0.034945957362651825,0.04096180945634842,0.03779899701476097,0.03731907531619072,0.034945957362651825,0.04018549621105194,0.034945957362651825,0.034945957362651825,0.04376326873898506,0.04147130250930786,0.034945957362651825,0.03977296128869057,0.034945957362651825,0.03971434384584427,0.040670245885849,0.04175979644060135,0.034945957362651825
2020-09-17,0.03499555587768555,0.03494732454419136,0.03494732454419136,0.03496197611093521,0.03494732454419136,0.0353471003472805,0.03494732454419136,0.03494732454419136,0.03494732454419136,0.036895111203193665,0.03494732454419136,0.041029077023267746,0.03780275955796242,0.03718756511807442,0.03494732454419136,0.04024260491132736,0.03494732454419136,0.03494732454419136,0.043935324996709824,0.04147762432694435,0.03494732454419136,0.03955938667058945,0.03494732454419136,0.03966796025633812,0.040760744363069534,0.041822005063295364,0.03494732454419136
2020-09-18,0.035123731940984726,0.03540434315800667,0.03496861085295677,0.035160765051841736,0.03496861085295677,0.03496861085295677,0.03496861085295677,0.03496861085295677,0.03496861085295677,0.036995816975831985,0.03496861085295677,0.04148726537823677,0.037608612328767776,0.036795541644096375,0.03496861085295677,0.039722852408885956,0.03496861085295677,0.03496861085295677,0.043746717274188995,0.041359320282936096,0.03496861085295677,0.03932999074459076,0.03496861085295677,0.03957146778702736,0.040804531425237656,0.04229708015918732,0.03496861085295677
2020-09-21,0.035581525415182114,0.03525276109576225,0.03497765585780144,0.03533099964261055,0.03497765585780144,0.03497765585780144,0.03497765585780144,0.03497765585780144,0.03497765585780144,0.03711390867829323,0.03497765585780144,0.04171300679445267,0.037587475031614304,0.036281418055295944,0.03497765585780144,0.039451416581869125,0.03497765585780144,0.03497765585780144,0.043723877519369125,0.04135952144861221,0.03497765585780144,0.03895111382007599,0.03497765585780144,0.03928835690021515,0.04105374589562416,0.04260130226612091,0.03497765585780144
2020-09-22,0.03647376596927643,0.035689227283000946,0.035038117319345474,0.035927485674619675,0.035038117319345474,0.035038117319345474,0.035038117319345474,0.035038117319345474,0.035038117319345474,0.03714213892817497,0.035038117319345474,0.042506203055381775,0.03739644214510918,0.035038117319345474,0.035038117319345474,0.038162682205438614,0.035038117319345474,0.035038117319345474,0.04277919605374336,0.04127636179327965,0.035038117319345474,0.0385424830019474,0.035038117319345474,0.03822747990489006,0.041590552777051926,0.043752409517765045,0.035038117319345474
2020-09-23,0.036444131284952164,0.03524525463581085,0.03500724583864212,0.03579343110322952,0.03500724583864212,0.03500724583864212,0.03500724583864212,0.03500724583864212,0.03500724583864212,0.037205230444669724,0.03500724583864212,0.04217396676540375,0.037518858909606934,0.03519422933459282,0.03500724583864212,0.03872602805495262,0.03500724583864212,0.03500724583864212,0.04310082271695137,0.04140285775065422,0.03500724583864212,0.03860567882657051,0.03500724583864212,0.03843623399734497,0.04161364585161209,0.04344545677304268,0.03500724583864212
2020-09-24,0.03663891181349754,0.035072438418865204,0.035072438418865204,0.03559296578168869,0.035072438418865204,0.035072438418865204,0.035072438418865204,0.035072438418865204,0.035072438418865204,0.03723251819610596,0.035072438418865204,0.04198192059993744,0.037618935108184814,0.03523894026875496,0.035072438418865204,0.03856739401817322,0.035072438418865204,0.035072438418865204,0.043120596557855606,0.04125263914465904,0.035072438418865204,0.03838399797677994,0.035072438418865204,0.03847790136933327,0.04159143567085266,0.0432877391576767,0.035072438418865204
2020-09-25,0.03645913302898407,0.0351170189678669,0.0351170189678669,0.035707633942365646,0.0351170189678669,0.0351170189678669,0.0351170189678669,0.0351170189678669,0.0351170189678669,0.0371035672724247,0.0351170189678669,0.0422445647418499,0.03748627007007599,0.03525105491280556,0.0351170189678669,0.038129448890686035,0.0351170189678669,0.0351170189678669,0.04263195022940636,0.04121683910489082,0.0351170189678669,0.038755059242248535,0.0351170189678669,0.038293395191431046,0.04156189039349556,0.043520886451005936,0.0351170189678669
2020-09-28,0.036518536508083344,0.035086460411548615,0.035086460411548615,0.035530999302864075,0.035086460411548615,0.035086460411548615,0.035086460411548615,0.035086460411548615,0.035086460411548615,0.037213340401649475,0.035086460411548615,0.04198412969708443,0.03761202469468117,0.035381101071834564,0.035086460411548615,0.03845451399683952,0.035086460411548615,0.035086460411548615,0.043042365461587906,0.041193053126335144,0.035086460411548615,0.038521908223629,0.035086460411548615,0.03854038193821907,0.041533660143613815,0.043263524770736694,0.035086460411548615
2020-09-29,0.03642544522881508,0.034900177270174026,0.034900177270174026,0.03533199056982994,0.034900177270174026,0.034900177270174026,0.034900177270174026,0.034900177270174026,0.034900177270174026,0.037418995052576065,0.034900177270174026,0.0412372462451458,0.03788762912154198,0.035846684128046036,0.034900177270174026,0.0401361808180809,0.034900177270174026,0.034900177270174026,0.044114284217357635,0.04151296988129616,0.034900177270174026,0.03829391673207283,0.034900177270174026,0.03896559402346611,0.04160730168223381,0.042619287967681885,0.034900177270174026
2020-09-30,0.03607752546668053,0.03494676575064659,0.03494676575064659,0.035349924117326736,0.03494676575064659,0.03494676575064659,0.03494676575064659,0.03494676575064659,0.03494676575064659,0.03743871673941612,0.03494676575064659,0.041404083371162415,0.03770362213253975,0.03605532646179199,0.03494676575064659,0.03985380381345749,0.03494676575064659,0.03494676575064659,0.04380708560347557,0.04144447296857834,0.03494676575064659,0.03851724788546562,0.03494676575064659,0.039060939103364944,0.04138770326972008,0.04264478385448456,0.03494676575064659
2020-10-01,0.03539031371474266,0.034873295575380325,0.034873295575380325,0.03522001579403877,0.034873295575380325,0.034873295575380325,0.034873295575380325,0.034873295575380325,0.034873295575380325,0.03740215674042702,0.034873295575380325,0.0410190150141716,0.03760691359639168,0.03692682832479477,0.034873295575380325,0.04084424674510956,0.034873295575380325,0.034873295575380325,0.04384376481175423,0.04169147461652756,0.034873295575380325,0.039255741983652115,0.034873295575380325,0.03934778273105621,0.04116685688495636,0.0420587882399559,0.034873295575380325
2020-10-02,0.034840237349271774,0.03502984344959259,0.034840237349271774,0.035016074776649475,0.034840237349271774,0.0348537378013134,0.034840237349271774,0.034840237349271774,0.034840237349271774,0.037629254162311554,0.034840237349271774,0.04073254019021988,0.037328269332647324,0.03772106021642685,0.034840237349271774,0.04145067557692528,0.034840237349271774,0.034840237349271774,0.04359066113829613,0.04168425872921944,0.034840237349271774,0.03980839252471924,0.034840237349271774,0.03976408764719963,0.04080952703952789,0.04165852069854736,0.034840237349271774
2020-10-05,0.03523271530866623,0.03517285734415054,0.034942399710416794,0.03523922711610794,0.034942399710416794,0.034942399710416794,0.034942399710416794,0.034942399710416794,0.034942399710416794,0.037388816475868225,0.034942399710416794,0.04132867231965065,0.03743286058306694,0.03697994351387024,0.034942399710416794,0.04016308858990669,0.034942399710416794,0.034942399710416794,0.043373893946409225,0.041498951613903046,0.034942399710416794,0.039365071803331375,0.034942399710416794,0.039316631853580475,0.04099857434630394,0.04225757345557213,0.034942399710416794
2020-10-06,0.034958336502313614,0.03511473536491394,0.03487442806363106,0.03518887609243393,0.03487442806363106,0.03487442806363106,0.03487442806363106,0.03487442806363106,0.03487442806363106,0.03742896392941475,0.03487442806363106,0.04100973531603813,0.03749491274356842,0.037228524684906006,0.03487442806363106,0.040828291326761246,0.03487442806363106,0.03487442806363106,0.04375474527478218,0.04163697734475136,0.03487442806363106,0.03951961547136307,0.03487442806363106,0.03958664834499359,0.040941111743450165,0.04194100946187973,0.03487442806363106
2020-10-07,0.03485614061355591,0.03509676456451416,0.03485614061355591,0.03500302881002426,0.03485614061355591,0.03485614061355591,0.03485614061355591,0.03485614061355591,0.03485614061355591,0.037589747458696365,0.03485614061355591,0.04080329090356827,0.03740883991122246,0.03756466880440712,0.03485614061355591,0.041165780276060104,0.03485614061355591,0.03485614061355591,0.04384666681289673,0.04157688096165657,0.03485614061355591,0.03962410241365433,0.03485614061355591,0.03991648182272911,0.040745772421360016,0.04167194291949272,0.03485614061355591
2020-10-08,0.034822896122932434,0.03521319851279259,0.034822896122932434,0.0349515937268734,0.034822896122932434,0.03500783443450928,0.034822896122932434,0.034822896122932434,0.034822896122932434,0.03752821311354637,0.034822896122932434,0.04059109091758728,0.03737330809235573,0.03784949705004692,0.034822896122932434,0.04148336127400398,0.034822896122932434,0.034822896122932434,0.043859899044036865,0.04160614311695099,0.034822896122932434,0.039808426052331924,0.034822896122932434,0.040045205503702164,0.04057637229561806,0.041408225893974304,0.034822896122932434
2020-10-09,0.03517313301563263,0.03479474037885666,0.03479474037885666,0.035222701728343964,0.03479474037885666,0.03479474037885666,0.03479474037885666,0.03479474037885666,0.03479474037885666,0.037167277187108994,0.03479474037885666,0.040626220405101776,0.03780195489525795,0.03710285946726799,0.03479474037885666,0.04160217195749283,0.03479474037885666,0.03479474037885666,0.04439615085721016,0.0418812558054924,0.03479474037885666,0.03962556645274162,0.03479474037885666,0.039596691727638245,0.041067831218242645,0.041609734296798706,0.03479474037885666
2020-10-12,0.03526625782251358,0.03479186072945595,0.03479186072945595,0.035257402807474136,0.03479186072945595,0.03479186072945595,0.03479186072945595,0.03479186072945595,0.03479186072945595,0.03707682341337204,0.03479186072945595,0.04073768109083176,0.03783094510436058,0.03691971302032471,0.03479186072945595,0.04148893430829048,0.03479186072945595,0.03479186072945595,0.044486384838819504,0.04186667874455452,0.03479186072945595,0.03965795412659645,0.03479186072945595,0.03959917649626732,0.04106120765209198,0.041664768010377884,0.03479186072945595
2020-10-13,0.034820232540369034,0.034954871982336044,0.034818362444639206,0.03515588119626045,0.034818362444639206,0.034818362444639206,0.034818362444639206,0.034818362444639206,0.034818362444639206,0.037019915878772736,0.034818362444639206,0.04057693853974342,0.03776262700557709,0.03744018077850342,0.034818362444639206,0.0417046882212162,0.034818362444639206,0.034818362444639206,0.0445108562707901,0.04175960272550583,0.034818362444639206,0.03979115933179855,0.034818362444639206,0.03988347947597504,0.04072195664048195,0.04125886783003807,0.034818362444639206
2020-10-14,0.03482428193092346,0.03520470857620239,0.03482428193092346,0.03509692847728729,0.03482428193092346,0.034979257732629776,0.03482428193092346,0.03482428193092346,0.03482428193092346,0.036996446549892426,0.03482428193092346,0.04065020754933357,0.03766011446714401,0.03754403069615364,0.03482428193092346,0.04157145321369171,0.03482428193092346,0.03482428193092346,0.04445172846317291,0.04162585735321045,0.03482428193092346,0.03975168988108635,0.03482428193092346,0.03998114913702011,0.040555067360401154,0.041215769946575165,0.03482428193092346
2020-10-15,0.03484395146369934,0.035713352262973785,0.03484395146369934,0.0351005457341671,0.03484395146369934,0.0348883718252182,0.03484395146369934,0.03484395146369934,0.03484395146369934,0.03700287267565727,0.03484395146369934,0.040942687541246414,0.03754603490233421,0.037372179329395294,0.03484395146369934,0.04112403094768524,0.03484395146369934,0.03484395146369934,0.04447561502456665,0.04143121838569641,0.03484395146369934,0.039512816816568375,0.03484395146369934,0.04009551554918289,0.0404369980096817,0.041386380791664124,0.03484395146369934
2020-10-16,0.03487301245331764,0.03598010912537575,0.03487301245331764,0.035063404589891434,0.03487301245331764,0.03504478186368942,0.03487301245331764,0.03487301245331764,0.03487301245331764,0.03688497096300125,0.03487301245331764,0.041119303554296494,0.037558507174253464,0.03731413558125496,0.03487301245331764,0.04071744158864021,0.03487301245331764,0.03487301245331764,0.04450858011841774,0.04123963043093681,0.03487301245331764,0.03935965895652771,0.03487301245331764,0.04016520455479622,0.0402509830892086,0.04144417867064476,0.03487301245331764
2020-10-19,0.03485352173447609,0.035568103194236755,0.03485352173447609,0.03504377231001854,0.03485352173447609,0.03495761379599571,0.03485352173447609,0.03485352173447609,0.03485352173447609,0.03689367696642876,0.03485352173447609,0.040983740240335464,0.03759892284870148,0.03734065592288971,0.03485352173447609,0.04122806712985039,0.03485352173447609,0.03485352173447609,0.04479795694351196,0.041323646903038025,0.03485352173447609,0.039406318217515945,0.03485352173447609,0.040202632546424866,0.04038524627685547,0.04117383062839508,0.03485352173447609
2020-10-20,0.035504430532455444,0.03566752374172211,0.03482985869050026,0.0352662056684494,0.03482985869050026,0.03482985869050026,0.03482985869050026,0.03482985869050026,0.03482985869050026,0.03681928291916847,0.03482985869050026,0.04145928472280502,0.03761764243245125,0.036511436104774475,0.03482985869050026,0.04076238349080086,0.03482985869050026,0.03482985869050026,0.044761188328266144,0.041363928467035294,0.03482985869050026,0.039135340601205826,0.03482985869050026,0.03977395221590996,0.04075690358877182,0.04181229695677757,0.03482985869050026
2020-10-21,0.035218965262174606,0.03605405613780022,0.03485472872853279,0.035233307629823685,0.03485472872853279,0.03485472872853279,0.03485472872853279,0.03485472872853279,0.03485472872853279,0.03697449341416359,0.03485472872853279,0.04156513884663582,0.03756389021873474,0.03654429316520691,0.03485472872853279,0.0404280424118042,0.03485472872853279,0.03485472872853279,0.04471388831734657,0.041194554418325424,0.03485472872853279,0.03896953538060188,0.03485472872853279,0.03991543874144554,0.04057938978075981,0.04193355515599251,0.03485472872853279
2020-10-22,0.03495137393474579,0.03619839623570442,0.034872863441705704,0.03515312075614929,0.034872863441705704,0.034872863441705704,0.034872863441705704,0.034872863441705704,0.034872863441705704,0.03709989786148071,0.034872863441705704,0.04156448319554329,0.03754967451095581,0.03665114939212799,0.034872863441705704,0.040263962000608444,0.034872863441705704,0.034872863441705704,0.04476999118924141,0.04109739884734154,0.034872863441705704,0.03886625915765762,0.034872863441705704,0.04014701023697853,0.040408164262771606,0.041931893676519394,0.034872863441705704
2020-10-23,0.03582247346639633,0.0356358177959919,0.03483676537871361,0.03537257760763168,0.03483676537871361,0.03483676537871361,0.03483676537871361,0.03483676537871361,0.03483676537871361,0.03716060146689415,0.03483676537871361,0.041764840483665466,0.0376853384077549,0.035787299275398254,0.03483676537871361,0.04009215533733368,0.03483676537871361,0.03483676537871361,0.045079637318849564,0.041224073618650436,0.03483676537871361,0.03848975896835327,0.03483676537871361,0.03972339257597923,0.04094741493463516,0.04233664646744728,0.03483676537871361
2020-10-26,0.036711376160383224,0.03486213460564613,0.03486213460564613,0.035273682326078415,0.03486213460564613,0.03486213460564613,0.03486213460564613,0.03486213460564613,0.03486213460564613,0.03695104271173477,0.03486213460564613,0.041926462203264236,0.037843234837055206,0.035474907606840134,0.03486213460564613,0.03994932025671005,0.03486213460564613,0.03486213460564613,0.04565093293786049,0.04107186570763588,0.03486213460564613,0.038179006427526474,0.03486213460564613,0.0397341214120388,0.04118433594703674,0.04197989031672478,0.03486213460564613
2020-10-27,0.03667037934064865,0.035272832959890366,0.034890033304691315,0.035443615168333054,0.034890033304691315,0.034890033304691315,0.034890033304691315,0.034890033304691315,0.034890033304691315,0.03713661804795265,0.034890033304691315,0.042292412370443344,0.03772123157978058,0.034890033304691315,0.034890033304691315,0.03909698501229286,0.034890033304691315,0.034890033304691315,0.04477118328213692,0.04105935990810394,0.034890033304691315,0.03811235353350639,0.034890033304691315,0.03926444053649902,0.04154610633850098,0.04315204173326492,0.034890033304691315
2020-10-28,0.036970727145671844,0.03523847460746765,0.03492734208703041,0.035542238503694534,0.03492734208703041,0.03492734208703041,0.03492734208703041,0.03492734208703041,0.03492734208703041,0.037108950316905975,0.03492734208703041,0.04250951111316681,0.037599898874759674,0.03492734208703041,0.03492734208703041,0.038585152477025986,0.03492734208703041,0.03492734208703041,0.044141147285699844,0.04103828966617584,0.03492734208703041,0.038216233253479004,0.03492734208703041,0.03887316957116127,0.04177088290452957,0.04342250898480415,0.03492734208703041
2020-10-29,0.036339063197374344,0.03503112122416496,0.03503112122416496,0.03544793650507927,0.03503112122416496,0.03503112122416496,0.03503112122416496,0.03503112122416496,0.03503112122416496,0.03698212653398514,0.03503112122416496,0.042419418692588806,0.03757378086447716,0.03503112122416496,0.03503112122416496,0.03816373646259308,0.03503112122416496,0.03503112122416496,0.043366335332393646,0.04115802049636841,0.03503112122416496,0.03859896957874298,0.03503112122416496,0.038684163242578506,0.04171173274517059,0.04367803409695625,0.0354410745203495
2020-10-30,0.03640510141849518,0.035049669444561005,0.035049669444561005,0.03534547984600067,0.035049669444561005,0.035049669444561005,0.035049669444561005,0.035049669444561005,0.035049669444561005,0.03698284551501274,0.035049669444561005,0.04214624688029289,0.03769809752702713,0.035049669444561005,0.035049669444561005,0.038236524909734726,0.035049669444561005,0.035049669444561005,0.04330723360180855,0.04122908040881157,0.035049669444561005,0.038625434041023254,0.035049669444561005,0.03866206482052803,0.0417230948805809,0.04351739212870598,0.035426065325737
2020-11-02,0.036883048713207245,0.0349968820810318,0.0349968820810318,0.03531918674707413,0.0349968820810318,0.0349968820810318,0.0349968820810318,0.0349968820810318,0.0349968820810318,0.037166934460401535,0.0349968820810318,0.04178819805383682,0.03789706900715828,0.0349968820810318,0.0349968820810318,0.03882117196917534,0.0349968820810318,0.0349968820810318,0.04380335286259651,0.041301559656858444,0.0349968820810318,0.03807477653026581,0.0349968820810318,0.03861960396170616,0.0419326052069664,0.04335818812251091,0.035077933222055435
2020-11-03,0.03752540051937103,0.03484933450818062,0.03484933450818062,0.03546712175011635,0.03484933450818062,0.03484933450818062,0.03484933450818062,0.03484933450818062,0.03484933450818062,0.0376715213060379,0.03484933450818062,0.04142366349697113,0.038114745169878006,0.03484933450818062,0.03484933450818062,0.039644334465265274,0.03484933450818062,0.03484933450818062,0.04489057883620262,0.04127355292439461,0.03484933450818062,0.03706328198313713,0.03484933450818062,0.03878859803080559,0.04208995774388313,0.043307188898324966,0.03484933450818062
2020-11-04,0.038352858275175095,0.034800149500370026,0.034800149500370026,0.03536713495850563,0.034800149500370026,0.034800149500370026,0.034800149500370026,0.034800149500370026,0.034800149500370026,0.037583984434604645,0.034800149500370026,0.041442353278398514,0.0383286215364933,0.034800149500370026,0.034800149500370026,0.03961992636322975,0.034800149500370026,0.034800149500370026,0.04504667595028877,0.041257116943597794,0.034800149500370026,0.036746807396411896,0.034800149500370026,0.038540296256542206,0.04239104315638542,0.04332096502184868,0.034800149500370026
2020-11-05,0.03884532302618027,0.03480495512485504,0.03480495512485504,0.03544178232550621,0.03480495512485504,0.03480495512485504,0.03480495512485504,0.03480495512485504,0.03480495512485504,0.03735318407416344,0.03480495512485504,0.041912250220775604,0.03820030763745308,0.03480495512485504,0.03480495512485504,0.03922972455620766,0.03480495512485504,0.03480495512485504,0.044304635375738144,0.041384752839803696,0.03480495512485504,0.03719323128461838,0.03480495512485504,0.0379696749150753,0.042667582631111145,0.043423280119895935,0.03480495512485504
2020-11-06,0.038445379585027695,0.034780409187078476,0.034780409187078476,0.03549026697874069,0.034780409187078476,0.034780409187078476,0.034780409187078476,0.034780409187078476,0.034780409187078476,0.03730485588312149,0.034780409187078476,0.04185600206255913,0.038157638162374496,0.034780409187078476,0.034780409187078476,0.03955862671136856,0.034780409187078476,0.034780409187078476,0.04444802179932594,0.04150572791695595,0.034780409187078476,0.037617046386003494,0.034780409187078476,0.038125745952129364,0.04255860298871994,0.04322594404220581,0.034780409187078476
2020-11-09,0.038066379725933075,0.03479023650288582,0.03479023650288582,0.03546123579144478,0.03479023650288582,0.03479023650288582,0.03479023650288582,0.03479023650288582,0.03479023650288582,0.037265148013830185,0.03479023650288582,0.0418899841606617,0.03805426508188248,0.03479023650288582,0.03479023650288582,0.03950732201337814,0.03479023650288582,0.03479023650288582,0.04486793279647827,0.04143083468079567,0.03479023650288582,0.03773611783981323,0.03479023650288582,0.03857376426458359,0.04230883717536926,0.04298469424247742,0.03479023650288582
2020-11-10,0.039113301783800125,0.034703727811574936,0.034703727811574936,0.035543061792850494,0.034703727811574936,0.034703727811574936,0.034703727811574936,0.034703727811574936,0.034703727811574936,0.03714527189731598,0.034982018172740936,0.041856322437524796,0.03821638971567154,0.034703727811574936,0.034703727811574936,0.04035307094454765,0.034703727811574936,0.034703727811574936,0.04585152491927147,0.04122145473957062,0.034703727811574936,0.036646585911512375,0.034703727811574936,0.0383683517575264,0.04237931966781616,0.04247115179896355,0.034703727811574936
2020-11-11,0.0389462448656559,0.03468047082424164,0.03468047082424164,0.03551875799894333,0.03468047082424164,0.03468047082424164,0.03468047082424164,0.03468047082424164,0.03468047082424164,0.037170134484767914,0.0347171314060688,0.04188176617026329,0.0381881408393383,0.03468047082424164,0.03468047082424164,0.040455643087625504,0.03468047082424164,0.03468047082424164,0.0463905930519104,0.041247207671403885,0.03468047082424164,0.03677148371934891,0.03468047082424164,0.03871142119169235,0.04224713519215584,0.04222770407795906,0.03468047082424164
2020-11-12,0.03878551721572876,0.034682486206293106,0.034682486206293106,0.035515837371349335,0.034682486206293106,0.034682486206293106,0.034682486206293106,0.034682486206293106,0.034682486206293106,0.036945413798093796,0.034682486206293106,0.04211137071251869,0.03809019550681114,0.034682486206293106,0.034682486206293106,0.040385451167821884,0.034682486206293106,0.034682486206293106,0.0463712215423584,0.041317813098430634,0.034682486206293106,0.03729142248630524,0.034682486206293106,0.03885175660252571,0.04212736710906029,0.04196927696466446,0.034682486206293106
2020-11-13,0.038644980639219284,0.03467149659991264,0.03467149659991264,0.03545830771327019,0.03467149659991264,0.03467149659991264,0.03467149659991264,0.03467149659991264,0.03467149659991264,0.03696269169449806,0.03467149659991264,0.04212255775928497,0.03809885308146477,0.03467149659991264,0.03467149659991264,0.040317364037036896,0.03467149659991264,0.03467149659991264,0.04643438756465912,0.041375577449798584,0.03467149659991264,0.037429630756378174,0.03467149659991264,0.03899545222520828,0.042071059346199036,0.04201667755842209,0.03467149659991264
2020-11-16,0.03852686285972595,0.03467654436826706,0.03467654436826706,0.035516899079084396,0.03467654436826706,0.03467654436826706,0.03467654436826706,0.03467654436826706,0.03467654436826706,0.036700911819934845,0.03467654436826706,0.04228440672159195,0.03803807124495506,0.03467654436826706,0.03467654436826706,0.04047448933124542,0.03467654436826706,0.03467654436826706,0.04612278938293457,0.041424453258514404,0.03467654436826706,0.03782777488231659,0.03467654436826706,0.03893337398767471,0.04200225695967674,0.04199957102537155,0.03467654436826706
2020-11-17,0.03855762258172035,0.03468524292111397,0.03468524292111397,0.03552628308534622,0.03468524292111397,0.03468524292111397,0.03468524292111397,0.03468524292111397,0.03468524292111397,0.036562979221343994,0.03468524292111397,0.04234031215310097,0.03805365413427353,0.03468524292111397,0.03468524292111397,0.0404883548617363,0.03468524292111397,0.03468524292111397,0.04619836434721947,0.04142404720187187,0.03468524292111397,0.03789403662085533,0.03468524292111397,0.03895429149270058,0.04194256290793419,0.04177878797054291,0.03468524292111397
2020-11-18,0.038558103144168854,0.03468356654047966,0.03468356654047966,0.03547337278723717,0.03468356654047966,0.03468356654047966,0.03468356654047966,0.03468356654047966,0.03468356654047966,0.036462537944316864,0.03468356654047966,0.04249360412359238,0.03802234306931496,0.03468356654047966,0.03468356654047966,0.040522631257772446,0.03468356654047966,0.03468356654047966,0.04579110071063042,0.04139652103185654,0.03468356654047966,0.03812433406710625,0.03468356654047966,0.03887856379151344,0.041973233222961426,0.04205015301704407,0.03468356654047966
2020-11-19,0.03850610926747322,0.03467883914709091,0.03467883914709091,0.035433582961559296,0.03467883914709091,0.03467883914709091,0.03467883914709091,0.03467883914709091,0.03467883914709091,0.03653031587600708,0.03467883914709091,0.042444925755262375,0.038039106875658035,0.03467883914709091,0.03467883914709091,0.04052821546792984,0.03467883914709091,0.03467883914709091,0.045840390026569366,0.04140865057706833,0.03467883914709091,0.03811940923333168,0.03467883914709091,0.038940757513046265,0.04196207597851753,0.042063839733600616,0.03467883914709091
2020-11-20,0.03842032328248024,0.034674521535634995,0.034674521535634995,0.03542802110314369,0.034674521535634995,0.034674521535634995,0.034674521535634995,0.034674521535634995,0.034674521535634995,0.036564335227012634,0.034674521535634995,0.04237695783376694,0.03804617002606392,0.034674521535634995,0.034674521535634995,0.040536291897296906,0.034674521535634995,0.034674521535634995,0.04580951854586601,0.04143780842423439,0.034674521535634995,0.038153838366270065,0.034674521535634995,0.03894060477614403,0.04198042303323746,0.042187903076410294,0.034674521535634995
2020-11-23,0.03841984272003174,0.0346749871969223,0.0346749871969223,0.0353737473487854,0.0346749871969223,0.0346749871969223,0.0346749871969223,0.0346749871969223,0.0346749871969223,0.03658733516931534,0.0346749871969223,0.04233849421143532,0.03806010261178017,0.0346749871969223,0.0346749871969223,0.04048803448677063,0.0346749871969223,0.0346749871969223,0.04574861377477646,0.041431624442338943,0.0346749871969223,0.0381787084043026,0.0346749871969223,0.038930054754018784,0.04201255738735199,0.04230611026287079,0.0346749871969223
2020-11-24,0.03845950961112976,0.034679606556892395,0.034679606556892395,0.03539034724235535,0.034679606556892395,0.034679606556892395,0.034679606556892395,0.034679606556892395,0.034679606556892395,0.03653249889612198,0.034679606556892395,0.042369600385427475,0.03805088624358177,0.034679606556892395,0.034679606556892395,0.04053295776247978,0.034679606556892395,0.034679606556892395,0.045655716210603714,0.04141653701663017,0.034679606556892395,0.0382094532251358,0.034679606556892395,0.03885767608880997,0.04202861711382866,0.04230200871825218,0.034679606556892395
2020-11-25,0.03853790834546089,0.034685488790273666,0.034685488790273666,0.03538907691836357,0.034685488790273666,0.034685488790273666,0.034685488790273666,0.034685488790273666,0.034685488790273666,0.03640497475862503,0.034685488790273666,0.04245749115943909,0.038060516119003296,0.034685488790273666,0.034685488790273666,0.04059113189578056,0.034685488790273666,0.034685488790273666,0.04556303098797798,0.041393619030714035,0.034685488790273666,0.03828943148255348,0.034685488790273666,0.03879133611917496,0.04202021658420563,0.0422188974916935,0.034685488790273666
2020-11-27,0.03850482776761055,0.03468470647931099,0.03468470647931099,0.03531036525964737,0.03468470647931099,0.03468470647931099,0.03468470647931099,0.03468470647931099,0.03468470647931099,0.036424420773983,0.03468470647931099,0.042426638305187225,0.038079485297203064,0.03468470647931099,0.03468470647931099,0.04056843742728233,0.03468470647931099,0.03468470647931099,0.045561451464891434,0.041387468576431274,0.03468470647931099,0.03833075240254402,0.03468470647931099,0.0388488844037056,0.04201741889119148,0.04226921498775482,0.03468470647931099
2020-11-30,0.03832094743847847,0.03469172865152359,0.03469172865152359,0.03535651043057442,0.03469172865152359,0.03469172865152359,0.03469172865152359,0.03469172865152359,0.03469172865152359,0.036390356719493866,0.03469172865152359,0.04241956025362015,0.038037970662117004,0.03469172865152359,0.03469172865152359,0.040659099817276,0.03469172865152359,0.03469172865152359,0.04548967257142067,0.041419073939323425,0.03469172865152359,0.038462165743112564,0.03469172865152359,0.03889510780572891,0.04194764792919159,0.04222599044442177,0.03469172865152359
2020-12-01,0.038180433213710785,0.03468978404998779,0.03468978404998779,0.03537460416555405,0.03468978404998779,0.03468978404998779,0.03468978404998779,0.03468978404998779,0.03468978404998779,0.03643491119146347,0.03468978404998779,0.04230267181992531,0.03803759068250656,0.03468978404998779,0.03468978404998779,0.040743231773376465,0.03468978404998779,0.03468978404998779,0.04548966884613037,0.04148232564330101,0.03468978404998779,0.038516297936439514,0.03468978404998779,0.038922835141420364,0.04193127527832985,0.042237382382154465,0.03468978404998779
2020-12-02,0.03783896192908287,0.03469465672969818,0.03469465672969818,0.035465557128190994,0.03469465672969818,0.03469465672969818,0.03469465672969818,0.03469465672969818,0.03469465672969818,0.036436133086681366,0.03469465672969818,0.042167969048023224,0.037978313863277435,0.034964922815561295,0.03469465672969818,0.040910881012678146,0.03469465672969818,0.03469465672969818,0.04531959444284439,0.04157651215791702,0.03469465672969818,0.0387258417904377,0.03469465672969818,0.038904447108507156,0.04184394329786301,0.04214175418019295,0.03469465672969818
2020-12-03,0.037866923958063126,0.034692030400037766,0.034692030400037766,0.03539280593395233,0.034692030400037766,0.034692030400037766,0.034692030400037766,0.034692030400037766,0.034692030400037766,0.03643739968538284,0.034692030400037766,0.042177844792604446,0.0380166620016098,0.03494228050112724,0.034692030400037766,0.0408782958984375,0.034692030400037766,0.034692030400037766,0.045295365154743195,0.041564181447029114,0.034692030400037766,0.03876933455467224,0.034692030400037766,0.03891530632972717,0.041859935969114304,0.04219519719481468,0.034692030400037766
2020-12-04,0.037995245307683945,0.034688033163547516,0.034688033163547516,0.035391539335250854,0.034688033163547516,0.034688033163547516,0.034688033163547516,0.034688033163547516,0.034688033163547516,0.036383941769599915,0.034688033163547516,0.042277686297893524,0.038014695048332214,0.034858886152505875,0.034688033163547516,0.04091661050915718,0.034688033163547516,0.034688033163547516,0.045262839645147324,0.041534844785928726,0.034688033163547516,0.03875201568007469,0.034688033163547516,0.03889477625489235,0.041877035051584244,0.042207442224025726,0.034688033163547516
2020-12-07,0.038073472678661346,0.034689899533987045,0.034689899533987045,0.03548763692378998,0.034689899533987045,0.034689899533987045,0.034689899533987045,0.034689899533987045,0.034689899533987045,0.03631801903247833,0.034689899533987045,0.042383380234241486,0.037979740649461746,0.03480052575469017,0.034689899533987045,0.04095647856593132,0.034689899533987045,0.034689899533987045,0.0451822355389595,0.04152578487992287,0.034689899533987045,0.03871801123023033,0.034689899533987045,0.03880391642451286,0.04188835620880127,0.04222385957837105,0.034689899533987045
2020-12-08,0.038302525877952576,0.03469393402338028,0.03469393402338028,0.03529825061559677,0.03469393402338028,0.03469393402338028,0.03469393402338028,0.03469393402338028,0.03469393402338028,0.036277979612350464,0.03469393402338028,0.04253343120217323,0.03805568441748619,0.034731388092041016,0.03469393402338028,0.040809810161590576,0.03469393402338028,0.03469393402338028,0.04504907876253128,0.04140293225646019,0.03469393402338028,0.03879769518971443,0.03469393402338028,0.03876820206642151,0.041953906416893005,0.04230404645204544,0.03469393402338028
2020-12-09,0.0382361114025116,0.03469370678067207,0.03469370678067207,0.03536952659487724,0.03469370678067207,0.03469370678067207,0.03469370678067207,0.03469370678067207,0.03469370678067207,0.03628537058830261,0.03469370678067207,0.04250204563140869,0.038020964711904526,0.034745603799819946,0.03469370678067207,0.04085567221045494,0.03469370678067207,0.03469370678067207,0.045062270015478134,0.04143747687339783,0.03469370678067207,0.038779761642217636,0.03469370678067207,0.038769159466028214,0.041936371475458145,0.04228777438402176,0.03469370678067207
2020-12-10,0.038202691823244095,0.03469860553741455,0.03469860553741455,0.03530615568161011,0.03469860553741455,0.03469860553741455,0.03469860553741455,0.03469860553741455,0.03469860553741455,0.036219511181116104,0.03469860553741455,0.04245050996541977,0.038052015006542206,0.03483499214053154,0.03469860553741455,0.040930986404418945,0.03469860553741455,0.03469860553741455,0.04516323655843735,0.04141663387417793,0.03469860553741455,0.03877125307917595,0.03469860553741455,0.038871973752975464,0.04184821620583534,0.04215138033032417,0.03469860553741455
2020-12-11,0.03817305713891983,0.03469542786478996,0.03469542786478996,0.035383980721235275,0.03469542786478996,0.03469542786478996,0.03469542786478996,0.03469542786478996,0.03469542786478996,0.0362546369433403,0.03469542786478996,0.042439550161361694,0.037990789860486984,0.03482093662023544,0.03469542786478996,0.04099760949611664,0.03469542786478996,0.03469542786478996,0.04516852647066116,0.04144556447863579,0.03469542786478996,0.038719307631254196,0.03469542786478996,0.03887716680765152,0.04185378551483154,0.04213915020227432,0.03469542786478996
2020-12-14,0.03843485563993454,0.03470519557595253,0.03470519557595253,0.0352381132543087,0.03470519557595253,0.03470519557595253,0.03470519557595253,0.03470519557595253,0.03470519557595253,0.03615409880876541,0.03470519557595253,0.04250068962574005,0.03809581696987152,0.03476916626095772,0.03470519557595253,0.04089319333434105,0.03470519557595253,0.03470519557595253,0.04529861733317375,0.04133489355444908,0.03470519557595253,0.038604024797677994,0.03470519557595253,0.038885533809661865,0.041852496564388275,0.04206572845578194,0.03470519557595253
2020-12-15,0.03875117748975754,0.03470392897725105,0.03470392897725105,0.03517227619886398,0.03470392897725105,0.03470392897725105,0.03470392897725105,0.03470392897725105,0.03470392897725105,0.03611907735466957,0.03470392897725105,0.04261346161365509,0.03814159706234932,0.03470392897725105,0.03470392897725105,0.04077668488025665,0.03470392897725105,0.03470392897725105,0.04533759504556656,0.041252873837947845,0.03470392897725105,0.038443662226200104,0.03470392897725105,0.03880902752280235,0.04192155599594116,0.04210205376148224,0.03470392897725105
2020-12-16,0.03865010291337967,0.03472256287932396,0.03472256287932396,0.035077180713415146,0.03472256287932396,0.03472256287932396,0.03472256287932396,0.03472256287932396,0.03472256287932396,0.03611496835947037,0.03472256287932396,0.042467083781957626,0.038193266838788986,0.03478751331567764,0.03472256287932396,0.0408061183989048,0.03472256287932396,0.03472256287932396,0.04541095718741417,0.04123207554221153,0.03472256287932396,0.03845908120274544,0.03472256287932396,0.038877394050359726,0.04185156896710396,0.04195687919855118,0.03472256287932396
2020-12-17,0.03842860832810402,0.03472578153014183,0.03472578153014183,0.03514239564538002,0.03472578153014183,0.03472578153014183,0.03472578153014183,0.03472578153014183,0.03472578153014183,0.036082472652196884,0.03472578153014183,0.04239821061491966,0.03814556077122688,0.03493282571434975,0.03472578153014183,0.04091450199484825,0.03472578153014183,0.03472578153014183,0.045419156551361084,0.04126829281449318,0.03472578153014183,0.03854601830244064,0.03472578153014183,0.03894122689962387,0.041763391345739365,0.041856348514556885,0.03472578153014183
2020-12-18,0.03822430223226547,0.03474194556474686,0.03474194556474686,0.03510338068008423,0.03474194556474686,0.03474194556474686,0.03474194556474686,0.03474194556474686,0.03474194556474686,0.03602505475282669,0.03474194556474686,0.042356397956609726,0.03812631592154503,0.03515578433871269,0.03474194556474686,0.040940675884485245,0.03474194556474686,0.03474194556474686,0.04536047577857971,0.04123698174953461,0.03474194556474686,0.03867855668067932,0.03474194556474686,0.03901670500636101,0.0416518859565258,0.04173628240823746,0.03474194556474686
2020-12-21,0.03824643790721893,0.03474714234471321,0.03474714234471321,0.03512096777558327,0.03474714234471321,0.03474714234471321,0.03474714234471321,0.03474714234471321,0.03474714234471321,0.036071229726076126,0.03474714234471321,0.04245071858167648,0.03806961327791214,0.0350441038608551,0.03474714234471321,0.040784332901239395,0.03474714234471321,0.03474714234471321,0.04533303156495094,0.04120314493775368,0.03474714234471321,0.03863285481929779,0.03474714234471321,0.03905731439590454,0.04166940972208977,0.041856799274683,0.03474714234471321
2020-12-22,0.03797978535294533,0.03475502133369446,0.035026974976062775,0.03475502133369446,0.03475502133369446,0.03475502133369446,0.03475502133369446,0.03475502133369446,0.03475502133369446,0.03581657260656357,0.03475502133369446,0.04222128540277481,0.03838082030415535,0.035596806555986404,0.03475502133369446,0.0409538634121418,0.03475502133369446,0.03475502133369446,0.04529517889022827,0.04102247580885887,0.03475502133369446,0.03901732340455055,0.03475502133369446,0.03926445543766022,0.041399601846933365,0.04145456477999687,0.03475502133369446
2020-12-23,0.03818296268582344,0.03475058823823929,0.035191431641578674,0.03475058823823929,0.03475058823823929,0.03475058823823929,0.03475058823823929,0.03475058823823929,0.03475058823823929,0.03585952892899513,0.03475058823823929,0.042416639626026154,0.03838309273123741,0.03547213226556778,0.03475058823823929,0.04064416512846947,0.03475058823823929,0.03475058823823929,0.045043013989925385,0.040944065898656845,0.03475058823823929,0.039040978997945786,0.03475058823823929,0.03912719339132309,0.04151933267712593,0.04166729003190994,0.03475058823823929
2020-12-24,0.03845589607954025,0.0347488597035408,0.03506096452474594,0.0347488597035408,0.0347488597035408,0.0347488597035408,0.0347488597035408,0.0347488597035408,0.0347488597035408,0.03594699129462242,0.0347488597035408,0.042588092386722565,0.038338206708431244,0.03522413596510887,0.0347488597035408,0.04052884131669998,0.0347488597035408,0.0347488597035408,0.04494331032037735,0.04096332937479019,0.0347488597035408,0.038930099457502365,0.0347488597035408,0.038943998515605927,0.04169841483235359,0.04189367964863777,0.0347488597035408
2020-12-28,0.038334522396326065,0.034766726195812225,0.03506128862500191,0.034766726195812225,0.034766726195812225,0.034766726195812225,0.034766726195812225,0.034766726195812225,0.034766726195812225,0.03593229129910469,0.034766726195812225,0.04255704581737518,0.03830519691109657,0.03535821661353111,0.034766726195812225,0.04049284756183624,0.034766726195812225,0.034766726195812225,0.044879164546728134,0.04090939462184906,0.034766726195812225,0.0389784574508667,0.034766726195812225,0.03897576779127121,0.04164332151412964,0.04183831065893173,0.034766726195812225
2020-12-29,0.038286563009023666,0.034794099628925323,0.03497128188610077,0.034794099628925323,0.034794099628925323,0.034794099628925323,0.034794099628925323,0.034794099628925323,0.034794099628925323,0.035821497440338135,0.03484518080949783,0.04259590059518814,0.03828176110982895,0.0356069914996624,0.034794099628925323,0.0405752994120121,0.034794099628925323,0.034794099628925323,0.04473589360713959,0.04080081358551979,0.034794099628925323,0.03904668241739273,0.034794099628925323,0.03887718543410301,0.041559573262929916,0.04167214035987854,0.034794099628925323
2020-12-30,0.03815203160047531,0.034813184291124344,0.034813184291124344,0.034813184291124344,0.034813184291124344,0.034813184291124344,0.034813184291124344,0.034813184291124344,0.034813184291124344,0.03590112924575806,0.034813184291124344,0.04256012290716171,0.038146909326314926,0.03560275584459305,0.034813184291124344,0.04067587852478027,0.034813184291124344,0.034813184291124344,0.044676490128040314,0.04089578241109848,0.034813184291124344,0.03905326873064041,0.034813184291124344,0.038845036178827286,0.04156873747706413,0.04172405228018761,0.034813184291124344
2020-12-31,0.03841492533683777,0.0347910076379776,0.0347910076379776,0.03484443575143814,0.0347910076379776,0.0347910076379776,0.0347910076379776,0.0347910076379776,0.0347910076379776,0.035960130393505096,0.0347910076379776,0.04269164055585861,0.03814638406038284,0.03530147299170494,0.0347910076379776,0.040595319122076035,0.0347910076379776,0.0347910076379776,0.04471205547451973,0.04095061868429184,0.0347910076379776,0.03891802951693535,0.0347910076379776,0.03876250609755516,0.04171633720397949,0.04191200062632561,0.0347910076379776
2021-01-04,0.037037037037037035,0.037037037037037035,0.037037037037037035,0.037037037037037035,0.037037037037037035,0.037037037037037035,0.037037037037037035,0.037037037037037035,0.037037037037037035,0.037037037037037035,0.037037037037037035,0.037037037037037035,0.037037037037037035,0.037037037037037035,0.037037037037037035,0.037037037037037035,0.037037037037037035,0.037037037037037035,0.037037037037037035,0.037037037037037035,0.037037037037037035,0.037037037037037035,0.037037037037037035,0.037037037037037035,0.037037037037037035,0.037037037037037035,0.037037037037037035
2021-01-05,0.03569737449288368,0.03569737449288368,0.03569737449288368,0.04053362458944321,0.03569737449288368,0.03846735134720802,0.03569737449288368,0.0386798195540905,0.03569737449288368,0.03569737449288368,0.03569737449288368,0.03569737449288368,0.03569737449288368,0.03869311138987541,0.03569737449288368,0.03713631257414818,0.03569737449288368,0.03569737449288368,0.036210209131240845,0.03946657106280327,0.03869388997554779,0.03887199983000755,0.03736191987991333,0.03968163952231407,0.03855009749531746,0.03569737449288368,0.03789018839597702
2021-01-06,0.03568568453192711,0.03568568453192711,0.03568568453192711,0.04050319641828537,0.03568568453192711,0.038460858166217804,0.03568568453192711,0.03868011012673378,0.03568568453192711,0.03568568453192711,0.03568568453192711,0.03568568453192711,0.03568568453192711,0.03873739391565323,0.03568568453192711,0.037105292081832886,0.03568568453192711,0.03568568453192711,0.03616653010249138,0.03952059522271156,0.038619209080934525,0.039024073630571365,0.03734555467963219,0.03975096344947815,0.03867948800325394,0.03568568453192711,0.037807174026966095
2021-01-07,0.03568253293633461,0.03568253293633461,0.03568253293633461,0.040271565318107605,0.03568253293633461,0.03808228671550751,0.03568253293633461,0.03849031776189804,0.03568253293633461,0.03568253293633461,0.03568253293633461,0.03568253293633461,0.03568253293633461,0.03905901685357094,0.03568253293633461,0.036760784685611725,0.03568253293633461,0.03568253293633461,0.03587473928928375,0.03953506797552109,0.03805900737643242,0.03946700319647789,0.037614766508340836,0.040224093943834305,0.039521098136901855,0.03568253293633461,0.03748477250337601
2021-01-08,0.035680580884218216,0.035680580884218216,0.035680580884218216,0.04031612351536751,0.035680580884218216,0.03810803219676018,0.035680580884218216,0.03846581280231476,0.035680580884218216,0.035680580884218216,0.035680580884218216,0.035680580884218216,0.035680580884218216,0.03914571553468704,0.035680580884218216,0.03670686483383179,0.035680580884218216,0.035680580884218216,0.035826675593853,0.039487265050411224,0.03802843019366264,0.03957684710621834,0.03763402998447418,0.040254563093185425,0.03953573852777481,0.035680580884218216,0.03738577663898468
2021-01-11,0.03568454831838608,0.03568454831838608,0.03568454831838608,0.04055992141366005,0.03568454831838608,0.03836429491639137,0.03568454831838608,0.03849993646144867,0.03568454831838608,0.03568454831838608,0.03568454831838608,0.03568454831838608,0.03568454831838608,0.039031729102134705,0.03568454831838608,0.03682645037770271,0.03568454831838608,0.03568454831838608,0.03597215935587883,0.039434585720300674,0.038115426898002625,0.03933660686016083,0.03750463202595711,0.040012311190366745,0.039260245859622955,0.03568454831838608,0.037498027086257935
2021-01-12,0.03569946065545082,0.03569946065545082,0.03569946065545082,0.040443141013383865,0.03569946065545082,0.038274988532066345,0.03569946065545082,0.038456790149211884,0.03569946065545082,0.03569946065545082,0.03569946065545082,0.03569946065545082,0.03569946065545082,0.039049237966537476,0.03569946065545082,0.036848556250333786,0.03569946065545082,0.03569946065545082,0.0359959602355957,0.039403464645147324,0.03808115795254707,0.03929314389824867,0.03751029446721077,0.039996810257434845,0.039307668805122375,0.03569946065545082,0.037546299397945404
2021-01-13,0.035705793648958206,0.035705793648958206,0.035705793648958206,0.04050933197140694,0.035705793648958206,0.03839307278394699,0.035705793648958206,0.03849257901310921,0.035705793648958206,0.035705793648958206,0.035705793648958206,0.035705793648958206,0.035705793648958206,0.03885943815112114,0.035705793648958206,0.03688015043735504,0.035705793648958206,0.035705793648958206,0.03604172170162201,0.03947305306792259,0.03811720758676529,0.039169710129499435,0.037393372505903244,0.03988372161984444,0.03919406980276108,0.035705793648958206,0.037711404263973236
2021-01-14,0.035705212503671646,0.035705212503671646,0.035705212503671646,0.040707122534513474,0.035705212503671646,0.03861914202570915,0.035705212503671646,0.038584042340517044,0.035705212503671646,0.035705212503671646,0.035705212503671646,0.035705212503671646,0.035705212503671646,0.0385468453168869,0.035705212503671646,0.037015609443187714,0.035705212503671646,0.035705212503671646,0.03614689037203789,0.03954749181866646,0.03827064856886864,0.03896297141909599,0.03724366053938866,0.03966979682445526,0.038897935301065445,0.035705212503671646,0.03791484609246254
2021-01-15,0.03571885824203491,0.03571885824203491,0.03571885824203491,0.04088730737566948,0.03571885824203491,0.03882743790745735,0.035758860409259796,0.038647327572107315,0.03571885824203491,0.03571885824203491,0.03571885824203491,0.03571885824203491,0.03571885824203491,0.03823208436369896,0.03571885824203491,0.036876849830150604,0.03571885824203491,0.03571885824203491,0.03607693314552307,0.039724934846162796,0.03832343593239784,0.03889675810933113,0.03708075359463692,0.03966514393687248,0.03863716498017311,0.03571885824203491,0.03801979497075081
2021-01-19,0.03575468808412552,0.03575468808412552,0.03575468808412552,0.04074058681726456,0.03575468808412552,0.03868193179368973,0.03578419238328934,0.03862190619111061,0.03575468808412552,0.03575468808412552,0.03575468808412552,0.03575468808412552,0.03575468808412552,0.0381384901702404,0.03575468808412552,0.03705040365457535,0.03575468808412552,0.03575468808412552,0.036268822848796844,0.039627157151699066,0.03837475925683975,0.03860512748360634,0.03703376278281212,0.0394802987575531,0.03851857781410217,0.03575468808412552,0.03826306760311127
2021-01-20,0.035749178379774094,0.035749178379774094,0.035749178379774094,0.040732529014348984,0.035749178379774094,0.038655683398246765,0.035775326192379,0.038627587258815765,0.035749178379774094,0.035749178379774094,0.035749178379774094,0.035749178379774094,0.035749178379774094,0.03813708946108818,0.035749178379774094,0.03705206513404846,0.035749178379774094,0.035749178379774094,0.036232903599739075,0.039663270115852356,0.03827643021941185,0.03865033760666847,0.03705119714140892,0.03953377157449722,0.03868352249264717,0.035749178379774094,0.038189034909009933
2021-01-21,0.035751987248659134,0.035751987248659134,0.035751987248659134,0.04067661240696907,0.035751987248659134,0.03862856701016426,0.035751987248659134,0.03863395377993584,0.035751987248659134,0.035751987248659134,0.035751987248659134,0.035751987248659134,0.035751987248659134,0.03821108862757683,0.035751987248659134,0.037024520337581635,0.035751987248659134,0.035751987248659134,0.03616896644234657,0.039584867656230927,0.03819514438509941,0.038690026849508286,0.03708799555897713,0.039569489657878876,0.03885829076170921,0.035751987248659134,0.0381426177918911
2021-01-22,0.03573967516422272,0.03573967516422272,0.03573967516422272,0.04085318371653557,0.03573967516422272,0.03874632716178894,0.03575766459107399,0.038743726909160614,0.03573967516422272,0.03573967516422272,0.03573967516422272,0.03573967516422272,0.03573967516422272,0.03802723065018654,0.03573967516422272,0.03709470108151436,0.03573967516422272,0.03573967516422272,0.0362694151699543,0.03965761885046959,0.038425806909799576,0.03860427811741829,0.036958787590265274,0.03945460915565491,0.038556743413209915,0.03573967516422272,0.03823414444923401
2021-01-25,0.03574450686573982,0.03574450686573982,0.03574450686573982,0.04078848287463188,0.03574450686573982,0.03870363160967827,0.03574450686573982,0.03867046907544136,0.03574450686573982,0.03574450686573982,0.03574450686573982,0.03574450686573982,0.03574450686573982,0.03816332668066025,0.03574450686573982,0.037090808153152466,0.03574450686573982,0.03587464615702629,0.036364614963531494,0.03957713395357132,0.038641706109046936,0.03855253383517265,0.03704327344894409,0.03939216583967209,0.03824803605675697,0.03574450686573982,0.038210611790418625
2021-01-26,0.03570113703608513,0.03570113703608513,0.03570113703608513,0.04070058465003967,0.03570113703608513,0.038732971996068954,0.03570113703608513,0.03867916017770767,0.03570113703608513,0.03570113703608513,0.03570113703608513,0.03570113703608513,0.03570113703608513,0.03843773528933525,0.03570113703608513,0.03715333715081215,0.03570113703608513,0.03570113703608513,0.03627462312579155,0.039613544940948486,0.038652557879686356,0.03894677013158798,0.03711220249533653,0.03953952714800835,0.03839864954352379,0.03570113703608513,0.03794240579009056
2021-01-27,0.035728082060813904,0.035728082060813904,0.035728082060813904,0.040682222694158554,0.035728082060813904,0.03867524489760399,0.035728082060813904,0.038591235876083374,0.035728082060813904,0.035728082060813904,0.035728082060813904,0.035728082060813904,0.035728082060813904,0.03838653862476349,0.035728082060813904,0.03714537248015404,0.035728082060813904,0.035728082060813904,0.036407407373189926,0.03959749639034271,0.03871869668364525,0.03873741626739502,0.037166520953178406,0.039484601467847824,0.038203444331884384,0.035728082060813904,0.03801063075661659
2021-01-28,0.03582170978188515,0.03582170978188515,0.03582170978188515,0.04032018035650253,0.03582170978188515,0.03835604712367058,0.03589431568980217,0.038529761135578156,0.03582170978188515,0.03582170978188515,0.03582170978188515,0.03582170978188515,0.03582170978188515,0.03821714222431183,0.03582170978188515,0.03699821978807449,0.03582170978188515,0.036489177495241165,0.036794207990169525,0.03941965475678444,0.03870252147316933,0.037889719009399414,0.03710823506116867,0.039280131459236145,0.037729743868112564,0.03582170978188515,0.038410484790802
2021-01-29,0.03576387092471123,0.03576387092471123,0.03576387092471123,0.04047006368637085,0.03576387092471123,0.03856538236141205,0.03576387092471123,0.03860931843519211,0.03576387092471123,0.03576387092471123,0.03576387092471123,0.03576387092471123,0.03576387092471123,0.03839832544326782,0.03576387092471123,0.03710373118519783,0.03576387092471123,0.035838205367326736,0.036528486758470535,0.039564404636621475,0.038770679384469986,0.038462236523628235,0.03716547414660454,0.03945652022957802,0.03801500424742699,0.03576387092471123,0.038121823221445084
2021-02-01,0.03576180711388588,0.03576180711388588,0.03576180711388588,0.04040883481502533,0.03576180711388588,0.03855184465646744,0.03593173250555992,0.038630347698926926,0.03576180711388588,0.03576180711388588,0.03576180711388588,0.03576180711388588,0.03576180711388588,0.03815316781401634,0.03576180711388588,0.03715246915817261,0.03576180711388588,0.03612901642918587,0.03665900602936745,0.0397852286696434,0.039296552538871765,0.0383770689368248,0.03699781000614166,0.03940829634666443,0.037210021167993546,0.03576180711388588,0.03816691040992737
2021-02-02,0.03574448451399803,0.03574448451399803,0.03574448451399803,0.04041203111410141,0.03574448451399803,0.03856630623340607,0.03577466309070587,0.03860823065042496,0.03574448451399803,0.03574448451399803,0.03574448451399803,0.03574448451399803,0.03574448451399803,0.038405779749155045,0.03574448451399803,0.03717833757400513,0.03574448451399803,0.03574448451399803,0.03657430410385132,0.039764583110809326,0.03919956460595131,0.03867980092763901,0.03711473196744919,0.03952581062912941,0.03753092512488365,0.03574448451399803,0.03798659145832062
2021-02-03,0.03568978235125542,0.03568978235125542,0.03568978235125542,0.0405404306948185,0.03568978235125542,0.03865862265229225,0.03568978235125542,0.038677021861076355,0.03568978235125542,0.03568978235125542,0.03568978235125542,0.03568978235125542,0.03568978235125542,0.038577985018491745,0.03568978235125542,0.03711313009262085,0.03568978235125542,0.03568978235125542,0.03632892295718193,0.039746128022670746,0.039062220603227615,0.03905748203396797,0.037127815186977386,0.03966367989778519,0.03793502226471901,0.03568978235125542,0.03785456344485283
2021-02-04,0.035696711391210556,0.035696711391210556,0.035696711391210556,0.04047511890530586,0.035696711391210556,0.038595039397478104,0.035696711391210556,0.038685623556375504,0.035696711391210556,0.035696711391210556,0.035696711391210556,0.035696711391210556,0.035696711391210556,0.03862210735678673,0.035696711391210556,0.03707973659038544,0.035696711391210556,0.035696711391210556,0.03630633279681206,0.0397210493683815,0.03903227299451828,0.03901302069425583,0.0371209979057312,0.039684318006038666,0.03800928220152855,0.035696711391210556,0.03790118917822838
2021-02-05,0.03569033369421959,0.03569033369421959,0.03569033369421959,0.04051438346505165,0.03569033369421959,0.038614917546510696,0.03569033369421959,0.0386493057012558,0.03569033369421959,0.03569033369421959,0.03569033369421959,0.03569033369421959,0.03569033369421959,0.03869415819644928,0.03569033369421959,0.03699055314064026,0.03569033369421959,0.03569033369421959,0.03621673956513405,0.03970302641391754,0.03884061425924301,0.03907475620508194,0.037108104676008224,0.03973987326025963,0.0382840521633625,0.03569033369421959,0.03790474310517311
2021-02-08,0.03568568453192711,0.03568568453192711,0.03568568453192711,0.040507011115550995,0.03568568453192711,0.038583263754844666,0.03568568453192711,0.038568783551454544,0.03568568453192711,0.03568568453192711,0.03568568453192711,0.03568568453192711,0.03568568453192711,0.03890620917081833,0.03568568453192711,0.03693580999970436,0.03568568453192711,0.03568568453192711,0.03614741936326027,0.03955744579434395,0.03855510801076889,0.03912129998207092,0.03725137189030647,0.03980283811688423,0.03868774324655533,0.03568568453192711,0.03777604550123215
2021-02-09,0.03570171818137169,0.03570171818137169,0.03570171818137169,0.04042232781648636,0.03570171818137169,0.03849796950817108,0.03570171818137169,0.03850214555859566,0.03570171818137169,0.03570171818137169,0.03570171818137169,0.03570171818137169,0.03570171818137169,0.038961008191108704,0.03570171818137169,0.03690854460000992,0.03570171818137169,0.03570171818137169,0.03613191097974777,0.03948316350579262,0.03841886296868324,0.03903117775917053,0.03731448948383331,0.039812199771404266,0.038864780217409134,0.03570171818137169,0.03782738000154495
2021-02-10,0.035709869116544724,0.035709869116544724,0.035709869116544724,0.04042954742908478,0.035709869116544724,0.03847722336649895,0.035709869116544724,0.038516633212566376,0.035709869116544724,0.035709869116544724,0.035709869116544724,0.035709869116544724,0.035709869116544724,0.03888792544603348,0.035709869116544724,0.036946460604667664,0.035709869116544724,0.035709869116544724,0.03615022078156471,0.03947105631232262,0.03844456002116203,0.03892667964100838,0.03730611503124237,0.039763763546943665,0.0388350784778595,0.035709869116544724,0.037906527519226074
2021-02-11,0.03570248559117317,0.03570248559117317,0.03570248559117317,0.04050112143158913,0.03570248559117317,0.0385582260787487,0.03570248559117317,0.03856666758656502,0.03570248559117317,0.03570248559117317,0.03570248559117317,0.03570248559117317,0.03570248559117317,0.038768038153648376,0.03570248559117317,0.03705058991909027,0.03570248559117317,0.03570248559117317,0.03619472682476044,0.03950607031583786,0.03854134678840637,0.03888493403792381,0.037285108119249344,0.03966796025633812,0.0386921651661396,0.03570248559117317,0.03794822841882706
2021-02-12,0.03571925312280655,0.03571925312280655,0.03571925312280655,0.04051699861884117,0.03571925312280655,0.0385684072971344,0.03571925312280655,0.03855132684111595,0.03571925312280655,0.03571925312280655,0.03571925312280655,0.03571925312280655,0.03571925312280655,0.038667671382427216,0.03571925312280655,0.0370817705988884,0.03571925312280655,0.03571925312280655,0.036262765526771545,0.039516326040029526,0.03857257962226868,0.03876978158950806,0.03724551200866699,0.03959862142801285,0.038558389991521835,0.03571925312280655,0.03802031651139259
2021-02-16,0.03573022037744522,0.03573022037744522,0.03573022037744522,0.04054546356201172,0.03573022037744522,0.03859826549887657,0.035748180001974106,0.038572922348976135,0.03573022037744522,0.03573022037744522,0.03573022037744522,0.03573022037744522,0.03573022037744522,0.038526035845279694,0.03573022037744522,0.03708140552043915,0.03573022037744522,0.03573022037744522,0.036294929683208466,0.03954790532588959,0.038627397269010544,0.038632217794656754,0.0372028686106205,0.0395333357155323,0.03842703625559807,0.03573022037744522,0.038169145584106445
2021-02-17,0.03573255613446236,0.03573255613446236,0.03573255613446236,0.04065389558672905,0.03573255613446236,0.03865260258316994,0.03590377792716026,0.03854970261454582,0.03573255613446236,0.03573255613446236,0.03573255613446236,0.03573255613446236,0.03573255613446236,0.03830272704362869,0.03573255613446236,0.03696393594145775,0.03573255613446236,0.03573255613446236,0.036227479577064514,0.039679158478975296,0.03839299455285072,0.038611091673374176,0.037134576588869095,0.03960463032126427,0.038576241582632065,0.03573255613446236,0.03822403401136398
2021-02-18,0.035685352981090546,0.035685352981090546,0.035685352981090546,0.04079084098339081,0.035685352981090546,0.03872448578476906,0.0358416810631752,0.03853628411889076,0.035685352981090546,0.035685352981090546,0.035685352981090546,0.035685352981090546,0.035685352981090546,0.038437142968177795,0.035685352981090546,0.03697320818901062,0.035685352981090546,0.035685352981090546,0.03614728897809982,0.039744604378938675,0.03816661238670349,0.03887929767370224,0.037196338176727295,0.03968694433569908,0.038955941796302795,0.035685352981090546,0.03800978139042854
2021-02-19,0.035700201988220215,0.035700201988220215,0.035700201988220215,0.04072907939553261,0.035700201988220215,0.03874732553958893,0.035778652876615524,0.03855648264288902,0.035700201988220215,0.035700201988220215,0.035700201988220215,0.035700201988220215,0.035700201988220215,0.03835810348391533,0.035700201988220215,0.03710807114839554,0.035700201988220215,0.035700201988220215,0.03624393045902252,0.03969135135412216,0.03838101401925087,0.03883504495024681,0.037143606692552567,0.03956809639930725,0.03864828124642372,0.035700201988220215,0.03810827061533928
2021-02-22,0.035701774060726166,0.035701774060726166,0.035701774060726166,0.04078873619437218,0.035701774060726166,0.038744185119867325,0.03589917719364166,0.03853999078273773,0.035701774060726166,0.035701774060726166,0.035701774060726166,0.035701774060726166,0.035701774060726166,0.038202136754989624,0.035701774060726166,0.03709205240011215,0.035701774060726166,0.035701774060726166,0.03625355288386345,0.0397610068321228,0.03825919330120087,0.038754310458898544,0.03711900860071182,0.03956872224807739,0.038739632815122604,0.035701774060726166,0.03815518692135811
2021-02-23,0.035688016563653946,0.035688016563653946,0.035688016563653946,0.04087521508336067,0.035688016563653946,0.03889917582273483,0.035952404141426086,0.03857799619436264,0.035688016563653946,0.035688016563653946,0.035688016563653946,0.035688016563653946,0.035688016563653946,0.03809468448162079,0.035688016563653946,0.03702998533844948,0.035688016563653946,0.035688016563653946,0.03616384044289589,0.039883412420749664,0.03835795447230339,0.038861196488142014,0.03709692507982254,0.03961066156625748,0.03853430226445198,0.035688016563653946,0.03811805695295334
2021-02-24,0.03571389243006706,0.03571389243006706,0.03571389243006706,0.04080267623066902,0.03571389243006706,0.038748931139707565,0.03621295094490051,0.03847968950867653,0.03571389243006706,0.03571389243006706,0.03571389243006706,0.03571389243006706,0.03571389243006706,0.03783590346574783,0.03571389243006706,0.03714218735694885,0.03571389243006706,0.03571389243006706,0.03630548715591431,0.03992560878396034,0.038290176540613174,0.03853153437376022,0.03704068809747696,0.03948924317955971,0.03855636715888977,0.03571389243006706,0.03835796192288399
2021-02-25,0.03569906949996948,0.03569906949996948,0.03569906949996948,0.04089250788092613,0.03569906949996948,0.03863148391246796,0.03663088008761406,0.038334477692842484,0.03569906949996948,0.03569906949996948,0.03569906949996948,0.03569906949996948,0.03569906949996948,0.03759746998548508,0.03569906949996948,0.03701750189065933,0.03569906949996948,0.03569906949996948,0.03628293797373772,0.04011420160531998,0.03782045468688011,0.03845832124352455,0.03702187538146973,0.03958670422434807,0.039102520793676376,0.03569906949996948,0.038420744240283966
2021-02-26,0.03572012484073639,0.03572012484073639,0.03572012484073639,0.04095657542347908,0.03572012484073639,0.03865370154380798,0.03655749559402466,0.03840683400630951,0.03572012484073639,0.03572012484073639,0.03572012484073639,0.03572012484073639,0.03572012484073639,0.03750988468527794,0.03572012484073639,0.0370873361825943,0.03572012484073639,0.03572012484073639,0.036445435136556625,0.040076080709695816,0.03805708512663841,0.03825771063566208,0.03694385290145874,0.03944335877895355,0.03868347033858299,0.03572012484073639,0.03855953365564346
2021-03-01,0.03577124699950218,0.03577124699950218,0.03577124699950218,0.04061102867126465,0.03577124699950218,0.03837743028998375,0.03621203824877739,0.03850836679339409,0.03577124699950218,0.03577124699950218,0.03577124699950218,0.03577124699950218,0.03577124699950218,0.03783595189452171,0.03577124699950218,0.03706729784607887,0.03577124699950218,0.03577124699950218,0.03646201640367508,0.03981216624379158,0.03839186578989029,0.03808482736349106,0.03711501136422157,0.03947702422738075,0.03835544362664223,0.03577124699950218,0.038663286715745926
2021-03-02,0.035751912742853165,0.035751912742853165,0.035751912742853165,0.04070134088397026,0.035751912742853165,0.038476426154375076,0.03619173914194107,0.038541387766599655,0.035751912742853165,0.035751912742853165,0.035751912742853165,0.035751912742853165,0.035751912742853165,0.03784124553203583,0.035751912742853165,0.03708190098404884,0.035751912742853165,0.035751912742853165,0.0364244282245636,0.039849523454904556,0.038338880985975266,0.038190990686416626,0.03706258907914162,0.03947453573346138,0.038457076996564865,0.035751912742853165,0.03859301283955574
2021-03-03,0.03578908368945122,0.03578908368945122,0.03578908368945122,0.04057350382208824,0.03578908368945122,0.03838467225432396,0.03618181124329567,0.03858260065317154,0.03578908368945122,0.03578908368945122,0.03578908368945122,0.03578908368945122,0.03578908368945122,0.03779267519712448,0.03578908368945122,0.037058986723423004,0.03578908368945122,0.03586513549089432,0.03644201532006264,0.03978376463055611,0.03844915330410004,0.037952497601509094,0.03704020380973816,0.03941549360752106,0.038255903869867325,0.03578908368945122,0.03875264152884483
2021-03-04,0.035841070115566254,0.035841070115566254,0.035841070115566254,0.040283460170030594,0.035841070115566254,0.03804916515946388,0.03633908927440643,0.03852415084838867,0.035841070115566254,0.035841070115566254,0.035841070115566254,0.035841070115566254,0.035841070115566254,0.03774159774184227,0.035841070115566254,0.0370488204061985,0.035841070115566254,0.035841070115566254,0.0364399254322052,0.03975965455174446,0.03807579725980759,0.03766229748725891,0.03702894598245621,0.03943239524960518,0.03876107931137085,0.035841070115566254,0.03891967982053757
2021-03-05,0.035927414894104004,0.035927414894104004,0.035927414894104004,0.03983059525489807,0.035927414894104004,0.03769783303141594,0.03609451651573181,0.03864918649196625,0.035927414894104004,0.035927414894104004,0.035927414894104004,0.035927414894104004,0.035927414894104004,0.037869345396757126,0.035927414894104004,0.0370263010263443,0.035927414894104004,0.03609449788928032,0.03649017587304115,0.03945455327630043,0.03780083730816841,0.037139665335416794,0.03715349733829498,0.03940465673804283,0.03912639990448952,0.035927414894104004,0.03903894126415253
2021-03-08,0.035874225199222565,0.035874225199222565,0.035874225199222565,0.04000486433506012,0.035874225199222565,0.03780418634414673,0.03617048263549805,0.03859487175941467,0.035874225199222565,0.035874225199222565,0.035874225199222565,0.035874225199222565,0.035874225199222565,0.03791634365916252,0.035874225199222565,0.03717361018061638,0.035874225199222565,0.035874225199222565,0.03651914373040199,0.03952876105904579,0.03760700300335884,0.037347763776779175,0.037158120423555374,0.03936481103301048,0.03952841833233833,0.035874225199222565,0.038916684687137604
2021-03-09,0.03583768010139465,0.03583768010139465,0.03583768010139465,0.04040023311972618,0.03583768010139465,0.038103580474853516,0.036793045699596405,0.038470178842544556,0.03583768010139465,0.03583768010139465,0.03583768010139465,0.03583768010139465,0.03583768010139465,0.03735226020216942,0.03583768010139465,0.03717147931456566,0.03583768010139465,0.03583768010139465,0.0366673544049263,0.03986945375800133,0.03771549463272095,0.03734781593084335,0.03687019273638725,0.03918477147817612,0.039057500660419464,0.03583768010139465,0.03910685330629349
2021-03-10,0.03582540899515152,0.03582540899515152,0.03582540899515152,0.040486060082912445,0.03582540899515152,0.03820877522230148,0.03652564436197281,0.03852812200784683,0.03582540899515152,0.03582540899515152,0.03582540899515152,0.03582540899515152,0.03582540899515152,0.03754035755991936,0.03582540899515152,0.03713299706578255,0.03582540899515152,0.03582540899515152,0.03658796474337578,0.039817243814468384,0.037912290543317795,0.03752300888299942,0.03693324327468872,0.03925999999046326,0.03885410726070404,0.03582540899515152,0.03895977512001991
2021-03-11,0.03579777851700783,0.03579777851700783,0.03579777851700783,0.0406431183218956,0.03579777851700783,0.038403067737817764,0.03680175542831421,0.038466066122055054,0.03579777851700783,0.03579777851700783,0.03579777851700783,0.03579777851700783,0.03579777851700783,0.037349071353673935,0.03579777851700783,0.03699394688010216,0.03579777851700783,0.03579777851700783,0.03646474704146385,0.04004986584186554,0.03769707679748535,0.03771694377064705,0.036838412284851074,0.0393303781747818,0.03899886831641197,0.03579777851700783,0.03887550160288811
2021-03-12,0.03578982502222061,0.03578982502222061,0.03578982502222061,0.0405573844909668,0.03578982502222061,0.03841619938611984,0.03658335283398628,0.03849666565656662,0.03578982502222061,0.03578982502222061,0.03578982502222061,0.03578982502222061,0.03578982502222061,0.037592846900224686,0.03578982502222061,0.0368916355073452,0.03578982502222061,0.03578982502222061,0.03626132011413574,0.03999894857406616,0.037540826946496964,0.037969283759593964,0.036943793296813965,0.03951793909072876,0.039344705641269684,0.03578982502222061,0.038617394864559174
2021-03-15,0.035787541419267654,0.035787541419267654,0.035787541419267654,0.04065261408686638,0.035787541419267654,0.03860125690698624,0.03701571002602577,0.03848137706518173,0.035787541419267654,0.035787541419267654,0.035787541419267654,0.035787541419267654,0.035787541419267654,0.03728463873267174,0.035787541419267654,0.03658723458647728,0.035787541419267654,0.035787541419267654,0.03609061986207962,0.04025223106145859,0.03732885792851448,0.037968214601278305,0.036853186786174774,0.03966609388589859,0.03940103203058243,0.035787541419267654,0.03857887163758278
2021-03-16,0.03578153997659683,0.03578153997659683,0.03578153997659683,0.0405278280377388,0.03578153997659683,0.0386342778801918,0.03702578321099281,0.03841594606637955,0.03578153997659683,0.03578153997659683,0.03578153997659683,0.03578153997659683,0.03578153997659683,0.037456121295690536,0.03578153997659683,0.03621970862150192,0.03578153997659683,0.03578153997659683,0.035930365324020386,0.040262822061777115,0.036883000284433365,0.03807894140481949,0.0372045636177063,0.04005155339837074,0.03992403298616409,0.03578153997659683,0.03822505846619606
2021-03-17,0.03577963262796402,0.03577963262796402,0.03577963262796402,0.04075365141034126,0.03614766150712967,0.03921491652727127,0.03712441772222519,0.03871721029281616,0.03577963262796402,0.03577963262796402,0.03577963262796402,0.03577963262796402,0.03577963262796402,0.03703637793660164,0.03577963262796402,0.036155249923467636,0.03577963262796402,0.03577963262796402,0.03597342222929001,0.040110912173986435,0.03688763454556465,0.03771405294537544,0.03702526539564133,0.040141813457012177,0.03956266865134239,0.03577963262796402,0.0380791537463665
2021-03-18,0.03577711060643196,0.03577711060643196,0.03577711060643196,0.040756214410066605,0.03626818209886551,0.03953337296843529,0.0372140072286129,0.03871295228600502,0.03577711060643196,0.03577711060643196,0.03577711060643196,0.03577711060643196,0.03577711060643196,0.03664053976535797,0.03577711060643196,0.03622524440288544,0.03577711060643196,0.03577711060643196,0.03596295788884163,0.04008752107620239,0.03676920384168625,0.03763161972165108,0.03702276572585106,0.03999459370970726,0.039631202816963196,0.03577711060643196,0.03822419047355652
2021-03-19,0.035752374678850174,0.035752374678850174,0.035752374678850174,0.04078437015414238,0.036092620342969894,0.03972284123301506,0.037144605070352554,0.038581088185310364,0.035752374678850174,0.035752374678850174,0.035752374678850174,0.035752374678850174,0.035752374678850174,0.036928027868270874,0.035752374678850174,0.036132730543613434,0.035752374678850174,0.035752374678850174,0.035752374678850174,0.04004282504320145,0.03657327592372894,0.03818167373538017,0.036942463368177414,0.04010486602783203,0.04001284018158913,0.035752374678850174,0.03797493129968643
2021-03-22,0.035752665251493454,0.035752665251493454,0.035752665251493454,0.04092975705862045,0.03609609231352806,0.03998710215091705,0.03723283112049103,0.038518670946359634,0.035752665251493454,0.035752665251493454,0.035752665251493454,0.035752665251493454,0.035752665251493454,0.03682957589626312,0.035752665251493454,0.03623257204890251,0.035752665251493454,0.035752665251493454,0.035752665251493454,0.04004555940628052,0.037007708102464676,0.038160767406225204,0.03692769631743431,0.04002569988369942,0.039329033344984055,0.035752665251493454,0.037892263382673264
2021-03-23,0.03572528436779976,0.03572528436779976,0.03572528436779976,0.040947359055280685,0.03611588478088379,0.04026968032121658,0.037010688334703445,0.038443971425294876,0.03572528436779976,0.03572528436779976,0.03572528436779976,0.03572528436779976,0.03572528436779976,0.03704594448208809,0.03572528436779976,0.036340128630399704,0.03572528436779976,0.03572528436779976,0.03572528436779976,0.039886120706796646,0.0371256098151207,0.03842579573392868,0.03725544363260269,0.04002446308732033,0.039131518453359604,0.03572528436779976,0.03754878789186478
2021-03-24,0.03571847453713417,0.03571847453713417,0.03571847453713417,0.04094259813427925,0.03658386692404747,0.04039929434657097,0.03672150522470474,0.0385027751326561,0.03571847453713417,0.03571847453713417,0.03571847453713417,0.03655920550227165,0.03571847453713417,0.037046775221824646,0.03571847453713417,0.036518171429634094,0.03571847453713417,0.03687997907400131,0.03600238636136055,0.039449337869882584,0.0373455174267292,0.03791926056146622,0.03706477954983711,0.03944529592990875,0.03801426663994789,0.03571847453713417,0.037420228123664856
2021-03-25,0.03571503609418869,0.03571503609418869,0.03571503609418869,0.04108607396483421,0.03697682544589043,0.04094020649790764,0.03731958568096161,0.03864476457238197,0.03571503609418869,0.03571503609418869,0.03571503609418869,0.03710540384054184,0.03571503609418869,0.036687593907117844,0.03571503609418869,0.03667933866381645,0.03571503609418869,0.036533914506435394,0.03571503609418869,0.03927864134311676,0.037085771560668945,0.037891000509262085,0.036963194608688354,0.03939056023955345,0.037757862359285355,0.03571503609418869,0.03679390996694565
2021-03-26,0.035779498517513275,0.035779498517513275,0.035779498517513275,0.04058731719851494,0.03708953410387039,0.0404137447476387,0.03731715679168701,0.038512445986270905,0.035779498517513275,0.035779498517513275,0.035779498517513275,0.037630148231983185,0.035779498517513275,0.03703749179840088,0.035779498517513275,0.03653194382786751,0.035779498517513275,0.03631741553544998,0.036048028618097305,0.038987260311841965,0.036494817584753036,0.03753962367773056,0.03706438094377518,0.03916123881936073,0.038262687623500824,0.035779498517513275,0.037209801375865936
2021-03-29,0.03572450578212738,0.03572450578212738,0.03572450578212738,0.04102222993969917,0.036984529346227646,0.04120620712637901,0.03776944428682327,0.03853635489940643,0.03572450578212738,0.03572450578212738,0.03572450578212738,0.036913614720106125,0.03572450578212738,0.03695760667324066,0.03572450578212738,0.03651725500822067,0.03572450578212738,0.03572450578212738,0.03587319701910019,0.039140425622463226,0.03614835813641548,0.0381045863032341,0.037142567336559296,0.039220135658979416,0.03872733190655708,0.03572450578212738,0.03676658496260643
2021-03-30,0.03573193401098251,0.03573193401098251,0.03573193401098251,0.04086732491850853,0.036979790776968,0.0412188284099102,0.0375959537923336,0.038271401077508926,0.03573193401098251,0.03573193401098251,0.03573193401098251,0.03716634213924408,0.03573193401098251,0.03759092837572098,0.03573193401098251,0.03652923181653023,0.03573193401098251,0.03573193401098251,0.03616350144147873,0.03870084509253502,0.035915058106184006,0.03811698779463768,0.037438493221998215,0.038987334817647934,0.03876381739974022,0.03573193401098251,0.03664287552237511
2021-03-31,0.03575626015663147,0.03575626015663147,0.03575626015663147,0.040904879570007324,0.03749355673789978,0.041088201105594635,0.03784606233239174,0.03859134018421173,0.03575626015663147,0.03575626015663147,0.03575626015663147,0.037601571530103683,0.03575626015663147,0.03672751784324646,0.03575626015663147,0.036229830235242844,0.03575626015663147,0.03575626015663147,0.03615032508969307,0.03892001509666443,0.03589871898293495,0.037646353244781494,0.03704625740647316,0.03913950175046921,0.0385008342564106,0.03575626015663147,0.03689616918563843
2021-04-01,0.03577186539769173,0.03577186539769173,0.03577186539769173,0.04056493192911148,0.037677548825740814,0.04098384082317352,0.03741203248500824,0.03860339894890785,0.03577186539769173,0.03577186539769173,0.03577186539769173,0.037975769490003586,0.03577186539769173,0.03720612823963165,0.03577186539769173,0.03657544031739235,0.03577186539769173,0.03587314486503601,0.03601645305752754,0.038484543561935425,0.036091599613428116,0.03770150616765022,0.03741542249917984,0.03911328688263893,0.038272153586149216,0.03577186539769173,0.03631417825818062
2021-04-05,0.03571462631225586,0.03571462631225586,0.03571462631225586,0.04082753136754036,0.03798548877239227,0.041779499500989914,0.0372341051697731,0.03869744390249252,0.03571462631225586,0.03571462631225586,0.03571462631225586,0.03796925023198128,0.03571462631225586,0.03702201694250107,0.03571462631225586,0.03713468089699745,0.03571462631225586,0.036294762045145035,0.035895705223083496,0.03822142258286476,0.03623504191637039,0.03768064081668854,0.03736448287963867,0.038664113730192184,0.038042474538087845,0.03571462631225586,0.03580504655838013
2021-04-06,0.035684987902641296,0.035684987902641296,0.035684987902641296,0.04081083461642265,0.038242630660533905,0.041712116450071335,0.037128761410713196,0.03847610577940941,0.035684987902641296,0.035935621708631516,0.035684987902641296,0.03814900666475296,0.035684987902641296,0.037248630076646805,0.035684987902641296,0.036938682198524475,0.035684987902641296,0.035986680537462234,0.036280982196331024,0.03794422373175621,0.03590581938624382,0.03734426200389862,0.037728022783994675,0.038474664092063904,0.03866421431303024,0.035684987902641296,0.03586387634277344
2021-04-07,0.03567856550216675,0.03567856550216675,0.03567856550216675,0.04082769155502319,0.038356658071279526,0.04210688918828964,0.03732983022928238,0.038494523614645004,0.03567856550216675,0.03602498769760132,0.03567856550216675,0.038131233304739,0.03567856550216675,0.0369604267179966,0.03567856550216675,0.036924298852682114,0.03567856550216675,0.036803971976041794,0.03625892847776413,0.03785809129476547,0.0362878181040287,0.03724644333124161,0.037284158170223236,0.03816583752632141,0.03781203180551529,0.03567856550216675,0.036019083112478256
2021-04-08,0.03566804900765419,0.03566804900765419,0.03566804900765419,0.04057072475552559,0.0390322282910347,0.042556263506412506,0.0375458262860775,0.03848887234926224,0.03566804900765419,0.03678814694285393,0.03566804900765419,0.0385790579020977,0.03566804900765419,0.03642138093709946,0.03583250939846039,0.037012673914432526,0.03566804900765419,0.03726242482662201,0.03652650862932205,0.03730221837759018,0.03613538295030594,0.036404114216566086,0.037029340863227844,0.037553586065769196,0.037681374698877335,0.03566804900765419,0.03593294695019722
2021-04-09,0.03570227324962616,0.03570227324962616,0.03570227324962616,0.04024544358253479,0.03901227191090584,0.04286394268274307,0.03755924850702286,0.03861945495009422,0.03570227324962616,0.0370657742023468,0.03570227324962616,0.0384230762720108,0.03570227324962616,0.036335647106170654,0.036029666662216187,0.03721725940704346,0.03570227324962616,0.037864331156015396,0.03653183579444885,0.0369398295879364,0.03622527793049812,0.036394812166690826,0.036739692091941833,0.03708864003419876,0.03716043755412102,0.03570227324962616,0.03606518730521202
2021-04-12,0.03571557253599167,0.03571557253599167,0.03571557253599167,0.04026453197002411,0.03886781260371208,0.043341465294361115,0.03784867748618126,0.038906607776880264,0.03571557253599167,0.037040211260318756,0.03571557253599167,0.03760771080851555,0.03571557253599167,0.03581457957625389,0.03615456447005272,0.03753401339054108,0.03571557253599167,0.037906549870967865,0.03597215935587883,0.03709234669804573,0.03622804582118988,0.036895010620355606,0.036447491496801376,0.03706824406981468,0.03739102929830551,0.03571557253599167,0.035894300788640976
2021-04-13,0.03574962168931961,0.03574962168931961,0.03574962168931961,0.03980625793337822,0.03886057436466217,0.04304460063576698,0.03735151141881943,0.038760386407375336,0.03574962168931961,0.03711821883916855,0.03574962168931961,0.03831259906291962,0.03574962168931961,0.03632551431655884,0.036001481115818024,0.03757869079709053,0.03574962168931961,0.03848172724246979,0.03612852841615677,0.036708440631628036,0.036298178136348724,0.036798641085624695,0.03641831502318382,0.036954283714294434,0.03708644583821297,0.03574962168931961,0.03596864640712738
2021-04-14,0.035767681896686554,0.035767681896686554,0.035767681896686554,0.03933555260300636,0.03888367488980293,0.042848918586969376,0.03653561323881149,0.03870907053351402,0.035767681896686554,0.03744499012827873,0.035767681896686554,0.03881651535630226,0.035767681896686554,0.03696184605360031,0.035912416875362396,0.037933435291051865,0.035767681896686554,0.038827963173389435,0.03631538152694702,0.03609677776694298,0.0360429547727108,0.03681040182709694,0.03663085028529167,0.03679521381855011,0.03718934953212738,0.035767681896686554,0.035767681896686554
2021-04-15,0.0357714407145977,0.0357714407145977,0.0357714407145977,0.03947385400533676,0.038869816809892654,0.04292789101600647,0.03678732365369797,0.038853880017995834,0.0357714407145977,0.037221990525722504,0.0357714407145977,0.03870970383286476,0.0357714407145977,0.036331068724393845,0.03593461960554123,0.03795073181390762,0.0357714407145977,0.038941070437431335,0.036271002143621445,0.03644145280122757,0.03617016598582268,0.036760736256837845,0.03642566502094269,0.03692995756864548,0.037008631974458694,0.0357714407145977,0.03581888601183891
2021-04-16,0.03583638370037079,0.03583638370037079,0.03583638370037079,0.038821231573820114,0.03886096552014351,0.042606085538864136,0.03671262785792351,0.038687072694301605,0.03583638370037079,0.03751121088862419,0.03583638370037079,0.03930804505944252,0.03583638370037079,0.03674865886569023,0.03585589677095413,0.03806542605161667,0.03583638370037079,0.03912623971700668,0.03663282468914986,0.03598889335989952,0.035980094224214554,0.03623060882091522,0.03651641681790352,0.03659047186374664,0.036953069269657135,0.03583638370037079,0.03611314296722412
2021-04-19,0.03584904968738556,0.03584904968738556,0.03584904968738556,0.038699738681316376,0.0386364683508873,0.04234394431114197,0.03673464059829712,0.03841238096356392,0.03584904968738556,0.03724602237343788,0.03584904968738556,0.0390707291662693,0.03584904968738556,0.03702223673462868,0.03584904968738556,0.03800893947482109,0.03584904968738556,0.038938187062740326,0.036860376596450806,0.035999491810798645,0.03604893013834953,0.03621340170502663,0.03681567683815956,0.0366026908159256,0.03728512302041054,0.03584904968738556,0.036419667303562164
2021-04-20,0.03587201610207558,0.03587201610207558,0.03587201610207558,0.038407087326049805,0.03864184394478798,0.04204406961798668,0.03607199713587761,0.03818204253911972,0.03587201610207558,0.03761964663863182,0.03587201610207558,0.03999470919370651,0.035980675369501114,0.03753536939620972,0.03587201610207558,0.0382259339094162,0.03587201610207558,0.039327092468738556,0.03702530637383461,0.03587201610207558,0.036046404391527176,0.03587201610207558,0.03674958646297455,0.03663871809840202,0.03674168512225151,0.03587201610207558,0.036047644913196564
2021-04-21,0.035783711820840836,0.03624662011861801,0.035783711820840836,0.037723343819379807,0.03903524950146675,0.04117083176970482,0.035783711820840836,0.0377228744328022,0.035783711820840836,0.03820957988500595,0.035783711820840836,0.04099075496196747,0.035992737859487534,0.037955500185489655,0.035783711820840836,0.0380510576069355,0.035783711820840836,0.03897761180996895,0.038369689136743546,0.035783711820840836,0.035783711820840836,0.035783711820840836,0.03689480572938919,0.03588509187102318,0.03696127608418465,0.035783711820840836,0.03619217127561569
2021-04-22,0.03575725853443146,0.03664879500865936,0.03575725853443146,0.037505507469177246,0.039201099425554276,0.04096505418419838,0.03575725853443146,0.037688493728637695,0.03575725853443146,0.038302164524793625,0.03575725853443146,0.04093017429113388,0.03575725853443146,0.037741802632808685,0.03575725853443146,0.038148120045661926,0.03575725853443146,0.038370776921510696,0.038878098130226135,0.03575725853443146,0.03575725853443146,0.03575725853443146,0.03696616366505623,0.03575725853443146,0.037571921944618225,0.03575725853443146,0.03623754531145096
2021-04-23,0.035640887916088104,0.036478862166404724,0.035640887916088104,0.03758249804377556,0.03962499648332596,0.041385725140571594,0.035640887916088104,0.038317322731018066,0.035640887916088104,0.03860956057906151,0.035640887916088104,0.041128989309072495,0.03605877608060837,0.03676241263747215,0.03660554066300392,0.03775126114487648,0.03599915653467178,0.0391460657119751,0.03851306065917015,0.035640887916088104,0.035640887916088104,0.035640887916088104,0.036606915295124054,0.03571954369544983,0.036818768829107285,0.035640887916088104,0.03612251952290535
2021-04-26,0.035575706511735916,0.03685680776834488,0.035575706511735916,0.0375400111079216,0.03955456614494324,0.040710851550102234,0.035575706511735916,0.03805002570152283,0.035575706511735916,0.03834345564246178,0.035575706511735916,0.0419897623360157,0.03617175668478012,0.037038110196590424,0.036526188254356384,0.03729988634586334,0.03647267073392868,0.0393708273768425,0.03925718367099762,0.035575706511735916,0.035575706511735916,0.035575706511735916,0.036154571920633316,0.035575706511735916,0.03643070533871651,0.03568144887685776,0.036369893699884415
2021-04-27,0.035521842539310455,0.03612310811877251,0.035521842539310455,0.03807147219777107,0.039753835648298264,0.041509442031383514,0.035521842539310455,0.038699280470609665,0.035521842539310455,0.03816073387861252,0.035521842539310455,0.04117629677057266,0.03658203035593033,0.03645390644669533,0.03668881952762604,0.037859104573726654,0.03734884783625603,0.04024793207645416,0.0383140854537487,0.035521842539310455,0.035521842539310455,0.035521842539310455,0.03603506460785866,0.03564699739217758,0.03594914451241493,0.035521842539310455,0.035683270543813705
2021-04-28,0.035483572632074356,0.03555360808968544,0.035483572632074356,0.038537316024303436,0.03988637775182724,0.04164400324225426,0.035483572632074356,0.03883844241499901,0.035483572632074356,0.03803126886487007,0.035483572632074356,0.04121418669819832,0.03688936308026314,0.036339737474918365,0.036616191267967224,0.03775234892964363,0.03810250386595726,0.0407828725874424,0.03794140741229057,0.035483572632074356,0.035483572632074356,0.035483572632074356,0.035797785967588425,0.035753313452005386,0.035483572632074356,0.035483572632074356,0.035483572632074356
2021-04-29,0.03538883477449417,0.03538883477449417,0.03538883477449417,0.0390985943377018,0.04004790633916855,0.042049895972013474,0.03538883477449417,0.0393347442150116,0.03538883477449417,0.03839880973100662,0.03538883477449417,0.04046616703271866,0.03629942983388901,0.03538883477449417,0.03698905184864998,0.03804982081055641,0.038809627294540405,0.04037100076675415,0.03741893917322159,0.03538883477449417,0.03617043420672417,0.03538883477449417,0.03549075499176979,0.03633875399827957,0.03538883477449417,0.03538883477449417,0.03538883477449417
2021-04-30,0.03536897152662277,0.03536897152662277,0.03536897152662277,0.039715711027383804,0.03943421691656113,0.043220072984695435,0.03536897152662277,0.039723481982946396,0.03536897152662277,0.03836020082235336,0.03536897152662277,0.03957122191786766,0.03550877422094345,0.03536897152662277,0.037047531455755234,0.03836093097925186,0.03859986737370491,0.03984830155968666,0.037076741456985474,0.03598601743578911,0.03674396872520447,0.03536897152662277,0.03536897152662277,0.036375321447849274,0.03536897152662277,0.03536897152662277,0.03536897152662277
2021-05-03,0.03533994406461716,0.03533994406461716,0.03533994406461716,0.039726804941892624,0.039332158863544464,0.042822886258363724,0.03533994406461716,0.039490580558776855,0.03533994406461716,0.038161490112543106,0.03533994406461716,0.04019325226545334,0.035934627056121826,0.03533994406461716,0.036548957228660583,0.038160450756549835,0.03894403576850891,0.04036310315132141,0.0369560569524765,0.03584611415863037,0.03695905953645706,0.03533994406461716,0.03533994406461716,0.0364811047911644,0.03533994406461716,0.03533994406461716,0.03533994406461716
2021-05-04,0.03548178821802139,0.03548178821802139,0.03548178821802139,0.040864162147045135,0.03895062580704689,0.042091429233551025,0.03548178821802139,0.03928704932332039,0.03548178821802139,0.03720475733280182,0.03548178821802139,0.0403742790222168,0.03548178821802139,0.035693127661943436,0.03565520420670509,0.03818460553884506,0.038358092308044434,0.03938039764761925,0.03677809238433838,0.03643292561173439,0.037422992289066315,0.03569919615983963,0.03548178821802139,0.03732340410351753,0.03548178821802139,0.03548178821802139,0.03548178821802139
2021-05-05,0.03552066907286644,0.03552066907286644,0.03552066907286644,0.04123178869485855,0.039221301674842834,0.041804902255535126,0.03552066907286644,0.03901682421565056,0.03552066907286644,0.037035323679447174,0.03552066907286644,0.040714509785175323,0.03552066907286644,0.03567991033196449,0.035950757563114166,0.038144540041685104,0.03766557574272156,0.03831217437982559,0.037447407841682434,0.036436017602682114,0.036337561905384064,0.03552066907286644,0.0359637625515461,0.03746297210454941,0.03636802360415459,0.03552066907286644,0.03552066907286644
2021-05-06,0.03552570194005966,0.03552570194005966,0.03552570194005966,0.04157927632331848,0.03924797475337982,0.041771773248910904,0.03552570194005966,0.039088647812604904,0.03552570194005966,0.0363248772919178,0.03552570194005966,0.040202777832746506,0.03552570194005966,0.03552570194005966,0.0360189713537693,0.038346875458955765,0.037192605435848236,0.03777455911040306,0.037215616554021835,0.036728616803884506,0.036208245903253555,0.03552570194005966,0.03636998310685158,0.037760574370622635,0.037385955452919006,0.03552570194005966,0.03552570194005966
2021-05-07,0.035562753677368164,0.035562753677368164,0.035562753677368164,0.041683513671159744,0.039337292313575745,0.04199308156967163,0.035562753677368164,0.03895183652639389,0.035562753677368164,0.03634680062532425,0.035562753677368164,0.039843399077653885,0.035562753677368164,0.035562753677368164,0.03610006719827652,0.038246989250183105,0.03648784011602402,0.037380822002887726,0.03728688135743141,0.03695899248123169,0.03612165153026581,0.035562753677368164,0.036513522267341614,0.03787968307733536,0.03767739236354828,0.035562753677368164,0.035562753677368164
2021-05-10,0.03555796295404434,0.03555796295404434,0.03555796295404434,0.0416775718331337,0.03893602639436722,0.04146849364042282,0.03555796295404434,0.039022646844387054,0.03555796295404434,0.03597421944141388,0.03555796295404434,0.03974918648600578,0.03555796295404434,0.0363190695643425,0.03560427203774452,0.03822242468595505,0.03650867938995361,0.03680732846260071,0.03720057010650635,0.03661283850669861,0.03598965331912041,0.035863086581230164,0.03700699657201767,0.038298916071653366,0.03871631994843483,0.03555796295404434,0.03555796295404434
2021-05-11,0.035613495856523514,0.035613495856523514,0.035613495856523514,0.04177236184477806,0.039023708552122116,0.041698481887578964,0.035613495856523514,0.03864226117730141,0.035613495856523514,0.03583657741546631,0.035613495856523514,0.04030020907521248,0.035613495856523514,0.03622500225901604,0.03582068905234337,0.03780198469758034,0.035613495856523514,0.036508362740278244,0.037667401134967804,0.03690403327345848,0.035613495856523514,0.035613495856523514,0.03716021403670311,0.03819483891129494,0.03908185660839081,0.035613495856523514,0.035613495856523514
2021-05-12,0.03556327521800995,0.03556327521800995,0.03556327521800995,0.0413997657597065,0.03970499336719513,0.042369864881038666,0.03563346341252327,0.03893732279539108,0.03556327521800995,0.0367249958217144,0.03556327521800995,0.04012456163764,0.03556327521800995,0.035707227885723114,0.036802563816308975,0.037373099476099014,0.03702832758426666,0.03873644396662712,0.03695424273610115,0.03650097921490669,0.03613082319498062,0.035668205469846725,0.03582381084561348,0.037505388259887695,0.036367665976285934,0.03556327521800995,0.03556327521800995
2021-05-13,0.03538878634572029,0.03538878634572029,0.03538878634572029,0.041316356509923935,0.040462251752614975,0.04202398285269737,0.03538878634572029,0.038596268743276596,0.03538878634572029,0.03714146465063095,0.03538878634572029,0.040510859340429306,0.0360097773373127,0.03538878634572029,0.03708283603191376,0.0370841920375824,0.038368258625268936,0.04008626565337181,0.03706766292452812,0.03597392141819,0.03640022128820419,0.03538878634572029,0.03538878634572029,0.03721025586128235,0.03538878634572029,0.03538878634572029,0.03538878634572029
2021-05-14,0.03552696853876114,0.03552696853876114,0.03552696853876114,0.04121008142828941,0.040298283100128174,0.04195115342736244,0.03552696853876114,0.03869102522730827,0.03552696853876114,0.037356503307819366,0.03552696853876114,0.04066478833556175,0.035645052790641785,0.03552696853876114,0.03696596249938011,0.03718334808945656,0.03760119527578354,0.039064984768629074,0.03729140758514404,0.036178771406412125,0.03611339256167412,0.03552696853876114,0.03552696853876114,0.03745341673493385,0.03553396835923195,0.03552696853876114,0.03552696853876114
2021-05-17,0.03549537435173988,0.03549537435173988,0.03549537435173988,0.04146987944841385,0.04003806412220001,0.04204987734556198,0.03549537435173988,0.03889213129878044,0.03549537435173988,0.03715251758694649,0.03549537435173988,0.040421806275844574,0.03549537435173988,0.03555135801434517,0.03705323114991188,0.03708699345588684,0.03739779815077782,0.038379937410354614,0.03704093396663666,0.03646722808480263,0.03578987717628479,0.03549537435173988,0.03598656877875328,0.03776218742132187,0.036505866795778275,0.03549537435173988,0.03549537435173988
2021-05-18,0.03546234592795372,0.03546234592795372,0.03546234592795372,0.04135163128376007,0.04003991186618805,0.04197714850306511,0.03546234592795372,0.03884764388203621,0.03546234592795372,0.03721976280212402,0.03546234592795372,0.040256574749946594,0.03546234592795372,0.03570946678519249,0.037137292325496674,0.03738284483551979,0.03737494722008705,0.038073401898145676,0.0372091606259346,0.03615304455161095,0.03546234592795372,0.03546234592795372,0.03633053973317146,0.03755500540137291,0.037295930087566376,0.03546234592795372,0.03546234592795372
2021-05-19,0.03530902788043022,0.03530902788043022,0.03530902788043022,0.0412336103618145,0.040385905653238297,0.04197000339627266,0.03530902788043022,0.0386664941906929,0.03530902788043022,0.03751566633582115,0.03530902788043022,0.04113052412867546,0.035428568720817566,0.035973671823740005,0.03725223243236542,0.03691241145133972,0.03839180991053581,0.038779955357313156,0.03703903406858444,0.035571157932281494,0.03530902788043022,0.03530902788043022,0.03663495182991028,0.037457987666130066,0.03656577691435814,0.03530902788043022,0.03530902788043022
2021-05-20,0.03530219569802284,0.03530219569802284,0.03530219569802284,0.040593668818473816,0.04079338535666466,0.041890017688274384,0.03530219569802284,0.03874078765511513,0.03530219569802284,0.03841239586472511,0.03530219569802284,0.04099353775382042,0.03567676618695259,0.03530219569802284,0.03755929693579674,0.03718595579266548,0.03870244696736336,0.03950493782758713,0.03715840354561806,0.03530219569802284,0.03530219569802284,0.03530219569802284,0.0362832136452198,0.0372171625494957,0.035564955323934555,0.035398855805397034,0.03530219569802284
2021-05-21,0.03528521955013275,0.03541875258088112,0.03528521955013275,0.04038073495030403,0.04044431075453758,0.041777510195970535,0.03528521955013275,0.03888851776719093,0.03528521955013275,0.03833138942718506,0.03528521955013275,0.04099256917834282,0.03539684787392616,0.03589316084980965,0.037046853452920914,0.03760162740945816,0.03856668248772621,0.03869080916047096,0.037644121795892715,0.03528521955013275,0.03528521955013275,0.03528521955013275,0.036597516387701035,0.037059713155031204,0.03641672432422638,0.03528521955013275,0.03528521955013275
2021-05-24,0.03532570227980614,0.03532570227980614,0.03532570227980614,0.040572550147771835,0.04028932377696037,0.042020343244075775,0.03532570227980614,0.039099156856536865,0.03532570227980614,0.03833109140396118,0.03532570227980614,0.040921758860349655,0.03532570227980614,0.03532570227980614,0.0372910313308239,0.037712112069129944,0.03837309405207634,0.03869280964136124,0.03732410445809364,0.03535442054271698,0.03532570227980614,0.03532570227980614,0.03646880015730858,0.0372309535741806,0.03641003742814064,0.03532570227980614,0.03532570227980614
2021-05-25,0.03529927134513855,0.03529927134513855,0.03529927134513855,0.04070763662457466,0.04017921909689903,0.042166318744421005,0.03529927134513855,0.039273373782634735,0.03529927134513855,0.03840896859765053,0.03529927134513855,0.04052985832095146,0.03529927134513855,0.03529927134513855,0.03741350397467613,0.03795214742422104,0.038385964930057526,0.03879859298467636,0.037135276943445206,0.035454850643873215,0.03529927134513855,0.03529927134513855,0.03635045886039734,0.037319350987672806,0.03633321821689606,0.03529927134513855,0.03529927134513855
2021-05-26,0.035232216119766235,0.035232216119766235,0.035232216119766235,0.0406908318400383,0.040216512978076935,0.04242175817489624,0.035232216119766235,0.039412543177604675,0.035232216119766235,0.038714680820703506,0.035232216119766235,0.040574152022600174,0.03528914600610733,0.035232216119766235,0.037558767944574356,0.03801802545785904,0.039129648357629776,0.039392054080963135,0.03701915219426155,0.03542368486523628,0.03528657928109169,0.035232216119766235,0.03580274432897568,0.037194378674030304,0.03553315997123718,0.035232216119766235,0.035232216119766235
2021-05-27,0.03521682322025299,0.03521682322025299,0.03521682322025299,0.040210407227277756,0.040192052721977234,0.04267566651105881,0.03521682322025299,0.039523616433143616,0.03521682322025299,0.038936275988817215,0.03521682322025299,0.040693461894989014,0.03548615053296089,0.03521682322025299,0.03748776391148567,0.03824828937649727,0.039451975375413895,0.03967120498418808,0.03729996830224991,0.03521682322025299,0.03521682322025299,0.03521682322025299,0.03556772321462631,0.03663007915019989,0.03532348573207855,0.03521682322025299,0.03521682322025299
2021-05-28,0.03523724526166916,0.03523724526166916,0.03523724526166916,0.04036377742886543,0.0398712195456028,0.04308665916323662,0.03523724526166916,0.039693620055913925,0.03523724526166916,0.039012789726257324,0.03523724526166916,0.04032142832875252,0.03523724526166916,0.03523724526166916,0.037744536995887756,0.03826619312167168,0.03853266313672066,0.03889605775475502,0.03711339458823204,0.03562342748045921,0.03523724526166916,0.03523724526166916,0.03568216413259506,0.03682287037372589,0.03612227737903595,0.03523724526166916,0.03523724526166916
2021-06-01,0.035232141613960266,0.035528767853975296,0.035232141613960266,0.03986058756709099,0.04003634303808212,0.04290839284658432,0.035232141613960266,0.03954806551337242,0.035232141613960266,0.03928185999393463,0.035232141613960266,0.04057135432958603,0.035232141613960266,0.035232141613960266,0.03794635832309723,0.03835844621062279,0.038438305258750916,0.03897109255194664,0.03753572329878807,0.03539956361055374,0.035232141613960266,0.035232141613960266,0.03551783785223961,0.03643052279949188,0.03611328825354576,0.035232141613960266,0.035232141613960266
2021-06-02,0.03528537228703499,0.03528537228703499,0.03528537228703499,0.04036608338356018,0.039926450699567795,0.0433751717209816,0.035413626581430435,0.039749130606651306,0.03528537228703499,0.03893542289733887,0.03528537228703499,0.03980244696140289,0.03528537228703499,0.03528537228703499,0.038101550191640854,0.038204677402973175,0.037778858095407486,0.03881160914897919,0.03680103272199631,0.0362655408680439,0.03528537228703499,0.03528537228703499,0.03542105481028557,0.0365571491420269,0.03635111451148987,0.03528537228703499,0.03528537228703499
2021-06-03,0.03526239097118378,0.03526239097118378,0.03526239097118378,0.04030674695968628,0.04000347852706909,0.043371181935071945,0.03526239097118378,0.03964231535792351,0.03526239097118378,0.03898445889353752,0.03555133938789368,0.03956726938486099,0.03526239097118378,0.03526239097118378,0.03807428479194641,0.03854896500706673,0.03782050311565399,0.03887319937348366,0.03700152039527893,0.036138370633125305,0.03526239097118378,0.03526239097118378,0.035453710705041885,0.03630373999476433,0.0364726260304451,0.03526239097118378,0.03526239097118378
2021-06-04,0.03524363040924072,0.03524363040924072,0.03524363040924072,0.04084889963269234,0.039945174008607864,0.043694499880075455,0.03530804440379143,0.03971249982714653,0.03524363040924072,0.038760293275117874,0.03560661897063255,0.03904001787304878,0.03524363040924072,0.03524363040924072,0.03810915723443031,0.03877750784158707,0.03790406137704849,0.03921738266944885,0.036853279918432236,0.03627130761742592,0.03524363040924072,0.03524363040924072,0.03533542901277542,0.03618695214390755,0.0359925851225853,0.03524363040924072,0.03524363040924072
2021-06-07,0.0352155864238739,0.0352155864238739,0.0352155864238739,0.040997955948114395,0.039931319653987885,0.043584685772657394,0.0352155864238739,0.03965051844716072,0.0352155864238739,0.038921236991882324,0.035535041242837906,0.03889317438006401,0.0352155864238739,0.0352155864238739,0.03811827301979065,0.03879842162132263,0.0377424880862236,0.03904606029391289,0.037026215344667435,0.03625020757317543,0.0352155864238739,0.0352155864238739,0.03558368980884552,0.036349572241306305,0.0361996628344059,0.0352155864238739,0.0352155864238739
2021-06-08,0.035176925361156464,0.035176925361156464,0.035176925361156464,0.0408317968249321,0.040155742317438126,0.04373844340443611,0.035176925361156464,0.0395662784576416,0.035176925361156464,0.03912635147571564,0.035833690315485,0.03884904459118843,0.035176925361156464,0.035176925361156464,0.038024455308914185,0.03898393362760544,0.03858041763305664,0.039734259247779846,0.03723718598484993,0.035987965762615204,0.035176925361156464,0.035176925361156464,0.035176925361156464,0.03576701506972313,0.03546036779880524,0.035176925361156464,0.035176925361156464
2021-06-09,0.0352131687104702,0.03516711667180061,0.03516711667180061,0.040322016924619675,0.040222279727458954,0.04353896155953407,0.03516711667180061,0.03939060866832733,0.03516711667180061,0.03957990184426308,0.03583135828375816,0.03929886221885681,0.03516711667180061,0.03516711667180061,0.03781399875879288,0.03911399096250534,0.03892885521054268,0.039626456797122955,0.037496261298656464,0.03523490950465202,0.03516711667180061,0.03516711667180061,0.03527856990695,0.0356258898973465,0.03581272065639496,0.03516711667180061,0.03516711667180061
2021-06-10,0.03508831933140755,0.03553428500890732,0.03508831933140755,0.040441177785396576,0.04051268473267555,0.042997926473617554,0.03508831933140755,0.03919058293104172,0.03508831933140755,0.03944719582796097,0.035662394016981125,0.03935378044843674,0.03508831933140755,0.03508831933140755,0.03774145245552063,0.039173245429992676,0.03914206475019455,0.039699357002973557,0.03806599974632263,0.03508831933140755,0.03508831933140755,0.03508831933140755,0.03566180169582367,0.03544855862855911,0.035955995321273804,0.03508831933140755,0.03508831933140755
2021-06-11,0.034982677549123764,0.03666393458843231,0.034982677549123764,0.03987712040543556,0.0406249463558197,0.0426236130297184,0.034982677549123764,0.03862066939473152,0.034982677549123764,0.039661064743995667,0.03563385829329491,0.03974899649620056,0.034982677549123764,0.034982677549123764,0.037336379289627075,0.0395536795258522,0.038240522146224976,0.03881671652197838,0.03934621065855026,0.034982677549123764,0.034982677549123764,0.034982677549123764,0.03629886358976364,0.03501654043793678,0.037127360701560974,0.034982677549123764,0.034982677549123764
2021-06-14,0.03521682322025299,0.0370214581489563,0.034890852868556976,0.03842654079198837,0.04075144976377487,0.04252798482775688,0.034890852868556976,0.03817497938871384,0.034890852868556976,0.04002901911735535,0.03629983589053154,0.04038391634821892,0.03515852242708206,0.034890852868556976,0.03695716708898544,0.03983758017420769,0.03868936374783516,0.03932293504476547,0.03960490971803665,0.034890852868556976,0.034890852868556976,0.034890852868556976,0.036135368049144745,0.034890852868556976,0.036553628742694855,0.034890852868556976,0.034890852868556976
2021-06-15,0.03500444442033768,0.03687858209013939,0.034825410693883896,0.03805497661232948,0.041121628135442734,0.04201064631342888,0.034825410693883896,0.03813023120164871,0.034825410693883896,0.04000382870435715,0.0362776517868042,0.04065951704978943,0.035742346197366714,0.034825410693883896,0.03691165894269943,0.039774470031261444,0.039369504898786545,0.04024910181760788,0.03954506292939186,0.034825410693883896,0.034825410693883896,0.034825410693883896,0.03595874458551407,0.034825410693883896,0.03581521287560463,0.03506375476717949,0.034825410693883896
2021-06-16,0.035005997866392136,0.0369533970952034,0.034796033054590225,0.038254253566265106,0.04121668264269829,0.041769273579120636,0.034796033054590225,0.038086842745542526,0.034796033054590225,0.03969840332865715,0.03606055676937103,0.040641140192747116,0.03568075969815254,0.034796033054590225,0.03700026124715805,0.03963073715567589,0.039728641510009766,0.04036044329404831,0.039592400193214417,0.034796033054590225,0.034796033054590225,0.034796033054590225,0.0360768660902977,0.034796033054590225,0.035788509994745255,0.035290516912937164,0.034796033054590225
2021-06-17,0.034895483404397964,0.037585172802209854,0.03470614552497864,0.037430815398693085,0.041176579892635345,0.04045384004712105,0.03470614552497864,0.03827213495969772,0.03470614552497864,0.039208296686410904,0.035901397466659546,0.04076123237609863,0.036819662898778915,0.03470614552497864,0.0364464595913887,0.03996111452579498,0.04090963676571846,0.041083600372076035,0.04010498896241188,0.03470614552497864,0.03470614552497864,0.03470614552497864,0.035855732858181,0.03470614552497864,0.03549337387084961,0.035285186022520065,0.03470614552497864
2021-06-18,0.034808941185474396,0.038057997822761536,0.03464252129197121,0.03629422187805176,0.04118506982922554,0.03930460661649704,0.03464252129197121,0.03827287629246712,0.03464252129197121,0.03933026269078255,0.03639289364218712,0.04077731817960739,0.037480391561985016,0.03464252129197121,0.03626060113310814,0.040467269718647,0.04128774255514145,0.04167824983596802,0.04042705520987511,0.03464252129197121,0.03464252129197121,0.03464252129197121,0.0354999303817749,0.03464252129197121,0.03495614603161812,0.03573578968644142,0.03464252129197121
2021-06-21,0.03486815094947815,0.03855035454034805,0.03466662019491196,0.03564656898379326,0.04114094376564026,0.038088586181402206,0.03466662019491196,0.037973709404468536,0.03466662019491196,0.03936796635389328,0.03637091815471649,0.04136326536536217,0.0378335565328598,0.03466662019491196,0.03605871647596359,0.0402078814804554,0.04176292568445206,0.04168801009654999,0.04079959914088249,0.03466662019491196,0.03466662019491196,0.03466662019491196,0.03511878103017807,0.03466662019491196,0.03466662019491196,0.036493849009275436,0.03466662019491196
2021-06-22,0.03492094203829765,0.03813723847270012,0.03465879708528519,0.036376435309648514,0.04100321978330612,0.03881869465112686,0.03465879708528519,0.038193196058273315,0.03465879708528519,0.038935523480176926,0.03589737042784691,0.04120586812496185,0.03778558969497681,0.03465879708528519,0.0361478291451931,0.04012195020914078,0.042002808302640915,0.04184326156973839,0.04028443992137909,0.03465879708528519,0.03465879708528519,0.03465879708528519,0.035412658005952835,0.03465879708528519,0.03486991301178932,0.036113835871219635,0.03465879708528519
2021-06-23,0.03507624939084053,0.03743130341172218,0.0346381813287735,0.03699132055044174,0.04116341471672058,0.03947797417640686,0.0346381813287735,0.038199614733457565,0.0346381813287735,0.03846907615661621,0.03561432287096977,0.04087604582309723,0.0380399227142334,0.0346381813287735,0.03618801757693291,0.0398448146879673,0.04273700714111328,0.042714040726423264,0.039638079702854156,0.0346381813287735,0.0346381813287735,0.0346381813287735,0.03522578626871109,0.0346381813287735,0.0346381813287735,0.03593122959136963,0.0346381813287735
2021-06-24,0.03486651927232742,0.03690837696194649,0.03463811054825783,0.03748449310660362,0.041382189840078354,0.03952309489250183,0.03463811054825783,0.03828120604157448,0.03463811054825783,0.03820129111409187,0.035407669842243195,0.04083222523331642,0.03828176110982895,0.03463811054825783,0.036291226744651794,0.0393543615937233,0.043335217982530594,0.043326206505298615,0.03922511264681816,0.03463811054825783,0.03463811054825783,0.03463811054825783,0.03501718491315842,0.03463811054825783,0.03463811054825783,0.03590069338679314,0.03463811054825783
2021-06-25,0.03488069772720337,0.03671408072113991,0.03463936224579811,0.037970930337905884,0.04130323976278305,0.03973180800676346,0.03463936224579811,0.038327377289533615,0.03463936224579811,0.03798807039856911,0.03529512882232666,0.040849924087524414,0.03814881294965744,0.03463936224579811,0.03616871312260628,0.039332468062639236,0.043257638812065125,0.043351951986551285,0.039225008338689804,0.03463936224579811,0.03463936224579811,0.03463936224579811,0.035143036395311356,0.03463936224579811,0.03463936224579811,0.0359174907207489,0.03463936224579811
2021-06-28,0.035100918263196945,0.03755225986242294,0.03463676944375038,0.03832574933767319,0.041118230670690536,0.03951055929064751,0.03463676944375038,0.03788778558373451,0.03463676944375038,0.037598513066768646,0.03463676944375038,0.04164396598935127,0.03801986575126648,0.03463676944375038,0.035499438643455505,0.03875454142689705,0.043575093150138855,0.04286370798945427,0.03943639621138573,0.03463676944375038,0.03463676944375038,0.03463676944375038,0.03567621111869812,0.03463676944375038,0.03463676944375038,0.03643229603767395,0.03463676944375038
2021-06-29,0.035395003855228424,0.03797651454806328,0.03460802510380745,0.036911990493535995,0.04106881842017174,0.03898828849196434,0.03460802510380745,0.037539828568696976,0.03460802510380745,0.03813789784908295,0.03474182263016701,0.041934020817279816,0.03823912516236305,0.03460802510380745,0.035481952130794525,0.03918784111738205,0.04316483810544014,0.04309016838669777,0.03969530761241913,0.03460802510380745,0.03460802510380745,0.03460802510380745,0.035479236394166946,0.03460802510380745,0.03460802510380745,0.03688710182905197,0.03460802510380745
2021-06-30,0.035755448043346405,0.03801146149635315,0.0347154401242733,0.03622278571128845,0.040940798819065094,0.03878064453601837,0.03460176661610603,0.03732989728450775,0.03460176661610603,0.038341350853443146,0.035202205181121826,0.042050156742334366,0.03838591277599335,0.03460176661610603,0.03530930355191231,0.03943771496415138,0.043214838951826096,0.043199196457862854,0.03954039886593819,0.03460176661610603,0.03460176661610603,0.03460176661610603,0.035084318369627,0.03460176661610603,0.03460176661610603,0.037062160670757294,0.03460176661610603
2021-07-01,0.035753726959228516,0.03838665410876274,0.034798383712768555,0.0359622985124588,0.040710337460041046,0.03854449838399887,0.03463094308972359,0.0370112843811512,0.03463094308972359,0.038249995559453964,0.034961678087711334,0.042612068355083466,0.03840881958603859,0.03524354100227356,0.034967001527547836,0.03942123427987099,0.04284866899251938,0.042845115065574646,0.03970930725336075,0.03463094308972359,0.03463094308972359,0.03463094308972359,0.03541497141122818,0.03463094308972359,0.03463094308972359,0.0371028371155262,0.03463094308972359
2021-07-02,0.0358002670109272,0.038229841738939285,0.03491317853331566,0.03597936034202576,0.040523264557123184,0.03879425674676895,0.034702349454164505,0.03686036169528961,0.034702349454164505,0.037993717938661575,0.034991610795259476,0.04239558428525925,0.03846743702888489,0.035701822489500046,0.034702349454164505,0.039766836911439896,0.04228363558650017,0.042883820831775665,0.03940662741661072,0.034702349454164505,0.034702349454164505,0.034702349454164505,0.03574201464653015,0.034702349454164505,0.034702349454164505,0.0369451604783535,0.034702349454164505
2021-07-06,0.035407524555921555,0.03875734284520149,0.03467231243848801,0.03579529747366905,0.040586963295936584,0.03863023966550827,0.03467231243848801,0.03623499721288681,0.03467231243848801,0.03780323639512062,0.03467231243848801,0.04273483529686928,0.03831753879785538,0.036893513053655624,0.03467231243848801,0.039589978754520416,0.04179408773779869,0.04261520504951477,0.039762768894433975,0.03467231243848801,0.03467231243848801,0.03467231243848801,0.036419957876205444,0.03467231243848801,0.03467231243848801,0.03726108744740486,0.03467231243848801
2021-07-07,0.0356028713285923,0.03877456486225128,0.034809425473213196,0.035153985023498535,0.0408351793885231,0.03800955042243004,0.034620750695466995,0.03585406392812729,0.034620750695466995,0.0380430668592453,0.03466964513063431,0.04319002106785774,0.03859813138842583,0.03666969761252403,0.034620750695466995,0.039059169590473175,0.04249405860900879,0.04298124089837074,0.03994794562458992,0.034620750695466995,0.034620750695466995,0.034620750695466995,0.035746019333601,0.034620750695466995,0.034620750695466995,0.03797465190291405,0.034620750695466995
2021-07-08,0.03559228032827377,0.03910835087299347,0.03467530384659767,0.03498610481619835,0.0406339056789875,0.037982065230607986,0.03465721383690834,0.035579148679971695,0.03465721383690834,0.037920303642749786,0.03465721383690834,0.04313574731349945,0.038474973291158676,0.03741149604320526,0.03465721383690834,0.03899956867098808,0.04202749580144882,0.04255913197994232,0.04003778100013733,0.03465721383690834,0.03465721383690834,0.03465721383690834,0.0362401008605957,0.03465721383690834,0.03465721383690834,0.03806402161717415,0.03465721383690834
2021-07-09,0.03555545583367348,0.03913987800478935,0.034853242337703705,0.03519916161894798,0.040498990565538406,0.03795011341571808,0.034650787711143494,0.03575767204165459,0.034650787711143494,0.03802049905061722,0.034650787711143494,0.04323870316147804,0.038309648633003235,0.0374741330742836,0.034650787711143494,0.0389852300286293,0.04204966872930527,0.04228610172867775,0.04005880653858185,0.034650787711143494,0.034650787711143494,0.034650787711143494,0.035991448909044266,0.034650787711143494,0.034650787711143494,0.03812342509627342,0.034650787711143494
2021-07-12,0.035243723541498184,0.03864775225520134,0.03474580869078636,0.03617854416370392,0.04013891518115997,0.03871270269155502,0.03474580869078636,0.035831984132528305,0.03474580869078636,0.03756675124168396,0.03474580869078636,0.042823612689971924,0.03810857608914375,0.037576813250780106,0.03474580869078636,0.038951944559812546,0.0414864644408226,0.04234721511602402,0.03970475494861603,0.03474580869078636,0.03474580869078636,0.03474580869078636,0.03665558621287346,0.03474580869078636,0.03474580869078636,0.037820782512426376,0.03474580869078636
2021-07-13,0.035189177840948105,0.03818925470113754,0.034834180027246475,0.03665784373879433,0.040014032274484634,0.03909313678741455,0.034834180027246475,0.0360255241394043,0.034834180027246475,0.03736116737127304,0.034834180027246475,0.04269169643521309,0.0380755178630352,0.0371660515666008,0.034834180027246475,0.039085905998945236,0.04143577069044113,0.04239984229207039,0.03937086835503578,0.034834180027246475,0.034834180027246475,0.034834180027246475,0.036695703864097595,0.034834180027246475,0.034834180027246475,0.03737254440784454,0.034834180027246475
2021-07-14,0.03500162810087204,0.03819792717695236,0.03481898456811905,0.03652745485305786,0.040063537657260895,0.03925004601478577,0.03481898456811905,0.03587736189365387,0.03481898456811905,0.03741093724966049,0.03481898456811905,0.04272615537047386,0.0379440113902092,0.03727912902832031,0.03481898456811905,0.039002735167741776,0.04136868938803673,0.04244803264737129,0.039509400725364685,0.03481898456811905,0.03481898456811905,0.03481898456811905,0.03694543614983559,0.03481898456811905,0.03481898456811905,0.037438660860061646,0.03481898456811905
2021-07-15,0.03483760356903076,0.03861056640744209,0.03483760356903076,0.036372110247612,0.03964165598154068,0.039302606135606766,0.03483760356903076,0.035853300243616104,0.03483760356903076,0.03738468512892723,0.03483760356903076,0.04295000061392784,0.03761741518974304,0.0377066507935524,0.03483760356903076,0.03882947564125061,0.04059740528464317,0.04202387481927872,0.040008533746004105,0.03483760356903076,0.03483760356903076,0.03483760356903076,0.03724722936749458,0.03483760356903076,0.03483760356903076,0.037803199142217636,0.03483760356903076
2021-07-16,0.03486844152212143,0.038716040551662445,0.03486844152212143,0.03633727878332138,0.039403386414051056,0.038820985704660416,0.03486844152212143,0.03567769378423691,0.03486844152212143,0.03727608174085617,0.03486844152212143,0.04331064596772194,0.037527766078710556,0.03806166350841522,0.03486844152212143,0.03848658874630928,0.04044046252965927,0.04186050966382027,0.04025530070066452,0.03486844152212143,0.03486844152212143,0.03486844152212143,0.037510745227336884,0.03486844152212143,0.03486844152212143,0.03789353743195534,0.03486844152212143
2021-07-19,0.03485437110066414,0.03923086076974869,0.03481241688132286,0.03592945262789726,0.03945589438080788,0.038301967084407806,0.03481241688132286,0.035315386950969696,0.03481241688132286,0.03741554915904999,0.03481241688132286,0.043648336082696915,0.03733924403786659,0.03848987817764282,0.03481241688132286,0.03836608678102493,0.040560923516750336,0.04146551340818405,0.04077921807765961,0.03481241688132286,0.03481241688132286,0.03481241688132286,0.0375543013215065,0.03481241688132286,0.03481241688132286,0.03835638612508774,0.03481241688132286
2021-07-20,0.03465373441576958,0.0390353761613369,0.03465373441576958,0.036029066890478134,0.04016325622797012,0.03828053176403046,0.03465373441576958,0.035465165972709656,0.03465373441576958,0.03847692161798477,0.03465373441576958,0.043852418661117554,0.037152957171201706,0.0377875380218029,0.03465373441576958,0.03767170384526253,0.041970159858465195,0.04154140129685402,0.041323259472846985,0.03465373441576958,0.03465373441576958,0.03465373441576958,0.03667467460036278,0.03465373441576958,0.03465373441576958,0.038730770349502563,0.03465373441576958
2021-07-21,0.034778472036123276,0.03826858103275299,0.034778472036123276,0.036805808544158936,0.03958062827587128,0.038759611546993256,0.034778472036123276,0.03639231622219086,0.034778472036123276,0.03793716058135033,0.034778472036123276,0.04339506849646568,0.0376909002661705,0.037443459033966064,0.034778472036123276,0.0380597859621048,0.041682589799165726,0.04229455441236496,0.039895378053188324,0.034778472036123276,0.034778472036123276,0.034778472036123276,0.036559220403432846,0.034778472036123276,0.034778472036123276,0.03789331018924713,0.034778472036123276
2021-07-22,0.03485124930739403,0.037221234291791916,0.03485124930739403,0.03745972737669945,0.03963124752044678,0.04015028476715088,0.03485124930739403,0.036978378891944885,0.03485124930739403,0.03791707381606102,0.03485124930739403,0.04222485050559044,0.03780713304877281,0.03635993227362633,0.03485124930739403,0.038634736090898514,0.041966088116168976,0.043109096586704254,0.03902573511004448,0.03485124930739403,0.03485124930739403,0.03485124930739403,0.036287419497966766,0.03485124930739403,0.03485124930739403,0.03701213002204895,0.03485124930739403
2021-07-23,0.035143978893756866,0.037557777017354965,0.03476758673787117,0.036806557327508926,0.03990688920021057,0.03985940292477608,0.0347641296684742,0.036696646362543106,0.0347641296684742,0.03833519294857979,0.0347641296684742,0.04257717728614807,0.03798142820596695,0.036686670035123825,0.0347641296684742,0.03864681348204613,0.04211781919002533,0.043144840747117996,0.03909270837903023,0.0347641296684742,0.0347641296684742,0.0347641296684742,0.03588418662548065,0.0347641296684742,0.0347641296684742,0.03715305030345917,0.0347641296684742
2021-07-26,0.03475964814424515,0.03871656581759453,0.03475964814424515,0.036342110484838486,0.03956221416592598,0.03897317126393318,0.03475964814424515,0.035786762833595276,0.03475964814424515,0.038077812641859055,0.03475964814424515,0.043872181326150894,0.03783988580107689,0.03853626176714897,0.03475964814424515,0.03791683912277222,0.04107048735022545,0.04176585003733635,0.04003838822245598,0.03475964814424515,0.03475964814424515,0.03475964814424515,0.036439284682273865,0.03475964814424515,0.03475964814424515,0.03794637322425842,0.03475964814424515
2021-07-27,0.03486572578549385,0.03850908949971199,0.03486572578549385,0.03661353141069412,0.039358288049697876,0.03944583237171173,0.03486572578549385,0.036077409982681274,0.03486572578549385,0.037995755672454834,0.03486572578549385,0.04323912784457207,0.037773869931697845,0.03828926756978035,0.03486572578549385,0.038079116493463516,0.04033635929226875,0.04170718789100647,0.03975245729088783,0.03486572578549385,0.03486572578549385,0.03486572578549385,0.03684934228658676,0.03486572578549385,0.03486572578549385,0.037584710866212845,0.03486572578549385
2021-07-28,0.0348859541118145,0.038272980600595474,0.0348859541118145,0.03727531060576439,0.03902808576822281,0.0395299457013607,0.0348859541118145,0.03617790713906288,0.0348859541118145,0.03773726150393486,0.0348859541118145,0.04324237257242203,0.0375867635011673,0.03845765069127083,0.0348859541118145,0.03785102069377899,0.0404115729033947,0.04160270094871521,0.03961113095283508,0.0348859541118145,0.0348859541118145,0.0348859541118145,0.03712742030620575,0.0348859541118145,0.0348859541118145,0.03745635226368904,0.0348859541118145
2021-07-29,0.03485998138785362,0.037860386073589325,0.03485998138785362,0.03745704144239426,0.03924877196550369,0.03945226967334747,0.03485998138785362,0.03659448027610779,0.03485998138785362,0.03784498572349548,0.03485998138785362,0.04307878762483597,0.03779992088675499,0.03772149235010147,0.03485998138785362,0.03818972036242485,0.04115404561161995,0.042241159826517105,0.03911573439836502,0.03485998138785362,0.03485998138785362,0.03485998138785362,0.03672455623745918,0.03485998138785362,0.03485998138785362,0.03719690442085266,0.03485998138785362
2021-07-30,0.034929804503917694,0.03719285503029823,0.03492440655827522,0.03765519708395004,0.03917274624109268,0.040413253009319305,0.03492440655827522,0.03700081631541252,0.03492440655827522,0.03813815116882324,0.03492440655827522,0.04245821014046669,0.03769306465983391,0.03685774281620979,0.03492440655827522,0.03848916292190552,0.04123543202877045,0.042739491909742355,0.03871897980570793,0.03492440655827522,0.03492440655827522,0.03492440655827522,0.036298930644989014,0.03492440655827522,0.03492440655827522,0.03683764114975929,0.03492440655827522
2021-08-02,0.03489989787340164,0.0374792143702507,0.03489989787340164,0.03750036656856537,0.03922001272439957,0.040290214121341705,0.03489989787340164,0.03710572421550751,0.03489989787340164,0.03831793740391731,0.03489989787340164,0.0427231527864933,0.037537671625614166,0.037028007209300995,0.03489989787340164,0.038183849304914474,0.041219696402549744,0.042219825088977814,0.0390096940100193,0.03489989787340164,0.03489989787340164,0.03489989787340164,0.036179542541503906,0.03489989787340164,0.03489989787340164,0.037186332046985626,0.03489989787340164
2021-08-03,0.03511248528957367,0.03721272945404053,0.03486251085996628,0.03736173361539841,0.039462339133024216,0.04058891907334328,0.03486251085996628,0.03738084435462952,0.03486251085996628,0.03856324777007103,0.03486251085996628,0.042327880859375,0.037505317479372025,0.036266569048166275,0.03486251085996628,0.038523364812135696,0.04175787791609764,0.04265148192644119,0.03902117908000946,0.03486251085996628,0.03486251085996628,0.03486251085996628,0.03571450337767601,0.03486251085996628,0.03486251085996628,0.03706192597746849,0.03486251085996628
2021-08-04,0.0348859466612339,0.03834090381860733,0.0348859466612339,0.03706979379057884,0.03893345221877098,0.03958369046449661,0.0348859466612339,0.03693901374936104,0.0348859466612339,0.038308460265398026,0.0348859466612339,0.043283861130476,0.03718724846839905,0.03788899630308151,0.0348859466612339,0.03807574138045311,0.0407383032143116,0.041186049580574036,0.03987031430006027,0.0348859466612339,0.0348859466612339,0.0348859466612339,0.03636676445603371,0.0348859466612339,0.0348859466612339,0.03759606555104256,0.0348859466612339
2021-08-05,0.03580959886312485,0.03757300227880478,0.03481345623731613,0.036314696073532104,0.039679523557424545,0.04010865092277527,0.03481345623731613,0.03710849955677986,0.03481345623731613,0.03915863111615181,0.03481345623731613,0.04275881126523018,0.037466876208782196,0.036376699805259705,0.03486539050936699,0.03852951526641846,0.04169369861483574,0.0421922542154789,0.03934647515416145,0.03481345623731613,0.03481345623731613,0.03481345623731613,0.0354306735098362,0.03481345623731613,0.03481345623731613,0.03745243698358536,0.03481345623731613
2021-08-06,0.035628095269203186,0.03742043673992157,0.03485242277383804,0.036565497517585754,0.03968033567070961,0.040849488228559494,0.03485242277383804,0.0373736135661602,0.03485242277383804,0.03944135457277298,0.03485242277383804,0.04235650226473808,0.037156347185373306,0.03642724081873894,0.035076454281806946,0.038746219128370285,0.041172973811626434,0.04169711843132973,0.0393361933529377,0.03485242277383804,0.03485242277383804,0.03485242277383804,0.03549228981137276,0.03485242277383804,0.03485242277383804,0.037055641412734985,0.03485242277383804
2021-08-09,0.03556723892688751,0.036830559372901917,0.03493357077240944,0.03730527684092522,0.03965573012828827,0.041573166847229004,0.03493357077240944,0.03798960894346237,0.03493357077240944,0.03928573802113533,0.03504755720496178,0.04163658618927002,0.03721613809466362,0.035436224192380905,0.03541390597820282,0.038923606276512146,0.041199225932359695,0.04194048419594765,0.03871142491698265,0.03493357077240944,0.03493357077240944,0.03493357077240944,0.035403650254011154,0.03493357077240944,0.03493357077240944,0.0364617295563221,0.03493357077240944
2021-08-10,0.035592783242464066,0.03682487830519676,0.034917328506708145,0.03720085695385933,0.039715398102998734,0.04139050096273422,0.034917328506708145,0.03808389604091644,0.034917328506708145,0.039416391402482986,0.03511686250567436,0.04172152653336525,0.03719869628548622,0.035161495208740234,0.03556118160486221,0.03888162598013878,0.04106984660029411,0.04183389991521835,0.03888833895325661,0.034917328506708145,0.034917328506708145,0.034917328506708145,0.03530261293053627,0.034917328506708145,0.034917328506708145,0.03678327798843384,0.034917328506708145
2021-08-11,0.035635024309158325,0.03660004213452339,0.03503786772489548,0.03784986585378647,0.03912954032421112,0.04163804650306702,0.03503786772489548,0.03849714621901512,0.03503786772489548,0.03925595059990883,0.03503786772489548,0.041899945586919785,0.036860737949609756,0.03513981029391289,0.03554554656147957,0.03882881626486778,0.04073737934231758,0.04132930189371109,0.038852907717227936,0.03503786772489548,0.03503786772489548,0.03503786772489548,0.03536640852689743,0.03503786772489548,0.03503786772489548,0.036454930901527405,0.03503786772489548
2021-08-12,0.03564496338367462,0.036810725927352905,0.03517116978764534,0.03827008232474327,0.038916897028684616,0.042351264506578445,0.03517116978764534,0.03882924094796181,0.03517116978764534,0.039259687066078186,0.03517116978764534,0.04137931764125824,0.03604944050312042,0.03517116978764534,0.036023981869220734,0.03898932412266731,0.0393340140581131,0.0400099903345108,0.03909393399953842,0.03517116978764534,0.03517116978764534,0.03517116978764534,0.03594951331615448,0.03517116978764534,0.035753972828388214,0.03562188148498535,0.03517116978764534
2021-08-13,0.03582065925002098,0.03709832951426506,0.03522176668047905,0.038255445659160614,0.038688626140356064,0.04250315949320793,0.03522176668047905,0.038819290697574615,0.03522176668047905,0.03941573202610016,0.035570014268159866,0.04102785140275955,0.03594694286584854,0.03522176668047905,0.03585946559906006,0.03930926322937012,0.03872903063893318,0.03950564190745354,0.039170295000076294,0.03522176668047905,0.03522176668047905,0.03522176668047905,0.03592395409941673,0.03522176668047905,0.035916801542043686,0.03544355556368828,0.03522176668047905
2021-08-16,0.03542843088507652,0.038095247000455856,0.03517138957977295,0.037657931447029114,0.03849560767412186,0.041496921330690384,0.03517138957977295,0.03798414021730423,0.03517138957977295,0.03911221772432327,0.03517138957977295,0.04240375757217407,0.03602223098278046,0.03636827692389488,0.03517138957977295,0.03907676786184311,0.038319677114486694,0.038971517235040665,0.040125325322151184,0.03517138957977295,0.03517138957977295,0.03517138957977295,0.03628668189048767,0.03517138957977295,0.036294788122177124,0.036146603524684906,0.03517138957977295
2021-08-17,0.035017382353544235,0.03900212422013283,0.035017382353544235,0.037165604531764984,0.03805411607027054,0.040016524493694305,0.035017382353544235,0.03722958266735077,0.03515435382723808,0.03827565163373947,0.035017382353544235,0.04338626563549042,0.036209821701049805,0.03743499517440796,0.035017382353544235,0.038614995777606964,0.038617588579654694,0.03908482566475868,0.04124642536044121,0.035017382353544235,0.035017382353544235,0.035017382353544235,0.03672131523489952,0.035017382353544235,0.03643728792667389,0.037174757570028305,0.035017382353544235
2021-08-18,0.0348978117108345,0.03892289474606514,0.0348978117108345,0.03705231845378876,0.0379796139895916,0.03923023119568825,0.0348978117108345,0.03676122799515724,0.035134878009557724,0.037662237882614136,0.0348978117108345,0.04399251192808151,0.03688138350844383,0.03801954910159111,0.0348978117108345,0.03846978768706322,0.03954385221004486,0.04009498283267021,0.041124578565359116,0.0348978117108345,0.0348978117108345,0.0348978117108345,0.03692704439163208,0.0348978117108345,0.03556791692972183,0.03765689581632614,0.0348978117108345
2021-08-19,0.034797534346580505,0.03858013451099396,0.034797534346580505,0.03680449724197388,0.03872964531183243,0.03893433138728142,0.034797534346580505,0.03687145933508873,0.034797534346580505,0.03830018267035484,0.034797534346580505,0.04424208402633667,0.037198446691036224,0.03682388737797737,0.034797534346580505,0.038223862648010254,0.04096807539463043,0.041062235832214355,0.04150902107357979,0.034797534346580505,0.034797534346580505,0.034797534346580505,0.036035340279340744,0.034797534346580505,0.034797534346580505,0.03814642131328583,0.034797534346580505
2021-08-20,0.03507035970687866,0.0389958955347538,0.034727297723293304,0.03563280403614044,0.03887016698718071,0.03842641040682793,0.034727297723293304,0.036086346954107285,0.035012368112802505,0.038592953234910965,0.034727297723293304,0.04459543153643608,0.03695005178451538,0.03686957806348801,0.034727297723293304,0.03837917745113373,0.040613509714603424,0.04082179814577103,0.042602818459272385,0.034727297723293304,0.034727297723293304,0.034727297723293304,0.035895936191082,0.034727297723293304,0.034727297723293304,0.03931142017245293,0.034727297723293304
2021-08-23,0.03509805351495743,0.03944388031959534,0.03473254665732384,0.03518335521221161,0.03844248503446579,0.03809062018990517,0.03473254665732384,0.035858046263456345,0.03533877432346344,0.03827621042728424,0.03473254665732384,0.044888656586408615,0.036907993257045746,0.03784242272377014,0.03473254665732384,0.038424938917160034,0.03987932205200195,0.04027200862765312,0.042642928659915924,0.03473254665732384,0.03473254665732384,0.03473254665732384,0.03636666014790535,0.03473254665732384,0.0350312739610672,0.039419446140527725,0.03473254665732384
2021-08-24,0.03529805690050125,0.0390794575214386,0.03485609591007233,0.03518254682421684,0.038296110928058624,0.0385906919836998,0.03479066118597984,0.03635324165225029,0.035221315920352936,0.03835510462522507,0.03479066118597984,0.04452210292220116,0.03713960200548172,0.03795002028346062,0.03479066118597984,0.03891013562679291,0.0396035760641098,0.04031984880566597,0.04183925315737724,0.03479066118597984,0.03479066118597984,0.03479066118597984,0.036465708166360855,0.03479066118597984,0.035202756524086,0.03848908469080925,0.03479066118597984
2021-08-25,0.036045245826244354,0.03774955868721008,0.03558270260691643,0.03509704768657684,0.03863488510251045,0.03974459692835808,0.03487347811460495,0.036952607333660126,0.03487347811460495,0.039025068283081055,0.035140495747327805,0.04369862750172615,0.037444449961185455,0.036009520292282104,0.03487347811460495,0.03929002210497856,0.04028183966875076,0.041394636034965515,0.04066327586770058,0.03487347811460495,0.03487347811460495,0.03487347811460495,0.03528886288404465,0.03487347811460495,0.03487347811460495,0.038095250725746155,0.03487347811460495
2021-08-26,0.03605886176228523,0.03673094883561134,0.0354466550052166,0.03558020666241646,0.03893439844250679,0.041039202362298965,0.03486244007945061,0.037903569638729095,0.03486244007945061,0.039385780692100525,0.03600119799375534,0.04229441657662392,0.03748944774270058,0.03486244007945061,0.03521263599395752,0.039598289877176285,0.040740448981523514,0.04224047809839249,0.03964594006538391,0.03486244007945061,0.03486244007945061,0.03486244007945061,0.03486244007945061,0.03486244007945061,0.03486244007945061,0.037073150277137756,0.03486244007945061
2021-08-27,0.036115773022174835,0.03621703386306763,0.03533303737640381,0.035597238689661026,0.03941313549876213,0.041291482746601105,0.03475792706012726,0.0378415584564209,0.03475792706012726,0.03988697752356529,0.03635788336396217,0.042031921446323395,0.03736488148570061,0.03475792706012726,0.03555123135447502,0.039445661008358,0.04122428223490715,0.04224200174212456,0.039484623819589615,0.03475792706012726,0.03475792706012726,0.03475792706012726,0.03475792706012726,0.03475792706012726,0.03475792706012726,0.03702200576663017,0.03475792706012726
2021-08-30,0.03618256375193596,0.036064233630895615,0.035167425870895386,0.0360243022441864,0.039206068962812424,0.0418519526720047,0.0348203107714653,0.03810226544737816,0.0348203107714653,0.03968938812613487,0.03632444143295288,0.04168315604329109,0.037316709756851196,0.0348203107714653,0.03562786430120468,0.03962138295173645,0.04125653952360153,0.04211626946926117,0.03917709365487099,0.0348203107714653,0.0348203107714653,0.0348203107714653,0.0348203107714653,0.0348203107714653,0.0348203107714653,0.036385226994752884,0.0348203107714653
2021-08-31,0.036208588629961014,0.03610539436340332,0.03523840755224228,0.03604104369878769,0.03884746879339218,0.041914042085409164,0.034856799989938736,0.0380035862326622,0.034856799989938736,0.0395115502178669,0.03612089157104492,0.041887104511260986,0.03743764013051987,0.034856799989938736,0.03512437269091606,0.039763323962688446,0.04122929275035858,0.04236064851284027,0.039289020001888275,0.034856799989938736,0.034856799989938736,0.034856799989938736,0.034856799989938736,0.034856799989938736,0.034856799989938736,0.03634955361485481,0.034856799989938736
2021-09-01,0.03602951020002365,0.03633943572640419,0.03511761873960495,0.03617676720023155,0.038555752485990524,0.04211262986063957,0.03490062057971954,0.038286447525024414,0.03490062057971954,0.0394907109439373,0.03604506701231003,0.04194248840212822,0.03735452517867088,0.03490062057971954,0.03528279438614845,0.0397278256714344,0.0408821702003479,0.042256683111190796,0.039275117218494415,0.03490062057971954,0.03490062057971954,0.03490062057971954,0.03490062057971954,0.03490062057971954,0.03490062057971954,0.03611818328499794,0.03490062057971954
2021-09-02,0.03602205589413643,0.03657073527574539,0.03520642966032028,0.03583091124892235,0.038732949644327164,0.04199126735329628,0.03481946885585785,0.03787919506430626,0.03481946885585785,0.039652105420827866,0.03596741706132889,0.04226101189851761,0.03724651038646698,0.03481946885585785,0.03519321233034134,0.03972765430808067,0.04103143885731697,0.04234408587217331,0.03970624879002571,0.03481946885585785,0.03481946885585785,0.03481946885585785,0.03481946885585785,0.03481946885585785,0.03481946885585785,0.03644207492470741,0.03481946885585785
2021-09-03,0.03591873124241829,0.03672203794121742,0.035407133400440216,0.03576609864830971,0.03825698047876358,0.04209863767027855,0.034889888018369675,0.03786156326532364,0.034889888018369675,0.03933974727988243,0.035888832062482834,0.04241727292537689,0.037272121757268906,0.034889888018369675,0.03493998572230339,0.039860282093286514,0.040848877280950546,0.042066264897584915,0.03999704867601395,0.034889888018369675,0.034889888018369675,0.034889888018369675,0.034889888018369675,0.034889888018369675,0.034889888018369675,0.036439500749111176,0.034889888018369675
2021-09-07,0.036016881465911865,0.03684502840042114,0.03534134849905968,0.03561260551214218,0.03841989487409592,0.04169963672757149,0.034833312034606934,0.037674713879823685,0.034833312034606934,0.039209093898534775,0.035929933190345764,0.04240032657980919,0.03725392371416092,0.034833312034606934,0.034833312034606934,0.040172334760427475,0.041080571711063385,0.0421578623354435,0.04040183499455452,0.034833312034606934,0.034833312034606934,0.034833312034606934,0.034833312034606934,0.034833312034606934,0.034833312034606934,0.03661751747131348,0.034833312034606934
2021-09-08,0.03617936745285988,0.036723483353853226,0.03520137071609497,0.03537862002849579,0.03897039592266083,0.04110550880432129,0.03467706963419914,0.03795784339308739,0.03467706963419914,0.03915805369615555,0.036057598888874054,0.04214299097657204,0.037336789071559906,0.03467706963419914,0.035007040947675705,0.040216222405433655,0.04178253933787346,0.0421912781894207,0.04061642661690712,0.03467706963419914,0.03467706963419914,0.03467706963419914,0.03467706963419914,0.03467706963419914,0.03467706963419914,0.037203818559646606,0.03467706963419914
2021-09-09,0.03609330579638481,0.03685630485415459,0.03527136147022247,0.03531365096569061,0.038813214749097824,0.041216444224119186,0.034698475152254105,0.03779709339141846,0.034698475152254105,0.039295781403779984,0.03585256263613701,0.042677927762269974,0.03711698204278946,0.034698475152254105,0.03503745049238205,0.040038593113422394,0.04160190373659134,0.04181405529379845,0.04083177447319031,0.034698475152254105,0.034698475152254105,0.034698475152254105,0.034698475152254105,0.034698475152254105,0.034698475152254105,0.03738688305020332,0.034698475152254105
2021-09-10,0.03651988133788109,0.03627481684088707,0.03515077382326126,0.03539207577705383,0.039075836539268494,0.04123128950595856,0.03467453271150589,0.03805086016654968,0.03467453271150589,0.039283137768507004,0.03600944206118584,0.0419885590672493,0.03763224557042122,0.03467453271150589,0.03526129946112633,0.04004374518990517,0.04235440492630005,0.042228344827890396,0.03980274125933647,0.03467453271150589,0.03467453271150589,0.03467453271150589,0.03467453271150589,0.03467453271150589,0.03467453271150589,0.036955274641513824,0.03467453271150589
2021-09-13,0.03649984300136566,0.03569822013378143,0.03467269986867905,0.03603234514594078,0.039538655430078506,0.042095400393009186,0.03467269986867905,0.03836754336953163,0.03467269986867905,0.03959812968969345,0.036130547523498535,0.04107724130153656,0.03736916556954384,0.03467269986867905,0.035668034106492996,0.04009081423282623,0.04246670380234718,0.04194001853466034,0.039513442665338516,0.03467269986867905,0.03467269986867905,0.03467269986867905,0.03467269986867905,0.03467269986867905,0.03467269986867905,0.03651419281959534,0.03467269986867905
2021-09-14,0.03630780428647995,0.03536323830485344,0.03490573540329933,0.03702351078391075,0.039231497794389725,0.04315035417675972,0.03490573540329933,0.03892717882990837,0.03490573540329933,0.03915126249194145,0.03612937405705452,0.04022630304098129,0.03713829815387726,0.03490573540329933,0.03557434305548668,0.040468718856573105,0.041358593851327896,0.04126423969864845,0.03914030268788338,0.03490573540329933,0.03490573540329933,0.03490573540329933,0.03490573540329933,0.03490573540329933,0.03490573540329933,0.03558189421892166,0.03490573540329933
2021-09-15,0.0361894853413105,0.03565038740634918,0.03477991372346878,0.03653755784034729,0.039674993604421616,0.042697127908468246,0.03477991372346878,0.03859642520546913,0.03477991372346878,0.039112478494644165,0.03605971112847328,0.040565311908721924,0.03729844465851784,0.03477991372346878,0.03548693284392357,0.04045215994119644,0.04190555587410927,0.041465360671281815,0.03980894759297371,0.03477991372346878,0.03477991372346878,0.03477991372346878,0.03477991372346878,0.03477991372346878,0.03477991372346878,0.035920120775699615,0.03477991372346878
2021-09-16,0.03651169687509537,0.03644170984625816,0.0347842313349247,0.03627143055200577,0.039642829447984695,0.042127978056669235,0.0347842313349247,0.03846587613224983,0.0347842313349247,0.03896121680736542,0.03594774752855301,0.04084000363945961,0.03717135265469551,0.0347842313349247,0.0355958454310894,0.040494125336408615,0.04149825870990753,0.041290875524282455,0.03996296599507332,0.0347842313349247,0.0347842313349247,0.0347842313349247,0.03492090851068497,0.0347842313349247,0.0347842313349247,0.036012906581163406,0.0347842313349247
2021-09-17,0.03674773871898651,0.03625582158565521,0.034673068672418594,0.03591006249189377,0.03993746265769005,0.041872430592775345,0.034673068672418594,0.03829733654856682,0.034673068672418594,0.039191924035549164,0.03617527708411217,0.040840934962034225,0.03723648563027382,0.034673068672418594,0.035757433623075485,0.04047781229019165,0.04206525534391403,0.04166574776172638,0.03989921510219574,0.034673068672418594,0.034673068672418594,0.034673068672418594,0.034673068672418594,0.034673068672418594,0.034673068672418594,0.036265335977077484,0.034673068672418594
2021-09-20,0.036532338708639145,0.03637074679136276,0.03465461730957031,0.036002643406391144,0.04015839844942093,0.04153517633676529,0.03465461730957031,0.038280654698610306,0.03465461730957031,0.03920004889369011,0.03572918474674225,0.041353996843099594,0.03728797659277916,0.03465461730957031,0.03598705679178238,0.039977315813302994,0.04250691086053848,0.04139544442296028,0.039902277290821075,0.03465461730957031,0.03465461730957031,0.03465461730957031,0.03465461730957031,0.03465461730957031,0.03465461730957031,0.036579031497240067,0.03465461730957031
2021-09-21,0.03652084991335869,0.03678610920906067,0.03479062020778656,0.03542101010680199,0.040393419563770294,0.04040968418121338,0.034434325993061066,0.037759244441986084,0.034434325993061066,0.03913481906056404,0.03610246255993843,0.0411510095000267,0.03756154701113701,0.034434325993061066,0.036485929042100906,0.039819128811359406,0.04356176406145096,0.04251134768128395,0.04027475789189339,0.034434325993061066,0.034434325993061066,0.034434325993061066,0.034434325993061066,0.034434325993061066,0.034434325993061066,0.03697296977043152,0.034434325993061066
2021-09-22,0.03656967729330063,0.036491796374320984,0.03448094055056572,0.03587806969881058,0.04061637446284294,0.040916427969932556,0.03448094055056572,0.03796033933758736,0.03448094055056572,0.03904074802994728,0.03585738688707352,0.04082087427377701,0.03767280653119087,0.03448094055056572,0.03656946122646332,0.03967716544866562,0.043697308748960495,0.042328085750341415,0.039876967668533325,0.03448094055056572,0.03448094055056572,0.03448094055056572,0.03448094055056572,0.03448094055056572,0.03448094055056572,0.03673625364899635,0.03448094055056572
2021-09-23,0.0366155169904232,0.03549429029226303,0.03457881137728691,0.03719710186123848,0.04075854644179344,0.041986916214227676,0.03457881137728691,0.03849899396300316,0.03457881137728691,0.03905534744262695,0.035620030015707016,0.03993424028158188,0.037375882267951965,0.03457881137728691,0.03670670837163925,0.039660099893808365,0.04331118240952492,0.04230336844921112,0.03905339539051056,0.03457881137728691,0.03457881137728691,0.03457881137728691,0.03457881137728691,0.03457881137728691,0.03457881137728691,0.03606143593788147,0.03457881137728691
2021-09-24,0.03623063117265701,0.034702006727457047,0.034702006727457047,0.038431186228990555,0.040702350437641144,0.043038442730903625,0.034702006727457047,0.038974061608314514,0.034702006727457047,0.039221856743097305,0.03590143099427223,0.039081573486328125,0.036854274570941925,0.034702006727457047,0.03703643009066582,0.03955702856183052,0.042454756796360016,0.04243547096848488,0.0380985327064991,0.034702006727457047,0.034702006727457047,0.034702006727457047,0.034702006727457047,0.034702006727457047,0.034702006727457047,0.035557821393013,0.034702006727457047
2021-09-27,0.0361345149576664,0.0350349098443985,0.03481452539563179,0.037982210516929626,0.040590401738882065,0.04311119765043259,0.03481452539563179,0.03896256536245346,0.03481452539563179,0.03943558409810066,0.03622603416442871,0.03948504850268364,0.0366361141204834,0.03481452539563179,0.037398241460323334,0.039370097219944,0.0413472056388855,0.04183759167790413,0.037972427904605865,0.03481452539563179,0.03481452539563179,0.03481452539563179,0.03481452539563179,0.03481452539563179,0.03481452539563179,0.03551609441637993,0.03481452539563179
2021-09-28,0.035759080201387405,0.03540632873773575,0.03492490574717522,0.03864338621497154,0.040239110589027405,0.043503567576408386,0.03492490574717522,0.03915566951036453,0.03492490574717522,0.0388910174369812,0.03655579313635826,0.03919316828250885,0.03636535257101059,0.03492490574717522,0.03778254985809326,0.03940519690513611,0.04064866155385971,0.041508693248033524,0.03773071989417076,0.03492490574717522,0.03492490574717522,0.03492490574717522,0.035037729889154434,0.03492490574717522,0.03492490574717522,0.03492490574717522,0.03492490574717522
2021-09-29,0.03582940250635147,0.03616228327155113,0.03483576327562332,0.037748757749795914,0.0402199812233448,0.04280846565961838,0.03483576327562332,0.0389912873506546,0.03483576327562332,0.038949936628341675,0.03666508197784424,0.03980802744626999,0.03679075837135315,0.03483576327562332,0.03792606666684151,0.03935762867331505,0.040721967816352844,0.04188420996069908,0.03796744719147682,0.03483576327562332,0.03483576327562332,0.03483576327562332,0.0349753275513649,0.03483576327562332,0.03483576327562332,0.03483576327562332,0.03483576327562332
2021-09-30,0.036390721797943115,0.036217983812093735,0.03483153134584427,0.03770359605550766,0.040029991418123245,0.04298841208219528,0.03483153134584427,0.03880300000309944,0.03483153134584427,0.039057616144418716,0.03672248125076294,0.03983105719089508,0.03653718903660774,0.03483153134584427,0.03769787773489952,0.039651837199926376,0.040539395064115524,0.0415751151740551,0.038133006542921066,0.03483153134584427,0.03483153134584427,0.03483153134584427,0.03483153134584427,0.03483153134584427,0.03483153134584427,0.03497391939163208,0.03483153134584427
2021-10-01,0.036615218967199326,0.0365593321621418,0.03474049270153046,0.03701255843043327,0.040309563279151917,0.042438533157110214,0.03474049270153046,0.03869490325450897,0.03474049270153046,0.03923490643501282,0.03671618923544884,0.040023207664489746,0.036898478865623474,0.03474049270153046,0.037579797208309174,0.03963831067085266,0.0408768430352211,0.04168761521577835,0.03842960670590401,0.03474049270153046,0.03474049270153046,0.03474049270153046,0.03474049270153046,0.03474049270153046,0.03474049270153046,0.035139620304107666,0.03474049270153046
2021-10-04,0.0365787111222744,0.037095677107572556,0.03479339927434921,0.03733745217323303,0.04058580845594406,0.04199060797691345,0.03479339927434921,0.038212358951568604,0.03479339927434921,0.03891165181994438,0.03671834617853165,0.03991001471877098,0.03655436262488365,0.03479339927434921,0.03724637255072594,0.039697397500276566,0.04063030704855919,0.041056301444768906,0.038957539945840836,0.03479339927434921,0.03479339927434921,0.03479339927434921,0.03544151410460472,0.03479339927434921,0.03484341502189636,0.03509151190519333,0.03479339927434921
2021-10-05,0.036251652985811234,0.03701087087392807,0.034812308847904205,0.03812607750296593,0.04080471768975258,0.041741352528333664,0.034812308847904205,0.03811801224946976,0.034812308847904205,0.03855102136731148,0.03636939451098442,0.0399300642311573,0.036489762365818024,0.034812308847904205,0.03722042590379715,0.039290279150009155,0.040807489305734634,0.04108439385890961,0.0389421284198761,0.034812308847904205,0.034812308847904205,0.034812308847904205,0.03586643561720848,0.034812308847904205,0.034999601542949677,0.0350855328142643,0.034812308847904205
2021-10-06,0.035990867763757706,0.03648930415511131,0.034846264868974686,0.03878641873598099,0.04078218713402748,0.04201030731201172,0.034846264868974686,0.03839391842484474,0.034846264868974686,0.03834404796361923,0.036217715591192245,0.039562683552503586,0.03648849576711655,0.034846264868974686,0.03725920245051384,0.03927982971072197,0.040927186608314514,0.04134094715118408,0.0387628935277462,0.034846264868974686,0.034846264868974686,0.034846264868974686,0.03585679084062576,0.034846264868974686,0.03492952138185501,0.03496122732758522,0.034846264868974686
2021-10-07,0.036208756268024445,0.03632942959666252,0.03484483063220978,0.03853705897927284,0.0406288243830204,0.0421479232609272,0.03484483063220978,0.038609299808740616,0.03484483063220978,0.03865808993577957,0.036274779587984085,0.03972393274307251,0.036498069763183594,0.03484483063220978,0.037143733352422714,0.039412498474121094,0.04067050293087959,0.041398294270038605,0.03867318481206894,0.03484483063220978,0.03484483063220978,0.03484483063220978,0.03557130694389343,0.03484483063220978,0.03484483063220978,0.035066019743680954,0.03484483063220978
2021-10-08,0.0362631231546402,0.03508487716317177,0.03487334027886391,0.03917299211025238,0.0405983030796051,0.04278405383229256,0.03487334027886391,0.03880598768591881,0.03487334027886391,0.038396742194890976,0.03657761216163635,0.038917940109968185,0.03667325899004936,0.03487334027886391,0.03688019886612892,0.039862487465143204,0.04113108664751053,0.04211006686091423,0.03804532811045647,0.03487334027886391,0.03487334027886391,0.03487334027886391,0.03501524403691292,0.03487334027886391,0.03487334027886391,0.03494733199477196,0.03487334027886391
2021-10-11,0.036085087805986404,0.03535645827651024,0.03482183441519737,0.039120737463235855,0.0406312458217144,0.04234655573964119,0.03482183441519737,0.03874938562512398,0.03482183441519737,0.038284607231616974,0.03612614423036575,0.03943590074777603,0.037013307213783264,0.03482183441519737,0.03692289814352989,0.03944282978773117,0.04158417508006096,0.04241783916950226,0.0380295068025589,0.03482183441519737,0.03482183441519737,0.03482183441519737,0.035051483660936356,0.03482183441519737,0.03482183441519737,0.03518347814679146,0.03482183441519737
2021-10-12,0.03613854572176933,0.03558117896318436,0.03475435450673103,0.03932404890656471,0.04091267287731171,0.04238397255539894,0.03475435450673103,0.038587622344493866,0.03475435450673103,0.038439929485321045,0.03548688068985939,0.039866432547569275,0.03690969944000244,0.03475435450673103,0.03699292987585068,0.03886967897415161,0.04221854731440544,0.04215742275118828,0.03817598894238472,0.03475435450673103,0.03475435450673103,0.03475435450673103,0.03496541827917099,0.03475435450673103,0.03475435450673103,0.0354454480111599,0.03475435450673103
2021-10-13,0.036430586129426956,0.03584730625152588,0.03472081944346428,0.038800694048404694,0.04099169746041298,0.04197822883725166,0.03472081944346428,0.03849643096327782,0.03472081944346428,0.03849732130765915,0.03538051247596741,0.04013296216726303,0.03713397681713104,0.03472081944346428,0.036774907261133194,0.03878798335790634,0.04263472184538841,0.04225659370422363,0.038176778703927994,0.03472081944346428,0.03472081944346428,0.03472081944346428,0.03472081944346428,0.03472081944346428,0.03472081944346428,0.035750292241573334,0.03472081944346428
2021-10-14,0.03658495843410492,0.036305900663137436,0.034715309739112854,0.038100697100162506,0.04092905670404434,0.0416887030005455,0.034715309739112854,0.03833742067217827,0.034715309739112854,0.03884414583444595,0.03543438762426376,0.0406123623251915,0.036932189017534256,0.034715309739112854,0.036709949374198914,0.03884781897068024,0.042194727808237076,0.041682787239551544,0.03877308964729309,0.034715309739112854,0.034715309739112854,0.034715309739112854,0.034715309739112854,0.034715309739112854,0.034715309739112854,0.036153387278318405,0.034715309739112854
2021-10-15,0.03684794902801514,0.036314014345407486,0.03482310101389885,0.0380859300494194,0.040290717035532,0.04207843169569969,0.03482310101389885,0.03823364898562431,0.03482310101389885,0.03877317160367966,0.03584950044751167,0.04016703739762306,0.036626629531383514,0.03482310101389885,0.036441072821617126,0.03936861455440521,0.041665416210889816,0.0415816456079483,0.038693852722644806,0.03482310101389885,0.03482310101389885,0.03482310101389885,0.034852877259254456,0.03482310101389885,0.03482310101389885,0.03589840978384018,0.03482310101389885
2021-10-18,0.036808162927627563,0.03559684753417969,0.03491551801562309,0.03834507241845131,0.0399395227432251,0.042856983840465546,0.03491551801562309,0.03841406852006912,0.03491551801562309,0.03857697546482086,0.03664642572402954,0.03920605033636093,0.036651611328125,0.03491551801562309,0.03646077215671539,0.03993675857782364,0.04146789014339447,0.04205498844385147,0.037901412695646286,0.03491551801562309,0.03491551801562309,0.03491551801562309,0.03491551801562309,0.03491551801562309,0.03491551801562309,0.035065751522779465,0.03491551801562309
2021-10-19,0.03710966184735298,0.03555581718683243,0.03480878472328186,0.03713443875312805,0.03994980454444885,0.04260801151394844,0.03480878472328186,0.0384318009018898,0.03480878472328186,0.03902671858668327,0.03685901314020157,0.0393078587949276,0.03732209652662277,0.03480878472328186,0.03649919107556343,0.039986107498407364,0.04195422679185867,0.042720481753349304,0.037517938762903214,0.03480878472328186,0.03480878472328186,0.03480878472328186,0.03480878472328186,0.03480878472328186,0.03480878472328186,0.035120222717523575,0.03480878472328186
2021-10-20,0.03669652342796326,0.03570206090807915,0.03487458452582359,0.037002548575401306,0.0396035797894001,0.04308945685625076,0.03487458452582359,0.03862614557147026,0.03487458452582359,0.03896425664424896,0.037333693355321884,0.03915970027446747,0.037054337561130524,0.03487458452582359,0.036764226853847504,0.04035678133368492,0.040803104639053345,0.04243263602256775,0.037820130586624146,0.03487458452582359,0.03487458452582359,0.03487458452582359,0.03487458452582359,0.03487458452582359,0.03487458452582359,0.03497046232223511,0.03487458452582359
2021-10-21,0.03646444156765938,0.035583753138780594,0.035014186054468155,0.03787935897707939,0.03918851539492607,0.04311870411038399,0.035014186054468155,0.038659557700157166,0.035014186054468155,0.038370296359062195,0.03731739521026611,0.03908449038863182,0.03688252717256546,0.035014186054468155,0.03628085181117058,0.04062392935156822,0.04018932953476906,0.042354289442300797,0.03750808164477348,0.035014186054468155,0.035014186054468155,0.035014186054468155,0.03533843904733658,0.035014186054468155,0.035014186054468155,0.035014186054468155,0.035014186054468155
2021-10-22,0.03588220849633217,0.03622507303953171,0.03493845462799072,0.037986721843481064,0.0397331565618515,0.04243291914463043,0.03493845462799072,0.03826282545924187,0.03493845462799072,0.03806962072849274,0.03664565831422806,0.039379727095365524,0.03695744648575783,0.03493845462799072,0.03618698567152023,0.040136415511369705,0.040922198444604874,0.042385976761579514,0.03822153061628342,0.03493845462799072,0.03493845462799072,0.03493845462799072,0.0359833650290966,0.03493845462799072,0.03493845462799072,0.03520362824201584,0.03493845462799072
2021-10-25,0.03551006689667702,0.03738928213715553,0.0349508635699749,0.03787853196263313,0.03994577378034592,0.04065566509962082,0.0349508635699749,0.03755766153335571,0.0349508635699749,0.03761124238371849,0.03500513732433319,0.04175756871700287,0.03718871250748634,0.0349508635699749,0.03576871007680893,0.03871249780058861,0.04195621237158775,0.04177200794219971,0.039152879267930984,0.0349508635699749,0.0349508635699749,0.0349508635699749,0.03583221137523651,0.0349508635699749,0.0349508635699749,0.03679715469479561,0.0349508635699749
2021-10-26,0.03540283441543579,0.037688810378313065,0.03493872657418251,0.03771312162280083,0.04010314121842384,0.040350425988435745,0.03493872657418251,0.03754030913114548,0.03493872657418251,0.03766706958413124,0.03496973216533661,0.04155305027961731,0.03701348230242729,0.03493872657418251,0.03587411344051361,0.03859813138842583,0.04207877442240715,0.041562534868717194,0.039528314024209976,0.03493872657418251,0.03493872657418251,0.03493872657418251,0.03608166053891182,0.03493872657418251,0.03493872657418251,0.03688725084066391,0.03493872657418251
2021-10-27,0.0356997586786747,0.03766654431819916,0.03497116267681122,0.0376720055937767,0.0397244356572628,0.04067166894674301,0.03497116267681122,0.037133168429136276,0.03497116267681122,0.037862006574869156,0.03518250957131386,0.04169410467147827,0.03687910735607147,0.03497116267681122,0.03545171767473221,0.038752008229494095,0.04167353734374046,0.0415768064558506,0.03936807066202164,0.03497116267681122,0.03497116267681122,0.03497116267681122,0.036234572529792786,0.03497116267681122,0.03497116267681122,0.03704642131924629,0.03497116267681122
2021-10-28,0.03587910905480385,0.03724115341901779,0.03482501581311226,0.03658879175782204,0.04004529491066933,0.04100993648171425,0.03482501581311226,0.03674795478582382,0.03482501581311226,0.038307126611471176,0.035658761858940125,0.04153156280517578,0.037237413227558136,0.03482501581311226,0.03511693701148033,0.03920957073569298,0.04201926290988922,0.04259619116783142,0.039414938539266586,0.03482501581311226,0.03482501581311226,0.03482501581311226,0.03601474314928055,0.03482501581311226,0.03482501581311226,0.037131067365407944,0.03482501581311226
2021-10-29,0.03636317327618599,0.037796445190906525,0.03486284613609314,0.035782232880592346,0.039714064449071884,0.040716417133808136,0.03486284613609314,0.03646146506071091,0.03515926003456116,0.038207363337278366,0.035843439400196075,0.04155467823147774,0.03751363232731819,0.034957751631736755,0.03486284613609314,0.03958979621529579,0.04143666848540306,0.04212816804647446,0.039417389780282974,0.03486284613609314,0.03486284613609314,0.03486284613609314,0.036445800215005875,0.03486284613609314,0.03486284613609314,0.03714660927653313,0.03486284613609314
