,PPO,MinVariance,DJIA
2015-01-02,1000000.0,1000000.0,1000000.0
2015-01-05,983306.9440679682,988639.0462270528,981419.8382102343
2015-01-06,976945.245450147,990876.0503649712,974129.4307173622
2015-01-07,989724.1105588453,1003316.1241672751,986066.7953125413
2015-01-08,1008429.5684152695,1020903.9880341752,1004198.8979563093
2015-01-09,999504.1704943685,1012568.4172731908,994637.9663481405
2015-01-12,993652.7413417536,1009078.5878956236,989225.0044384251
2015-01-13,992903.5854343321,1008057.9586891397,987701.9757206923
2015-01-14,983832.4751081163,999237.0891626348,977238.7925249584
2015-01-15,974456.305685674,994659.7887323567,971273.5054445594
2015-01-16,985880.939794429,1006463.956733523,981976.1062137842
2015-01-20,986662.6772576859,1008910.7001890843,982181.3525691007
2015-01-21,988873.9680710323,1007021.5717664637,984371.0486106388
2015-01-22,1003731.9746729338,1021881.9557531201,998934.0113253493
2015-01-23,997920.7633153772,1012881.4496960137,991005.960139493
2015-01-26,998356.7547385369,1013795.6999226916,991348.0008906422
2015-01-27,977460.5168206722,995592.6939229488,975002.5491509712
2015-01-28,968564.5547898283,987089.6059083616,964020.554863917
2015-01-29,982748.4391752033,1002580.8002267991,976664.56272724
2015-01-30,961467.4098411,983965.0631707851,962539.0354144153
2015-02-02,973631.7059554064,996837.6839496363,973534.9391396366
2015-02-03,987699.4290447963,1009827.7228746995,990658.33370845
2015-02-04,986803.2001435249,1007789.8553922325,991029.5076135554
2015-02-05,995800.0840286844,1014787.307759991,1002909.8106553087
2015-02-06,993344.5317196307,1013958.899697181,999512.0744327989
2015-02-09,987855.002297229,1006430.1700763819,994180.4882125178
2015-02-10,999261.35672615,1018340.3858194442,1002005.8066975807
2015-02-11,999521.0120157085,1018884.902324876,1001634.6327924752
2015-02-12,1007296.8647816421,1025498.1553951084,1007816.4471111137
2015-02-13,1010675.0337526486,1028317.5784901053,1010450.2594657834
2015-02-17,1011574.9868650521,1026579.6682887981,1012033.3068615916
2015-02-18,1012720.0210872949,1027543.5510535626,1011039.05584048
2015-02-19,1009547.8518773584,1023656.2448939681,1008567.228202733
2015-02-20,1017448.5702288345,1026886.4678364255,1017240.4748003148
2015-02-23,1016613.5874467304,1025563.8842351061,1015917.1067580046
2015-02-24,1021636.5955216736,1029820.5948655875,1021095.6891584473
2015-02-25,1022276.0626949556,1030276.9549679543,1021958.1838479441
2015-02-26,1028276.5128793927,1034050.9963977803,1021388.9921144439
2015-02-27,1022920.179927657,1033599.3919920246,1016806.4346156191
2015-03-02,1029870.826204774,1037561.5109405785,1025550.4331585234
2015-03-03,1025020.1989804457,1034780.0054022738,1020769.3102156281
2015-03-04,1018060.7468876415,1027962.0911948113,1014798.9850710111
2015-03-05,1019458.9290964684,1028932.6087520667,1016975.8669057338
2015-03-06,1003484.2158141962,1012960.7893279971,1001333.9917864219
2015-03-09,1010431.9498853333,1018614.177188757,1009125.2485764457
2015-03-10,992218.3455579923,1002739.1217735063,990464.2587129213
2015-03-11,989519.4415194581,997180.1157814211,988919.434891289
2015-03-12,1001611.3687874832,1011046.8959145215,1003489.626132921
2015-03-13,995654.0910490904,1005021.4712146145,995307.5907965957
2015-03-16,1011181.7504019161,1019646.4352588119,1008099.0167998631
2015-03-17,1007595.9162006183,1016346.5903572297,1000902.2515875652
2015-03-18,1020407.06107487,1027364.8332840289,1013637.6017456234
2015-03-19,1016018.583138219,1020210.9776520403,1007067.7469590628
2015-03-20,1026668.5934615685,1031596.4430138789,1016523.3173111938
2015-03-23,1024229.9735984713,1033255.2573592406,1015872.2022725833
2015-03-24,1018068.9050426468,1027569.0345103971,1009989.9337286463
2015-03-25,1000414.3153333245,1014219.6911767286,993582.0538019259
2015-03-26,997812.4582607289,1011198.116556684,991321.7153382003
2015-03-27,1001529.8708154954,1009614.1238536965,993252.3891650514
2015-03-30,1014417.0224602445,1024634.4452956172,1008036.8076590842
2015-03-31,1004605.4289409244,1014943.0692202314,996810.9053499971
2015-04-01,999283.5131681684,1009434.76481552,992440.3846408698
2015-04-02,1002284.2714240726,1012765.8066168488,996088.7097966583
2015-04-06,1009184.6713678079,1019101.7620948544,1002683.754904309
2015-04-07,1008919.8235857111,1017985.2240552307,1002379.2805885248
2015-04-08,1011526.080947521,1019862.9462026792,1003898.3664733912
2015-04-09,1013878.8327405502,1021135.9515357655,1007050.9899193811
2015-04-10,1018846.3509018841,1024667.3721608606,1012598.0081465498
2015-04-13,1014471.7337767528,1020917.1888922249,1008077.6597885041
2015-04-14,1016757.2758285019,1023143.6465940757,1011423.153475536
2015-04-15,1023148.3644182533,1024556.9445252444,1015679.8796472173
2015-04-16,1024396.8164262185,1023105.6181147471,1015296.329627837
2015-04-17,1007302.2483754266,1009151.0363325314,999624.8832620282
2015-04-20,1019422.4674051555,1020916.0182481428,1011323.9255150681
2015-04-21,1015738.4266444807,1014775.8979341941,1006538.4216467657
2015-04-22,1020708.848694347,1020153.1510943725,1011511.210076216
2015-04-23,1022461.5622025122,1021105.0742907772,1012656.2744544625
2015-04-24,1026690.6117131347,1023972.0923994505,1013859.1670480809
2015-04-27,1022938.955331969,1019455.3430029644,1011494.4530365344
2015-04-28,1027891.3275669399,1024810.101760954,1015541.4424043569
2015-04-29,1027944.6402805148,1019607.0122191084,1011357.5491175666
2015-04-30,1017623.2275445538,1012347.8964591579,1000422.2116860966
2015-05-01,1027957.2931517382,1019835.1382241813,1010714.4292678236
2015-05-04,1029386.2542313428,1019491.3007256044,1013312.9751729673
2015-05-05,1021867.44547815,1013847.765584485,1005338.9242703377
2015-05-06,1017986.4247873889,1011222.4290272429,1000504.1349912069
2015-05-07,1021688.0796837109,1013166.8837080135,1005106.8447469036
2015-05-08,1033845.5368093767,1025111.3495192449,1020081.8334961395
2015-05-11,1029199.0905353483,1017766.4503413714,1015262.7060253385
2015-05-12,1026683.1144984969,1016653.3759813687,1013191.2949697885
2015-05-13,1029391.4991548123,1016647.6833423964,1012757.2547850931
2015-05-14,1040426.6830593343,1025076.0323345857,1023509.7981039573
2015-05-15,1042297.7415824068,1027505.3303584077,1024649.2768023099
2015-05-18,1044125.3858165483,1027018.5245557673,1026125.2105719178
2015-05-19,1042604.1721656283,1025681.5750295597,1026882.7820979179
2015-05-20,1041036.4100638981,1023741.7009991079,1025369.2818929454
2015-05-21,1042406.8455574815,1022782.1518397722,1025388.3389184657
2015-05-22,1039827.1006985591,1016940.3752703932,1022375.9050854986
2015-05-26,1028399.3299063989,1007544.3014162172,1011694.5518044977
2015-05-27,1035523.2969197292,1011761.1400231054,1018505.0289190363
2015-05-28,1032492.2527462066,1009576.7345719427,1016437.4511732173
2015-05-29,1026881.8627284957,1003828.1491832735,1009964.0862687451
2015-06-01,1027851.1423375867,1005091.4674829002,1011628.9474465284
2015-06-02,1025761.0599899476,1004015.3848607675,1010034.7286909324
2015-06-03,1028601.1988059762,1005549.3625960522,1013642.0921941658
2015-06-04,1018716.5900112685,995652.3008164302,1004070.536841885
2015-06-05,1015220.3856769116,987358.1984341168,1000923.6085989241
2015-06-08,1009314.8546506228,983808.0306496285,996274.3515107785
2015-06-09,1008923.7599162679,983840.9304092887,996133.5047589445
2015-06-10,1021797.0956679834,992928.0436617162,1009387.6660083232
2015-06-11,1024258.5758646008,995482.1563781967,1011572.871601319
2015-06-12,1015538.7506439746,987979.9817109029,1003692.5725023989
2015-06-15,1010937.1519739907,981492.3913264826,997654.8906296496
2015-06-16,1017804.5565398015,988843.1903466022,1004008.8753167819
2015-06-17,1020701.5433722113,992904.0005451615,1005761.7930952454
2015-06-18,1032061.6505018958,1003350.6990007985,1015861.0309127953
2015-06-19,1026357.0454334285,997062.2125884985,1010259.5796874452
2015-06-22,1031670.538937961,1001270.7252098515,1016081.9390764417
2015-06-23,1031946.0439161098,1000419.5627755317,1017444.0783086036
2015-06-24,1023094.7079863142,993216.2724628187,1007462.5778613657
2015-06-25,1019049.415728397,988953.2128884669,1003217.0230494724
2015-06-26,1020537.2113676379,992511.2466629435,1006375.2321753561
2015-06-29,999415.5276106867,975250.9480844295,986730.1769422914
2015-06-30,1000127.8773828632,973969.1855377313,988028.9022791873
2015-07-01,1008992.5342733675,985528.1881887452,995789.8211607678
2015-07-02,1007945.875973854,986177.7987048985,994230.8688546979
2015-07-06,1004923.5209659833,985144.9202933229,991621.6992054426
2015-07-07,1011295.4767972169,997072.2231627443,996855.2622197426
2015-07-08,996935.1426063698,986420.6635099017,982191.9763132125
2015-07-09,997794.1754528986,988161.1069174354,984053.6505649039
2015-07-10,1009737.1306515599,998249.8802716504,995930.0107737909
2015-07-13,1021410.1159970106,1007464.8457826697,1008113.5833768413
2015-07-14,1026776.3976297867,1010754.1625279514,1012369.7619328466
2015-07-15,1026806.1915234337,1009802.3201524528,1012178.5345388326
2015-07-16,1032421.8202933928,1015041.8648264525,1016108.3341520188
2015-07-17,1030385.9684101415,1010119.9481186297,1014212.9267746938
2015-07-20,1031057.4907558144,1011578.6825760836,1014995.7981449191
2015-07-21,1025360.3630414063,1005273.1506288693,1004839.2797276728
2015-07-22,1021018.4836694486,1003651.4329495908,1001012.1032921451
2015-07-23,1015166.7103317241,1001121.5168096079,994332.3968010045
2015-07-24,1006055.2811032959,991926.7417773688,985170.12940487
2015-07-27,1000651.3090145879,986809.9360010369,977995.8164352827
2015-07-28,1012938.4809225916,994489.490322618,988632.2652308622
2015-07-29,1019867.0943639905,1002424.6518421959,995424.2329355562
2015-07-30,1018748.0160678651,998855.0641098256,995120.8538511237
2015-07-31,1018667.6059949717,997382.6159395541,991973.8160850276
2015-08-03,1014585.45667971,996231.5869143953,986833.8953513015
2015-08-04,1012519.6040413462,994016.3261023487,984169.7450881886
2015-08-05,1014548.5783185404,990844.1389451473,983596.720044957
2015-08-06,1006213.5364632272,985856.9392553357,976827.2045829736
2015-08-07,1005292.8256785856,979924.5581890582,974227.0158308025
2015-08-10,1018552.0210622005,990349.3262983093,987785.5418728302
2015-08-11,1007428.8338387943,985941.454033946,975878.9532786353
2015-08-12,1007891.7653821186,985763.0224181799,975860.4438687909
2015-08-13,1008280.6334125731,987242.5666219216,976182.3323630679
2015-08-14,1012531.8868246676,988975.4238482376,980059.9989639112
2015-08-17,1016661.1530288112,990720.2597830438,983860.7803238621
2015-08-18,1013498.7078213842,984806.6573789967,981963.1824838335
2015-08-19,1004006.833275735,976560.2930896431,972844.7243417688
2015-08-20,981113.8709136863,960766.6868188737,952767.2717710362
2015-08-21,951972.2730596475,935136.8536434993,922994.393182141
2015-08-24,917088.2552434517,901316.9503173927,889999.3439564203
2015-08-25,904111.7642778637,886815.98939464,878508.8885143198
2015-08-26,941299.3281698973,917899.2275081954,913223.7247701137
2015-08-27,961461.1766174453,934519.2392109723,933930.2782292869
2015-08-28,962306.1020107224,931062.7963017581,933270.839432403
2015-08-31,955433.942278088,925075.4324030482,926823.2124646966
2015-09-01,928706.7648444511,905072.466414161,900485.5270105408
2015-09-02,946248.2069752059,918743.3450094555,916917.4472654318
2015-09-03,947107.8215361693,920438.1533005179,918228.4939550348
2015-09-04,931494.6519425729,906144.3365888761,902954.5618083408
2015-09-08,956504.769716819,927650.6159764014,924840.9532411784
2015-09-09,941952.3844471364,912796.0544133745,911432.6929406096
2015-09-10,946834.8134249444,913178.8539903401,915741.0045089578
2015-09-11,951802.5868952675,919392.5493435866,921499.4023870128
2015-09-14,948238.3981679727,916755.6188687603,918015.4166955535
2015-09-15,961924.0077759787,928667.1952071458,930850.5971913231
2015-09-16,968905.1984929163,935353.9986259607,938706.801200505
2015-09-17,966054.4455666833,931612.4414185653,935050.1522864433
2015-09-18,949320.748883338,917702.27920371,918779.1762786908
2015-09-21,954029.4479602071,923262.9841751672,925822.8281480153
2015-09-22,944518.5045338693,915587.1579532399,915744.8925802566
2015-09-23,941928.6387436013,912265.137263214,912908.5719486498
2015-09-24,936911.3139608918,910580.4214739625,908502.730028429
2015-09-25,941247.9174100901,914177.2409306588,914858.9051782647
2015-09-28,923195.732966384,904711.1481887697,897319.486980492
2015-09-29,925627.7216510781,910795.4223447194,899968.5230509508
2015-09-30,940435.975227041,919302.7576724859,913178.3274305839
2015-10-01,941110.8920692124,914175.0644553256,912466.7008597894
2015-10-02,952501.2737661289,923254.6749498296,923702.0221585017
2015-10-05,970340.0911311463,940710.3852176229,940752.4743192891
2015-10-06,969185.4225437518,939602.6711379032,941524.0648065915
2015-10-07,977800.7747967036,946559.0611270694,948370.9036020078
2015-10-08,986108.2298869382,955895.8801419528,956135.2177007786
2015-10-09,987068.6909947653,956482.4236540573,958027.2298609132
2015-10-12,990120.9150432417,958971.540278109,960683.4944582935
2015-10-13,985470.042124635,955812.1221080568,957881.4545679964
2015-10-14,976455.0850358244,942091.0608200668,949069.6612044193
2015-10-15,988607.4693415506,951634.639936388,961238.1196148159
2015-10-16,992107.8481271446,955320.4886752721,965400.1082745715
2015-10-19,993442.3610879438,955905.2282989875,966217.041339836
2015-10-20,992334.1591487707,956695.3403468465,965463.960262378
2015-10-21,988526.3201918268,955420.8419158924,962744.2817697318
2015-10-22,1007355.4562760416,976913.6964120786,980719.4377607951
2015-10-23,1019586.7818200906,984028.8552877936,989553.5738439477
2015-10-26,1018344.8959102259,983610.5804979887,988227.4677232582
2015-10-27,1016210.9812591991,981586.3388734645,985893.5297126956
2015-10-28,1026956.5562238005,986633.8354671822,997001.5851283354
2015-10-29,1024473.4066613208,988283.4767695657,995671.5361747796
2015-10-30,1019041.6505172771,982439.2927814799,990497.8823154198
2015-11-02,1028978.8603456935,988599.8565986021,999762.7728892127
2015-11-03,1031807.0738680407,989468.3280134639,1004775.4277398664
2015-11-04,1029318.6058186283,987323.9351358386,1001939.6547239354
2015-11-05,1028894.1947929582,987860.1763690182,1001706.9180616902
2015-11-06,1031053.4850724515,986809.6772374185,1004336.8971066286
2015-11-09,1020425.3552530989,979823.2379878568,994251.678250381
2015-11-10,1020970.400864748,983577.3409418475,995806.6877235846
2015-11-11,1017518.8473220726,982245.6322893195,992666.9880075452
2015-11-12,1002530.6524414032,968258.9776205888,978415.2900429999
2015-11-13,989933.6560066727,960052.0081630516,967041.4219782924
2015-11-16,1004650.5086956827,973085.2365876792,980374.5494081315
2015-11-17,1007318.4063832536,974796.069839599,980738.4947863155
2015-11-18,1022429.0822385829,988143.2226660766,994626.2473726769
2015-11-19,1026016.6203735288,993863.0633401664,994378.9441334535
2015-11-20,1030747.570216205,993683.4995696833,999485.2412646812
2015-11-23,1029488.5631132396,993859.8676628616,997739.5520131392
2015-11-24,1029025.2042139457,991998.2003170846,998833.5786103946
2015-11-25,1029492.106390634,991488.9425850874,998900.9353385267
2015-11-27,1029451.3961539454,989751.0544432763,998900.9353385267
2015-11-30,1025143.6179918974,983094.9253709479,993659.486658494
2015-12-01,1035220.8453865441,990735.1588482652,1003104.323743378
2015-12-02,1027529.0530300803,983501.9626278051,994206.7737649595
2015-12-03,1012143.7214144799,973909.8528422693,980075.1131565651
2015-12-04,1035056.0139287701,993850.1356258446,1000820.9854212659
2015-12-07,1029158.2817386426,994467.1142939446,994253.3210974088
2015-12-08,1021459.6444310861,985853.6674170687,985140.4486352376
2015-12-09,1012821.2148205917,980394.0312005611,980895.5509621553
2015-12-10,1017807.6758375386,983447.0247637556,985518.9605903998
2015-12-11,999613.2345163226,972251.8687977169,968161.2960354487
2015-12-14,1007630.2592148544,980339.9494693172,973953.3175160021
2015-12-15,1017769.5757070022,990420.8170561825,982724.149227024
2015-12-16,1033142.8667915948,1003382.867112768,995295.2146823211
2015-12-17,1017625.5188042196,990724.6295548236,981094.0068830911
2015-12-18,997685.2244303925,972170.8043424326,960497.9622673085
2015-12-21,1004630.5088825236,977881.7285485077,967399.1245377713
2015-12-22,1015439.2783013901,988012.9333106887,976688.1102013025
2015-12-23,1025127.5627927992,996584.0624279324,987081.1985905248
2015-12-24,1022038.9951599512,995488.1572426825,984252.7636246507
2015-12-28,1020405.6588907264,995448.8449453003,982912.5290195238
2015-12-29,1031751.5241386754,1004688.2028473194,993718.9577208937
2015-12-30,1024820.7831891123,999701.9500969134,987151.8410127122
2015-12-31,1013982.5747559357,989338.0584212209,977123.2456173496
2016-01-04,1013982.5747559357,974645.7894075515,961641.2742753923
2016-01-05,1014607.1630668911,978221.6982230581,962186.3709191543
2016-01-06,1000991.4254149388,968957.7733416641,948046.8246450273
2016-01-07,977536.0861358161,957528.7642389219,926042.093464634
2016-01-08,966986.4142887747,949563.4869617454,916641.0108722522
2016-01-11,970122.5960392178,953706.7173621721,919563.6904959438
2016-01-12,978323.1983977748,958238.7717767947,926161.0355894333
2016-01-13,955796.7381916882,941453.906855999,905703.9758321869
2016-01-14,969819.8424901235,952587.7243549307,918469.061521445
2016-01-15,947571.0332557488,936301.2645713409,896545.1036532427
2016-01-19,950629.0728503311,943818.7583386042,898111.8321019099
2016-01-20,939312.8002196044,932267.7319180546,884133.2848364891
2016-01-21,944217.0836694896,940495.3646191414,890634.6876635659
2016-01-22,956445.1719541337,939907.0759741988,902457.1624899472
2016-01-25,945042.578127153,936290.598174605,890777.12250086
2016-01-26,960473.3148587843,954077.4972869675,906591.113227098
2016-01-27,947487.1059604945,953683.5401013352,894099.0687138293
2016-01-28,952376.730462623,958948.822820083,901118.6254934154
2016-01-29,977925.2900622931,978189.8996268162,923361.7337775154
2016-02-01,978273.0070728011,984159.4112520509,922401.6539745781
2016-02-02,957259.9961681869,971516.2934637782,905823.4108110945
2016-02-03,965591.9237840958,977709.7524414654,916092.0261571914
2016-02-04,969696.3983010456,978124.0129925671,920573.6033253853
2016-02-05,951411.9038025896,968129.5361296395,908707.3740065019
2016-02-08,939846.3993284658,965213.743391988,898730.3640078064
2016-02-09,941316.3113185455,965574.9587011043,898019.8874299312
2016-02-10,937834.6409178464,959083.224707343,892432.5099274508
2016-02-11,927693.2581953192,948368.8084459861,878157.8121045189
2016-02-12,946417.7051409273,964438.6293077989,895746.5704746875
2016-02-16,959916.7360131925,971993.8494283337,908227.3888666009
2016-02-17,977112.9871607214,980041.8748929375,922662.428559428
2016-02-18,973351.2297870255,979291.9548394899,920396.9425083492
2016-02-19,972925.7584159345,980619.5520516266,919194.7070535418
2016-02-22,984042.7080744633,990821.237974054,932017.5661966044
2016-02-23,972037.2329523776,985209.3922568258,921425.912363311
2016-02-24,974156.5228413725,987670.9727814716,924409.7606579976
2016-02-25,988249.3035187501,997882.9989413165,936314.5968820297
2016-02-26,984490.4956059171,989508.4204560365,933100.4214340718
2016-02-29,976236.1872890674,985379.6999202375,926176.6973977633
2016-03-01,1000358.2652848328,1001236.2493880034,945723.6199017117
2016-03-02,1002810.2902859388,1003363.6226332885,947643.669984451
2016-03-03,1005632.8355626172,1004669.5444043132,950143.5355448026
2016-03-04,1008321.7543344965,1007948.3073022113,953668.9757429255
2016-03-07,1011618.9296207578,1011492.8128007967,957436.133500378
2016-03-08,1006974.6224395224,1013851.9196484941,951276.2238087744
2016-03-09,1010922.1189970308,1015053.0742525234,953309.5208132837
2016-03-10,1011014.0719500129,1015171.6177203933,953016.3273804224
2016-03-11,1023704.1495227622,1023385.2978832633,965250.9377644642
2016-03-14,1024544.9145032362,1024805.088707919,966138.0751593753
2016-03-15,1025492.0772936227,1027105.5521641533,967394.0864735533
2016-03-16,1030438.2950546638,1029451.1914310108,971556.6227489847
2016-03-17,1037768.3576639802,1035072.3596533525,980289.340408966
2016-03-18,1044173.3767415562,1038380.4674502105,987063.8939351673
2016-03-21,1046180.1353579705,1040121.7628906134,988273.3579168963
2016-03-22,1045713.9110839773,1037197.4383955528,985957.4912236374
2016-03-23,1038652.5186055469,1035729.5608200341,981472.518838253
2016-03-24,1039573.4762342195,1036737.9757188105,982209.3904917052
2016-03-28,1039048.9793328999,1038507.190627951,983311.8503703689
2016-03-29,1045576.9931044811,1043218.7114716892,988791.5118694055
2016-03-30,1051239.663476529,1048181.4153981111,993476.6925458884
2016-03-31,1049463.7489068313,1047241.391942068,991706.3605889322
2016-04-01,1057592.4557988509,1053445.677881653,997743.4948460056
2016-04-04,1053845.4757853488,1051579.6603485453,994617.2664755925
2016-04-05,1045208.3312220672,1045564.6168450224,987121.0650117282
2016-04-06,1053776.2977590142,1049196.9197009,993442.521327714
2016-04-07,1042197.1532497371,1039692.7943263443,983680.2861970951
2016-04-08,1043404.6885357111,1041467.5824637061,985642.940779417
2016-04-11,1040627.7083279683,1037064.5699221131,984490.5383511139
2016-04-12,1049967.9577120992,1045111.902001632,993734.0719135477
2016-04-13,1061690.6875671803,1047623.4836795436,1004221.8978146957
2016-04-14,1062135.1039001849,1047076.8640896645,1005239.6963098698
2016-04-15,1060425.8436614214,1049237.1697867531,1003615.2491689658
2016-04-18,1067593.90930479,1056938.4918693248,1009598.4980435335
2016-04-19,1071149.3404650164,1063928.1657179156,1012370.8571641985
2016-04-20,1070970.829565863,1058687.0108898748,1014763.6090983496
2016-04-21,1064440.632546926,1043462.3840336724,1008384.9817058031
2016-04-22,1063516.55105581,1048713.9586017025,1009575.4981851468
2016-04-25,1062348.0291958698,1052562.596258659,1008088.9406714273
2016-04-26,1062247.2744732893,1048241.7333276563,1008822.417107689
2016-04-27,1064000.9378049718,1052986.470454987,1011695.2089433087
2016-04-28,1052040.1632770728,1046651.804154295,999874.924579631
2016-04-29,1046847.9564215278,1042246.3128186566,996671.9204914611
2016-05-02,1054185.9703559887,1050140.9143020292,1003261.9275348937
2016-05-03,1044930.5145538906,1045544.8868458518,995397.2902443033
2016-05-04,1038160.2204258029,1045413.4119850053,989809.3103645795
2016-05-05,1037814.528531034,1046790.4661215735,990339.2928156876
2016-05-06,1042531.2557221713,1053878.763701219,994820.8699838815
2016-05-09,1040870.8812735486,1055234.6750159757,992873.8772098894
2016-05-10,1053572.1525435057,1063926.0961511908,1005347.3575517462
2016-05-11,1042375.0943430987,1051793.3031231482,993165.975411399
2016-05-12,1042321.7612436495,1054865.140294664,993692.0150296408
2016-05-13,1033740.1083145218,1043843.6132173628,983307.9075375026
2016-05-16,1043870.4924984222,1050455.9579476863,993143.0850761476
2016-05-17,1033590.7278477175,1037305.8968546854,983008.4712859363
2016-05-18,1034500.5104905427,1031650.7631028381,982819.9819703015
2016-05-19,1033442.2917885815,1034956.2075460902,977704.8134651247
2016-05-20,1037780.061186324,1037432.5128881296,981379.9717890308
2016-05-23,1036263.8099520379,1035036.5366285578,980930.8174116813
2016-05-24,1050283.01282722,1047012.2289437281,992881.7628756219
2016-05-25,1059355.757530109,1051249.2486828885,1001038.4983677218
2016-05-26,1058512.3035022467,1052015.1907968349,999736.3778136356
2016-05-27,1061571.9516202253,1054624.81464393,1002255.9575383186
2016-05-31,1058786.333736186,1052349.4812990215,997432.2300958404
2016-06-01,1058091.6863053828,1052918.8707628604,997570.7768618359
2016-06-02,1061482.8164535337,1057480.2936881208,1000312.359981517
2016-06-03,1058973.5783009382,1057983.3692836056,998545.970857427
2016-06-06,1065143.904885703,1062739.8094144866,1004897.6555587208
2016-06-07,1065496.3270313242,1064132.701683214,1005904.1731709719
2016-06-08,1068896.9828225821,1067884.9167253093,1009648.4405931729
2016-06-09,1068392.726304679,1069715.2609355256,1008534.6998315863
2016-06-10,1062658.8438114824,1068084.802337701,1001814.0316878905
2016-06-13,1055089.6853413242,1060954.1426956966,994363.8299407994
2016-06-14,1051542.2117116123,1058525.5953011634,991130.4879441861
2016-06-15,1049521.6648531444,1057293.511193358,989187.4380030603
2016-06-16,1054164.4487285223,1063914.049019714,994398.5487746497
2016-06-17,1050061.4121107715,1059925.5711265611,991149.5449697064
2016-06-20,1056835.8680774304,1066122.161657991,998423.0858997615
2016-06-21,1058929.142192424,1067114.5720437553,999817.2058873941
2016-06-22,1055954.2744471417,1063766.054589439,997075.0751520373
2016-06-23,1069606.5165896881,1074665.451823903,1009985.9908957798
2016-06-24,1032413.2931364449,1051260.44275742,975761.7635239989
2016-06-27,1015513.0279519373,1040591.9387150543,961153.4582313263
2016-06-28,1032283.4987078848,1053522.5990417574,976264.8032838542
2016-06-29,1049722.8259280024,1068215.2077067844,992244.1191826375
2016-06-30,1064135.06541645,1082559.706014517,1005439.3569852924
2016-07-01,1065820.4265908226,1083249.9637579652,1006526.0455324912
2016-07-05,1059945.502217817,1084383.3678828217,1000427.7973659905
2016-07-06,1066289.2125264253,1087027.4525017075,1004801.7132923082
2016-07-07,1065215.6623991772,1083453.4368114965,1003526.6449526099
2016-07-08,1081672.3708741316,1093954.5519816265,1017593.7964343866
2016-07-11,1086010.6669208892,1097123.85244864,1022090.4877952345
2016-07-12,1092535.9369799853,1097454.0208471315,1028861.0984885697
2016-07-13,1093141.3895070122,1100647.3675521468,1030232.1090946806
2016-07-14,1099793.1671374484,1103920.175617224,1037762.5912998545
2016-07-15,1099784.824605729,1104138.9706186973,1038331.2354176791
2016-07-18,1100430.7749486314,1104352.6719439093,1039256.4868636309
2016-07-19,1101451.954112223,1109189.1588170445,1040712.1588532316
2016-07-20,1105873.6729604572,1108674.2427629624,1042731.9845121143
2016-07-21,1100274.985170984,1105248.9130974803,1038369.3494687196
2016-07-22,1103680.1590563837,1111358.0494076267,1041376.0880986576
2016-07-25,1100628.6025516992,1108501.5862196174,1037014.0006709388
2016-07-26,1098777.3022079144,1097858.229033743,1035931.1454334712
2016-07-27,1098307.0767891924,1090991.3379833219,1035842.5412171152
2016-07-28,1097793.7601024641,1092272.87633027,1034955.4038222042
2016-07-29,1097901.4143431964,1092298.1683416944,1033603.4502416136
2016-08-01,1096867.6562866026,1092647.305580061,1032048.4407684099
2016-08-02,1091356.9877798564,1088688.046404506,1026960.1054313509
2016-08-03,1093536.4230423162,1087756.5773655402,1029272.1388148787
2016-08-04,1093780.813652307,1087968.678926471,1029106.7588807656
2016-08-05,1106636.2126603408,1093162.982100211,1039844.0784838406
2016-08-08,1105445.1625714232,1090572.8190826722,1039045.5453052854
2016-08-09,1104919.5837422991,1090377.5799711894,1039256.4868636309
2016-08-10,1103024.3943344285,1092770.219210716,1037159.7759638556
2016-08-11,1110412.1098429237,1098081.3620642058,1043768.8400328087
2016-08-12,1108714.5678944122,1097477.5350019904,1041691.295681689
2016-08-15,1111045.9275547913,1095356.9147769946,1045032.2989201786
2016-08-16,1105245.2593337272,1086537.4015199183,1040320.1755524429
2016-08-17,1106188.6528957768,1090827.4180552182,1041549.3536985032
2016-08-18,1107228.5453268865,1092139.3694913853,1042881.7026378976
2016-08-19,1105717.9720550198,1086592.2223021518,1040351.061076562
2016-08-22,1104461.8449467411,1084138.532324391,1039052.8833553421
2016-08-23,1106933.4202832796,1085669.8309351082,1040055.567657862
2016-08-24,1102754.0381698539,1082208.7742630453,1036364.6380024906
2016-08-25,1102282.3337046634,1079624.9288025629,1034510.1922777209
2016-08-26,1099925.5585218358,1074811.0564530876,1031537.6248659573
2016-08-29,1105294.0355534926,1081392.07938166,1037570.8162901645
2016-08-30,1102813.12517715,1078331.7968782715,1034840.5140534063
2016-08-31,1100319.2003067015,1077652.369111902,1031844.9467832563
2016-09-01,1099258.994178006,1080536.2379664942,1032877.8594710843
2016-09-02,1101988.6674831742,1083848.5475337964,1036952.3391458357
2016-09-06,1105364.4473266809,1088050.0508454302,1039540.6993994081
2016-09-07,1104199.8302579992,1085502.0878943482,1038868.9940113844
2016-09-08,1100568.4215311783,1082960.8594134247,1036276.5814018106
2016-09-09,1078016.0449611594,1061037.3660398533,1014156.8509294845
2016-09-12,1093026.419659422,1077787.7182999784,1027593.8062914689
2016-09-13,1078477.1700014304,1063841.0379071962,1013108.2764333265
2016-09-14,1078761.2140552215,1063048.859375388,1011314.9446179839
2016-09-15,1089875.6348358842,1073003.8120049252,1021280.2356412158
2016-09-16,1086299.218415451,1072481.494550148,1016307.4472117655
2016-09-19,1084295.0419449206,1070265.5804286855,1016103.8437034766
2016-09-20,1085970.21287412,1072444.266756575,1016652.8831801049
2016-09-21,1095485.7372623477,1079113.8441627861,1025834.6456943006
2016-09-22,1101973.2251532802,1086059.9900654918,1031372.7925475203
2016-09-23,1091961.3271595635,1079818.0117890653,1024026.1996863039
2016-09-26,1082036.2237139747,1071365.0096263322,1014682.8905477263
2016-09-27,1089802.9747509728,1079952.559766309,1022167.373036127
2016-09-28,1094038.5927009087,1076784.0511165143,1028388.3966371579
2016-09-29,1082606.3023351529,1065768.4502820955,1017409.249951618
2016-09-30,1091770.6281062027,1075423.1405151295,1026645.0073714546
2016-10-03,1087803.9225207006,1070328.5976976918,1023600.045167341
2016-10-04,1085242.4546660408,1064418.0853650586,1018811.1460818481
2016-10-05,1087623.8514671833,1065424.7288497502,1025124.1691164254
2016-10-06,1087407.2548474357,1057464.8740832363,1024421.5782042827
2016-10-07,1083195.7599465156,1055707.3003478558,1022850.9069227494
2016-10-10,1089515.1362179536,1057130.1170883307,1027816.3573021428
2016-10-11,1075564.4285184497,1045669.0604829383,1016579.940772079
2016-10-12,1076335.529767957,1048692.6302699319,1017451.3068355251
2016-10-13,1073503.0151122005,1048934.7000057558,1014913.3272241328
2016-10-14,1076443.6987777667,1047139.6873022061,1017125.0374158411
2016-10-17,1072304.421920998,1044488.4066071142,1014210.1886963145
2016-10-18,1076424.0586387909,1048957.298042978,1018446.1054723124
2016-10-19,1076551.3905486364,1050402.5861212744,1020727.2533317211
2016-10-20,1075387.9128204833,1056186.289871521,1018469.1053306991
2016-10-21,1075865.1162463818,1056399.666618417,1017536.0777421498
2016-10-24,1080300.9931496147,1059591.736979485,1021871.7700942917
2016-10-25,1077334.8495797368,1056794.8165002507,1018857.1457986213
2016-10-26,1078993.0359300727,1056327.671059692,1020542.8163720878
2016-10-27,1077224.8853751395,1057732.5753523544,1018880.145657008
2016-10-28,1073007.3134135436,1055496.9810071634,1018404.0485884056
2016-10-31,1070421.617670921,1055592.803328922,1017351.5312593812
2016-11-01,1064523.2733526109,1048781.7060184344,1011445.6057182465
2016-11-02,1059626.7570529317,1046002.193956282,1007102.0277003724
2016-11-03,1056688.062827171,1046053.2170942894,1005477.471036333
2016-11-04,1053806.426855647,1041744.3455844726,1003100.380910512
2016-11-07,1076334.7020144882,1059734.9844733756,1023922.4812772938
2016-11-08,1080945.4631331551,1065832.9290652436,1028023.9036432981
2016-11-09,1096215.7250323638,1070775.0948668504,1042432.5482605482
2016-11-10,1101548.800233103,1067515.146577452,1054667.8157834008
2016-11-11,1104541.3074891535,1070496.4825894656,1056898.4734774942
2016-11-14,1104838.794826363,1072720.9880282434,1058077.7090739151
2016-11-15,1110165.655860676,1079192.4960999927,1061126.614110895
2016-11-16,1108508.4406157995,1080055.005773555,1058046.9330729311
2016-11-17,1109864.780264583,1077847.126781881,1060047.7017062937
2016-11-18,1107673.443467704,1073369.6826125346,1058035.1045743325
2016-11-21,1110671.7542135837,1077617.5098965797,1063012.383452325
2016-11-22,1114114.0713402333,1081903.741353719,1066779.5412097771
2016-11-23,1116424.5621006554,1086665.9182765416,1070105.4302556128
2016-11-25,1120687.9181263773,1092947.4304958833,1073972.473112344
2016-11-28,1117682.1529066209,1092170.7822192756,1070930.906125421
2016-11-29,1118251.847683813,1093173.7305461937,1072259.859847625
2016-11-30,1114095.7629679532,1084072.6812072569,1072370.9163066915
2016-12-01,1113094.6251586725,1084821.1396775288,1076203.6784221134
2016-12-02,1112335.359387883,1085508.7179726728,1074997.5001344397
2016-12-05,1117506.7806784208,1085113.017691204,1077566.9128856268
2016-12-06,1118771.0851936254,1087028.8616334756,1079559.795853257
2016-12-07,1135313.356972905,1102726.491668061,1096261.4168285145
2016-12-08,1137064.2261359668,1102307.0485356986,1099917.0800343596
2016-12-09,1145169.4512865325,1112374.8571359634,1107882.0405167695
2016-12-12,1148215.4344767202,1118219.7127543767,1110101.5268510752
2016-12-13,1156971.6306100546,1122551.6270731376,1116537.9824589938
2016-12-14,1150105.9425784736,1115284.6659250779,1109882.8091501324
2016-12-15,1153445.6585758072,1118240.0860757246,1113231.1504386785
2016-12-16,1152141.6722715246,1122682.8678566283,1112735.9963445559
2016-12-19,1154238.5778375184,1124312.492591465,1114959.4255117276
2016-12-20,1158621.0528527822,1126243.3409281701,1120093.6510424248
2016-12-21,1156400.657627524,1123945.881652214,1118262.3146991767
2016-12-22,1155100.2416493655,1122913.9283173592,1116968.0798108228
2016-12-23,1156059.8157710878,1124400.7369105904,1117805.2746560946
2016-12-27,1156508.534579848,1124001.990373203,1118434.9231602114
2016-12-28,1148906.5524675092,1117537.3726126584,1112190.352085118
2016-12-29,1148929.8433415296,1119155.3851125352,1111410.8759320828
2016-12-30,1144297.7770295842,1115186.3453633392,1108204.4766267226
2017-01-03,1144297.7770295842,1120725.4783667405,1114886.4831037018
2017-01-04,1149099.1530549445,1124017.092120754,1118273.4860589644
2017-01-05,1147380.6908018722,1125222.9345840802,1115869.4532418903
2017-01-06,1151849.4181715117,1124725.5974825812,1119487.0023966949
2017-01-09,1149309.755684657,1121118.2767943048,1115201.690686733
2017-01-10,1147981.590906915,1118161.836147488,1113415.5873983118
2017-01-11,1153156.1285412237,1119797.0576842083,1118953.0771127206
2017-01-12,1149180.8585026155,1118840.1824157657,1115404.637056211
2017-01-13,1150059.5086283032,1116314.2079480793,1115109.143637511
2017-01-17,1147723.7544035967,1122553.6245615182,1111802.8592328716
2017-01-18,1147853.0847527438,1121682.9697806202,1110566.4525598898
2017-01-19,1143319.5242694104,1118365.7112357412,1106511.0299106587
2017-01-20,1149848.0046836715,1122829.3017545757,1111829.8019241244
2017-01-23,1147972.6153765449,1119808.2601132565,1110293.3018607653
2017-01-24,1152702.9155269961,1117214.5711371172,1116622.0962268075
2017-01-25,1160249.6301614665,1118415.5434540662,1125358.64719652
2017-01-26,1159768.045819315,1115519.8589872245,1127175.526485925
2017-01-27,1162662.2763988557,1118307.3154673025,1126775.6575194038
2017-01-30,1157049.5916533046,1118662.013285157,1119898.0427230035
2017-01-31,1152845.4863491028,1118235.0842321059,1113895.6272997805
2017-02-01,1153475.645782434,1119081.2347443863,1115401.2418390205
2017-02-02,1155407.163962563,1118857.585480065,1115063.1439207378
2017-02-03,1164479.2828727085,1122321.8491852544,1125524.1366537681
2017-02-06,1162484.3763895957,1119585.2461482473,1124456.3956089546
2017-02-07,1164778.3680596342,1122454.7708816912,1126579.9396768478
2017-02-08,1166459.9044909473,1126890.0575241344,1124564.0568508308
2017-02-09,1172558.87731646,1132154.9797463585,1131184.401802707
2017-02-10,1175927.4217826107,1131992.5923413085,1136622.0064178368
2017-02-13,1183419.5732514444,1135043.6217152977,1144629.1333072886
2017-02-14,1188970.7354660544,1138974.7228183118,1149802.1300278376
2017-02-15,1196191.784574062,1146316.6360173859,1155827.435786312
2017-02-16,1198152.4884228793,1150211.6139551925,1156271.0044837676
2017-02-17,1200466.9815550945,1150529.6863632025,1156511.0791960696
2017-02-21,1207952.880176629,1160008.7447035713,1163181.25717445
2017-02-22,1208735.918544089,1162490.2463691197,1165009.3078236429
2017-02-23,1210710.8511698884,1167204.8917229169,1166956.3005976349
2017-02-24,1213241.8024173195,1172731.0769598095,1167597.7776003503
2017-02-27,1213766.0855390003,1170680.6429062048,1168477.029329529
2017-02-28,1212126.0207915038,1169592.9784241184,1167063.961839511
2017-03-01,1228445.93812273,1181986.7933467259,1184072.3571163916
2017-03-02,1221427.0113777432,1179354.1221500393,1177759.3340818144
2017-03-03,1221654.558534851,1179074.8308414428,1177912.995040464
2017-03-06,1218237.1563281023,1177045.9893517457,1175032.3175391115
2017-03-07,1216431.6226700428,1175191.5947649716,1173373.589656898
2017-03-08,1214077.8883567846,1174706.8605502867,1169502.7134904354
2017-03-09,1214154.8202174343,1177354.33899064,1169640.6031176199
2017-03-10,1217544.5858875434,1182088.395276266,1172152.2971765704
2017-03-13,1215360.5513431611,1183066.6564221252,1170946.6665045724
2017-03-14,1213920.7913634852,1181912.2785490078,1168473.0864966626
2017-03-15,1220142.0262455049,1189675.09850309,1174794.5428126482
2017-03-16,1218526.8922519179,1188206.9941750763,1173922.6291335262
2017-03-17,1214041.0041628203,1187401.7572560369,1172804.9455390736
2017-03-20,1214899.6584442207,1188219.4699102645,1172313.734277817
2017-03-21,1202391.7703847615,1183846.6032942575,1158976.1163994356
2017-03-22,1201024.9758173176,1183336.2266478464,1158599.9044301123
2017-03-23,1199384.103416211,1180356.523850439,1158335.187012396
2017-03-24,1197558.4654815695,1178855.287826444,1154978.5219655766
2017-03-27,1194637.516140014,1176656.3147245864,1152413.5996629316
2017-03-28,1202355.2952358273,1182088.9476252547,1160854.109598268
2017-03-29,1199890.0340715563,1179109.2675720034,1158488.8479710456
2017-03-30,1203124.7330333234,1181812.0848223257,1162367.6098032405
2017-03-31,1200831.189451456,1180272.7803002822,1158707.5656719885
2017-04-03,1199438.516025799,1181212.6529126163,1157978.032068593
2017-04-04,1202184.270230789,1181970.9300632703,1160166.6328787794
2017-04-05,1199837.383733946,1182331.7690393324,1157862.4851609843
2017-04-06,1200501.1951963336,1181559.3040269078,1158692.3419561991
2017-04-07,1200489.9549394525,1182650.7190644303,1158308.2443211433
2017-04-10,1199970.5718386082,1182298.9830046128,1158415.9055630197
2017-04-11,1199947.7056261173,1184388.497639244,1158039.1459780203
2017-04-12,1197303.4440854935,1186098.7967701317,1154705.918882128
2017-04-13,1188928.8083043823,1180458.0332437302,1146933.281025084
2017-04-17,1198934.1184333903,1188156.1610080819,1157232.7271337323
2017-04-18,1194629.1484293719,1188403.9017323495,1150860.2330367556
2017-04-19,1189070.1131165659,1184687.5960705164,1144199.0359554596
2017-04-20,1198662.4356134045,1190917.1465778016,1153968.609136135
2017-04-21,1196538.0543965406,1188149.3353607003,1152232.9960130292
2017-04-24,1209018.711115395,1195062.2176526315,1164352.7166282733
2017-04-25,1220068.616880784,1206552.0217107031,1177375.1269236233
2017-04-26,1219905.685149542,1205981.1288195853,1176195.8913272023
2017-04-27,1220172.1804117488,1205454.277607673,1176545.8177440842
2017-04-28,1217335.8377553169,1202217.0588926435,1174256.7842189427
2017-05-01,1216294.871575607,1201798.394511235,1172739.9983199153
2017-05-02,1218388.7225628174,1201958.6300768047,1174782.8238371846
2017-05-03,1218646.6301405302,1200972.5151019974,1175231.9782145342
2017-05-04,1217657.7370846088,1202563.4251460747,1174871.4280535406
2017-05-05,1220439.5733910934,1208288.808472441,1177981.8850924883
2017-05-08,1220792.9805830943,1210177.2008391833,1178281.3213440548
2017-05-09,1218997.0968878006,1209033.9021731326,1176234.5529939188
2017-05-10,1218390.5180117106,1207556.5328801856,1174402.5595118597
2017-05-11,1216029.9138922559,1205342.4374580453,1173074.1534053318
2017-05-12,1214548.4357138437,1206051.1834723086,1171795.032709632
2017-05-15,1219969.7008868707,1210093.8951169404,1176579.9889622584
2017-05-16,1220155.7323092066,1206624.0072750342,1176457.213527728
2017-05-17,1200557.003070794,1196314.0369477675,1155550.9993931323
2017-05-18,1202260.3497814941,1204536.6005613469,1158696.2847890656
2017-05-19,1208223.17574678,1212139.648391218,1166648.978680336
2017-05-22,1212458.2414943182,1214921.3267731983,1171695.2571334883
2017-05-23,1215327.354672132,1213821.9484001456,1174111.008926026
2017-05-24,1218836.8730409835,1216985.8140397186,1178289.2070097872
2017-05-25,1225031.8430267747,1222753.3142447423,1182244.1969440635
2017-05-26,1224885.2940509005,1222157.2035078485,1182094.4788182804
2017-05-30,1224018.7927246604,1223826.4998223386,1179245.3439798583
2017-05-31,1222748.2733181308,1226512.2343354356,1178077.827358901
2017-06-01,1229971.7946205882,1236468.8362281392,1185677.7472317754
2017-06-02,1234772.0962946336,1238843.5289865588,1189160.5829303155
2017-06-05,1234224.358972087,1237807.1195889958,1187912.895374411
2017-06-06,1230375.5267104714,1234559.1727084145,1185231.9880716163
2017-06-07,1233161.7588869978,1237082.4161808626,1187332.5322811226
2017-06-08,1232884.9667425493,1229754.6461762278,1187828.2339909212
2017-06-09,1235383.0898459326,1234162.912483417,1192843.7364430896
2017-06-12,1234465.5783625792,1232288.4092254036,1190808.1394527415
2017-06-13,1238473.098646399,1235402.4690389067,1196012.0216974092
2017-06-14,1240381.8916585145,1239973.8733132274,1198596.5486412505
2017-06-15,1237895.0848985917,1238792.803038484,1197774.4679886329
2017-06-16,1236105.472844189,1236039.214066199,1199141.5357618774
2017-06-19,1245308.06341033,1240796.6291070716,1207256.3238932057
2017-06-20,1241196.312677692,1237346.8692557313,1203788.0547716438
2017-06-21,1240680.821010277,1236961.2427771734,1200585.4887760144
2017-06-22,1240694.5885416754,1236101.4411085101,1199871.069365273
2017-06-23,1240429.064078752,1234072.4271217957,1199729.2369052223
2017-06-26,1242303.6539542167,1236105.932796716,1200558.6556078966
2017-06-27,1234785.875657609,1229063.373275489,1195013.2802277557
2017-06-28,1244014.9864126998,1234147.3387534912,1203085.354336366
2017-06-29,1232944.4476081443,1222255.1397920605,1193688.1598152826
2017-06-30,1239943.1135828055,1226091.7456562845,1197198.5953438869
2017-07-03,1244479.3040524214,1231461.3254992717,1204468.1934410757
2017-07-05,1245993.4554116086,1229190.2513948795,1204406.5319159725
2017-07-06,1235911.4396049974,1221522.9628253276,1195539.2103228623
2017-07-07,1241441.3322887789,1227058.5265467016,1200827.206335344
2017-07-10,1240147.8771727872,1220912.1517793504,1200500.8273925246
2017-07-11,1239305.236199014,1218733.5667942318,1200531.7129166438
2017-07-12,1246506.255845299,1225790.3863841197,1207432.984710242
2017-07-13,1248813.4659431535,1226347.279386945,1208607.7298581204
2017-07-14,1254368.7780490657,1232826.6717902827,1213354.5720597063
2017-07-17,1253480.199318048,1232392.923622713,1212904.870066681
2017-07-18,1251622.4550279814,1234795.0538741143,1209821.246195851
2017-07-19,1255801.3381486007,1239456.7049703035,1213523.3472110098
2017-07-20,1256617.612672807,1241062.782188559,1211898.7905469707
2017-07-21,1255199.9928330549,1239350.9668954303,1210120.6824474172
2017-07-24,1252062.4791684593,1235487.7532910295,1206369.1864982946
2017-07-25,1261141.2518347783,1244410.8643908887,1211991.3375961927
2017-07-26,1262637.5523567158,1244121.8175040255,1217463.222952632
2017-07-27,1268503.7826059866,1252157.4628357189,1222260.0077038573
2017-07-28,1271982.5611868454,1253747.9444713641,1224153.1150953437
2017-07-31,1275124.563794226,1256670.907467761,1227563.008385858
2017-08-01,1280620.6707347408,1261581.8378156167,1231645.3737263416
2017-08-02,1281404.9413100411,1264790.0775987254,1234579.2794713888
2017-08-03,1283031.5118442473,1266983.9416555036,1235132.1522577484
2017-08-04,1285290.8801687597,1264896.8645438259,1238873.0244627588
2017-08-07,1286629.291390922,1265563.22446958,1240309.0918111631
2017-08-08,1285171.730112,1265854.668198728,1238454.0984707174
2017-08-09,1284357.8883617208,1264827.5332002346,1236399.4444548492
2017-08-10,1270871.3360728095,1257556.8300356553,1224921.3103654557
2017-08-11,1271578.468330376,1256942.6523041383,1225723.7863768772
2017-08-14,1281439.3686539645,1261393.3226358376,1233315.9301071542
2017-08-15,1281195.4032770786,1263133.8091985388,1233611.9711415302
2017-08-16,1284297.1396797146,1267339.07544158,1235063.1526825884
2017-08-17,1266565.2251726273,1254568.742743366,1219690.5949526702
2017-08-18,1259823.3609810923,1249336.0768913978,1215416.4546024962
2017-08-21,1261737.796642515,1252861.6606208617,1217056.1254591893
2017-08-22,1272438.1529874976,1261233.3496405613,1228054.8767859254
2017-08-23,1267265.8604542534,1255378.1501646906,1223131.3737673035
2017-08-24,1267653.039228134,1252403.0420354812,1221522.5884347295
2017-08-25,1270692.3779784793,1256446.9643452603,1223219.9779836594
2017-08-28,1269814.55753988,1254435.0644584675,1222924.4845649593
2017-08-29,1271423.1992167528,1256721.0929248235,1226119.055371721
2017-08-30,1273928.2828767493,1255370.2478247266,1227636.4984095597
2017-08-31,1277985.2057510044,1257054.225347213,1230758.2363314307
2017-09-01,1280247.672273427,1257915.9044899351,1232971.0417544905
2017-09-05,1271238.7818679446,1253492.1375638663,1219835.2750142352
2017-09-06,1275166.8687812395,1258200.3417173652,1222881.8800653764
2017-09-07,1273550.796228911,1256830.3074261574,1221599.9117681624
2017-09-08,1272662.1083251957,1255194.5185444069,1222329.445371558
2017-09-11,1288970.3235152103,1269063.9730401682,1236885.6176518875
2017-09-12,1293225.6468162604,1266286.051989161,1240333.7345165776
2017-09-13,1294168.6433899067,1269592.256867718,1242538.6542739049
2017-09-14,1294098.768737196,1268568.158662562,1245078.9338711356
2017-09-15,1299216.4849000103,1272392.6129381314,1248715.9781440012
2017-09-18,1301637.7246655494,1271887.506401577,1252249.3040078569
2017-09-19,1304684.8076507272,1273996.8377854228,1254461.561815241
2017-09-20,1306700.5371445583,1275405.7995208502,1256804.9188154284
2017-09-21,1302556.0704624723,1268020.4326036002,1253812.7467624687
2017-09-22,1302973.1914639184,1266957.7917264593,1253272.140567249
2017-09-25,1300261.7160457338,1266821.267954234,1250272.0828485566
2017-09-26,1299615.4844131141,1263529.5980189322,1249612.0964359967
2017-09-27,1299619.042470896,1258821.629866886,1252774.2483947468
2017-09-28,1301458.189969916,1261407.5357437346,1255044.6629869083
2017-09-29,1303299.4462656905,1261944.7568378346,1256384.3499763594
2017-10-02,1311136.798671687,1268937.2759711398,1264936.4639864385
2017-10-03,1316689.7053272752,1276111.1305886358,1269650.7778168775
2017-10-04,1318509.4231968985,1278962.283227043,1270770.651874034
2017-10-05,1323657.1278722503,1281575.4375533776,1277149.2792665807
2017-10-06,1323836.313881979,1280803.8486974437,1277052.789384492
2017-10-09,1323364.02132136,1282782.4613669761,1276346.2556394832
2017-10-10,1327321.620056122,1290255.717286009,1280249.6601770923
2017-10-11,1327861.0475919442,1295824.1986855338,1282616.6741744776
2017-10-12,1325796.4991660193,1294997.8347501375,1280828.9280390288
2017-10-13,1328637.829788435,1298459.7972041834,1282551.069816508
2017-10-16,1333327.6012025848,1301826.2769211158,1287330.9880049166
2017-10-17,1337058.9370769989,1309689.765709261,1289600.8549814024
2017-10-18,1344425.0724810609,1312842.621245566,1298581.9711119588
2017-10-19,1346531.2173217032,1316519.7088222774,1298886.993043419
2017-10-20,1354390.6461775962,1317996.5072059585,1308172.693012895
2017-10-23,1352360.892682298,1316003.3246775023,1305107.0309362335
2017-10-24,1358715.6912953383,1318430.9407492583,1314516.492048456
2017-10-25,1353978.6900631,1316258.0937696155,1308219.240345344
2017-10-26,1359083.4726570314,1317950.2767237707,1312222.9680747727
2017-10-27,1361841.8206391074,1312655.050911007,1314091.9803765207
2017-10-30,1352504.91985231,1305149.3239254213,1309300.3432126488
2017-10-31,1355596.164800006,1307929.7121914322,1310898.5048011108
2017-11-01,1359617.1294930833,1310258.7788456497,1314137.980093294
2017-11-02,1361950.514041989,1312535.4159248178,1318694.1425165415
2017-11-03,1364397.5065464126,1315733.1809875113,1319979.944123487
2017-11-06,1363289.769254265,1317506.42231895,1320497.5504603202
2017-11-07,1363973.4564734264,1323191.666090444,1320991.609323091
2017-11-08,1366858.588408603,1325822.807679288,1321335.292921268
2017-11-09,1361977.5192562682,1324204.715034687,1315648.085081076
2017-11-10,1360980.8304826396,1326957.012318815,1313420.2749884974
2017-11-13,1362401.3095199775,1330762.426445744,1314400.9451408475
2017-11-14,1361458.246579474,1332209.6202527145,1312705.855577756
2017-11-15,1354257.8379613466,1323569.4462125213,1304956.6556716391
2017-11-16,1369810.2325548888,1334893.0058840476,1315447.3291743018
2017-11-17,1365448.7387296357,1327009.2440031497,1309833.0637421361
2017-11-20,1368427.2766082187,1327933.3818524294,1313875.5626614164
2017-11-21,1376736.4916191727,1336923.5574671323,1322875.7358174932
2017-11-22,1373590.8231622851,1334629.1805490132,1319250.4105200914
2017-11-24,1374831.0108052425,1336992.8127282057,1321034.2138226738
2017-11-27,1377037.2236746817,1340071.6528689684,1322312.1297638866
2017-11-28,1391598.8459039975,1351940.216401816,1336663.712827711
2017-11-29,1397171.5729840328,1357652.012831827,1342493.8483593052
2017-11-30,1413187.4637748115,1370907.8893403637,1361092.5195589152
2017-12-01,1414511.6248618606,1373479.3721090746,1358806.8812509645
2017-12-04,1417753.174203292,1379727.0223281088,1362085.1277329994
2017-12-05,1410946.963559007,1376274.5973475901,1355949.8607468097
2017-12-06,1407486.6695121326,1374322.8827933506,1353721.9411310959
2017-12-07,1408052.068765442,1370472.539084329,1357679.2310512108
2017-12-08,1415217.1082528327,1372232.5322854458,1364278.2189917278
2017-12-11,1421561.389810546,1378359.1316353953,1367467.2041185955
2017-12-12,1426316.8423471856,1378569.8581228433,1374127.4154916753
2017-12-13,1432033.0156373298,1386675.3433044823,1378648.7495579373
2017-12-14,1426570.6255810412,1385443.0406390852,1374343.8332067796
2017-12-15,1436994.3278618031,1393404.0288864672,1382367.169520237
2017-12-18,1444166.2830117084,1394463.723896273,1390243.5257862913
2017-12-19,1442940.5151403581,1395191.9518615273,1388143.5291924607
2017-12-20,1441420.535312856,1391270.0634520366,1386567.8198467093
2017-12-21,1443604.432516317,1391763.7109125336,1389687.8053984172
2017-12-22,1440793.4067285731,1389522.4659908975,1388104.867525744
2017-12-26,1440528.3074163971,1391932.3611776908,1387664.6940454792
2017-12-27,1441430.3228823475,1392864.0390069536,1389239.8557755547
2017-12-28,1444214.2659534588,1393975.7830693496,1392784.3529991978
2017-12-29,1437224.8224483617,1389377.0545587912,1386151.1938405065
2018-01-02,1437224.8224483617,1393994.8506791815,1392027.329088874
2018-01-03,1439213.0574329745,1398448.1904510781,1397560.3283547403
2018-01-04,1448077.8426102656,1406616.1101417358,1406109.1566707639
2018-01-05,1457260.4352080766,1412755.5512465523,1418487.2423618839
2018-01-08,1457526.122775293,1411511.6046044664,1417765.594424221
2018-01-09,1460078.6320898768,1414491.197342654,1423530.2351209808
2018-01-10,1458976.4854236504,1412377.1623267618,1422595.455162269
2018-01-11,1468097.8747602834,1421554.9505889057,1434124.6270326534
2018-01-12,1480425.644463435,1431246.8932981621,1446935.6576771173
2018-01-16,1480023.1775463745,1430546.6354490924,1446356.3898151808
2018-01-17,1496135.1058930515,1445191.8363000564,1464457.168842289
2018-01-18,1493660.4007254033,1442316.6972631433,1458970.7169088717
2018-01-19,1498942.3792979072,1448258.716531868,1461993.7744859504
2018-01-22,1509414.563356492,1455004.2258324109,1470005.8299164854
2018-01-23,1509931.5999495063,1449799.2998385248,1469793.3550342473
2018-01-24,1512361.8734810185,1450523.5106662149,1472109.7693431822
2018-01-25,1515579.5645146468,1454590.877520049,1479997.954107835
2018-01-26,1535147.3784331486,1469971.3159595486,1492554.5625092888
2018-01-29,1525737.2408448425,1455468.090270198,1482616.2141773098
2018-01-30,1504931.2665323564,1436456.3258531014,1462283.6822247566
2018-01-31,1503518.7228909247,1431854.5029152036,1466349.1810024236
2018-02-01,1503518.2795186953,1432557.771411956,1468441.9490693326
2018-02-02,1470799.3591456895,1402598.9851509628,1431109.4551213072
2018-02-05,1405952.4476217222,1344203.6314012762,1365208.5085018976
2018-02-06,1432877.8303553397,1357297.107319305,1397004.607966866
2018-02-07,1431731.0250997727,1355985.814674843,1395915.6194338289
2018-02-08,1374260.3998804805,1307982.7278258451,1337995.5141514295
2018-02-09,1396694.9961821672,1321780.1777793886,1356525.18577588
2018-02-12,1417107.6892879002,1339085.4233048207,1379536.9821842
2018-02-13,1419427.3528105658,1338876.9000100314,1381734.016275795
2018-02-14,1435025.3153354516,1344465.2955996366,1395923.5050995615
2018-02-15,1456247.4122985753,1363503.0989276879,1413131.9991444054
2018-02-16,1457843.8030016257,1367420.9901875942,1414198.097342191
2018-02-20,1444143.9002435135,1344254.1264274286,1399919.456686393
2018-02-21,1432586.6769350108,1334860.9896489067,1390556.433383484
2018-02-22,1436686.4934243213,1337977.4494622215,1399792.1908033204
2018-02-23,1459506.5249623328,1355337.6072733544,1419279.0946291937
2018-02-26,1482210.8862836952,1372795.8955099117,1441669.0186759946
2018-02-27,1463646.1116115095,1351297.2753131895,1424888.869612817
2018-02-28,1443083.9007431748,1333251.5594092037,1403533.5011008717
2018-03-01,1426002.0605998368,1324315.3656057147,1379969.379521868
2018-03-02,1427494.547664742,1325472.9627492088,1375992.484960557
2018-03-05,1443889.7438216968,1335940.0407266116,1394873.1782332407
2018-03-06,1446328.0881768775,1339512.1531152376,1395398.0130969957
2018-03-07,1442813.3491830495,1337545.8749045208,1390757.1892902583
2018-03-08,1449890.1919434625,1348789.1747521139,1396019.9949816498
2018-03-09,1474814.2258479781,1366791.7683625277,1420723.0476433306
2018-03-12,1467385.7337255809,1363576.6020365842,1411911.8018954294
2018-03-13,1459402.1421674332,1360537.1483922182,1402290.3039935094
2018-03-14,1450485.431152444,1354016.861644166,1388332.4566006362
2018-03-15,1454045.5072247565,1358348.438588202,1394811.5167081377
2018-03-16,1457017.8733098647,1360750.2705660253,1398896.6201270008
2018-03-19,1437301.4614596765,1343593.312656094,1380077.58837942
2018-03-20,1442031.8938473582,1344771.4557142323,1386602.5386805595
2018-03-21,1438228.9943063317,1339016.3352462538,1384081.425631984
2018-03-22,1400826.5288734944,1315401.0020831274,1343458.9662264604
2018-03-23,1374653.3604309477,1292748.0830189856,1319644.0366679076
2018-03-26,1414286.7326438136,1319804.3925287342,1357181.2293555737
2018-03-27,1394102.506901839,1310360.271330892,1337841.3055771042
2018-03-28,1393155.5770183718,1316338.5074667223,1337320.3040230805
2018-03-29,1408557.2903719712,1323018.2633010047,1351602.2303729341
2018-04-02,1377476.8925247858,1300072.0349752158,1325867.9078704529
2018-04-03,1398847.354192329,1319197.3417739412,1347690.9401695922
2018-04-04,1416080.9744076966,1336256.0736788288,1360641.1747188622
2018-04-05,1427387.1258814032,1344065.1937170671,1374150.9629657376
2018-04-06,1395277.1303139427,1320283.0296927765,1342049.7320461737
2018-04-09,1401621.5300679498,1328930.3224121395,1344648.2779513171
2018-04-10,1425326.0222330536,1344913.5688320082,1368699.2298661703
2018-04-11,1414820.6030525921,1339449.8740629326,1356443.8100864457
2018-04-12,1429803.8411811967,1344602.2181536073,1372907.765858375
2018-04-13,1423939.3613370599,1345401.4602901102,1366015.4749618613
2018-04-16,1434983.8066266528,1354612.7717055802,1377953.934788392
2018-04-17,1451129.6418603584,1366845.3259167192,1389931.2753279095
2018-04-18,1447210.4281491097,1357154.9151665252,1387768.9600701649
2018-04-19,1442506.08752706,1345663.4305755273,1383104.5887893653
2018-04-20,1430943.539678894,1337441.8874271954,1371780.006135486
2018-04-23,1432084.1158600592,1339550.7730488258,1370980.9253412548
2018-04-24,1413220.671634519,1324681.8395614051,1347173.443355894
2018-04-25,1413732.7798104787,1322707.2185101556,1350521.1275056293
2018-04-26,1426252.6324809245,1329835.2408861993,1363895.7642036995
2018-04-27,1430372.747870315,1333758.6336251965,1363270.4966249897
2018-04-30,1420160.63651155,1333667.2341188197,1354969.0810713246
2018-05-01,1417666.8687433773,1325642.6468875627,1351374.641298042
2018-05-02,1405334.6967547787,1312210.5285026543,1341613.5013987746
2018-05-03,1404069.0701068826,1311310.8164651324,1341903.4091375808
2018-05-04,1422371.5400479937,1330322.1702305106,1360540.7420039074
2018-05-07,1425140.9106594983,1328594.6457024645,1365857.3235546697
2018-05-08,1424536.0278336497,1324952.0275901598,1366019.4177947275
2018-05-09,1432232.0336053574,1330247.0337682408,1376243.6215095113
2018-05-10,1444644.8502129596,1342255.6317837061,1387290.015400048
2018-05-11,1452339.4496107337,1350795.8740272103,1392428.8409024223
2018-05-14,1453599.6321016396,1347639.9497487138,1396255.4697222745
2018-05-15,1442788.501350839,1342420.862016399,1385432.8315968988
2018-05-16,1448948.1710052043,1349537.4135638175,1388938.6671538255
2018-05-17,1444116.1628466002,1347209.272776032,1385857.343268834
2018-05-18,1442348.7645628655,1344296.370761009,1385919.552409613
2018-05-21,1455140.5292586496,1351263.9439238363,1402641.3256417424
2018-05-22,1449420.735555431,1347019.1834583965,1392610.5397836766
2018-05-23,1453705.2857988798,1351927.0639550071,1395548.9359772657
2018-05-24,1449733.2783784482,1348293.9885225995,1391340.399985061
2018-05-25,1447038.874879666,1345925.1637705849,1388050.4345275627
2018-05-29,1427250.1936735455,1331166.5378771848,1366088.855462428
2018-05-30,1445706.4767139088,1349162.3315080989,1383266.573506288
2018-05-31,1431326.6387360415,1335618.5891885823,1369138.8557307597
2018-06-01,1446139.087010729,1344508.5517975239,1381440.275227258
2018-06-04,1456779.1717838403,1355349.0722022299,1391448.6088426132
2018-06-05,1454442.283279638,1352544.6639383384,1390679.8659568254
2018-06-06,1470780.4766715823,1364234.1615859228,1410105.1082575952
2018-06-07,1475575.2776179947,1378524.8143985616,1415433.4087838212
2018-06-08,1479444.7476451732,1386445.47681558,1419645.7780857568
2018-06-11,1479495.2262646453,1385580.599816777,1419969.9665658725
2018-06-12,1480486.8008423052,1386762.6443679677,1419881.3623495165
2018-06-13,1475085.5432744035,1384484.22782485,1413178.5464768542
2018-06-14,1476163.890417361,1384824.8880557646,1411726.81732012
2018-06-15,1473405.4105400888,1387369.3664435325,1406969.8989900982
2018-06-18,1464697.1187387442,1376866.7452650669,1401193.5393178745
2018-06-19,1455157.2556374513,1373672.0438939568,1385085.2051658558
2018-06-20,1451903.542035641,1366963.919133736,1382707.0198086828
2018-06-21,1441309.3196788572,1357559.2062607794,1371710.4589446506
2018-06-22,1445194.2553752954,1367047.1535750914,1378394.2177917922
2018-06-25,1430325.9821005163,1356582.0653334921,1359996.3024989564
2018-06-26,1430028.9266043764,1358255.7751116366,1361695.8825105901
2018-06-27,1419088.4613228524,1348999.368458474,1352414.2348971155
2018-06-28,1428550.29952026,1356868.9445148944,1357935.5151875182
2018-06-29,1435721.5238163024,1361714.410985737,1361039.8389308965
2018-07-02,1438657.92886225,1363979.8919126065,1363045.6456284772
2018-07-03,1430800.787852406,1361239.379561582,1355623.4818039904
2018-07-05,1443230.7816783516,1373255.8847967968,1365824.7951835229
2018-07-06,1450299.1507603654,1380921.8762504323,1371417.8131274648
2018-07-09,1466574.3243293522,1386892.5187255521,1389368.2168899789
2018-07-10,1475056.8291778676,1397975.0527867854,1397391.0055877608
2018-07-11,1463879.9018390174,1389162.3052194612,1385098.566988347
2018-07-12,1477667.970023279,1399036.8830531668,1397684.3085437573
2018-07-13,1478651.0725847187,1402556.6697888207,1402984.5711473785
2018-07-16,1480818.4569389133,1401559.8521678858,1405505.1365802782
2018-07-17,1483692.0785551523,1407477.0030984348,1408619.0983595515
2018-07-18,1486017.4138961916,1407224.299643243,1413071.432850654
2018-07-19,1479730.4461556878,1402303.8910195706,1405513.0222460106
2018-07-20,1480896.0466734995,1407096.2875754517,1405155.2101633963
2018-07-23,1482157.039166053,1405790.876236891,1404379.6768432278
2018-07-24,1490081.55902187,1412730.7551671383,1415463.0895534535
2018-07-25,1502991.0434973591,1426638.0755329947,1425117.1158265201
2018-07-26,1507859.1318959687,1430251.6895904513,1431452.043488132
2018-07-27,1500534.4078967134,1429389.5077579725,1427189.7316365573
2018-07-30,1492524.1523418038,1428779.9452752522,1419101.8861964818
2018-07-31,1498909.388183784,1431972.6394653022,1425178.2297359474
2018-08-01,1494220.4252715758,1428630.0564155702,1420615.3864014542
2018-08-02,1498168.7468521902,1431735.3224857876,1420185.836665301
2018-08-03,1506888.6267638996,1440509.270879988,1427835.6990878147
2018-08-06,1510725.7273029462,1446703.3667307433,1430056.280653472
2018-08-07,1519173.6743642471,1450218.3537382816,1437162.7988023865
2018-08-08,1516227.0728689956,1447249.2713597226,1434630.404870888
2018-08-09,1513132.2422380932,1444948.106531572,1430451.6591714509
2018-08-10,1503151.7006922888,1440072.7860848005,1419455.7554462296
2018-08-13,1496352.2104165119,1436001.4482768213,1412421.5225665302
2018-08-14,1502601.059773446,1444437.1644001533,1418714.3933442351
2018-08-15,1496224.2134276,1444365.060403693,1411003.4170122943
2018-08-16,1519485.794869171,1465081.0165813463,1433227.4135093063
2018-08-17,1525323.4160163843,1469580.7637992073,1439428.832469141
2018-08-20,1529515.410072635,1472188.1538113514,1444440.2825653078
2018-08-21,1532330.7549018494,1471162.2220276045,1448006.684415986
2018-08-22,1528031.4704402965,1465065.7902856823,1443033.3483708596
2018-08-23,1526152.270983036,1465392.7222502967,1438736.8653011103
2018-08-24,1533817.5714595378,1471943.2958427742,1446215.652586482
2018-08-27,1546318.780107779,1477586.9841301963,1460755.615442806
2018-08-28,1548718.222223843,1479633.2654090282,1461561.9247639584
2018-08-29,1553657.9258808405,1484321.5000392497,1464957.3610006296
2018-08-30,1545301.6645200734,1478378.543512695,1457238.499002956
2018-08-31,1545098.4823382022,1476252.2225682107,1455999.2447284597
2018-09-04,1540610.7152724897,1470837.6534805275,1455307.2775604292
2018-09-05,1542020.5291182802,1475914.9631391992,1456569.531693312
2018-09-06,1542795.934431019,1477816.2973793596,1457740.3340083244
2018-09-07,1538927.2880118762,1474797.4397350997,1453291.8328269531
2018-09-10,1541255.9715302351,1476453.9171677087,1449957.0724071683
2018-09-11,1544302.6779076615,1478414.1402285486,1456349.1711453416
2018-09-12,1546502.7575766982,1484505.9475658329,1457911.4091454665
2018-09-13,1557430.309988036,1494697.425417291,1466158.5012240855
2018-09-14,1555239.0682514214,1489749.0392028652,1466645.2220367996
2018-09-17,1551759.064755899,1486920.5980300459,1461455.358753434
2018-09-18,1560856.1107416246,1487967.4968395105,1471820.518743187
2018-09-19,1564825.0538948353,1485923.847341326,1480725.297248527
2018-09-20,1580992.9134619166,1502355.4182516856,1494812.710510311
2018-09-21,1585873.7669400102,1508795.5114109837,1499664.3663522587
2018-09-24,1577834.7119531496,1504174.2485884747,1489489.4480483031
2018-09-25,1572999.3071113338,1503505.8637007452,1485573.1197807433
2018-09-26,1567685.0032360055,1501823.5853033378,1479576.83765309
2018-09-27,1571375.6178784338,1508682.8064951147,1482641.4044984
2018-09-28,1572918.6521946387,1512152.7925648056,1483672.1267235244
2018-10-01,1580966.7540870432,1518358.927345015,1494489.1791690062
2018-10-02,1587408.7363249606,1522402.8424115432,1501371.284413949
2018-10-03,1588098.0974553016,1517290.9918285068,1504424.6798994709
2018-10-04,1576504.3968826404,1511564.8515323694,1493158.4730766397
2018-10-05,1567693.0961069595,1507655.1453854507,1483040.725849245
2018-10-08,1568784.5334153194,1510642.8864385416,1485268.5359418239
2018-10-09,1567746.4172792602,1516343.183089178,1482116.569634645
2018-10-10,1518499.8885993997,1476054.2127216554,1435470.9949333502
2018-10-11,1486537.2966343719,1443504.7045860298,1404858.6215133448
2018-10-12,1505605.2489026366,1461347.6896319794,1420961.3699854696
2018-10-15,1498071.9447498543,1457860.9758901212,1415945.9770564365
2018-10-16,1530535.877082972,1480551.9239377475,1446668.2021810217
2018-10-17,1527056.2968833658,1487580.7768396265,1441523.7909987534
2018-10-18,1508408.2132945934,1476871.8998034876,1423174.0658853943
2018-10-19,1512325.3517877555,1497096.6089235768,1426812.8625284226
2018-10-22,1507098.7489268193,1492345.5057832631,1419695.1730197205
2018-10-23,1497875.3531750813,1503223.816351097,1412630.7117547127
2018-10-24,1460534.9507602635,1479527.0425033993,1378536.050251843
2018-10-25,1482445.7046271602,1486626.5822288576,1401029.8022307893
2018-10-26,1465532.9481094207,1470988.7289123498,1384417.8807032392
2018-10-29,1458230.406210288,1470935.3749778396,1370657.3939999503
2018-10-30,1484697.7162238217,1498945.4968430554,1394866.497321995
2018-10-31,1497042.9091063812,1501722.0270330878,1408387.456928658
2018-11-01,1506453.7080624935,1501247.5242023263,1423246.4606777444
2018-11-02,1500534.7895257687,1502375.8007802102,1417083.1557689505
2018-11-05,1516016.7959643707,1522425.0363656231,1427786.304153851
2018-11-06,1523796.3455301665,1532500.9524408379,1437504.8395535355
2018-11-07,1557380.961125225,1552826.448783108,1468082.4941396909
2018-11-08,1559845.5984954385,1554732.9506747117,1468694.83798845
2018-11-09,1545903.4594373968,1556411.8719134112,1457372.0077047334
2018-11-12,1513996.3511519216,1538980.8789880523,1423607.558454414
2018-11-13,1512342.6321008836,1536928.0226459606,1417961.3122667773
2018-11-14,1500111.8282496247,1530285.0225290423,1406410.2357693578
2018-11-15,1517512.1893138608,1539774.7227727757,1418117.1636881302
2018-11-16,1526217.313498844,1553120.9296368998,1425067.830415692
2018-11-19,1505265.3640265097,1542761.4624668062,1402874.062303988
2018-11-20,1473772.992727142,1509638.20158127,1371931.4766314318
2018-11-21,1474627.9017269905,1508289.8561094147,1371878.1388646022
2018-11-23,1463278.3764802888,1500246.8468251536,1361855.1291491333
2018-11-26,1485665.7786867877,1512431.7878900792,1381722.2973003313
2018-11-27,1495295.11438281,1524937.8293684197,1387805.9788898537
2018-11-28,1533912.957410166,1551114.0510636005,1422443.984666323
2018-11-29,1530039.2374715426,1551427.0232465083,1420896.8608588518
2018-11-30,1547746.8726310276,1567326.8082759099,1432090.7824124682
2018-12-03,1557581.6998565258,1561943.2127091924,1448238.8734625552
2018-12-04,1512714.1907184268,1535896.282921226,1403414.1208835319
2018-12-06,1512793.5840843008,1536354.1451417506,1398961.6768692944
2018-12-07,1477616.4500225212,1514373.7280968246,1367630.941205681
2018-12-10,1481687.485782033,1519852.4844371835,1369554.9341212865
2018-12-11,1481418.1859570653,1520885.8539376485,1366581.8190938472
2018-12-12,1489934.1654455625,1521178.6119683315,1375387.3696387194
2018-12-13,1495075.8179805486,1532564.679086754,1379318.9216220682
2018-12-14,1467367.949879209,1507628.710528842,1351456.455080017
2018-12-17,1435368.5256392767,1479056.160377321,1322996.3207893202
2018-12-18,1437989.018244627,1473085.169209628,1327631.5589161634
2018-12-19,1417918.7412987633,1462257.4334126904,1307893.9566338765
2018-12-20,1394121.96513983,1436131.0007282011,1281871.3692396171
2018-12-21,1373471.8199133603,1425571.372047083,1258643.0455930573
2018-12-24,1333767.2754872402,1380791.508001264,1222015.9901586892
2018-12-26,1399337.992354751,1434780.0866736814,1282928.3770171832
2018-12-27,1417150.6082489246,1454603.6356842224,1297528.9061672587
2018-12-28,1413173.4760567725,1451783.381069845,1293243.5944572971
2018-12-31,1429641.4493767477,1468326.5840330007,1308107.0886549256
2019-01-02,1429641.4493767477,1461958.9270505884,1309160.1535996257
2019-01-03,1394341.2897089655,1443055.9342786204,1272149.0005302015
2019-01-04,1440254.841367682,1476819.8917894347,1314034.2616842838
2019-01-07,1447066.7912397082,1479593.2740071304,1319540.3182588976
2019-01-08,1460717.0918202058,1490306.730920472,1333901.3203123468
2019-01-09,1462699.5755936038,1485385.8107173834,1339041.7886617489
2019-01-10,1469980.810004581,1492469.06094658,1345927.9462626928
2019-01-11,1470109.679094781,1495231.766571866,1345593.1340384653
2019-01-14,1463342.5930896122,1489169.819482224,1340764.4780549041
2019-01-15,1475113.796157338,1497444.8129861045,1349498.2909462373
2019-01-16,1479298.5731204518,1490038.6681102477,1357436.9658762054
2019-01-17,1489298.9840586719,1497179.4997167177,1366573.9334281145
2019-01-18,1509492.0249849607,1511171.8182109185,1385429.4363797083
2019-01-22,1492708.723710014,1503234.2742090027,1368501.8691765864
2019-01-23,1503556.3858734604,1521822.2499223067,1378098.6148499572
2019-01-24,1501860.9799160946,1515301.2568877123,1376843.698767131
2019-01-25,1507281.1555716095,1509939.0253337033,1387159.354299785
2019-01-28,1492717.9560708695,1503417.2962316577,1375440.7074055492
2019-01-29,1492087.6434548453,1499974.2284936006,1378342.0847794495
2019-01-30,1510707.5565979772,1506180.3373966774,1402729.3822424228
2019-01-31,1517785.6896812082,1516939.5858909097,1401877.6208201728
2019-02-01,1522395.8790278556,1523866.0196574102,1405478.851027836
2019-02-04,1532743.8292321789,1532966.674623678,1415318.9571075642
2019-02-05,1540190.0148981153,1535424.8873260908,1424972.4357649551
2019-02-06,1539567.2381431742,1531769.0057111348,1423782.5764244222
2019-02-07,1526442.6609372445,1526122.0516602413,1411402.6288400043
2019-02-08,1526137.1230031382,1527893.8037027842,1407858.679232037
2019-02-11,1525433.2244953476,1522886.8941624896,1404874.2833216744
2019-02-12,1546850.7900035086,1537085.366602164,1425770.9689435102
2019-02-13,1552384.497109093,1545110.219104544,1432360.4283712672
2019-02-14,1544132.4093008663,1529536.3667864567,1426535.330903891
2019-02-15,1566290.602138072,1551625.5208981584,1451425.1205110438
2019-02-19,1566595.8342674768,1553995.8521597823,1451877.6701055835
2019-02-20,1569503.0654176674,1557860.1528484854,1455417.129265009
2019-02-21,1567987.4485482788,1563041.394580764,1449595.9746304993
2019-02-22,1578442.8592564056,1569295.2986573158,1459755.7787418005
2019-02-25,1582056.2315755992,1564310.2745596757,1463128.1055969498
2019-02-26,1581513.8594977823,1563034.075571752,1461223.2792299998
2019-02-27,1579083.4768434735,1559164.0458410291,1457139.818658164
2019-02-28,1576551.2450665922,1563885.0756265116,1453261.604441645
2019-03-01,1584821.8222024771,1569997.5472342214,1459447.9092088258
2019-03-04,1574456.6390972864,1563708.1222731513,1447858.7186603656
2019-03-05,1573381.8921445527,1565762.9439656804,1447128.6374412943
2019-03-06,1566135.4208414694,1563132.931444732,1439661.0215157105
2019-03-07,1554453.1623829443,1555273.0417769765,1428432.9287439196
2019-03-08,1552087.9791287256,1550410.0727053995,1427143.7319197839
2019-03-11,1571976.892087771,1570906.2933871606,1438394.8245499611
2019-03-12,1572238.8107006454,1573360.7128721718,1432999.1672956033
2019-03-13,1581949.5898364694,1579296.8253922437,1441311.3161165155
2019-03-14,1583953.492989773,1582165.812077199,1441706.5851113594
2019-03-15,1592955.0974970334,1589330.2359791931,1449497.184762572
2019-03-18,1597271.3206005362,1588355.3744833986,1453155.0384311206
2019-03-19,1595559.0013676467,1583514.5398816387,1451656.7619419373
2019-03-20,1587265.1025485762,1580330.5151464443,1443710.2013462365
2019-03-21,1601491.0893086386,1589179.8348581889,1455869.6788595486
2019-03-22,1574404.081827007,1582502.245580555,1430064.1663192045
2019-03-25,1573647.151547036,1582024.400590102,1430877.813690414
2019-03-26,1583810.281511208,1597680.7874901507,1438778.922185017
2019-03-27,1578580.665489964,1594537.1422139416,1436976.6094725903
2019-03-28,1583207.2618900146,1596871.4234894763,1442128.3587049153
2019-03-29,1595080.4790819287,1603291.3040634037,1453972.6286351962
2019-04-01,1613157.981107606,1612731.4262845097,1472463.090977254
2019-04-02,1609867.0707599912,1607057.6504354016,1468016.8897817214
2019-04-03,1614237.4521066044,1608272.024874706,1470203.8477448802
2019-04-04,1618864.8754318838,1615742.4077489001,1479540.4759722122
2019-04-05,1622956.8838113276,1619752.048038682,1481803.6620374525
2019-04-08,1621770.5222141037,1623010.1037283952,1477094.933886907
2019-04-09,1611843.2495315385,1620114.8103545203,1466415.8805917446
2019-04-10,1616196.8006032587,1620975.4775622238,1466784.8640341468
2019-04-11,1616188.2295527742,1623796.9621116437,1465993.6689056482
2019-04-12,1631490.3246428256,1653256.7228869314,1481092.0902282253
2019-04-15,1630469.1843308369,1655767.894144596,1479548.2521148096
2019-04-16,1633449.4898775003,1658452.5636635441,1483355.2762934654
2019-04-17,1630670.7402594252,1654544.188736001,1483180.258323457
2019-04-18,1638123.0603126318,1663419.7792376506,1489348.601296469
2019-04-22,1635540.5882746154,1662411.6879111296,1486629.5799426339
2019-04-23,1645657.5653683615,1668928.8275637869,1494779.6345234883
2019-04-24,1642052.4659224693,1669207.9484870674,1491452.1026306252
2019-04-25,1636127.3567332367,1668908.2977312715,1483883.5063744106
2019-04-26,1640503.1184416835,1677035.2821954032,1488439.6687976583
2019-04-29,1639445.9015223933,1678155.1135573601,1489059.8983121498
2019-04-30,1643601.2117980893,1693929.0232716817,1491219.9135840558
2019-05-01,1630122.836792698,1674694.933560072,1482092.4745449068
2019-05-02,1625508.2535771637,1675635.296309338,1475231.5072650528
2019-05-03,1638857.494995222,1686808.12120286,1486287.4296683497
2019-05-06,1633501.6132538524,1685267.3485008285,1482560.1383321006
2019-05-07,1606428.0617832846,1666241.7092746836,1456014.358921114
2019-05-08,1603050.153724075,1664835.3445038323,1456139.9819571588
2019-05-09,1595730.9034230998,1662823.300565668,1448347.0823201074
2019-05-10,1605199.2189875436,1678800.2648728336,1454740.2762896323
2019-05-13,1568772.8749009466,1659352.3007195317,1420120.2323073316
2019-05-14,1581568.264652254,1665871.2723418267,1431731.3274828265
2019-05-15,1587874.5785216754,1673085.2860648693,1438234.373156931
2019-05-16,1605150.6071011066,1688418.0827721555,1450271.6228513888
2019-05-17,1598069.479124682,1686075.3355838135,1444738.0759698465
2019-05-20,1592340.6239838335,1687878.8399073072,1440022.1192923798
2019-05-21,1602080.9887647582,1689522.3291261627,1451093.1558883307
2019-05-22,1599708.0524015415,1695001.91606561,1445445.1573305314
2019-05-23,1586069.233097986,1688675.3826896069,1429399.6894581025
2019-05-24,1590100.3821647835,1692970.8536793527,1434739.161344116
2019-05-28,1574216.954095748,1676670.3624536106,1421397.6006328685
2019-05-29,1560978.2764616888,1660724.7606119888,1408984.686584763
2019-05-30,1565375.0917998268,1664558.947952254,1411422.3430043359
2019-05-31,1543176.9779662788,1646528.6443925342,1391524.2893290184
2019-06-03,1546882.4239083636,1663607.5910087193,1391790.1019780864
2019-06-04,1577211.2502582688,1680855.8000310883,1420523.386967908
2019-06-05,1593355.345796918,1699273.3658759806,1432152.9915532472
2019-06-06,1603938.9221499828,1712558.0786575752,1442307.7576003305
2019-06-07,1620057.8265407444,1723446.4333312442,1457071.3666986802
2019-06-10,1622283.6866701525,1720197.361930807,1461486.7918932291
2019-06-11,1624585.3112651382,1724272.6758335975,1460692.20154754
2019-06-12,1622645.7021105571,1731506.5086339687,1458242.8261525037
2019-06-13,1629740.4380717843,1739026.9082736652,1463959.1671466518
2019-06-14,1628433.6310668439,1746240.5980254007,1462996.8968810113
2019-06-17,1628477.6116810653,1741423.331533963,1464282.1508722806
2019-06-18,1647873.119364369,1744877.0248508337,1484077.4718468045
2019-06-19,1652804.5169588213,1752457.1700811796,1486234.201424655
2019-06-20,1666722.2540464515,1760750.1363226746,1500206.6153945061
2019-06-21,1665662.8505671378,1758472.1912614848,1498297.8461946899
2019-06-24,1664401.329745785,1761896.3837460596,1498769.343291615
2019-06-25,1652127.863546943,1759050.1355698642,1488713.9147281346
2019-06-26,1649607.8475753027,1741618.2969747633,1488074.6281881225
2019-06-27,1649507.8296931246,1743447.8394953383,1487500.3983904042
2019-06-28,1653051.3920592323,1748708.5969266626,1491615.292102035
2019-07-01,1664272.2524586392,1758591.8972738283,1498202.451543953
2019-07-02,1670566.4986865288,1772546.3574052865,1502085.7038246903
2019-07-03,1684210.2972361408,1787819.1742224554,1512141.2419113058
2019-07-05,1679340.6381310944,1782787.7458542995,1509680.5856333466
2019-07-08,1671916.3711116612,1780490.5719287484,1503176.9923435664
2019-07-09,1669524.5512362283,1776453.9842436207,1501906.8525449508
2019-07-10,1675299.4967904624,1783850.0855692236,1506208.3736789182
2019-07-11,1682994.3367068493,1784444.444646,1518986.9854753704
2019-07-12,1694373.138332475,1787871.469514951,1532666.6441049008
2019-07-15,1697762.0586512103,1792683.4110814238,1534188.029975606
2019-07-16,1694356.2924932125,1790468.8644707352,1532868.604766162
2019-07-17,1685476.8562827539,1783467.3365435032,1526376.0733130344
2019-07-18,1691790.3643751857,1786752.122618093,1526551.0912830427
2019-07-19,1682603.934613425,1769639.9250323817,1522694.6721704232
2019-07-22,1683789.5274242144,1764447.7412479282,1523687.2803445072
2019-07-23,1694677.2201217306,1775901.8872721025,1533628.9143705415
2019-07-24,1693080.997293787,1774836.074124426,1529186.656007875
2019-07-25,1688259.8699039265,1775419.3658220218,1521953.419591564
2019-07-26,1692179.7172140437,1787869.2629513536,1524839.573249675
2019-07-29,1696560.5940203604,1793455.2523012192,1526460.187080848
2019-07-30,1694036.5807340827,1792618.942128691,1525151.933231192
2019-07-31,1676565.7823003668,1769850.8743915702,1506436.6198926214
2019-08-01,1659186.3335505156,1756609.8077210393,1490687.7406702444
2019-08-02,1650308.637109052,1763636.7652352098,1485169.307981356
2019-08-05,1605697.7750627701,1727558.6150436944,1442144.0205132451
2019-08-06,1624862.156976172,1746462.392252297,1459627.308104241
2019-08-07,1620407.2009725678,1746888.0742886716,1458368.4491885484
2019-08-08,1643507.1231122199,1769971.5404470102,1479179.2686724076
2019-08-09,1640567.5087747874,1770969.7732419656,1474090.3857196728
2019-08-12,1622901.0161614397,1752310.1156017631,1452164.7302428754
2019-08-13,1647792.991924003,1772644.556812131,1473668.174033576
2019-08-14,1601604.0047978144,1732670.4448472331,1428780.0075592867
2019-08-15,1604925.6661413768,1753726.7165683154,1434385.9492331792
2019-08-16,1625869.7095906474,1770573.3319708612,1451579.8767010449
2019-08-19,1640707.011991073,1783381.9729372673,1465586.4618890705
2019-08-20,1627792.3673210088,1766722.0106804129,1455865.7360266824
2019-08-21,1642177.9945637647,1778012.915950231,1469340.2578240316
2019-08-22,1643175.6016868677,1779689.7070815414,1472116.559777563
2019-08-23,1604603.5131379063,1745227.137450559,1437162.2511867105
2019-08-26,1623755.2236541505,1766742.0832515839,1452298.7865603284
2019-08-27,1619867.6200570602,1769454.7037336852,1445517.5521228814
2019-08-28,1632748.2895730184,1781585.917820531,1459996.291546643
2019-08-29,1653528.1566548613,1792077.529577948,1478285.4503662507
2019-08-30,1656050.4233295417,1792069.9813196936,1480586.2028668558
2019-09-03,1640897.249467843,1789743.4490336627,1464590.0204052553
2019-09-04,1657781.0460770547,1802756.242853238,1477905.295564061
2019-09-05,1679617.1793975437,1808295.9028173727,1498803.6240329244
2019-09-06,1682345.3031377208,1812839.8355475313,1502690.271530852
2019-09-09,1681349.6015406998,1803310.226576385,1504823.891727181
2019-09-10,1682323.6474234974,1797685.6697900454,1508969.0138241197
2019-09-11,1695406.7173342123,1806352.4816130816,1521732.4019047827
2019-09-12,1699013.8917686518,1815802.5881284755,1524278.8147975833
2019-09-13,1699056.6971394431,1813557.7065200042,1526357.56390319
2019-09-16,1688405.4518541805,1800414.3242953927,1518355.584601091
2019-09-17,1691539.5128959136,1808859.2533479475,1520261.068106852
2019-09-18,1694001.3533134884,1813275.2894956106,1522295.4603427132
2019-09-19,1691700.2971594932,1814042.285745191,1519363.1974446937
2019-09-20,1686531.7463844393,1814609.473570953,1510406.833542687
2019-09-23,1688418.680875714,1819216.8928855178,1511243.4807722827
2019-09-24,1678198.5628506995,1816981.3010985912,1503268.3346383015
2019-09-25,1687522.2535752002,1815025.396325925,1512405.4117133461
2019-09-26,1682749.9168826344,1810797.2920616334,1507942.2344318614
2019-09-27,1678019.0658227694,1808316.8722126894,1503968.1874720647
2019-09-30,1685778.9559346735,1814863.9493195363,1509383.9969832948
2019-10-01,1662923.1268168022,1797712.796482436,1490105.6252067934
2019-10-02,1632169.369619541,1767755.2227452812,1462380.6101993858
2019-10-03,1641154.8169055947,1775792.659636988,1469245.4107889708
2019-10-04,1664331.1018712274,1804487.5992194568,1490143.8487809694
2019-10-07,1659002.8125484376,1796802.7469945238,1484777.3246805675
2019-10-08,1636890.6267838285,1779850.86154209,1467170.6045162303
2019-10-09,1648509.8799565681,1788496.9012213047,1477374.7654972773
2019-10-10,1657180.5507023053,1794803.2406823218,1485823.161098346
2019-10-11,1675778.8684421394,1801153.3509535939,1503762.9411167484
2019-10-14,1674019.3226358204,1796503.1171409497,1502123.8178757308
2019-10-15,1689484.873957546,1808873.5405303212,1515438.5454188609
2019-10-16,1685349.3511586396,1808965.0738647343,1514158.8771074852
2019-10-17,1686288.7829220903,1811142.1309284742,1515499.1117126122
2019-10-18,1676397.1972631065,1808014.3176700496,1501161.54761009
2019-10-21,1684654.5841706337,1815472.6064637152,1504382.623015564
2019-10-22,1680112.1777867624,1800768.986955559,1502165.3271439618
2019-10-23,1682921.1576460844,1807611.415198778,1504736.3827421768
2019-10-24,1678311.6418421702,1799481.5727950265,1503142.7116022566
2019-10-25,1690347.8389085084,1795255.6616053414,1511696.0303668226
2019-10-28,1698529.1641257808,1793910.3387303315,1519135.060754126
2019-10-29,1697697.2568458922,1795181.2540181016,1518055.0531181728
2019-10-30,1708627.0558953597,1812406.2951621031,1524516.5895240465
2019-10-31,1701268.1583342263,1810463.9492083925,1516640.2332579924
2019-11-01,1714957.137155521,1809846.1916078613,1533526.2911928834
2019-11-04,1718781.2342013514,1796489.544286547,1539960.994430639
2019-11-05,1719313.9978601888,1798059.6124088257,1541672.5124640064
2019-11-06,1723572.5969404464,1806244.1093310274,1541668.5696311402
2019-11-07,1732971.2866078056,1812378.0324745977,1551887.844804841
2019-11-08,1737122.6585940293,1814304.7836836034,1552248.9425815106
2019-11-11,1732482.1279800541,1808076.525690457,1552823.7199949052
2019-11-12,1734038.9233285226,1808146.4881572353,1552823.7199949052
2019-11-13,1742189.4346468889,1824611.244395174,1557988.2834340453
2019-11-14,1736683.8556256078,1823184.1595906916,1557896.94113931
2019-11-15,1747670.872216432,1831311.1785752466,1570397.9117880955
2019-11-18,1749534.1266574569,1837270.3980323132,1572154.772399425
2019-11-19,1747144.4958705015,1833777.1976348648,1566423.7553051638
2019-11-20,1740645.7445436802,1837021.5472932637,1560091.1276293902
2019-11-21,1738066.4446242054,1836274.7752881001,1557018.127502672
2019-11-22,1743879.3309899955,1841520.8457392647,1563148.9040403194
2019-11-25,1754615.86413333,1842951.1742279704,1573851.0667170035
2019-11-26,1760423.0071455282,1854618.0401794424,1576946.9571789731
2019-11-27,1762166.700417368,1858214.8525813858,1579320.1044719282
2019-11-29,1758324.4067774154,1855673.0804310737,1573006.533821675
2019-12-02,1744446.63782239,1853828.2150096323,1557957.3979099263
2019-12-03,1729207.9611746345,1845711.9423674806,1542243.3470445347
2019-12-04,1737643.1169307933,1861935.437714776,1550484.7439201244
2019-12-05,1739485.1310509746,1862252.2522505575,1552055.415201658
2019-12-06,1757777.5741768482,1874603.1461158094,1570968.1987529476
2019-12-09,1751830.284252283,1870794.9791088917,1565054.3875460804
2019-12-10,1751276.7906338852,1870668.6804610034,1563491.0543146036
2019-12-11,1753304.0663083396,1867880.7268975354,1565149.7821968172
2019-12-12,1769110.6008214138,1882651.3647923046,1577528.5250267484
2019-12-13,1770926.7404944948,1884489.268013183,1577715.2619722204
2019-12-16,1778750.661132116,1895794.550339182,1583351.4320314208
2019-12-17,1781931.830990599,1898881.3283830043,1585104.89742556
2019-12-18,1778199.543632499,1889141.1083290013,1583541.454670948
2019-12-19,1787671.7811621719,1897264.7767099298,1591262.0690387844
2019-12-20,1795745.4929470813,1908589.8517807827,1595643.2134920235
2019-12-23,1798028.4135518742,1904624.4752757647,1601051.1373375212
2019-12-24,1795792.6842432907,1904200.3057446848,1599027.9164614475
2019-12-26,1801187.7877167326,1907493.6961680902,1604968.6703595677
2019-12-27,1803730.7522481035,1911111.8942592742,1606307.152594532
2019-12-30,1791867.4113148875,1900365.945300287,1596038.5920100024
2019-12-31,1797169.9052727933,1905141.5807031458,1600317.1132855834
2020-01-02,1797169.9052727933,1909472.1771989292,1618842.403984627
2020-01-03,1781491.0253522564,1896077.4483322822,1605725.146654216
2020-01-06,1786994.4108727297,1898776.7557972954,1609566.3420510464
2020-01-07,1777801.0303471247,1887513.279726161,1602853.997665624
2020-01-08,1786467.4944058189,1892599.2443846788,1611905.2086026918
2020-01-09,1799538.407926543,1904502.0926339931,1623782.6640429306
2020-01-10,1792476.8567765178,1896984.558864513,1616317.2385800502
2020-01-13,1800773.0652441843,1896006.5027164626,1620987.305063879
2020-01-14,1802169.7382700432,1900906.4317685347,1622816.4509444234
2020-01-15,1805804.4532612849,1910340.5310726028,1627894.1625373706
2020-01-16,1821181.261736292,1922079.4168355162,1642889.9606822897
2020-01-17,1823913.1661210808,1922536.5497323635,1645719.4908795157
2020-01-21,1816290.404161624,1915165.4093105833,1637192.5671905268
2020-01-22,1817750.4512252007,1915083.4741429067,1636644.7324683852
2020-01-23,1814835.1424574668,1912742.6265670015,1635176.6843645102
2020-01-24,1805334.72515233,1897227.4717607368,1625623.638422074
2020-01-27,1778981.5936474132,1884797.8751345568,1600169.1475299632
2020-01-28,1791695.053119961,1895215.9503655084,1610658.068662463
2020-01-29,1787387.598344481,1892821.631626469,1611308.5265622626
2020-01-30,1797057.3854866775,1904032.763048361,1618317.4595977368
2020-01-31,1763467.8931773074,1871744.3836596883,1584480.7250782023
2020-02-03,1773316.8939400779,1874401.3717010014,1592543.3801971877
2020-02-04,1798035.957247458,1889077.0530543146,1615412.2489141054
2020-02-05,1825164.8219970162,1921712.2574202209,1642509.1487412888
2020-02-06,1829673.5603665423,1923272.740102238,1647495.4085163656
2020-02-07,1814023.587289014,1914482.6404464652,1631947.832816439
2020-02-10,1825879.1923443296,1922759.2369881643,1641722.4440613324
2020-02-11,1827717.631842223,1920004.519338342,1641695.5013700796
2020-02-12,1838391.3288702576,1920880.422693244,1657120.849251152
2020-02-13,1831906.3476466446,1922533.3836483508,1649937.0077688044
2020-02-14,1831630.1000774547,1924458.9809464081,1648522.187908624
2020-02-18,1821744.29790198,1918546.0683765057,1639219.7308994664
2020-02-19,1828766.2644438786,1919432.5788560044,1645715.5480466494
2020-02-20,1823140.571888692,1917305.648561561,1638535.1017814924
2020-02-21,1810154.549756278,1918610.2150640315,1625773.904163533
2020-02-24,1754333.241333622,1871774.710684718,1567925.5365346726
2020-02-25,1704098.834353657,1835077.148304667,1518610.1163672358
2020-02-26,1694472.689636027,1820662.8501058104,1511669.6352912455
2020-02-27,1621651.9579317106,1746992.905110713,1444886.151248602
2020-02-28,1599978.6979016063,1710054.6365615593,1424851.3031774524
2020-03-02,1675970.2192370265,1797216.5931640102,1497411.2564154544
2020-03-03,1626999.0351338321,1755341.550049047,1453340.6801452409
2020-03-04,1699171.4091541278,1836090.6970671937,1519142.8368967231
2020-03-05,1644590.5788003353,1788959.450469308,1464772.8145178612
2020-03-06,1626694.3565344245,1784561.333614131,1450389.360221701
2020-03-09,1506730.959539184,1675554.4400664472,1337466.0793159974
2020-03-10,1581274.7022169149,1748014.2152375123,1402914.476340867
2020-03-11,1495718.0587094561,1662633.32077085,1320766.7583265784
2020-03-12,1345302.5910898626,1522012.813873434,1188842.6372689046
2020-03-13,1475066.9600921776,1627841.6889875112,1300153.1900091683
2020-03-16,1297141.114523117,1462175.8308583088,1132088.2962372997
2020-03-17,1366071.6060235016,1555027.841966217,1190904.081719154
2020-03-18,1285422.6701263722,1525923.0813540297,1115848.7533693423
2020-03-19,1295309.4033197977,1512603.2800843578,1126406.1264613261
2020-03-20,1242204.1945951392,1436990.202231007,1075197.1608098622
2020-03-23,1213382.3909346026,1370193.2130052377,1042558.171296593
2020-03-24,1347803.922067338,1479497.489757251,1161045.3369922822
2020-03-25,1375442.983275442,1471130.5931486627,1188838.8039591738
2020-03-26,1463634.9513221674,1544439.0922734533,1264631.989670654
2020-03-27,1406807.3948186205,1518806.8179143274,1213300.6866772007
2020-03-30,1455098.0511656401,1592915.2448937956,1252032.3386770766
2020-03-31,1426882.1114295793,1564210.557737114,1229023.2803471356
2020-04-01,1364150.6514921568,1522099.04767734,1174425.0117545705
2020-04-02,1402737.5552405806,1580872.6744327974,1200776.7161700286
2020-04-03,1381450.2426455284,1570897.2372372588,1180538.3741137253
2020-04-06,1482575.5471282313,1656698.5327092174,1271799.6217289958
2020-04-07,1479266.7381577718,1639022.8781456654,1270334.3117034996
2020-04-08,1527253.1892007228,1682973.166083814,1314057.2615426707
2020-04-09,1547275.723329148,1691273.1998867304,1330083.672389579
2020-04-13,1524783.1192655894,1669826.0887368633,1311657.1715584628
2020-04-14,1558873.4057546281,1725068.1299267309,1343003.0214147302
2020-04-15,1528312.001675391,1696725.3878025783,1318026.270438249
2020-04-16,1528507.5629472784,1715792.2078546858,1319895.2827399971
2020-04-17,1581520.604473659,1747726.0332730948,1359418.1298683719
2020-04-20,1548196.8157561386,1721296.150508855,1326218.3819030104
2020-04-21,1501190.5399196774,1681647.3027531547,1290803.199959345
2020-04-22,1528130.6110425047,1708573.1917871868,1316426.4660027593
2020-04-23,1529251.6895173062,1706402.7939106445,1318638.0666713323
2020-04-24,1543137.128933238,1718697.9242412932,1333218.3340414003
2020-04-27,1568915.9905084819,1742939.382817401,1353322.0721645746
2020-04-28,1566392.8765409947,1733323.142009872,1351514.830911065
2020-04-29,1599356.696164011,1731819.4782144532,1381364.4852177172
2020-04-30,1577371.0464261808,1713413.981590506,1365206.8656548702
2020-05-01,1536117.5391781696,1685710.6013181766,1330325.9375645844
2020-05-04,1535765.9698569702,1677264.5485256948,1331787.8523728899
2020-05-05,1542887.6024026633,1686439.0357034614,1339264.4491955582
2020-05-06,1527648.6324935004,1668613.152147745,1327014.7246188622
2020-05-07,1543149.4231058357,1664800.4304561983,1338860.746919306
2020-05-08,1576615.0561632272,1694730.5733142353,1364399.3515792305
2020-05-11,1570000.2323038068,1696776.5860077904,1358268.5750415833
2020-05-12,1536728.4168656762,1668664.0949512133,1332630.0852823795
2020-05-13,1502395.6211536864,1650488.963364076,1303649.60657647
2020-05-14,1525563.5048525576,1659217.2210340528,1324810.9000928865
2020-05-15,1528947.1545687257,1671196.65959877,1328179.9412539809
2020-05-18,1587706.937489331,1707473.7679387997,1379318.2644832574
2020-05-19,1562544.442860709,1680653.5633469447,1357420.0993133886
2020-05-20,1589353.0180605832,1693263.8792262943,1378114.3861814223
2020-05-21,1583501.0058429914,1680605.092861772,1372406.9165612233
2020-05-22,1583348.8317547922,1680450.2090476127,1371904.5339401793
2020-05-26,1615709.6013617052,1692991.657457138,1401621.884299541
2020-05-27,1652494.952533843,1714622.4811811252,1432640.807597313
2020-05-28,1644885.862761433,1727256.3591321774,1424362.3919020346
2020-05-29,1645518.2247791095,1737841.3929428707,1423379.3122407107
2020-06-01,1650399.602626347,1731166.2313057617,1428533.2519357393
2020-06-02,1664681.1572832703,1738607.5893670155,1443540.878579257
2020-06-03,1702019.0853138212,1757755.3169716746,1473106.3203501322
2020-06-04,1705672.3016201921,1746937.555193746,1473775.2876597764
2020-06-05,1754081.930297827,1772798.774077185,1520271.144235288
2020-06-08,1782080.6356923121,1784778.1223064302,1546147.8468134955
2020-06-09,1759910.2887408386,1771581.6803330225,1529317.317108138
2020-06-10,1743376.9674306854,1772453.9580032178,1513486.5145806507
2020-06-11,1626447.7136251372,1694303.7735221593,1409083.366929555
2020-06-12,1655267.259649603,1698770.8187015636,1435852.2449668918
2020-06-15,1666473.5055495803,1703999.7392976014,1444690.9810217216
2020-06-16,1700745.0975659094,1733792.0635330477,1474232.8753185342
2020-06-17,1689001.6799897826,1728869.1406145631,1464679.1722372873
2020-06-18,1690364.7615597195,1735228.2874364797,1462463.628735848
2020-06-19,1678218.2111537696,1735809.2908931845,1450764.038867132
2020-06-22,1683007.8688436744,1732555.8779527526,1459371.6811067446
2020-06-23,1686650.682804349,1731785.2248895504,1466725.392971747
2020-06-24,1643074.1663788597,1701445.3809032468,1426902.5619761304
2020-06-25,1662183.7388727523,1711947.1505548302,1443706.2585133703
2020-06-26,1618054.1694862414,1675720.4269872762,1402768.1534322742
2020-06-29,1652689.8847159485,1698726.6836069939,1435306.162614913
2020-06-30,1668701.8592943884,1718678.3044489853,1447479.1114738516
2020-07-01,1668836.9505756719,1735413.0402898854,1443110.233611752
2020-07-02,1675066.7695678794,1742766.9558026935,1448291.0064748982
2020-07-06,1701600.211510121,1758863.9013555874,1474067.385861286
2020-07-07,1678331.44902575,1757810.9022951745,1451813.7085946419
2020-07-08,1688298.3722606858,1756621.6866919242,1461744.7188765642
2020-07-09,1667536.5704702311,1743794.7442033954,1441490.715011931
2020-07-10,1691592.8725741627,1756448.5745755322,1462194.5303927248
2020-07-13,1688335.5290517118,1756408.8826373043,1462783.3267674213
2020-07-14,1720649.0834071336,1784994.851067475,1494005.7440503472
2020-07-15,1735015.0994694415,1790472.133858208,1506763.5464511164
2020-07-16,1728522.4460547199,1793047.958982225,1499171.5122439745
2020-07-17,1728969.914737787,1801922.2274395213,1495652.095818286
2020-07-20,1728977.637317589,1798080.0307667786,1496152.287976627
2020-07-21,1741126.9718229882,1802323.710501561,1505098.137657657
2020-07-22,1749308.4378074433,1815316.3703762577,1514375.2948225895
2020-07-23,1732847.1194846586,1806797.9481620225,1494551.9359254611
2020-07-24,1713871.8483139582,1804664.2144553391,1484321.4893919725
2020-07-27,1719794.0382380642,1819206.3624568256,1490763.42115665
2020-07-28,1708680.3456576408,1810643.6453770786,1479240.3825818347
2020-07-29,1715655.1291866798,1807340.7861520099,1488228.8367624478
2020-07-30,1698943.4264408143,1800094.0136356805,1475560.1861937107
2020-07-31,1698630.6778032843,1797381.565019044,1481990.3989829244
2020-08-03,1712838.5075906815,1807438.9959954913,1495228.7889008378
2020-08-04,1719505.5172735495,1816662.0121488152,1504429.170348013
2020-08-05,1741814.9825253335,1822742.0428236064,1525348.1986894242
2020-08-06,1749585.4344991853,1827225.751318842,1535748.0775130275
2020-08-07,1756020.6943519597,1835552.963570194,1538355.6043152553
2020-08-10,1776971.2100521023,1841248.6849981847,1558428.4569143106
2020-08-11,1772057.478291744,1832350.6598472751,1552566.8882429213
2020-08-12,1787589.803354743,1855190.2753003298,1568824.9405207234
2020-08-13,1777634.5839323073,1859394.8188494872,1564332.1919927418
2020-08-14,1779529.1570709925,1861174.72679819,1566255.5277695362
2020-08-17,1773851.5509177886,1872601.3237915304,1561426.871785975
2020-08-18,1771832.1495440041,1880892.2689730953,1557678.771054043
2020-08-19,1765099.418251291,1873338.7756288531,1552901.700467149
2020-08-20,1766092.2718838186,1872983.6293277014,1555528.8319105732
2020-08-21,1770873.623427894,1877896.6658730665,1566216.8661028198
2020-08-24,1795209.066635555,1888519.6894126656,1587420.8736419543
2020-08-25,1800731.988657556,1900829.8945530427,1584055.1181749152
2020-08-26,1824500.0620906719,1928738.2607195172,1588736.3560185316
2020-08-27,1839928.4874054473,1939743.521525905,1597728.0958932
2020-08-28,1850001.9806868953,1957793.8713287236,1606789.9305743799
2020-08-31,1838260.6449095611,1949586.7665067688,1594239.1268990901
2020-09-01,1850798.5311582133,1960265.7871904913,1606329.6048372427
2020-09-02,1881535.9166713376,2001216.5519282648,1631835.1335103447
2020-09-03,1833134.2007367355,1961101.8683274242,1586538.774311261
2020-09-04,1828037.4269454333,1953200.9515368617,1577599.1674489356
2020-09-08,1786332.247999617,1922118.1537908686,1542135.6858026586
2020-09-09,1811219.5121999965,1948429.0361173502,1566785.5102206443
2020-09-10,1785547.4613557025,1926928.619864691,1544024.8503612785
2020-09-11,1797138.698562341,1945824.3755655962,1551374.181300874
2020-09-14,1816480.4528606962,1960477.5302642062,1569749.6443509993
2020-09-15,1813934.8100768994,1965207.88219338,1569876.9102340718
2020-09-16,1817983.252644407,1967570.5279890958,1571939.4499156727
2020-09-17,1809167.837209846,1964082.3665824244,1564627.137795766
2020-09-18,1792150.9329083455,1955755.2772724736,1550913.1984249258
2020-09-21,1760026.8577728255,1920137.60440285,1522330.1791765636
2020-09-22,1769151.1793486685,1934043.3391354945,1530207.7401971044
2020-09-23,1735688.9411769542,1918091.9277841921,1500765.1833838946
2020-09-24,1738322.6238167337,1922327.580637393,1503698.4319901308
2020-09-25,1760287.9937728294,1930615.7942137504,1523802.827252116
2020-09-28,1788867.8977916117,1941784.8610383603,1546799.5094677822
2020-09-29,1778560.8068842543,1936481.2820944989,1539431.121502666
2020-09-30,1797586.7358007587,1955711.0865838407,1557882.2650391965
2020-10-01,1797810.947020344,1955377.4783388681,1559856.2005044415
2020-10-02,1789626.7269402486,1942905.36143286,1552336.9991821907
2020-10-05,1818054.5803716911,1968029.7754395865,1578458.814536918
2020-10-06,1795349.9766845768,1952259.6722207903,1557380.9776495043
2020-10-07,1828488.946072903,1975868.3662147154,1587140.4944159081
2020-10-08,1843452.545891259,1971586.8606606554,1593984.48560981
2020-10-09,1850380.3292503108,1980339.1704528863,1603034.601315526
2020-10-12,1867605.6301601012,1988614.3431233107,1617088.2814516765
2020-10-13,1854082.8538663727,1981556.0142958672,1608244.6168557638
2020-10-14,1845452.3692611423,1972173.3887260216,1598946.6502951484
2020-10-15,1844871.4553551597,1967865.7955116217,1597836.3047507522
2020-10-16,1851362.6649000521,1973284.6349608153,1604123.0422328876
2020-10-19,1825709.3021794658,1945370.9647764997,1581082.003147476
2020-10-20,1831693.9233829647,1953686.0755733093,1587439.2735286634
2020-10-21,1825440.0500150751,1949056.1150922352,1581945.5930683245
2020-10-22,1840870.7296928691,1956973.938688065,1590516.216488248
2020-10-23,1832843.132089609,1959501.925114887,1588941.0547581725
2020-10-26,1791511.4215684289,1934646.645042724,1552481.13162808
2020-10-27,1774607.2022438224,1925260.8491796963,1540021.5607243904
2020-10-28,1716333.6307023093,1867930.2483404982,1487128.567346488
2020-10-29,1726219.4464411968,1869244.7229836415,1494932.0907276508
2020-10-30,1718299.4268199643,1861315.5324048395,1486099.5974915258
2020-11-02,1744428.8690514227,1884096.8151382236,1509844.9798592431
2020-11-03,1776999.5491588744,1904363.895104347,1540965.8691958624
2020-11-04,1790683.655815192,1917146.679513558,1561581.0803603006
2020-11-05,1824740.3959218557,1936433.7182511305,1592003.3216176433
2020-11-06,1821665.2479296573,1944042.9417266727,1588258.6161029018
2020-11-09,1889614.4336426514,1956809.6368929143,1635057.851762846
2020-11-10,1908889.7655198255,1985723.2380782892,1649802.9514513512
2020-11-11,1907493.1558596985,1993855.5253625829,1648496.997587534
2020-11-12,1886341.7450001286,1977139.1855267063,1630695.1071963164
2020-11-13,1917771.1419507219,1997880.0473114867,1653105.2930231246
2020-11-16,1950751.5620336402,2007532.4140404458,1679496.206720975
2020-11-17,1942552.1297731788,2002055.6422981094,1670126.5025068205
2020-11-18,1919523.1811523393,1979881.8924221103,1650784.2787425122
2020-11-19,1925412.860706202,1985789.9412682476,1653297.0680328144
2020-11-20,1913369.3833572748,1979220.181903386,1640974.4010480926
2020-11-23,1936540.0059760162,1982156.493509322,1659355.4497781117
2020-11-24,1969372.777948157,1990546.1133613985,1684868.3165012703
2020-11-25,1958429.8701695278,1987735.8486092258,1675124.04316482
2020-11-27,1959336.3223747893,1988484.2522051886,1677249.2300797405
2020-11-30,1944465.7161931335,1982973.7269514618,1662011.8238986272
2020-12-01,1959481.0371303118,1991556.882865777,1672401.5170706592
2020-12-02,1967062.4431523078,1986525.2841312182,1675758.7297331546
2020-12-03,1974201.1891979917,1990037.1068430599,1680566.1382284919
2020-12-04,1991990.279749316,1999408.9723210016,1694514.4571086045
2020-12-07,1980645.1660949758,1989782.5636458057,1686188.836942066
2020-12-08,1988394.0572858823,2003097.2217002527,1692025.8724311758
2020-12-09,1982546.2170655278,2005408.0868240986,1686133.9658513437
2020-12-10,1979724.755315187,1991462.806362853,1682233.8470077896
2020-12-11,1983860.641901459,1993718.1732546538,1684875.5450281918
2020-12-14,1969243.3208069417,1982710.8162032473,1674511.6993160609
2020-12-15,1992346.433073252,1999246.8750911162,1693451.863651144
2020-12-16,1988624.4117819602,1989508.829166542,1690941.2648235455
2020-12-17,1995603.2895305278,2005362.198831701,1699287.0372469565
2020-12-18,1985918.986317009,2004680.960937928,1692315.7801699822
2020-12-21,1984782.7179396406,1995982.8447726497,1694412.929162298
2020-12-22,1973898.8587025409,1982927.7566898973,1683145.0794924393
2020-12-23,1981781.4661881959,1981753.1668844826,1689555.6876404565
2020-12-24,1985664.573007121,1986263.9572673244,1693483.187267804
2020-12-28,1998081.7751506954,1998946.0557788194,1704928.3548935102
2020-12-29,1995217.8597170762,1999583.9542541597,1701098.3308564676
2020-12-30,1997296.0167329237,1997268.0533593933,1705241.8101063787
2020-12-31,2010517.5804244087,2013425.491435051,1716284.2611640492
2021-01-04,2010517.5804244087,1992081.030258627,1694830.2123073118
2021-01-05,2023445.6172429286,1995201.4566248776,1704234.6353553166
2021-01-06,2049696.315051369,2007273.1775616617,1728784.6841971588
2021-01-07,2062949.3125965341,2007073.3883003567,1740657.6491888552
2021-01-08,2065429.9213521173,2012350.63081252,1743844.9914686952
2021-01-11,2059254.7130303425,2007167.6208235782,1738838.4699136114
2021-01-12,2065448.8400374164,1996777.7685051218,1742203.0206261633
2021-01-13,2067754.116813395,1991949.4149142718,1741742.1472733503
2021-01-14,2069327.6734578388,1986149.7762823235,1737875.6520322948
2021-01-15,2055399.228931936,1985385.1563796634,1727935.6608532881
2021-01-19,2064969.7157132265,1987505.3777543502,1734455.0254745337
2021-01-20,2080825.7134080415,2001306.4343899083,1748914.81739591
2021-01-21,2082656.9649979891,1996055.712736392,1748221.0978577167
2021-01-22,2064671.3812726855,1994411.2511535669,1738181.8787182418
2021-01-25,2062507.5273601406,2007920.159404126,1736108.1676768532
2021-01-26,2058819.0880645283,2016832.4943933592,1734820.6136997454
2021-01-27,2018179.3899283616,1978770.0748684704,1699275.8658871686
2021-01-28,2039409.210693818,1987268.757641601,1716109.2431940408
2021-01-29,1998968.4160009762,1949987.6250495617,1681300.7098961053
2021-02-01,2014426.9741455866,1950514.5008979605,1694158.397396153
2021-02-02,2043932.3506347176,1961892.7468023556,1720826.4046259944
2021-02-03,2045613.3483442538,1956799.4277484247,1722851.8159647712
2021-02-04,2069307.2287654127,1966405.9652410175,1741483.563151204
2021-02-05,2077695.7006344937,1983195.5273039504,1746663.8979218095
2021-02-08,2095978.4375929828,1982476.497622169,1759983.0063903462
2021-02-09,2094298.8141212808,1984775.761870296,1759426.1907711206
2021-02-10,2094490.7085880279,1982413.349178255,1762901.2503270633
2021-02-11,2096117.2087490961,1980532.4801734611,1762503.0242075701
2021-02-12,2098976.4840599447,1982937.1724846093,1764056.390833746
2021-02-16,2104308.846137149,1975701.4311617706,1767664.849568331
2021-02-17,2112358.154779453,1995715.798479964,1772726.7898298132
2021-02-18,2103564.323152123,1990043.4189828977,1766015.6501988776
2021-02-19,2103891.4013016536,1966597.8279858092,1766070.630812735
2021-02-22,2103157.8185428325,1960919.071332982,1767605.3785059315
2021-02-23,2104799.390341088,1956647.7962020317,1768483.5350037583
2021-02-24,2130218.1765720053,1959023.6929094675,1792288.27891074
2021-02-25,2095758.8948895775,1946782.2569040232,1760894.238874996
2021-02-26,2062773.7663184153,1907283.5181445568,1734558.7438835436
2021-03-01,2103847.784663526,1923500.580268923,1768380.364210424
2021-03-02,2092576.998796536,1920009.4334795554,1760305.9901159753
2021-03-03,2085156.4052234828,1906403.8434911277,1753496.7177559235
2021-03-04,2062314.6357540633,1890091.7282275958,1734097.3229150546
2021-03-05,2103384.3844976914,1925224.3212688304,1766181.6872718018
2021-03-08,2121149.847572934,1941325.984870209,1783348.6720484144
2021-03-09,2124649.903968406,1936574.3407561595,1785047.8139675073
2021-03-10,2153919.50018854,1962539.9616463087,1811082.6679529063
2021-03-11,2162161.023288615,1957981.149560107,1821656.907607707
2021-03-12,2179412.537361147,1963766.7466279427,1838089.9778555173
2021-03-15,2194444.5592739033,1992899.828264577,1847893.1746386914
2021-03-16,2186855.75909357,1997057.0062421723,1840742.8472357073
2021-03-17,2198890.809372419,2004719.5515015093,1851364.8389774438
2021-03-18,2184698.269523636,1998226.8213974074,1842781.29182757
2021-03-19,2173290.8445750554,1991679.7938764733,1829641.0346387723
2021-03-22,2183651.829807358,2005921.0084792566,1835429.6609021355
2021-03-23,2164832.4166897903,2003536.853192906,1818155.5624993225
2021-03-24,2163338.631797873,2005458.4660420702,1817982.2968994768
2021-03-25,2177744.8517448395,2009430.559755404,1829164.9375701703
2021-03-26,2211995.8249419807,2039989.9168941737,1854589.6381695135
2021-03-29,2218385.2799848206,2056510.4566099823,1860112.6708300791
2021-03-30,2208593.878151471,2037756.5924153521,1854257.7830699356
2021-03-31,2201753.2023295085,2033252.3921511616,1849468.3363687668
2021-04-01,2211496.288655996,2035535.2032056535,1859094.3247192292
2021-04-05,2237417.017789879,2062670.7106321375,1880065.5955961186
2021-04-06,2231648.6741154515,2062527.6292113722,1874628.8671660703
2021-04-07,2234464.1585840136,2063054.1299455455,1875527.3949670393
2021-04-08,2236006.602696699,2056219.4655666181,1878741.0227993215
2021-04-09,2253151.095919812,2065141.2467267348,1895397.301196617
2021-04-12,2245936.947601621,2065012.177011415,1892301.7393040527
2021-04-13,2240728.9634597627,2058021.0548613598,1888481.3533029056
2021-04-14,2241879.175267786,2056482.1231885161,1891488.2014559787
2021-04-15,2257358.215248391,2073343.1504910951,1908596.8104015435
2021-04-16,2269401.0531055704,2086686.1731788944,1917831.5821131635
2021-04-19,2261303.393304066,2083454.688806619,1910931.8436434579
2021-04-20,2245952.5583750503,2092342.8422188996,1896558.0273831931
2021-04-21,2265157.332072678,2098919.055693815,1914278.4325618413
2021-04-22,2243743.277195503,2080503.3024780678,1896255.0863913014
2021-04-23,2252218.643407311,2085029.9371738741,1909017.3792406127
2021-04-26,2246808.194454687,2066644.1907032372,1905545.2768093196
2021-04-27,2245111.4927698425,2060827.9107305987,1905733.656601819
2021-04-28,2235329.6379963863,2041860.9233079166,1896506.3324633911
2021-04-29,2249194.542571605,2052558.5960895447,1909963.4400822474
2021-04-30,2237412.778659733,2056078.572041814,1899560.9327034
2021-05-03,2253122.6195405833,2076826.5907081207,1912928.2313514135
2021-05-04,2251564.1143213124,2076544.458865416,1914038.57689581
2021-05-05,2259452.1370351254,2082690.7967712693,1919495.2385364599
2021-05-06,2280808.8496544175,2097988.043729161,1937338.0905802327
2021-05-07,2296315.8511144333,2104638.6460210485,1950192.3828630904
2021-05-10,2294909.9207079667,2116640.6890002596,1948233.0139748233
2021-05-11,2264454.9167158627,2095815.0981226745,1921672.1203711827
2021-05-12,2224271.1396600003,2066817.688519601,1883456.4318611124
2021-05-13,2252229.840067608,2089833.8612611857,1907781.5201833067
2021-05-14,2275600.1746404124,2100451.4643445155,1928006.9385096596
2021-05-17,2272577.838403039,2100899.724464586,1924959.7858428424
2021-05-18,2254286.4100999893,2093922.7417092295,1909980.3066450641
2021-05-19,2244478.8696633247,2088569.903727035,1900749.03967377
2021-05-20,2258632.0283827744,2100801.6416487996,1911297.4318686696
2021-05-21,2263276.8771321056,2096865.557361325,1918233.532019253
2021-05-24,2277223.863426657,2101185.5640173694,1928671.524893897
2021-05-25,2270375.268220216,2093078.2419334655,1924100.2482779953
2021-05-26,2271809.3711213386,2091383.1746477429,1924694.0827169097
2021-05-27,2279421.1406010403,2085111.204276274,1932633.8528782297
2021-05-28,2283180.616949696,2090758.0593477292,1936268.0495495806
2021-06-01,2284871.009414854,2074033.9853516992,1938839.6527634712
2021-06-02,2289200.7819077848,2079698.462404344,1940245.4917265677
2021-06-03,2287242.321949665,2086928.106498797,1938936.6902612357
2021-06-04,2301501.0659864508,2097045.516869156,1948993.9807180138
2021-06-07,2293155.064231341,2086507.2012453643,1941919.881417111
2021-06-08,2290569.9869089597,2078211.060418618,1940214.1681099078
2021-06-09,2282762.764792488,2080621.7558181663,1931652.5255870686
2021-06-10,2286822.6907332037,2100010.4018041566,1932723.4428028022
2021-06-11,2287819.3046362945,2100758.346897306,1933472.8000936643
2021-06-14,2284008.940123443,2097271.0426561176,1928658.601163946
2021-06-15,2278837.213962426,2090087.2425206923,1923363.8147170837
2021-06-16,2262585.3942156993,2075332.8310626324,1908466.915963227
2021-06-17,2249044.8927550553,2074891.6621746588,1896678.502831885
2021-06-18,2211783.111948305,2044153.4833277848,1866769.267939698
2021-06-21,2248012.6478336076,2067338.818678554,1899679.655781929
2021-06-22,2251530.0926849097,2070985.0095729344,1903526.984474329
2021-06-23,2245238.3677760176,2060058.5966301127,1899526.5424389553
2021-06-24,2265042.8386198496,2070516.6179608037,1917615.6024906
2021-06-25,2284674.6603443893,2102401.515394018,1930906.6730365322
2021-06-28,2275788.8014871688,2101085.169686358,1922463.3154996813
2021-06-29,2273345.263800533,2099080.220526882,1922969.0933379158
2021-06-30,2287031.766163236,2113318.969073344,1934757.5064692576
2021-07-01,2298003.0907880776,2120392.792573839,1942104.5374230149
2021-07-02,2307232.320020273,2135140.1480579465,1950674.0656115864
2021-07-06,2292512.687691089,2124200.0643471964,1938955.3091942153
2021-07-07,2300188.473927737,2135229.365575795,1944810.6350468996
2021-07-08,2286118.8939773,2124264.258810886,1930238.80095824
2021-07-09,2314677.6071766815,2139796.575967769,1955373.7033419122
2021-07-12,2321807.4291462423,2141557.31630088,1962440.3550696233
2021-07-13,2314260.209681029,2141510.066715103,1956418.335005204
2021-07-14,2318908.0217541335,2153153.904341505,1958910.4244229582
2021-07-15,2319462.8434800524,2154465.9009013874,1961926.691565656
2021-07-16,2299806.802569643,2145321.2343093585,1945150.5948584802
2021-07-19,2255657.5054188007,2120957.387492755,1904450.0454575773
2021-07-20,2287039.1001194445,2135856.1619493887,1935288.912721123
2021-07-21,2306120.373965791,2145427.6583096012,1951327.2615897655
2021-07-22,2305199.5192120373,2149273.775934063,1952748.871884327
2021-07-23,2316295.732753371,2168846.513709797,1966106.0944039044
2021-07-26,2324236.9407480373,2170454.08879733,1970746.8086875065
2021-07-27,2318747.261578314,2173853.594788639,1965936.114498114
2021-07-28,2311172.871101612,2159747.656404364,1958781.406169723
2021-07-29,2320890.7022947557,2164138.0126375407,1967394.7436123644
2021-07-30,2312664.6409607846,2165557.2719459725,1959035.937935868
2021-08-02,2308067.972228993,2160831.0918502947,1953579.2762952177
2021-08-03,2327027.4724675138,2175609.8757606624,1969181.7230858668
2021-08-04,2304739.6248057247,2157216.9508422585,1951028.4824770102
2021-08-05,2322627.121733757,2168956.2505144244,1966257.4553767152
2021-08-06,2328905.073863089,2168690.8757251264,1974347.0531869535
2021-08-09,2323509.358477194,2166598.1415255875,1968365.9947750894
2021-08-10,2334026.4404178686,2175232.9127450297,1977496.281415753
2021-08-11,2348546.097609462,2183580.141166333,1989849.6148783236
2021-08-12,2352989.4938278133,2188957.608641095,1990684.181168351
2021-08-13,2354260.679989692,2197938.6611942607,1991554.8900929862
2021-08-16,2360082.2491901377,2213311.434744793,1997724.32829735
2021-08-17,2343712.958035195,2208606.342835006,1981904.368560245
2021-08-18,2316227.311776079,2184909.5723732016,1960450.3197035077
2021-08-19,2312867.9663842595,2190582.558726101,1956717.3331642295
2021-08-20,2326378.304276157,2200585.1520999763,1969388.0646725353
2021-08-23,2340813.1664227867,2201224.777839328,1981479.8568883096
2021-08-24,2342298.6104993233,2189990.9224709254,1983193.017768705
2021-08-25,2345394.8262079726,2186013.0192379723,1985393.337554355
2021-08-26,2331024.0433458886,2174618.2734900643,1974605.5277859645
2021-08-27,2345182.635479125,2176777.500881397,1988213.9963776318
2021-08-30,2344310.545634421,2181491.995138784,1985075.9395086202
2021-08-31,2343189.505116675,2179883.6712742783,1982882.8482498915
2021-09-01,2339978.0315296804,2183293.897427439,1980180.0363200621
2021-09-02,2351200.188991832,2192563.4355834248,1987542.181466473
2021-09-03,2345859.003277945,2193324.0258801,1983351.6072684373
2021-09-07,2325808.61134811,2163895.5444424255,1968262.166842944
2021-09-08,2322149.7956440863,2166925.83954739,1964396.8763563754
2021-09-09,2311874.386514826,2150053.8447272014,1955890.6525399347
2021-09-10,2296566.796028629,2142084.047257152,1940657.0796685524
2021-09-13,2313067.8391058347,2146285.14747291,1955343.913049145
2021-09-14,2293893.7190171448,2135768.4432518776,1938966.480554003
2021-09-15,2308755.439680853,2143411.0763355363,1952246.3797401476
2021-09-16,2302606.6608090373,2139344.0331560215,1948709.6586591017
2021-09-17,2291359.8980081836,2130294.178976601,1939376.316125825
2021-09-20,2253456.088821597,2110316.841181352,1904922.747308989
2021-09-21,2248478.654105342,2110078.792503761,1902083.688599003
2021-09-22,2270724.3895808565,2119010.3208207125,1921064.2669709655
2021-09-23,2303409.2124052155,2141480.425200322,1949466.6825694258
2021-09-24,2303155.6813881425,2140997.4796771286,1951327.2615897655
2021-09-27,2306622.1629030923,2135775.877488811,1955329.455995302
2021-09-28,2273903.11322782,2109763.2984589953,1923400.8335367725
2021-09-29,2281420.6445924947,2120786.6807175493,1928488.6212581557
2021-09-30,2249191.2760580215,2095103.106058653,1897826.524334781
2021-10-01,2283741.7414288134,2118738.424209084,1924885.310110924
2021-10-04,2268306.5716351685,2112579.489159648,1906742.583723044
2021-10-05,2285534.2126656626,2122486.284132992,1924224.2284670123
2021-10-06,2290010.658961166,2131368.318153199,1929961.707426249
2021-10-07,2309853.9777600584,2146422.9332188843,1948912.7145517147
2021-10-08,2308247.3301158515,2137390.2835982903,1948425.3366001893
2021-10-11,2292463.767448921,2127491.9610928744,1934395.6420306421
2021-10-12,2281035.482065779,2118702.2388306693,1927794.4636274215
2021-10-13,2280830.227963644,2122558.311554634,1927764.6733346542
2021-10-14,2310493.0014022165,2145625.8720816583,1957751.2315602743
2021-10-15,2329310.666215173,2157143.72558761,1979183.5948362472
2021-10-18,2322218.3079241468,2150778.6423761533,1977156.3216041722
2021-10-19,2339126.70320101,2168915.3117773063,1988298.5482379862
2021-10-20,2353902.532123252,2179385.5356391855,1996823.8290799477
2021-10-21,2347918.685339002,2182401.2589041013,1996472.6979085791
2021-10-22,2343667.4022124447,2181199.0106869107,2000619.0247600046
2021-10-25,2345386.596251005,2186238.214486329,2004215.1073803152
2021-10-26,2346530.119735579,2193801.1092194435,2005097.206711008
2021-10-27,2334212.8353921217,2189337.922806852,1990170.517664384
2021-10-28,2356182.5563209876,2214302.7874809983,2003616.8920159936
2021-10-29,2361698.2175456537,2225258.956215392,2008612.023165019
