date,AAPL,AMGN,AXP,BA,CAT,CRM,CSCO,CVX,DIS,GS,HD,HON,IBM,INTC,JNJ,JPM,KO,MCD,MMM,MRK,MSFT,NKE,PG,TRV,UNH,VZ,WMT
2015-01-02,0.037037037037037035,0.037037037037037035,0.037037037037037035,0.037037037037037035,0.037037037037037035,0.037037037037037035,0.037037037037037035,0.037037037037037035,0.037037037037037035,0.037037037037037035,0.037037037037037035,0.037037037037037035,0.037037037037037035,0.037037037037037035,0.037037037037037035,0.037037037037037035,0.037037037037037035,0.037037037037037035,0.037037037037037035,0.037037037037037035,0.037037037037037035,0.037037037037037035,0.037037037037037035,0.037037037037037035,0.037037037037037035,0.037037037037037035,0.037037037037037035
2015-01-05,0.036454375833272934,0.036454375833272934,0.036454375833272934,0.036454375833272934,0.036454375833272934,0.036454375833272934,0.036454375833272934,0.036454375833272934,0.036454375833272934,0.04601837694644928,0.036454375833272934,0.036454375833272934,0.036454375833272934,0.036454375833272934,0.036454375833272934,0.036454375833272934,0.036454375833272934,0.036454375833272934,0.036454375833272934,0.036454375833272934,0.036454375833272934,0.036454375833272934,0.03779032826423645,0.036454375833272934,0.04128625616431236,0.036454375833272934,0.036454375833272934
2015-01-06,0.03654750436544418,0.03654750436544418,0.03654750436544418,0.036686841398477554,0.03715267777442932,0.03654750436544418,0.03654750436544418,0.03654750436544418,0.041728243231773376,0.03997847065329552,0.03654750436544418,0.03654750436544418,0.03654750436544418,0.03654750436544418,0.03654750436544418,0.03654750436544418,0.03654750436544418,0.03654750436544418,0.03654750436544418,0.03673526272177696,0.03753165528178215,0.03654750436544418,0.03654750436544418,0.03654750436544418,0.039236731827259064,0.03654750436544418,0.03654750436544418
2015-01-07,0.036591626703739166,0.036591626703739166,0.036591626703739166,0.036591626703739166,0.036591626703739166,0.036591626703739166,0.036591626703739166,0.036591626703739166,0.04088585823774338,0.03817933425307274,0.036591626703739166,0.036591626703739166,0.036591626703739166,0.036591626703739166,0.036591626703739166,0.036591626703739166,0.036591626703739166,0.036591626703739166,0.036591626703739166,0.036591626703739166,0.039390694350004196,0.036591626703739166,0.036591626703739166,0.036591626703739166,0.03993671387434006,0.036591626703739166,0.036591626703739166
2015-01-08,0.036187008023262024,0.03672679141163826,0.03639892116189003,0.036187008023262024,0.036187008023262024,0.036187008023262024,0.036187008023262024,0.036187008023262024,0.036187008023262024,0.04146431386470795,0.036187008023262024,0.03690734878182411,0.036187008023262024,0.036187008023262024,0.036187008023262024,0.036187008023262024,0.036187008023262024,0.036187008023262024,0.036187008023262024,0.04192397743463516,0.04138883575797081,0.036187008023262024,0.036187008023262024,0.036187008023262024,0.041449643671512604,0.036187008023262024,0.036187008023262024
2015-01-09,0.0360821895301342,0.038591332733631134,0.03753606230020523,0.0360821895301342,0.0360821895301342,0.0360821895301342,0.0360821895301342,0.0360821895301342,0.03867214918136597,0.0360821895301342,0.0360821895301342,0.0367254912853241,0.0360821895301342,0.0360821895301342,0.0360821895301342,0.03795917332172394,0.0360821895301342,0.0360821895301342,0.0360821895301342,0.05278980731964111,0.0360821895301342,0.0360821895301342,0.0360821895301342,0.0360821895301342,0.0360821895301342,0.0360821895301342,0.0360821895301342
2015-01-12,0.03598557412624359,0.03980749845504761,0.037044551223516464,0.03598557412624359,0.03598557412624359,0.03598557412624359,0.03598557412624359,0.03598557412624359,0.038747187703847885,0.03598557412624359,0.03669062256813049,0.037427909672260284,0.03598557412624359,0.03598557412624359,0.03598557412624359,0.03880487382411957,0.03598557412624359,0.03598557412624359,0.03598557412624359,0.05063701793551445,0.03598557412624359,0.03598557412624359,0.03598557412624359,0.03598557412624359,0.03711443394422531,0.03598557412624359,0.03598557412624359
2015-01-13,0.036193978041410446,0.03911362588405609,0.036193978041410446,0.036193978041410446,0.036193978041410446,0.036193978041410446,0.036193978041410446,0.036193978041410446,0.040067415684461594,0.036193978041410446,0.036193978041410446,0.03851049393415451,0.036193978041410446,0.036193978041410446,0.036193978041410446,0.03886793181300163,0.036193978041410446,0.036193978041410446,0.036193978041410446,0.04491397738456726,0.036193978041410446,0.036193978041410446,0.036193978041410446,0.036193978041410446,0.03845307603478432,0.036193978041410446,0.036193978041410446
2015-01-14,0.03618813678622246,0.038361962884664536,0.03618813678622246,0.03618813678622246,0.03618813678622246,0.03618813678622246,0.03618813678622246,0.03618813678622246,0.04179643094539642,0.03618813678622246,0.03648187220096588,0.03839391842484474,0.03618813678622246,0.03618813678622246,0.03618813678622246,0.03965415433049202,0.03618813678622246,0.03618813678622246,0.03618813678622246,0.04519788175821304,0.03618813678622246,0.03618813678622246,0.03618813678622246,0.03618813678622246,0.0363510400056839,0.03618813678622246,0.03618813678622246
2015-01-15,0.03681662306189537,0.03707270696759224,0.03674432635307312,0.036356206983327866,0.036356206983327866,0.036356206983327866,0.036356206983327866,0.036356206983327866,0.04231847822666168,0.036356206983327866,0.036356206983327866,0.037069715559482574,0.036356206983327866,0.036356206983327866,0.036356206983327866,0.036356206983327866,0.036356206983327866,0.036356206983327866,0.036356206983327866,0.04092715308070183,0.03918950632214546,0.036356206983327866,0.036356206983327866,0.03688729181885719,0.036903686821460724,0.03801500052213669,0.036356206983327866
2015-01-16,0.036351293325424194,0.0364626944065094,0.036351293325424194,0.036351293325424194,0.03684910014271736,0.036351293325424194,0.036351293325424194,0.036351293325424194,0.04410843178629875,0.036351293325424194,0.036351293325424194,0.03698549419641495,0.036351293325424194,0.036351293325424194,0.036351293325424194,0.036351293325424194,0.036351293325424194,0.036351293325424194,0.036351293325424194,0.042544033378362656,0.037353891879320145,0.036351293325424194,0.036351293325424194,0.036351293325424194,0.036721691489219666,0.03830014541745186,0.036351293325424194
2015-01-20,0.036240655928850174,0.037311580032110214,0.036240655928850174,0.036240655928850174,0.03702627494931221,0.036240655928850174,0.036240655928850174,0.036240655928850174,0.04084644094109535,0.036240655928850174,0.036240655928850174,0.0374663807451725,0.036240655928850174,0.03692429140210152,0.036240655928850174,0.036240655928850174,0.036240655928850174,0.036240655928850174,0.036240655928850174,0.047735732048749924,0.03775547444820404,0.036240655928850174,0.036240655928850174,0.036240655928850174,0.036240655928850174,0.03636138141155243,0.036240655928850174
2015-01-21,0.038620512932538986,0.03611157089471817,0.03611157089471817,0.03611157089471817,0.03846212103962898,0.03611157089471817,0.03611157089471817,0.03703048825263977,0.03971109539270401,0.03611157089471817,0.03611157089471817,0.037561845034360886,0.03611157089471817,0.03904617950320244,0.03611157089471817,0.03611157089471817,0.03611157089471817,0.03611157089471817,0.03611157089471817,0.04701028764247894,0.03611157089471817,0.03611157089471817,0.03611157089471817,0.03643758222460747,0.03611157089471817,0.03611157089471817,0.03611157089471817
2015-01-22,0.04313939809799194,0.03670903667807579,0.03794516623020172,0.03593214973807335,0.03593214973807335,0.03593214973807335,0.03593214973807335,0.03593214973807335,0.03834886848926544,0.03593214973807335,0.03593214973807335,0.04078805074095726,0.03593214973807335,0.03678451105952263,0.03593214973807335,0.040246542543172836,0.03593214973807335,0.03593214973807335,0.03593214973807335,0.040539782494306564,0.03593214973807335,0.03593214973807335,0.03593214973807335,0.03871997445821762,0.03593214973807335,0.03593214973807335,0.03593214973807335
2015-01-23,0.040143538266420364,0.03613671287894249,0.03613671287894249,0.03613671287894249,0.03613671287894249,0.03613671287894249,0.03613671287894249,0.03613671287894249,0.037690408527851105,0.03613671287894249,0.03613671287894249,0.03681968152523041,0.03613671287894249,0.04173947125673294,0.03613671287894249,0.039402663707733154,0.03613671287894249,0.03613671287894249,0.03613671287894249,0.04533318057656288,0.03613671287894249,0.03613671287894249,0.03613671287894249,0.03613671287894249,0.03613671287894249,0.03613671287894249,0.03613671287894249
2015-01-26,0.03622564673423767,0.03622564673423767,0.03622564673423767,0.03622564673423767,0.03622564673423767,0.03622564673423767,0.03622564673423767,0.03622564673423767,0.03999236971139908,0.03622564673423767,0.03622564673423767,0.03622564673423767,0.03622564673423767,0.03963884711265564,0.03622564673423767,0.0381983146071434,0.03622564673423767,0.03622564673423767,0.03622564673423767,0.04575774818658829,0.03622564673423767,0.03622564673423767,0.03622564673423767,0.03622564673423767,0.039448488503694534,0.03622564673423767,0.03622564673423767
2015-01-27,0.03635979816317558,0.037593718618154526,0.03769734874367714,0.03635979816317558,0.03635979816317558,0.03635979816317558,0.03635979816317558,0.03635979816317558,0.03635979816317558,0.03635979816317558,0.03635979816317558,0.03635979816317558,0.03635979816317558,0.03635979816317558,0.03635979816317558,0.041343726217746735,0.03635979816317558,0.03635979816317558,0.03635979816317558,0.043732404708862305,0.03635979816317558,0.03635979816317558,0.03635979816317558,0.03635979816317558,0.03971722722053528,0.03635979816317558,0.03635979816317558
2015-01-28,0.036376141011714935,0.03644206002354622,0.03751097247004509,0.036376141011714935,0.036376141011714935,0.036376141011714935,0.036376141011714935,0.036376141011714935,0.036376141011714935,0.043119318783283234,0.03640813007950783,0.03722821921110153,0.036376141011714935,0.036376141011714935,0.036376141011714935,0.037673112004995346,0.036376141011714935,0.036376141011714935,0.03697461634874344,0.036376141011714935,0.036376141011714935,0.036376141011714935,0.036376141011714935,0.036376141011714935,0.04349697008728981,0.036376141011714935,0.036376141011714935
2015-01-29,0.03568985313177109,0.0458124540746212,0.04111135005950928,0.03568985313177109,0.03568985313177109,0.038953181356191635,0.03568985313177109,0.03568985313177109,0.03568985313177109,0.04056714475154877,0.03740719333291054,0.03568985313177109,0.03568985313177109,0.03568985313177109,0.03568985313177109,0.03776565566658974,0.03568985313177109,0.03568985313177109,0.0382019579410553,0.03568985313177109,0.03568985313177109,0.03568985313177109,0.03568985313177109,0.03568985313177109,0.03961961343884468,0.03814411163330078,0.03568985313177109
2015-01-30,0.03622895106673241,0.038195062428712845,0.03682982176542282,0.03622895106673241,0.03622895106673241,0.03622895106673241,0.03726998344063759,0.03622895106673241,0.03727514296770096,0.04342488572001457,0.03622895106673241,0.03622895106673241,0.03622895106673241,0.03622895106673241,0.03622895106673241,0.037813302129507065,0.03622895106673241,0.03622895106673241,0.03622895106673241,0.03622895106673241,0.03622895106673241,0.03622895106673241,0.03622895106673241,0.03622895106673241,0.04147102311253548,0.039370715618133545,0.03622895106673241
2015-02-02,0.03587153181433678,0.04281526431441307,0.03694325312972069,0.03587153181433678,0.03587153181433678,0.03888803720474243,0.03587153181433678,0.03587153181433678,0.03587153181433678,0.03600934147834778,0.03752916306257248,0.03587153181433678,0.03587153181433678,0.03587153181433678,0.03587153181433678,0.04163217172026634,0.03587153181433678,0.03587153181433678,0.03587153181433678,0.03587153181433678,0.03587153181433678,0.03587153181433678,0.03587153181433678,0.03587153181433678,0.03908472880721092,0.045538973063230515,0.03587153181433678
2015-02-03,0.035945042967796326,0.04076089337468147,0.03728298470377922,0.035945042967796326,0.035945042967796326,0.04068807512521744,0.035945042967796326,0.035945042967796326,0.035945042967796326,0.035945042967796326,0.035945042967796326,0.03768200799822807,0.035945042967796326,0.035945042967796326,0.035945042967796326,0.040806978940963745,0.035945042967796326,0.035945042967796326,0.035945042967796326,0.035945042967796326,0.035945042967796326,0.035945042967796326,0.035945042967796326,0.035945042967796326,0.03690678998827934,0.046971406787633896,0.035945042967796326
2015-02-04,0.03589461371302605,0.04133814200758934,0.03702754154801369,0.03589461371302605,0.03589461371302605,0.038648560643196106,0.0362619049847126,0.03589461371302605,0.03589461371302605,0.037264034152030945,0.03589461371302605,0.037963028997182846,0.03589461371302605,0.03589461371302605,0.03589461371302605,0.04294288903474808,0.03589461371302605,0.03589461371302605,0.0374588742852211,0.03589461371302605,0.03589461371302605,0.03589461371302605,0.03589461371302605,0.03589461371302605,0.038753725588321686,0.04213288053870201,0.03589461371302605
2015-02-05,0.03643646091222763,0.03643646091222763,0.03702571988105774,0.03643646091222763,0.03643646091222763,0.03643646091222763,0.03643646091222763,0.03643646091222763,0.03643646091222763,0.039279960095882416,0.03643646091222763,0.03643646091222763,0.03643646091222763,0.03643646091222763,0.03643646091222763,0.039948612451553345,0.03643646091222763,0.03643646091222763,0.03643646091222763,0.04026062786579132,0.03643646091222763,0.03643646091222763,0.03643646091222763,0.03643646091222763,0.0418829545378685,0.03643646091222763,0.03643646091222763
2015-02-06,0.036391112953424454,0.036391112953424454,0.03965901583433151,0.036391112953424454,0.036391112953424454,0.036391112953424454,0.036391112953424454,0.036391112953424454,0.03645756468176842,0.03713105618953705,0.036391112953424454,0.036391112953424454,0.036391112953424454,0.036391112953424454,0.036391112953424454,0.041244663298130035,0.036391112953424454,0.036391112953424454,0.03640332818031311,0.03877495974302292,0.036391112953424454,0.036391112953424454,0.036391112953424454,0.036391112953424454,0.041472531855106354,0.03742578253149986,0.036391112953424454
2015-02-09,0.03620656952261925,0.03620656952261925,0.04145117104053497,0.03620656952261925,0.03620656952261925,0.03620656952261925,0.03620656952261925,0.03620656952261925,0.03620656952261925,0.038536589592695236,0.03620656952261925,0.036349762231111526,0.03620656952261925,0.03620656952261925,0.03620656952261925,0.04006874933838844,0.03620656952261925,0.03620656952261925,0.0399693138897419,0.03832503408193588,0.03620656952261925,0.03620656952261925,0.03620656952261925,0.03620656952261925,0.04116804152727127,0.03620656952261925,0.03620656952261925
2015-02-10,0.03652612864971161,0.03652612864971161,0.038003213703632355,0.03652612864971161,0.03652612864971161,0.03652612864971161,0.03652612864971161,0.03652612864971161,0.03652612864971161,0.0408250093460083,0.03652612864971161,0.03652612864971161,0.03652612864971161,0.03652612864971161,0.03652612864971161,0.03770960494875908,0.03652612864971161,0.03652612864971161,0.03782773017883301,0.03815656155347824,0.03652612864971161,0.03652612864971161,0.03652612864971161,0.03652612864971161,0.04042915254831314,0.03652612864971161,0.03652612864971161
2015-02-11,0.03662167862057686,0.03662167862057686,0.038326408714056015,0.03662167862057686,0.03662167862057686,0.03662167862057686,0.03662167862057686,0.03662167862057686,0.03662167862057686,0.04035333916544914,0.03671569377183914,0.037361349910497665,0.03662167862057686,0.03662167862057686,0.03662167862057686,0.03662167862057686,0.03662167862057686,0.03662167862057686,0.037857674062252045,0.038046400994062424,0.037181660532951355,0.03662167862057686,0.03662167862057686,0.03662167862057686,0.038345497101545334,0.03662167862057686,0.03662167862057686
2015-02-12,0.0359392985701561,0.0359392985701561,0.037451937794685364,0.0359392985701561,0.0359392985701561,0.0359392985701561,0.0359392985701561,0.0359392985701561,0.0359392985701561,0.043883949518203735,0.04010134935379028,0.0359392985701561,0.0359392985701561,0.0359392985701561,0.0359392985701561,0.0359392985701561,0.0359392985701561,0.0359392985701561,0.03749668970704079,0.042521882802248,0.03765249624848366,0.037738312035799026,0.0359392985701561,0.0359392985701561,0.04030677676200867,0.0359392985701561,0.0359392985701561
2015-02-13,0.036105819046497345,0.03588176891207695,0.03825680911540985,0.03588176891207695,0.03588176891207695,0.03588176891207695,0.03588176891207695,0.03588176891207695,0.03588176891207695,0.045556411147117615,0.035917751491069794,0.03588176891207695,0.035949040204286575,0.03588176891207695,0.03588176891207695,0.03588176891207695,0.03588176891207695,0.03588176891207695,0.03588176891207695,0.03588176891207695,0.04176690801978111,0.04063356667757034,0.03778139501810074,0.03588176891207695,0.04216034710407257,0.03588176891207695,0.03588176891207695
2015-02-17,0.036249954253435135,0.03573550656437874,0.03763838857412338,0.03573550656437874,0.03573550656437874,0.03573550656437874,0.03573550656437874,0.03573550656437874,0.03573550656437874,0.046471625566482544,0.03726822882890701,0.03573550656437874,0.03679780289530754,0.03573550656437874,0.03573550656437874,0.03573550656437874,0.03573550656437874,0.03573550656437874,0.03573550656437874,0.03573550656437874,0.04328640550374985,0.04049394652247429,0.03761604428291321,0.03573550656437874,0.040938425809144974,0.03573550656437874,0.03573550656437874
2015-02-18,0.03622831031680107,0.03622831031680107,0.03702251613140106,0.03622831031680107,0.03622831031680107,0.03622831031680107,0.03622831031680107,0.03622831031680107,0.03622831031680107,0.04639306291937828,0.03622831031680107,0.03656761720776558,0.03622831031680107,0.03622831031680107,0.03622831031680107,0.03622831031680107,0.03622831031680107,0.03622831031680107,0.03631335496902466,0.03622831031680107,0.03751356527209282,0.03885341063141823,0.03772543743252754,0.03622831031680107,0.04127315804362297,0.03622831031680107,0.03622831031680107
2015-02-19,0.03634530305862427,0.03634530305862427,0.03658194839954376,0.03634530305862427,0.03634530305862427,0.03634530305862427,0.03634530305862427,0.03634530305862427,0.03634530305862427,0.046040840446949005,0.03634530305862427,0.03698078542947769,0.03634530305862427,0.03634530305862427,0.03634530305862427,0.03634530305862427,0.03634530305862427,0.03634530305862427,0.03634530305862427,0.03634530305862427,0.03671219199895859,0.03892945498228073,0.03677018731832504,0.03634530305862427,0.04107851907610893,0.03634530305862427,0.03634530305862427
2015-02-20,0.036324091255664825,0.036324091255664825,0.03687784820795059,0.036324091255664825,0.036324091255664825,0.036324091255664825,0.03930433467030525,0.036324091255664825,0.036324091255664825,0.037703126668930054,0.036324091255664825,0.03905467689037323,0.036324091255664825,0.036324091255664825,0.036324091255664825,0.03966309130191803,0.036324091255664825,0.036324091255664825,0.036324091255664825,0.036324091255664825,0.036324091255664825,0.036324091255664825,0.036324091255664825,0.036324091255664825,0.03875080868601799,0.04216432198882103,0.036324091255664825
2015-02-23,0.03631925955414772,0.03631925955414772,0.03668733313679695,0.03631925955414772,0.03631925955414772,0.03631925955414772,0.038740865886211395,0.03631925955414772,0.03631925955414772,0.03695989027619362,0.03631925955414772,0.03943753242492676,0.03631925955414772,0.03631925955414772,0.03631925955414772,0.04121985659003258,0.03631925955414772,0.03631925955414772,0.03631925955414772,0.03631925955414772,0.03631925955414772,0.03631925955414772,0.03631925955414772,0.03631925955414772,0.03860527649521828,0.041964009404182434,0.03631925955414772
2015-02-24,0.0364382266998291,0.0364382266998291,0.0364382266998291,0.0364382266998291,0.0364382266998291,0.0364382266998291,0.03884574770927429,0.0364382266998291,0.0364382266998291,0.0364382266998291,0.0364382266998291,0.0406290665268898,0.0364382266998291,0.0364382266998291,0.0364382266998291,0.041301727294921875,0.0364382266998291,0.0364382266998291,0.0364382266998291,0.0364382266998291,0.0364382266998291,0.0364382266998291,0.0364382266998291,0.0364382266998291,0.03771109879016876,0.03987136110663414,0.0364382266998291
2015-02-25,0.03635352477431297,0.03635352477431297,0.0367184542119503,0.03635352477431297,0.03635352477431297,0.03635352477431297,0.03635352477431297,0.03635352477431297,0.03705967217683792,0.03635352477431297,0.03635352477431297,0.040955860167741776,0.03635352477431297,0.03635352477431297,0.03635352477431297,0.04275231808423996,0.03635352477431297,0.03635352477431297,0.03635352477431297,0.03635352477431297,0.03635352477431297,0.03635352477431297,0.03635352477431297,0.03635352477431297,0.03656846284866333,0.04252124950289726,0.03635352477431297
2015-02-26,0.036492716521024704,0.036492716521024704,0.036492716521024704,0.036492716521024704,0.036492716521024704,0.036492716521024704,0.036492716521024704,0.036492716521024704,0.036492716521024704,0.036492716521024704,0.036492716521024704,0.04148499667644501,0.036492716521024704,0.036492716521024704,0.036492716521024704,0.04172311723232269,0.036492716521024704,0.036492716521024704,0.036492716521024704,0.036492716521024704,0.036492716521024704,0.036492716521024704,0.036492716521024704,0.036492716521024704,0.03649876266717911,0.0409606397151947,0.036492716521024704
2015-02-27,0.036110568791627884,0.036110568791627884,0.036110568791627884,0.036110568791627884,0.036110568791627884,0.036110568791627884,0.036110568791627884,0.036110568791627884,0.036110568791627884,0.04230223968625069,0.03727704659104347,0.03792854771018028,0.036110568791627884,0.036110568791627884,0.037144459784030914,0.036110568791627884,0.036110568791627884,0.036110568791627884,0.036110568791627884,0.036110568791627884,0.036817602813243866,0.04202201962471008,0.03999766334891319,0.036110568791627884,0.03899461030960083,0.036110568791627884,0.03752562031149864
2015-03-02,0.03713720291852951,0.036131296306848526,0.036131296306848526,0.036131296306848526,0.036488939076662064,0.036131296306848526,0.036131296306848526,0.036131296306848526,0.03700249642133713,0.042953066527843475,0.03998521715402603,0.036131296306848526,0.0369531475007534,0.036131296306848526,0.036131296306848526,0.036131296306848526,0.036131296306848526,0.036131296306848526,0.036131296306848526,0.036131296306848526,0.04059019312262535,0.03648119792342186,0.03911982849240303,0.036131296306848526,0.03905671834945679,0.036131296306848526,0.036131296306848526
2015-03-03,0.03635723888874054,0.03635723888874054,0.03635723888874054,0.03635723888874054,0.03737722709774971,0.03635723888874054,0.03635723888874054,0.03635723888874054,0.038609251379966736,0.04432385787367821,0.03664248436689377,0.03635723888874054,0.03635723888874054,0.03635723888874054,0.03635723888874054,0.03635723888874054,0.03635723888874054,0.03635723888874054,0.03635723888874054,0.03646567836403847,0.03638818487524986,0.03635723888874054,0.04014439880847931,0.03635723888874054,0.0392613485455513,0.03635723888874054,0.03635723888874054
2015-03-04,0.03620380163192749,0.03620380163192749,0.03620380163192749,0.03620380163192749,0.03676791116595268,0.03620380163192749,0.03620380163192749,0.03620380163192749,0.03784538805484772,0.045131951570510864,0.03812488913536072,0.03620380163192749,0.03653185814619064,0.03620380163192749,0.03620380163192749,0.03620380163192749,0.03620380163192749,0.03620380163192749,0.03620380163192749,0.03620380163192749,0.036482859402894974,0.03620380163192749,0.042413078248500824,0.03620380163192749,0.038829829543828964,0.03620380163192749,0.03620380163192749
2015-03-05,0.03630455583333969,0.03630455583333969,0.03630455583333969,0.03630455583333969,0.03630455583333969,0.03630455583333969,0.03630455583333969,0.03630455583333969,0.04118577018380165,0.038482919335365295,0.04368118196725845,0.03630455583333969,0.03630455583333969,0.03630455583333969,0.03630455583333969,0.03716185688972473,0.03630455583333969,0.03630455583333969,0.03630455583333969,0.03630455583333969,0.03639297932386398,0.03630455583333969,0.039597008377313614,0.03630455583333969,0.03740714117884636,0.03630455583333969,0.03630455583333969
2015-03-06,0.03628239780664444,0.03628239780664444,0.03628239780664444,0.03628239780664444,0.03628239780664444,0.03628239780664444,0.03628239780664444,0.03628239780664444,0.044789936393499374,0.03628239780664444,0.03628239780664444,0.03628239780664444,0.03628239780664444,0.03628239780664444,0.03628239780664444,0.04101353883743286,0.03628239780664444,0.03628239780664444,0.03628239780664444,0.03628239780664444,0.03628239780664444,0.03628239780664444,0.03628239780664444,0.03628239780664444,0.037914130836725235,0.04178716242313385,0.03628239780664444
2015-03-09,0.03637982904911041,0.03637982904911041,0.03675726056098938,0.03637982904911041,0.03637982904911041,0.03637982904911041,0.03637982904911041,0.03637982904911041,0.036800675094127655,0.03722318634390831,0.03637982904911041,0.037530940026044846,0.03637982904911041,0.03637982904911041,0.03637982904911041,0.04320108890533447,0.03637982904911041,0.03637982904911041,0.03637982904911041,0.03637982904911041,0.03637982904911041,0.03637982904911041,0.03637982904911041,0.03637982904911041,0.04026538133621216,0.040624916553497314,0.03637982904911041
2015-03-10,0.036379825323820114,0.036379825323820114,0.0367569662630558,0.036379825323820114,0.036379825323820114,0.036379825323820114,0.036379825323820114,0.036379825323820114,0.03680166229605675,0.03722221776843071,0.036379825323820114,0.03753119334578514,0.036379825323820114,0.036379825323820114,0.036379825323820114,0.04320157319307327,0.036379825323820114,0.036379825323820114,0.036379825323820114,0.036379825323820114,0.036379825323820114,0.036379825323820114,0.036379825323820114,0.036379825323820114,0.0402645543217659,0.04062526300549507,0.036379825323820114
2015-03-11,0.036379799246788025,0.036379799246788025,0.03675820678472519,0.036379799246788025,0.036379799246788025,0.036379799246788025,0.036379799246788025,0.036379799246788025,0.03679988160729408,0.03722131997346878,0.036379799246788025,0.037531815469264984,0.036379799246788025,0.036379799246788025,0.036379799246788025,0.04320302978157997,0.036379799246788025,0.036379799246788025,0.036379799246788025,0.036379799246788025,0.036379799246788025,0.036379799246788025,0.036379799246788025,0.036379799246788025,0.04026373475790024,0.04062614217400551,0.036379799246788025
2015-03-12,0.036084383726119995,0.04043242335319519,0.037688083946704865,0.036084383726119995,0.036084383726119995,0.036762237548828125,0.036084383726119995,0.036084383726119995,0.036084383726119995,0.036084383726119995,0.03688192740082741,0.039133936166763306,0.036084383726119995,0.036084383726119995,0.036084383726119995,0.04433182626962662,0.036084383726119995,0.036084383726119995,0.03662560135126114,0.036084383726119995,0.036084383726119995,0.036084383726119995,0.036084383726119995,0.036084383726119995,0.037411294877529144,0.04121377691626549,0.036084383726119995
2015-03-13,0.036386340856552124,0.036386340856552124,0.03673653304576874,0.036386340856552124,0.036386340856552124,0.036386340856552124,0.036386340856552124,0.036386340856552124,0.03671528026461601,0.03722963482141495,0.036386340856552124,0.03763208165764809,0.036386340856552124,0.036386340856552124,0.036386340856552124,0.043238237500190735,0.036386340856552124,0.036386340856552124,0.036386340856552124,0.036386340856552124,0.036386340856552124,0.036386340856552124,0.036386340856552124,0.036386340856552124,0.040178172290325165,0.040543269366025925,0.036386340856552124
2015-03-16,0.03638166934251785,0.03638166934251785,0.03675112500786781,0.03638166934251785,0.03638166934251785,0.03638166934251785,0.03638166934251785,0.03638166934251785,0.036777086555957794,0.0372241772711277,0.03638166934251785,0.03756062686443329,0.03638166934251785,0.03638166934251785,0.03638166934251785,0.04321232810616493,0.03638166934251785,0.03638166934251785,0.03638166934251785,0.03638166934251785,0.03638166934251785,0.03638166934251785,0.03638166934251785,0.03638166934251785,0.04023963212966919,0.04060164839029312,0.03638166934251785
2015-03-17,0.03639455512166023,0.03639455512166023,0.036508962512016296,0.03639455512166023,0.03639455512166023,0.03639455512166023,0.03639455512166023,0.03639455512166023,0.03639455512166023,0.03648688644170761,0.03639455512166023,0.03826339542865753,0.03639455512166023,0.03639455512166023,0.03639455512166023,0.043637536466121674,0.03639455512166023,0.03639455512166023,0.03639455512166023,0.03639455512166023,0.03639455512166023,0.03639455512166023,0.03639455512166023,0.03639455512166023,0.04093891382217407,0.03987865149974823,0.03639455512166023
2015-03-18,0.03639089688658714,0.03639089688658714,0.03645647317171097,0.03639089688658714,0.03639089688658714,0.03639089688658714,0.03639089688658714,0.03639089688658714,0.03639089688658714,0.03639089688658714,0.03639089688658714,0.03804692253470421,0.03639089688658714,0.03639089688658714,0.03639089688658714,0.04375561699271202,0.03639089688658714,0.03639089688658714,0.03639089688658714,0.03639089688658714,0.03639089688658714,0.03639089688658714,0.03639089688658714,0.03639089688658714,0.04149685800075531,0.039644379168748856,0.03639089688658714
2015-03-19,0.03591959550976753,0.039574239403009415,0.037438876926898956,0.03591959550976753,0.03591959550976753,0.03655693680047989,0.03591959550976753,0.03591959550976753,0.03591959550976753,0.03591959550976753,0.036649491637945175,0.044600531458854675,0.03591959550976753,0.03591959550976753,0.036920350044965744,0.046246983110904694,0.03591959550976753,0.03591959550976753,0.03910110890865326,0.03591959550976753,0.03591959550976753,0.03591959550976753,0.03591959550976753,0.035970695316791534,0.03591959550976753,0.036307722330093384,0.03591959550976753
2015-03-20,0.03623688966035843,0.03894113376736641,0.03813854232430458,0.03598026558756828,0.03598026558756828,0.03598026558756828,0.035982146859169006,0.03598026558756828,0.03598026558756828,0.03598026558756828,0.03598026558756828,0.04429207369685173,0.03598026558756828,0.03598026558756828,0.03598026558756828,0.04621896892786026,0.03598026558756828,0.03598026558756828,0.03842433914542198,0.03598026558756828,0.03598026558756828,0.03598026558756828,0.03598026558756828,0.03636110574007034,0.03598026558756828,0.037760067731142044,0.03598026558756828
2015-03-23,0.03714194521307945,0.03867528587579727,0.035813119262456894,0.035813119262456894,0.035813119262456894,0.035813119262456894,0.035813119262456894,0.035813119262456894,0.035813119262456894,0.035813119262456894,0.040596090257167816,0.04161839187145233,0.035813119262456894,0.03848739340901375,0.038249094039201736,0.04531674459576607,0.035813119262456894,0.035813119262456894,0.03723407909274101,0.035813119262456894,0.036810502409935,0.035813119262456894,0.035813119262456894,0.03704741597175598,0.035813119262456894,0.035813119262456894,0.035813119262456894
2015-03-24,0.03738242760300636,0.039536818861961365,0.03556356951594353,0.03556356951594353,0.03556356951594353,0.03556356951594353,0.03556356951594353,0.03556356951594353,0.03556356951594353,0.03556356951594353,0.03933515027165413,0.040887247771024704,0.03556356951594353,0.03917045146226883,0.04017163813114166,0.043925803154706955,0.03556356951594353,0.03556356951594353,0.03705807030200958,0.03556356951594353,0.04010537639260292,0.03556356951594353,0.03556356951594353,0.03784635290503502,0.03556356951594353,0.03556356951594353,0.03556356951594353
2015-03-25,0.03647954761981964,0.04012773558497429,0.0355544239282608,0.0355544239282608,0.0355544239282608,0.03605695813894272,0.0355544239282608,0.0355544239282608,0.0355544239282608,0.0355544239282608,0.04005519673228264,0.04086868464946747,0.0355544239282608,0.03841876983642578,0.040051646530628204,0.04473944008350372,0.0355544239282608,0.0355544239282608,0.03642875701189041,0.0355544239282608,0.04032067582011223,0.0355544239282608,0.0355544239282608,0.037581801414489746,0.0355544239282608,0.0355544239282608,0.0355544239282608
2015-03-26,0.035261932760477066,0.04614419862627983,0.03794832155108452,0.035261932760477066,0.035261932760477066,0.04026730731129646,0.035261932760477066,0.035261932760477066,0.035261932760477066,0.035261932760477066,0.04041214659810066,0.043324343860149384,0.035261932760477066,0.035261932760477066,0.03677378222346306,0.04749705269932747,0.035261932760477066,0.035261932760477066,0.03722202405333519,0.035261932760477066,0.035261932760477066,0.035261932760477066,0.035261932760477066,0.03569602221250534,0.035261932760477066,0.035261932760477066,0.035261932760477066
2015-03-27,0.03613448888063431,0.04209375008940697,0.03613448888063431,0.03613448888063431,0.03613448888063431,0.03613448888063431,0.03613448888063431,0.03613448888063431,0.03613448888063431,0.03613448888063431,0.03613448888063431,0.043430667370557785,0.03613448888063431,0.03613448888063431,0.03613448888063431,0.04559918865561485,0.03613448888063431,0.03613448888063431,0.03722226992249489,0.03613448888063431,0.03613448888063431,0.03613448888063431,0.03613448888063431,0.036375418305397034,0.03613448888063431,0.03645440563559532,0.03613448888063431
2015-03-30,0.03631702810525894,0.03940865397453308,0.03649679571390152,0.03631702810525894,0.03631702810525894,0.03782359138131142,0.03631702810525894,0.03631702810525894,0.03631702810525894,0.03631702810525894,0.03631702810525894,0.03927019238471985,0.03631702810525894,0.03631702810525894,0.03631702810525894,0.042113687843084335,0.03631702810525894,0.03631702810525894,0.03642502427101135,0.03631702810525894,0.03631702810525894,0.03631702810525894,0.03631702810525894,0.03631702810525894,0.03631702810525894,0.04212145134806633,0.03631702810525894
2015-03-31,0.03615069016814232,0.03615069016814232,0.0379396490752697,0.03615069016814232,0.03615069016814232,0.03906092792749405,0.03615069016814232,0.03615069016814232,0.03615069016814232,0.03615069016814232,0.03615069016814232,0.04266246408224106,0.03615069016814232,0.03615069016814232,0.03615069016814232,0.04456008970737457,0.03615069016814232,0.03615069016814232,0.04038744047284126,0.03615069016814232,0.03615069016814232,0.03615069016814232,0.03615069016814232,0.03615069016814232,0.03615069016814232,0.036224979907274246,0.03615069016814232
2015-04-01,0.03671885281801224,0.03671885281801224,0.036983270198106766,0.03671885281801224,0.03671885281801224,0.038140181452035904,0.03671885281801224,0.03671885281801224,0.03671885281801224,0.03671885281801224,0.03813732787966728,0.04218262806534767,0.03671885281801224,0.03671885281801224,0.03671885281801224,0.03671885281801224,0.03671885281801224,0.03671885281801224,0.03674182668328285,0.03671885281801224,0.03671885281801224,0.03671885281801224,0.03671885281801224,0.03671885281801224,0.03671885281801224,0.03671885281801224,0.03671885281801224
2015-04-02,0.0367303304374218,0.0367303304374218,0.03721978887915611,0.0367303304374218,0.0367303304374218,0.03799256682395935,0.0367303304374218,0.0367303304374218,0.0367303304374218,0.0367303304374218,0.03787686303257942,0.0419188067317009,0.0367303304374218,0.0367303304374218,0.0367303304374218,0.0367303304374218,0.0367303304374218,0.0367303304374218,0.036924686282873154,0.0367303304374218,0.0367303304374218,0.0367303304374218,0.0367303304374218,0.0367303304374218,0.0367303304374218,0.0367303304374218,0.0367303304374218
2015-04-06,0.036540787667036057,0.036540787667036057,0.03664665296673775,0.036540787667036057,0.036540787667036057,0.03781302273273468,0.036540787667036057,0.036540787667036057,0.036540787667036057,0.036540787667036057,0.036540787667036057,0.04314702749252319,0.036540787667036057,0.036540787667036057,0.036540787667036057,0.0396384596824646,0.036540787667036057,0.036540787667036057,0.0388575941324234,0.036540787667036057,0.036540787667036057,0.036540787667036057,0.036540787667036057,0.036540787667036057,0.036540787667036057,0.036540787667036057,0.036540787667036057
2015-04-07,0.036671172827482224,0.036671172827482224,0.036671172827482224,0.036671172827482224,0.036671172827482224,0.036671172827482224,0.036671172827482224,0.036671172827482224,0.036671172827482224,0.036671172827482224,0.036671172827482224,0.04520786181092262,0.036671172827482224,0.036671172827482224,0.036671172827482224,0.036671172827482224,0.036671172827482224,0.036671172827482224,0.03723814710974693,0.036671172827482224,0.03744581341743469,0.036671172827482224,0.036671172827482224,0.036671172827482224,0.036671172827482224,0.036671172827482224,0.036671172827482224
2015-04-08,0.03661700710654259,0.03661700710654259,0.03661700710654259,0.03661700710654259,0.03661700710654259,0.03661700710654259,0.03661700710654259,0.03661700710654259,0.03661700710654259,0.03661700710654259,0.03661700710654259,0.0453251451253891,0.03661700710654259,0.03661700710654259,0.03661700710654259,0.037368517369031906,0.03661700710654259,0.03661700710654259,0.03835640475153923,0.03661700710654259,0.03661700710654259,0.03661700710654259,0.036758795380592346,0.03661700710654259,0.03661700710654259,0.03661700710654259,0.03661700710654259
2015-04-09,0.03674066811800003,0.03674066811800003,0.03674066811800003,0.03674066811800003,0.03674066811800003,0.03674066811800003,0.03674066811800003,0.03674066811800003,0.03674066811800003,0.03674066811800003,0.03674066811800003,0.04339700564742088,0.03674066811800003,0.03674066811800003,0.03674066811800003,0.038045939058065414,0.03674066811800003,0.03674066811800003,0.03678106516599655,0.03674066811800003,0.03674066811800003,0.03674066811800003,0.03674066811800003,0.03674066811800003,0.03674066811800003,0.03674066811800003,0.03674066811800003
2015-04-10,0.03634956479072571,0.03650876507163048,0.03634956479072571,0.03634956479072571,0.03634956479072571,0.03634956479072571,0.03634956479072571,0.03634956479072571,0.03634956479072571,0.03634956479072571,0.03634956479072571,0.04449726641178131,0.03634956479072571,0.03634956479072571,0.037560611963272095,0.039703287184238434,0.03634956479072571,0.03634956479072571,0.039289094507694244,0.03634956479072571,0.03634956479072571,0.03634956479072571,0.039100125432014465,0.03634956479072571,0.03634956479072571,0.03634956479072571,0.03634956479072571
2015-04-13,0.03639763966202736,0.03639763966202736,0.03658672422170639,0.03639763966202736,0.03639763966202736,0.03639763966202736,0.03639763966202736,0.03639763966202736,0.03639763966202736,0.03639763966202736,0.03639763966202736,0.04464568942785263,0.03639763966202736,0.03639763966202736,0.03639763966202736,0.03979746997356415,0.03639763966202736,0.03639763966202736,0.040007248520851135,0.03639763966202736,0.03639763966202736,0.03639763966202736,0.038214825093746185,0.03639763966202736,0.03639763966202736,0.03639763966202736,0.03639763966202736
2015-04-14,0.03646862506866455,0.03646862506866455,0.03649064898490906,0.03646862506866455,0.03646862506866455,0.03646862506866455,0.03646862506866455,0.03646862506866455,0.03646862506866455,0.03646862506866455,0.03646862506866455,0.04510721191763878,0.03646862506866455,0.03646862506866455,0.03646862506866455,0.038633935153484344,0.03646862506866455,0.03646862506866455,0.03973069787025452,0.03646862506866455,0.03646862506866455,0.03646862506866455,0.037727657705545425,0.03646862506866455,0.03646862506866455,0.03646862506866455,0.03646862506866455
2015-04-15,0.03636094555258751,0.036426760256290436,0.036819715052843094,0.03636094555258751,0.03636094555258751,0.03636094555258751,0.03636094555258751,0.03636094555258751,0.03636094555258751,0.03636094555258751,0.03636094555258751,0.04826983064413071,0.03636094555258751,0.03636094555258751,0.03636094555258751,0.0384189710021019,0.03636094555258751,0.03636094555258751,0.040123943239450455,0.03636094555258751,0.03636094555258751,0.03636094555258751,0.03636094555258751,0.03636094555258751,0.03636094555258751,0.03636094555258751,0.03636094555258751
2015-04-16,0.03623894974589348,0.03654363751411438,0.036713000386953354,0.03623894974589348,0.03623894974589348,0.03946974128484726,0.03623894974589348,0.03623894974589348,0.03623894974589348,0.03623894974589348,0.03623894974589348,0.04218825697898865,0.03623894974589348,0.03623894974589348,0.03623894974589348,0.03623894974589348,0.03623894974589348,0.03623894974589348,0.04184204712510109,0.03623894974589348,0.03623894974589348,0.03623894974589348,0.03741728514432907,0.03639393672347069,0.03623894974589348,0.040892094373703,0.03623894974589348
2015-04-17,0.03602444380521774,0.03602444380521774,0.03666580468416214,0.03602444380521774,0.03602444380521774,0.03791263327002525,0.03602444380521774,0.03602444380521774,0.0361633338034153,0.03602444380521774,0.03602444380521774,0.048421937972307205,0.03602444380521774,0.03602444380521774,0.03602444380521774,0.03602444380521774,0.03602444380521774,0.03602444380521774,0.04221482574939728,0.03602444380521774,0.03602444380521774,0.03602444380521774,0.03602444380521774,0.03602444380521774,0.03602444380521774,0.042108144611120224,0.03602444380521774
2015-04-20,0.040094178169965744,0.03645370155572891,0.03645370155572891,0.03645370155572891,0.03645370155572891,0.03645370155572891,0.03645370155572891,0.03645370155572891,0.03645370155572891,0.03645370155572891,0.03645370155572891,0.03897856920957565,0.03645370155572891,0.03645370155572891,0.03645370155572891,0.04108429700136185,0.03645370155572891,0.03645370155572891,0.03949928283691406,0.03645370155572891,0.03645370155572891,0.03645370155572891,0.03836223855614662,0.03645370155572891,0.03645370155572891,0.03645370155572891,0.03645370155572891
2015-04-21,0.0452091209590435,0.03618619590997696,0.03618619590997696,0.03618619590997696,0.03618619590997696,0.03839254751801491,0.03618619590997696,0.03618619590997696,0.03618619590997696,0.03618619590997696,0.03618619590997696,0.038843315094709396,0.03618619590997696,0.03938290849328041,0.03618619590997696,0.038216497749090195,0.03618619590997696,0.03618619590997696,0.03819945082068443,0.03618619590997696,0.038032229989767075,0.03618619590997696,0.03618619590997696,0.03618619590997696,0.03618619590997696,0.03618619590997696,0.03618619590997696
2015-04-22,0.04693368077278137,0.03923673927783966,0.03674454241991043,0.03588502109050751,0.03588502109050751,0.03588502109050751,0.03588502109050751,0.03588502109050751,0.03588502109050751,0.03588502109050751,0.03588502109050751,0.04011496901512146,0.03588502109050751,0.03678404167294502,0.03588502109050751,0.04304586723446846,0.03588502109050751,0.03588502109050751,0.03943975642323494,0.03588502109050751,0.03588502109050751,0.03588502109050751,0.03588502109050751,0.03588502109050751,0.03588502109050751,0.03588502109050751,0.03588502109050751
2015-04-23,0.044647254049777985,0.03633943945169449,0.03578757494688034,0.03578757494688034,0.03578757494688034,0.03578757494688034,0.03578757494688034,0.03578757494688034,0.03578757494688034,0.03706319257616997,0.04962248355150223,0.03578757494688034,0.03578757494688034,0.03578757494688034,0.03762023523449898,0.03578757494688034,0.03578757494688034,0.03578757494688034,0.03578757494688034,0.03578757494688034,0.043168313801288605,0.03578757494688034,0.03578757494688034,0.03578757494688034,0.03578757494688034,0.03578757494688034,0.03578757494688034
2015-04-24,0.04341933876276016,0.03620016202330589,0.03620016202330589,0.03620016202330589,0.03620016202330589,0.03620016202330589,0.03620016202330589,0.03620016202330589,0.03620016202330589,0.037819381803274155,0.04169374704360962,0.03620016202330589,0.03659433871507645,0.03620016202330589,0.03620016202330589,0.03620016202330589,0.03620016202330589,0.03620016202330589,0.03620016202330589,0.03620016202330589,0.044069625437259674,0.03620016202330589,0.03620016202330589,0.03620016202330589,0.03620016202330589,0.03620016202330589,0.03620016202330589
2015-04-27,0.048614222556352615,0.03559936210513115,0.03559936210513115,0.03559936210513115,0.03559936210513115,0.03559936210513115,0.03559936210513115,0.03559936210513115,0.03559936210513115,0.03559936210513115,0.044021543115377426,0.03559936210513115,0.03559936210513115,0.03590146079659462,0.03806038200855255,0.04001374915242195,0.03559936210513115,0.03559936210513115,0.03559936210513115,0.03559936210513115,0.04530920833349228,0.03559936210513115,0.03559936210513115,0.03559936210513115,0.03559936210513115,0.03559936210513115,0.03609216958284378
2015-04-28,0.046092286705970764,0.036074452102184296,0.036074452102184296,0.036074452102184296,0.036074452102184296,0.036074452102184296,0.036074452102184296,0.036074452102184296,0.036074452102184296,0.036074452102184296,0.03925330191850662,0.036074452102184296,0.036074452102184296,0.036074452102184296,0.03729584440588951,0.03988740220665932,0.036074452102184296,0.036074452102184296,0.036074452102184296,0.036074452102184296,0.04383324459195137,0.036074452102184296,0.036074452102184296,0.036074452102184296,0.036074452102184296,0.036074452102184296,0.036074452102184296
2015-04-29,0.040670085698366165,0.03656512871384621,0.03626000136137009,0.03626000136137009,0.03626000136137009,0.04081643000245094,0.03626000136137009,0.03626000136137009,0.03626000136137009,0.03626000136137009,0.03626000136137009,0.03742526099085808,0.03626000136137009,0.03626000136137009,0.03677704557776451,0.04020587354898453,0.03626000136137009,0.03626000136137009,0.03626000136137009,0.03626000136137009,0.041570331901311874,0.03626000136137009,0.03626000136137009,0.03626000136137009,0.03626000136137009,0.0367751270532608,0.03651467338204384
2015-04-30,0.03668246790766716,0.03802672028541565,0.03630402684211731,0.03630402684211731,0.03630402684211731,0.03630402684211731,0.03630402684211731,0.03630402684211731,0.03630402684211731,0.03630402684211731,0.04107850044965744,0.03864624723792076,0.03630402684211731,0.03630402684211731,0.03630402684211731,0.03630402684211731,0.03630402684211731,0.03630402684211731,0.03630402684211731,0.03630402684211731,0.04687746986746788,0.03630402684211731,0.03630402684211731,0.03630402684211731,0.03630402684211731,0.03630402684211731,0.03630402684211731
2015-05-01,0.03675360977649689,0.03675360977649689,0.03675360977649689,0.03675360977649689,0.03675360977649689,0.03675360977649689,0.03675360977649689,0.03675360977649689,0.03675360977649689,0.03675360977649689,0.03675360977649689,0.03897618129849434,0.03675360977649689,0.03675360977649689,0.03675360977649689,0.03675360977649689,0.03675360977649689,0.03675360977649689,0.03675360977649689,0.03675360977649689,0.04204951971769333,0.03675360977649689,0.03688763454556465,0.03675360977649689,0.03675360977649689,0.03675360977649689,0.03675360977649689
2015-05-04,0.03644927218556404,0.03644927218556404,0.03644927218556404,0.03644927218556404,0.03644927218556404,0.03777293115854263,0.03644927218556404,0.03644927218556404,0.03644927218556404,0.03644927218556404,0.037681952118873596,0.03932785615324974,0.03644927218556404,0.03644927218556404,0.03644927218556404,0.03644927218556404,0.03644927218556404,0.03644927218556404,0.03644927218556404,0.03644927218556404,0.0468839555978775,0.03644927218556404,0.03644927218556404,0.03644927218556404,0.03644927218556404,0.03644927218556404,0.03644927218556404
2015-05-05,0.0362558476626873,0.0362558476626873,0.0362558476626873,0.0362558476626873,0.036919258534908295,0.04133940115571022,0.0362558476626873,0.0362558476626873,0.0362558476626873,0.0362558476626873,0.03690085560083389,0.041201151907444,0.0362558476626873,0.0362558476626873,0.0362558476626873,0.0362558476626873,0.0362558476626873,0.036278869956731796,0.0362558476626873,0.0362558476626873,0.043993063271045685,0.0362558476626873,0.0362558476626873,0.0362558476626873,0.0362558476626873,0.037379272282123566,0.03712702915072441
2015-05-06,0.036599285900592804,0.036599285900592804,0.036599285900592804,0.036599285900592804,0.036599285900592804,0.036599285900592804,0.036599285900592804,0.036599285900592804,0.036599285900592804,0.036599285900592804,0.036599285900592804,0.037536270916461945,0.036599285900592804,0.036599285900592804,0.036599285900592804,0.036599285900592804,0.036599285900592804,0.036599285900592804,0.036599285900592804,0.036599285900592804,0.04748159274458885,0.036599285900592804,0.036599285900592804,0.036599285900592804,0.036599285900592804,0.036599285900592804,0.036599285900592804
2015-05-07,0.03667415678501129,0.03667415678501129,0.03667415678501129,0.03667415678501129,0.03667415678501129,0.03667415678501129,0.03667415678501129,0.03667415678501129,0.038044437766075134,0.0378568135201931,0.03667415678501129,0.03667415678501129,0.03667415678501129,0.03667415678501129,0.03667415678501129,0.03667415678501129,0.03667415678501129,0.03667415678501129,0.03667415678501129,0.03667415678501129,0.04262937977910042,0.03667415678501129,0.03667415678501129,0.03667415678501129,0.03667415678501129,0.037963759154081345,0.03667415678501129
2015-05-08,0.03684847056865692,0.03684847056865692,0.03684847056865692,0.03684847056865692,0.03684847056865692,0.03684847056865692,0.03684847056865692,0.03684847056865692,0.03707640990614891,0.03684847056865692,0.03684847056865692,0.03941133990883827,0.03684847056865692,0.03684847056865692,0.03684847056865692,0.03684847056865692,0.03684847056865692,0.03684847056865692,0.03684847056865692,0.03684847056865692,0.03786739706993103,0.03684847056865692,0.03684847056865692,0.03684847056865692,0.03684847056865692,0.038130003958940506,0.03684847056865692
2015-05-11,0.0361761748790741,0.037049103528261185,0.0361761748790741,0.0361761748790741,0.036420851945877075,0.04278498888015747,0.0361761748790741,0.0361761748790741,0.0361761748790741,0.03639860078692436,0.04122820869088173,0.04049167409539223,0.0361761748790741,0.0361761748790741,0.0361761748790741,0.0361761748790741,0.0361761748790741,0.0361761748790741,0.0361761748790741,0.0361761748790741,0.04210307076573372,0.0361761748790741,0.0361761748790741,0.0361761748790741,0.0361761748790741,0.0361761748790741,0.0361761748790741
2015-05-12,0.03655102103948593,0.03740347549319267,0.03655102103948593,0.03655102103948593,0.03655102103948593,0.03998049721121788,0.03655102103948593,0.03655102103948593,0.03655102103948593,0.04163883998990059,0.038709606975317,0.036789100617170334,0.03655102103948593,0.03655102103948593,0.03655102103948593,0.03655102103948593,0.03655102103948593,0.03655102103948593,0.03655102103948593,0.03655102103948593,0.036904022097587585,0.03655102103948593,0.0375540629029274,0.03655102103948593,0.03655102103948593,0.03655102103948593,0.03655102103948593
2015-05-13,0.036273155361413956,0.03865565359592438,0.036273155361413956,0.036273155361413956,0.036273155361413956,0.040609896183013916,0.036273155361413956,0.036273155361413956,0.036273155361413956,0.03897532448172569,0.03634176030755043,0.040053583681583405,0.036273155361413956,0.036273155361413956,0.03664794936776161,0.03818720206618309,0.036273155361413956,0.036273155361413956,0.03696737810969353,0.036273155361413956,0.036273155361413956,0.036273155361413956,0.04064449667930603,0.036273155361413956,0.036273155361413956,0.036273155361413956,0.036273155361413956
2015-05-14,0.036116570234298706,0.036116570234298706,0.036116570234298706,0.036116570234298706,0.036116570234298706,0.036116570234298706,0.036116570234298706,0.036116570234298706,0.036116570234298706,0.04247468337416649,0.03734106197953224,0.036116570234298706,0.036116570234298706,0.036116570234298706,0.039773643016815186,0.036116570234298706,0.036116570234298706,0.036116570234298706,0.03855856508016586,0.036116570234298706,0.03906486555933952,0.036116570234298706,0.044339198619127274,0.036116570234298706,0.036116570234298706,0.036116570234298706,0.036116570234298706
2015-05-15,0.036615680903196335,0.03571486845612526,0.03571486845612526,0.0372687503695488,0.04131549969315529,0.03571486845612526,0.03571486845612526,0.03571486845612526,0.03571486845612526,0.04035148397088051,0.03796356916427612,0.03941185399889946,0.03571486845612526,0.03725053742527962,0.04068442061543465,0.03571486845612526,0.03571486845612526,0.038612570613622665,0.038851361721754074,0.03640267252922058,0.03826958313584328,0.03571486845612526,0.03657258301973343,0.03571486845612526,0.036136139184236526,0.03571486845612526,0.03571486845612526
2015-05-18,0.03565491363406181,0.035354238003492355,0.035354238003492355,0.03714015334844589,0.040325213223695755,0.035354238003492355,0.035354238003492355,0.035354238003492355,0.035354238003492355,0.04355138540267944,0.04454447701573372,0.035354238003492355,0.0381314679980278,0.035354238003492355,0.04102437570691109,0.035354238003492355,0.035354238003492355,0.035354238003492355,0.035354238003492355,0.035354238003492355,0.04028073325753212,0.035354238003492355,0.04297095537185669,0.035354238003492355,0.035354238003492355,0.035354238003492355,0.035354238003492355
2015-05-19,0.03749071806669235,0.03530343994498253,0.03530343994498253,0.03744262456893921,0.040270742028951645,0.03530343994498253,0.03530343994498253,0.03530343994498253,0.03530343994498253,0.049991458654403687,0.0406070277094841,0.03530343994498253,0.03865803778171539,0.03639029338955879,0.03543515503406525,0.03530343994498253,0.03530343994498253,0.03530343994498253,0.03530343994498253,0.03970557823777199,0.04013635963201523,0.03530343994498253,0.039016950875520706,0.03530343994498253,0.03530343994498253,0.03530343994498253,0.03530343994498253
2015-05-20,0.037073202431201935,0.035108499228954315,0.035108499228954315,0.03606196492910385,0.04018697515130043,0.035108499228954315,0.035108499228954315,0.035108499228954315,0.035108499228954315,0.0431264229118824,0.04430745169520378,0.03551348298788071,0.03544235602021217,0.03513858839869499,0.04540179297327995,0.035108499228954315,0.035108499228954315,0.035108499228954315,0.036749064922332764,0.035108499228954315,0.03806956112384796,0.036160849034786224,0.04397301748394966,0.035108499228954315,0.03638473525643349,0.035108499228954315,0.035108499228954315
2015-05-21,0.03648793697357178,0.03549203276634216,0.03549203276634216,0.03664158657193184,0.03947346657514572,0.03549203276634216,0.03549203276634216,0.03549203276634216,0.037059735506772995,0.045340895652770996,0.04155287519097328,0.03549203276634216,0.03567346930503845,0.03549203276634216,0.04116581752896309,0.03549203276634216,0.03549203276634216,0.03549203276634216,0.03581279143691063,0.03549203276634216,0.03741281107068062,0.03549203276634216,0.04311606287956238,0.03549203276634216,0.03549203276634216,0.03549203276634216,0.03788210451602936
2015-05-22,0.03680763021111488,0.035908494144678116,0.03569565713405609,0.03569565713405609,0.03583884611725807,0.03569565713405609,0.03569565713405609,0.03569565713405609,0.035868484526872635,0.042304832488298416,0.045563481748104095,0.03684135153889656,0.03569565713405609,0.03569565713405609,0.04170646145939827,0.03569565713405609,0.03569565713405609,0.03569565713405609,0.03623208776116371,0.03569565713405609,0.03806018829345703,0.03569565713405609,0.04373765364289284,0.03569565713405609,0.03569565713405609,0.03569565713405609,0.03569565713405609
2015-05-26,0.035350579768419266,0.035350579768419266,0.035350579768419266,0.035350579768419266,0.03730586916208267,0.035350579768419266,0.035350579768419266,0.035350579768419266,0.03849209100008011,0.04244392737746239,0.04312282055616379,0.035350579768419266,0.035350579768419266,0.035350579768419266,0.041131507605314255,0.035350579768419266,0.035350579768419266,0.035350579768419266,0.036750540137290955,0.035350579768419266,0.04059596732258797,0.035350579768419266,0.046506207436323166,0.035350579768419266,0.03734061121940613,0.035350579768419266,0.035350579768419266
2015-05-27,0.03539638966321945,0.0386187881231308,0.03602304309606552,0.03539638966321945,0.03539638966321945,0.03629681095480919,0.03539638966321945,0.03539638966321945,0.03539638966321945,0.03539638966321945,0.043916743248701096,0.04112639278173447,0.03539638966321945,0.03539638966321945,0.04400491341948509,0.043369024991989136,0.03539638966321945,0.03539638966321945,0.037990398705005646,0.03539638966321945,0.03786130249500275,0.03539638966321945,0.037687525153160095,0.03539638966321945,0.035605281591415405,0.03655388951301575,0.03539638966321945
2015-05-28,0.03730844706296921,0.03556877747178078,0.03556877747178078,0.03556877747178078,0.03582698851823807,0.03556877747178078,0.03556877747178078,0.03556877747178078,0.0407051146030426,0.03556877747178078,0.04020509496331215,0.03703810274600983,0.03556877747178078,0.03556877747178078,0.04146517440676689,0.04051482304930687,0.03556877747178078,0.03556877747178078,0.038878608494997025,0.03556877747178078,0.03744741529226303,0.03556877747178078,0.041361767798662186,0.03556877747178078,0.036247458308935165,0.039469342678785324,0.03556877747178078
2015-05-29,0.03564111888408661,0.03564111888408661,0.03564111888408661,0.03564111888408661,0.03564111888408661,0.03564111888408661,0.03564111888408661,0.03564111888408661,0.04520862549543381,0.03564111888408661,0.046818193048238754,0.03564111888408661,0.03564111888408661,0.03564111888408661,0.04026123508810997,0.039256252348423004,0.03564111888408661,0.03564111888408661,0.03564111888408661,0.03564111888408661,0.03954456374049187,0.03564111888408661,0.039548493921756744,0.03564111888408661,0.036150746047496796,0.036030568182468414,0.03564111888408661
2015-06-01,0.03571322187781334,0.03665725514292717,0.03571322187781334,0.03571322187781334,0.03571322187781334,0.03571322187781334,0.03571322187781334,0.03571322187781334,0.04101024195551872,0.03571322187781334,0.04811470955610275,0.036363136023283005,0.03571322187781334,0.03571322187781334,0.04212983697652817,0.03803802654147148,0.03571322187781334,0.03571322187781334,0.03571322187781334,0.03571322187781334,0.03948799520730972,0.03571322187781334,0.039065148681402206,0.03571322187781334,0.03629563748836517,0.03571322187781334,0.03571322187781334
2015-06-02,0.03629503771662712,0.03629503771662712,0.03629503771662712,0.03629503771662712,0.03629503771662712,0.03629503771662712,0.03629503771662712,0.03629503771662712,0.04071929678320885,0.03629503771662712,0.037014201283454895,0.04054822027683258,0.03629503771662712,0.03629503771662712,0.03839658573269844,0.040394481271505356,0.03629503771662712,0.03629503771662712,0.037776339799165726,0.03629503771662712,0.03629503771662712,0.03629503771662712,0.0386677160859108,0.03629503771662712,0.03629503771662712,0.036877479404211044,0.03629503771662712
2015-06-03,0.03624411299824715,0.040807582437992096,0.036835238337516785,0.03624411299824715,0.03624411299824715,0.03624411299824715,0.03624411299824715,0.03624411299824715,0.03624411299824715,0.03776225820183754,0.03624411299824715,0.03758129104971886,0.03624411299824715,0.03624411299824715,0.03624411299824715,0.042375240474939346,0.03624411299824715,0.03624411299824715,0.03845055028796196,0.03624411299824715,0.03624411299824715,0.03624411299824715,0.03624411299824715,0.03624411299824715,0.03831716254353523,0.03923249989748001,0.03624411299824715
2015-06-04,0.03612135350704193,0.04120680317282677,0.038062937557697296,0.03612135350704193,0.03612135350704193,0.03612135350704193,0.03612135350704193,0.03612135350704193,0.03612135350704193,0.039030298590660095,0.03657430410385132,0.036502182483673096,0.03612135350704193,0.03612135350704193,0.03612135350704193,0.043473366647958755,0.03612135350704193,0.03612135350704193,0.037609927356243134,0.03612135350704193,0.03612135350704193,0.03612135350704193,0.03612135350704193,0.03612135350704193,0.04123447835445404,0.03612135350704193,0.03612135350704193
2015-06-05,0.03592447191476822,0.04338882118463516,0.0374637246131897,0.03592447191476822,0.03592447191476822,0.03605654090642929,0.03592447191476822,0.03592447191476822,0.03592447191476822,0.04229838028550148,0.03890347480773926,0.03592447191476822,0.03592447191476822,0.03592447191476822,0.03592447191476822,0.04012299329042435,0.03592447191476822,0.03592447191476822,0.03640994429588318,0.03592447191476822,0.03592447191476822,0.03592447191476822,0.04105937108397484,0.03592447191476822,0.03763357922434807,0.035947173833847046,0.03592447191476822
2015-06-08,0.036359917372465134,0.03664254769682884,0.03687411546707153,0.036359917372465134,0.036359917372465134,0.0407300628721714,0.036359917372465134,0.036359917372465134,0.036359917372465134,0.04281897470355034,0.036359917372465134,0.03664569929242134,0.036359917372465134,0.036359917372465134,0.036359917372465134,0.036359917372465134,0.036359917372465134,0.036359917372465134,0.036359917372465134,0.036359917372465134,0.036359917372465134,0.036359917372465134,0.04141814634203911,0.036359917372465134,0.036359917372465134,0.037672121077775955,0.036359917372465134
2015-06-09,0.03623688593506813,0.03865344077348709,0.03747943416237831,0.03623688593506813,0.03623688593506813,0.03826557844877243,0.03623688593506813,0.03623688593506813,0.03623688593506813,0.03623688593506813,0.03623688593506813,0.039768531918525696,0.03623688593506813,0.03623688593506813,0.03623688593506813,0.043135866522789,0.03623688593506813,0.03623688593506813,0.03623688593506813,0.03623688593506813,0.03623688593506813,0.03623688593506813,0.03623688593506813,0.03623688593506813,0.03623688593506813,0.04172257333993912,0.03623688593506813
2015-06-10,0.036305222660303116,0.03865845128893852,0.038013018667697906,0.036305222660303116,0.036305222660303116,0.03696208447217941,0.036305222660303116,0.036305222660303116,0.036305222660303116,0.036305222660303116,0.036305222660303116,0.040908437222242355,0.036305222660303116,0.036305222660303116,0.036305222660303116,0.042487699538469315,0.036305222660303116,0.036305222660303116,0.038928937166929245,0.036305222660303116,0.036305222660303116,0.036305222660303116,0.036305222660303116,0.036305222660303116,0.036305222660303116,0.03793685510754585,0.036305222660303116
2015-06-11,0.0361165888607502,0.03965355083346367,0.03675552085042,0.0361165888607502,0.0361165888607502,0.0361165888607502,0.0361165888607502,0.0361165888607502,0.0361165888607502,0.0361165888607502,0.0361165888607502,0.043151531368494034,0.0361165888607502,0.0361165888607502,0.0361165888607502,0.041100796312093735,0.0361165888607502,0.0361165888607502,0.04050397127866745,0.0361165888607502,0.0361165888607502,0.0361165888607502,0.03948841989040375,0.0361165888607502,0.0361165888607502,0.03701435774564743,0.0361165888607502
2015-06-12,0.036132536828517914,0.042469337582588196,0.0373159795999527,0.036132536828517914,0.036132536828517914,0.036585498601198196,0.036132536828517914,0.036132536828517914,0.036132536828517914,0.038479339331388474,0.036132536828517914,0.03891003876924515,0.036132536828517914,0.036132536828517914,0.036132536828517914,0.04204859957098961,0.036132536828517914,0.036132536828517914,0.039834365248680115,0.036132536828517914,0.036132536828517914,0.036132536828517914,0.037284910678863525,0.036132536828517914,0.036132536828517914,0.03668632730841637,0.036132536828517914
2015-06-15,0.036288563162088394,0.038811903446912766,0.03799279406666756,0.036288563162088394,0.036288563162088394,0.03709787875413895,0.036288563162088394,0.036288563162088394,0.036288563162088394,0.036288563162088394,0.036288563162088394,0.04099135473370552,0.036288563162088394,0.036288563162088394,0.036288563162088394,0.04242275282740593,0.036288563162088394,0.036288563162088394,0.03903646767139435,0.036288563162088394,0.036288563162088394,0.036288563162088394,0.036288563162088394,0.036288563162088394,0.036288563162088394,0.037875689566135406,0.036288563162088394
2015-06-16,0.03617888316512108,0.03897736966609955,0.039360858500003815,0.03617888316512108,0.03617888316512108,0.038038257509469986,0.03639908879995346,0.03617888316512108,0.03617888316512108,0.03664461150765419,0.03617888316512108,0.0410076342523098,0.03617888316512108,0.03617888316512108,0.03617888316512108,0.04161453619599342,0.03617888316512108,0.03617888316512108,0.039497386664152145,0.03617888316512108,0.03617888316512108,0.03617888316512108,0.03617888316512108,0.03617888316512108,0.03704245388507843,0.03637685999274254,0.03617888316512108
2015-06-17,0.03600257635116577,0.04126061871647835,0.04015827178955078,0.03600257635116577,0.03600257635116577,0.03642475605010986,0.036417052149772644,0.03600257635116577,0.03600257635116577,0.03788182884454727,0.03600257635116577,0.03906354308128357,0.03600257635116577,0.03600257635116577,0.03600257635116577,0.042735498398542404,0.03600257635116577,0.03600257635116577,0.03979644179344177,0.03600257635116577,0.03600257635116577,0.03600257635116577,0.03600257635116577,0.03600257635116577,0.03800081089138985,0.03621735796332359,0.03600257635116577
2015-06-18,0.036233436316251755,0.036233436316251755,0.03750733658671379,0.036233436316251755,0.036233436316251755,0.036233436316251755,0.036233436316251755,0.036233436316251755,0.036233436316251755,0.044568877667188644,0.03665253892540932,0.036233436316251755,0.036233436316251755,0.036233436316251755,0.036233436316251755,0.036233436316251755,0.036233436316251755,0.036233436316251755,0.036233436316251755,0.037160228937864304,0.03880786523222923,0.03651932626962662,0.036233436316251755,0.036233436316251755,0.04411516338586807,0.036233436316251755,0.036233436316251755
2015-06-19,0.03694894164800644,0.03694894164800644,0.03694894164800644,0.03694894164800644,0.03694894164800644,0.03694894164800644,0.03694894164800644,0.03694894164800644,0.03694894164800644,0.03694894164800644,0.03694894164800644,0.03790553659200668,0.03694894164800644,0.03694894164800644,0.03694894164800644,0.03711109608411789,0.03694894164800644,0.03694894164800644,0.03694894164800644,0.03694894164800644,0.03694894164800644,0.03694894164800644,0.03694894164800644,0.03694894164800644,0.038208842277526855,0.03694894164800644,0.03694894164800644
2015-06-22,0.03692063316702843,0.03692063316702843,0.03692063316702843,0.03692063316702843,0.03692063316702843,0.03692063316702843,0.03692063316702843,0.03692063316702843,0.03692063316702843,0.03696437180042267,0.03692063316702843,0.03904608264565468,0.03692063316702843,0.03692063316702843,0.03692063316702843,0.037310149520635605,0.03692063316702843,0.03692063316702843,0.03692063316702843,0.03692063316702843,0.03692063316702843,0.03692063316702843,0.03692063316702843,0.03692063316702843,0.0375048965215683,0.03692063316702843,0.03692063316702843
2015-06-23,0.03664397448301315,0.03664397448301315,0.03664397448301315,0.03664397448301315,0.037755005061626434,0.03664397448301315,0.03664397448301315,0.03664397448301315,0.03664397448301315,0.03896486386656761,0.03664397448301315,0.03664397448301315,0.03664397448301315,0.03664397448301315,0.03664397448301315,0.03664397448301315,0.03664397448301315,0.03664397448301315,0.03664397448301315,0.04101961478590965,0.03815416991710663,0.03664397448301315,0.03664397448301315,0.03664397448301315,0.03793895244598389,0.03664397448301315,0.03664397448301315
2015-06-24,0.036740493029356,0.036740493029356,0.038599830120801926,0.036740493029356,0.036740493029356,0.036740493029356,0.036740493029356,0.036740493029356,0.036740493029356,0.036936935037374496,0.036740493029356,0.04071397706866264,0.036740493029356,0.036740493029356,0.036740493029356,0.03782343864440918,0.036740493029356,0.036740493029356,0.036740493029356,0.037034232169389725,0.036740493029356,0.036740493029356,0.036740493029356,0.036740493029356,0.037341173738241196,0.036740493029356,0.036740493029356
2015-06-25,0.03617055341601372,0.04192271828651428,0.03860921785235405,0.03617055341601372,0.03617055341601372,0.03984210267663002,0.03617055341601372,0.03617055341601372,0.03617055341601372,0.03671073913574219,0.03617055341601372,0.03752995282411575,0.03617055341601372,0.03617055341601372,0.03617055341601372,0.04261370748281479,0.03617055341601372,0.03617055341601372,0.038431841880083084,0.03617055341601372,0.03617055341601372,0.03617055341601372,0.0363382063806057,0.03617055341601372,0.03617055341601372,0.036931540817022324,0.03617055341601372
2015-06-26,0.03634713590145111,0.04202086105942726,0.03711846098303795,0.03634713590145111,0.03634713590145111,0.03634713590145111,0.03634713590145111,0.03634713590145111,0.03634713590145111,0.03787063807249069,0.03634713590145111,0.03726525604724884,0.03634713590145111,0.03634713590145111,0.03634713590145111,0.04222343489527702,0.03634713590145111,0.03634713590145111,0.03737020865082741,0.03634713590145111,0.03634713590145111,0.03634713590145111,0.03634713590145111,0.03634713590145111,0.03777393698692322,0.03776158392429352,0.03634713590145111
2015-06-29,0.035984206944704056,0.040755994617938995,0.03683830425143242,0.035984206944704056,0.035984206944704056,0.039165619760751724,0.035984206944704056,0.035984206944704056,0.035984206944704056,0.035984206944704056,0.035984206944704056,0.0400829017162323,0.035984206944704056,0.035984206944704056,0.035984206944704056,0.04485439136624336,0.035984206944704056,0.035984206944704056,0.03879315406084061,0.035984206944704056,0.035984206944704056,0.035984206944704056,0.03712111711502075,0.035984206944704056,0.035984206944704056,0.0386885404586792,0.035984206944704056
2015-06-30,0.03626196086406708,0.03990752995014191,0.03723694384098053,0.03626196086406708,0.03626196086406708,0.03929160162806511,0.03626196086406708,0.03626196086406708,0.03626196086406708,0.038471344858407974,0.03626196086406708,0.03948400169610977,0.03626196086406708,0.03626196086406708,0.03626196086406708,0.040202733129262924,0.03626196086406708,0.03626196086406708,0.03626196086406708,0.03626196086406708,0.03626196086406708,0.03626196086406708,0.03703940287232399,0.03626196086406708,0.03626196086406708,0.03938912972807884,0.03626196086406708
2015-07-01,0.03635174781084061,0.039585936814546585,0.03845885023474693,0.03635174781084061,0.03635174781084061,0.03742918744683266,0.03635174781084061,0.03635174781084061,0.03635174781084061,0.036926958709955215,0.03635174781084061,0.04047320410609245,0.03635174781084061,0.03635174781084061,0.03635174781084061,0.040628913789987564,0.03635174781084061,0.03635174781084061,0.03707288205623627,0.03635174781084061,0.03635174781084061,0.03635174781084061,0.03635174781084061,0.03635174781084061,0.03635174781084061,0.0387408584356308,0.03635174781084061
2015-07-02,0.036484960466623306,0.03755757585167885,0.03686457499861717,0.036484960466623306,0.036484960466623306,0.036484960466623306,0.036484960466623306,0.036484960466623306,0.037647757679224014,0.03919844329357147,0.036484960466623306,0.03732927516102791,0.036484960466623306,0.036484960466623306,0.036484960466623306,0.03981554135680199,0.036484960466623306,0.036484960466623306,0.036484960466623306,0.036484960466623306,0.036484960466623306,0.036484960466623306,0.036484960466623306,0.036484960466623306,0.03883376717567444,0.03953885659575462,0.036484960466623306
2015-07-06,0.03648504987359047,0.038206588476896286,0.037902284413576126,0.03648504987359047,0.03648504987359047,0.03648504987359047,0.03648504987359047,0.03648504987359047,0.037239156663417816,0.03697611391544342,0.03648504987359047,0.03901928290724754,0.03648504987359047,0.03648504987359047,0.03648504987359047,0.038563527166843414,0.03648504987359047,0.03648504987359047,0.03648504987359047,0.03648504987359047,0.03648504987359047,0.03648504987359047,0.03648504987359047,0.03648504987359047,0.03648504987359047,0.04239199310541153,0.03648504987359047
2015-07-07,0.03654039278626442,0.03757469356060028,0.038052622228860855,0.03654039278626442,0.03654039278626442,0.03654039278626442,0.03654039278626442,0.03654039278626442,0.03654039278626442,0.03929515928030014,0.03654039278626442,0.039063673466444016,0.03654039278626442,0.03654039278626442,0.03654039278626442,0.04070379212498665,0.03654039278626442,0.03654039278626442,0.03654039278626442,0.03654039278626442,0.03654039278626442,0.03654039278626442,0.03654039278626442,0.03654039278626442,0.03767123073339462,0.03683095425367355,0.03654039278626442
2015-07-08,0.03637586161494255,0.04383575916290283,0.03857862576842308,0.03637586161494255,0.03637586161494255,0.03637586161494255,0.03637586161494255,0.03637586161494255,0.03637586161494255,0.03905811533331871,0.03637586161494255,0.03661303594708443,0.03637586161494255,0.03637586161494255,0.03637586161494255,0.03693419322371483,0.03637586161494255,0.03637586161494255,0.03637586161494255,0.03691311925649643,0.03637586161494255,0.03637586161494255,0.03637586161494255,0.03637586161494255,0.040550004690885544,0.03637586161494255,0.03637586161494255
2015-07-09,0.03615926578640938,0.044558096677064896,0.03942830488085747,0.03615926578640938,0.03615926578640938,0.03615926578640938,0.03615926578640938,0.03615926578640938,0.03683746978640556,0.03615926578640938,0.03615926578640938,0.03928307816386223,0.03615926578640938,0.03615926578640938,0.03615926578640938,0.03818083927035332,0.03615926578640938,0.03615926578640938,0.03615926578640938,0.03615926578640938,0.03615926578640938,0.03615926578640938,0.03615926578640938,0.03615926578640938,0.039749667048454285,0.0387771911919117,0.03615926578640938
2015-07-10,0.03604981675744057,0.04245617985725403,0.040435101836919785,0.03604981675744057,0.03604981675744057,0.03604981675744057,0.03604981675744057,0.03604981675744057,0.036401137709617615,0.03604981675744057,0.03604981675744057,0.043099284172058105,0.03604981675744057,0.03604981675744057,0.03604981675744057,0.03838522359728813,0.03604981675744057,0.03604981675744057,0.03604981675744057,0.03604981675744057,0.03704891726374626,0.03604981675744057,0.03604981675744057,0.03642981871962547,0.03987565264105797,0.03697193041443825,0.03604981675744057
2015-07-13,0.03674297034740448,0.03897511214017868,0.038663722574710846,0.03674297034740448,0.03674297034740448,0.03674297034740448,0.03674297034740448,0.03674297034740448,0.03674297034740448,0.03674297034740448,0.03674297034740448,0.0395195335149765,0.03674297034740448,0.03674297034740448,0.03674297034740448,0.03746498376131058,0.03674297034740448,0.03674297034740448,0.03674297034740448,0.03674297034740448,0.03703136369585991,0.03674297034740448,0.03674297034740448,0.03674297034740448,0.03674297034740448,0.03674297034740448,0.03674297034740448
2015-07-14,0.03655381128191948,0.03943219408392906,0.03655381128191948,0.03655381128191948,0.03655381128191948,0.03698054328560829,0.03655381128191948,0.03655381128191948,0.03655381128191948,0.03667536750435829,0.04201368987560272,0.03655381128191948,0.03655381128191948,0.03655381128191948,0.03655381128191948,0.03734606131911278,0.03655381128191948,0.03655381128191948,0.03655381128191948,0.0369274877011776,0.038343265652656555,0.03655381128191948,0.03655381128191948,0.03655381128191948,0.03775899112224579,0.03655381128191948,0.03655381128191948
2015-07-15,0.03617686778306961,0.03617686778306961,0.03617686778306961,0.03617686778306961,0.03732641786336899,0.03617686778306961,0.03617686778306961,0.03617686778306961,0.03617686778306961,0.04009734094142914,0.039384324103593826,0.03617686778306961,0.03617686778306961,0.038129452615976334,0.03617686778306961,0.03617686778306961,0.03617686778306961,0.03617686778306961,0.03617686778306961,0.04372972249984741,0.03930285945534706,0.03617686778306961,0.03617686778306961,0.03617686778306961,0.038492534309625626,0.03617686778306961,0.03617686778306961
2015-07-16,0.0359870120882988,0.0359870120882988,0.0359870120882988,0.0359870120882988,0.037859801203012466,0.0359870120882988,0.0359870120882988,0.0359870120882988,0.0359870120882988,0.04153373837471008,0.03847309947013855,0.0359870120882988,0.0359870120882988,0.03853940963745117,0.0359870120882988,0.0359870120882988,0.0359870120882988,0.0359870120882988,0.0359870120882988,0.046518921852111816,0.03900685906410217,0.0359870120882988,0.0359870120882988,0.0359870120882988,0.03832792863249779,0.0359870120882988,0.0359870120882988
2015-07-17,0.03836948424577713,0.03612925112247467,0.03612925112247467,0.03612925112247467,0.03612925112247467,0.03612925112247467,0.03612925112247467,0.03612925112247467,0.03612925112247467,0.0372697152197361,0.03612925112247467,0.03612925112247467,0.03612925112247467,0.03945258632302284,0.03612925112247467,0.037906624376773834,0.03612925112247467,0.03612925112247467,0.03612925112247467,0.04563486948609352,0.04047292470932007,0.03612925112247467,0.03612925112247467,0.03612925112247467,0.0383087582886219,0.03612925112247467,0.03612925112247467
2015-07-20,0.03824833035469055,0.03617801144719124,0.03617801144719124,0.03617801144719124,0.03617801144719124,0.03617801144719124,0.03617801144719124,0.03617801144719124,0.03617801144719124,0.03785133734345436,0.03617801144719124,0.03617801144719124,0.03617801144719124,0.03888542205095291,0.03617801144719124,0.038295354694128036,0.03617801144719124,0.03617801144719124,0.03617801144719124,0.044075530022382736,0.04073898494243622,0.03617801144719124,0.03617801144719124,0.03617801144719124,0.038344766944646835,0.03617801144719124,0.03617801144719124
2015-07-21,0.03663840889930725,0.03663840889930725,0.03663840889930725,0.03663840889930725,0.03663840889930725,0.03663840889930725,0.03663840889930725,0.03663840889930725,0.03663840889930725,0.03663840889930725,0.03663840889930725,0.03733609989285469,0.03663840889930725,0.04054471477866173,0.03663840889930725,0.037530653178691864,0.03663840889930725,0.03663840889930725,0.03663840889930725,0.03837558999657631,0.03663840889930725,0.03663840889930725,0.03663840889930725,0.03663840889930725,0.0401679202914238,0.03663840889930725,0.03663840889930725
2015-07-22,0.0363321490585804,0.03710344061255455,0.0363321490585804,0.0363321490585804,0.0363321490585804,0.0363321490585804,0.0363321490585804,0.0363321490585804,0.0363321490585804,0.03830716758966446,0.04474922642111778,0.0363321490585804,0.0363321490585804,0.0363321490585804,0.0363321490585804,0.03950364142656326,0.0363321490585804,0.0363321490585804,0.0363321490585804,0.0363321490585804,0.03895819932222366,0.0363321490585804,0.0363321490585804,0.0363321490585804,0.03840319812297821,0.0363321490585804,0.0363321490585804
2015-07-23,0.03650283440947533,0.03650283440947533,0.03650283440947533,0.03650283440947533,0.03650283440947533,0.03650283440947533,0.03650283440947533,0.03650283440947533,0.03650283440947533,0.0406942293047905,0.03865871950984001,0.037931449711322784,0.03650283440947533,0.03650283440947533,0.03650283440947533,0.03650283440947533,0.03650283440947533,0.03650283440947533,0.03650283440947533,0.03650283440947533,0.0390111580491066,0.03650283440947533,0.03650283440947533,0.03650283440947533,0.040642037987709045,0.03650283440947533,0.03650283440947533
2015-07-24,0.036099087446928024,0.036099087446928024,0.036099087446928024,0.036099087446928024,0.036099087446928024,0.036099087446928024,0.036099087446928024,0.036099087446928024,0.036099087446928024,0.039876729249954224,0.04396650195121765,0.03702278062701225,0.036099087446928024,0.036099087446928024,0.036099087446928024,0.036099087446928024,0.036099087446928024,0.036099087446928024,0.036099087446928024,0.036099087446928024,0.040556006133556366,0.03970729932188988,0.036099087446928024,0.036099087446928024,0.04078978672623634,0.036099087446928024,0.036099087446928024
2015-07-27,0.036221474409103394,0.040740966796875,0.036221474409103394,0.036221474409103394,0.036221474409103394,0.036221474409103394,0.036221474409103394,0.036221474409103394,0.038507021963596344,0.04129263386130333,0.037893831729888916,0.036221474409103394,0.036221474409103394,0.036221474409103394,0.036221474409103394,0.036221474409103394,0.036221474409103394,0.036221474409103394,0.036221474409103394,0.036221474409103394,0.03786538913846016,0.036221474409103394,0.036221474409103394,0.036221474409103394,0.0430491678416729,0.036221474409103394,0.036221474409103394
2015-07-28,0.035898078233003616,0.03839854151010513,0.035898078233003616,0.035898078233003616,0.035898078233003616,0.035898078233003616,0.035898078233003616,0.035898078233003616,0.043038446456193924,0.0403360091149807,0.04021848738193512,0.035898078233003616,0.035898078233003616,0.035898078233003616,0.035898078233003616,0.035898078233003616,0.035898078233003616,0.035898078233003616,0.035898078233003616,0.035898078233003616,0.03918308764696121,0.035898078233003616,0.035898078233003616,0.035898078233003616,0.04403823986649513,0.03682571277022362,0.035898078233003616
2015-07-29,0.03597421944141388,0.03597421944141388,0.03597421944141388,0.03597421944141388,0.03597421944141388,0.03597421944141388,0.03597421944141388,0.03597421944141388,0.04065515473484993,0.03786518797278404,0.04320448637008667,0.03597421944141388,0.03597421944141388,0.03597421944141388,0.03597421944141388,0.03597421944141388,0.03597421944141388,0.03597421944141388,0.03597421944141388,0.036721277981996536,0.042617715895175934,0.03597421944141388,0.03597421944141388,0.03597421944141388,0.0434776209294796,0.03597421944141388,0.03597421944141388
2015-07-30,0.036344051361083984,0.03854765370488167,0.036344051361083984,0.036344051361083984,0.036344051361083984,0.036344051361083984,0.036344051361083984,0.036344051361083984,0.036344051361083984,0.03767728433012962,0.04211125150322914,0.036695100367069244,0.036344051361083984,0.036344051361083984,0.036344051361083984,0.036344051361083984,0.036344051361083984,0.036344051361083984,0.036344051361083984,0.038013819605112076,0.0401567779481411,0.036344051361083984,0.036344051361083984,0.036344051361083984,0.03991711884737015,0.036344051361083984,0.036344051361083984
2015-07-31,0.036442603915929794,0.036442603915929794,0.036442603915929794,0.036442603915929794,0.036442603915929794,0.03666612505912781,0.036442603915929794,0.036442603915929794,0.036442603915929794,0.036442603915929794,0.041112396866083145,0.03780500218272209,0.036442603915929794,0.036442603915929794,0.036442603915929794,0.036442603915929794,0.036442603915929794,0.036442603915929794,0.036442603915929794,0.03724457323551178,0.04263107478618622,0.036442603915929794,0.036442603915929794,0.036442603915929794,0.039246149361133575,0.036442603915929794,0.036442603915929794
2015-08-03,0.03598571568727493,0.03598571568727493,0.03598571568727493,0.03598571568727493,0.0383726991713047,0.03598571568727493,0.03598571568727493,0.03598571568727493,0.037447910755872726,0.03598571568727493,0.04475022852420807,0.03722112998366356,0.03598571568727493,0.03598571568727493,0.03598571568727493,0.03626992926001549,0.03598571568727493,0.03598571568727493,0.03598571568727493,0.03598571568727493,0.044419076293706894,0.03598571568727493,0.03598571568727493,0.03598571568727493,0.03891344368457794,0.03887694701552391,0.03598571568727493
2015-08-04,0.03577762097120285,0.03637877479195595,0.03577762097120285,0.03577762097120285,0.03928505256772041,0.03577762097120285,0.03577762097120285,0.03577762097120285,0.040750324726104736,0.03577762097120285,0.044353876262903214,0.03577762097120285,0.03577762097120285,0.03577762097120285,0.03577762097120285,0.03577762097120285,0.03577762097120285,0.03577762097120285,0.03577762097120285,0.03577762097120285,0.045410171151161194,0.03577762097120285,0.03577762097120285,0.03577762097120285,0.039568718522787094,0.038700707256793976,0.03577762097120285
2015-08-05,0.03799782320857048,0.03577292710542679,0.03577292710542679,0.03577292710542679,0.040971092879772186,0.03577292710542679,0.03577292710542679,0.03577292710542679,0.03886532783508301,0.03577292710542679,0.04269670695066452,0.035829704254865646,0.03577292710542679,0.03577292710542679,0.03577292710542679,0.03577292710542679,0.03577292710542679,0.03577292710542679,0.03577292710542679,0.03577292710542679,0.04325568303465843,0.03577292710542679,0.03577292710542679,0.03577292710542679,0.04143138229846954,0.03926670923829079,0.03577292710542679
2015-08-06,0.04023079574108124,0.035824794322252274,0.035824794322252274,0.035824794322252274,0.04001430794596672,0.035824794322252274,0.035824794322252274,0.035824794322252274,0.035824794322252274,0.035824794322252274,0.040847212076187134,0.037666451185941696,0.035824794322252274,0.03727102652192116,0.035824794322252274,0.035824794322252274,0.035824794322252274,0.035824794322252274,0.035824794322252274,0.035824794322252274,0.04202475771307945,0.035824794322252274,0.035824794322252274,0.035824794322252274,0.04230233281850815,0.036150917410850525,0.038645949214696884
2015-08-07,0.040003638714551926,0.036274731159210205,0.036274731159210205,0.03778773918747902,0.036274731159210205,0.036274731159210205,0.036274731159210205,0.036274731159210205,0.03715135157108307,0.036274731159210205,0.037224214524030685,0.03801045939326286,0.036274731159210205,0.036274731159210205,0.036274731159210205,0.036274731159210205,0.036274731159210205,0.036274731159210205,0.036274731159210205,0.036274731159210205,0.037522003054618835,0.036274731159210205,0.037579406052827835,0.036274731159210205,0.044262997806072235,0.036274731159210205,0.03751303255558014
2015-08-10,0.03710949793457985,0.03632223606109619,0.03632223606109619,0.03930920362472534,0.03632223606109619,0.03632223606109619,0.03632223606109619,0.03632223606109619,0.03967708721756935,0.03936713561415672,0.03632223606109619,0.03632223606109619,0.03632223606109619,0.03632223606109619,0.03632223606109619,0.03632223606109619,0.03632223606109619,0.03632223606109619,0.03632223606109619,0.03632223606109619,0.03710795193910599,0.03632223606109619,0.03754746913909912,0.03632223606109619,0.0434369221329689,0.03632223606109619,0.03632223606109619
2015-08-11,0.040051139891147614,0.03658987954258919,0.03658987954258919,0.03658987954258919,0.03658987954258919,0.03658987954258919,0.03658987954258919,0.03658987954258919,0.039418209344148636,0.03695886954665184,0.03978213295340538,0.036618657410144806,0.03658987954258919,0.03658987954258919,0.03658987954258919,0.03658987954258919,0.03658987954258919,0.03658987954258919,0.03658987954258919,0.03658987954258919,0.03782796114683151,0.03658987954258919,0.03658987954258919,0.03658987954258919,0.03754545748233795,0.03658987954258919,0.03658987954258919
2015-08-12,0.037984248250722885,0.036619577556848526,0.036619577556848526,0.036619577556848526,0.03683852404356003,0.036619577556848526,0.036619577556848526,0.036619577556848526,0.03675812482833862,0.036619577556848526,0.036619577556848526,0.03677449747920036,0.036619577556848526,0.0372907891869545,0.036619577556848526,0.036619577556848526,0.036619577556848526,0.036619577556848526,0.036619577556848526,0.03945063799619675,0.04210669547319412,0.036619577556848526,0.036619577556848526,0.036619577556848526,0.037024468183517456,0.036619577556848526,0.036619577556848526
2015-08-13,0.036257728934288025,0.03742654249072075,0.036257728934288025,0.036257728934288025,0.03627509996294975,0.036257728934288025,0.036257728934288025,0.036257728934288025,0.04048139974474907,0.036257728934288025,0.042081914842128754,0.03657739609479904,0.036257728934288025,0.036257728934288025,0.036257728934288025,0.036257728934288025,0.036257728934288025,0.036257728934288025,0.036257728934288025,0.04236634820699692,0.038686178624629974,0.036257728934288025,0.036257728934288025,0.036257728934288025,0.037208203226327896,0.036257728934288025,0.036257728934288025
2015-08-14,0.03813263028860092,0.03659522533416748,0.03659522533416748,0.03659522533416748,0.03659522533416748,0.03659522533416748,0.03659522533416748,0.03659522533416748,0.0381113663315773,0.03683818131685257,0.03659522533416748,0.03659522533416748,0.03659522533416748,0.03659522533416748,0.03659522533416748,0.03659522533416748,0.03659522533416748,0.03659522533416748,0.03659522533416748,0.04163533076643944,0.04018751159310341,0.03659522533416748,0.03659522533416748,0.03659522533416748,0.03659522533416748,0.03659522533416748,0.03659522533416748
2015-08-17,0.038048937916755676,0.03656207025051117,0.03656207025051117,0.03656207025051117,0.03656207025051117,0.03656207025051117,0.03656207025051117,0.03656207025051117,0.038686603307724,0.037534475326538086,0.03656207025051117,0.03656207025051117,0.03656207025051117,0.03656207025051117,0.03656207025051117,0.03656207025051117,0.03656207025051117,0.03656207025051117,0.03656207025051117,0.04189396649599075,0.03947046026587486,0.03656207025051117,0.03656207025051117,0.03656207025051117,0.03656207025051117,0.03656207025051117,0.03656207025051117
2015-08-18,0.03623814135789871,0.03623814135789871,0.03623814135789871,0.03623814135789871,0.03623814135789871,0.03623814135789871,0.03623814135789871,0.03623814135789871,0.04158962517976761,0.03682214766740799,0.03919209912419319,0.03623814135789871,0.03623814135789871,0.03623814135789871,0.03623814135789871,0.0368620827794075,0.03623814135789871,0.03623814135789871,0.03623814135789871,0.04294944554567337,0.04158366471529007,0.03623814135789871,0.03623814135789871,0.03623814135789871,0.03623814135789871,0.03623814135789871,0.03623814135789871
2015-08-19,0.036722246557474136,0.03627084940671921,0.03627084940671921,0.03627084940671921,0.04085297882556915,0.03627084940671921,0.03627084940671921,0.03627084940671921,0.03627084940671921,0.03627084940671921,0.03627084940671921,0.03627084940671921,0.03627084940671921,0.036915600299835205,0.03627084940671921,0.03723113611340523,0.03627084940671921,0.03627084940671921,0.03627084940671921,0.041583213955163956,0.04402861371636391,0.03627084940671921,0.03627084940671921,0.03627084940671921,0.037249308079481125,0.03627084940671921,0.03627084940671921
2015-08-20,0.03638014942407608,0.03720942139625549,0.0371582917869091,0.03638014942407608,0.03638014942407608,0.03638014942407608,0.03638014942407608,0.03638014942407608,0.03638014942407608,0.03638014942407608,0.039767179638147354,0.03745269402861595,0.03638014942407608,0.03638014942407608,0.03638014942407608,0.039761997759342194,0.03638014942407608,0.03638014942407608,0.03638014942407608,0.03638014942407608,0.040835753083229065,0.03638014942407608,0.03638014942407608,0.03638014942407608,0.037339549511671066,0.039252251386642456,0.03638014942407608
2015-08-21,0.035282641649246216,0.04458063468337059,0.03593089431524277,0.035282641649246216,0.035282641649246216,0.03825758770108223,0.035282641649246216,0.035282641649246216,0.035282641649246216,0.03784588351845741,0.0483839325606823,0.035282641649246216,0.035282641649246216,0.035282641649246216,0.035282641649246216,0.035282641649246216,0.035282641649246216,0.035282641649246216,0.035282641649246216,0.035282641649246216,0.04550604522228241,0.035282641649246216,0.035282641649246216,0.035282641649246216,0.03618497774004936,0.0429399199783802,0.035282641649246216
2015-08-24,0.0355166457593441,0.04053163900971413,0.04101906344294548,0.0355166457593441,0.0355166457593441,0.0355166457593441,0.0355166457593441,0.0355166457593441,0.043647851794958115,0.03713482990860939,0.03855063393712044,0.0355166457593441,0.0355166457593441,0.0355166457593441,0.0355166457593441,0.03595094382762909,0.0355166457593441,0.0355166457593441,0.0355166457593441,0.0355166457593441,0.039504364132881165,0.0355166457593441,0.0355166457593441,0.0355166457593441,0.037621643394231796,0.04673943296074867,0.0355166457593441
2015-08-25,0.03594677150249481,0.03594677150249481,0.03947725519537926,0.03594677150249481,0.03594677150249481,0.03594677150249481,0.03594677150249481,0.038188010454177856,0.0403231605887413,0.04432637244462967,0.03594677150249481,0.03594677150249481,0.03594677150249481,0.03594677150249481,0.03594677150249481,0.03594677150249481,0.03594677150249481,0.03594677150249481,0.03594677150249481,0.03594677150249481,0.04055047780275345,0.03594677150249481,0.03594677150249481,0.03594677150249481,0.036222655326128006,0.0419766828417778,0.03594677150249481
2015-08-26,0.03595523536205292,0.03595523536205292,0.04204779490828514,0.03595523536205292,0.03595523536205292,0.03595523536205292,0.03595523536205292,0.03609108552336693,0.041918497532606125,0.0409323014318943,0.03595523536205292,0.03595523536205292,0.03595523536205292,0.03595523536205292,0.03595523536205292,0.038106128573417664,0.03595523536205292,0.03595523536205292,0.03595523536205292,0.03595523536205292,0.03909064829349518,0.03595523536205292,0.03595523536205292,0.03595523536205292,0.037833619862794876,0.04083051532506943,0.03595523536205292
2015-08-27,0.036319226026535034,0.03713570535182953,0.03789350390434265,0.036319226026535034,0.036319226026535034,0.036319226026535034,0.036319226026535034,0.036319226026535034,0.0433184839785099,0.03761344403028488,0.036319226026535034,0.036319226026535034,0.036319226026535034,0.036319226026535034,0.036319226026535034,0.036319226026535034,0.036319226026535034,0.036319226026535034,0.036319226026535034,0.036319226026535034,0.03784891590476036,0.036319226026535034,0.036319226026535034,0.036319226026535034,0.036319226026535034,0.04348626360297203,0.036319226026535034
2015-08-28,0.036114223301410675,0.0429936908185482,0.03837950900197029,0.036114223301410675,0.036114223301410675,0.03749625012278557,0.036114223301410675,0.036114223301410675,0.03801734372973442,0.037988822907209396,0.03921452909708023,0.036114223301410675,0.036114223301410675,0.036114223301410675,0.036114223301410675,0.036114223301410675,0.036114223301410675,0.036114223301410675,0.036114223301410675,0.036114223301410675,0.03742516040802002,0.036114223301410675,0.036114223301410675,0.036114223301410675,0.036114223301410675,0.04231449216604233,0.036114223301410675
2015-08-31,0.035982053726911545,0.044500090181827545,0.037293609231710434,0.035982053726911545,0.035982053726911545,0.035982053726911545,0.035982053726911545,0.035982053726911545,0.03782006353139877,0.040572941303253174,0.04131358861923218,0.035982053726911545,0.035982053726911545,0.035982053726911545,0.035982053726911545,0.035982053726911545,0.035982053726911545,0.035982053726911545,0.035982053726911545,0.035982053726911545,0.03685003146529198,0.035982053726911545,0.035982053726911545,0.035982053726911545,0.03669773042201996,0.04129296541213989,0.035982053726911545
2015-09-01,0.03637848049402237,0.03987743705511093,0.03637848049402237,0.03637848049402237,0.03637848049402237,0.03637848049402237,0.03637848049402237,0.03637848049402237,0.03941310569643974,0.04066924378275871,0.03932176157832146,0.03637848049402237,0.03637848049402237,0.03637848049402237,0.03637848049402237,0.03637848049402237,0.03637848049402237,0.03637848049402237,0.03637848049402237,0.03637848049402237,0.03774285316467285,0.03637848049402237,0.03671509400010109,0.03637848049402237,0.03637848049402237,0.03869083523750305,0.03637848049402237
2015-09-02,0.036386340856552124,0.036386340856552124,0.036386340856552124,0.036386340856552124,0.036386340856552124,0.036386340856552124,0.036386340856552124,0.036386340856552124,0.043774355202913284,0.04161667078733444,0.036386340856552124,0.036386340856552124,0.036386340856552124,0.036386340856552124,0.036386340856552124,0.036386340856552124,0.036386340856552124,0.036386340856552124,0.036386340856552124,0.036386340856552124,0.037810828536748886,0.036386340856552124,0.036386340856552124,0.036386340856552124,0.03725416585803032,0.03904453665018082,0.036386340856552124
2015-09-03,0.03622894734144211,0.03812656179070473,0.03622894734144211,0.03622894734144211,0.03622894734144211,0.03622894734144211,0.03622894734144211,0.03622894734144211,0.039822157472372055,0.04218798130750656,0.04049443081021309,0.03622894734144211,0.03622894734144211,0.03622894734144211,0.03622894734144211,0.03622894734144211,0.03622894734144211,0.03622894734144211,0.03622894734144211,0.03622894734144211,0.039299409836530685,0.03622894734144211,0.037847697734832764,0.03622894734144211,0.03622894734144211,0.03764281049370766,0.03622894734144211
2015-09-04,0.036207009106874466,0.036207009106874466,0.036207009106874466,0.03746090829372406,0.036207009106874466,0.036207009106874466,0.036207009106874466,0.036207009106874466,0.04286470264196396,0.043758708983659744,0.03716626018285751,0.036207009106874466,0.036207009106874466,0.036207009106874466,0.036207009106874466,0.036207009106874466,0.036207009106874466,0.036207009106874466,0.036207009106874466,0.036207009106874466,0.04071249067783356,0.036207009106874466,0.036207009106874466,0.036207009106874466,0.03768971934914589,0.036207009106874466,0.036207009106874466
2015-09-08,0.03632527217268944,0.03632527217268944,0.03632527217268944,0.037067826837301254,0.03632527217268944,0.03632527217268944,0.03632527217268944,0.03632527217268944,0.04330667108297348,0.0427677258849144,0.03632527217268944,0.03632527217268944,0.03632527217268944,0.03632527217268944,0.03632527217268944,0.03632527217268944,0.03632527217268944,0.03632527217268944,0.03632527217268944,0.03632527217268944,0.039468832314014435,0.03632527217268944,0.03632527217268944,0.03632527217268944,0.03739190101623535,0.03716627508401871,0.03632527217268944
2015-09-09,0.036495279520750046,0.036495279520750046,0.036495279520750046,0.036495279520750046,0.037246108055114746,0.036495279520750046,0.036495279520750046,0.036495279520750046,0.040356412529945374,0.04079492390155792,0.036495279520750046,0.036495279520750046,0.036495279520750046,0.036495279520750046,0.036495279520750046,0.036495279520750046,0.036495279520750046,0.036495279520750046,0.036495279520750046,0.03657079115509987,0.04007518291473389,0.036495279520750046,0.036495279520750046,0.036495279520750046,0.03855566680431366,0.036495279520750046,0.036495279520750046
2015-09-10,0.03668450936675072,0.03668450936675072,0.03668450936675072,0.03668450936675072,0.03798386827111244,0.03668450936675072,0.03668450936675072,0.03668450936675072,0.039796795696020126,0.03940434381365776,0.03668450936675072,0.03668450936675072,0.03668450936675072,0.03668450936675072,0.03668450936675072,0.03668450936675072,0.03668450936675072,0.03668450936675072,0.03668450936675072,0.03668450936675072,0.037370938807725906,0.03668450936675072,0.03761814907193184,0.03668450936675072,0.03745114058256149,0.03668450936675072,0.03668450936675072
2015-09-11,0.03675553947687149,0.03913375735282898,0.03675553947687149,0.03675553947687149,0.03675553947687149,0.03675553947687149,0.03675553947687149,0.03675553947687149,0.03960290551185608,0.03755718842148781,0.03675553947687149,0.03675553947687149,0.03675553947687149,0.03675553947687149,0.03675553947687149,0.03675553947687149,0.03675553947687149,0.03675553947687149,0.03675553947687149,0.03675553947687149,0.03675553947687149,0.03675553947687149,0.03675553947687149,0.03675553947687149,0.03675553947687149,0.03832871466875076,0.03675553947687149
2015-09-14,0.03634404391050339,0.0416964590549469,0.03634404391050339,0.03634404391050339,0.03634404391050339,0.036362454295158386,0.03634404391050339,0.03634404391050339,0.03931755945086479,0.0384681262075901,0.040256865322589874,0.03634404391050339,0.03634404391050339,0.03634404391050339,0.03634404391050339,0.03634404391050339,0.03634404391050339,0.03634404391050339,0.03634404391050339,0.03634404391050339,0.03634404391050339,0.03634404391050339,0.03686914220452309,0.03634404391050339,0.037092652171850204,0.03939998894929886,0.03634404391050339
2015-09-15,0.036158207803964615,0.042902253568172455,0.036158207803964615,0.036158207803964615,0.036158207803964615,0.036158207803964615,0.036158207803964615,0.036158207803964615,0.03954719379544258,0.03895063325762749,0.04157620295882225,0.036158207803964615,0.036158207803964615,0.036158207803964615,0.036158207803964615,0.036158207803964615,0.036158207803964615,0.036158207803964615,0.036158207803964615,0.036158207803964615,0.036158207803964615,0.036158207803964615,0.03690683841705322,0.036158207803964615,0.037707503885030746,0.039245206862688065,0.036158207803964615
2015-09-16,0.036210041493177414,0.03799545019865036,0.036210041493177414,0.036210041493177414,0.036210041493177414,0.036210041493177414,0.036210041493177414,0.036210041493177414,0.04073489457368851,0.036210041493177414,0.04510367289185524,0.036503974348306656,0.036210041493177414,0.036210041493177414,0.037479761987924576,0.03941836208105087,0.036210041493177414,0.036210041493177414,0.03634772077202797,0.036210041493177414,0.036759570240974426,0.036210041493177414,0.03628312796354294,0.036210041493177414,0.037802740931510925,0.036210041493177414,0.036210041493177414
2015-09-17,0.035904135555028915,0.03790796920657158,0.035904135555028915,0.035904135555028915,0.035904135555028915,0.035904135555028915,0.035904135555028915,0.035904135555028915,0.0360812246799469,0.03613729029893875,0.046523839235305786,0.038309887051582336,0.035904135555028915,0.035904135555028915,0.04080797731876373,0.03806183487176895,0.035904135555028915,0.035904135555028915,0.035904135555028915,0.035904135555028915,0.03698438033461571,0.035904135555028915,0.03996272757649422,0.035904135555028915,0.03885260224342346,0.035904135555028915,0.035904135555028915
2015-09-18,0.0360746867954731,0.037196043878793716,0.0360746867954731,0.0360746867954731,0.0360746867954731,0.0360746867954731,0.0360746867954731,0.0360746867954731,0.03929820656776428,0.03648483380675316,0.04534240439534187,0.03713679313659668,0.0360746867954731,0.0360746867954731,0.03917344659566879,0.03647048771381378,0.0360746867954731,0.0360746867954731,0.0360746867954731,0.0360746867954731,0.03867286443710327,0.0360746867954731,0.03749838098883629,0.0360746867954731,0.039456792175769806,0.0360746867954731,0.0360746867954731
2015-09-21,0.03600378707051277,0.04100826010107994,0.03600378707051277,0.03600378707051277,0.03600378707051277,0.03600378707051277,0.03600378707051277,0.03600378707051277,0.040048129856586456,0.036415793001651764,0.0453060120344162,0.03600378707051277,0.03600378707051277,0.03600378707051277,0.036312393844127655,0.0371423102915287,0.03600378707051277,0.03600378707051277,0.03600378707051277,0.03843363747000694,0.038614850491285324,0.03600378707051277,0.03600378707051277,0.03600378707051277,0.03865043446421623,0.03600378707051277,0.03600378707051277
2015-09-22,0.03610033541917801,0.0381031297147274,0.03610033541917801,0.03610033541917801,0.03610033541917801,0.03610033541917801,0.03610033541917801,0.03610033541917801,0.039014291018247604,0.03664993867278099,0.04560517892241478,0.03646548464894295,0.03610033541917801,0.03610033541917801,0.03866152837872505,0.03690201789140701,0.03610033541917801,0.03610033541917801,0.03610033541917801,0.03610033541917801,0.0384259857237339,0.03610033541917801,0.03703968599438667,0.03610033541917801,0.03942712023854256,0.03610033541917801,0.03610033541917801
2015-09-23,0.03592529147863388,0.041104454547166824,0.03592529147863388,0.03592529147863388,0.03592529147863388,0.03592529147863388,0.03592529147863388,0.03592529147863388,0.037722423672676086,0.04086118936538696,0.04314115270972252,0.03592529147863388,0.03592529147863388,0.03592529147863388,0.03592529147863388,0.03592529147863388,0.03592529147863388,0.03592529147863388,0.03592529147863388,0.03985209763050079,0.038178667426109314,0.03592529147863388,0.03592529147863388,0.03592529147863388,0.04063418507575989,0.03592529147863388,0.03592529147863388
2015-09-24,0.035904936492443085,0.041047681123018265,0.035904936492443085,0.035904936492443085,0.035904936492443085,0.035904936492443085,0.035904936492443085,0.035904936492443085,0.03777271881699562,0.04089817777276039,0.043207742273807526,0.035904936492443085,0.035904936492443085,0.035904936492443085,0.035904936492443085,0.035904936492443085,0.035904936492443085,0.035904936492443085,0.035904936492443085,0.04005433991551399,0.0383012630045414,0.035904936492443085,0.035904936492443085,0.035904936492443085,0.040619369596242905,0.035904936492443085,0.035904936492443085
2015-09-25,0.035942193120718,0.036633558571338654,0.035942193120718,0.035942193120718,0.035942193120718,0.035942193120718,0.035942193120718,0.035942193120718,0.04040185362100601,0.04022163525223732,0.038982778787612915,0.035942193120718,0.035942193120718,0.035942193120718,0.035942193120718,0.035942193120718,0.035942193120718,0.035942193120718,0.035942193120718,0.044193334877491,0.038573555648326874,0.035942193120718,0.035942193120718,0.035942193120718,0.04214945435523987,0.035942193120718,0.035942193120718
2015-09-28,0.035928547382354736,0.037163153290748596,0.035928547382354736,0.035928547382354736,0.035928547382354736,0.035928547382354736,0.035928547382354736,0.035928547382354736,0.03875492513179779,0.035928547382354736,0.04493414983153343,0.03604508936405182,0.035928547382354736,0.035928547382354736,0.035928547382354736,0.03877028450369835,0.035928547382354736,0.035928547382354736,0.035928547382354736,0.035928547382354736,0.0407620444893837,0.035928547382354736,0.03687964752316475,0.035928547382354736,0.0440482534468174,0.035928547382354736,0.035928547382354736
2015-09-29,0.03572963550686836,0.037189364433288574,0.03581058979034424,0.03572963550686836,0.03572963550686836,0.03572963550686836,0.03572963550686836,0.03572963550686836,0.03572963550686836,0.03801532834768295,0.04426594451069832,0.03572963550686836,0.03572963550686836,0.03572963550686836,0.03572963550686836,0.04000747948884964,0.03572963550686836,0.03572963550686836,0.03572963550686836,0.03572963550686836,0.04350350424647331,0.03572963550686836,0.037380851805210114,0.03572963550686836,0.04496394842863083,0.03572963550686836,0.03572963550686836
2015-09-30,0.035643912851810455,0.035643912851810455,0.035643912851810455,0.03647500276565552,0.035643912851810455,0.035643912851810455,0.035643912851810455,0.035643912851810455,0.03802943229675293,0.04147130623459816,0.041122615337371826,0.035643912851810455,0.035643912851810455,0.035643912851810455,0.035643912851810455,0.035643912851810455,0.035643912851810455,0.035643912851810455,0.035643912851810455,0.035643912851810455,0.04575495794415474,0.035643912851810455,0.03931475058197975,0.035643912851810455,0.04495365545153618,0.035643912851810455,0.035643912851810455
2015-10-01,0.03591056540608406,0.03591056540608406,0.03591056540608406,0.036223363131284714,0.03591056540608406,0.03591056540608406,0.03591056540608406,0.03591056540608406,0.03760041669011116,0.04148223251104355,0.04080856963992119,0.03591056540608406,0.03591056540608406,0.03591056540608406,0.03591056540608406,0.03591056540608406,0.03591056540608406,0.03591056540608406,0.03591056540608406,0.035968028008937836,0.045818768441677094,0.03591056540608406,0.03882240876555443,0.03591056540608406,0.04097543656826019,0.03591056540608406,0.03591056540608406
2015-10-02,0.03582003712654114,0.03582003712654114,0.03582003712654114,0.03582003712654114,0.03711486607789993,0.03582003712654114,0.03582003712654114,0.03582003712654114,0.0396433100104332,0.04032239317893982,0.0413949191570282,0.03582003712654114,0.03582003712654114,0.03582003712654114,0.03582003712654114,0.03582003712654114,0.03582003712654114,0.03582003712654114,0.03582003712654114,0.037851396948099136,0.04699016362428665,0.03582003712654114,0.03618406876921654,0.03582003712654114,0.03991822525858879,0.03582003712654114,0.03582003712654114
2015-10-05,0.03542783483862877,0.03542783483862877,0.03542783483862877,0.0394340343773365,0.03542783483862877,0.03542783483862877,0.03542783483862877,0.03542783483862877,0.037096086889505386,0.03836509585380554,0.045432984828948975,0.03542783483862877,0.03542783483862877,0.03542783483862877,0.03542783483862877,0.03542783483862877,0.03542783483862877,0.03542783483862877,0.03542783483862877,0.03542783483862877,0.04894676432013512,0.03542783483862877,0.04208878427743912,0.03542783483862877,0.04007956385612488,0.03542783483862877,0.03542783483862877
2015-10-06,0.036153823137283325,0.036153823137283325,0.036153823137283325,0.03931792080402374,0.036153823137283325,0.036153823137283325,0.036153823137283325,0.036153823137283325,0.036153823137283325,0.040228620171546936,0.04227602481842041,0.03707890212535858,0.036153823137283325,0.036153823137283325,0.036153823137283325,0.036153823137283325,0.036153823137283325,0.036153823137283325,0.036153823137283325,0.03648881986737251,0.04277778044342995,0.036153823137283325,0.038755498826503754,0.036153823137283325,0.036153823137283325,0.036153823137283325,0.036153823137283325
2015-10-07,0.03556133061647415,0.03556133061647415,0.03556133061647415,0.043597254902124405,0.03556133061647415,0.03556133061647415,0.03556133061647415,0.03556133061647415,0.03556133061647415,0.04081447795033455,0.046833232045173645,0.03556133061647415,0.03556133061647415,0.03556133061647415,0.03556133061647415,0.03556133061647415,0.03556133061647415,0.03556133061647415,0.03556133061647415,0.03556133061647415,0.043240875005722046,0.03556133061647415,0.041826337575912476,0.03556133061647415,0.03689994663000107,0.03556133061647415,0.03556133061647415
2015-10-08,0.035647302865982056,0.035299669951200485,0.035299669951200485,0.048520706593990326,0.03622407838702202,0.035299669951200485,0.035299669951200485,0.035299669951200485,0.03581853583455086,0.042173173278570175,0.04583795368671417,0.035299669951200485,0.036304257810115814,0.035299669951200485,0.035299669951200485,0.035299669951200485,0.035299669951200485,0.035299669951200485,0.035299669951200485,0.035299669951200485,0.04137807339429855,0.035299669951200485,0.03834354504942894,0.035299669951200485,0.039658017456531525,0.035299669951200485,0.035299669951200485
2015-10-09,0.03574640676379204,0.03525545448064804,0.03525545448064804,0.0473158061504364,0.035791851580142975,0.03525545448064804,0.03525545448064804,0.03525545448064804,0.03560624271631241,0.042818035930395126,0.046441566199064255,0.03525545448064804,0.03702748939394951,0.03525545448064804,0.03525545448064804,0.03525545448064804,0.03525545448064804,0.03525545448064804,0.03525545448064804,0.03525545448064804,0.04177344962954521,0.03525545448064804,0.03911513090133667,0.03525545448064804,0.03902118280529976,0.03525545448064804,0.03525545448064804
2015-10-12,0.03583187237381935,0.03583187237381935,0.03583187237381935,0.046434707939624786,0.03583187237381935,0.03583187237381935,0.03583187237381935,0.03583187237381935,0.036101631820201874,0.03976241499185562,0.04380469769239426,0.03583187237381935,0.03583187237381935,0.03583187237381935,0.03583187237381935,0.03583187237381935,0.03583187237381935,0.03583187237381935,0.03583187237381935,0.03583187237381935,0.039278194308280945,0.03583187237381935,0.037985533475875854,0.03583187237381935,0.039995405822992325,0.03583187237381935,0.03583187237381935
2015-10-13,0.04009353369474411,0.03610093146562576,0.03610093146562576,0.038522716611623764,0.03613961488008499,0.03610093146562576,0.03610093146562576,0.03610093146562576,0.03610093146562576,0.04520295187830925,0.04243331775069237,0.03610093146562576,0.03610093146562576,0.03610093146562576,0.03610093146562576,0.03610093146562576,0.03610093146562576,0.03610093146562576,0.03610093146562576,0.03610093146562576,0.03928634151816368,0.03610093146562576,0.036302801221609116,0.03610093146562576,0.03610093146562576,0.03610093146562576,0.03610093146562576
2015-10-14,0.035936687141656876,0.035936687141656876,0.035936687141656876,0.03609731048345566,0.035936687141656876,0.035936687141656876,0.035936687141656876,0.035936687141656876,0.035936687141656876,0.04345626384019852,0.04490809142589569,0.035936687141656876,0.035936687141656876,0.035936687141656876,0.035936687141656876,0.035936687141656876,0.035936687141656876,0.035936687141656876,0.035936687141656876,0.03622431308031082,0.04112294316291809,0.035936687141656876,0.041148390620946884,0.035936687141656876,0.038308996707201004,0.035936687141656876,0.035936687141656876
2015-10-15,0.03583928942680359,0.03583928942680359,0.03583928942680359,0.03801143541932106,0.036660220474004745,0.03583928942680359,0.03583928942680359,0.03583928942680359,0.03583928942680359,0.03948154300451279,0.04601641371846199,0.037481773644685745,0.0369899719953537,0.03583928942680359,0.03583928942680359,0.03583928942680359,0.03583928942680359,0.03583928942680359,0.03583928942680359,0.03583928942680359,0.03996606543660164,0.03855976089835167,0.04053542762994766,0.03583928942680359,0.03702951967716217,0.03583928942680359,0.03583928942680359
2015-10-16,0.035846859216690063,0.035846859216690063,0.035846859216690063,0.03801877424120903,0.036647312343120575,0.035846859216690063,0.035846859216690063,0.035846859216690063,0.035846859216690063,0.03945375606417656,0.045976705849170685,0.0374850369989872,0.03698449581861496,0.035846859216690063,0.035846859216690063,0.035846859216690063,0.035846859216690063,0.035846859216690063,0.035846859216690063,0.035846859216690063,0.03996865451335907,0.03856775164604187,0.04049299657344818,0.035846859216690063,0.03700786828994751,0.035846859216690063,0.035846859216690063
2015-10-19,0.039072711020708084,0.03623105213046074,0.03623105213046074,0.03805045783519745,0.03623105213046074,0.03623105213046074,0.03661144897341728,0.03623105213046074,0.03623105213046074,0.03631293401122093,0.041631925851106644,0.04161239042878151,0.036744244396686554,0.03623105213046074,0.03623105213046074,0.03623105213046074,0.03623105213046074,0.03623105213046074,0.03623105213046074,0.03623105213046074,0.03907107934355736,0.037042759358882904,0.03792215883731842,0.03623105213046074,0.03623105213046074,0.03623105213046074,0.03623105213046074
2015-10-20,0.040129657834768295,0.035990532487630844,0.035990532487630844,0.035990532487630844,0.035990532487630844,0.035990532487630844,0.036889951676130295,0.035990532487630844,0.035990532487630844,0.04201285541057587,0.04396641254425049,0.0376458503305912,0.0371425561606884,0.035990532487630844,0.035990532487630844,0.035990532487630844,0.035990532487630844,0.035990532487630844,0.035990532487630844,0.035990532487630844,0.04099965840578079,0.03724359720945358,0.03613990545272827,0.035990532487630844,0.035990532487630844,0.035990532487630844,0.035990532487630844
2015-10-21,0.03641217201948166,0.03767528012394905,0.036194998770952225,0.036194998770952225,0.036194998770952225,0.036194998770952225,0.036657221615314484,0.036194998770952225,0.036194998770952225,0.042814720422029495,0.04425479844212532,0.036194998770952225,0.036194998770952225,0.036194998770952225,0.036194998770952225,0.036194998770952225,0.036194998770952225,0.036194998770952225,0.036194998770952225,0.03878911957144737,0.03949674591422081,0.036194998770952225,0.036194998770952225,0.036194998770952225,0.036194998770952225,0.036194998770952225,0.036194998770952225
2015-10-22,0.03602986037731171,0.03602986037731171,0.03602986037731171,0.03602986037731171,0.03602986037731171,0.03602986037731171,0.03602986037731171,0.03602986037731171,0.03602986037731171,0.04533088207244873,0.045368872582912445,0.03602986037731171,0.03602986037731171,0.03602986037731171,0.03602986037731171,0.03602986037731171,0.03602986037731171,0.03602986037731171,0.03602986037731171,0.04027663543820381,0.03965574875473976,0.03602986037731171,0.03602986037731171,0.03602986037731171,0.03671099245548248,0.03602986037731171,0.03602986037731171
2015-10-23,0.04112562909722328,0.03583047538995743,0.03583047538995743,0.03969338536262512,0.03583047538995743,0.03583047538995743,0.03709643334150314,0.03583047538995743,0.03583047538995743,0.04659755527973175,0.04241759330034256,0.03583047538995743,0.03583047538995743,0.03583047538995743,0.03583047538995743,0.03583047538995743,0.03583047538995743,0.03583047538995743,0.03583047538995743,0.03583047538995743,0.038810793310403824,0.03583047538995743,0.03583047538995743,0.03583047538995743,0.037649136036634445,0.03583047538995743,0.03583047538995743
2015-10-26,0.0409318208694458,0.03543689474463463,0.03543689474463463,0.043247371912002563,0.036251265555620193,0.03543689474463463,0.04105784371495247,0.03543689474463463,0.03543689474463463,0.04553399980068207,0.040708091109991074,0.03543689474463463,0.03543689474463463,0.03688579797744751,0.03543689474463463,0.03543689474463463,0.03543689474463463,0.03543689474463463,0.03543689474463463,0.0371662974357605,0.04035340994596481,0.03543689474463463,0.03543689474463463,0.03543689474463463,0.03543689474463463,0.03543689474463463,0.03543689474463463
2015-10-27,0.044939424842596054,0.035484347492456436,0.035484347492456436,0.04265207797288895,0.038803283125162125,0.035484347492456436,0.041789207607507706,0.035484347492456436,0.035484347492456436,0.04010084643959999,0.03602871671319008,0.03557002916932106,0.035484347492456436,0.03548935800790787,0.035484347492456436,0.035484347492456436,0.035484347492456436,0.03773239627480507,0.035484347492456436,0.03718678280711174,0.04195833578705788,0.035484347492456436,0.035484347492456436,0.035484347492456436,0.035484347492456436,0.035484347492456436,0.035484347492456436
2015-10-28,0.043335676193237305,0.03557615354657173,0.03557615354657173,0.04391596466302872,0.03697023540735245,0.03557615354657173,0.040413420647382736,0.03557615354657173,0.038724400103092194,0.03922329097986221,0.039932895451784134,0.03557615354657173,0.03557615354657173,0.03557615354657173,0.03557615354657173,0.03557615354657173,0.03557615354657173,0.03557615354657173,0.03557615354657173,0.03622375801205635,0.040889620780944824,0.03557615354657173,0.03557615354657173,0.03557615354657173,0.03557615354657173,0.03557615354657173,0.03557615354657173
2015-10-29,0.041250262409448624,0.03613688424229622,0.03613688424229622,0.03613688424229622,0.03613688424229622,0.03613688424229622,0.044690754264593124,0.03613688424229622,0.03613688424229622,0.04165371134877205,0.03613688424229622,0.03905370086431503,0.03613688424229622,0.03613688424229622,0.03613688424229622,0.03613688424229622,0.03613688424229622,0.03613688424229622,0.03613688424229622,0.03613688424229622,0.03834013640880585,0.03613688424229622,0.03613688424229622,0.03613688424229622,0.03613688424229622,0.03613688424229622,0.03613688424229622
2015-10-30,0.04086560010910034,0.03627948835492134,0.03627948835492134,0.036393534392118454,0.03627948835492134,0.03627948835492134,0.04108427092432976,0.03627948835492134,0.03627948835492134,0.038366612046957016,0.03627948835492134,0.04119005426764488,0.03627948835492134,0.038067109882831573,0.03627948835492134,0.03627948835492134,0.03627948835492134,0.03627948835492134,0.03627948835492134,0.03627948835492134,0.038443077355623245,0.03627948835492134,0.03627948835492134,0.03627948835492134,0.03627948835492134,0.03627948835492134,0.03627948835492134
2015-11-02,0.04278950020670891,0.03607483208179474,0.03607483208179474,0.03616785258054733,0.03607483208179474,0.03607483208179474,0.04476691409945488,0.03607483208179474,0.03607483208179474,0.041245948523283005,0.03607483208179474,0.039481453597545624,0.03607483208179474,0.03607483208179474,0.03607483208179474,0.03607483208179474,0.03607483208179474,0.036966968327760696,0.03607483208179474,0.03607483208179474,0.03708474710583687,0.03607483208179474,0.03607483208179474,0.03607483208179474,0.03607483208179474,0.03607483208179474,0.03607483208179474
2015-11-03,0.040974341332912445,0.0361207090318203,0.0361207090318203,0.03710521012544632,0.0361207090318203,0.0361207090318203,0.042447786778211594,0.0361207090318203,0.0361207090318203,0.039501555263996124,0.0361207090318203,0.04154086485505104,0.0361207090318203,0.0361207090318203,0.0361207090318203,0.0361207090318203,0.0361207090318203,0.038978539407253265,0.0361207090318203,0.0361207090318203,0.03703747317194939,0.0361207090318203,0.0361207090318203,0.0361207090318203,0.0361207090318203,0.0361207090318203,0.0361207090318203
2015-11-04,0.042562127113342285,0.03614691272377968,0.03614691272377968,0.03614691272377968,0.03614691272377968,0.03614691272377968,0.03992237150669098,0.03614691272377968,0.03614691272377968,0.04346233978867531,0.03614691272377968,0.04173881560564041,0.03614691272377968,0.03614691272377968,0.03614691272377968,0.03614691272377968,0.03614691272377968,0.03614691272377968,0.03614691272377968,0.03614691272377968,0.036867447197437286,0.03614691272377968,0.036361776292324066,0.03614691272377968,0.03614691272377968,0.03614691272377968,0.03614691272377968
2015-11-05,0.04236334189772606,0.03617333993315697,0.03617333993315697,0.03617333993315697,0.03617333993315697,0.03617333993315697,0.039580877870321274,0.03617333993315697,0.03617333993315697,0.04291892051696777,0.03617333993315697,0.04228628799319267,0.03617333993315697,0.03617333993315697,0.03617333993315697,0.03617333993315697,0.03617333993315697,0.03617333993315697,0.03617333993315697,0.03617333993315697,0.03669702261686325,0.03617333993315697,0.03651341423392296,0.03617333993315697,0.03617333993315697,0.03617333993315697,0.03617333993315697
2015-11-06,0.045566100627183914,0.03602919727563858,0.03602919727563858,0.03602919727563858,0.03602919727563858,0.03602919727563858,0.04052138328552246,0.03602919727563858,0.03602919727563858,0.048577629029750824,0.03602919727563858,0.03602919727563858,0.03602919727563858,0.03602919727563858,0.03602919727563858,0.03602919727563858,0.03602919727563858,0.03602919727563858,0.03602919727563858,0.03602919727563858,0.03602919727563858,0.03602919727563858,0.03666333109140396,0.03602919727563858,0.03602919727563858,0.03602919727563858,0.03602919727563858
2015-11-09,0.03660518676042557,0.03647343069314957,0.03647343069314957,0.03647343069314957,0.03647343069314957,0.03647343069314957,0.03967480733990669,0.03647343069314957,0.03647343069314957,0.04834727197885513,0.03647343069314957,0.03647343069314957,0.03647343069314957,0.03647343069314957,0.03647343069314957,0.03647343069314957,0.03647343069314957,0.03647343069314957,0.03647343069314957,0.03647343069314957,0.03647343069314957,0.036483798176050186,0.03647343069314957,0.03647343069314957,0.03647343069314957,0.03647343069314957,0.03647343069314957
2015-11-10,0.036678772419691086,0.036678772419691086,0.036678772419691086,0.036678772419691086,0.036678772419691086,0.036678772419691086,0.03732765465974808,0.036678772419691086,0.036678772419691086,0.0457029826939106,0.036678772419691086,0.036678772419691086,0.036678772419691086,0.036678772419691086,0.036678772419691086,0.036678772419691086,0.036678772419691086,0.036678772419691086,0.036678772419691086,0.036678772419691086,0.036678772419691086,0.036678772419691086,0.036678772419691086,0.036678772419691086,0.036678772419691086,0.036678772419691086,0.036678772419691086
2015-11-11,0.03720542788505554,0.0368339829146862,0.0368339829146862,0.0368339829146862,0.0368339829146862,0.0368339829146862,0.0368339829146862,0.0368339829146862,0.0368339829146862,0.040243275463581085,0.0368339829146862,0.03853574022650719,0.0368339829146862,0.0368339829146862,0.0368339829146862,0.0368339829146862,0.0368339829146862,0.0368339829146862,0.0368339829146862,0.0368339829146862,0.0368339829146862,0.0368339829146862,0.0368339829146862,0.0368339829146862,0.0368339829146862,0.0368339829146862,0.0368339829146862
2015-11-12,0.036812469363212585,0.036812469363212585,0.036812469363212585,0.036812469363212585,0.036812469363212585,0.03682553395628929,0.036812469363212585,0.036812469363212585,0.036812469363212585,0.04007450118660927,0.036812469363212585,0.039600670337677,0.036812469363212585,0.036812469363212585,0.036812469363212585,0.036812469363212585,0.036812469363212585,0.036812469363212585,0.036812469363212585,0.036812469363212585,0.036812469363212585,0.036812469363212585,0.036812469363212585,0.036812469363212585,0.036812469363212585,0.036812469363212585,0.036812469363212585
2015-11-13,0.036649737507104874,0.036649737507104874,0.036649737507104874,0.036649737507104874,0.036649737507104874,0.036649737507104874,0.036649737507104874,0.036649737507104874,0.036649737507104874,0.04136066511273384,0.0370568223297596,0.03738631680607796,0.036649737507104874,0.036649737507104874,0.036649737507104874,0.036649737507104874,0.036649737507104874,0.036649737507104874,0.036649737507104874,0.036649737507104874,0.03842579945921898,0.03715432062745094,0.036649737507104874,0.036649737507104874,0.03897156938910484,0.036649737507104874,0.036649737507104874
2015-11-16,0.03690093383193016,0.03690093383193016,0.03690093383193016,0.03690093383193016,0.03690093383193016,0.03690093383193016,0.03690093383193016,0.03690093383193016,0.03690093383193016,0.03690093383193016,0.03690093383193016,0.03903841972351074,0.03690093383193016,0.03690093383193016,0.03690093383193016,0.03690093383193016,0.03690093383193016,0.03690093383193016,0.03690093383193016,0.03690093383193016,0.03782779723405838,0.03690093383193016,0.03690093383193016,0.03690093383193016,0.03734252229332924,0.03706984966993332,0.03690093383193016
2015-11-17,0.036920931190252304,0.036920931190252304,0.036920931190252304,0.036920931190252304,0.036920931190252304,0.036920931190252304,0.036920931190252304,0.036920931190252304,0.036920931190252304,0.03693293407559395,0.036920931190252304,0.04004379361867905,0.036920931190252304,0.036920931190252304,0.036920931190252304,0.036920931190252304,0.036920931190252304,0.036920931190252304,0.036920931190252304,0.036920931190252304,0.036920931190252304,0.036920931190252304,0.036920931190252304,0.036920931190252304,0.036920931190252304,0.036920931190252304,0.036920931190252304
2015-11-18,0.03689230978488922,0.03689230978488922,0.03689230978488922,0.03689230978488922,0.03689230978488922,0.03689230978488922,0.03689230978488922,0.03689230978488922,0.03689230978488922,0.03689230978488922,0.03689230978488922,0.04011838883161545,0.03689230978488922,0.03689230978488922,0.03689230978488922,0.03689230978488922,0.03689230978488922,0.03689230978488922,0.03689230978488922,0.03689230978488922,0.03689230978488922,0.03689230978488922,0.03689230978488922,0.03689230978488922,0.037573881447315216,0.03689230978488922,0.03689230978488922
2015-11-19,0.03683991730213165,0.03683991730213165,0.03683991730213165,0.03683991730213165,0.03683991730213165,0.03683991730213165,0.03683991730213165,0.03683991730213165,0.03683991730213165,0.040512584149837494,0.03683991730213165,0.03683991730213165,0.03683991730213165,0.03683991730213165,0.03683991730213165,0.03683991730213165,0.03683991730213165,0.03683991730213165,0.03683991730213165,0.03683991730213165,0.03789244592189789,0.03683991730213165,0.03683991730213165,0.03683991730213165,0.03743698075413704,0.03683991730213165,0.03683991730213165
2015-11-20,0.037538133561611176,0.03629953786730766,0.03629953786730766,0.03629953786730766,0.03629953786730766,0.03629953786730766,0.03629953786730766,0.03629953786730766,0.0377206951379776,0.04626680538058281,0.037822265177965164,0.03629953786730766,0.03629953786730766,0.03629953786730766,0.03629953786730766,0.03629953786730766,0.03629953786730766,0.03629953786730766,0.03629953786730766,0.03824213147163391,0.03775400295853615,0.03629953786730766,0.03629953786730766,0.03629953786730766,0.038665104657411575,0.03629953786730766,0.03629953786730766
2015-11-23,0.036593493074178696,0.03568178415298462,0.03568178415298462,0.036945585161447525,0.037321582436561584,0.03568178415298462,0.03568178415298462,0.03568178415298462,0.03811578452587128,0.04626377299427986,0.03920506313443184,0.03568178415298462,0.03568178415298462,0.03568178415298462,0.03568178415298462,0.03568178415298462,0.03568178415298462,0.03568178415298462,0.03568178415298462,0.043176621198654175,0.04021698981523514,0.03568178415298462,0.03568178415298462,0.03568178415298462,0.03988896310329437,0.03568178415298462,0.03568178415298462
2015-11-24,0.037584517151117325,0.035631343722343445,0.035631343722343445,0.035631343722343445,0.03707743063569069,0.035631343722343445,0.035631343722343445,0.035631343722343445,0.03837626799941063,0.047064609825611115,0.040621332824230194,0.035631343722343445,0.035631343722343445,0.035631343722343445,0.035631343722343445,0.035631343722343445,0.035631343722343445,0.035631343722343445,0.035631343722343445,0.04372746869921684,0.03944503143429756,0.035631343722343445,0.035631343722343445,0.035631343722343445,0.039107855409383774,0.035631343722343445,0.035631343722343445
2015-11-25,0.035797469317913055,0.035797469317913055,0.035797469317913055,0.035797469317913055,0.036906659603118896,0.035797469317913055,0.035797469317913055,0.035797469317913055,0.037930961698293686,0.04590705782175064,0.0419890321791172,0.035797469317913055,0.035797469317913055,0.035797469317913055,0.035797469317913055,0.035797469317913055,0.035797469317913055,0.035797469317913055,0.035797469317913055,0.04648052528500557,0.03862740099430084,0.035797469317913055,0.035797469317913055,0.035797469317913055,0.03620901331305504,0.035797469317913055,0.035797469317913055
2015-11-27,0.035810500383377075,0.035582102835178375,0.035582102835178375,0.035582102835178375,0.03940065577626228,0.035582102835178375,0.035582102835178375,0.035582102835178375,0.035582102835178375,0.04748131334781647,0.04064195230603218,0.035582102835178375,0.035582102835178375,0.03738793358206749,0.035582102835178375,0.035582102835178375,0.035582102835178375,0.035582102835178375,0.035582102835178375,0.04745928943157196,0.03930003568530083,0.035582102835178375,0.035582102835178375,0.035582102835178375,0.036458391696214676,0.035582102835178375,0.035582102835178375
2015-11-30,0.03583792969584465,0.03583792969584465,0.03583792969584465,0.03583792969584465,0.038493040949106216,0.03583792969584465,0.03583792969584465,0.03583792969584465,0.03729713708162308,0.04462159797549248,0.04084499552845955,0.03583792969584465,0.03583792969584465,0.03583792969584465,0.03583792969584465,0.03583792969584465,0.03583792969584465,0.03583792969584465,0.03583792969584465,0.04496818780899048,0.0389573909342289,0.03583792969584465,0.03583792969584465,0.03583792969584465,0.0380590483546257,0.03583792969584465,0.03583792969584465
2015-12-01,0.03615380451083183,0.03615380451083183,0.03615380451083183,0.03615380451083183,0.03615380451083183,0.03615380451083183,0.03615380451083183,0.03615380451083183,0.03718706965446472,0.043992314487695694,0.04359930381178856,0.03615380451083183,0.03615380451083183,0.03615380451083183,0.03615380451083183,0.03615380451083183,0.03615380451083183,0.03615380451083183,0.03615380451083183,0.03863070160150528,0.03739723190665245,0.03615380451083183,0.03615380451083183,0.03615380451083183,0.03996344283223152,0.03615380451083183,0.03615380451083183
2015-12-02,0.038616716861724854,0.0362858884036541,0.0362858884036541,0.0362858884036541,0.0362858884036541,0.0362858884036541,0.0362858884036541,0.0362858884036541,0.0362858884036541,0.04487987607717514,0.038881655782461166,0.036704517900943756,0.0362858884036541,0.0362858884036541,0.0362858884036541,0.0362858884036541,0.0362858884036541,0.0362858884036541,0.0362858884036541,0.039169397205114365,0.0362858884036541,0.0362858884036541,0.0362858884036541,0.0362858884036541,0.03974417597055435,0.0362858884036541,0.0362858884036541
2015-12-03,0.03598553314805031,0.03969584032893181,0.03598553314805031,0.03598553314805031,0.03598553314805031,0.03598553314805031,0.03598553314805031,0.03598553314805031,0.03598553314805031,0.03995031490921974,0.045818548649549484,0.03598553314805031,0.03598553314805031,0.03606147691607475,0.03598553314805031,0.03739400580525398,0.03598553314805031,0.03598553314805031,0.03598553314805031,0.03928891569375992,0.03698078915476799,0.03598553314805031,0.03598553314805031,0.03598553314805031,0.04108508303761482,0.03598553314805031,0.03598553314805031
2015-12-04,0.035604219883680344,0.035604219883680344,0.035604219883680344,0.035604219883680344,0.035604219883680344,0.035604219883680344,0.035604219883680344,0.035604219883680344,0.04491851478815079,0.03904632478952408,0.04804721102118492,0.035604219883680344,0.035604219883680344,0.035604219883680344,0.035604219883680344,0.035604219883680344,0.035604219883680344,0.035604219883680344,0.035604219883680344,0.03759624436497688,0.03972595930099487,0.035604219883680344,0.036089420318603516,0.035604219883680344,0.04249193146824837,0.035604219883680344,0.035604219883680344
2015-12-07,0.03581789508461952,0.03581789508461952,0.03581789508461952,0.03581789508461952,0.03601415827870369,0.03581789508461952,0.03581789508461952,0.03581789508461952,0.039084773510694504,0.041765354573726654,0.04569275304675102,0.03581789508461952,0.03581789508461952,0.03581789508461952,0.03581789508461952,0.03581789508461952,0.03581789508461952,0.03581789508461952,0.03581789508461952,0.0399244986474514,0.04166644066572189,0.03581789508461952,0.03581789508461952,0.03581789508461952,0.039494093507528305,0.03581789508461952,0.03581789508461952
2015-12-08,0.035835713148117065,0.035835713148117065,0.035835713148117065,0.035835713148117065,0.03753136843442917,0.035835713148117065,0.035835713148117065,0.035835713148117065,0.03765450417995453,0.04189010709524155,0.04397193342447281,0.035835713148117065,0.035835713148117065,0.035835713148117065,0.035835713148117065,0.035835713148117065,0.035835713148117065,0.035835713148117065,0.035835713148117065,0.04044514149427414,0.043343789875507355,0.035835713148117065,0.035835713148117065,0.035835713148117065,0.03844891116023064,0.035835713148117065,0.035835713148117065
2015-12-09,0.035920001566410065,0.03687436878681183,0.035920001566410065,0.035920001566410065,0.035920001566410065,0.035920001566410065,0.035920001566410065,0.035920001566410065,0.039622724056243896,0.03828772157430649,0.043488115072250366,0.035920001566410065,0.035920001566410065,0.035920001566410065,0.035920001566410065,0.035920001566410065,0.035920001566410065,0.035920001566410065,0.035920001566410065,0.040821176022291183,0.042411401867866516,0.035920001566410065,0.035920001566410065,0.035920001566410065,0.0400945283472538,0.035920001566410065,0.035920001566410065
2015-12-10,0.036013416945934296,0.0371282696723938,0.036013416945934296,0.036013416945934296,0.036013416945934296,0.036013416945934296,0.036013416945934296,0.036013416945934296,0.03915715962648392,0.03810937702655792,0.0414385162293911,0.036013416945934296,0.036013416945934296,0.036013416945934296,0.036013416945934296,0.036013416945934296,0.036013416945934296,0.036013416945934296,0.036013416945934296,0.044164277613162994,0.041212838143110275,0.036013416945934296,0.036013416945934296,0.036013416945934296,0.03852122649550438,0.036013416945934296,0.036013416945934296
2015-12-11,0.03616762161254883,0.036805182695388794,0.03616762161254883,0.03616762161254883,0.03616762161254883,0.03616762161254883,0.03616762161254883,0.03616762161254883,0.03824586048722267,0.03901643306016922,0.03929481282830238,0.03616762161254883,0.03616762161254883,0.03616762161254883,0.03616762161254883,0.03616762161254883,0.03616762161254883,0.03616762161254883,0.03616762161254883,0.04440823197364807,0.04079480841755867,0.03616762161254883,0.03616762161254883,0.03616762161254883,0.03808223083615303,0.03616762161254883,0.03616762161254883
2015-12-14,0.03548615798354149,0.03940298780798912,0.03826558589935303,0.03548615798354149,0.03548615798354149,0.03548615798354149,0.03548615798354149,0.03548615798354149,0.042476631700992584,0.03548615798354149,0.04214712604880333,0.03548615798354149,0.03548615798354149,0.03548615798354149,0.03548615798354149,0.03827148303389549,0.03548615798354149,0.03548615798354149,0.03548615798354149,0.040322307497262955,0.04261598363518715,0.03548615798354149,0.03548615798354149,0.03548615798354149,0.04014438018202782,0.03760266304016113,0.03548615798354149
2015-12-15,0.03598129004240036,0.037320856004953384,0.03598129004240036,0.03598129004240036,0.03598129004240036,0.03598129004240036,0.03598129004240036,0.03598129004240036,0.041151244193315506,0.03598129004240036,0.037436556071043015,0.03598129004240036,0.03598129004240036,0.03598129004240036,0.03598129004240036,0.03933314234018326,0.03598129004240036,0.03598129004240036,0.03598129004240036,0.048703014850616455,0.03984967991709709,0.03598129004240036,0.03598129004240036,0.03598129004240036,0.03598129004240036,0.036579739302396774,0.03598129004240036
2015-12-16,0.036321982741355896,0.04124026000499725,0.03612656518816948,0.03612656518816948,0.03612656518816948,0.03612656518816948,0.03612656518816948,0.03612656518816948,0.038054462522268295,0.03612656518816948,0.046967294067144394,0.03630223125219345,0.03612656518816948,0.03612656518816948,0.03612656518816948,0.038686297833919525,0.03612656518816948,0.03612656518816948,0.03612656518816948,0.03612656518816948,0.03989610821008682,0.03612656518816948,0.03612656518816948,0.03612656518816948,0.03612656518816948,0.03612656518816948,0.03612656518816948
2015-12-17,0.0450337752699852,0.03628562018275261,0.03628562018275261,0.03628562018275261,0.03628562018275261,0.03628562018275261,0.03628562018275261,0.03628562018275261,0.03628562018275261,0.03667749464511871,0.04539107903838158,0.03671050816774368,0.03628562018275261,0.03646991401910782,0.03628562018275261,0.03628562018275261,0.03628562018275261,0.03628562018275261,0.03628562018275261,0.03628562018275261,0.037719208747148514,0.03628562018275261,0.03628562018275261,0.03628562018275261,0.03628562018275261,0.03628562018275261,0.03628562018275261
2015-12-18,0.04495975375175476,0.03799227252602577,0.03631974384188652,0.03631974384188652,0.03631974384188652,0.03631974384188652,0.03631974384188652,0.03631974384188652,0.03631974384188652,0.03631974384188652,0.04217153042554855,0.03631974384188652,0.03631974384188652,0.0378192700445652,0.03631974384188652,0.03802286088466644,0.03631974384188652,0.03631974384188652,0.03631974384188652,0.03631974384188652,0.03631974384188652,0.03631974384188652,0.03631974384188652,0.03631974384188652,0.03631974384188652,0.03631974384188652,0.03631974384188652
2015-12-21,0.036663755774497986,0.04407110437750816,0.03639545291662216,0.036262236535549164,0.036262236535549164,0.036262236535549164,0.036262236535549164,0.036262236535549164,0.036262236535549164,0.036262236535549164,0.04265539348125458,0.037847086787223816,0.036262236535549164,0.036262236535549164,0.036262236535549164,0.03971409052610397,0.036262236535549164,0.036262236535549164,0.036262236535549164,0.036262236535549164,0.037408314645290375,0.036262236535549164,0.036262236535549164,0.036262236535549164,0.036262236535549164,0.036262236535549164,0.036262236535549164
2015-12-22,0.03631048649549484,0.043249763548374176,0.03645994886755943,0.03631048649549484,0.03631048649549484,0.03631048649549484,0.03631048649549484,0.03631048649549484,0.037173204123973846,0.03631048649549484,0.04319029673933983,0.03683771938085556,0.03631048649549484,0.03631048649549484,0.03631048649549484,0.03696548938751221,0.03631048649549484,0.03631048649549484,0.03631048649549484,0.03631048649549484,0.03991387411952019,0.03631048649549484,0.03631048649549484,0.03631048649549484,0.03631048649549484,0.03631048649549484,0.03631048649549484
2015-12-23,0.03619184345006943,0.037704627960920334,0.036158237606287,0.036158237606287,0.037814948707818985,0.03872578963637352,0.036158237606287,0.036158237606287,0.036158237606287,0.036158237606287,0.044386666268110275,0.039790134876966476,0.036158237606287,0.036158237606287,0.036158237606287,0.036158237606287,0.036158237606287,0.036158237606287,0.036158237606287,0.036158237606287,0.04194583743810654,0.036158237606287,0.036158237606287,0.036158237606287,0.03643368184566498,0.036158237606287,0.036158237606287
2015-12-24,0.040597934275865555,0.036737360060214996,0.03633338212966919,0.03633338212966919,0.03633338212966919,0.03633338212966919,0.03633338212966919,0.03633338212966919,0.03633338212966919,0.03812204673886299,0.043954893946647644,0.03708503767848015,0.03633338212966919,0.03633338212966919,0.03633338212966919,0.03633338212966919,0.03633338212966919,0.03633338212966919,0.03633338212966919,0.03633338212966919,0.04050171375274658,0.03633338212966919,0.03633338212966919,0.03633338212966919,0.03633338212966919,0.03633338212966919,0.03633338212966919
2015-12-28,0.04087614640593529,0.036805540323257446,0.03618885576725006,0.03618885576725006,0.03618885576725006,0.03618885576725006,0.03618885576725006,0.03618885576725006,0.03618885576725006,0.036295805126428604,0.04640370234847069,0.03966432437300682,0.03618885576725006,0.03618885576725006,0.03618885576725006,0.03618885576725006,0.03618885576725006,0.03618885576725006,0.03618885576725006,0.03618885576725006,0.039988525211811066,0.03618885576725006,0.03618885576725006,0.03618885576725006,0.03618885576725006,0.03618885576725006,0.03618885576725006
2015-12-29,0.037322986871004105,0.038995783776044846,0.03624914586544037,0.03624914586544037,0.03624914586544037,0.03624914586544037,0.03624914586544037,0.03624914586544037,0.03624914586544037,0.03624914586544037,0.045265328139066696,0.04048749804496765,0.03624914586544037,0.03624914586544037,0.03624914586544037,0.03625119850039482,0.03624914586544037,0.03624914586544037,0.03624914586544037,0.03624914586544037,0.04044511541724205,0.03624914586544037,0.03624914586544037,0.03624914586544037,0.03624914586544037,0.03624914586544037,0.03624914586544037
2015-12-30,0.04014420881867409,0.0358763188123703,0.0358763188123703,0.03934260830283165,0.0391339510679245,0.03614375367760658,0.036963049322366714,0.0358763188123703,0.037291355431079865,0.0358763188123703,0.04556252807378769,0.03776252642273903,0.0358763188123703,0.0358763188123703,0.0374264270067215,0.0358763188123703,0.0358763188123703,0.0358763188123703,0.0358763188123703,0.03936953842639923,0.036838922649621964,0.0358763188123703,0.0358763188123703,0.0358763188123703,0.0358763188123703,0.0358763188123703,0.0358763188123703
2015-12-31,0.03988705947995186,0.035966724157333374,0.035966724157333374,0.03798593953251839,0.0385296568274498,0.035966724157333374,0.035966724157333374,0.035966724157333374,0.03936897963285446,0.036603137850761414,0.047044966369867325,0.03659437969326973,0.035966724157333374,0.035966724157333374,0.036530014127492905,0.035966724157333374,0.035966724157333374,0.035966724157333374,0.035966724157333374,0.03790932893753052,0.03811226412653923,0.035966724157333374,0.035966724157333374,0.035966724157333374,0.035966724157333374,0.035966724157333374,0.035966724157333374
2016-01-04,0.037037037037037035,0.037037037037037035,0.037037037037037035,0.037037037037037035,0.037037037037037035,0.037037037037037035,0.037037037037037035,0.037037037037037035,0.037037037037037035,0.037037037037037035,0.037037037037037035,0.037037037037037035,0.037037037037037035,0.037037037037037035,0.037037037037037035,0.037037037037037035,0.037037037037037035,0.037037037037037035,0.037037037037037035,0.037037037037037035,0.037037037037037035,0.037037037037037035,0.037037037037037035,0.037037037037037035,0.037037037037037035,0.037037037037037035,0.037037037037037035
2016-01-05,0.03885764256119728,0.034181516617536545,0.03670039027929306,0.034181516617536545,0.034181516617536545,0.03834662586450577,0.034181516617536545,0.034181516617536545,0.034181516617536545,0.034181516617536545,0.03884400799870491,0.04834684357047081,0.034181516617536545,0.034181516617536545,0.03429662063717842,0.046914439648389816,0.034181516617536545,0.034181516617536545,0.035094812512397766,0.034181516617536545,0.03971830755472183,0.04209551215171814,0.034181516617536545,0.0406063087284565,0.04745570942759514,0.034181516617536545,0.034181516617536545
2016-01-06,0.03469078615307808,0.03469078615307808,0.03768052160739899,0.03469078615307808,0.03469078615307808,0.03895121067762375,0.03469078615307808,0.03469078615307808,0.03768987953662872,0.03469078615307808,0.03469078615307808,0.052611012011766434,0.03469078615307808,0.03469078615307808,0.0393756665289402,0.051864322274923325,0.03469078615307808,0.03717346116900444,0.03469078615307808,0.03469078615307808,0.03469078615307808,0.03567875176668167,0.03469078615307808,0.040841273963451385,0.03839050978422165,0.03469078615307808,0.03469078615307808
2016-01-07,0.03498558700084686,0.03498558700084686,0.03960180655121803,0.03498558700084686,0.03498558700084686,0.03743649646639824,0.03498558700084686,0.03498558700084686,0.03498558700084686,0.03498558700084686,0.035246264189481735,0.04773399233818054,0.03498558700084686,0.03498558700084686,0.036057643592357635,0.04772733896970749,0.03498558700084686,0.03498558700084686,0.03498558700084686,0.03498558700084686,0.03702539578080177,0.03998366743326187,0.03498558700084686,0.04089697450399399,0.043535396456718445,0.03498558700084686,0.03498558700084686
2016-01-08,0.04239419475197792,0.03359590098261833,0.036740466952323914,0.03359590098261833,0.03359590098261833,0.03880913555622101,0.03359590098261833,0.03359590098261833,0.03359590098261833,0.03359590098261833,0.04225563257932663,0.04647041857242584,0.03359590098261833,0.03359590098261833,0.03359590098261833,0.04718957468867302,0.03359590098261833,0.03359590098261833,0.03834463283419609,0.03359590098261833,0.0396542027592659,0.04406081512570381,0.03359590098261833,0.03814353793859482,0.04840295761823654,0.03359590098261833,0.03359590098261833
2016-01-11,0.04396450147032738,0.03377264738082886,0.03449568897485733,0.03428070619702339,0.03377264738082886,0.03599739074707031,0.03377264738082886,0.03377264738082886,0.03437675163149834,0.03387824445962906,0.044912997633218765,0.04483536630868912,0.03377264738082886,0.033801380544900894,0.03377264738082886,0.047951821237802505,0.03377264738082886,0.03377264738082886,0.03881416097283363,0.03377264738082886,0.03838949277997017,0.04356939718127251,0.03377264738082886,0.03803228586912155,0.04742805287241936,0.03377264738082886,0.03377264738082886
2016-01-12,0.0443415492773056,0.03368654102087021,0.0347149595618248,0.03368654102087021,0.03368654102087021,0.03499912470579147,0.03368654102087021,0.03368654102087021,0.03368654102087021,0.03439100459218025,0.0430869534611702,0.04413299635052681,0.03368654102087021,0.03368654102087021,0.03368654102087021,0.0487014576792717,0.03368654102087021,0.03368654102087021,0.0411086343228817,0.03368654102087021,0.03923524171113968,0.04427343234419823,0.03368654102087021,0.039036825299263,0.046679724007844925,0.03368654102087021,0.03368654102087021
2016-01-13,0.042271532118320465,0.033470269292593,0.037841081619262695,0.03714309632778168,0.033470269292593,0.03662202134728432,0.033470269292593,0.033470269292593,0.033470269292593,0.033747754991054535,0.042961426079273224,0.04281097277998924,0.033470269292593,0.033470269292593,0.033470269292593,0.04913445562124252,0.033470269292593,0.033470269292593,0.04242829978466034,0.033470269292593,0.040887489914894104,0.04514823481440544,0.033470269292593,0.033470269292593,0.04694952815771103,0.033470269292593,0.033470269292593
2016-01-14,0.04322236403822899,0.03317715600132942,0.038660869002342224,0.037289176136255264,0.03317715600132942,0.03671599179506302,0.03317715600132942,0.03317715600132942,0.03317715600132942,0.03317715600132942,0.044073209166526794,0.04070848226547241,0.03317715600132942,0.03317715600132942,0.03317715600132942,0.04959392920136452,0.03317715600132942,0.03317715600132942,0.041659411042928696,0.03317715600132942,0.04021076112985611,0.046934179961681366,0.03317715600132942,0.03363139182329178,0.049642812460660934,0.03317715600132942,0.03317715600132942
2016-01-15,0.039284732192754745,0.033493783324956894,0.04010848328471184,0.033493783324956894,0.033493783324956894,0.0400330014526844,0.033493783324956894,0.033493783324956894,0.033493783324956894,0.033493783324956894,0.04024016484618187,0.04522809386253357,0.033493783324956894,0.033493783324956894,0.03370765596628189,0.04704050347208977,0.0351337231695652,0.033493783324956894,0.04368940368294716,0.033493783324956894,0.03830982744693756,0.043468039482831955,0.033493783324956894,0.03469087928533554,0.05015255883336067,0.033493783324956894,0.033493783324956894
2016-01-19,0.04420804977416992,0.03626343235373497,0.03866639733314514,0.035161253064870834,0.03374217450618744,0.03423813730478287,0.03374217450618744,0.03374217450618744,0.03374217450618744,0.03374217450618744,0.038219697773456573,0.04161056503653526,0.03374217450618744,0.03374217450618744,0.03374217450618744,0.047007836401462555,0.03374217450618744,0.03374217450618744,0.04458879306912422,0.03374217450618744,0.0370078980922699,0.04581310227513313,0.03374217450618744,0.03604701906442642,0.048777349293231964,0.03374217450618744,0.03374217450618744
2016-01-20,0.04223230108618736,0.0336005836725235,0.03579256683588028,0.03810042142868042,0.0336005836725235,0.03683234006166458,0.0336005836725235,0.0336005836725235,0.0336005836725235,0.0336005836725235,0.04497522860765457,0.043054111301898956,0.0336005836725235,0.0336005836725235,0.0336005836725235,0.04812689125537872,0.0336005836725235,0.0336005836725235,0.039908669888973236,0.0336005836725235,0.03838304802775383,0.04502953961491585,0.0336005836725235,0.03608859330415726,0.047467537224292755,0.0336005836725235,0.0336005836725235
2016-01-21,0.04231259226799011,0.03431515395641327,0.03826812282204628,0.03910025581717491,0.033410023897886276,0.036222193390131,0.033410023897886276,0.033410023897886276,0.033410023897886276,0.033410023897886276,0.0391806960105896,0.040993787348270416,0.033410023897886276,0.033410023897886276,0.033410023897886276,0.049257416278123856,0.033410023897886276,0.033410023897886276,0.04346577078104019,0.033410023897886276,0.039712075144052505,0.04653824120759964,0.033410023897886276,0.03437606245279312,0.04851725697517395,0.033410023897886276,0.033410023897886276
2016-01-22,0.041155729442834854,0.03380647301673889,0.037708260118961334,0.035684067755937576,0.03380647301673889,0.03962711989879608,0.03380647301673889,0.03380647301673889,0.03380647301673889,0.03380647301673889,0.04005185887217522,0.04813598096370697,0.03380647301673889,0.03380647301673889,0.03582775592803955,0.04726967215538025,0.03380647301673889,0.03380647301673889,0.04030311852693558,0.03380647301673889,0.03920113295316696,0.043617863208055496,0.03380647301673889,0.03435630723834038,0.04377051070332527,0.03380647301673889,0.03380647301673889
2016-01-25,0.034982167184352875,0.034982167184352875,0.038025934249162674,0.034982167184352875,0.034982167184352875,0.0406208299100399,0.034982167184352875,0.034982167184352875,0.034982167184352875,0.034982167184352875,0.03557733818888664,0.052275292575359344,0.034982167184352875,0.034982167184352875,0.04238872975111008,0.04777144640684128,0.034982167184352875,0.034982167184352875,0.037575915455818176,0.034982167184352875,0.034982167184352875,0.03752463310956955,0.034982167184352875,0.034982167184352875,0.0385609045624733,0.034982167184352875,0.034982167184352875
2016-01-26,0.03561489284038544,0.03445737808942795,0.038435354828834534,0.036846838891506195,0.03445737808942795,0.041511170566082,0.03445737808942795,0.03445737808942795,0.03445737808942795,0.03445737808942795,0.04180906340479851,0.04715115576982498,0.03445737808942795,0.034986965358257294,0.04107241332530975,0.04612214118242264,0.03445737808942795,0.03445737808942795,0.0425381176173687,0.03445737808942795,0.03445737808942795,0.04063933342695236,0.03445737808942795,0.03445737808942795,0.03641192987561226,0.03445737808942795,0.03445737808942795
2016-01-27,0.035347435623407364,0.035347435623407364,0.03940028324723244,0.03713978826999664,0.035347435623407364,0.038511794060468674,0.035347435623407364,0.035347435623407364,0.035347435623407364,0.035347435623407364,0.039883993566036224,0.043974895030260086,0.035347435623407364,0.035347435623407364,0.04299170523881912,0.04650215059518814,0.035347435623407364,0.035347435623407364,0.03899256885051727,0.035347435623407364,0.03574270382523537,0.035700343549251556,0.035347435623407364,0.035347435623407364,0.035600729286670685,0.035347435623407364,0.035347435623407364
2016-01-28,0.03520782291889191,0.03520782291889191,0.03564021736383438,0.040004197508096695,0.035804200917482376,0.03799058496952057,0.03520782291889191,0.03520782291889191,0.03520782291889191,0.03520782291889191,0.04286833107471466,0.043292850255966187,0.03520782291889191,0.03747241571545601,0.038531895726919174,0.04787905141711235,0.03520782291889191,0.03520782291889191,0.040274329483509064,0.03520782291889191,0.03520782291889191,0.036916788667440414,0.03520782291889191,0.03520782291889191,0.03520782291889191,0.03520782291889191,0.03520782291889191
2016-01-29,0.03509853035211563,0.03509853035211563,0.03509853035211563,0.03979792818427086,0.036075249314308167,0.03719951584935188,0.03509853035211563,0.03509853035211563,0.035722095519304276,0.03509853035211563,0.04498787969350815,0.04260322451591492,0.03509853035211563,0.03857387602329254,0.03716593608260155,0.04861558601260185,0.03509853035211563,0.03509853035211563,0.04106065630912781,0.03509853035211563,0.03509853035211563,0.03662155196070671,0.03509853035211563,0.03509853035211563,0.03509853035211563,0.03509853035211563,0.03509853035211563
2016-02-01,0.03608054667711258,0.03608054667711258,0.040744345635175705,0.03608054667711258,0.038364559412002563,0.03608054667711258,0.03608054667711258,0.03608054667711258,0.03608054667711258,0.03608054667711258,0.03710925206542015,0.03927290812134743,0.03608054667711258,0.03845912963151932,0.04526247829198837,0.03917640447616577,0.03608054667711258,0.03608054667711258,0.03608054667711258,0.03608054667711258,0.03608054667711258,0.03608054667711258,0.03608054667711258,0.03608054667711258,0.03608054667711258,0.03608054667711258,0.03608054667711258
2016-02-02,0.03604700043797493,0.03604700043797493,0.04156646877527237,0.03604700043797493,0.03604700043797493,0.03604700043797493,0.03604700043797493,0.03604700043797493,0.03604700043797493,0.03604700043797493,0.03604700043797493,0.04157279431819916,0.03604700043797493,0.03956849128007889,0.04753602668642998,0.036722224205732346,0.03604700043797493,0.03604700043797493,0.03604700043797493,0.03604700043797493,0.03604700043797493,0.03604700043797493,0.03604700043797493,0.03604700043797493,0.03604700043797493,0.03604700043797493,0.03604700043797493
2016-02-03,0.036023229360580444,0.036023229360580444,0.03824896737933159,0.036023229360580444,0.03770064562559128,0.036023229360580444,0.036023229360580444,0.036023229360580444,0.036023229360580444,0.036023229360580444,0.04019155725836754,0.03993454575538635,0.036023229360580444,0.037677209824323654,0.04472348466515541,0.041059013456106186,0.036023229360580444,0.036023229360580444,0.036023229360580444,0.036023229360580444,0.036023229360580444,0.036023229360580444,0.036023229360580444,0.036023229360580444,0.036023229360580444,0.036023229360580444,0.036023229360580444
2016-02-04,0.03598545119166374,0.03598545119166374,0.03598545119166374,0.03598545119166374,0.036839257925748825,0.036054935306310654,0.03598545119166374,0.03598545119166374,0.03598545119166374,0.03598545119166374,0.03598545119166374,0.041503388434648514,0.03598545119166374,0.036063358187675476,0.045351650565862656,0.04449664428830147,0.03598545119166374,0.03598545119166374,0.03598545119166374,0.03598545119166374,0.03598545119166374,0.03598545119166374,0.03598545119166374,0.03998174890875816,0.03598545119166374,0.03598545119166374,0.03598545119166374
2016-02-05,0.03559008240699768,0.03559008240699768,0.03748778998851776,0.03559008240699768,0.03787335008382797,0.04058884084224701,0.03559008240699768,0.03559008240699768,0.03559008240699768,0.03559008240699768,0.03559008240699768,0.04242389649152756,0.03559008240699768,0.0357220284640789,0.04755015671253204,0.044839780777692795,0.03559008240699768,0.03559008240699768,0.03698224201798439,0.03559008240699768,0.03559008240699768,0.03559008240699768,0.03559008240699768,0.03591043874621391,0.03559008240699768,0.03559008240699768,0.03559008240699768
2016-02-08,0.03477197512984276,0.03477197512984276,0.03477197512984276,0.03477197512984276,0.03477197512984276,0.04293034225702286,0.03477197512984276,0.03477197512984276,0.03477197512984276,0.03477197512984276,0.03477197512984276,0.05144178867340088,0.03477197512984276,0.0349864587187767,0.03767628222703934,0.05433990806341171,0.03477197512984276,0.03477197512984276,0.0365297831594944,0.03477197512984276,0.03477197512984276,0.036308228969573975,0.03477197512984276,0.04006822779774666,0.039823416620492935,0.03477197512984276,0.03477197512984276
2016-02-09,0.03445063531398773,0.03445063531398773,0.03536395728588104,0.03445063531398773,0.03445063531398773,0.04112284630537033,0.03445063531398773,0.03445063531398773,0.03445063531398773,0.03445063531398773,0.03445063531398773,0.04980739578604698,0.03445063531398773,0.03445063531398773,0.03445063531398773,0.051258720457553864,0.03445063531398773,0.03445063531398773,0.03870514780282974,0.03445063531398773,0.03531607985496521,0.03855796903371811,0.03445063531398773,0.04216993600130081,0.047586530447006226,0.03445063531398773,0.03445063531398773
2016-02-10,0.03487160801887512,0.03487160801887512,0.03639465570449829,0.03487160801887512,0.03487160801887512,0.045871928334236145,0.03487160801887512,0.03487160801887512,0.03487160801887512,0.03487160801887512,0.03487160801887512,0.04609767720103264,0.03487160801887512,0.0379195474088192,0.038431890308856964,0.04612068459391594,0.03487160801887512,0.03487160801887512,0.036501869559288025,0.03487160801887512,0.03543481603264809,0.03688252344727516,0.03487160801887512,0.03854099288582802,0.04385765269398689,0.03487160801887512,0.03487160801887512
2016-02-11,0.034506555646657944,0.0352160707116127,0.034506555646657944,0.03578989580273628,0.034506555646657944,0.04571310058236122,0.034506555646657944,0.034506555646657944,0.03469868749380112,0.034506555646657944,0.034506555646657944,0.05366194248199463,0.034506555646657944,0.03634759411215782,0.0373762845993042,0.05462579429149628,0.034506555646657944,0.034506555646657944,0.034506555646657944,0.034506555646657944,0.034506555646657944,0.03462587669491768,0.034506555646657944,0.039910878986120224,0.03992900252342224,0.034506555646657944,0.034506555646657944
2016-02-12,0.034614235162734985,0.034614235162734985,0.03657359257340431,0.035591479390859604,0.034614235162734985,0.041465334594249725,0.034614235162734985,0.034614235162734985,0.034614235162734985,0.034614235162734985,0.03519894555211067,0.051712192595005035,0.034614235162734985,0.034614235162734985,0.034614235162734985,0.05059325322508812,0.034614235162734985,0.034614235162734985,0.035298362374305725,0.034614235162734985,0.034614235162734985,0.03936447203159332,0.034614235162734985,0.04026181250810623,0.0454985648393631,0.034614235162734985,0.034614235162734985
2016-02-16,0.03511466458439827,0.03511466458439827,0.03511466458439827,0.03511466458439827,0.03511466458439827,0.04383726790547371,0.03511466458439827,0.03511466458439827,0.03511466458439827,0.03511466458439827,0.03511466458439827,0.04777145758271217,0.03511466458439827,0.03871747478842735,0.03745584934949875,0.047729961574077606,0.03511466458439827,0.03511466458439827,0.03511466458439827,0.03511466458439827,0.035148270428180695,0.035952821373939514,0.03511466458439827,0.041901469230651855,0.0394214503467083,0.03511466458439827,0.03511466458439827
2016-02-17,0.03552519902586937,0.03552519902586937,0.03552519902586937,0.03552519902586937,0.03552519902586937,0.04122762382030487,0.03552519902586937,0.03552519902586937,0.03552519902586937,0.03552519902586937,0.03581950068473816,0.04832746088504791,0.03552519902586937,0.042488258332014084,0.04041288420557976,0.040238164365291595,0.03552519902586937,0.03552519902586937,0.03552519902586937,0.03552519902586937,0.03552519902586937,0.03552519902586937,0.03552519902586937,0.04098210111260414,0.03552519902586937,0.03552519902586937,0.03552519902586937
2016-02-18,0.0353834368288517,0.03558225557208061,0.0353834368288517,0.0353834368288517,0.0353834368288517,0.03651561588048935,0.0386284776031971,0.0353834368288517,0.03561915084719658,0.0353834368288517,0.0353834368288517,0.04223771020770073,0.0353834368288517,0.04266490787267685,0.039811279624700546,0.0353834368288517,0.038974862545728683,0.04376839101314545,0.0353834368288517,0.036461472511291504,0.0353834368288517,0.0353834368288517,0.038126397877931595,0.03878974914550781,0.0353834368288517,0.037451598793268204,0.0353834368288517
2016-02-19,0.03549899160861969,0.037196721881628036,0.0382661409676075,0.03549899160861969,0.03549899160861969,0.042441222816705704,0.03549899160861969,0.03549899160861969,0.03549899160861969,0.03549899160861969,0.03549899160861969,0.04243747144937515,0.03549899160861969,0.037583258002996445,0.04259094223380089,0.03549899160861969,0.04081235080957413,0.038840338587760925,0.03968311846256256,0.03549899160861969,0.03549899160861969,0.03549899160861969,0.03549899160861969,0.03549899160861969,0.03549899160861969,0.03666560351848602,0.03549899160861969
2016-02-22,0.03536701574921608,0.03965958207845688,0.03828102722764015,0.03536701574921608,0.03594302758574486,0.04439344257116318,0.03536701574921608,0.03536701574921608,0.03536701574921608,0.03536701574921608,0.03536701574921608,0.04250475764274597,0.03536701574921608,0.038374848663806915,0.043222106993198395,0.03989343345165253,0.03854115307331085,0.03536701574921608,0.03536701574921608,0.03536701574921608,0.03536701574921608,0.03536701574921608,0.03536701574921608,0.03794734179973602,0.03536701574921608,0.03536701574921608,0.03536701574921608
2016-02-23,0.036090485751628876,0.036224376410245895,0.036925237625837326,0.036090485751628876,0.036090485751628876,0.03764647617936134,0.036090485751628876,0.036090485751628876,0.036090485751628876,0.036090485751628876,0.036090485751628876,0.039568159729242325,0.036090485751628876,0.039629437029361725,0.036090485751628876,0.036090485751628876,0.04149012640118599,0.0428280271589756,0.036090485751628876,0.036090485751628876,0.036090485751628876,0.036090485751628876,0.036090485751628876,0.03996898606419563,0.036090485751628876,0.036090485751628876,0.036090485751628876
2016-02-24,0.03527067229151726,0.03768661245703697,0.041683755815029144,0.03527067229151726,0.03527067229151726,0.03894281014800072,0.03527067229151726,0.03527067229151726,0.03527067229151726,0.03527067229151726,0.03527067229151726,0.039979297667741776,0.03527067229151726,0.038385480642318726,0.044420406222343445,0.03527067229151726,0.03956819698214531,0.042947832494974136,0.03527067229151726,0.03527067229151726,0.03527067229151726,0.03527067229151726,0.03527067229151726,0.03674805909395218,0.03527067229151726,0.04003613442182541,0.03527067229151726
2016-02-25,0.03530881553888321,0.03530881553888321,0.0412132702767849,0.03530881553888321,0.03530881553888321,0.04023366793990135,0.03530881553888321,0.03530881553888321,0.03530881553888321,0.03530881553888321,0.03530881553888321,0.04172707349061966,0.03530881553888321,0.03754657134413719,0.04326967895030975,0.03780698776245117,0.03960525989532471,0.044926922768354416,0.03530881553888321,0.03591892495751381,0.03530881553888321,0.03530881553888321,0.03530881553888321,0.036310065537691116,0.03530881553888321,0.036500487476587296,0.03530881553888321
2016-02-26,0.03529145196080208,0.03594610095024109,0.044416479766368866,0.03529145196080208,0.03529145196080208,0.038119249045848846,0.03529145196080208,0.03529145196080208,0.03529145196080208,0.03529145196080208,0.03529145196080208,0.0374683141708374,0.03529145196080208,0.03660856932401657,0.04628928378224373,0.03564542159438133,0.03709369897842407,0.04603670910000801,0.03529145196080208,0.03529145196080208,0.03529145196080208,0.03529145196080208,0.03529145196080208,0.03652358427643776,0.03529145196080208,0.04118935763835907,0.03529145196080208
2016-02-29,0.035515423864126205,0.035515423864126205,0.04277500510215759,0.035515423864126205,0.035515423864126205,0.03914126008749008,0.035515423864126205,0.035515423864126205,0.035515423864126205,0.035515423864126205,0.035515423864126205,0.03701027110219002,0.035515423864126205,0.03610089421272278,0.045055340975522995,0.036418523639440536,0.03736397251486778,0.04613492637872696,0.035515423864126205,0.035515423864126205,0.035515423864126205,0.035515423864126205,0.035515423864126205,0.035588398575782776,0.035515423864126205,0.04064919054508209,0.035515423864126205
2016-03-01,0.035466257482767105,0.035466257482767105,0.04327809810638428,0.035466257482767105,0.035466257482767105,0.04167356342077255,0.035466257482767105,0.035466257482767105,0.035466257482767105,0.035466257482767105,0.035466257482767105,0.03845291957259178,0.035466257482767105,0.035466257482767105,0.042868491262197495,0.03778177127242088,0.039414502680301666,0.04612960293889046,0.035466257482767105,0.035466257482767105,0.035466257482767105,0.035466257482767105,0.035466257482767105,0.035466257482767105,0.035466257482767105,0.03654215857386589,0.035466257482767105
2016-03-02,0.03583615645766258,0.03583615645766258,0.03704086318612099,0.03583615645766258,0.03590090945363045,0.04360067471861839,0.03583615645766258,0.03583615645766258,0.03583615645766258,0.03583615645766258,0.03583615645766258,0.03584469109773636,0.03583615645766258,0.036269333213567734,0.05233931913971901,0.03583615645766258,0.03583615645766258,0.04005967825651169,0.03583615645766258,0.03583615645766258,0.03583615645766258,0.03583615645766258,0.03583615645766258,0.03583615645766258,0.03583615645766258,0.03805752471089363,0.03583615645766258
2016-03-03,0.035744160413742065,0.035744160413742065,0.035744160413742065,0.035744160413742065,0.03633888438344002,0.04366597905755043,0.035744160413742065,0.035744160413742065,0.0363767184317112,0.035744160413742065,0.035744160413742065,0.035744160413742065,0.035744160413742065,0.03808290883898735,0.05173104256391525,0.035744160413742065,0.03620000183582306,0.0398130901157856,0.035744160413742065,0.035744160413742065,0.035744160413742065,0.035744160413742065,0.035744160413742065,0.035744160413742065,0.035744160413742065,0.038652341812849045,0.035744160413742065
2016-03-04,0.03587563708424568,0.03587563708424568,0.03704497590661049,0.03587563708424568,0.03587563708424568,0.041401252150535583,0.03587563708424568,0.03587563708424568,0.03587563708424568,0.03587563708424568,0.03587563708424568,0.03587563708424568,0.03587563708424568,0.03816522657871246,0.05070338770747185,0.03587563708424568,0.037171751260757446,0.03890947252511978,0.03587563708424568,0.03587563708424568,0.03587563708424568,0.03587563708424568,0.03587563708424568,0.03589886799454689,0.03587563708424568,0.03906787931919098,0.03587563708424568
2016-03-07,0.03555462881922722,0.03555462881922722,0.03923468291759491,0.03555462881922722,0.036480650305747986,0.04397433251142502,0.03555462881922722,0.03555462881922722,0.03598853200674057,0.03555462881922722,0.03555462881922722,0.03593183681368828,0.03555462881922722,0.036934904754161835,0.052526120096445084,0.03555462881922722,0.0380900502204895,0.03810965269804001,0.03555462881922722,0.03555462881922722,0.03555462881922722,0.03555462881922722,0.03555462881922722,0.03555462881922722,0.03555462881922722,0.03830062597990036,0.03555462881922722
2016-03-08,0.03539226949214935,0.03539226949214935,0.03721170127391815,0.03539226949214935,0.03573836386203766,0.04240754619240761,0.03539226949214935,0.03539226949214935,0.0371447391808033,0.03539226949214935,0.03539226949214935,0.03726179525256157,0.03539226949214935,0.03861413896083832,0.05377328395843506,0.03539226949214935,0.03539226949214935,0.03988010808825493,0.03539226949214935,0.03539226949214935,0.03539226949214935,0.03539226949214935,0.03539226949214935,0.03539226949214935,0.03539226949214935,0.04090743884444237,0.03539226949214935
2016-03-09,0.03539078310132027,0.03539078310132027,0.0372387170791626,0.03539078310132027,0.035730477422475815,0.042446982115507126,0.03539078310132027,0.03539078310132027,0.03716118633747101,0.03539078310132027,0.03539078310132027,0.03727751597762108,0.03539078310132027,0.038570307195186615,0.053776875138282776,0.03539078310132027,0.03539078310132027,0.03987470269203186,0.03539078310132027,0.03539078310132027,0.03539078310132027,0.03539078310132027,0.03539078310132027,0.03539078310132027,0.03539078310132027,0.04088910296559334,0.03539078310132027
2016-03-10,0.03507969155907631,0.03507969155907631,0.04016491398215294,0.03507969155907631,0.03651151806116104,0.04593822360038757,0.03507969155907631,0.03507969155907631,0.03649549558758736,0.03507969155907631,0.03507969155907631,0.03950715810060501,0.03507969155907631,0.03622538596391678,0.05300799012184143,0.03507969155907631,0.0389188677072525,0.04010084271430969,0.03507969155907631,0.03507969155907631,0.03507969155907631,0.03507969155907631,0.03507969155907631,0.03507969155907631,0.03507969155907631,0.03677487373352051,0.03507969155907631
2016-03-11,0.03490050137042999,0.03490050137042999,0.03961770609021187,0.03490050137042999,0.03655756264925003,0.049108587205410004,0.03515457361936569,0.03490050137042999,0.03624866530299187,0.03490050137042999,0.03490050137042999,0.04142042621970177,0.03490050137042999,0.03490050137042999,0.052039843052625656,0.03490050137042999,0.04036293551325798,0.04033443704247475,0.03490050137042999,0.03490050137042999,0.03490050137042999,0.03490050137042999,0.03490050137042999,0.03490050137042999,0.03490050137042999,0.0358467772603035,0.03490050137042999
2016-03-14,0.03525364771485329,0.03525364771485329,0.03749106824398041,0.03525364771485329,0.03528892248868942,0.04686388373374939,0.03536217659711838,0.03525364771485329,0.03525364771485329,0.03525364771485329,0.03525364771485329,0.04029618576169014,0.03525364771485329,0.036398615688085556,0.05345923453569412,0.03525364771485329,0.036651719361543655,0.04055628180503845,0.03525364771485329,0.035555556416511536,0.03525364771485329,0.03525364771485329,0.03525364771485329,0.03525364771485329,0.03525364771485329,0.03801796957850456,0.03525364771485329
2016-03-15,0.03527979925274849,0.03527979925274849,0.03832140564918518,0.03527979925274849,0.03623325377702713,0.048056378960609436,0.03527979925274849,0.03527979925274849,0.03527979925274849,0.03527979925274849,0.03527979925274849,0.03938445821404457,0.03527979925274849,0.03527979925274849,0.05263453349471092,0.03527979925274849,0.038118913769721985,0.0398838147521019,0.03527979925274849,0.03569613769650459,0.03527979925274849,0.03527979925274849,0.03527979925274849,0.03527979925274849,0.03527979925274849,0.036634672433137894,0.03527979925274849
2016-03-16,0.03503495454788208,0.03503495454788208,0.03673752769827843,0.03503495454788208,0.03578305244445801,0.04622353985905647,0.03637732192873955,0.03503495454788208,0.03519768640398979,0.03503495454788208,0.03503495454788208,0.039722833782434464,0.03503495454788208,0.03551871329545975,0.05385078862309456,0.03503495454788208,0.03711581602692604,0.04239298775792122,0.03503495454788208,0.03503495454788208,0.03503495454788208,0.03503495454788208,0.03503495454788208,0.03503495454788208,0.03503495454788208,0.04052048549056053,0.03503495454788208
2016-03-17,0.03555209934711456,0.03555209934711456,0.04153548553586006,0.03555209934711456,0.03628971427679062,0.04350201413035393,0.03555209934711456,0.03555209934711456,0.03555209934711456,0.03555209934711456,0.03555209934711456,0.038626402616500854,0.03555209934711456,0.03555209934711456,0.04994584247469902,0.03555209934711456,0.04032154008746147,0.03823241591453552,0.03555209934711456,0.03555209934711456,0.03555209934711456,0.03555209934711456,0.03555209934711456,0.03555209934711456,0.03555209934711456,0.03605667129158974,0.03555209934711456
2016-03-18,0.035569097846746445,0.035569097846746445,0.0422685369849205,0.035569097846746445,0.03752497583627701,0.04376274347305298,0.035569097846746445,0.035569097846746445,0.035569097846746445,0.035569097846746445,0.035569097846746445,0.035569097846746445,0.035569097846746445,0.035569097846746445,0.04874388128519058,0.035569097846746445,0.04346340522170067,0.035569097846746445,0.035569097846746445,0.0372854508459568,0.035569097846746445,0.035569097846746445,0.035569097846746445,0.035569097846746445,0.035569097846746445,0.035569097846746445,0.035569097846746445
2016-03-21,0.03567612171173096,0.03567612171173096,0.043296970427036285,0.03567612171173096,0.038162313401699066,0.0410781167447567,0.03567612171173096,0.03567612171173096,0.03567612171173096,0.03567612171173096,0.03567612171173096,0.03567612171173096,0.03567612171173096,0.03567612171173096,0.04877237603068352,0.03567612171173096,0.04165089502930641,0.03657836467027664,0.03567612171173096,0.036938492208719254,0.03567612171173096,0.03567612171173096,0.03567612171173096,0.03567612171173096,0.03567612171173096,0.03567612171173096,0.03567612171173096
2016-03-22,0.03581159934401512,0.03581159934401512,0.04335376247763634,0.03581159934401512,0.037747759371995926,0.03989560902118683,0.03581159934401512,0.03581159934401512,0.03581159934401512,0.03581159934401512,0.03581159934401512,0.03581159934401512,0.03581159934401512,0.03581159934401512,0.04820898547768593,0.03581159934401512,0.041097089648246765,0.03692539408802986,0.03581159934401512,0.03653934970498085,0.03581159934401512,0.03581159934401512,0.03581159934401512,0.03581159934401512,0.03581159934401512,0.03581159934401512,0.03581159934401512
2016-03-23,0.035771533846855164,0.035771533846855164,0.04316525533795357,0.035771533846855164,0.035771533846855164,0.038013260811567307,0.035818587988615036,0.035771533846855164,0.035771533846855164,0.035771533846855164,0.035771533846855164,0.035771533846855164,0.035771533846855164,0.035771533846855164,0.049049731343984604,0.035771533846855164,0.03815218433737755,0.03972300514578819,0.035771533846855164,0.035771533846855164,0.035771533846855164,0.035771533846855164,0.03805208578705788,0.035771533846855164,0.035771533846855164,0.03836669772863388,0.035771533846855164
2016-03-24,0.03535672277212143,0.03535672277212143,0.03535672277212143,0.03535672277212143,0.03535672277212143,0.04657336696982384,0.038212861865758896,0.03535672277212143,0.03535672277212143,0.03535672277212143,0.03535672277212143,0.04107734188437462,0.03535672277212143,0.03535672277212143,0.05098593235015869,0.03535672277212143,0.03535672277212143,0.04277355223894119,0.03535672277212143,0.03615029901266098,0.03535672277212143,0.03535672277212143,0.03535672277212143,0.03535672277212143,0.03535672277212143,0.0370921827852726,0.03535672277212143
2016-03-28,0.03498901054263115,0.03498901054263115,0.03561095520853996,0.03498901054263115,0.03697831928730011,0.048820044845342636,0.0352231003344059,0.03498901054263115,0.038262516260147095,0.03498901054263115,0.03498901054263115,0.03873429074883461,0.03498901054263115,0.03621009364724159,0.05487056449055672,0.03660547733306885,0.03498901054263115,0.04177658259868622,0.03498901054263115,0.03498901054263115,0.03498901054263115,0.03498901054263115,0.03498901054263115,0.03498901054263115,0.03498901054263115,0.03708384558558464,0.03498901054263115
2016-03-29,0.035277191549539566,0.035277191549539566,0.03620430827140808,0.035277191549539566,0.03823364898562431,0.04871594160795212,0.03572645038366318,0.035277191549539566,0.03678878769278526,0.035277191549539566,0.035277191549539566,0.03988627716898918,0.035277191549539566,0.03617916628718376,0.05425067991018295,0.03543584793806076,0.035277191549539566,0.03869282081723213,0.035277191549539566,0.035277191549539566,0.035277191549539566,0.035277191549539566,0.035277191549539566,0.035277191549539566,0.035277191549539566,0.035450998693704605,0.035277191549539566
2016-03-30,0.03496628999710083,0.03496628999710083,0.03496628999710083,0.03496628999710083,0.03587028756737709,0.047335635870695114,0.038452282547950745,0.03496628999710083,0.0350104495882988,0.03496628999710083,0.03496628999710083,0.04005381092429161,0.03496628999710083,0.035479798913002014,0.053832557052373886,0.03496628999710083,0.03496628999710083,0.043906792998313904,0.03496628999710083,0.03551851585507393,0.03496628999710083,0.03496628999710083,0.03496628999710083,0.03496628999710083,0.03496628999710083,0.040112823247909546,0.03496628999710083
2016-03-31,0.03538212180137634,0.03538212180137634,0.03644052892923355,0.03538212180137634,0.03581470251083374,0.0387905053794384,0.03782053291797638,0.03538212180137634,0.03538212180137634,0.03538212180137634,0.03538212180137634,0.03538212180137634,0.03538212180137634,0.03538212180137634,0.04949427396059036,0.03538212180137634,0.038920458406209946,0.045459188520908356,0.03538212180137634,0.036339208483695984,0.03538212180137634,0.03538212180137634,0.0389728806912899,0.03538212180137634,0.03538212180137634,0.04045157507061958,0.03538212180137634
2016-04-01,0.0356883741915226,0.0356883741915226,0.03705553337931633,0.0356883741915226,0.0356883741915226,0.040871549397706985,0.0356883741915226,0.0356883741915226,0.0356883741915226,0.0356883741915226,0.0356883741915226,0.03861711174249649,0.0356883741915226,0.0356883741915226,0.04669440910220146,0.03693261742591858,0.038166794925928116,0.044854793697595596,0.0356883741915226,0.038728032261133194,0.0356883741915226,0.0356883741915226,0.0356883741915226,0.0356883741915226,0.0356883741915226,0.0356883741915226,0.0356883741915226
2016-04-04,0.035704780369997025,0.035704780369997025,0.03753473982214928,0.035704780369997025,0.03659554198384285,0.03608538582921028,0.03580286353826523,0.035704780369997025,0.035704780369997025,0.035704780369997025,0.035704780369997025,0.035704780369997025,0.035704780369997025,0.035959165543317795,0.047376371920108795,0.035704780369997025,0.038824763149023056,0.04527471214532852,0.035704780369997025,0.03816385194659233,0.035704780369997025,0.035704780369997025,0.039178624749183655,0.035704780369997025,0.035704780369997025,0.03792746737599373,0.035704780369997025
2016-04-05,0.036020345985889435,0.036020345985889435,0.039041921496391296,0.036020345985889435,0.037475794553756714,0.036068517714738846,0.036020345985889435,0.036020345985889435,0.036020345985889435,0.036020345985889435,0.036020345985889435,0.036020345985889435,0.036020345985889435,0.036316175013780594,0.045517925173044205,0.0369618758559227,0.03726578131318092,0.04235948622226715,0.036020345985889435,0.04062628373503685,0.036020345985889435,0.036020345985889435,0.036020345985889435,0.036020345985889435,0.036020345985889435,0.036020345985889435,0.036020345985889435
2016-04-06,0.035270337015390396,0.035270337015390396,0.03884369134902954,0.035270337015390396,0.03731086477637291,0.04537282511591911,0.035270337015390396,0.035270337015390396,0.03618483245372772,0.035270337015390396,0.035270337015390396,0.04038495570421219,0.035270337015390396,0.035270337015390396,0.04978305473923683,0.03608475252985954,0.03673693537712097,0.04166369512677193,0.035270337015390396,0.03581422194838524,0.035270337015390396,0.035270337015390396,0.035368356853723526,0.035270337015390396,0.035270337015390396,0.03739675134420395,0.035270337015390396
2016-04-07,0.03544926643371582,0.03544926643371582,0.038998883217573166,0.03544926643371582,0.03836071491241455,0.046095430850982666,0.03573562949895859,0.03544926643371582,0.03544926643371582,0.03544926643371582,0.03544926643371582,0.04105447605252266,0.03544926643371582,0.03544926643371582,0.04975771903991699,0.03544926643371582,0.03641321882605553,0.038193345069885254,0.03544926643371582,0.0357360765337944,0.03544926643371582,0.03544926643371582,0.03544926643371582,0.03544926643371582,0.03544926643371582,0.037016987800598145,0.03544926643371582
2016-04-08,0.03501313924789429,0.03501313924789429,0.04062603414058685,0.03501313924789429,0.03616118058562279,0.04253585264086723,0.03501313924789429,0.03501313924789429,0.03501313924789429,0.03501313924789429,0.03501313924789429,0.042096976190805435,0.03501313924789429,0.03501313924789429,0.0514252632856369,0.03570888563990593,0.036034781485795975,0.045471616089344025,0.03501313924789429,0.03625527769327164,0.03501313924789429,0.03501313924789429,0.03501313924789429,0.03501313924789429,0.03501313924789429,0.038460806012153625,0.03501313924789429
2016-04-11,0.035182274878025055,0.035182274878025055,0.03953965753316879,0.035182274878025055,0.03640466928482056,0.04637168347835541,0.035182274878025055,0.035182274878025055,0.03611114248633385,0.035182274878025055,0.035182274878025055,0.04319825395941734,0.035182274878025055,0.035182274878025055,0.05006517097353935,0.03714744746685028,0.03526702895760536,0.041006799787282944,0.035182274878025055,0.03650027513504028,0.035182274878025055,0.035182274878025055,0.035182274878025055,0.035182274878025055,0.035182274878025055,0.03547140210866928,0.035182274878025055
2016-04-12,0.03570420295000076,0.03570420295000076,0.04264359921216965,0.03570420295000076,0.03570420295000076,0.04280904307961464,0.03570420295000076,0.03570420295000076,0.03570420295000076,0.03570420295000076,0.03570420295000076,0.03634391725063324,0.03570420295000076,0.03570420295000076,0.05111732706427574,0.03570420295000076,0.03798854723572731,0.03903810307383537,0.03570420295000076,0.03570420295000076,0.03570420295000076,0.03570420295000076,0.03570420295000076,0.03570420295000076,0.03570420295000076,0.03597532957792282,0.03570420295000076
2016-04-13,0.03549032285809517,0.03549032285809517,0.040817741304636,0.03549032285809517,0.036171529442071915,0.04612467810511589,0.03549032285809517,0.03549032285809517,0.03549032285809517,0.03549032285809517,0.03549032285809517,0.03556523844599724,0.03549032285809517,0.03549032285809517,0.053308166563510895,0.03549032285809517,0.036816615611314774,0.03759920969605446,0.03549032285809517,0.03549032285809517,0.03549032285809517,0.03549032285809517,0.03549032285809517,0.03549032285809517,0.03549032285809517,0.0392807200551033,0.03549032285809517
2016-04-14,0.035504300147295,0.035504300147295,0.035797473043203354,0.035504300147295,0.035504300147295,0.042516108602285385,0.03589148074388504,0.035504300147295,0.035504300147295,0.035504300147295,0.035504300147295,0.035504300147295,0.03591529652476311,0.03636042773723602,0.05362452194094658,0.035504300147295,0.03558376431465149,0.04115184769034386,0.035504300147295,0.035504300147295,0.035504300147295,0.035504300147295,0.03900947794318199,0.035504300147295,0.035504300147295,0.040576498955488205,0.035504300147295
2016-04-15,0.035806454718112946,0.035806454718112946,0.035806454718112946,0.035806454718112946,0.035806454718112946,0.04189633950591087,0.035806454718112946,0.035806454718112946,0.035806454718112946,0.035806454718112946,0.035806454718112946,0.035806454718112946,0.03906453400850296,0.03728383406996727,0.04910847544670105,0.035806454718112946,0.036878105252981186,0.03944515809416771,0.035806454718112946,0.035806454718112946,0.035806454718112946,0.035806454718112946,0.03738147392868996,0.035806454718112946,0.035806454718112946,0.038619402796030045,0.035806454718112946
2016-04-18,0.035513006150722504,0.035513006150722504,0.03873038291931152,0.035513006150722504,0.035513006150722504,0.04362984001636505,0.035513006150722504,0.035513006150722504,0.035513006150722504,0.035513006150722504,0.035513006150722504,0.035513006150722504,0.037897128611803055,0.035513006150722504,0.051851339638233185,0.035513006150722504,0.037375662475824356,0.04011775180697441,0.035513006150722504,0.035513006150722504,0.035513006150722504,0.035513006150722504,0.03642777353525162,0.035513006150722504,0.035513006150722504,0.03922296315431595,0.035513006150722504
2016-04-19,0.03599133342504501,0.03599133342504501,0.040660593658685684,0.03599133342504501,0.03599133342504501,0.04294200986623764,0.037310902029275894,0.03599133342504501,0.03599133342504501,0.03599133342504501,0.03599133342504501,0.03599133342504501,0.03599133342504501,0.03599133342504501,0.04527353122830391,0.036279212683439255,0.038889672607183456,0.03881740942597389,0.03599133342504501,0.03599133342504501,0.03599133342504501,0.03599133342504501,0.03599133342504501,0.03599133342504501,0.03599133342504501,0.03599133342504501,0.03599133342504501
2016-04-20,0.035418715327978134,0.035880155861377716,0.035418715327978134,0.035418715327978134,0.035418715327978134,0.035418715327978134,0.03857657313346863,0.035418715327978134,0.035418715327978134,0.035418715327978134,0.035418715327978134,0.035418715327978134,0.036566995084285736,0.04774856939911842,0.03683173283934593,0.035418715327978134,0.04075651243329048,0.04273127019405365,0.035418715327978134,0.035418715327978134,0.035418715327978134,0.035418715327978134,0.040132805705070496,0.037512775510549545,0.035418715327978134,0.04114445298910141,0.035418715327978134
2016-04-21,0.035274915397167206,0.03940054774284363,0.040516093373298645,0.035274915397167206,0.035274915397167206,0.035274915397167206,0.035274915397167206,0.035274915397167206,0.035274915397167206,0.035274915397167206,0.035274915397167206,0.035274915397167206,0.035274915397167206,0.037884075194597244,0.03821016848087311,0.035274915397167206,0.04304762929677963,0.046795330941677094,0.035274915397167206,0.035274915397167206,0.035274915397167206,0.035274915397167206,0.0389753133058548,0.035274915397167206,0.035274915397167206,0.044947363436222076,0.035274915397167206
2016-04-22,0.03517747297883034,0.04264076426625252,0.04472645744681358,0.03517747297883034,0.03517747297883034,0.03528304025530815,0.03517747297883034,0.03517747297883034,0.03517747297883034,0.03517747297883034,0.03517747297883034,0.03517747297883034,0.03517747297883034,0.03517747297883034,0.03580644726753235,0.03517747297883034,0.041992150247097015,0.04509783163666725,0.03517747297883034,0.03517747297883034,0.03517747297883034,0.03921659290790558,0.0402105338871479,0.03517747297883034,0.03517747297883034,0.041831716895103455,0.03517747297883034
2016-04-25,0.035192567855119705,0.04133867099881172,0.037746530026197433,0.035192567855119705,0.035192567855119705,0.051107682287693024,0.035192567855119705,0.035192567855119705,0.035192567855119705,0.035192567855119705,0.035192567855119705,0.035192567855119705,0.035192567855119705,0.03836572542786598,0.044559769332408905,0.035192567855119705,0.035192567855119705,0.04075739532709122,0.035192567855119705,0.035192567855119705,0.035192567855119705,0.035192567855119705,0.035192567855119705,0.035192567855119705,0.035192567855119705,0.04227288067340851,0.035192567855119705
2016-04-26,0.03532051667571068,0.04206747189164162,0.037895768880844116,0.03532051667571068,0.03532051667571068,0.04956198111176491,0.03532051667571068,0.03532051667571068,0.03532051667571068,0.03532051667571068,0.03532051667571068,0.03532051667571068,0.03532051667571068,0.036963626742362976,0.04168578237295151,0.03654962033033371,0.03679817542433739,0.04160900041460991,0.03532051667571068,0.03532051667571068,0.03532051667571068,0.03532051667571068,0.03532051667571068,0.03532051667571068,0.03532051667571068,0.04109923914074898,0.03532051667571068
2016-04-27,0.03518285974860191,0.03942684084177017,0.03518285974860191,0.03518285974860191,0.03518285974860191,0.05083378404378891,0.03518285974860191,0.03518285974860191,0.03518285974860191,0.03518285974860191,0.03518285974860191,0.03518285974860191,0.035542141646146774,0.04341568052768707,0.047704067081213,0.03518285974860191,0.03518285974860191,0.038742516189813614,0.03518285974860191,0.03518285974860191,0.03518285974860191,0.03518285974860191,0.03518285974860191,0.03518285974860191,0.03518285974860191,0.0406777523458004,0.03518285974860191
2016-04-28,0.03561355546116829,0.04064900055527687,0.03561355546116829,0.03561355546116829,0.03561355546116829,0.044637132436037064,0.03561355546116829,0.03561355546116829,0.03561355546116829,0.03561355546116829,0.03561355546116829,0.03561355546116829,0.037845686078071594,0.041861049830913544,0.04159204289317131,0.03561355546116829,0.03561355546116829,0.03823869302868843,0.03561355546116829,0.03561355546116829,0.03561355546116829,0.03561355546116829,0.03561355546116829,0.03666431084275246,0.03561355546116829,0.04185457527637482,0.03561355546116829
2016-04-29,0.03562019392848015,0.041268110275268555,0.03741786256432533,0.03562019392848015,0.03562019392848015,0.04633059352636337,0.03562019392848015,0.03562019392848015,0.03562019392848015,0.03562019392848015,0.03562019392848015,0.03562019392848015,0.03724583610892296,0.0391932874917984,0.042878322303295135,0.03796591982245445,0.03562019392848015,0.03718552738428116,0.03859374672174454,0.03562019392848015,0.03562019392848015,0.03562019392848015,0.03562019392848015,0.03562019392848015,0.03562019392848015,0.03637755289673805,0.03562019392848015
2016-05-02,0.0357288233935833,0.045361001044511795,0.0392499677836895,0.0357288233935833,0.0357288233935833,0.04351777583360672,0.0357288233935833,0.0357288233935833,0.0357288233935833,0.0357288233935833,0.0357288233935833,0.0357288233935833,0.0357288233935833,0.0357288233935833,0.038509514182806015,0.039395738393068314,0.0357288233935833,0.0357288233935833,0.041449058800935745,0.0357288233935833,0.0357288233935833,0.03603585064411163,0.0357288233935833,0.0357288233935833,0.037633463740348816,0.0357288233935833,0.0357288233935833
2016-05-03,0.035666920244693756,0.039998020976781845,0.038254573941230774,0.035666920244693756,0.035666920244693756,0.04282797873020172,0.035666920244693756,0.035666920244693756,0.035666920244693756,0.035666920244693756,0.035666920244693756,0.03907203674316406,0.035666920244693756,0.035666920244693756,0.042679477483034134,0.04105103015899658,0.035666920244693756,0.035666920244693756,0.04118385910987854,0.035666920244693756,0.035666920244693756,0.03633768483996391,0.035666920244693756,0.035666920244693756,0.03659076616168022,0.035666920244693756,0.035666920244693756
2016-05-04,0.0353141687810421,0.03619222342967987,0.03629131242632866,0.0353141687810421,0.0353141687810421,0.04677492380142212,0.0353141687810421,0.0353141687810421,0.0353141687810421,0.0353141687810421,0.0353141687810421,0.04242907091975212,0.0353141687810421,0.0366930328309536,0.04380344599485397,0.045152656733989716,0.0353141687810421,0.03622935712337494,0.03821178525686264,0.0353141687810421,0.0353141687810421,0.03681403025984764,0.0353141687810421,0.0353141687810421,0.036381494253873825,0.0353141687810421,0.0353141687810421
2016-05-05,0.035248227417469025,0.036471277475357056,0.0376647412776947,0.035248227417469025,0.035248227417469025,0.04375748708844185,0.035248227417469025,0.035248227417469025,0.035248227417469025,0.035248227417469025,0.035703253000974655,0.04442369192838669,0.035248227417469025,0.03591274097561836,0.04428685083985329,0.04221269115805626,0.03589566797018051,0.03677830845117569,0.03856880962848663,0.035248227417469025,0.035248227417469025,0.038048453629016876,0.035248227417469025,0.035248227417469025,0.036800872534513474,0.035248227417469025,0.035248227417469025
2016-05-06,0.03524710610508919,0.03647361323237419,0.037668660283088684,0.03524710610508919,0.03524710610508919,0.04375305771827698,0.03524710610508919,0.03524710610508919,0.03524710610508919,0.03524710610508919,0.03571527823805809,0.044425323605537415,0.03524710610508919,0.035912711173295975,0.044284675270318985,0.04221069812774658,0.03589672967791557,0.036778878420591354,0.038567520678043365,0.03524710610508919,0.03524710610508919,0.038051534444093704,0.03524710610508919,0.03524710610508919,0.03680185228586197,0.03524710610508919,0.03524710610508919
2016-05-09,0.03562789037823677,0.03771360218524933,0.03562789037823677,0.03562789037823677,0.03562789037823677,0.04294869303703308,0.03562789037823677,0.03562789037823677,0.03562789037823677,0.03562789037823677,0.03562789037823677,0.04698780179023743,0.03562789037823677,0.037543825805187225,0.03919966518878937,0.0426945723593235,0.03562789037823677,0.03562789037823677,0.036443863064050674,0.03562789037823677,0.03562789037823677,0.03846130147576332,0.03562789037823677,0.03562789037823677,0.03670470789074898,0.03562789037823677,0.03562789037823677
2016-05-10,0.03518196567893028,0.038585297763347626,0.03518196567893028,0.03518196567893028,0.03518196567893028,0.0441870391368866,0.03518196567893028,0.03518196567893028,0.03518196567893028,0.03518196567893028,0.03524121642112732,0.045143503695726395,0.03518196567893028,0.039846271276474,0.040214698761701584,0.0459732823073864,0.03654903173446655,0.038339052349328995,0.03518196567893028,0.03518196567893028,0.03518196567893028,0.037827152758836746,0.03518196567893028,0.03518196567893028,0.03518196567893028,0.03518196567893028,0.03518196567893028
2016-05-11,0.035591840744018555,0.035591840744018555,0.04068706929683685,0.035591840744018555,0.035591840744018555,0.045623283833265305,0.035591840744018555,0.035591840744018555,0.035591840744018555,0.035591840744018555,0.035591840744018555,0.035591840744018555,0.03831867501139641,0.03950922191143036,0.04596853628754616,0.03935883939266205,0.035591840744018555,0.03869761526584625,0.035591840744018555,0.035591840744018555,0.035591840744018555,0.035591840744018555,0.035591840744018555,0.035591840744018555,0.035591840744018555,0.035591840744018555,0.035591840744018555
2016-05-12,0.03569602966308594,0.03569602966308594,0.03586367517709732,0.03569602966308594,0.03569602966308594,0.04569702595472336,0.03569602966308594,0.03569602966308594,0.03744148463010788,0.03569602966308594,0.03569602966308594,0.041562676429748535,0.03569602966308594,0.039975475519895554,0.04422925412654877,0.04102262109518051,0.03569602966308594,0.03569602966308594,0.03569602966308594,0.03569602966308594,0.03569602966308594,0.03569602966308594,0.03569602966308594,0.03569602966308594,0.03598317503929138,0.03569602966308594,0.03569602966308594
2016-05-13,0.035491205751895905,0.035491205751895905,0.035501621663570404,0.035491205751895905,0.035491205751895905,0.04782214015722275,0.035491205751895905,0.035491205751895905,0.0358082577586174,0.035491205751895905,0.035491205751895905,0.041531018912792206,0.035491205751895905,0.04080375283956528,0.04602763056755066,0.04213603585958481,0.035491205751895905,0.035491205751895905,0.035491205751895905,0.035491205751895905,0.035491205751895905,0.035491205751895905,0.035491205751895905,0.035491205751895905,0.03603658825159073,0.035491205751895905,0.035491205751895905
2016-05-16,0.03516104817390442,0.03516104817390442,0.03516104817390442,0.03516104817390442,0.03516104817390442,0.04857740178704262,0.03516104817390442,0.03516104817390442,0.035518087446689606,0.03516104817390442,0.03516104817390442,0.04382960870862007,0.03516104817390442,0.03926362842321396,0.0453193299472332,0.04566163197159767,0.03516104817390442,0.03516104817390442,0.03516104817390442,0.03516104817390442,0.03516104817390442,0.03516104817390442,0.03516104817390442,0.03516104817390442,0.038609351962804794,0.03516104817390442,0.03516104817390442
2016-05-17,0.03451277315616608,0.03619780018925667,0.03451277315616608,0.03451277315616608,0.03451277315616608,0.050604335963726044,0.03451277315616608,0.03451277315616608,0.03823656588792801,0.03451277315616608,0.03451277315616608,0.04716645926237106,0.03451277315616608,0.03833680972456932,0.0450291633605957,0.04825109615921974,0.03451277315616608,0.03451277315616608,0.03451277315616608,0.03451277315616608,0.03451277315616608,0.03451277315616608,0.03451277315616608,0.03600199520587921,0.03894583880901337,0.03451277315616608,0.03451277315616608
2016-05-18,0.03478880226612091,0.03478880226612091,0.037311237305402756,0.03478880226612091,0.03478880226612091,0.04815095290541649,0.03478880226612091,0.03478880226612091,0.03845491260290146,0.03478880226612091,0.03478880226612091,0.04122148081660271,0.03478880226612091,0.03478880226612091,0.04523048922419548,0.04782578721642494,0.03478880226612091,0.03573176637291908,0.04091976583003998,0.03478880226612091,0.03478880226612091,0.03478880226612091,0.03478880226612091,0.036646775901317596,0.037097226828336716,0.03478880226612091,0.03478880226612091
2016-05-19,0.03472037613391876,0.03472037613391876,0.03472037613391876,0.03472037613391876,0.03472037613391876,0.048534683883190155,0.03472037613391876,0.03472037613391876,0.0437094122171402,0.03472037613391876,0.03472037613391876,0.039631739258766174,0.03472037613391876,0.03472037613391876,0.039586395025253296,0.04611432924866676,0.03536558523774147,0.03472037613391876,0.04671766236424446,0.03472037613391876,0.03472037613391876,0.03472037613391876,0.03472037613391876,0.03653111681342125,0.0388423390686512,0.03472037613391876,0.03472037613391876
2016-05-20,0.03468208760023117,0.03777840733528137,0.03468208760023117,0.03468208760023117,0.03468208760023117,0.04306269809603691,0.03468208760023117,0.03468208760023117,0.039158232510089874,0.03468208760023117,0.03468208760023117,0.041942644864320755,0.03468208760023117,0.03468208760023117,0.03468208760023117,0.054339177906513214,0.03468208760023117,0.03869272768497467,0.03820773586630821,0.03468208760023117,0.03468208760023117,0.036900974810123444,0.03468208760023117,0.03896210342645645,0.041359804570674896,0.03468208760023117,0.03468208760023117
2016-05-23,0.03484533354640007,0.039908960461616516,0.03904835879802704,0.03484533354640007,0.03484533354640007,0.0444694384932518,0.03484533354640007,0.03484533354640007,0.03484533354640007,0.03484533354640007,0.03484533354640007,0.041163310408592224,0.03484533354640007,0.03484533354640007,0.040485773235559464,0.04812970757484436,0.037511613219976425,0.0416133850812912,0.03484533354640007,0.03484533354640007,0.03484533354640007,0.03484533354640007,0.035579416900873184,0.03825791925191879,0.03630673885345459,0.03484533354640007,0.03484533354640007
2016-05-24,0.03503330051898956,0.0426999107003212,0.039166565984487534,0.03503330051898956,0.03503330051898956,0.04405369982123375,0.03503330051898956,0.03503330051898956,0.03503330051898956,0.03503330051898956,0.03503330051898956,0.04028608649969101,0.03503330051898956,0.03503330051898956,0.036698512732982635,0.047702644020318985,0.03621452674269676,0.040739040821790695,0.03503330051898956,0.03503330051898956,0.03503330051898956,0.03503330051898956,0.0363520011305809,0.03758892044425011,0.037965353578329086,0.03503330051898956,0.03503330051898956
2016-05-25,0.035170841962099075,0.03606794402003288,0.041498638689517975,0.035170841962099075,0.035170841962099075,0.04285860061645508,0.035170841962099075,0.035170841962099075,0.035170841962099075,0.035170841962099075,0.035170841962099075,0.039335425943136215,0.035170841962099075,0.035170841962099075,0.03767716512084007,0.045670635998249054,0.04094111546874046,0.042230963706970215,0.03632089123129845,0.035170841962099075,0.035170841962099075,0.035170841962099075,0.035170841962099075,0.039033450186252594,0.0356316976249218,0.035170841962099075,0.035170841962099075
2016-05-26,0.035556718707084656,0.035556718707084656,0.035556718707084656,0.035556718707084656,0.035556718707084656,0.04279140383005142,0.03780113533139229,0.035556718707084656,0.03752386197447777,0.035556718707084656,0.035556718707084656,0.036885764449834824,0.035556718707084656,0.035556718707084656,0.037763822823762894,0.04226524755358696,0.03915280103683472,0.04222908616065979,0.035556718707084656,0.035556718707084656,0.035556718707084656,0.035556718707084656,0.037750739604234695,0.04137185961008072,0.035556718707084656,0.035556718707084656,0.035556718707084656
2016-05-27,0.03537018969655037,0.03537018969655037,0.03537018969655037,0.03537018969655037,0.03537018969655037,0.04244780167937279,0.03842999041080475,0.03537018969655037,0.038003209978342056,0.03537018969655037,0.03537018969655037,0.03791610151529312,0.03537018969655037,0.03537018969655037,0.04072177782654762,0.04403224587440491,0.03537018969655037,0.04236821085214615,0.03537018969655037,0.03537018969655037,0.03537018969655037,0.03537018969655037,0.03928403928875923,0.04013320058584213,0.03537018969655037,0.03537018969655037,0.03537018969655037
2016-05-31,0.03510735183954239,0.03510735183954239,0.03793434426188469,0.03510735183954239,0.03510735183954239,0.04049767926335335,0.03702038154006004,0.03510735183954239,0.03868396580219269,0.03510735183954239,0.03510735183954239,0.03765378147363663,0.03510735183954239,0.03510735183954239,0.04618915170431137,0.04333331063389778,0.03510735183954239,0.04467097297310829,0.03510735183954239,0.03510735183954239,0.03510735183954239,0.03510735183954239,0.03936786949634552,0.036767635494470596,0.03510735183954239,0.03616323322057724,0.03510735183954239
2016-06-01,0.03510083258152008,0.03510083258152008,0.03525513410568237,0.03510083258152008,0.03510083258152008,0.042432431131601334,0.03510083258152008,0.03510083258152008,0.03957530856132507,0.03510083258152008,0.03510083258152008,0.038952864706516266,0.03510083258152008,0.03510083258152008,0.04838678240776062,0.04220252484083176,0.03510083258152008,0.04530380666255951,0.03510083258152008,0.03510083258152008,0.03510083258152008,0.03510083258152008,0.03805823624134064,0.03801797330379486,0.03510083258152008,0.03510083258152008,0.03510083258152008
2016-06-02,0.035037290304899216,0.035037290304899216,0.03620819374918938,0.035037290304899216,0.035037290304899216,0.04344049096107483,0.03547175973653793,0.035037290304899216,0.03853246569633484,0.035037290304899216,0.035037290304899216,0.04138961434364319,0.035037290304899216,0.035037290304899216,0.046658266335725784,0.0439751036465168,0.035037290304899216,0.04432125762104988,0.035037290304899216,0.035037290304899216,0.035037290304899216,0.035037290304899216,0.03835729882121086,0.03601159527897835,0.035037290304899216,0.035037290304899216,0.035037290304899216
2016-06-03,0.035226400941610336,0.035226400941610336,0.03527974337339401,0.035226400941610336,0.035226400941610336,0.03882928937673569,0.03738699480891228,0.035226400941610336,0.03654925897717476,0.035226400941610336,0.035226400941610336,0.03842652216553688,0.035226400941610336,0.03628307580947876,0.04527502879500389,0.04365698620676994,0.035226400941610336,0.044360626488924026,0.035226400941610336,0.035226400941610336,0.035226400941610336,0.035226400941610336,0.0398310050368309,0.03967851400375366,0.035226400941610336,0.03604690358042717,0.035226400941610336
2016-06-06,0.035022757947444916,0.035778459161520004,0.04013017565011978,0.035022757947444916,0.035022757947444916,0.03964335098862648,0.037313636392354965,0.035022757947444916,0.037796564400196075,0.035022757947444916,0.035022757947444916,0.04032168909907341,0.035022757947444916,0.035022757947444916,0.042375557124614716,0.04252804070711136,0.035022757947444916,0.046707671135663986,0.035022757947444916,0.035022757947444916,0.035022757947444916,0.035022757947444916,0.04058168828487396,0.035022757947444916,0.035022757947444916,0.03645911067724228,0.035022757947444916
2016-06-07,0.03473546728491783,0.036982953548431396,0.03473546728491783,0.03473546728491783,0.03473546728491783,0.04025942087173462,0.04140442609786987,0.03473546728491783,0.0386422835290432,0.03473546728491783,0.03473546728491783,0.040429625660181046,0.03473546728491783,0.04067903757095337,0.043924007564783096,0.03540373966097832,0.03512810170650482,0.04439003765583038,0.03473546728491783,0.03473546728491783,0.03473546728491783,0.03473546728491783,0.03948913514614105,0.036118268966674805,0.03473546728491783,0.04085244610905647,0.03473546728491783
2016-06-08,0.034826625138521194,0.035402677953243256,0.034826625138521194,0.034826625138521194,0.03523895889520645,0.04460422322154045,0.03976273536682129,0.034826625138521194,0.0359431654214859,0.034826625138521194,0.034826625138521194,0.04225119948387146,0.034826625138521194,0.03664814680814743,0.04905778542160988,0.034826625138521194,0.040212709456682205,0.0420229509472847,0.034826625138521194,0.034826625138521194,0.034826625138521194,0.034826625138521194,0.03693412244319916,0.034826625138521194,0.034826625138521194,0.03952188789844513,0.034826625138521194
2016-06-09,0.03460477292537689,0.03460477292537689,0.03460477292537689,0.03460477292537689,0.03460477292537689,0.046843599528074265,0.040381163358688354,0.03460477292537689,0.03750366345047951,0.03460477292537689,0.03460477292537689,0.041622791439294815,0.03460477292537689,0.03497542068362236,0.049274951219558716,0.03567265346646309,0.039423633366823196,0.04640790447592735,0.03460477292537689,0.03460477292537689,0.03460477292537689,0.03460477292537689,0.03609634190797806,0.03460477292537689,0.03460477292537689,0.03812147304415703,0.03460477292537689
2016-06-10,0.034299448132514954,0.034299448132514954,0.034299448132514954,0.034299448132514954,0.03560805320739746,0.04651080444455147,0.0390581376850605,0.034299448132514954,0.03669775649905205,0.034299448132514954,0.034299448132514954,0.04261688143014908,0.034299448132514954,0.037902526557445526,0.051261819899082184,0.034299448132514954,0.038424935191869736,0.04682029411196709,0.034299448132514954,0.034819234162569046,0.034299448132514954,0.034299448132514954,0.034299448132514954,0.034299448132514954,0.034299448132514954,0.04148845374584198,0.034299448132514954
2016-06-13,0.034471094608306885,0.034471094608306885,0.03558632731437683,0.034471094608306885,0.035556066781282425,0.04438692703843117,0.04069026559591293,0.034471094608306885,0.03813048452138901,0.034471094608306885,0.034471094608306885,0.04075570032000542,0.034471094608306885,0.039540115743875504,0.05159158632159233,0.034471094608306885,0.03504684567451477,0.04391814395785332,0.034471094608306885,0.03468663617968559,0.034471094608306885,0.034471094608306885,0.034471094608306885,0.034471094608306885,0.034471094608306885,0.04304446652531624,0.034471094608306885
2016-06-14,0.034916654229164124,0.034916654229164124,0.03555594012141228,0.034916654229164124,0.03537978604435921,0.04216800630092621,0.04141933470964432,0.034916654229164124,0.03663429990410805,0.034916654229164124,0.034916654229164124,0.04056672379374504,0.034916654229164124,0.041908442974090576,0.05033443495631218,0.034916654229164124,0.03511831909418106,0.03925420716404915,0.034916654229164124,0.034916654229164124,0.034916654229164124,0.034916654229164124,0.034916654229164124,0.034916654229164124,0.034916654229164124,0.04299401491880417,0.034916654229164124
2016-06-15,0.035073790699243546,0.04027177393436432,0.03623146191239357,0.035073790699243546,0.035073790699243546,0.040443290024995804,0.037863314151763916,0.035073790699243546,0.03623916953802109,0.035073790699243546,0.035073790699243546,0.04446488246321678,0.035073790699243546,0.043596070259809494,0.04186670854687691,0.035073790699243546,0.03592802956700325,0.03984750807285309,0.035073790699243546,0.035073790699243546,0.035073790699243546,0.035256192088127136,0.03537268564105034,0.035635028034448624,0.035073790699243546,0.04102465510368347,0.035073790699243546
2016-06-16,0.0350312776863575,0.0415334552526474,0.03684805706143379,0.0350312776863575,0.03503495454788208,0.04134130850434303,0.03668602555990219,0.0350312776863575,0.03524758666753769,0.0350312776863575,0.0350312776863575,0.044387336820364,0.0350312776863575,0.04239106550812721,0.04467470198869705,0.0350312776863575,0.03560953959822655,0.04003319889307022,0.0350312776863575,0.0350312776863575,0.0350312776863575,0.0350312776863575,0.0350312776863575,0.0350312776863575,0.0350312776863575,0.040743667632341385,0.0350312776863575
2016-06-17,0.034832458943128586,0.04078102111816406,0.034832458943128586,0.034832458943128586,0.035210877656936646,0.04649830609560013,0.03562330827116966,0.034832458943128586,0.038751985877752304,0.034832458943128586,0.03498820587992668,0.04505152255296707,0.034832458943128586,0.03896215558052063,0.04458474740386009,0.042356159538030624,0.034832458943128586,0.037712886929512024,0.035299573093652725,0.034832458943128586,0.034832458943128586,0.034832458943128586,0.034832458943128586,0.034832458943128586,0.034832458943128586,0.036524754017591476,0.034832458943128586
2016-06-20,0.03527461737394333,0.0386020690202713,0.039390381425619125,0.03527461737394333,0.03527461737394333,0.042367078363895416,0.03527461737394333,0.03527461737394333,0.03527461737394333,0.03527461737394333,0.03527461737394333,0.042616263031959534,0.03527461737394333,0.03527461737394333,0.04194093495607376,0.04092481732368469,0.04129374399781227,0.036918118596076965,0.037677668035030365,0.03527461737394333,0.03527461737394333,0.038600411266088486,0.03527461737394333,0.03527461737394333,0.03527461737394333,0.03527461737394333,0.03527461737394333
2016-06-21,0.03547544777393341,0.03649332746863365,0.03888583183288574,0.03547544777393341,0.03547544777393341,0.04552481323480606,0.03547544777393341,0.03547544777393341,0.03547544777393341,0.03547544777393341,0.03547544777393341,0.03734612092375755,0.03547544777393341,0.04001579433679581,0.04629252851009369,0.03547544777393341,0.04063529148697853,0.036087676882743835,0.03820372372865677,0.03547544777393341,0.03547544777393341,0.03547544777393341,0.03547544777393341,0.03547544777393341,0.03547544777393341,0.03743232414126396,0.03547544777393341
2016-06-22,0.03570009768009186,0.03570009768009186,0.043360572308301926,0.03570009768009186,0.03570009768009186,0.03966090455651283,0.03570009768009186,0.03570009768009186,0.03570009768009186,0.03570009768009186,0.03570009768009186,0.0398869626224041,0.03570009768009186,0.03715718165040016,0.04565354064106941,0.037561509758234024,0.039178285747766495,0.038818515837192535,0.03612082824110985,0.03570009768009186,0.03570009768009186,0.03570009768009186,0.03570009768009186,0.03570009768009186,0.03570009768009186,0.03570009768009186,0.03570009768009186
2016-06-23,0.03553474321961403,0.03553474321961403,0.04484126344323158,0.03553474321961403,0.03553474321961403,0.04187198355793953,0.03553474321961403,0.03553474321961403,0.03553474321961403,0.03553474321961403,0.03553474321961403,0.03857368975877762,0.03553474321961403,0.03553474321961403,0.04570935294032097,0.03993290290236473,0.037296466529369354,0.03998620808124542,0.03662804886698723,0.03553474321961403,0.03553474321961403,0.03553474321961403,0.03553474321961403,0.03553474321961403,0.03553474321961403,0.03553474321961403,0.03553474321961403
2016-06-24,0.03563181310892105,0.03563181310892105,0.03684598207473755,0.03563181310892105,0.03563181310892105,0.04628969728946686,0.035857249051332474,0.03563181310892105,0.036227740347385406,0.03563181310892105,0.03563181310892105,0.04262032359838486,0.03563181310892105,0.038244131952524185,0.04572157561779022,0.03832109272480011,0.03702004253864288,0.03563181310892105,0.03563181310892105,0.03563181310892105,0.03563181310892105,0.03563181310892105,0.03563181310892105,0.03711128979921341,0.03563181310892105,0.03563181310892105,0.03563181310892105
2016-06-27,0.03432631492614746,0.038617897778749466,0.04100041836500168,0.03432631492614746,0.03738147020339966,0.04066785052418709,0.03432631492614746,0.03432631492614746,0.03432631492614746,0.03432631492614746,0.03432631492614746,0.0454082265496254,0.03432631492614746,0.03432631492614746,0.040543243288993835,0.05043087899684906,0.03432631492614746,0.03751661255955696,0.03432631492614746,0.03432631492614746,0.03432631492614746,0.040380287915468216,0.03432631492614746,0.03831607103347778,0.040516022592782974,0.03432631492614746,0.03432631492614746
2016-06-28,0.03609289973974228,0.0353923998773098,0.03846384212374687,0.03403230383992195,0.03473644703626633,0.041280120611190796,0.033784523606300354,0.033784523606300354,0.033784523606300354,0.033784523606300354,0.03999776393175125,0.04415164142847061,0.033784523606300354,0.033784523606300354,0.033784523606300354,0.053209464997053146,0.033784523606300354,0.033784523606300354,0.042104337364435196,0.033784523606300354,0.033784523606300354,0.04423609748482704,0.033784523606300354,0.03820274770259857,0.045108627527952194,0.033784523606300354,0.03379252552986145
2016-06-29,0.03424536809325218,0.03555559366941452,0.0370955765247345,0.03424536809325218,0.035992130637168884,0.04139745980501175,0.03424536809325218,0.03424536809325218,0.03424536809325218,0.03424536809325218,0.03554610535502434,0.047824375331401825,0.03424536809325218,0.03424536809325218,0.03474656492471695,0.05421285331249237,0.03424536809325218,0.034913964569568634,0.04004821926355362,0.03424536809325218,0.03424536809325218,0.0406649224460125,0.03424536809325218,0.04032288119196892,0.04224419966340065,0.03424536809325218,0.03424536809325218
2016-06-30,0.03462858125567436,0.0395515002310276,0.04165739566087723,0.03462858125567436,0.03462858125567436,0.04315773397684097,0.03462858125567436,0.03462858125567436,0.03462858125567436,0.03462858125567436,0.03462858125567436,0.0470845028758049,0.03462858125567436,0.03462858125567436,0.04015461355447769,0.04917656630277634,0.03462858125567436,0.04057085141539574,0.035596057772636414,0.03462858125567436,0.03462858125567436,0.0362374484539032,0.03462858125567436,0.03462858125567436,0.038127388805150986,0.03462858125567436,0.03462858125567436
2016-07-01,0.03524807468056679,0.03871190547943115,0.040314655750989914,0.03524807468056679,0.03632153570652008,0.04067876562476158,0.03524807468056679,0.03524807468056679,0.03524807468056679,0.03524807468056679,0.03524807468056679,0.03915499523282051,0.03524807468056679,0.037748582661151886,0.04879177734255791,0.03524807468056679,0.03592260181903839,0.041294824331998825,0.03524807468056679,0.03524807468056679,0.03524807468056679,0.03524807468056679,0.03771115839481354,0.03524807468056679,0.03524807468056679,0.039379965513944626,0.03524807468056679
2016-07-05,0.03540201857686043,0.038527827709913254,0.040030188858509064,0.03540201857686043,0.03540201857686043,0.0354878231883049,0.03540201857686043,0.03540201857686043,0.03540201857686043,0.03540201857686043,0.03540201857686043,0.03656141832470894,0.03540201857686043,0.03943260759115219,0.04551484063267708,0.03540201857686043,0.03592558205127716,0.04250752553343773,0.03540201857686043,0.03540201857686043,0.03540201857686043,0.03540201857686043,0.04119504615664482,0.03540201857686043,0.03540201857686043,0.04298282042145729,0.03540201857686043
2016-07-06,0.03509466350078583,0.042389463633298874,0.042566489428281784,0.03509466350078583,0.03509466350078583,0.038735050708055496,0.03509466350078583,0.03509466350078583,0.03509466350078583,0.03509466350078583,0.03509466350078583,0.040203794836997986,0.03509466350078583,0.03509466350078583,0.044939711689949036,0.03914683684706688,0.035651374608278275,0.04337301850318909,0.03509466350078583,0.03509466350078583,0.03509466350078583,0.03509466350078583,0.037010494619607925,0.03509466350078583,0.03509466350078583,0.03937452659010887,0.03509466350078583
2016-07-07,0.035191599279642105,0.041775405406951904,0.03732729330658913,0.035191599279642105,0.035191599279642105,0.035191599279642105,0.035191599279642105,0.035191599279642105,0.035191599279642105,0.035191599279642105,0.035191599279642105,0.03949859365820885,0.035191599279642105,0.0412614531815052,0.0461677648127079,0.035191599279642105,0.0362669937312603,0.04317743703722954,0.035191599279642105,0.035191599279642105,0.035191599279642105,0.035191599279642105,0.03725356236100197,0.037445466965436935,0.035191599279642105,0.04156886786222458,0.035191599279642105
2016-07-08,0.03511084243655205,0.042497795075178146,0.042688995599746704,0.03511084243655205,0.03511084243655205,0.038677290081977844,0.03511084243655205,0.03511084243655205,0.03511084243655205,0.03511084243655205,0.03511084243655205,0.039978500455617905,0.03511084243655205,0.03511084243655205,0.04501607269048691,0.039212074130773544,0.035911884158849716,0.04336397722363472,0.03511084243655205,0.03511084243655205,0.03511084243655205,0.03511084243655205,0.036586545407772064,0.03511084243655205,0.03511084243655205,0.039182476699352264,0.03511084243655205
2016-07-11,0.03528487682342529,0.03528487682342529,0.04295975714921951,0.03528487682342529,0.03625874221324921,0.03528487682342529,0.03528487682342529,0.03528487682342529,0.03528487682342529,0.03528487682342529,0.03528487682342529,0.03679560124874115,0.03528487682342529,0.0357544906437397,0.049497757107019424,0.03745489567518234,0.036946091800928116,0.045979149639606476,0.03528487682342529,0.03707735240459442,0.03528487682342529,0.03528487682342529,0.03528487682342529,0.03528487682342529,0.03528487682342529,0.04143323749303818,0.03528487682342529
2016-07-12,0.03523027524352074,0.03523027524352074,0.039405882358551025,0.03523027524352074,0.036722466349601746,0.038057841360569,0.035816874355077744,0.03523027524352074,0.03523027524352074,0.03523027524352074,0.03523027524352074,0.03661447763442993,0.03523027524352074,0.0364970937371254,0.05161476135253906,0.036032672971487045,0.03643307462334633,0.044521160423755646,0.03523027524352074,0.03860164061188698,0.03523027524352074,0.03523027524352074,0.03523027524352074,0.03523027524352074,0.03523027524352074,0.04122798144817352,0.03523027524352074
2016-07-13,0.0358072966337204,0.0358072966337204,0.04194968566298485,0.0358072966337204,0.0358072966337204,0.03646630421280861,0.0358072966337204,0.0358072966337204,0.0358072966337204,0.0358072966337204,0.0358072966337204,0.0358072966337204,0.040015045553445816,0.0358072966337204,0.04719489812850952,0.0358072966337204,0.03654151037335396,0.04091710224747658,0.0358072966337204,0.0358072966337204,0.0358072966337204,0.0358072966337204,0.0358072966337204,0.03733431547880173,0.0358072966337204,0.039242491126060486,0.0358072966337204
2016-07-14,0.03571026772260666,0.03571026772260666,0.04243365675210953,0.03571026772260666,0.03571026772260666,0.03571026772260666,0.03571026772260666,0.03571026772260666,0.03571026772260666,0.03571026772260666,0.03571026772260666,0.03571026772260666,0.04078453779220581,0.03571026772260666,0.04306475445628166,0.03571026772260666,0.03896764665842056,0.04094341769814491,0.03571026772260666,0.03816806897521019,0.03571026772260666,0.03571026772260666,0.03571026772260666,0.03963490575551987,0.03571026772260666,0.03750793635845184,0.03571026772260666
2016-07-15,0.03587004914879799,0.03587004914879799,0.04264384135603905,0.03587004914879799,0.03587004914879799,0.03587004914879799,0.03587004914879799,0.03587004914879799,0.03587004914879799,0.03587004914879799,0.03587004914879799,0.03587004914879799,0.03941996768116951,0.03625795617699623,0.04478832334280014,0.03587004914879799,0.04029182344675064,0.03833773732185364,0.03587004914879799,0.03673286736011505,0.03587004914879799,0.03587004914879799,0.036959197372198105,0.03587004914879799,0.03587004914879799,0.038907311856746674,0.03587004914879799
2016-07-18,0.0359308160841465,0.0359308160841465,0.04283636063337326,0.0359308160841465,0.0359308160841465,0.0359308160841465,0.0359308160841465,0.0359308160841465,0.0359308160841465,0.0359308160841465,0.0359308160841465,0.0359308160841465,0.04009244218468666,0.0359308160841465,0.045980505645275116,0.0359308160841465,0.04004637897014618,0.038925353437662125,0.0359308160841465,0.0359308160841465,0.0359308160841465,0.0359308160841465,0.03643467649817467,0.0359308160841465,0.0359308160841465,0.0370679572224617,0.0359308160841465
2016-07-19,0.03590509667992592,0.03590509667992592,0.04362012445926666,0.03590509667992592,0.03590509667992592,0.03590509667992592,0.03590509667992592,0.03590509667992592,0.03590509667992592,0.03590509667992592,0.03590509667992592,0.03590509667992592,0.03987901657819748,0.03590509667992592,0.04621906951069832,0.03590509667992592,0.040261201560497284,0.039062708616256714,0.03590509667992592,0.03590509667992592,0.03590509667992592,0.03590509667992592,0.036075424402952194,0.03590509667992592,0.03590509667992592,0.03678048402070999,0.03590509667992592
2016-07-20,0.03571753948926926,0.03571753948926926,0.0440279021859169,0.03571753948926926,0.03571753948926926,0.037979818880558014,0.03571753948926926,0.03571753948926926,0.03571753948926926,0.03571753948926926,0.03571753948926926,0.03571753948926926,0.035911962389945984,0.03571753948926926,0.048706915229558945,0.03571753948926926,0.038600604981184006,0.04054857790470123,0.03571753948926926,0.03571753948926926,0.03571753948926926,0.03571753948926926,0.03571753948926926,0.03571753948926926,0.03571753948926926,0.03987341374158859,0.03571753948926926
2016-07-21,0.03569640964269638,0.03569640964269638,0.042882464826107025,0.03569640964269638,0.03569640964269638,0.03571031987667084,0.03584348037838936,0.03569640964269638,0.03569640964269638,0.03569640964269638,0.03569640964269638,0.03569640964269638,0.03569640964269638,0.03569640964269638,0.0460810549557209,0.03569640964269638,0.03979724273085594,0.044615134596824646,0.03569640964269638,0.03745771199464798,0.03569640964269638,0.03569640964269638,0.03770153224468231,0.03569640964269638,0.03569640964269638,0.03737564757466316,0.03569640964269638
2016-07-22,0.03589899092912674,0.03589899092912674,0.04543972387909889,0.03589899092912674,0.03589899092912674,0.03618009388446808,0.03589899092912674,0.03589899092912674,0.03589899092912674,0.03589899092912674,0.03589899092912674,0.03589899092912674,0.03589899092912674,0.03589899092912674,0.04556962847709656,0.03589899092912674,0.03998354822397232,0.04136818274855614,0.03589899092912674,0.03718709200620651,0.03589899092912674,0.03589899092912674,0.03603234887123108,0.03589899092912674,0.03589899092912674,0.036158543080091476,0.03589899092912674
2016-07-25,0.035753194242715836,0.035753194242715836,0.04324397072196007,0.035753194242715836,0.035753194242715836,0.03707471489906311,0.035753194242715836,0.035753194242715836,0.035753194242715836,0.035753194242715836,0.035753194242715836,0.035753194242715836,0.035753194242715836,0.035753194242715836,0.043447960168123245,0.035753194242715836,0.04240452125668526,0.044760268181562424,0.035753194242715836,0.03732636570930481,0.035753194242715836,0.035753194242715836,0.036678336560726166,0.035753194242715836,0.035753194242715836,0.035753194242715836,0.035753194242715836
2016-07-26,0.035486362874507904,0.035486362874507904,0.0420868918299675,0.035486362874507904,0.035486362874507904,0.04226754233241081,0.035486362874507904,0.035486362874507904,0.035486362874507904,0.035486362874507904,0.035486362874507904,0.035486362874507904,0.035486362874507904,0.035486362874507904,0.050574399530887604,0.03721404820680618,0.035486362874507904,0.042436812072992325,0.035486362874507904,0.040068142116069794,0.035486362874507904,0.035486362874507904,0.035486362874507904,0.035486362874507904,0.035486362874507904,0.035624824464321136,0.035486362874507904
2016-07-27,0.035417571663856506,0.035417571663856506,0.042964622378349304,0.035417571663856506,0.035417571663856506,0.04478282108902931,0.035417571663856506,0.035417571663856506,0.035417571663856506,0.035417571663856506,0.035417571663856506,0.035417571663856506,0.035417571663856506,0.035417571663856506,0.051964279264211655,0.035417571663856506,0.035417571663856506,0.04147079959511757,0.035417571663856506,0.037117552012205124,0.035417571663856506,0.035417571663856506,0.035417571663856506,0.035417571663856506,0.035417571663856506,0.0379309244453907,0.035417571663856506
2016-07-28,0.03561544045805931,0.03561544045805931,0.040629174560308456,0.03561544045805931,0.03561544045805931,0.03800529986619949,0.03561544045805931,0.03561544045805931,0.03561544045805931,0.03561544045805931,0.03561544045805931,0.03561544045805931,0.03561544045805931,0.03658553585410118,0.056208398193120956,0.03561544045805931,0.03561544045805931,0.04298887774348259,0.03561544045805931,0.03561544045805931,0.03561544045805931,0.03561544045805931,0.03561544045805931,0.03561544045805931,0.03561544045805931,0.03765846788883209,0.03561544045805931
2016-07-29,0.03530356287956238,0.03530356287956238,0.038476601243019104,0.03530356287956238,0.03530356287956238,0.040278248488903046,0.03530356287956238,0.03530356287956238,0.03530356287956238,0.03530356287956238,0.03530356287956238,0.03530356287956238,0.03530356287956238,0.03530356287956238,0.055291272699832916,0.03530356287956238,0.03530356287956238,0.04796167463064194,0.03530356287956238,0.03530356287956238,0.03530356287956238,0.03530356287956238,0.03648780658841133,0.03530356287956238,0.03530356287956238,0.040129564702510834,0.03530356287956238
2016-08-01,0.035091254860162735,0.035091254860162735,0.03534615412354469,0.035091254860162735,0.035091254860162735,0.04141900688409805,0.035091254860162735,0.035091254860162735,0.035091254860162735,0.035091254860162735,0.035091254860162735,0.036396779119968414,0.035091254860162735,0.037154827266931534,0.051383037120103836,0.039425477385520935,0.035091254860162735,0.04736797511577606,0.035091254860162735,0.035091254860162735,0.035091254860162735,0.035091254860162735,0.04018929600715637,0.035091254860162735,0.035091254860162735,0.039674874395132065,0.035091254860162735
2016-08-02,0.03530434891581535,0.03530434891581535,0.03790534660220146,0.03530434891581535,0.03530434891581535,0.03713778033852577,0.03530434891581535,0.03530434891581535,0.03530434891581535,0.03530434891581535,0.03530434891581535,0.036030422896146774,0.03530434891581535,0.03632945939898491,0.04916602373123169,0.03807833790779114,0.03530434891581535,0.05021626129746437,0.03530434891581535,0.03530434891581535,0.03530434891581535,0.03530434891581535,0.03978264704346657,0.03577319532632828,0.03530434891581535,0.039406582713127136,0.03530434891581535
2016-08-03,0.03541447967290878,0.03541447967290878,0.04197848215699196,0.03541447967290878,0.03541447967290878,0.0365385003387928,0.03541447967290878,0.03541447967290878,0.03541447967290878,0.03541447967290878,0.03541447967290878,0.03680793195962906,0.03541447967290878,0.03541447967290878,0.04850098118185997,0.03657666966319084,0.03541447967290878,0.048480454832315445,0.03541447967290878,0.03541447967290878,0.03541447967290878,0.03541447967290878,0.038552749902009964,0.03541447967290878,0.03541447967290878,0.03968911990523338,0.03541447967290878
2016-08-04,0.03562674671411514,0.03562674671411514,0.03853708133101463,0.03562674671411514,0.03562674671411514,0.035864267498254776,0.03562674671411514,0.03562674671411514,0.03562674671411514,0.03562674671411514,0.03562674671411514,0.037575021386146545,0.03562674671411514,0.03562674671411514,0.04911147803068161,0.03941606357693672,0.03562674671411514,0.04519015550613403,0.03562674671411514,0.03562674671411514,0.03562674671411514,0.03562674671411514,0.039022382348775864,0.03796890750527382,0.03562674671411514,0.03603318706154823,0.03562674671411514
2016-08-05,0.035518769174814224,0.035518769174814224,0.04171416908502579,0.035518769174814224,0.035518769174814224,0.035725004971027374,0.035518769174814224,0.035518769174814224,0.035518769174814224,0.035518769174814224,0.035518769174814224,0.03683789446949959,0.035518769174814224,0.035518769174814224,0.04858127608895302,0.03736499324440956,0.035518769174814224,0.04719911143183708,0.035518769174814224,0.035518769174814224,0.035518769174814224,0.035518769174814224,0.038594476878643036,0.035842813551425934,0.035518769174814224,0.03880241885781288,0.035518769174814224
2016-08-08,0.03558746352791786,0.03558746352791786,0.04199031740427017,0.03558746352791786,0.03558746352791786,0.04014110565185547,0.03558746352791786,0.03558746352791786,0.03558746352791786,0.03558746352791786,0.03558746352791786,0.03558746352791786,0.03558746352791786,0.03558746352791786,0.05223891884088516,0.03646441549062729,0.03558746352791786,0.04473277926445007,0.03558746352791786,0.03558746352791786,0.03558746352791786,0.03558746352791786,0.03558746352791786,0.03558746352791786,0.03558746352791786,0.03709578141570091,0.03558746352791786
2016-08-09,0.035908713936805725,0.035908713936805725,0.04455236345529556,0.035908713936805725,0.035908713936805725,0.038443952798843384,0.035908713936805725,0.035908713936805725,0.035908713936805725,0.035908713936805725,0.035908713936805725,0.035908713936805725,0.035908713936805725,0.035908713936805725,0.0467849001288414,0.035908713936805725,0.03896085172891617,0.04067287594079971,0.035908713936805725,0.035908713936805725,0.03650202974677086,0.035908713936805725,0.035908713936805725,0.035908713936805725,0.035908713936805725,0.035908713936805725,0.035908713936805725
2016-08-10,0.035908713936805725,0.035908713936805725,0.04455234855413437,0.035908713936805725,0.035908713936805725,0.03844403475522995,0.035908713936805725,0.035908713936805725,0.035908713936805725,0.035908713936805725,0.035908713936805725,0.035908713936805725,0.035908713936805725,0.035908713936805725,0.04678516462445259,0.035908713936805725,0.03896068409085274,0.040672823786735535,0.035908713936805725,0.035908713936805725,0.03650191053748131,0.035908713936805725,0.035908713936805725,0.035908713936805725,0.035908713936805725,0.035908713936805725,0.035908713936805725
2016-08-11,0.03577055037021637,0.03577055037021637,0.0448756143450737,0.03577055037021637,0.03577055037021637,0.03577055037021637,0.03577055037021637,0.03577055037021637,0.03577055037021637,0.03577055037021637,0.03577055037021637,0.03577055037021637,0.03577055037021637,0.03577055037021637,0.04896354302763939,0.03577055037021637,0.03702196106314659,0.045795559883117676,0.03577055037021637,0.035792089998722076,0.03577055037021637,0.03577055037021637,0.03577055037021637,0.03577055037021637,0.03577055037021637,0.036369726061820984,0.03577055037021637
2016-08-12,0.03588905557990074,0.03588905557990074,0.045295409858226776,0.03588905557990074,0.03588905557990074,0.03588905557990074,0.03588905557990074,0.03588905557990074,0.03588905557990074,0.03588905557990074,0.03588905557990074,0.03588905557990074,0.03588905557990074,0.03588905557990074,0.04716262221336365,0.03643234074115753,0.03644319251179695,0.04389047995209694,0.03588905557990074,0.0371057465672493,0.03588905557990074,0.03588905557990074,0.03588905557990074,0.03588905557990074,0.03588905557990074,0.03588905557990074,0.03588905557990074
2016-08-15,0.03605261817574501,0.03605261817574501,0.04542473331093788,0.03605261817574501,0.03605261817574501,0.03605261817574501,0.03605261817574501,0.03605261817574501,0.03605261817574501,0.03605261817574501,0.03605261817574501,0.03605261817574501,0.03605261817574501,0.03605261817574501,0.04394784942269325,0.03605261817574501,0.03851909935474396,0.04268204793334007,0.03605261817574501,0.03605261817574501,0.03626864403486252,0.03605261817574501,0.03605261817574501,0.03605261817574501,0.03605261817574501,0.03605261817574501,0.03605261817574501
2016-08-16,0.036033984273672104,0.036033984273672104,0.0401616171002388,0.036033984273672104,0.036033984273672104,0.04299814626574516,0.036033984273672104,0.036033984273672104,0.036033984273672104,0.036033984273672104,0.036033984273672104,0.036186583340168,0.036033984273672104,0.036033984273672104,0.05122147127985954,0.036033984273672104,0.036033984273672104,0.036684539169073105,0.036033984273672104,0.036033984273672104,0.036033984273672104,0.036033984273672104,0.036033984273672104,0.036033984273672104,0.036033984273672104,0.036033984273672104,0.036033984273672104
2016-08-17,0.03613610938191414,0.03613610938191414,0.037867605686187744,0.03613610938191414,0.03613610938191414,0.04449523240327835,0.03613610938191414,0.03613610938191414,0.03613610938191414,0.03613610938191414,0.03613610938191414,0.03756232187151909,0.03613610938191414,0.03613610938191414,0.04592643678188324,0.03819674625992775,0.03613610938191414,0.03613610938191414,0.03613610938191414,0.03613610938191414,0.03613610938191414,0.03613610938191414,0.03613610938191414,0.03613610938191414,0.0370933972299099,0.03613610938191414,0.03613610938191414
2016-08-18,0.035733263939619064,0.035733263939619064,0.03826969861984253,0.035733263939619064,0.035733263939619064,0.043220289051532745,0.035733263939619064,0.035733263939619064,0.035733263939619064,0.035733263939619064,0.035733263939619064,0.03765741363167763,0.035733263939619064,0.035733263939619064,0.04899846017360687,0.045722298324108124,0.035733263939619064,0.035733263939619064,0.035733263939619064,0.035733263939619064,0.035733263939619064,0.035733263939619064,0.035733263939619064,0.035733263939619064,0.035733263939619064,0.035733263939619064,0.035733263939619064
2016-08-19,0.03641778975725174,0.03641778975725174,0.03907528519630432,0.03641778975725174,0.03641778975725174,0.03641778975725174,0.03641778975725174,0.03641778975725174,0.03641778975725174,0.03641778975725174,0.03641778975725174,0.03641778975725174,0.03641778975725174,0.03641778975725174,0.04590977728366852,0.03641778975725174,0.03669639304280281,0.03749891370534897,0.03641778975725174,0.03641778975725174,0.03852878138422966,0.03641778975725174,0.03751718997955322,0.03641778975725174,0.03641778975725174,0.03641778975725174,0.03641778975725174
2016-08-22,0.036279842257499695,0.036279842257499695,0.042341314256191254,0.036279842257499695,0.036279842257499695,0.038234248757362366,0.036279842257499695,0.036279842257499695,0.036279842257499695,0.036279842257499695,0.036279842257499695,0.036279842257499695,0.036279842257499695,0.036279842257499695,0.045541662722826004,0.03791234269738197,0.036279842257499695,0.036279842257499695,0.036279842257499695,0.036279842257499695,0.037813909351825714,0.036279842257499695,0.036279842257499695,0.036279842257499695,0.036279842257499695,0.036279842257499695,0.036279842257499695
2016-08-23,0.035979706794023514,0.035979706794023514,0.04378945380449295,0.035979706794023514,0.035979706794023514,0.04275897517800331,0.035979706794023514,0.035979706794023514,0.035979706794023514,0.035979706794023514,0.035979706794023514,0.035979706794023514,0.035979706794023514,0.035979706794023514,0.047408875077962875,0.03762473911046982,0.035979706794023514,0.035979706794023514,0.035979706794023514,0.035979706794023514,0.03686443716287613,0.035979706794023514,0.035979706794023514,0.035979706794023514,0.035979706794023514,0.035979706794023514,0.035979706794023514
2016-08-24,0.03604830056428909,0.03604830056428909,0.04446834325790405,0.03604830056428909,0.03604830056428909,0.04084106162190437,0.03604830056428909,0.03604830056428909,0.03604830056428909,0.03604830056428909,0.03604830056428909,0.03604830056428909,0.03604830056428909,0.03604830056428909,0.04555840790271759,0.03604830056428909,0.03779341280460358,0.03604830056428909,0.03604830056428909,0.03604830056428909,0.03827611729502678,0.03604830056428909,0.03604830056428909,0.03604830056428909,0.03604830056428909,0.03604830056428909,0.03604830056428909
2016-08-25,0.03566533327102661,0.03566533327102661,0.04225748032331467,0.03566533327102661,0.03566533327102661,0.04566635936498642,0.03566533327102661,0.03566533327102661,0.03566533327102661,0.03566533327102661,0.03566533327102661,0.03566533327102661,0.03566533327102661,0.03566533327102661,0.0451291985809803,0.039787426590919495,0.03566533327102661,0.03566533327102661,0.039356935769319534,0.03566533327102661,0.036754682660102844,0.03566533327102661,0.03566533327102661,0.03566533327102661,0.03774126619100571,0.03566533327102661,0.03566533327102661
2016-08-26,0.035901691764593124,0.035901691764593124,0.03815189376473427,0.035901691764593124,0.035901691764593124,0.04722246900200844,0.035901691764593124,0.03665788099169731,0.035901691764593124,0.035901691764593124,0.035901691764593124,0.035901691764593124,0.035901691764593124,0.035901691764593124,0.04289090260863304,0.040554240345954895,0.035901691764593124,0.035901691764593124,0.03946999832987785,0.035901691764593124,0.035901691764593124,0.035901691764593124,0.035901691764593124,0.035901691764593124,0.037018805742263794,0.035901691764593124,0.035901691764593124
2016-08-29,0.03590477630496025,0.03590477630496025,0.038119345903396606,0.03590477630496025,0.03590477630496025,0.047158122062683105,0.03590477630496025,0.03674915060400963,0.03590477630496025,0.03590477630496025,0.03590477630496025,0.03590477630496025,0.03590477630496025,0.03590477630496025,0.04284118860960007,0.04055492579936981,0.03590477630496025,0.03590477630496025,0.039433952420949936,0.03590477630496025,0.03590477630496025,0.03590477630496025,0.03590477630496025,0.03590477630496025,0.0370478555560112,0.03590477630496025,0.03590477630496025
2016-08-30,0.03611243516206741,0.03611243516206741,0.03611243516206741,0.03611243516206741,0.03611243516206741,0.047691985964775085,0.03611243516206741,0.036918289959430695,0.03611243516206741,0.03611243516206741,0.03611243516206741,0.036734506487846375,0.03611243516206741,0.03611243516206741,0.04395153000950813,0.03823331370949745,0.03611243516206741,0.03611243516206741,0.03611243516206741,0.03611243516206741,0.03611243516206741,0.03611243516206741,0.03611243516206741,0.03611243516206741,0.03810926154255867,0.03611243516206741,0.03611243516206741
2016-08-31,0.036207497119903564,0.036207497119903564,0.03774254396557808,0.036207497119903564,0.036207497119903564,0.04361110180616379,0.036207497119903564,0.04076283797621727,0.036207497119903564,0.036207497119903564,0.036207497119903564,0.036890968680381775,0.036207497119903564,0.036207497119903564,0.03848113864660263,0.036207497119903564,0.03987796977162361,0.036207497119903564,0.036207497119903564,0.036207497119903564,0.037292081862688065,0.036207497119903564,0.036207497119903564,0.037398941814899445,0.036207497119903564,0.036207497119903564,0.036207497119903564
2016-09-01,0.03586762398481369,0.03586762398481369,0.03808313608169556,0.03586762398481369,0.03586762398481369,0.0456848107278347,0.03586762398481369,0.03692898899316788,0.03586762398481369,0.03586762398481369,0.03586762398481369,0.03754338249564171,0.03586762398481369,0.03586762398481369,0.04403199255466461,0.04142484441399574,0.03586762398481369,0.03586762398481369,0.03694799542427063,0.03586762398481369,0.03680593520402908,0.03586762398481369,0.03586762398481369,0.03693172335624695,0.03586762398481369,0.03586762398481369,0.03586762398481369
2016-09-02,0.03595373034477234,0.03595373034477234,0.03802380710840225,0.03595373034477234,0.03595373034477234,0.04676944762468338,0.03595373034477234,0.03595373034477234,0.03595373034477234,0.03595373034477234,0.03595373034477234,0.03628799691796303,0.03595373034477234,0.03595373034477234,0.042648281902074814,0.04442732036113739,0.03595373034477234,0.03595373034477234,0.03595373034477234,0.03595373034477234,0.036058031022548676,0.03595373034477234,0.03595373034477234,0.03671051189303398,0.03595373034477234,0.03595373034477234,0.03595373034477234
2016-09-06,0.03591912239789963,0.03591912239789963,0.04012320563197136,0.03591912239789963,0.03591912239789963,0.04444360360503197,0.03591912239789963,0.03591912239789963,0.03591912239789963,0.03591912239789963,0.03591912239789963,0.0385013148188591,0.03591912239789963,0.03591912239789963,0.044022832065820694,0.04030671715736389,0.037653446197509766,0.03656640276312828,0.03591912239789963,0.03591912239789963,0.03591912239789963,0.03591912239789963,0.03591912239789963,0.03591912239789963,0.03591912239789963,0.03591912239789963,0.03591912239789963
2016-09-07,0.03619318827986717,0.03619318827986717,0.03906480222940445,0.03619318827986717,0.03619318827986717,0.04701653867959976,0.03619318827986717,0.03619318827986717,0.03619318827986717,0.03619318827986717,0.03619318827986717,0.03619318827986717,0.03619318827986717,0.03619318827986717,0.04395090416073799,0.03619318827986717,0.03668808192014694,0.03619318827986717,0.03619318827986717,0.03619318827986717,0.03702950477600098,0.03619318827986717,0.03619318827986717,0.03619318827986717,0.03619318827986717,0.03619318827986717,0.03619318827986717
2016-09-08,0.03599626570940018,0.03599626570940018,0.03988245874643326,0.03599626570940018,0.03599626570940018,0.04306809604167938,0.03599626570940018,0.03599626570940018,0.03599626570940018,0.03599626570940018,0.03599626570940018,0.03599626570940018,0.03599626570940018,0.03599626570940018,0.045730408281087875,0.03599626570940018,0.03927377238869667,0.03599626570940018,0.03599626570940018,0.03599626570940018,0.04012744501233101,0.03599626570940018,0.03599626570940018,0.03599626570940018,0.03599626570940018,0.03599626570940018,0.03599626570940018
2016-09-09,0.03564027324318886,0.03564027324318886,0.04134704917669296,0.03564027324318886,0.03564027324318886,0.04316330328583717,0.03564027324318886,0.03564027324318886,0.03564027324318886,0.03564027324318886,0.03564027324318886,0.03625991940498352,0.03564027324318886,0.03564027324318886,0.04827732592821121,0.040433675050735474,0.03564027324318886,0.03564027324318886,0.039079342037439346,0.03564027324318886,0.03781796991825104,0.03564027324318886,0.03564027324318886,0.036456238478422165,0.03564027324318886,0.03564027324318886,0.03564027324318886
2016-09-12,0.0416317954659462,0.036215342581272125,0.041123613715171814,0.03396562859416008,0.03396562859416008,0.045263659209012985,0.03396562859416008,0.03396562859416008,0.03396562859416008,0.03396562859416008,0.03396562859416008,0.03510328754782677,0.03396562859416008,0.03396562859416008,0.03396562859416008,0.04554765671491623,0.034884411841630936,0.03396562859416008,0.04340152069926262,0.03396562859416008,0.03898432105779648,0.04486871883273125,0.03396562859416008,0.034774962812662125,0.04871629923582077,0.03396562859416008,0.03396562859416008
2016-09-13,0.03902873396873474,0.03685078024864197,0.03713691607117653,0.03470449894666672,0.03470449894666672,0.04226141795516014,0.03470449894666672,0.03470449894666672,0.03470449894666672,0.03470449894666672,0.03470449894666672,0.03719724342226982,0.03470449894666672,0.03470449894666672,0.03470449894666672,0.04388554394245148,0.03559940680861473,0.03470449894666672,0.04111573100090027,0.03470449894666672,0.04089612513780594,0.04325701296329498,0.03470449894666672,0.036806125193834305,0.04539745673537254,0.03470449894666672,0.03470449894666672
2016-09-14,0.04031896963715553,0.03579789772629738,0.03892744705080986,0.03507286310195923,0.03415369987487793,0.04156487062573433,0.03415369987487793,0.03415369987487793,0.03415369987487793,0.03415369987487793,0.03601052239537239,0.03709546849131584,0.03415369987487793,0.03415369987487793,0.03415369987487793,0.044639501720666885,0.03415369987487793,0.03415369987487793,0.041300125420093536,0.03415369987487793,0.04100888594985008,0.04669145867228508,0.03415369987487793,0.03523515164852142,0.04818496108055115,0.03415369987487793,0.03415369987487793
2016-09-15,0.03735481947660446,0.03529120609164238,0.03776441141963005,0.036199990659952164,0.03529120609164238,0.04133784770965576,0.03529120609164238,0.03529120609164238,0.03529120609164238,0.03529120609164238,0.03718840330839157,0.03529120609164238,0.03529120609164238,0.03529120609164238,0.03733966499567032,0.04423147439956665,0.03529120609164238,0.03529120609164238,0.035478364676237106,0.03529120609164238,0.041787080466747284,0.04056382179260254,0.03529120609164238,0.03921454772353172,0.04217149317264557,0.03529120609164238,0.03529120609164238
2016-09-16,0.0355895571410656,0.0355895571410656,0.039661381393671036,0.0355895571410656,0.0355895571410656,0.044732145965099335,0.0355895571410656,0.0355895571410656,0.0355895571410656,0.0355895571410656,0.03900279477238655,0.0365164540708065,0.0355895571410656,0.0355895571410656,0.04171203449368477,0.03890374302864075,0.0355895571410656,0.03587811812758446,0.0355895571410656,0.0355895571410656,0.03891190513968468,0.04024498909711838,0.0355895571410656,0.0355895571410656,0.0394139289855957,0.0355895571410656,0.0355895571410656
2016-09-19,0.035793811082839966,0.035793811082839966,0.04100187495350838,0.035793811082839966,0.036326926201581955,0.043262362480163574,0.035793811082839966,0.035793811082839966,0.035793811082839966,0.035793811082839966,0.035793811082839966,0.035793811082839966,0.035793811082839966,0.035793811082839966,0.04818267002701759,0.03943643718957901,0.035793811082839966,0.037470631301403046,0.035793811082839966,0.035793811082839966,0.03706377372145653,0.03631260618567467,0.035793811082839966,0.03665415942668915,0.035793811082839966,0.035793811082839966,0.035793811082839966
2016-09-20,0.03563077747821808,0.03563077747821808,0.04212119057774544,0.03563077747821808,0.03705744072794914,0.04422585293650627,0.03563077747821808,0.03563077747821808,0.03563077747821808,0.03563077747821808,0.03563077747821808,0.03563077747821808,0.03563077747821808,0.03563077747821808,0.04470432922244072,0.039573654532432556,0.03739067167043686,0.03660687059164047,0.03563077747821808,0.03563077747821808,0.03845607489347458,0.03850993141531944,0.03563077747821808,0.03563077747821808,0.03563077747821808,0.03563077747821808,0.03563077747821808
2016-09-21,0.03548811376094818,0.03548811376094818,0.04329201579093933,0.03548811376094818,0.03580107167363167,0.045846570283174515,0.03548811376094818,0.03548811376094818,0.03548811376094818,0.03548811376094818,0.03548811376094818,0.03548811376094818,0.03548811376094818,0.03548811376094818,0.042754821479320526,0.0386359877884388,0.03967663273215294,0.03769271448254585,0.03548811376094818,0.03548811376094818,0.03673197329044342,0.04011102393269539,0.03548811376094818,0.03548811376094818,0.036159198731184006,0.03548811376094818,0.03548811376094818
2016-09-22,0.03523271530866623,0.03523271530866623,0.04343428835272789,0.03523271530866623,0.03523271530866623,0.042336463928222656,0.03523271530866623,0.03523271530866623,0.03523271530866623,0.03523271530866623,0.03523271530866623,0.038046613335609436,0.03523271530866623,0.03523271530866623,0.051472026854753494,0.04202437773346901,0.03830774128437042,0.038511309772729874,0.03523271530866623,0.03523271530866623,0.036445628851652145,0.03523271530866623,0.03523271530866623,0.03523271530866623,0.03523271530866623,0.03523271530866623,0.03523271530866623
2016-09-23,0.03565558046102524,0.03565558046102524,0.04443858191370964,0.03565558046102524,0.03565558046102524,0.0416296012699604,0.03565558046102524,0.03565558046102524,0.03565558046102524,0.03565558046102524,0.03565558046102524,0.03565558046102524,0.03565558046102524,0.03565558046102524,0.04909554496407509,0.03565558046102524,0.04019461199641228,0.038842447102069855,0.03565558046102524,0.03565558046102524,0.03703197091817856,0.03565558046102524,0.03565558046102524,0.03565558046102524,0.03565558046102524,0.03565558046102524,0.03565558046102524
2016-09-26,0.03566299378871918,0.03566299378871918,0.04086046665906906,0.03566299378871918,0.03566299378871918,0.04481637477874756,0.03566299378871918,0.03566299378871918,0.03566299378871918,0.03566299378871918,0.03566299378871918,0.03880554065108299,0.03566299378871918,0.03566299378871918,0.05420978367328644,0.03661675006151199,0.035730257630348206,0.03570091351866722,0.03566299378871918,0.03566299378871918,0.03566299378871918,0.03566299378871918,0.03566299378871918,0.03566299378871918,0.03566299378871918,0.03566299378871918,0.03566299378871918
2016-09-27,0.03522377461194992,0.03522377461194992,0.04007280245423317,0.03522377461194992,0.03522377461194992,0.041846953332424164,0.03522377461194992,0.03522377461194992,0.03522377461194992,0.03522377461194992,0.035806894302368164,0.04134092479944229,0.03522377461194992,0.03522377461194992,0.047291193157434464,0.044457126408815384,0.03625503182411194,0.035807281732559204,0.03522377461194992,0.03522377461194992,0.03697643801569939,0.0375080369412899,0.03522377461194992,0.036556486040353775,0.03772423043847084,0.03522377461194992,0.03522377461194992
2016-09-28,0.035100195556879044,0.035100195556879044,0.045400746166706085,0.035100195556879044,0.03637239709496498,0.04301214963197708,0.035100195556879044,0.035100195556879044,0.035100195556879044,0.035100195556879044,0.040353477001190186,0.038142427802085876,0.035100195556879044,0.035100195556879044,0.045506685972213745,0.039247408509254456,0.036005549132823944,0.03941163048148155,0.035100195556879044,0.03513328358530998,0.03582384064793587,0.03818824514746666,0.035100195556879044,0.035100195556879044,0.03599940240383148,0.035100195556879044,0.035100195556879044
2016-09-29,0.035137951374053955,0.03879532217979431,0.04438161849975586,0.035137951374053955,0.035137951374053955,0.04312139004468918,0.035137951374053955,0.035137951374053955,0.035137951374053955,0.035137951374053955,0.035137951374053955,0.03864683955907822,0.035137951374053955,0.035137951374053955,0.04557431861758232,0.035137951374053955,0.0452173575758934,0.03681308403611183,0.035137951374053955,0.035137951374053955,0.035137951374053955,0.03982901573181152,0.035137951374053955,0.035137951374053955,0.035137951374053955,0.035137951374053955,0.035137951374053955
2016-09-30,0.034510716795921326,0.034510716795921326,0.03926911950111389,0.034510716795921326,0.03513145446777344,0.04798063635826111,0.034510716795921326,0.034510716795921326,0.03742075711488724,0.034510716795921326,0.034510716795921326,0.0419563390314579,0.034510716795921326,0.034510716795921326,0.04759949818253517,0.04332197457551956,0.03577834740281105,0.036368999630212784,0.036122698336839676,0.034510716795921326,0.034510716795921326,0.038034528493881226,0.034510716795921326,0.036621686071157455,0.041243914514780045,0.034510716795921326,0.034510716795921326
2016-10-03,0.034837428480386734,0.034837428480386734,0.03987829387187958,0.034837428480386734,0.034837428480386734,0.04843740165233612,0.034837428480386734,0.034837428480386734,0.037081845104694366,0.034837428480386734,0.034837428480386734,0.039141688495874405,0.034837428480386734,0.034837428480386734,0.043783433735370636,0.04145826771855354,0.03952164575457573,0.036761365830898285,0.040493857115507126,0.034837428480386734,0.034837428480386734,0.03704053536057472,0.034837428480386734,0.034837428480386734,0.03900282457470894,0.034837428480386734,0.034837428480386734
2016-10-04,0.03477589786052704,0.03477589786052704,0.040956009179353714,0.03477589786052704,0.03541616350412369,0.04557604342699051,0.03477589786052704,0.03477589786052704,0.03477589786052704,0.03477589786052704,0.03477589786052704,0.03861093893647194,0.03477589786052704,0.03477589786052704,0.04703705757856369,0.04150990769267082,0.03840918093919754,0.03582648187875748,0.03821531683206558,0.03477589786052704,0.03577253967523575,0.039924219250679016,0.03477589786052704,0.03477589786052704,0.04110771045088768,0.03477589786052704,0.03477589786052704
2016-10-05,0.03516177088022232,0.03516177088022232,0.04091367870569229,0.03516177088022232,0.037191808223724365,0.0480060800909996,0.03516177088022232,0.03516177088022232,0.03516177088022232,0.03516177088022232,0.03516177088022232,0.03848472237586975,0.03516177088022232,0.03516177088022232,0.04957226663827896,0.03828480839729309,0.0394577756524086,0.036673180758953094,0.03516177088022232,0.03516177088022232,0.03516177088022232,0.03797104209661484,0.03516177088022232,0.03516177088022232,0.03569457307457924,0.03516177088022232,0.03516177088022232
2016-10-06,0.035681333392858505,0.035681333392858505,0.04079727455973625,0.035681333392858505,0.035681333392858505,0.045453935861587524,0.035681333392858505,0.035681333392858505,0.035681333392858505,0.035681333392858505,0.035681333392858505,0.0365220382809639,0.035681333392858505,0.035681333392858505,0.052507705986499786,0.035681333392858505,0.0386238619685173,0.035681333392858505,0.035681333392858505,0.035681333392858505,0.035681333392858505,0.035681333392858505,0.035681333392858505,0.0367872528731823,0.035681333392858505,0.035681333392858505,0.035681333392858505
2016-10-07,0.03493507206439972,0.03718845918774605,0.038362931460142136,0.03493507206439972,0.03767036646604538,0.047549743205308914,0.03493507206439972,0.03493507206439972,0.04016429930925369,0.03493507206439972,0.03493507206439972,0.039701275527477264,0.03493507206439972,0.03493507206439972,0.047204308211803436,0.03956092149019241,0.035108018666505814,0.03493507206439972,0.03860577195882797,0.03493507206439972,0.03493507206439972,0.03493507206439972,0.03493507206439972,0.03641745075583458,0.038440413773059845,0.03493507206439972,0.03493507206439972
2016-10-10,0.03598820045590401,0.04002783074975014,0.038279615342617035,0.03598820045590401,0.03598820045590401,0.039726659655570984,0.03598820045590401,0.03598820045590401,0.03598820045590401,0.03598820045590401,0.03598820045590401,0.03876363858580589,0.03598820045590401,0.03598820045590401,0.043165311217308044,0.03598820045590401,0.03742858022451401,0.03598820045590401,0.03598820045590401,0.03598820045590401,0.03598820045590401,0.037810616195201874,0.03598820045590401,0.04102199152112007,0.03598820045590401,0.03598820045590401,0.03598820045590401
2016-10-11,0.03620954602956772,0.03620954602956772,0.03637060150504112,0.03620954602956772,0.03620954602956772,0.0410802885890007,0.03620954602956772,0.03620954602956772,0.03620954602956772,0.03620954602956772,0.03620954602956772,0.03620954602956772,0.03948385640978813,0.03620954602956772,0.04685429111123085,0.03620954602956772,0.039043206721544266,0.03620954602956772,0.03620954602956772,0.03620954602956772,0.03620954602956772,0.03620954602956772,0.03620954602956772,0.036767274141311646,0.03620954602956772,0.03620954602956772,0.03620954602956772
2016-10-12,0.03594722971320152,0.03594722971320152,0.03885955736041069,0.03594722971320152,0.03594722971320152,0.042986780405044556,0.03594722971320152,0.03594722971320152,0.03594722971320152,0.03594722971320152,0.03594722971320152,0.03785620629787445,0.03594722971320152,0.03594722971320152,0.038310229778289795,0.03862464055418968,0.03915788605809212,0.03594722971320152,0.042859792709350586,0.03594722971320152,0.03594722971320152,0.036346469074487686,0.03594722971320152,0.03594722971320152,0.03794827312231064,0.03594722971320152,0.03594722971320152
2016-10-13,0.03549163416028023,0.03549163416028023,0.03616296872496605,0.03549163416028023,0.03549163416028023,0.04339923337101936,0.03549163416028023,0.03549163416028023,0.03549163416028023,0.03549163416028023,0.03549163416028023,0.042528823018074036,0.03549163416028023,0.03549163416028023,0.04363883659243584,0.04124723747372627,0.03660796210169792,0.03549163416028023,0.03937957435846329,0.03549163416028023,0.03549163416028023,0.03808281943202019,0.03549163416028023,0.03549163416028023,0.04010321572422981,0.03549163416028023,0.03549163416028023
2016-10-14,0.035409025847911835,0.035409025847911835,0.03865789249539375,0.035409025847911835,0.035409025847911835,0.04138479381799698,0.035409025847911835,0.035409025847911835,0.035409025847911835,0.035409025847911835,0.035409025847911835,0.03795672208070755,0.035409025847911835,0.035409025847911835,0.040702883154153824,0.043570712208747864,0.03558114543557167,0.035409025847911835,0.04174575209617615,0.035409025847911835,0.03808256611227989,0.0356706865131855,0.035409025847911835,0.035409025847911835,0.04469338431954384,0.035409025847911835,0.035409025847911835
2016-10-17,0.035438451915979385,0.035438451915979385,0.035438451915979385,0.035438451915979385,0.035438451915979385,0.04577287659049034,0.035438451915979385,0.035438451915979385,0.037397075444459915,0.035438451915979385,0.035438451915979385,0.04086354747414589,0.035438451915979385,0.035438451915979385,0.03932496905326843,0.04516160488128662,0.03618277236819267,0.035438451915979385,0.04185914248228073,0.035438451915979385,0.035438451915979385,0.035438451915979385,0.035438451915979385,0.03577234968543053,0.039773520082235336,0.035438451915979385,0.035438451915979385
2016-10-18,0.03481186553835869,0.03481186553835869,0.03481186553835869,0.03481186553835869,0.03620138019323349,0.04698820039629936,0.03481186553835869,0.03481186553835869,0.03834744542837143,0.03481186553835869,0.03481186553835869,0.044574860483407974,0.03481186553835869,0.03481186553835869,0.04495137184858322,0.04416407272219658,0.03588077798485756,0.03481186553835869,0.03822711482644081,0.03481186553835869,0.03481186553835869,0.037812039256095886,0.03481186553835869,0.03518223017454147,0.040680646896362305,0.03481186553835869,0.03481186553835869
2016-10-19,0.035667698830366135,0.035667698830366135,0.037845660001039505,0.035667698830366135,0.035667698830366135,0.04336153715848923,0.035667698830366135,0.035667698830366135,0.035667698830366135,0.035667698830366135,0.035667698830366135,0.042474616318941116,0.035667698830366135,0.035667698830366135,0.04262199625372887,0.03799159452319145,0.04012161120772362,0.035667698830366135,0.039397016167640686,0.035667698830366135,0.035667698830366135,0.03610066697001457,0.035667698830366135,0.03697655349969864,0.03675786033272743,0.035667698830366135,0.035667698830366135
2016-10-20,0.03533327206969261,0.03725971281528473,0.03758774325251579,0.03533327206969261,0.03533327206969261,0.0421249158680439,0.03533327206969261,0.03533327206969261,0.037048082798719406,0.03533327206969261,0.03533327206969261,0.0420617014169693,0.03533327206969261,0.03533327206969261,0.03791916370391846,0.04229201748967171,0.036313317716121674,0.03533327206969261,0.040615130215883255,0.03533327206969261,0.03533327206969261,0.03729471191763878,0.03533327206969261,0.0391952283680439,0.04028918594121933,0.03533327206969261,0.03533327206969261
2016-10-21,0.036277662962675095,0.0347147211432457,0.04331078380346298,0.0347147211432457,0.0347147211432457,0.04433796927332878,0.0347147211432457,0.0347147211432457,0.0347147211432457,0.0347147211432457,0.0347147211432457,0.03743163123726845,0.0347147211432457,0.0347147211432457,0.03543613478541374,0.039314333349466324,0.03821656107902527,0.037622712552547455,0.03959555923938751,0.0347147211432457,0.03634077310562134,0.044780999422073364,0.0347147211432457,0.03697279095649719,0.044356029480695724,0.0347147211432457,0.0347147211432457
2016-10-24,0.035121288150548935,0.035121288150548935,0.04690808802843094,0.035121288150548935,0.035121288150548935,0.04338355362415314,0.035121288150548935,0.035121288150548935,0.035121288150548935,0.035121288150548935,0.035121288150548935,0.036770787090063095,0.035121288150548935,0.035121288150548935,0.035121288150548935,0.03997962921857834,0.04310169443488121,0.038846198469400406,0.03736397624015808,0.035121288150548935,0.036707859486341476,0.04186510667204857,0.035121288150548935,0.035121288150548935,0.03801121562719345,0.035121288150548935,0.035121288150548935
2016-10-25,0.0356120802462101,0.03609950840473175,0.04829762503504753,0.03555333614349365,0.03555333614349365,0.038972970098257065,0.03555333614349365,0.03555333614349365,0.03555333614349365,0.03555333614349365,0.03555333614349365,0.03555333614349365,0.03555333614349365,0.03555333614349365,0.03587362915277481,0.036043062806129456,0.045324280858039856,0.039286088198423386,0.035916928201913834,0.03555333614349365,0.03667451813817024,0.04304585978388786,0.03555333614349365,0.03555333614349365,0.03555333614349365,0.03555333614349365,0.03555333614349365
2016-10-26,0.035570938140153885,0.035570938140153885,0.04777071252465248,0.035570938140153885,0.035570938140153885,0.03783645108342171,0.035570938140153885,0.035570938140153885,0.035570938140153885,0.035570938140153885,0.035570938140153885,0.03742586821317673,0.035570938140153885,0.035570938140153885,0.035570938140153885,0.03730286657810211,0.04219933971762657,0.038655512034893036,0.03612435236573219,0.035570938140153885,0.03824291005730629,0.042047422379255295,0.035570938140153885,0.035570938140153885,0.03768865391612053,0.035570938140153885,0.035570938140153885
2016-10-27,0.03546203672885895,0.036595676094293594,0.04442862421274185,0.03546203672885895,0.03546203672885895,0.03810170665383339,0.03546203672885895,0.03546203672885895,0.03546203672885895,0.03546203672885895,0.03546203672885895,0.03948945179581642,0.03546203672885895,0.03546203672885895,0.03546203672885895,0.04431019350886345,0.03658858686685562,0.037982311099767685,0.03942688927054405,0.03546203672885895,0.038071490824222565,0.038080792874097824,0.03546203672885895,0.03546203672885895,0.03953166678547859,0.03546203672885895,0.03546203672885895
2016-10-28,0.036108698695898056,0.0389910526573658,0.044688716530799866,0.036108698695898056,0.036108698695898056,0.041768286377191544,0.036108698695898056,0.036108698695898056,0.036108698695898056,0.036108698695898056,0.036108698695898056,0.036108698695898056,0.036108698695898056,0.036108698695898056,0.036108698695898056,0.037646472454071045,0.036108698695898056,0.03650752454996109,0.041985079646110535,0.036108698695898056,0.036108698695898056,0.036108698695898056,0.036108698695898056,0.036108698695898056,0.036238864064216614,0.036108698695898056,0.036108698695898056
2016-10-31,0.03551751375198364,0.036093562841415405,0.04213445261120796,0.03551751375198364,0.03551751375198364,0.03927404806017876,0.03551751375198364,0.03551751375198364,0.03551751375198364,0.03551751375198364,0.03551751375198364,0.03599163889884949,0.03551751375198364,0.03551751375198364,0.03551751375198364,0.040517136454582214,0.0376446433365345,0.03811360523104668,0.04153722524642944,0.03551751375198364,0.03766931593418121,0.042294710874557495,0.03551751375198364,0.036562636494636536,0.03940436989068985,0.03551751375198364,0.03551751375198364
2016-11-01,0.035886723548173904,0.035886723548173904,0.03954710811376572,0.035886723548173904,0.035886723548173904,0.03791042044758797,0.035886723548173904,0.035886723548173904,0.035886723548173904,0.035886723548173904,0.035886723548173904,0.035886723548173904,0.035886723548173904,0.035886723548173904,0.035886723548173904,0.0411614328622818,0.03781167045235634,0.036651089787483215,0.04122807830572128,0.035886723548173904,0.03966345265507698,0.04130847379565239,0.035886723548173904,0.0374433808028698,0.03720059245824814,0.035886723548173904,0.035886723548173904
2016-11-02,0.036418311297893524,0.03696059063076973,0.03844407573342323,0.035802580416202545,0.035802580416202545,0.03713721036911011,0.035802580416202545,0.035802580416202545,0.035802580416202545,0.035802580416202545,0.035802580416202545,0.03646426275372505,0.035802580416202545,0.035802580416202545,0.035802580416202545,0.04014624282717705,0.035885974764823914,0.035802580416202545,0.042760103940963745,0.035802580416202545,0.03910301253199577,0.04197602719068527,0.035802580416202545,0.03711478039622307,0.040550682693719864,0.035802580416202545,0.035802580416202545
2016-11-03,0.0358964242041111,0.0358964242041111,0.03865249454975128,0.0358964242041111,0.0358964242041111,0.038361676037311554,0.0358964242041111,0.0358964242041111,0.0358964242041111,0.0358964242041111,0.0358964242041111,0.03670423477888107,0.0358964242041111,0.0358964242041111,0.0358964242041111,0.04379202798008919,0.0358964242041111,0.0358964242041111,0.04156292974948883,0.0358964242041111,0.038629502058029175,0.03742074593901634,0.0358964242041111,0.03830299526453018,0.04043779522180557,0.0358964242041111,0.0358964242041111
2016-11-04,0.03572390601038933,0.03572390601038933,0.03793112933635712,0.03572390601038933,0.03572390601038933,0.03572390601038933,0.03572390601038933,0.03640023246407509,0.03681022301316261,0.03572390601038933,0.03572390601038933,0.0375029556453228,0.03572390601038933,0.03572390601038933,0.03572390601038933,0.04386626183986664,0.03629075363278389,0.03572390601038933,0.04082488641142845,0.03572390601038933,0.03724813088774681,0.03964029252529144,0.03572390601038933,0.03913190960884094,0.04277077317237854,0.03572390601038933,0.03572390601038933
2016-11-07,0.03606078773736954,0.040374744683504105,0.041597794741392136,0.03544566035270691,0.03544566035270691,0.036690160632133484,0.03544566035270691,0.03544566035270691,0.03544566035270691,0.03544566035270691,0.03544566035270691,0.03733541816473007,0.03544566035270691,0.03544566035270691,0.03544566035270691,0.041867244988679886,0.03544566035270691,0.03544566035270691,0.042940352112054825,0.03544566035270691,0.03653997927904129,0.039868853986263275,0.03544566035270691,0.03544566035270691,0.04414842277765274,0.03544566035270691,0.03544566035270691
2016-11-08,0.03594598174095154,0.03781507909297943,0.045409347862005234,0.03594598174095154,0.03594598174095154,0.03845636174082756,0.03594598174095154,0.03594598174095154,0.03594598174095154,0.03594598174095154,0.03594598174095154,0.03869835287332535,0.03594598174095154,0.03594598174095154,0.03820420056581497,0.03594598174095154,0.03739476576447487,0.04041193053126335,0.03594598174095154,0.03594598174095154,0.03594598174095154,0.04063630476593971,0.03594598174095154,0.03594598174095154,0.03594598174095154,0.03594598174095154,0.03594598174095154
2016-11-09,0.035924702882766724,0.035924702882766724,0.047272082418203354,0.035924702882766724,0.035924702882766724,0.039338480681180954,0.035924702882766724,0.035924702882766724,0.035924702882766724,0.035924702882766724,0.035924702882766724,0.035924702882766724,0.035924702882766724,0.035924702882766724,0.044091954827308655,0.035924702882766724,0.038730692118406296,0.04022336006164551,0.035924702882766724,0.035924702882766724,0.035924702882766724,0.035924702882766724,0.035924702882766724,0.035924702882766724,0.035924702882766724,0.035924702882766724,0.035924702882766724
2016-11-10,0.03626267984509468,0.03869422897696495,0.03928616642951965,0.03626267984509468,0.03626267984509468,0.0397421270608902,0.03626267984509468,0.03626267984509468,0.03626267984509468,0.03626267984509468,0.03626267984509468,0.03626267984509468,0.0392947681248188,0.03626267984509468,0.04512891173362732,0.03626267984509468,0.03633752092719078,0.03626267984509468,0.03626267984509468,0.03626267984509468,0.03626267984509468,0.03626267984509468,0.03626267984509468,0.03626267984509468,0.03626267984509468,0.03626267984509468,0.03626267984509468
2016-11-11,0.03595718368887901,0.03595718368887901,0.03595718368887901,0.03595718368887901,0.03595718368887901,0.04273999482393265,0.03612648695707321,0.03595718368887901,0.03595718368887901,0.03595718368887901,0.03595718368887901,0.03595718368887901,0.039398226886987686,0.04049870744347572,0.044378865510225296,0.03595718368887901,0.03595718368887901,0.036739423871040344,0.03595718368887901,0.03595718368887901,0.03595718368887901,0.03595718368887901,0.036107324063777924,0.04082446172833443,0.03595718368887901,0.03595718368887901,0.03595718368887901
2016-11-14,0.036209024488925934,0.036209024488925934,0.036209024488925934,0.036209024488925934,0.036209024488925934,0.03625498712062836,0.036209024488925934,0.036209024488925934,0.036209024488925934,0.036209024488925934,0.036209024488925934,0.036209024488925934,0.043347835540771484,0.036209024488925934,0.036209024488925934,0.036209024488925934,0.036209024488925934,0.04117508977651596,0.036209024488925934,0.036209024488925934,0.036209024488925934,0.036209024488925934,0.04269636794924736,0.0362277552485466,0.036209024488925934,0.03990847244858742,0.036209024488925934
2016-11-15,0.0367477647960186,0.0367477647960186,0.0367477647960186,0.0367477647960186,0.0367477647960186,0.036980513483285904,0.0367477647960186,0.03765101730823517,0.0367477647960186,0.0367477647960186,0.0367477647960186,0.0367477647960186,0.03823626786470413,0.0367477647960186,0.0367477647960186,0.0367477647960186,0.03792640566825867,0.038883108645677567,0.0367477647960186,0.0367477647960186,0.0367477647960186,0.0367477647960186,0.03861956670880318,0.0367477647960186,0.0367477647960186,0.0367477647960186,0.0367477647960186
2016-11-16,0.036335334181785583,0.036335334181785583,0.03742273151874542,0.036335334181785583,0.036335334181785583,0.0371178537607193,0.036335334181785583,0.03662624955177307,0.036335334181785583,0.036335334181785583,0.036335334181785583,0.036335334181785583,0.036335334181785583,0.036335334181785583,0.036335334181785583,0.036335334181785583,0.04178726673126221,0.04023798927664757,0.036335334181785583,0.036335334181785583,0.036335334181785583,0.038959696888923645,0.039999060332775116,0.036335334181785583,0.036335334181785583,0.03747784346342087,0.036335334181785583
2016-11-17,0.035960596054792404,0.035960596054792404,0.04131383076310158,0.035960596054792404,0.035960596054792404,0.038720447570085526,0.035960596054792404,0.035960596054792404,0.035960596054792404,0.035960596054792404,0.035960596054792404,0.035960596054792404,0.035960596054792404,0.03610147163271904,0.039006587117910385,0.035960596054792404,0.04265764355659485,0.04237520322203636,0.035960596054792404,0.035960596054792404,0.036479655653238297,0.03618117421865463,0.03812914341688156,0.035960596054792404,0.035960596054792404,0.03770466148853302,0.035960596054792404
2016-11-18,0.03519557788968086,0.03519557788968086,0.04923723265528679,0.03519557788968086,0.03519557788968086,0.03867766633629799,0.03519557788968086,0.03519557788968086,0.03519557788968086,0.03519557788968086,0.03519557788968086,0.03519557788968086,0.03519557788968086,0.03519557788968086,0.048873577266931534,0.03519557788968086,0.041417643427848816,0.04452083632349968,0.03519557788968086,0.03519557788968086,0.0371166467666626,0.03519557788968086,0.03519557788968086,0.03519557788968086,0.03519557788968086,0.03624483942985535,0.03519557788968086
2016-11-21,0.035469312220811844,0.035469312220811844,0.04431082680821419,0.035469312220811844,0.035469312220811844,0.04145318269729614,0.035469312220811844,0.035469312220811844,0.035469312220811844,0.035469312220811844,0.035469312220811844,0.035469312220811844,0.035469312220811844,0.035469312220811844,0.05153924226760864,0.035469312220811844,0.03775240108370781,0.044619493186473846,0.035469312220811844,0.035469312220811844,0.035469312220811844,0.035469312220811844,0.035469312220811844,0.035469312220811844,0.035469312220811844,0.035469312220811844,0.035469312220811844
2016-11-22,0.03554319590330124,0.03554319590330124,0.04290487989783287,0.03554319590330124,0.03554319590330124,0.040062423795461655,0.03554319590330124,0.03554319590330124,0.03554319590330124,0.03554319590330124,0.03554319590330124,0.03554319590330124,0.03554319590330124,0.03554319590330124,0.05125436931848526,0.03554319590330124,0.03932856023311615,0.04298323392868042,0.03554319590330124,0.03554319590330124,0.03705943748354912,0.03554319590330124,0.03554319590330124,0.03554319590330124,0.03554319590330124,0.03554319590330124,0.03554319590330124
2016-11-23,0.0356084369122982,0.0356084369122982,0.04190294072031975,0.0356084369122982,0.0356084369122982,0.041911058127880096,0.0356084369122982,0.0356084369122982,0.0356084369122982,0.0356084369122982,0.0356084369122982,0.03683455288410187,0.0356084369122982,0.0356084369122982,0.050404857844114304,0.03584066778421402,0.03835277259349823,0.04232146218419075,0.0356084369122982,0.0356084369122982,0.03587135300040245,0.0356084369122982,0.0356084369122982,0.0356084369122982,0.0356084369122982,0.0356084369122982,0.0356084369122982
2016-11-25,0.035504452884197235,0.035504452884197235,0.04018072411417961,0.035504452884197235,0.035504452884197235,0.04189354553818703,0.035504452884197235,0.035504452884197235,0.03656578063964844,0.035504452884197235,0.035504452884197235,0.038329266011714935,0.035504452884197235,0.035504452884197235,0.05003320798277855,0.039187442511320114,0.03799772262573242,0.04035252332687378,0.035504452884197235,0.035504452884197235,0.03637963533401489,0.035504452884197235,0.035504452884197235,0.035504452884197235,0.035504452884197235,0.035504452884197235,0.035504452884197235
2016-11-28,0.03539842739701271,0.03539842739701271,0.04073156788945198,0.03539842739701271,0.03539842739701271,0.04233546555042267,0.03539842739701271,0.03539842739701271,0.036180101335048676,0.03539842739701271,0.03539842739701271,0.036525968462228775,0.03539842739701271,0.03539842739701271,0.051211580634117126,0.03870612382888794,0.03925352543592453,0.04209664463996887,0.03539842739701271,0.03539842739701271,0.03578730672597885,0.03539842739701271,0.03539842739701271,0.03539842739701271,0.03539842739701271,0.03539842739701271,0.03539842739701271
2016-11-29,0.03555619344115257,0.03555619344115257,0.04103599861264229,0.03555619344115257,0.03555619344115257,0.04147578403353691,0.03555619344115257,0.03555619344115257,0.0358758307993412,0.03555619344115257,0.03555619344115257,0.038052789866924286,0.03555619344115257,0.03555619344115257,0.04934416711330414,0.03914802148938179,0.038189634680747986,0.040348637849092484,0.03555619344115257,0.03555619344115257,0.03651762753725052,0.03555619344115257,0.03555619344115257,0.03555619344115257,0.03555619344115257,0.03555619344115257,0.03555619344115257
2016-11-30,0.03573531284928322,0.03573531284928322,0.04032939299941063,0.03573531284928322,0.03573531284928322,0.040403008460998535,0.03573531284928322,0.03573531284928322,0.03583532199263573,0.03573531284928322,0.03573531284928322,0.03770856931805611,0.03573531284928322,0.03573531284928322,0.04867817461490631,0.0375857837498188,0.0396471731364727,0.039733048528432846,0.03573531284928322,0.03573531284928322,0.036843884736299515,0.03573531284928322,0.03573531284928322,0.03573531284928322,0.03573531284928322,0.03573531284928322,0.03573531284928322
2016-12-01,0.03556197136640549,0.03556197136640549,0.0410052090883255,0.03556197136640549,0.03556197136640549,0.04144546389579773,0.03556197136640549,0.03556197136640549,0.03584067523479462,0.03556197136640549,0.03556197136640549,0.03796990215778351,0.03556197136640549,0.03556197136640549,0.04933587834239006,0.03916392847895622,0.038171298801898956,0.04043452814221382,0.03556197136640549,0.03556197136640549,0.03651760518550873,0.03556197136640549,0.03556197136640549,0.03556197136640549,0.03556197136640549,0.03556197136640549,0.03556197136640549
2016-12-02,0.036561790853738785,0.036561790853738785,0.039484404027462006,0.036561790853738785,0.036561790853738785,0.03923296183347702,0.036561790853738785,0.036561790853738785,0.036561790853738785,0.036561790853738785,0.036561790853738785,0.036561790853738785,0.036561790853738785,0.036561790853738785,0.03997013717889786,0.03840631619095802,0.037634193897247314,0.03707214444875717,0.036561790853738785,0.036561790853738785,0.036561790853738785,0.036561790853738785,0.036561790853738785,0.03696402162313461,0.036561790853738785,0.036561790853738785,0.036561790853738785
2016-12-05,0.03620506078004837,0.03620506078004837,0.03711014613509178,0.03620506078004837,0.03620506078004837,0.041166651993989944,0.03620506078004837,0.03620506078004837,0.03620506078004837,0.03620506078004837,0.03620506078004837,0.038089171051979065,0.03620506078004837,0.03654368594288826,0.04691709578037262,0.03986702859401703,0.03620506078004837,0.03620506078004837,0.03620506078004837,0.03620506078004837,0.03620506078004837,0.03620506078004837,0.03620506078004837,0.03620506078004837,0.03620506078004837,0.03620506078004837,0.03620506078004837
2016-12-06,0.03613385930657387,0.03613385930657387,0.04029316082596779,0.03613385930657387,0.03613385930657387,0.04028093069791794,0.03613385930657387,0.03613385930657387,0.03613385930657387,0.03613385930657387,0.03613385930657387,0.037301722913980484,0.03613385930657387,0.03613385930657387,0.05007283762097359,0.03623621165752411,0.03613385930657387,0.03700413182377815,0.03613385930657387,0.03613385930657387,0.03613385930657387,0.03613385930657387,0.03613385930657387,0.03613385930657387,0.03613385930657387,0.03613385930657387,0.03613385930657387
2016-12-07,0.03618006780743599,0.03618006780743599,0.04033816233277321,0.03618006780743599,0.03618006780743599,0.03925129771232605,0.03618006780743599,0.03618006780743599,0.03618006780743599,0.03618006780743599,0.03618006780743599,0.037037443369627,0.03618006780743599,0.03618006780743599,0.051176588982343674,0.03618006780743599,0.03618006780743599,0.03623505309224129,0.03618006780743599,0.03618006780743599,0.03618006780743599,0.03618006780743599,0.03618006780743599,0.03618006780743599,0.03618006780743599,0.03618006780743599,0.03618006780743599
2016-12-08,0.03563414514064789,0.03563414514064789,0.04030564799904823,0.03563414514064789,0.03563414514064789,0.04361254349350929,0.03563414514064789,0.03563414514064789,0.03563414514064789,0.03563414514064789,0.03563414514064789,0.03849095478653908,0.03563414514064789,0.03563414514064789,0.04850757122039795,0.039150871336460114,0.037935204803943634,0.039314303547143936,0.03563414514064789,0.03563414514064789,0.03563414514064789,0.03563414514064789,0.03563414514064789,0.03563414514064789,0.03563414514064789,0.03563414514064789,0.03563414514064789
2016-12-09,0.03563975542783737,0.03563975542783737,0.040203437209129333,0.03563975542783737,0.03563975542783737,0.043787505477666855,0.03563975542783737,0.03563975542783737,0.03563975542783737,0.03563975542783737,0.03563975542783737,0.03855261579155922,0.03563975542783737,0.03563975542783737,0.04839583858847618,0.0391509085893631,0.0378962978720665,0.03921828791499138,0.03563975542783737,0.03563975542783737,0.03563975542783737,0.03563975542783737,0.03563975542783737,0.03563975542783737,0.03563975542783737,0.03563975542783737,0.03563975542783737
2016-12-12,0.03568737581372261,0.03568737581372261,0.044439446181058884,0.03568737581372261,0.03568737581372261,0.03989453613758087,0.03568737581372261,0.03568737581372261,0.03568737581372261,0.03568737581372261,0.03568737581372261,0.03568737581372261,0.03568737581372261,0.03568737581372261,0.049226414412260056,0.03568737581372261,0.04078243300318718,0.039875175803899765,0.03568737581372261,0.03568737581372261,0.03634705767035484,0.03568737581372261,0.03568737581372261,0.03568737581372261,0.03568737581372261,0.03568737581372261,0.03568737581372261
2016-12-13,0.03574245795607567,0.03574245795607567,0.04335648566484451,0.03574245795607567,0.03574245795607567,0.04056038334965706,0.03574245795607567,0.03574245795607567,0.03574245795607567,0.03574245795607567,0.03574245795607567,0.03728465363383293,0.03574245795607567,0.03574245795607567,0.04843105003237724,0.03574245795607567,0.04017316550016403,0.03957158327102661,0.03574245795607567,0.03577353432774544,0.03574245795607567,0.03574245795607567,0.03574245795607567,0.03574245795607567,0.03574245795607567,0.03574245795607567,0.03574245795607567
2016-12-14,0.035644520074129105,0.035644520074129105,0.04247073084115982,0.035644520074129105,0.035644520074129105,0.035644520074129105,0.035644520074129105,0.035644520074129105,0.035644520074129105,0.035644520074129105,0.035644520074129105,0.035644520074129105,0.035644520074129105,0.035644520074129105,0.04973572492599487,0.035644520074129105,0.0373789444565773,0.04377545043826103,0.035644520074129105,0.035644520074129105,0.035644520074129105,0.035644520074129105,0.038191843777894974,0.035644520074129105,0.035644520074129105,0.0399123877286911,0.035644520074129105
2016-12-15,0.03554549440741539,0.03554549440741539,0.04179402068257332,0.03554549440741539,0.03554549440741539,0.03727734461426735,0.03554549440741539,0.03554549440741539,0.03554549440741539,0.03554549440741539,0.03554549440741539,0.03554549440741539,0.03554549440741539,0.03554549440741539,0.052270375192165375,0.03554549440741539,0.03554549440741539,0.04713490232825279,0.03554549440741539,0.03554549440741539,0.03554549440741539,0.03554549440741539,0.035881560295820236,0.03554549440741539,0.03554549440741539,0.03918645530939102,0.03554549440741539
2016-12-16,0.03548971563577652,0.03548971563577652,0.0378354974091053,0.03548971563577652,0.03548971563577652,0.038621943444013596,0.03548971563577652,0.03548971563577652,0.03548971563577652,0.03548971563577652,0.03548971563577652,0.04112612083554268,0.03548971563577652,0.037021201103925705,0.052464988082647324,0.03548971563577652,0.03555331006646156,0.045280732214450836,0.03548971563577652,0.036509133875370026,0.03548971563577652,0.03548971563577652,0.03548971563577652,0.03548971563577652,0.03548971563577652,0.03677221015095711,0.03548971563577652
2016-12-19,0.03533336520195007,0.03533336520195007,0.036163292825222015,0.03533336520195007,0.03533336520195007,0.04053986072540283,0.03533336520195007,0.03533336520195007,0.03533336520195007,0.03533336520195007,0.03533336520195007,0.040901146829128265,0.03533336520195007,0.03868536651134491,0.0537482425570488,0.03647242859005928,0.03533336520195007,0.04383156821131706,0.03533336520195007,0.03701759874820709,0.03533336520195007,0.03533336520195007,0.03533336520195007,0.03533336520195007,0.03533336520195007,0.03663993254303932,0.03533336520195007
2016-12-20,0.035142894834280014,0.035142894834280014,0.038134559988975525,0.035142894834280014,0.03554308041930199,0.043750010430812836,0.035142894834280014,0.035142894834280014,0.035142894834280014,0.035142894834280014,0.03565101698040962,0.04093516245484352,0.035142894834280014,0.037398651242256165,0.05535212159156799,0.035142894834280014,0.035551007837057114,0.043228670954704285,0.035142894834280014,0.03612934798002243,0.035142894834280014,0.035142894834280014,0.035142894834280014,0.035142894834280014,0.035142894834280014,0.036039989441633224,0.035142894834280014
2016-12-21,0.035352177917957306,0.035352177917957306,0.04230215400457382,0.035352177917957306,0.035352177917957306,0.04254046082496643,0.035352177917957306,0.035352177917957306,0.035352177917957306,0.035352177917957306,0.035352177917957306,0.038786403834819794,0.035352177917957306,0.035352177917957306,0.0536218024790287,0.035352177917957306,0.037947434931993484,0.04219277575612068,0.035352177917957306,0.035352177917957306,0.035352177917957306,0.035352177917957306,0.035352177917957306,0.035352177917957306,0.035352177917957306,0.03556537628173828,0.035352177917957306
2016-12-22,0.03537854179739952,0.03537854179739952,0.045026831328868866,0.03537854179739952,0.03537854179739952,0.04370627924799919,0.03537854179739952,0.03537854179739952,0.03537854179739952,0.03537854179739952,0.03537854179739952,0.03580855950713158,0.03537854179739952,0.03537854179739952,0.05385267361998558,0.03537854179739952,0.036973048001527786,0.04168325290083885,0.03537854179739952,0.03537854179739952,0.03537854179739952,0.03537854179739952,0.03537854179739952,0.03537854179739952,0.03537854179739952,0.03537854179739952,0.03537854179739952
2016-12-23,0.035463716834783554,0.035463716834783554,0.043701350688934326,0.035463716834783554,0.035463716834783554,0.0454430878162384,0.035463716834783554,0.035463716834783554,0.035463716834783554,0.035463716834783554,0.035463716834783554,0.035797134041786194,0.035463716834783554,0.035463716834783554,0.054720599204301834,0.035463716834783554,0.03564890846610069,0.03995082527399063,0.035463716834783554,0.035463716834783554,0.035463716834783554,0.035463716834783554,0.035463716834783554,0.035463716834783554,0.035463716834783554,0.035463716834783554,0.035463716834783554
2016-12-27,0.03545581176877022,0.03545581176877022,0.04298905283212662,0.03545581176877022,0.03545581176877022,0.0474516823887825,0.03545581176877022,0.03545581176877022,0.03545581176877022,0.03545581176877022,0.03545581176877022,0.03545581176877022,0.03545581176877022,0.03545581176877022,0.05702701210975647,0.03545581176877022,0.03545581176877022,0.03704860433936119,0.03545581176877022,0.03545581176877022,0.03545581176877022,0.03545581176877022,0.03545581176877022,0.03545581176877022,0.03545581176877022,0.03545581176877022,0.03545581176877022
2016-12-28,0.03520376980304718,0.03520376980304718,0.03928941488265991,0.03520376980304718,0.03520376980304718,0.049987275153398514,0.03520376980304718,0.03520376980304718,0.03520376980304718,0.03520376980304718,0.03520376980304718,0.03881997615098953,0.03520376980304718,0.03520376980304718,0.05741679668426514,0.03659680858254433,0.03556738793849945,0.03824695199728012,0.03520376980304718,0.03520376980304718,0.03520376980304718,0.03520376980304718,0.03520376980304718,0.03520376980304718,0.03520376980304718,0.03520376980304718,0.03520376980304718
2016-12-29,0.03525516763329506,0.03525516763329506,0.04018551856279373,0.03525516763329506,0.03525516763329506,0.048073917627334595,0.03525516763329506,0.03525516763329506,0.03525516763329506,0.03525516763329506,0.03525516763329506,0.038379035890102386,0.03525516763329506,0.03525516763329506,0.05685081332921982,0.03611363098025322,0.03631240501999855,0.038981325924396515,0.03525516763329506,0.03525516763329506,0.03525516763329506,0.03525516763329506,0.03525516763329506,0.03525516763329506,0.03525516763329506,0.03525516763329506,0.03525516763329506
2016-12-30,0.03523947671055794,0.03523947671055794,0.03916625678539276,0.03523947671055794,0.03523947671055794,0.048539966344833374,0.03523947671055794,0.03523947671055794,0.03523947671055794,0.03523947671055794,0.03523947671055794,0.04093596711754799,0.03523947671055794,0.03523947671055794,0.055583443492650986,0.03734314441680908,0.035702209919691086,0.03793949633836746,0.03523947671055794,0.03523947671055794,0.03523947671055794,0.03523947671055794,0.03523947671055794,0.03523947671055794,0.03523947671055794,0.03523947671055794,0.03523947671055794
2017-01-03,0.037037037037037035,0.037037037037037035,0.037037037037037035,0.037037037037037035,0.037037037037037035,0.037037037037037035,0.037037037037037035,0.037037037037037035,0.037037037037037035,0.037037037037037035,0.037037037037037035,0.037037037037037035,0.037037037037037035,0.037037037037037035,0.037037037037037035,0.037037037037037035,0.037037037037037035,0.037037037037037035,0.037037037037037035,0.037037037037037035,0.037037037037037035,0.037037037037037035,0.037037037037037035,0.037037037037037035,0.037037037037037035,0.037037037037037035,0.037037037037037035
2017-01-04,0.03625765070319176,0.03625765070319176,0.03625765070319176,0.03625765070319176,0.03625765070319176,0.03625765070319176,0.03625765070319176,0.03625765070319176,0.0403585359454155,0.03695909306406975,0.03625765070319176,0.03632834553718567,0.03625765070319176,0.03625765070319176,0.03625765070319176,0.04231242090463638,0.03625765070319176,0.03625765070319176,0.03625765070319176,0.04492783918976784,0.03625765070319176,0.03625765070319176,0.03625765070319176,0.03625765070319176,0.036832183599472046,0.03625765070319176,0.0371285080909729
2017-01-05,0.03630406782031059,0.03630406782031059,0.03630406782031059,0.03630406782031059,0.03630406782031059,0.03630406782031059,0.03630406782031059,0.03630406782031059,0.040238719433546066,0.03788004815578461,0.03630406782031059,0.03630406782031059,0.03630406782031059,0.03630406782031059,0.03630406782031059,0.03630406782031059,0.03630406782031059,0.03630406782031059,0.03630406782031059,0.041872479021549225,0.038684651255607605,0.03630406782031059,0.03630406782031059,0.03630406782031059,0.03630406782031059,0.03983931988477707,0.0390993170440197
2017-01-06,0.037129733711481094,0.035911981016397476,0.035911981016397476,0.035911981016397476,0.035911981016397476,0.035911981016397476,0.035911981016397476,0.035911981016397476,0.04123174026608467,0.035911981016397476,0.035911981016397476,0.03790101036429405,0.035911981016397476,0.035911981016397476,0.03872334212064743,0.03611370921134949,0.035911981016397476,0.035911981016397476,0.03843461349606514,0.041551221162080765,0.03912527859210968,0.035911981016397476,0.035911981016397476,0.035911981016397476,0.035911981016397476,0.04061446711421013,0.038671210408210754
2017-01-09,0.03703593835234642,0.0354369655251503,0.0354369655251503,0.0354369655251503,0.0354369655251503,0.0354369655251503,0.0354369655251503,0.0354369655251503,0.03767428174614906,0.03684514760971069,0.0354369655251503,0.03969085216522217,0.035982903093099594,0.0354369655251503,0.04376909136772156,0.0354369655251503,0.0354369655251503,0.03745032474398613,0.03812558576464653,0.03933137655258179,0.04104199633002281,0.0354369655251503,0.0354369655251503,0.0354369655251503,0.040274377912282944,0.038411613553762436,0.038248997181653976
2017-01-10,0.03640484809875488,0.0357588566839695,0.0357588566839695,0.0357588566839695,0.0357588566839695,0.0357588566839695,0.03703783079981804,0.0357588566839695,0.03634387254714966,0.03842219337821007,0.0357588566839695,0.03704390302300453,0.0357588566839695,0.036758583039045334,0.04411403834819794,0.0357588566839695,0.0357588566839695,0.038931142538785934,0.03623545542359352,0.04151482880115509,0.0357588566839695,0.0357588566839695,0.0357588566839695,0.0357588566839695,0.043532583862543106,0.0357588566839695,0.03727780655026436
2017-01-11,0.035954032093286514,0.035954032093286514,0.035954032093286514,0.035954032093286514,0.035954032093286514,0.035954032093286514,0.037898655980825424,0.035954032093286514,0.03818511217832565,0.04022432491183281,0.035954032093286514,0.037377726286649704,0.035954032093286514,0.035954032093286514,0.0400630347430706,0.035954032093286514,0.035954032093286514,0.03771829232573509,0.035954032093286514,0.04080449417233467,0.035954032093286514,0.035954032093286514,0.035954032093286514,0.035954032093286514,0.04169637709856033,0.035954032093286514,0.03885933384299278
2017-01-12,0.035784635692834854,0.035784635692834854,0.035784635692834854,0.035784635692834854,0.035784635692834854,0.035784635692834854,0.035784635692834854,0.035784635692834854,0.03917275369167328,0.043001510202884674,0.035784635692834854,0.03812304511666298,0.035784635692834854,0.035784635692834854,0.040037091821432114,0.035784635692834854,0.035784635692834854,0.03966916352510452,0.035784635692834854,0.0385536327958107,0.035784635692834854,0.035784635692834854,0.035784635692834854,0.035784635692834854,0.044051818549633026,0.035784635692834854,0.03748294338583946
2017-01-13,0.03603704646229744,0.03603704646229744,0.03603704646229744,0.03603704646229744,0.03603704646229744,0.03603704646229744,0.03603704646229744,0.03603704646229744,0.03733893111348152,0.043864402920007706,0.03603704646229744,0.03798408433794975,0.03603704646229744,0.03603704646229744,0.04239188879728317,0.037165895104408264,0.03603704646229744,0.04000183567404747,0.03603704646229744,0.03603704646229744,0.03603704646229744,0.03603704646229744,0.03603704646229744,0.03603704646229744,0.04051206260919571,0.03603704646229744,0.03603704646229744
2017-01-17,0.03600465506315231,0.036461569368839264,0.03600465506315231,0.03690532222390175,0.03600465506315231,0.03600465506315231,0.03600465506315231,0.03600465506315231,0.03773454204201698,0.042482372373342514,0.036043182015419006,0.038783494383096695,0.036038611084222794,0.03600465506315231,0.04047364369034767,0.03684200346469879,0.03600465506315231,0.03893695026636124,0.03600465506315231,0.03600465506315231,0.03600465506315231,0.03600465506315231,0.03600465506315231,0.03600465506315231,0.04225332662463188,0.03600465506315231,0.03697510063648224
2017-01-18,0.035225044935941696,0.035250112414360046,0.035225044935941696,0.041148800402879715,0.03569281846284866,0.035225044935941696,0.03606261685490608,0.035225044935941696,0.035225044935941696,0.04097022861242294,0.035225044935941696,0.03758128359913826,0.03668977692723274,0.035225044935941696,0.05105748027563095,0.035225044935941696,0.035225044935941696,0.03899925574660301,0.035225044935941696,0.03719228878617287,0.036781784147024155,0.035225044935941696,0.035225044935941696,0.035225044935941696,0.043182116001844406,0.035225044935941696,0.03624086081981659
2017-01-19,0.03521491959691048,0.03535963222384453,0.03521491959691048,0.04138833284378052,0.03571939840912819,0.03521491959691048,0.035997554659843445,0.03521491959691048,0.03521491959691048,0.04092097282409668,0.03521491959691048,0.03752395510673523,0.03661458566784859,0.03521491959691048,0.051214948296546936,0.03521491959691048,0.03521491959691048,0.03904586285352707,0.03521491959691048,0.03716627508401871,0.03663639351725578,0.03521491959691048,0.03521491959691048,0.03521491959691048,0.04329027235507965,0.03521491959691048,0.03611288592219353
2017-01-20,0.03518946096301079,0.036982182413339615,0.03518946096301079,0.04030859097838402,0.037418775260448456,0.03518946096301079,0.03689733147621155,0.03518946096301079,0.03518946096301079,0.040333107113838196,0.03518946096301079,0.03731590136885643,0.03769418224692345,0.03518946096301079,0.048721250146627426,0.03518946096301079,0.03518946096301079,0.03757823258638382,0.03518946096301079,0.0386715829372406,0.035926226526498795,0.03518946096301079,0.03518946096301079,0.03518946096301079,0.04275453835725784,0.03518946096301079,0.036745697259902954
2017-01-23,0.03513135761022568,0.03682464733719826,0.03513135761022568,0.03817877545952797,0.0378677174448967,0.03513135761022568,0.04021488502621651,0.03513135761022568,0.03532881289720535,0.03800899162888527,0.03513135761022568,0.0375971719622612,0.03826431185007095,0.03513135761022568,0.04599704593420029,0.03513135761022568,0.03513135761022568,0.0377693846821785,0.03513135761022568,0.03747675195336342,0.03680136054754257,0.03513135761022568,0.03513135761022568,0.03513135761022568,0.044420305639505386,0.03513135761022568,0.03854219242930412
2017-01-24,0.035774216055870056,0.03606559708714485,0.035774216055870056,0.041199326515197754,0.042235225439071655,0.03634278476238251,0.035774216055870056,0.035774216055870056,0.035774216055870056,0.03910383582115173,0.035774216055870056,0.035774216055870056,0.035774216055870056,0.035774216055870056,0.0420316644012928,0.036812130361795425,0.035774216055870056,0.035774216055870056,0.035774216055870056,0.03718895837664604,0.03790676221251488,0.035774216055870056,0.035774216055870056,0.035774216055870056,0.0429520457983017,0.035774216055870056,0.035774216055870056
2017-01-25,0.03546112775802612,0.03546112775802612,0.03546112775802612,0.03546112775802612,0.03546112775802612,0.03546112775802612,0.03891405835747719,0.03546112775802612,0.03546112775802612,0.04406937584280968,0.03546112775802612,0.037479836493730545,0.03546112775802612,0.036735475063323975,0.04248181730508804,0.03546112775802612,0.03546112775802612,0.03929009661078453,0.03546112775802612,0.03664672002196312,0.037754882127046585,0.03546112775802612,0.03546112775802612,0.03546112775802612,0.045606829226017,0.03546112775802612,0.03818174824118614
2017-01-26,0.035331014543771744,0.035331014543771744,0.035331014543771744,0.0412130281329155,0.035331014543771744,0.035331014543771744,0.03941025212407112,0.035331014543771744,0.035331014543771744,0.03958074748516083,0.035331014543771744,0.037647224962711334,0.035331014543771744,0.035331014543771744,0.04756077378988266,0.035331014543771744,0.035331014543771744,0.035331014543771744,0.035331014543771744,0.035331014543771744,0.03614237159490585,0.035331014543771744,0.035331014543771744,0.035331014543771744,0.04916080832481384,0.037187252193689346,0.03613930568099022
2017-01-27,0.03516624495387077,0.03516624495387077,0.03516624495387077,0.040907882153987885,0.03516624495387077,0.03516624495387077,0.038136787712574005,0.03516624495387077,0.03516624495387077,0.04118982329964638,0.03614261746406555,0.037410471588373184,0.03516624495387077,0.03516624495387077,0.0450347475707531,0.03516624495387077,0.03516624495387077,0.0364774651825428,0.03516624495387077,0.036320798099040985,0.03660345822572708,0.03516624495387077,0.03516624495387077,0.03516624495387077,0.051124636083841324,0.03636010363698006,0.036797549575567245
2017-01-30,0.03634322062134743,0.03634322062134743,0.03634322062134743,0.03634322062134743,0.03634322062134743,0.03634322062134743,0.03941521421074867,0.03634322062134743,0.03803059458732605,0.03634322062134743,0.03634322062134743,0.03646908327937126,0.03634322062134743,0.03634322062134743,0.039157573133707047,0.037065137177705765,0.03634322062134743,0.03634322062134743,0.03634322062134743,0.041321080178022385,0.03634322062134743,0.03634322062134743,0.03634322062134743,0.03634322062134743,0.03909766674041748,0.03716880455613136,0.03809677064418793
2017-01-31,0.03613460808992386,0.03613460808992386,0.03613460808992386,0.03613460808992386,0.03613460808992386,0.03613460808992386,0.03639765828847885,0.03613460808992386,0.03762670233845711,0.04210557043552399,0.037095580250024796,0.03765635937452316,0.03613460808992386,0.03613460808992386,0.03904305025935173,0.03613460808992386,0.03613460808992386,0.03613460808992386,0.03613460808992386,0.03983207046985626,0.03613460808992386,0.03613460808992386,0.03613460808992386,0.03613460808992386,0.04175996035337448,0.036364514380693436,0.03783021867275238
2017-02-01,0.035475317388772964,0.035475317388772964,0.035475317388772964,0.035475317388772964,0.03667180985212326,0.035475317388772964,0.03869422525167465,0.035475317388772964,0.035475317388772964,0.04513522610068321,0.035475317388772964,0.036534592509269714,0.035475317388772964,0.035475317388772964,0.04212319478392601,0.035475317388772964,0.035475317388772964,0.036747414618730545,0.036177173256874084,0.04104660451412201,0.035475317388772964,0.035475317388772964,0.035475317388772964,0.035475317388772964,0.04437416046857834,0.035475317388772964,0.0394151397049427
2017-02-02,0.035120684653520584,0.035120684653520584,0.035120684653520584,0.03633001819252968,0.035120684653520584,0.035120684653520584,0.0381515808403492,0.035120684653520584,0.035120684653520584,0.04348114877939224,0.035120684653520584,0.03821941837668419,0.035120684653520584,0.035120684653520584,0.04634111747145653,0.035120684653520584,0.035120684653520584,0.040494535118341446,0.035120684653520584,0.03779536858201027,0.035120684653520584,0.035120684653520584,0.035120684653520584,0.035120684653520584,0.04978204146027565,0.035120684653520584,0.03723249211907387
2017-02-03,0.03517412394285202,0.03517412394285202,0.03517412394285202,0.03517412394285202,0.03583495691418648,0.03517412394285202,0.039644088596105576,0.03517412394285202,0.03517412394285202,0.039861444383859634,0.03517412394285202,0.03830258175730705,0.03517412394285202,0.035859834402799606,0.04632655531167984,0.03517412394285202,0.03517412394285202,0.03918851912021637,0.03618190810084343,0.039570827037096024,0.03561951592564583,0.03517412394285202,0.03517412394285202,0.03517412394285202,0.047245319932699203,0.03517412394285202,0.03875260055065155
2017-02-06,0.03488234058022499,0.03488234058022499,0.03488234058022499,0.037172745913267136,0.03488234058022499,0.03488234058022499,0.03700115159153938,0.03488234058022499,0.03488234058022499,0.043863844126462936,0.03488234058022499,0.03805188089609146,0.03488234058022499,0.03488234058022499,0.04829058051109314,0.03488234058022499,0.03488234058022499,0.04272990673780441,0.03488234058022499,0.036753859370946884,0.03488234058022499,0.03488234058022499,0.03488234058022499,0.03488234058022499,0.049685969948768616,0.03563142567873001,0.037818796932697296
2017-02-07,0.034927740693092346,0.034927740693092346,0.034927740693092346,0.03738062083721161,0.034927740693092346,0.034927740693092346,0.03710635378956795,0.034927740693092346,0.034927740693092346,0.044752202928066254,0.034927740693092346,0.0379960797727108,0.034927740693092346,0.034927740693092346,0.04801769554615021,0.034927740693092346,0.034927740693092346,0.04247293993830681,0.034927740693092346,0.03617159277200699,0.034927740693092346,0.034927740693092346,0.034927740693092346,0.034927740693092346,0.04933260753750801,0.03514660894870758,0.037851739674806595
2017-02-08,0.035032276064157486,0.035032276064157486,0.035032276064157486,0.03590427711606026,0.035032276064157486,0.035032276064157486,0.03862430155277252,0.035032276064157486,0.035032276064157486,0.04064905643463135,0.035032276064157486,0.037326034158468246,0.035032276064157486,0.035032276064157486,0.0462753064930439,0.035032276064157486,0.035032276064157486,0.040374498814344406,0.035032276064157486,0.039262205362319946,0.03543545678257942,0.035032276064157486,0.035032276064157486,0.035032276064157486,0.05194815620779991,0.035032276064157486,0.0386519730091095
2017-02-09,0.03506120294332504,0.03506120294332504,0.03506120294332504,0.036322519183158875,0.03506120294332504,0.03506120294332504,0.037279702723026276,0.03506120294332504,0.03506120294332504,0.04297139495611191,0.03506120294332504,0.03677259385585785,0.03506120294332504,0.03506120294332504,0.04578367620706558,0.03506120294332504,0.03506120294332504,0.03999142348766327,0.03506120294332504,0.03939399495720863,0.035582732409238815,0.03506120294332504,0.03506120294332504,0.03506120294332504,0.0514586977660656,0.03506120294332504,0.03840285539627075
2017-02-10,0.035203948616981506,0.03568624332547188,0.035203948616981506,0.03817783668637276,0.035203948616981506,0.035203948616981506,0.03885402902960777,0.035203948616981506,0.035203948616981506,0.039503127336502075,0.035203948616981506,0.037306271493434906,0.035203948616981506,0.035203948616981506,0.048665452748537064,0.035203948616981506,0.035203948616981506,0.038701023906469345,0.035203948616981506,0.038618993014097214,0.035203948616981506,0.035203948616981506,0.035203948616981506,0.035203948616981506,0.04772252216935158,0.035203948616981506,0.03829727694392204
2017-02-13,0.035713158547878265,0.035713158547878265,0.035713158547878265,0.04043745622038841,0.035713158547878265,0.035713158547878265,0.03990422561764717,0.035713158547878265,0.035713158547878265,0.03600521758198738,0.03642748296260834,0.035713158547878265,0.035713158547878265,0.035713158547878265,0.05121534317731857,0.035713158547878265,0.035713158547878265,0.035713158547878265,0.035713158547878265,0.03982371836900711,0.035713158547878265,0.035713158547878265,0.035713158547878265,0.035713158547878265,0.04151391610503197,0.035713158547878265,0.036122601479291916
2017-02-14,0.035432178527116776,0.035432178527116776,0.035432178527116776,0.04200735688209534,0.035432178527116776,0.035432178527116776,0.039012808352708817,0.035432178527116776,0.035432178527116776,0.035432178527116776,0.03586112707853317,0.03651075437664986,0.035432178527116776,0.035448845475912094,0.04950512573122978,0.035432178527116776,0.035432178527116776,0.035432178527116776,0.035432178527116776,0.04006598889827728,0.03588912636041641,0.035432178527116776,0.035432178527116776,0.035432178527116776,0.04686351493000984,0.035432178527116776,0.03648835048079491
2017-02-15,0.03554249554872513,0.03554249554872513,0.03554249554872513,0.04361369460821152,0.03554249554872513,0.03554249554872513,0.038668155670166016,0.03554249554872513,0.03554249554872513,0.03554249554872513,0.03554249554872513,0.03554249554872513,0.03554249554872513,0.03554249554872513,0.04902051016688347,0.036332566291093826,0.03554249554872513,0.03554249554872513,0.03554249554872513,0.03821699321269989,0.03576383739709854,0.03554249554872513,0.03554249554872513,0.03554249554872513,0.04753434658050537,0.03554249554872513,0.03554249554872513
2017-02-16,0.03537617623806,0.03537617623806,0.03537617623806,0.047359220683574677,0.03537617623806,0.03537617623806,0.03676607087254524,0.03537617623806,0.03537617623806,0.03537617623806,0.03731412813067436,0.03537617623806,0.03537617623806,0.036714106798172,0.049722835421562195,0.036501139402389526,0.03537617623806,0.03537617623806,0.03537617623806,0.036804601550102234,0.03537617623806,0.03537617623806,0.03537617623806,0.03537617623806,0.046670641750097275,0.03537617623806,0.03537617623806
2017-02-17,0.035398419946432114,0.035398419946432114,0.035398419946432114,0.05088016763329506,0.035398419946432114,0.035398419946432114,0.035398419946432114,0.035398419946432114,0.035398419946432114,0.036349955946207047,0.03958505392074585,0.035398419946432114,0.035398419946432114,0.035398419946432114,0.04648977890610695,0.03721509128808975,0.035398419946432114,0.035398419946432114,0.035398419946432114,0.03577982261776924,0.035398419946432114,0.035398419946432114,0.035398419946432114,0.035398419946432114,0.045731738209724426,0.035398419946432114,0.035398419946432114
2017-02-21,0.03543548658490181,0.03543548658490181,0.03543548658490181,0.05233888700604439,0.03543548658490181,0.03543548658490181,0.03583952784538269,0.03543548658490181,0.03579036146402359,0.03543548658490181,0.039164990186691284,0.03543548658490181,0.03543548658490181,0.03543548658490181,0.04553328827023506,0.03761167451739311,0.03543548658490181,0.03543548658490181,0.03543548658490181,0.038907647132873535,0.03543548658490181,0.03543548658490181,0.03543548658490181,0.03543548658490181,0.04153943806886673,0.03543548658490181,0.03543548658490181
2017-02-22,0.035119637846946716,0.035119637846946716,0.035119637846946716,0.053773198276758194,0.035119637846946716,0.035119637846946716,0.035119637846946716,0.035119637846946716,0.035119637846946716,0.03653040900826454,0.03905666992068291,0.035119637846946716,0.035119637846946716,0.035687047988176346,0.04600139707326889,0.03837012127041817,0.035119637846946716,0.035119637846946716,0.035119637846946716,0.03588297218084335,0.035119637846946716,0.035119637846946716,0.035119637846946716,0.035119637846946716,0.04742506146430969,0.035119637846946716,0.035119637846946716
2017-02-23,0.03538030758500099,0.03538030758500099,0.03538030758500099,0.051075346767902374,0.03538030758500099,0.03538030758500099,0.03538030758500099,0.03538030758500099,0.03538030758500099,0.036374282091856,0.03955089673399925,0.03538030758500099,0.03538030758500099,0.03538030758500099,0.046447791159152985,0.03727361559867859,0.03538030758500099,0.03538030758500099,0.03538030758500099,0.03581780940294266,0.03538030758500099,0.03538030758500099,0.03538030758500099,0.03538030758500099,0.04585414379835129,0.03538030758500099,0.03538030758500099
2017-02-24,0.03572183474898338,0.03556215763092041,0.03556215763092041,0.0412549152970314,0.03556215763092041,0.03556215763092041,0.03556215763092041,0.03556215763092041,0.03556215763092041,0.03892478719353676,0.03821538761258125,0.03556215763092041,0.03556215763092041,0.036714643239974976,0.04678048565983772,0.037207189947366714,0.03556215763092041,0.03556215763092041,0.03556215763092041,0.03645056113600731,0.03556215763092041,0.03556215763092041,0.03556215763092041,0.03556215763092041,0.048611365258693695,0.03556215763092041,0.03556215763092041
2017-02-27,0.0364903099834919,0.035479798913002014,0.035479798913002014,0.03656391799449921,0.035479798913002014,0.035479798913002014,0.0359775610268116,0.035479798913002014,0.035479798913002014,0.04180698096752167,0.03743862360715866,0.03710833936929703,0.035479798913002014,0.03686506301164627,0.0422898568212986,0.038089483976364136,0.035479798913002014,0.035479798913002014,0.035479798913002014,0.039937593042850494,0.035479798913002014,0.035479798913002014,0.035479798913002014,0.035479798913002014,0.047783203423023224,0.035479798913002014,0.037452083081007004
2017-02-28,0.03749601170420647,0.0357411652803421,0.0357411652803421,0.036866914480924606,0.0357411652803421,0.0357411652803421,0.0357411652803421,0.0357411652803421,0.03746199980378151,0.03765277564525604,0.036844197660684586,0.0357411652803421,0.0357411652803421,0.03772054612636566,0.04524433985352516,0.03650621324777603,0.0357411652803421,0.0357411652803421,0.036164868623018265,0.03881917521357536,0.0361558273434639,0.0357411652803421,0.0357411652803421,0.0357411652803421,0.044969115406274796,0.036490924656391144,0.03697194159030914
2017-03-01,0.0375717394053936,0.035653963685035706,0.035653963685035706,0.035653963685035706,0.035653963685035706,0.035653963685035706,0.035653963685035706,0.035653963685035706,0.03694191575050354,0.038798414170742035,0.035653963685035706,0.035653963685035706,0.035653963685035706,0.03786075860261917,0.04574389010667801,0.036582447588443756,0.035653963685035706,0.035653963685035706,0.037585027515888214,0.03924798592925072,0.036101084202528,0.035653963685035706,0.035653963685035706,0.035653963685035706,0.04528217762708664,0.03596901521086693,0.03750612586736679
2017-03-02,0.03645511344075203,0.0356682687997818,0.0356682687997818,0.04069490358233452,0.0356682687997818,0.0356682687997818,0.0356682687997818,0.0356682687997818,0.036211561411619186,0.03665979206562042,0.04169211536645889,0.0356682687997818,0.0356682687997818,0.03948753699660301,0.042753152549266815,0.03804044798016548,0.0356682687997818,0.0356682687997818,0.0356682687997818,0.0356682687997818,0.0356682687997818,0.0356682687997818,0.0356682687997818,0.0356682687997818,0.04457559064030647,0.037069275975227356,0.0356682687997818
2017-03-03,0.03899314999580383,0.035631801933050156,0.035631801933050156,0.035631801933050156,0.035631801933050156,0.035631801933050156,0.035631801933050156,0.035631801933050156,0.037120841443538666,0.038435764610767365,0.03573286905884743,0.035631801933050156,0.035631801933050156,0.040215201675891876,0.043231088668107986,0.0382281132042408,0.035631801933050156,0.035631801933050156,0.03774334117770195,0.03847415745258331,0.03664635121822357,0.035631801933050156,0.035631801933050156,0.035631801933050156,0.042886584997177124,0.03706434741616249,0.036382999271154404
2017-03-06,0.035641591995954514,0.035641591995954514,0.035641591995954514,0.035641591995954514,0.035641591995954514,0.035641591995954514,0.035641591995954514,0.035641591995954514,0.036175087094306946,0.03833342343568802,0.035641591995954514,0.035641591995954514,0.035641591995954514,0.03753743693232536,0.03931158035993576,0.04153743386268616,0.035641591995954514,0.035641591995954514,0.04179537296295166,0.041864171624183655,0.03678476810455322,0.035641591995954514,0.035641591995954514,0.035641591995954514,0.040965452790260315,0.0377691350877285,0.03766068443655968
2017-03-07,0.03574690222740173,0.03574690222740173,0.03574690222740173,0.03574690222740173,0.03574690222740173,0.03574690222740173,0.03574690222740173,0.03574690222740173,0.036129869520664215,0.03892774134874344,0.03574690222740173,0.03577030822634697,0.03574690222740173,0.03653714060783386,0.0414322130382061,0.04003279656171799,0.03574690222740173,0.03574690222740173,0.040247395634651184,0.04208943620324135,0.03615575656294823,0.03574690222740173,0.03574690222740173,0.03574690222740173,0.04155299440026283,0.03576291725039482,0.03915791213512421
2017-03-08,0.03572205826640129,0.03572205826640129,0.03572205826640129,0.03572205826640129,0.03572205826640129,0.03572205826640129,0.03572205826640129,0.03572205826640129,0.03572205826640129,0.03938155248761177,0.03572205826640129,0.03604434058070183,0.03572205826640129,0.036579232662916183,0.041277315467596054,0.040189072489738464,0.03572205826640129,0.03572205826640129,0.03986305370926857,0.04234018921852112,0.03572205826640129,0.03572205826640129,0.03572205826640129,0.03572205826640129,0.0421922393143177,0.03572205826640129,0.03913598507642746
2017-03-09,0.03581421449780464,0.03581421449780464,0.03581421449780464,0.03581421449780464,0.03581421449780464,0.03581421449780464,0.03609207272529602,0.03581421449780464,0.03615051880478859,0.042683396488428116,0.03581421449780464,0.03581421449780464,0.03581421449780464,0.03581421449780464,0.03857026249170303,0.041595458984375,0.03581421449780464,0.03581421449780464,0.03716777637600899,0.04158790782094002,0.03581421449780464,0.03581421449780464,0.03581421449780464,0.03581421449780464,0.04401572793722153,0.03581421449780464,0.037480972707271576
2017-03-10,0.0359441414475441,0.0359441414475441,0.0359441414475441,0.0359441414475441,0.0359441414475441,0.0359441414475441,0.0359441414475441,0.0359441414475441,0.038393184542655945,0.04703659564256668,0.0359441414475441,0.0359441414475441,0.0359441414475441,0.0359441414475441,0.03712933883070946,0.04104628041386604,0.0359441414475441,0.0359441414475441,0.0359441414475441,0.038656339049339294,0.0359441414475441,0.0359441414475441,0.0359441414475441,0.0359441414475441,0.04291124641895294,0.0359441414475441,0.0359441414475441
2017-03-13,0.035760294646024704,0.035760294646024704,0.035760294646024704,0.035760294646024704,0.035760294646024704,0.035760294646024704,0.035760294646024704,0.035760294646024704,0.036312609910964966,0.04150810092687607,0.035760294646024704,0.03873871639370918,0.035760294646024704,0.036075443029403687,0.039122484624385834,0.04101373255252838,0.035760294646024704,0.035760294646024704,0.035760294646024704,0.040965329855680466,0.035760294646024704,0.035760294646024704,0.035760294646024704,0.035760294646024704,0.045418936759233475,0.035760294646024704,0.037159264087677
2017-03-14,0.03593923896551132,0.03593923896551132,0.03593923896551132,0.03593923896551132,0.03593923896551132,0.03593923896551132,0.03593923896551132,0.03593923896551132,0.03680190443992615,0.042168695479631424,0.03593923896551132,0.03710543364286423,0.03593923896551132,0.03751374036073685,0.03814230114221573,0.042517147958278656,0.03593923896551132,0.03593923896551132,0.036131177097558975,0.039373729377985,0.03593923896551132,0.03593923896551132,0.03593923896551132,0.03593923896551132,0.04255278781056404,0.035979852080345154,0.03668542206287384
2017-03-15,0.035787709057331085,0.035787709057331085,0.03681629151105881,0.035787709057331085,0.03673497214913368,0.035787709057331085,0.035787709057331085,0.035787709057331085,0.03758186101913452,0.04625530540943146,0.035787709057331085,0.037345871329307556,0.035787709057331085,0.035787709057331085,0.04037454351782799,0.03877131640911102,0.035787709057331085,0.035787709057331085,0.03619823232293129,0.037548646330833435,0.035787709057331085,0.035787709057331085,0.035787709057331085,0.035787709057331085,0.041560444980859756,0.036696355789899826,0.037300482392311096
2017-03-16,0.03568241372704506,0.03568241372704506,0.03568241372704506,0.03568241372704506,0.03568241372704506,0.03568241372704506,0.03568241372704506,0.03568241372704506,0.03677263855934143,0.04270485043525696,0.03568241372704506,0.03815799951553345,0.03568241372704506,0.03747377172112465,0.040855661034584045,0.040380701422691345,0.03568241372704506,0.03568241372704506,0.03685963526368141,0.03834809735417366,0.03568241372704506,0.03568241372704506,0.03568241372704506,0.03568241372704506,0.04278155788779259,0.03784827142953873,0.03689819946885109
2017-03-17,0.03552377596497536,0.03552377596497536,0.03552377596497536,0.03552377596497536,0.03552377596497536,0.03552377596497536,0.03552377596497536,0.03552377596497536,0.037594184279441833,0.043904855847358704,0.03552377596497536,0.037436239421367645,0.03552377596497536,0.03552377596497536,0.04217594489455223,0.040035903453826904,0.03552377596497536,0.03672904893755913,0.03552377596497536,0.039570096880197525,0.03552377596497536,0.03552377596497536,0.03552377596497536,0.03552377596497536,0.04479190707206726,0.03745052590966225,0.03640720993280411
2017-03-20,0.03529549762606621,0.03529549762606621,0.03529549762606621,0.03529549762606621,0.03758621960878372,0.03529549762606621,0.03529549762606621,0.03529549762606621,0.03783250227570534,0.04515080526471138,0.03529549762606621,0.03855220600962639,0.03529549762606621,0.03529549762606621,0.0416627898812294,0.038695741444826126,0.03529549762606621,0.03529549762606621,0.0368916392326355,0.039842601865530014,0.03529549762606621,0.03529549762606621,0.03529549762606621,0.03529549762606621,0.0429900661110878,0.03950582444667816,0.03656166046857834
2017-03-21,0.03565555065870285,0.03565555065870285,0.03565555065870285,0.03565555065870285,0.035839565098285675,0.03565555065870285,0.03565555065870285,0.03565555065870285,0.03715211898088455,0.04469601437449455,0.03565555065870285,0.03658093139529228,0.03565555065870285,0.03565555065870285,0.0400536023080349,0.04027494043111801,0.03565555065870285,0.03565555065870285,0.03565555065870285,0.04170853644609451,0.03565555065870285,0.03565555065870285,0.03565555065870285,0.03565555065870285,0.04412280023097992,0.03747742623090744,0.03594965487718582
2017-03-22,0.03571761026978493,0.03571761026978493,0.03845283389091492,0.03571761026978493,0.040760889649391174,0.03571761026978493,0.03571761026978493,0.03571761026978493,0.03571761026978493,0.04003217816352844,0.03571761026978493,0.03661799430847168,0.03571761026978493,0.03571761026978493,0.039055004715919495,0.03780679032206535,0.03571761026978493,0.03571761026978493,0.03806878253817558,0.039769794791936874,0.04011427238583565,0.03571761026978493,0.03571761026978493,0.03571761026978493,0.040579479187726974,0.03571761026978493,0.03726017102599144
2017-03-23,0.03583754599094391,0.03583754599094391,0.040072955191135406,0.03583754599094391,0.03583754599094391,0.03583754599094391,0.03583754599094391,0.03583754599094391,0.03751406818628311,0.041269417852163315,0.03583754599094391,0.03583754599094391,0.03583754599094391,0.03835231438279152,0.039762452244758606,0.03945554792881012,0.03583754599094391,0.036770887672901154,0.03601725772023201,0.03583754599094391,0.03800361230969429,0.03583754599094391,0.03583754599094391,0.03583754599094391,0.03583754599094391,0.04354322701692581,0.03583754599094391
2017-03-24,0.03622886911034584,0.03622886911034584,0.03752090409398079,0.03622886911034584,0.03622886911034584,0.03622886911034584,0.03622886911034584,0.03622886911034584,0.03622886911034584,0.04405707120895386,0.03622886911034584,0.03622886911034584,0.03622886911034584,0.03622886911034584,0.03869537264108658,0.03691381588578224,0.03622886911034584,0.04000703990459442,0.03622886911034584,0.03622886911034584,0.037859957665205,0.03622886911034584,0.03622886911034584,0.03622886911034584,0.039064083248376846,0.036888375878334045,0.036873720586299896
2017-03-27,0.03593815118074417,0.03593815118074417,0.03832776099443436,0.03593815118074417,0.03593815118074417,0.03593815118074417,0.03593815118074417,0.03593815118074417,0.03668792173266411,0.04436369240283966,0.03593815118074417,0.03593815118074417,0.03593815118074417,0.03733167052268982,0.03974995017051697,0.03731323778629303,0.03593815118074417,0.040868524461984634,0.03593815118074417,0.03593815118074417,0.03593815118074417,0.03593815118074417,0.03593815118074417,0.03593815118074417,0.03998367115855217,0.038379136472940445,0.036045826971530914
2017-03-28,0.03637687489390373,0.03637687489390373,0.038209788501262665,0.03637687489390373,0.03637687489390373,0.03637687489390373,0.03637687489390373,0.03637687489390373,0.03637687489390373,0.04257648065686226,0.03951396048069,0.03637687489390373,0.03637687489390373,0.03637687489390373,0.03637687489390373,0.03637687489390373,0.03637687489390373,0.03901353105902672,0.03637687489390373,0.03637687489390373,0.03918671980500221,0.03637687489390373,0.03637687489390373,0.03637687489390373,0.03637687489390373,0.03637687489390373,0.03758516535162926
2017-03-29,0.03608071058988571,0.03608071058988571,0.037437792867422104,0.03608071058988571,0.03829101845622063,0.03608071058988571,0.037174202501773834,0.03608071058988571,0.03608071058988571,0.04453686624765396,0.03608071058988571,0.03608071058988571,0.03608071058988571,0.03608071058988571,0.03608071058988571,0.03660261258482933,0.03608071058988571,0.03836558386683464,0.037833571434020996,0.03746058791875839,0.03749239072203636,0.03608071058988571,0.03608071058988571,0.03608071058988571,0.039595261216163635,0.03608071058988571,0.03791879490017891
2017-03-30,0.03630758449435234,0.03630758449435234,0.03630758449435234,0.03630758449435234,0.03630758449435234,0.03630758449435234,0.03781542927026749,0.03630758449435234,0.037076521664857864,0.0424208901822567,0.03630758449435234,0.03658304736018181,0.03630758449435234,0.03630758449435234,0.03630758449435234,0.04117901250720024,0.03630758449435234,0.03630758449435234,0.03630758449435234,0.040099162608385086,0.03630758449435234,0.03630758449435234,0.03630758449435234,0.03630758449435234,0.03759070113301277,0.03630758449435234,0.03739118203520775
2017-03-31,0.036338258534669876,0.036338258534669876,0.03669879585504532,0.036338258534669876,0.036338258534669876,0.036338258534669876,0.036609020084142685,0.036338258534669876,0.03695010766386986,0.041830193251371384,0.036338258534669876,0.03744274377822876,0.036338258534669876,0.036338258534669876,0.036338258534669876,0.04070993885397911,0.036338258534669876,0.036338258534669876,0.036338258534669876,0.039818793535232544,0.036338258534669876,0.036338258534669876,0.036338258534669876,0.036338258534669876,0.03851386904716492,0.036338258534669876,0.037337832152843475
2017-04-03,0.036550045013427734,0.036550045013427734,0.039673104882240295,0.036550045013427734,0.036550045013427734,0.036550045013427734,0.036550045013427734,0.036550045013427734,0.0366843156516552,0.03981275483965874,0.036550045013427734,0.03659369423985481,0.036550045013427734,0.03789670765399933,0.036550045013427734,0.0407484769821167,0.036550045013427734,0.036550045013427734,0.036550045013427734,0.037480589002370834,0.03665949031710625,0.036550045013427734,0.036550045013427734,0.036550045013427734,0.036550045013427734,0.036550045013427734,0.036550045013427734
2017-04-04,0.03646371141076088,0.03646371141076088,0.03831985592842102,0.03646371141076088,0.037211980670690536,0.03646371141076088,0.03646371141076088,0.03646371141076088,0.040216103196144104,0.037205036729574203,0.03646371141076088,0.03646371141076088,0.03646371141076088,0.03646371141076088,0.03646371141076088,0.03917348012328148,0.03646371141076088,0.03646371141076088,0.03732923045754433,0.037705905735492706,0.038555558770895004,0.03646371141076088,0.03646371141076088,0.03646371141076088,0.03646371141076088,0.03646371141076088,0.037936028093099594
2017-04-05,0.036259107291698456,0.036259107291698456,0.036259107291698456,0.036259107291698456,0.037833936512470245,0.036259107291698456,0.036259107291698456,0.036259107291698456,0.040397100150585175,0.0379178412258625,0.036259107291698456,0.036259107291698456,0.036259107291698456,0.036259107291698456,0.036259107291698456,0.03989190235733986,0.036259107291698456,0.036259107291698456,0.036259107291698456,0.0383245088160038,0.0408017598092556,0.036259107291698456,0.036259107291698456,0.036259107291698456,0.036259107291698456,0.036259107291698456,0.03965078666806221
2017-04-06,0.03645944967865944,0.03645944967865944,0.03645944967865944,0.03645944967865944,0.03645944967865944,0.03645944967865944,0.03645944967865944,0.03645944967865944,0.038600604981184006,0.04195237159729004,0.03645944967865944,0.037176549434661865,0.03645944967865944,0.03645944967865944,0.03645944967865944,0.04057416319847107,0.03645944967865944,0.03645944967865944,0.03645944967865944,0.037122808396816254,0.03669703006744385,0.03645944967865944,0.03645944967865944,0.03645944967865944,0.03657032549381256,0.03645944967865944,0.038576602935791016
2017-04-07,0.036245476454496384,0.036245476454496384,0.036245476454496384,0.036245476454496384,0.036245476454496384,0.036245476454496384,0.039398666471242905,0.036245476454496384,0.03876197338104248,0.043154943734407425,0.036245476454496384,0.036245476454496384,0.036359116435050964,0.036245476454496384,0.036245476454496384,0.039007727056741714,0.036245476454496384,0.036601170897483826,0.036245476454496384,0.03736546263098717,0.03719882294535637,0.036245476454496384,0.036245476454496384,0.036245476454496384,0.036245476454496384,0.036245476454496384,0.039733562618494034
2017-04-10,0.03638549521565437,0.03638549521565437,0.03638549521565437,0.03638549521565437,0.03638549521565437,0.03638549521565437,0.03638549521565437,0.03638549521565437,0.03999217227101326,0.03873635455965996,0.03638549521565437,0.03638549521565437,0.03638549521565437,0.03638549521565437,0.03638549521565437,0.0402706116437912,0.03638549521565437,0.03638549521565437,0.03638549521565437,0.037880945950746536,0.04007715731859207,0.03638549521565437,0.03638549521565437,0.03638549521565437,0.03638549521565437,0.03638549521565437,0.038947395980358124
2017-04-11,0.0364033505320549,0.0364033505320549,0.0364033505320549,0.0364033505320549,0.03668626397848129,0.0364033505320549,0.03852042928338051,0.0364033505320549,0.03916396200656891,0.037648215889930725,0.0364033505320549,0.0364033505320549,0.0364033505320549,0.0364033505320549,0.0364033505320549,0.03941379114985466,0.0364033505320549,0.0364033505320549,0.0364033505320549,0.03825361654162407,0.040881089866161346,0.0364033505320549,0.0364033505320549,0.0364033505320549,0.0366484597325325,0.0364033505320549,0.037523962557315826
2017-04-12,0.03634997829794884,0.03634997829794884,0.03634997829794884,0.03634997829794884,0.03843339905142784,0.03634997829794884,0.03972852602601051,0.03634997829794884,0.038351599127054214,0.04096046835184097,0.03634997829794884,0.03634997829794884,0.03634997829794884,0.03634997829794884,0.03634997829794884,0.03667275607585907,0.03634997829794884,0.03634997829794884,0.03634997829794884,0.038355693221092224,0.0389995276927948,0.03634997829794884,0.03634997829794884,0.03634997829794884,0.03634997829794884,0.03634997829794884,0.03784843161702156
2017-04-13,0.03611660376191139,0.03611660376191139,0.03611660376191139,0.03611660376191139,0.040661394596099854,0.03611660376191139,0.03611660376191139,0.03611660376191139,0.03841083496809006,0.040178850293159485,0.03611660376191139,0.03611660376191139,0.03680066391825676,0.03611660376191139,0.03611660376191139,0.03637324273586273,0.03611660376191139,0.03611660376191139,0.03611660376191139,0.03812263533473015,0.042334217578172684,0.03611660376191139,0.03611660376191139,0.03611660376191139,0.03611660376191139,0.03611660376191139,0.04090265557169914
2017-04-17,0.036163799464702606,0.036163799464702606,0.036163799464702606,0.036163799464702606,0.038095325231552124,0.036163799464702606,0.036163799464702606,0.036163799464702606,0.03947494924068451,0.038805775344371796,0.036163799464702606,0.0364096574485302,0.03966658189892769,0.036163799464702606,0.036163799464702606,0.036163799464702606,0.036163799464702606,0.036922089755535126,0.036163799464702606,0.037663329392671585,0.04073633998632431,0.036163799464702606,0.036163799464702606,0.036163799464702606,0.036163799464702606,0.036163799464702606,0.04127763211727142
2017-04-18,0.03557543456554413,0.03557543456554413,0.03557543456554413,0.03557543456554413,0.04706531763076782,0.03557543456554413,0.03557543456554413,0.03557543456554413,0.0417729876935482,0.03827003762125969,0.03557543456554413,0.03557543456554413,0.03557543456554413,0.03557543456554413,0.03557543456554413,0.03557543456554413,0.03557543456554413,0.03557543456554413,0.04053999483585358,0.04053056985139847,0.03843662887811661,0.03557543456554413,0.03557543456554413,0.03557543456554413,0.03557543456554413,0.03557543456554413,0.041875842958688736
2017-04-19,0.03630680963397026,0.03630680963397026,0.03630680963397026,0.03630680963397026,0.03970073536038399,0.03630680963397026,0.03630680963397026,0.03630680963397026,0.039440542459487915,0.03630680963397026,0.03630680963397026,0.03630680963397026,0.03630680963397026,0.03630680963397026,0.03630680963397026,0.03630680963397026,0.03630680963397026,0.03630680963397026,0.03630680963397026,0.03938048332929611,0.042085111141204834,0.03630680963397026,0.03630680963397026,0.03630680963397026,0.03630680963397026,0.03630680963397026,0.040643222630023956
2017-04-20,0.03586897999048233,0.03586897999048233,0.04121766984462738,0.03586897999048233,0.03586897999048233,0.03586897999048233,0.03586897999048233,0.03586897999048233,0.042907439172267914,0.03591232746839523,0.03586897999048233,0.039529215544462204,0.036475226283073425,0.03586897999048233,0.03586897999048233,0.03586897999048233,0.03586897999048233,0.03874645382165909,0.03586897999048233,0.03929334506392479,0.038028109818696976,0.03586897999048233,0.03586897999048233,0.03586897999048233,0.03586897999048233,0.03794240951538086,0.040175165981054306
2017-04-21,0.035475440323352814,0.035475440323352814,0.039868470281362534,0.035475440323352814,0.036917731165885925,0.035475440323352814,0.035475440323352814,0.035475440323352814,0.0382455550134182,0.04088554158806801,0.035475440323352814,0.04064112529158592,0.035475440323352814,0.03714073821902275,0.035475440323352814,0.036640334874391556,0.035475440323352814,0.040747664868831635,0.035475440323352814,0.03968400880694389,0.03742136061191559,0.035475440323352814,0.035475440323352814,0.035475440323352814,0.04183081537485123,0.035475440323352814,0.03784509375691414
2017-04-24,0.035408858209848404,0.035408858209848404,0.035408858209848404,0.035408858209848404,0.035408858209848404,0.035408858209848404,0.03546273708343506,0.035408858209848404,0.03771355748176575,0.046116895973682404,0.035408858209848404,0.04243132099509239,0.035408858209848404,0.035408858209848404,0.04167288914322853,0.03761877119541168,0.035408858209848404,0.0415707603096962,0.035408858209848404,0.03684293106198311,0.035408858209848404,0.035408858209848404,0.035408858209848404,0.035408858209848404,0.04205390065908432,0.035408858209848404,0.03656557574868202
2017-04-25,0.035446204245090485,0.035446204245090485,0.035446204245090485,0.03550509363412857,0.035446204245090485,0.035446204245090485,0.035965628921985626,0.035446204245090485,0.03835315629839897,0.03937669098377228,0.035446204245090485,0.03640428185462952,0.035446204245090485,0.037816084921360016,0.04092065989971161,0.0432223305106163,0.035446204245090485,0.037721555680036545,0.035446204245090485,0.04424983635544777,0.035446204245090485,0.035446204245090485,0.035446204245090485,0.035446204245090485,0.04220231994986534,0.035446204245090485,0.03656930848956108
2017-04-26,0.03570127114653587,0.03570127114653587,0.03570127114653587,0.0363052599132061,0.03570127114653587,0.03570127114653587,0.03570127114653587,0.03570127114653587,0.039255622774362564,0.037427596747875214,0.03570127114653587,0.03784114494919777,0.03570127114653587,0.0395841971039772,0.03984760865569115,0.04289047420024872,0.03570127114653587,0.03570127114653587,0.03570127114653587,0.0424734428524971,0.03570127114653587,0.03570127114653587,0.03570127114653587,0.03570127114653587,0.0395197719335556,0.03793321177363396,0.03570127114653587
2017-04-27,0.035930342972278595,0.035930342972278595,0.035930342972278595,0.035930342972278595,0.035930342972278595,0.035930342972278595,0.03658071532845497,0.035930342972278595,0.03961363062262535,0.03681236132979393,0.035930342972278595,0.0390850268304348,0.035930342972278595,0.03900826349854469,0.03600995987653732,0.04323095828294754,0.035930342972278595,0.0362793430685997,0.035930342972278595,0.04335451126098633,0.035930342972278595,0.035930342972278595,0.035930342972278595,0.035930342972278595,0.03920937329530716,0.035930342972278595,0.035930342972278595
2017-04-28,0.03593074902892113,0.03593074902892113,0.03593074902892113,0.03627030551433563,0.03593074902892113,0.03593074902892113,0.037141669541597366,0.03593074902892113,0.04079984873533249,0.040321774780750275,0.03593074902892113,0.037291936576366425,0.03593074902892113,0.03593074902892113,0.03674830123782158,0.04180390015244484,0.03593074902892113,0.03593074902892113,0.03593074902892113,0.04319898784160614,0.03593074902892113,0.03593074902892113,0.03593074902892113,0.03593074902892113,0.03929771110415459,0.03593074902892113,0.0363028459250927
2017-05-01,0.03612564131617546,0.03612564131617546,0.03612564131617546,0.03631160035729408,0.03612564131617546,0.03612564131617546,0.036778949201107025,0.03612564131617546,0.040243398398160934,0.03994157537817955,0.03612564131617546,0.03612564131617546,0.03612564131617546,0.03612564131617546,0.03612564131617546,0.0433528870344162,0.03612564131617546,0.03612564131617546,0.03612564131617546,0.044198788702487946,0.03612564131617546,0.03612564131617546,0.03612564131617546,0.03612564131617546,0.03666001930832863,0.03612564131617546,0.03612564131617546
2017-05-02,0.036127954721450806,0.036127954721450806,0.036127954721450806,0.04057841747999191,0.036127954721450806,0.036127954721450806,0.036829665303230286,0.036127954721450806,0.03631908819079399,0.03668856993317604,0.036127954721450806,0.036127954721450806,0.036127954721450806,0.036127954721450806,0.036127954721450806,0.04290802404284477,0.036127954721450806,0.036127954721450806,0.036127954721450806,0.044388093054294586,0.036127954721450806,0.036127954721450806,0.036127954721450806,0.036127954721450806,0.03972899541258812,0.036127954721450806,0.036127954721450806
2017-05-03,0.0355328805744648,0.0355328805744648,0.0355328805744648,0.03752156347036362,0.0355328805744648,0.0355328805744648,0.03851000592112541,0.0355328805744648,0.0355328805744648,0.03916999325156212,0.0355328805744648,0.0355328805744648,0.0355328805744648,0.03616645187139511,0.04093720391392708,0.04226243868470192,0.0355328805744648,0.035951972007751465,0.0355328805744648,0.04484559968113899,0.0355328805744648,0.0355328805744648,0.0355328805744648,0.0355328805744648,0.042710550129413605,0.0355328805744648,0.03786525875329971
2017-05-04,0.03564969450235367,0.03564969450235367,0.03564969450235367,0.03790481388568878,0.03564969450235367,0.03564969450235367,0.038376450538635254,0.03564969450235367,0.03564969450235367,0.038876332342624664,0.03564969450235367,0.03564969450235367,0.03564969450235367,0.03631562367081642,0.0391530878841877,0.043109212070703506,0.03564969450235367,0.03564969450235367,0.03564969450235367,0.045713964849710464,0.03564969450235367,0.03564969450235367,0.03564969450235367,0.03564969450235367,0.04178972914814949,0.03564969450235367,0.03706634044647217
2017-05-05,0.03569469228386879,0.03569469228386879,0.03569469228386879,0.03650728985667229,0.03569469228386879,0.03569469228386879,0.03573781996965408,0.03569469228386879,0.036510173231363297,0.03736518695950508,0.03569469228386879,0.03569469228386879,0.03569469228386879,0.03750357776880264,0.042274318635463715,0.04285472631454468,0.03569469228386879,0.036160461604595184,0.03569469228386879,0.045492496341466904,0.03569469228386879,0.03569469228386879,0.03569469228386879,0.03569469228386879,0.040533632040023804,0.03569469228386879,0.03794527053833008
2017-05-08,0.035918910056352615,0.035918910056352615,0.035918910056352615,0.035918910056352615,0.035918910056352615,0.035918910056352615,0.035918910056352615,0.035918910056352615,0.035918910056352615,0.038635216653347015,0.035918910056352615,0.035918910056352615,0.035918910056352615,0.036010585725307465,0.041644636541604996,0.04234202951192856,0.035918910056352615,0.03713776171207428,0.035918910056352615,0.04395047947764397,0.035918910056352615,0.035918910056352615,0.035918910056352615,0.035918910056352615,0.04014402627944946,0.035918910056352615,0.0376758836209774
2017-05-09,0.03584297001361847,0.03584297001361847,0.03584297001361847,0.03584297001361847,0.03584297001361847,0.03584297001361847,0.035918641835451126,0.03584297001361847,0.03584297001361847,0.03869708999991417,0.03584297001361847,0.03584297001361847,0.03584297001361847,0.03635105863213539,0.0420687310397625,0.04227001592516899,0.03584297001361847,0.037182845175266266,0.03584297001361847,0.04395792633295059,0.03584297001361847,0.03584297001361847,0.03584297001361847,0.03584297001361847,0.04083458334207535,0.03584297001361847,0.03754560276865959
2017-05-10,0.03584011271595955,0.03584011271595955,0.03584011271595955,0.03584011271595955,0.03584011271595955,0.03584011271595955,0.0359216034412384,0.03584011271595955,0.03584011271595955,0.038700226694345474,0.03584011271595955,0.03584011271595955,0.03584011271595955,0.036348164081573486,0.04209861904382706,0.04224999248981476,0.03584011271595955,0.03718670457601547,0.03584011271595955,0.04395660385489464,0.03584011271595955,0.03584011271595955,0.03584011271595955,0.03584011271595955,0.0408552885055542,0.03584011271595955,0.03756079822778702
2017-05-11,0.03614741936326027,0.03614741936326027,0.03614741936326027,0.03614741936326027,0.03614741936326027,0.03614741936326027,0.03614741936326027,0.03614741936326027,0.04100877791643143,0.03871197625994682,0.03614741936326027,0.03614741936326027,0.03614741936326027,0.03614741936326027,0.03614741936326027,0.04642141982913017,0.03614741936326027,0.03614741936326027,0.03614741936326027,0.04190656170248985,0.03614741936326027,0.03614741936326027,0.03614741936326027,0.03614741936326027,0.03614741936326027,0.03614741936326027,0.036708030849695206
2017-05-12,0.036171477288007736,0.036171477288007736,0.036171477288007736,0.036171477288007736,0.036171477288007736,0.036171477288007736,0.036171477288007736,0.036171477288007736,0.0406409315764904,0.041469935327768326,0.036171477288007736,0.036171477288007736,0.036171477288007736,0.036171477288007736,0.036171477288007736,0.043894317001104355,0.036171477288007736,0.036171477288007736,0.036171477288007736,0.04024583846330643,0.036171477288007736,0.036171477288007736,0.036171477288007736,0.036171477288007736,0.036171477288007736,0.036171477288007736,0.0379764549434185
2017-05-15,0.03617022931575775,0.03617022931575775,0.03617022931575775,0.03617022931575775,0.03617022931575775,0.03617022931575775,0.03617022931575775,0.03617022931575775,0.04140939190983772,0.041563309729099274,0.03617022931575775,0.03617022931575775,0.03617022931575775,0.03617022931575775,0.03617022931575775,0.0419897586107254,0.03617022931575775,0.03617022931575775,0.03617022931575775,0.04058625549077988,0.03617022931575775,0.03617022931575775,0.03617022931575775,0.03617022931575775,0.03617022931575775,0.03617022931575775,0.03870626911520958
2017-05-16,0.03631604462862015,0.03631604462862015,0.03631604462862015,0.03631604462862015,0.03631604462862015,0.03631604462862015,0.03631604462862015,0.03631604462862015,0.03631604462862015,0.03701397404074669,0.03631604462862015,0.03631604462862015,0.03631604462862015,0.03913980349898338,0.03631604462862015,0.04595126956701279,0.03631604462862015,0.03631604462862015,0.03631604462862015,0.04262591898441315,0.03631604462862015,0.03631604462862015,0.03631604462862015,0.03631604462862015,0.03631604462862015,0.03631604462862015,0.03631604462862015
2017-05-17,0.03624473884701729,0.03624473884701729,0.03624473884701729,0.03624473884701729,0.03624473884701729,0.03624473884701729,0.036561090499162674,0.03624473884701729,0.03624473884701729,0.038412079215049744,0.03624473884701729,0.03624473884701729,0.03624473884701729,0.036703478544950485,0.03868238255381584,0.04108593240380287,0.03624473884701729,0.03672494366765022,0.03624473884701729,0.0404047891497612,0.03771185502409935,0.03624473884701729,0.03624473884701729,0.03624473884701729,0.03983694687485695,0.03624473884701729,0.03771595656871796
2017-05-18,0.03643972426652908,0.03643972426652908,0.03643972426652908,0.03643972426652908,0.03681033477187157,0.03643972426652908,0.03643972426652908,0.03643972426652908,0.04043618589639664,0.0413847491145134,0.03643972426652908,0.03643972426652908,0.03643972426652908,0.03643972426652908,0.03643972426652908,0.040034424513578415,0.03643972426652908,0.03643972426652908,0.03643972426652908,0.038281284272670746,0.03643972426652908,0.03643972426652908,0.03643972426652908,0.03643972426652908,0.03643972426652908,0.03643972426652908,0.03781880438327789
2017-05-19,0.036233849823474884,0.036233849823474884,0.036233849823474884,0.036233849823474884,0.036233849823474884,0.036233849823474884,0.036233849823474884,0.036233849823474884,0.04333661496639252,0.03930274024605751,0.036233849823474884,0.036233849823474884,0.036233849823474884,0.036233849823474884,0.036233849823474884,0.04205092415213585,0.036233849823474884,0.036233849823474884,0.036233849823474884,0.039162397384643555,0.036667753010988235,0.036233849823474884,0.036233849823474884,0.036233849823474884,0.036233849823474884,0.036233849823474884,0.03856877237558365
2017-05-22,0.03646848350763321,0.03646848350763321,0.03646848350763321,0.03646848350763321,0.03646848350763321,0.03646848350763321,0.03646848350763321,0.03646848350763321,0.03962717950344086,0.04013369604945183,0.03646848350763321,0.03646848350763321,0.03646848350763321,0.03646848350763321,0.03646848350763321,0.040793854743242264,0.03646848350763321,0.036558039486408234,0.03646848350763321,0.03776818886399269,0.03739987313747406,0.03646848350763321,0.03646848350763321,0.03646848350763321,0.03646848350763321,0.03646848350763321,0.03834956884384155
2017-05-23,0.03620858117938042,0.03620858117938042,0.03724722936749458,0.03620858117938042,0.03850359469652176,0.03620858117938042,0.03620858117938042,0.03620858117938042,0.03911679983139038,0.04078054055571556,0.03620858117938042,0.03620858117938042,0.03620858117938042,0.03620858117938042,0.03620858117938042,0.04137144610285759,0.03620858117938042,0.03620858117938042,0.03620858117938042,0.041132498532533646,0.03620858117938042,0.03620858117938042,0.03620858117938042,0.03620858117938042,0.03620858117938042,0.03620858117938042,0.03767626732587814
2017-05-24,0.03611689433455467,0.03611689433455467,0.038792818784713745,0.03611689433455467,0.03611689433455467,0.03611689433455467,0.03611689433455467,0.03611689433455467,0.04145484045147896,0.03912249580025673,0.03611689433455467,0.03611689433455467,0.03611689433455467,0.03611689433455467,0.03611689433455467,0.04304010048508644,0.03611689433455467,0.03611689433455467,0.03611689433455467,0.042111318558454514,0.03611689433455467,0.03611689433455467,0.03611689433455467,0.03611689433455467,0.03611689433455467,0.03611689433455467,0.03702368959784508
2017-05-25,0.035954803228378296,0.035954803228378296,0.039491310715675354,0.035954803228378296,0.03716084733605385,0.035954803228378296,0.035954803228378296,0.035954803228378296,0.04279318451881409,0.0379788838326931,0.035954803228378296,0.035954803228378296,0.035954803228378296,0.035954803228378296,0.035954803228378296,0.04292074963450432,0.035954803228378296,0.035954803228378296,0.035954803228378296,0.04197174310684204,0.035954803228378296,0.035954803228378296,0.035954803228378296,0.035954803228378296,0.035954803228378296,0.03647954389452934,0.03806250914931297
2017-05-26,0.035854026675224304,0.035854026675224304,0.035854026675224304,0.035854026675224304,0.035854026675224304,0.035854026675224304,0.035854026675224304,0.035854026675224304,0.04204174876213074,0.03659135103225708,0.035854026675224304,0.035854026675224304,0.035854026675224304,0.035854026675224304,0.035854026675224304,0.04310605674982071,0.035854026675224304,0.035854026675224304,0.039425451308488846,0.0406072698533535,0.036249954253435135,0.035854026675224304,0.035854026675224304,0.035854026675224304,0.035854026675224304,0.04120774567127228,0.039543770253658295
2017-05-30,0.035822074860334396,0.035822074860334396,0.035822074860334396,0.035822074860334396,0.035822074860334396,0.035822074860334396,0.035822074860334396,0.035822074860334396,0.042139988392591476,0.03666023537516594,0.035822074860334396,0.035822074860334396,0.035822074860334396,0.035822074860334396,0.035822074860334396,0.04294826462864876,0.035822074860334396,0.035822074860334396,0.03991920128464699,0.040379464626312256,0.03637932240962982,0.035822074860334396,0.035822074860334396,0.035822074860334396,0.035822074860334396,0.04132618382573128,0.03962793946266174
2017-05-31,0.03582172468304634,0.03582172468304634,0.03582172468304634,0.03582172468304634,0.03582172468304634,0.03582172468304634,0.03582172468304634,0.03582172468304634,0.04215342551469803,0.036679886281490326,0.03582172468304634,0.03582172468304634,0.03582172468304634,0.03582172468304634,0.03582172468304634,0.042939767241477966,0.03582172468304634,0.03582172468304634,0.03990575671195984,0.04038676992058754,0.03637218102812767,0.03582172468304634,0.03582172468304634,0.03582172468304634,0.03582172468304634,0.041314419358968735,0.039635058492422104
2017-06-01,0.035789866000413895,0.035789866000413895,0.03652873635292053,0.035789866000413895,0.035992011427879333,0.035789866000413895,0.035789866000413895,0.035789866000413895,0.04351499304175377,0.03934091702103615,0.035789866000413895,0.035789866000413895,0.035789866000413895,0.035789866000413895,0.035789866000413895,0.04167681932449341,0.035789866000413895,0.035789866000413895,0.03804060444235802,0.040461428463459015,0.035789866000413895,0.035789866000413895,0.035789866000413895,0.035789866000413895,0.035789866000413895,0.03989029303193092,0.040336672216653824
2017-06-02,0.03591829910874367,0.03591829910874367,0.03618650883436203,0.03591829910874367,0.03720952942967415,0.03591829910874367,0.03591829910874367,0.03591829910874367,0.044379305094480515,0.03608148172497749,0.03591829910874367,0.03591829910874367,0.03591829910874367,0.03591829910874367,0.03591829910874367,0.040931690484285355,0.03591829910874367,0.03591829910874367,0.036769695580005646,0.041514527052640915,0.03591829910874367,0.03591829910874367,0.03591829910874367,0.03591829910874367,0.03591829910874367,0.04032460227608681,0.04007327929139137
2017-06-05,0.03585544601082802,0.03585544601082802,0.03585544601082802,0.03585544601082802,0.03585544601082802,0.03585544601082802,0.03585544601082802,0.03585544601082802,0.043328020721673965,0.03585544601082802,0.03585544601082802,0.03585544601082802,0.03585544601082802,0.03585544601082802,0.03585544601082802,0.04142054170370102,0.03585544601082802,0.03585544601082802,0.03810194134712219,0.04049992933869362,0.037839408963918686,0.03585544601082802,0.03585544601082802,0.03585544601082802,0.03585544601082802,0.04276251420378685,0.03893866762518883
2017-06-06,0.03605366498231888,0.03579064831137657,0.03579064831137657,0.03579064831137657,0.03579064831137657,0.03579064831137657,0.03579064831137657,0.03579064831137657,0.04242969676852226,0.03579064831137657,0.03579064831137657,0.03579064831137657,0.03579064831137657,0.036511097103357315,0.03579064831137657,0.041493047028779984,0.03579064831137657,0.03579064831137657,0.038640983402729034,0.04273214563727379,0.03727509081363678,0.03579064831137657,0.03579064831137657,0.03579064831137657,0.03579064831137657,0.04075433686375618,0.039878249168395996
2017-06-07,0.03673822060227394,0.03562210127711296,0.03562210127711296,0.03562210127711296,0.03562210127711296,0.03562210127711296,0.03562210127711296,0.03562210127711296,0.04178568348288536,0.03562210127711296,0.03562210127711296,0.03562210127711296,0.03562210127711296,0.03562210127711296,0.03562210127711296,0.043850552290678024,0.03562210127711296,0.03562210127711296,0.040635257959365845,0.0434679239988327,0.036624565720558167,0.03562210127711296,0.03562210127711296,0.03562210127711296,0.03562210127711296,0.0397571437060833,0.04032077267765999
2017-06-08,0.03654327243566513,0.03562493249773979,0.03562493249773979,0.03562493249773979,0.03562493249773979,0.03562493249773979,0.03562493249773979,0.03562493249773979,0.04085003584623337,0.03562493249773979,0.03562493249773979,0.03633807972073555,0.03562493249773979,0.03715570271015167,0.03562493249773979,0.04416753724217415,0.03562493249773979,0.03562493249773979,0.04100210964679718,0.04428257793188095,0.03581363707780838,0.03562493249773979,0.03562493249773979,0.03562493249773979,0.03562493249773979,0.0375511460006237,0.04067206382751465
2017-06-09,0.035914767533540726,0.035914767533540726,0.035914767533540726,0.035914767533540726,0.035914767533540726,0.035914767533540726,0.035914767533540726,0.035914767533540726,0.03967178985476494,0.035914767533540726,0.035914767533540726,0.035914767533540726,0.035914767533540726,0.03600418195128441,0.035914767533540726,0.04242429882287979,0.035914767533540726,0.035914767533540726,0.04190874844789505,0.0422273725271225,0.03691284731030464,0.035914767533540726,0.035914767533540726,0.035914767533540726,0.035914767533540726,0.04022270441055298,0.03824746608734131
2017-06-12,0.03575267270207405,0.03575267270207405,0.03575267270207405,0.03575267270207405,0.037978265434503555,0.03575267270207405,0.03575267270207405,0.03575267270207405,0.044026054441928864,0.03575267270207405,0.03575267270207405,0.03575267270207405,0.03575267270207405,0.03575267270207405,0.03575267270207405,0.04035714641213417,0.03575267270207405,0.03575267270207405,0.03874616324901581,0.04096025973558426,0.03805716708302498,0.03575267270207405,0.03575267270207405,0.03575267270207405,0.03575267270207405,0.0424230732023716,0.03815111145377159
2017-06-13,0.03619076684117317,0.03946610540151596,0.03619076684117317,0.04028395190834999,0.039231978356838226,0.03666621819138527,0.03619076684117317,0.03619076684117317,0.038263268768787384,0.03619076684117317,0.03619076684117317,0.03619076684117317,0.036241721361875534,0.03619076684117317,0.03867507725954056,0.03619076684117317,0.03619076684117317,0.03619076684117317,0.03656052052974701,0.03888248652219772,0.03619076684117317,0.03619076684117317,0.03619076684117317,0.03619076684117317,0.03619076684117317,0.03761439397931099,0.03906199336051941
2017-06-14,0.03628791123628616,0.03652133047580719,0.03628791123628616,0.03628791123628616,0.03771326318383217,0.03628791123628616,0.03628791123628616,0.03628791123628616,0.039857663214206696,0.03628791123628616,0.03628791123628616,0.03628791123628616,0.03628791123628616,0.03628791123628616,0.036341045051813126,0.03628791123628616,0.03628791123628616,0.03628791123628616,0.0367419607937336,0.0412088967859745,0.03666150942444801,0.03628791123628616,0.03628791123628616,0.03628791123628616,0.03628791123628616,0.04144223779439926,0.04032961651682854
2017-06-15,0.03594164550304413,0.03594164550304413,0.03594164550304413,0.03594164550304413,0.03802798315882683,0.03594164550304413,0.03594164550304413,0.03594164550304413,0.04302066192030907,0.036901794373989105,0.03594164550304413,0.03594164550304413,0.03594164550304413,0.03594164550304413,0.03594164550304413,0.038792748004198074,0.03594164550304413,0.03594164550304413,0.0371217243373394,0.03594164550304413,0.040449414402246475,0.03594164550304413,0.03594164550304413,0.03594164550304413,0.03594164550304413,0.04380787909030914,0.03898659348487854
2017-06-16,0.03617841377854347,0.03617841377854347,0.03617841377854347,0.03628142923116684,0.03910062089562416,0.03952822834253311,0.03617841377854347,0.03617841377854347,0.042632028460502625,0.039649903774261475,0.03617841377854347,0.03617841377854347,0.03617841377854347,0.03617841377854347,0.03617841377854347,0.040072064846754074,0.03617841377854347,0.03617841377854347,0.03617841377854347,0.03617841377854347,0.03679467737674713,0.03617841377854347,0.03617841377854347,0.03617841377854347,0.03617841377854347,0.03855116292834282,0.03617841377854347
2017-06-19,0.036492399871349335,0.036492399871349335,0.036492399871349335,0.04400929436087608,0.036492399871349335,0.036492399871349335,0.036492399871349335,0.036492399871349335,0.04127733036875725,0.03667198121547699,0.037155985832214355,0.036492399871349335,0.036492399871349335,0.036492399871349335,0.036492399871349335,0.03805260360240936,0.036492399871349335,0.036492399871349335,0.036492399871349335,0.036492399871349335,0.036492399871349335,0.036492399871349335,0.036492399871349335,0.036492399871349335,0.036492399871349335,0.036492399871349335,0.036492399871349335
2017-06-20,0.03661472350358963,0.03661472350358963,0.03661472350358963,0.03825819119811058,0.03661472350358963,0.03661472350358963,0.03661472350358963,0.03661472350358963,0.04082530364394188,0.03860248625278473,0.03661472350358963,0.03661472350358963,0.03661472350358963,0.03661472350358963,0.03661472350358963,0.03792866691946983,0.03661472350358963,0.03661472350358963,0.03661472350358963,0.037146177142858505,0.03661472350358963,0.03661472350358963,0.03661472350358963,0.03661472350358963,0.03661472350358963,0.03777531906962395,0.03716937080025673
2017-06-21,0.03643391281366348,0.03643391281366348,0.03643391281366348,0.037062279880046844,0.03695925325155258,0.03643391281366348,0.03643391281366348,0.03643391281366348,0.04044775664806366,0.040108874440193176,0.03757769986987114,0.03643391281366348,0.03643391281366348,0.03643391281366348,0.03643391281366348,0.03643391281366348,0.03643391281366348,0.03643391281366348,0.03643391281366348,0.03749675303697586,0.03643391281366348,0.03643391281366348,0.03643391281366348,0.03643391281366348,0.03643391281366348,0.03954267129302025,0.03856037184596062
2017-06-22,0.03602476045489311,0.03742074966430664,0.03602476045489311,0.0384664423763752,0.038570526987314224,0.03602476045489311,0.03602476045489311,0.03602476045489311,0.041843265295028687,0.03984102979302406,0.04038116708397865,0.03602476045489311,0.03602476045489311,0.03602476045489311,0.0369441919028759,0.03602476045489311,0.03602476045489311,0.03602476045489311,0.03602476045489311,0.03602476045489311,0.03740603104233742,0.03602476045489311,0.03602476045489311,0.03602476045489311,0.03602476045489311,0.03784000128507614,0.038865748792886734
2017-06-23,0.036182571202516556,0.036182571202516556,0.036182571202516556,0.036182571202516556,0.04028540849685669,0.036182571202516556,0.036182571202516556,0.036182571202516556,0.04352932423353195,0.036894988268613815,0.037229023873806,0.036182571202516556,0.036182571202516556,0.036182571202516556,0.03743673861026764,0.038508303463459015,0.036182571202516556,0.036182571202516556,0.036182571202516556,0.037433721125125885,0.03782461956143379,0.036182571202516556,0.036182571202516556,0.036182571202516556,0.036182571202516556,0.03796027973294258,0.037793807685375214
2017-06-26,0.035981182008981705,0.035981182008981705,0.03676218166947365,0.035981182008981705,0.03981354460120201,0.035981182008981705,0.035981182008981705,0.035981182008981705,0.0407317653298378,0.039214082062244415,0.035981182008981705,0.035981182008981705,0.035981182008981705,0.035981182008981705,0.0383383184671402,0.03958315774798393,0.035981182008981705,0.035981182008981705,0.03814990445971489,0.03798743337392807,0.038958173245191574,0.035981182008981705,0.035981182008981705,0.035981182008981705,0.035981182008981705,0.03726864233613014,0.03749389946460724
2017-06-27,0.036260221153497696,0.036260221153497696,0.036260221153497696,0.036260221153497696,0.0398920513689518,0.036260221153497696,0.0375724658370018,0.036260221153497696,0.038758955895900726,0.03991754353046417,0.03823697939515114,0.036260221153497696,0.036260221153497696,0.036260221153497696,0.03754207491874695,0.03847257420420647,0.036260221153497696,0.036260221153497696,0.036260221153497696,0.03710401803255081,0.03749176859855652,0.036260221153497696,0.036260221153497696,0.036260221153497696,0.036260221153497696,0.036260221153497696,0.038587767630815506
2017-06-28,0.03615085035562515,0.03615085035562515,0.03615085035562515,0.03615085035562515,0.041301608085632324,0.03615085035562515,0.03629384934902191,0.03615085035562515,0.03882572799921036,0.04144050553441048,0.038346823304891586,0.03615085035562515,0.03615085035562515,0.03615085035562515,0.03750965744256973,0.040041234344244,0.03615085035562515,0.03615085035562515,0.03615085035562515,0.036334969103336334,0.037683915346860886,0.03615085035562515,0.03615085035562515,0.03615085035562515,0.03615085035562515,0.03615085035562515,0.03765719756484032
2017-06-29,0.03625714033842087,0.03625714033842087,0.036636192351579666,0.03625714033842087,0.03824950382113457,0.03625714033842087,0.03625714033842087,0.03625714033842087,0.04006042703986168,0.03986511379480362,0.03947875648736954,0.03625714033842087,0.03625714033842087,0.03625714033842087,0.03625714033842087,0.03877195343375206,0.03625714033842087,0.03625714033842087,0.03625714033842087,0.037274014204740524,0.03790932521224022,0.03625714033842087,0.03625714033842087,0.03625714033842087,0.03625714033842087,0.037754300981760025,0.03762906417250633
2017-06-30,0.03618602454662323,0.03618602454662323,0.03618602454662323,0.038504354655742645,0.04033949598670006,0.03618602454662323,0.03618602454662323,0.03618602454662323,0.0385749377310276,0.04110181704163551,0.04078734666109085,0.03618602454662323,0.03618602454662323,0.03618602454662323,0.03618602454662323,0.03772253915667534,0.03618602454662323,0.03618602454662323,0.03618602454662323,0.03618602454662323,0.03912408649921417,0.03618602454662323,0.03618602454662323,0.03618602454662323,0.03618602454662323,0.03618602454662323,0.03631092607975006
2017-07-03,0.03556035831570625,0.036398954689502716,0.03556035831570625,0.03903353214263916,0.04238051548600197,0.03556035831570625,0.04145102947950363,0.03556035831570625,0.03599928319454193,0.038878120481967926,0.04153168201446533,0.03556035831570625,0.03556035831570625,0.03556035831570625,0.03769225627183914,0.03556035831570625,0.03556035831570625,0.03556035831570625,0.03556035831570625,0.036624494940042496,0.037198279052972794,0.03556035831570625,0.03556035831570625,0.03556035831570625,0.039089322090148926,0.03556035831570625,0.040317196398973465
2017-07-05,0.035974085330963135,0.035974085330963135,0.035974085330963135,0.04098181799054146,0.037885844707489014,0.035974085330963135,0.035974085330963135,0.035974085330963135,0.035974085330963135,0.03690444678068161,0.035974085330963135,0.035974085330963135,0.03624014928936958,0.035974085330963135,0.03965560719370842,0.036207184195518494,0.035974085330963135,0.035974085330963135,0.035974085330963135,0.04015804082155228,0.03792083263397217,0.035974085330963135,0.037938833236694336,0.035974085330963135,0.03800449147820473,0.03703735023736954,0.04145418480038643
2017-07-06,0.03594880923628807,0.03594880923628807,0.03594880923628807,0.03848515450954437,0.04433005675673485,0.03594880923628807,0.03594880923628807,0.03594880923628807,0.04045422002673149,0.04023270681500435,0.03594880923628807,0.03594880923628807,0.03594880923628807,0.03594880923628807,0.03794173523783684,0.03594880923628807,0.03594880923628807,0.03594880923628807,0.03594880923628807,0.03674181550741196,0.03831984102725983,0.03594880923628807,0.03594880923628807,0.03594880923628807,0.03594880923628807,0.03617915138602257,0.04023675620555878
2017-07-07,0.03612866997718811,0.03612866997718811,0.03612866997718811,0.04031256586313248,0.04202575609087944,0.03612866997718811,0.03612866997718811,0.03612866997718811,0.038559988141059875,0.042182955890893936,0.03612866997718811,0.03612866997718811,0.03612866997718811,0.03612866997718811,0.03612866997718811,0.03794487565755844,0.03612866997718811,0.03612866997718811,0.03612866997718811,0.03612866997718811,0.03760697692632675,0.03612866997718811,0.03612866997718811,0.03612866997718811,0.036560945212841034,0.03612866997718811,0.038361188024282455
2017-07-10,0.03601372614502907,0.03601372614502907,0.03601372614502907,0.03799682855606079,0.04500124603509903,0.03601372614502907,0.03601372614502907,0.03601372614502907,0.040130022913217545,0.042601119726896286,0.03601372614502907,0.03601372614502907,0.03601372614502907,0.03601372614502907,0.03626152500510216,0.03601372614502907,0.03601372614502907,0.03601372614502907,0.03601372614502907,0.03673109412193298,0.03618476167321205,0.03601372614502907,0.03601372614502907,0.03601372614502907,0.036789197474718094,0.03601372614502907,0.04005715250968933
2017-07-11,0.03591521829366684,0.03591521829366684,0.03591521829366684,0.039084505289793015,0.040202319622039795,0.03591521829366684,0.03690226003527641,0.03591521829366684,0.04038383439183235,0.04350695759057999,0.038531046360731125,0.03607677295804024,0.03591521829366684,0.03591521829366684,0.03591521829366684,0.03611379489302635,0.03591521829366684,0.03591521829366684,0.03591521829366684,0.03591521829366684,0.03600548952817917,0.03591521829366684,0.03591521829366684,0.03591521829366684,0.03985285758972168,0.03591521829366684,0.03869669884443283
2017-07-12,0.03602539375424385,0.03602539375424385,0.03602539375424385,0.03955477848649025,0.04041280224919319,0.03602539375424385,0.039153728634119034,0.03602539375424385,0.03844115138053894,0.041627563536167145,0.03645703196525574,0.03602539375424385,0.03602539375424385,0.03602539375424385,0.03602539375424385,0.03676358237862587,0.03602539375424385,0.03602539375424385,0.03602539375424385,0.03602539375424385,0.03739168122410774,0.03602539375424385,0.03602539375424385,0.03602539375424385,0.03900863230228424,0.03602539375424385,0.038757387548685074
2017-07-13,0.0356968529522419,0.037422455847263336,0.0356968529522419,0.0433959998190403,0.03680933266878128,0.0356968529522419,0.039131976664066315,0.0356968529522419,0.03719628229737282,0.04396619647741318,0.03599105402827263,0.0356968529522419,0.0356968529522419,0.0356968529522419,0.0356968529522419,0.0356968529522419,0.0356968529522419,0.0356968529522419,0.0356968529522419,0.0356968529522419,0.0356968529522419,0.0356968529522419,0.0356968529522419,0.0356968529522419,0.04404832795262337,0.0356968529522419,0.03949498012661934
2017-07-14,0.03565022349357605,0.03696589544415474,0.03565022349357605,0.04408573731780052,0.03827014937996864,0.03565022349357605,0.03835386037826538,0.03565022349357605,0.036397382616996765,0.046457696706056595,0.03565022349357605,0.03565022349357605,0.03565022349357605,0.03565022349357605,0.03565022349357605,0.03565022349357605,0.03565022349357605,0.03565022349357605,0.03565022349357605,0.03565022349357605,0.03565022349357605,0.03565022349357605,0.03565022349357605,0.03565022349357605,0.043828219175338745,0.03565022349357605,0.038286834955215454
2017-07-17,0.035791970789432526,0.035791970789432526,0.035791970789432526,0.04091895744204521,0.035791970789432526,0.035791970789432526,0.03796594217419624,0.035791970789432526,0.035791970789432526,0.04750928655266762,0.035791970789432526,0.036934684962034225,0.035791970789432526,0.035791970789432526,0.036990705877542496,0.035791970789432526,0.035791970789432526,0.035791970789432526,0.035791970789432526,0.035791970789432526,0.035791970789432526,0.035791970789432526,0.035791970789432526,0.035791970789432526,0.04578714072704315,0.035791970789432526,0.03805387020111084
2017-07-18,0.03582852706313133,0.03582852706313133,0.03582852706313133,0.04057317599654198,0.03582852706313133,0.03582852706313133,0.037992607802152634,0.03582852706313133,0.03582852706313133,0.047152671962976456,0.03582852706313133,0.037060949951410294,0.03582852706313133,0.03582852706313133,0.036893103271722794,0.03582852706313133,0.03582852706313133,0.03582852706313133,0.03582852706313133,0.03582852706313133,0.03582852706313133,0.03582852706313133,0.03582852706313133,0.03582852706313133,0.0456218346953392,0.03582852706313133,0.03813502565026283
2017-07-19,0.036211930215358734,0.036211930215358734,0.036211930215358734,0.036211930215358734,0.036211930215358734,0.036211930215358734,0.038134314119815826,0.036211930215358734,0.03783322870731354,0.0421038493514061,0.036211930215358734,0.038202859461307526,0.036211930215358734,0.036211930215358734,0.036211930215358734,0.036211930215358734,0.036211930215358734,0.036211930215358734,0.036211930215358734,0.04014459252357483,0.036211930215358734,0.036211930215358734,0.036211930215358734,0.036211930215358734,0.040004391223192215,0.036211930215358734,0.039338186383247375
2017-07-20,0.035603370517492294,0.035603370517492294,0.036275558173656464,0.035603370517492294,0.035603370517492294,0.035603370517492294,0.035603370517492294,0.035603370517492294,0.038782451301813126,0.03829189017415047,0.035603370517492294,0.03887863829731941,0.03605400398373604,0.03750529885292053,0.04447314515709877,0.037252865731716156,0.035603370517492294,0.03960030898451805,0.035603370517492294,0.04150594025850296,0.035603370517492294,0.035603370517492294,0.035603370517492294,0.035603370517492294,0.036868222057819366,0.037763550877571106,0.038300931453704834
2017-07-21,0.03575746342539787,0.03575746342539787,0.04172312840819359,0.03575746342539787,0.03575746342539787,0.03575746342539787,0.03575746342539787,0.03575746342539787,0.039100609719753265,0.03575746342539787,0.03575746342539787,0.040258292108774185,0.03575746342539787,0.03974936529994011,0.038816265761852264,0.04197463393211365,0.03575746342539787,0.03921050578355789,0.03575746342539787,0.03757275268435478,0.03575746342539787,0.03575746342539787,0.03575746342539787,0.03575746342539787,0.03575746342539787,0.03779849037528038,0.03591909632086754
2017-07-24,0.03535977751016617,0.03535977751016617,0.0395403616130352,0.03535977751016617,0.03535977751016617,0.03535977751016617,0.03535977751016617,0.03535977751016617,0.03980142995715141,0.03659729287028313,0.038138482719659805,0.041192278265953064,0.036158230155706406,0.03829319030046463,0.04124923050403595,0.04060441255569458,0.03535977751016617,0.041073933243751526,0.03535977751016617,0.03702877089381218,0.03535977751016617,0.03535977751016617,0.03535977751016617,0.03535977751016617,0.03535977751016617,0.03873846307396889,0.036546967923641205
2017-07-25,0.035954512655735016,0.035954512655735016,0.038123417645692825,0.035954512655735016,0.03663276880979538,0.035954512655735016,0.035954512655735016,0.035954512655735016,0.039983686059713364,0.04138220101594925,0.035954512655735016,0.04126660153269768,0.035954512655735016,0.036377161741256714,0.035954512655735016,0.03784330561757088,0.035954512655735016,0.038275182247161865,0.035954512655735016,0.03908281773328781,0.03682688996195793,0.035954512655735016,0.035954512655735016,0.035954512655735016,0.035954512655735016,0.035954512655735016,0.03893382102251053
2017-07-26,0.035545799881219864,0.035856667906045914,0.035545799881219864,0.040061820298433304,0.035545799881219864,0.03710417076945305,0.035545799881219864,0.035545799881219864,0.035545799881219864,0.035545799881219864,0.035545799881219864,0.03638773038983345,0.035545799881219864,0.03704726696014404,0.043784286826848984,0.035545799881219864,0.035545799881219864,0.035545799881219864,0.03662564232945442,0.041775867342948914,0.03893190249800682,0.035545799881219864,0.035677388310432434,0.035545799881219864,0.04019338637590408,0.03905957564711571,0.03985310718417168
2017-07-27,0.03858489543199539,0.035754188895225525,0.035754188895225525,0.03714988753199577,0.035754188895225525,0.035754188895225525,0.035754188895225525,0.035754188895225525,0.035754188895225525,0.035754188895225525,0.035754188895225525,0.035930830985307693,0.035754188895225525,0.042196858674287796,0.042514484375715256,0.035754188895225525,0.035754188895225525,0.035754188895225525,0.03743819519877434,0.03751920163631439,0.041065435856580734,0.035754188895225525,0.035754188895225525,0.035754188895225525,0.03884422034025192,0.03824625909328461,0.03844281658530235
2017-07-28,0.035918693989515305,0.035918693989515305,0.035918693989515305,0.035918693989515305,0.035918693989515305,0.0365542396903038,0.035918693989515305,0.035918693989515305,0.035918693989515305,0.03801817446947098,0.035918693989515305,0.03657359629869461,0.035918693989515305,0.035918693989515305,0.03899974748492241,0.035918693989515305,0.035918693989515305,0.035918693989515305,0.04023688659071922,0.039143819361925125,0.04372221603989601,0.035918693989515305,0.035918693989515305,0.035918693989515305,0.03891782462596893,0.037393830716609955,0.03982185944914818
2017-07-31,0.03644164279103279,0.03644164279103279,0.03644164279103279,0.03644164279103279,0.03644164279103279,0.03967558592557907,0.03644164279103279,0.03644164279103279,0.03644164279103279,0.03644164279103279,0.03644164279103279,0.03644164279103279,0.03644164279103279,0.03644164279103279,0.03644164279103279,0.03644164279103279,0.03644164279103279,0.03644164279103279,0.03644164279103279,0.03818834200501442,0.04301141947507858,0.03644164279103279,0.03644164279103279,0.03644164279103279,0.03644164279103279,0.038086917251348495,0.039321526885032654
2017-08-01,0.03657099977135658,0.03657099977135658,0.03657099977135658,0.03657099977135658,0.03657099977135658,0.04060223698616028,0.03727172687649727,0.03657099977135658,0.036635298281908035,0.03657099977135658,0.03657099977135658,0.037050820887088776,0.03657099977135658,0.03657099977135658,0.03657099977135658,0.03657099977135658,0.03657099977135658,0.03657099977135658,0.03657099977135658,0.03762229532003403,0.039615243673324585,0.03657099977135658,0.03657099977135658,0.03657099977135658,0.03657099977135658,0.037711307406425476,0.03864206001162529
2017-08-02,0.03950635343790054,0.03617309406399727,0.03617309406399727,0.03617309406399727,0.03617309406399727,0.03617309406399727,0.037230655550956726,0.03617309406399727,0.03617309406399727,0.03617309406399727,0.03617309406399727,0.03770067170262337,0.03617309406399727,0.03617309406399727,0.03988927975296974,0.03617309406399727,0.03617309406399727,0.03617309406399727,0.03786567971110344,0.03857405111193657,0.042834628373384476,0.03617309406399727,0.03617309406399727,0.03617309406399727,0.03617309406399727,0.03669945150613785,0.038583531975746155
2017-08-03,0.036516349762678146,0.036516349762678146,0.036516349762678146,0.036516349762678146,0.036516349762678146,0.036516349762678146,0.036516349762678146,0.036516349762678146,0.03926589712500572,0.036516349762678146,0.036516349762678146,0.037920042872428894,0.036516349762678146,0.036516349762678146,0.036516349762678146,0.03735741972923279,0.036516349762678146,0.036516349762678146,0.036516349762678146,0.03980356082320213,0.040085457265377045,0.036516349762678146,0.036516349762678146,0.036516349762678146,0.03701683506369591,0.036516349762678146,0.03822372481226921
2017-08-04,0.03647022321820259,0.03647022321820259,0.03647022321820259,0.03647022321820259,0.03647022321820259,0.03647022321820259,0.03647022321820259,0.03647022321820259,0.04044695943593979,0.03647022321820259,0.03647022321820259,0.03681620582938194,0.03647022321820259,0.03647022321820259,0.03647022321820259,0.03647022321820259,0.03647022321820259,0.03647022321820259,0.03647022321820259,0.04077663645148277,0.04059794917702675,0.03647022321820259,0.03647022321820259,0.03647022321820259,0.03714112192392349,0.03647022321820259,0.038346365094184875
2017-08-07,0.037245459854602814,0.036246929317712784,0.036246929317712784,0.036246929317712784,0.036246929317712784,0.036246929317712784,0.036246929317712784,0.036246929317712784,0.04048847407102585,0.036246929317712784,0.036246929317712784,0.036246929317712784,0.036246929317712784,0.036246929317712784,0.036246929317712784,0.03720745071768761,0.036246929317712784,0.036246929317712784,0.03939647972583771,0.036246929317712784,0.04202454909682274,0.036246929317712784,0.036246929317712784,0.036246929317712784,0.036246929317712784,0.042284637689590454,0.03641429916024208
2017-08-08,0.03632991015911102,0.03632991015911102,0.03632991015911102,0.03632991015911102,0.03632991015911102,0.03632991015911102,0.03632991015911102,0.03632991015911102,0.03788432478904724,0.03632991015911102,0.03632991015911102,0.03632991015911102,0.03632991015911102,0.03632991015911102,0.038701411336660385,0.041071996092796326,0.03632991015911102,0.03632991015911102,0.037340760231018066,0.03632991015911102,0.03983749821782112,0.03632991015911102,0.03632991015911102,0.03632991015911102,0.038327448070049286,0.040238384157419205,0.03632991015911102
2017-08-09,0.036353256553411484,0.036353256553411484,0.036353256553411484,0.036353256553411484,0.036353256553411484,0.036353256553411484,0.036353256553411484,0.036353256553411484,0.03907991200685501,0.036353256553411484,0.036353256553411484,0.036353256553411484,0.036353256553411484,0.036353256553411484,0.036353256553411484,0.040141165256500244,0.036353256553411484,0.036353256553411484,0.036467794328927994,0.04015985503792763,0.0400707945227623,0.036353256553411484,0.036353256553411484,0.036353256553411484,0.038358423858881,0.037420451641082764,0.03758968412876129
2017-08-10,0.036496974527835846,0.036496974527835846,0.036496974527835846,0.036496974527835846,0.036496974527835846,0.036496974527835846,0.036496974527835846,0.036496974527835846,0.03775547072291374,0.03750614821910858,0.036496974527835846,0.036496974527835846,0.036496974527835846,0.036496974527835846,0.036496974527835846,0.03923395648598671,0.036496974527835846,0.036496974527835846,0.036496974527835846,0.041042182594537735,0.037758272141218185,0.036496974527835846,0.036496974527835846,0.036496974527835846,0.0382760614156723,0.036496974527835846,0.0384884737432003
2017-08-11,0.03613900765776634,0.03613900765776634,0.03613900765776634,0.03613900765776634,0.04120965674519539,0.03613900765776634,0.03613900765776634,0.03613900765776634,0.03933246061205864,0.038850780576467514,0.03613900765776634,0.03613900765776634,0.03613900765776634,0.03613900765776634,0.03613900765776634,0.04281168058514595,0.03613900765776634,0.03613900765776634,0.03613900765776634,0.042512305080890656,0.03613900765776634,0.03613900765776634,0.03613900765776634,0.03613900765776634,0.03613900765776634,0.03613900765776634,0.03636399656534195
2017-08-14,0.03605102747678757,0.03630007803440094,0.03605102747678757,0.03605102747678757,0.04146132618188858,0.036614809185266495,0.03605102747678757,0.03605102747678757,0.04098815843462944,0.03742910921573639,0.03605102747678757,0.03605102747678757,0.03605102747678757,0.03605102747678757,0.03605102747678757,0.042796116322278976,0.03605102747678757,0.03605102747678757,0.03605102747678757,0.04338986799120903,0.03605102747678757,0.03605102747678757,0.03605102747678757,0.03605102747678757,0.03605102747678757,0.03605102747678757,0.03605102747678757
2017-08-15,0.03614278510212898,0.03614278510212898,0.03614278510212898,0.03614278510212898,0.03614278510212898,0.03614278510212898,0.03614278510212898,0.03614278510212898,0.03928688168525696,0.03614278510212898,0.03614278510212898,0.03614278510212898,0.03614278510212898,0.03614278510212898,0.03614278510212898,0.04518064484000206,0.03614278510212898,0.03614278510212898,0.03709791973233223,0.045430343598127365,0.03614278510212898,0.03614278510212898,0.03614278510212898,0.03614278510212898,0.03614278510212898,0.03614278510212898,0.03786297142505646
2017-08-16,0.03621998056769371,0.03621998056769371,0.03621998056769371,0.03621998056769371,0.03621998056769371,0.03621998056769371,0.03621998056769371,0.03621998056769371,0.038969725370407104,0.03815581277012825,0.03621998056769371,0.03621998056769371,0.03621998056769371,0.03621998056769371,0.038890670984983444,0.04122762754559517,0.03621998056769371,0.03621998056769371,0.03702111914753914,0.0418277233839035,0.03621998056769371,0.03621998056769371,0.03621998056769371,0.03621998056769371,0.03799876570701599,0.03710506483912468,0.036843881011009216
2017-08-17,0.035518575459718704,0.035518575459718704,0.035518575459718704,0.035518575459718704,0.035518575459718704,0.035518575459718704,0.035518575459718704,0.035518575459718704,0.035518575459718704,0.03706394508481026,0.035518575459718704,0.035518575459718704,0.035518575459718704,0.0370851531624794,0.04727625846862793,0.037563223391771317,0.035518575459718704,0.036208439618349075,0.03830242156982422,0.04152775928378105,0.037621691823005676,0.035518575459718704,0.035518575459718704,0.035518575459718704,0.045032039284706116,0.036628998816013336,0.03739279881119728
2017-08-18,0.036103755235672,0.036103755235672,0.036103755235672,0.036103755235672,0.04416079446673393,0.036103755235672,0.036103755235672,0.036103755235672,0.03736928105354309,0.04222482442855835,0.036103755235672,0.036103755235672,0.036103755235672,0.036103755235672,0.036103755235672,0.03637029603123665,0.036103755235672,0.036103755235672,0.036103755235672,0.0386774018406868,0.03800642117857933,0.036103755235672,0.036103755235672,0.036103755235672,0.03681357577443123,0.036103755235672,0.04040597379207611
2017-08-21,0.03627370297908783,0.03627370297908783,0.03627370297908783,0.03627370297908783,0.041743773967027664,0.03627370297908783,0.03627370297908783,0.03627370297908783,0.03627370297908783,0.04360270872712135,0.03627370297908783,0.03627370297908783,0.03627370297908783,0.03627370297908783,0.03627370297908783,0.03749211132526398,0.03627370297908783,0.03627370297908783,0.03627370297908783,0.03702927380800247,0.03842244669795036,0.03627370297908783,0.03627370297908783,0.03627370297908783,0.03641733527183533,0.03627370297908783,0.03981830179691315
2017-08-22,0.03608603775501251,0.03608603775501251,0.03608603775501251,0.03608603775501251,0.04147305339574814,0.03608603775501251,0.03608603775501251,0.03608603775501251,0.03717117756605148,0.043363504111766815,0.03608603775501251,0.03608603775501251,0.03608603775501251,0.03608603775501251,0.03641386330127716,0.03608603775501251,0.03608603775501251,0.03608603775501251,0.0383385494351387,0.03608603775501251,0.04040233790874481,0.03608603775501251,0.03608603775501251,0.03608603775501251,0.03642427176237106,0.03608603775501251,0.04077855497598648
2017-08-23,0.036329224705696106,0.036329224705696106,0.036329224705696106,0.036329224705696106,0.038326628506183624,0.036329224705696106,0.036329224705696106,0.036329224705696106,0.0372060090303421,0.04126708209514618,0.036329224705696106,0.036329224705696106,0.036329224705696106,0.036329224705696106,0.03702417016029358,0.036329224705696106,0.036329224705696106,0.036329224705696106,0.036329224705696106,0.036329224705696106,0.04236393794417381,0.036329224705696106,0.036329224705696106,0.036329224705696106,0.036329224705696106,0.03840266540646553,0.038825031369924545
2017-08-24,0.03652113676071167,0.03652113676071167,0.03652113676071167,0.03652113676071167,0.03783300518989563,0.03652113676071167,0.03652113676071167,0.03652113676071167,0.03667614981532097,0.042319897562265396,0.03652113676071167,0.03652113676071167,0.03652113676071167,0.03652113676071167,0.03652113676071167,0.03664995729923248,0.03652113676071167,0.03652113676071167,0.03652113676071167,0.03652113676071167,0.0406363308429718,0.03652113676071167,0.03652113676071167,0.03652113676071167,0.03652113676071167,0.03652113676071167,0.038940731436014175
2017-08-25,0.03651982173323631,0.03651982173323631,0.03651982173323631,0.03651982173323631,0.03779448941349983,0.03651982173323631,0.03651982173323631,0.03651982173323631,0.03658184036612511,0.042448319494724274,0.03651982173323631,0.03651982173323631,0.03651982173323631,0.03651982173323631,0.03651982173323631,0.036731891334056854,0.03651982173323631,0.03651982173323631,0.03651982173323631,0.03651982173323631,0.04044895991683006,0.03651982173323631,0.03651982173323631,0.03651982173323631,0.03664495050907135,0.03651982173323631,0.03895311430096626
2017-08-28,0.03628496453166008,0.03628496453166008,0.03628496453166008,0.03628496453166008,0.03778800368309021,0.03628496453166008,0.03828733041882515,0.03628496453166008,0.03628496453166008,0.04637892544269562,0.03628496453166008,0.03633926808834076,0.03628496453166008,0.03628496453166008,0.03628496453166008,0.036432672291994095,0.03628496453166008,0.03628496453166008,0.03628496453166008,0.03628496453166008,0.03739314153790474,0.03628496453166008,0.03628496453166008,0.03628496453166008,0.03926652669906616,0.03628496453166008,0.038699857890605927
2017-08-29,0.03627109155058861,0.03627109155058861,0.03627109155058861,0.03627109155058861,0.03672816604375839,0.03627109155058861,0.03627109155058861,0.03627109155058861,0.03964575007557869,0.04228943958878517,0.03627109155058861,0.04072851315140724,0.03627109155058861,0.03627109155058861,0.03627109155058861,0.03819086402654648,0.03627109155058861,0.03627109155058861,0.03627109155058861,0.038736045360565186,0.03627109155058861,0.03627109155058861,0.03627109155058861,0.03627109155058861,0.03657636046409607,0.03627109155058861,0.03795408084988594
2017-08-30,0.0363120436668396,0.0363120436668396,0.0363120436668396,0.0363120436668396,0.0363120436668396,0.0363120436668396,0.0363120436668396,0.0363120436668396,0.04137088730931282,0.038483649492263794,0.0363120436668396,0.037445809692144394,0.0363120436668396,0.0363120436668396,0.03656391054391861,0.03869503736495972,0.0363120436668396,0.0363120436668396,0.0363120436668396,0.03977414220571518,0.03814435377717018,0.0363120436668396,0.0363120436668396,0.0363120436668396,0.0363120436668396,0.03797021135687828,0.03793524205684662
2017-08-31,0.03639132156968117,0.03639132156968117,0.03639132156968117,0.03639132156968117,0.03639132156968117,0.03639132156968117,0.03639132156968117,0.03639132156968117,0.04142012447118759,0.03713684529066086,0.03639132156968117,0.040835633873939514,0.03639132156968117,0.03639132156968117,0.03639132156968117,0.038795340806245804,0.03639132156968117,0.03639132156968117,0.03639132156968117,0.03858708217740059,0.03686562925577164,0.03639132156968117,0.03639132156968117,0.03639132156968117,0.03639132156968117,0.037783991545438766,0.03714018315076828
2017-09-01,0.036219753324985504,0.036219753324985504,0.036219753324985504,0.036219753324985504,0.036219753324985504,0.036219753324985504,0.036219753324985504,0.036219753324985504,0.03938758000731468,0.036219753324985504,0.036219753324985504,0.036219753324985504,0.036219753324985504,0.03679397329688072,0.040893059223890305,0.03757798299193382,0.036219753324985504,0.036219753324985504,0.036219753324985504,0.04048774018883705,0.03754270076751709,0.036219753324985504,0.036219753324985504,0.036219753324985504,0.036219753324985504,0.042578838765621185,0.03656284883618355
2017-09-05,0.03625808656215668,0.03625808656215668,0.03625808656215668,0.03625808656215668,0.03625808656215668,0.03625808656215668,0.03625808656215668,0.03625808656215668,0.03980356454849243,0.03625808656215668,0.03625808656215668,0.036944251507520676,0.03625808656215668,0.03625808656215668,0.03846009075641632,0.03856654837727547,0.03625808656215668,0.03625808656215668,0.03625808656215668,0.0414256826043129,0.03850138187408447,0.03625808656215668,0.03625808656215668,0.03625808656215668,0.03625808656215668,0.03996150568127632,0.03743332251906395
2017-09-06,0.0362117625772953,0.0362117625772953,0.0362117625772953,0.0362117625772953,0.0362117625772953,0.0362117625772953,0.0362117625772953,0.0362117625772953,0.04203570634126663,0.0362117625772953,0.0362117625772953,0.03931979835033417,0.0362117625772953,0.0362117625772953,0.0362117625772953,0.03915337100625038,0.0362117625772953,0.0362117625772953,0.0362117625772953,0.039126474410295486,0.038102444261312485,0.0362117625772953,0.0362117625772953,0.0362117625772953,0.0362117625772953,0.04034503176808357,0.03768188878893852
2017-09-07,0.0365787073969841,0.0365787073969841,0.037158142775297165,0.0365787073969841,0.0365787073969841,0.0365787073969841,0.0365787073969841,0.0365787073969841,0.037757713347673416,0.03968367353081703,0.0365787073969841,0.0365787073969841,0.0365787073969841,0.0365787073969841,0.03847157582640648,0.038790538907051086,0.0365787073969841,0.0365787073969841,0.0365787073969841,0.03880481421947479,0.036603447049856186,0.0365787073969841,0.0365787073969841,0.0365787073969841,0.0365787073969841,0.0365787073969841,0.037734661251306534
2017-09-08,0.03631771728396416,0.03631771728396416,0.03701535612344742,0.03631771728396416,0.03631771728396416,0.03631771728396416,0.03631771728396416,0.03631771728396416,0.03902582824230194,0.03970877453684807,0.03631771728396416,0.03631771728396416,0.03631771728396416,0.03631771728396416,0.03778815641999245,0.040378350764513016,0.03631771728396416,0.0375635139644146,0.03631771728396416,0.039280831813812256,0.03631771728396416,0.03631771728396416,0.03631771728396416,0.03631771728396416,0.03631771728396416,0.03631771728396416,0.03920254111289978
2017-09-11,0.03631555661559105,0.03631555661559105,0.03937439247965813,0.03631555661559105,0.03631555661559105,0.03767399862408638,0.03631555661559105,0.03631555661559105,0.039307013154029846,0.039336808025836945,0.03631555661559105,0.03631555661559105,0.03631555661559105,0.03631555661559105,0.03631555661559105,0.03905101865530014,0.03631555661559105,0.03631555661559105,0.03631555661559105,0.04094420000910759,0.03631555661559105,0.03631555661559105,0.03631555661559105,0.03631555661559105,0.03631555661559105,0.03719586879014969,0.03712105005979538
2017-09-12,0.03598254919052124,0.03598254919052124,0.03598254919052124,0.03598254919052124,0.03598254919052124,0.03598254919052124,0.03598254919052124,0.03598254919052124,0.03944928199052811,0.03665497153997421,0.03598254919052124,0.03598254919052124,0.03598254919052124,0.03598254919052124,0.039616189897060394,0.04097583144903183,0.03598254919052124,0.03598254919052124,0.036809999495744705,0.044737718999385834,0.03598254919052124,0.03598254919052124,0.03598254919052124,0.03598254919052124,0.03598254919052124,0.03683898597955704,0.04124854505062103
2017-09-13,0.03616287559270859,0.03616287559270859,0.03616287559270859,0.03616287559270859,0.03616287559270859,0.03616287559270859,0.03616287559270859,0.03616287559270859,0.040433984249830246,0.03616287559270859,0.03616287559270859,0.03616287559270859,0.03616287559270859,0.03640306368470192,0.03616287559270859,0.0404035709798336,0.03616287559270859,0.03616287559270859,0.03616287559270859,0.04450811818242073,0.03618229180574417,0.03616287559270859,0.03616287559270859,0.03616287559270859,0.03616287559270859,0.03816429153084755,0.04064721241593361
2017-09-14,0.0361921489238739,0.0361921489238739,0.0361921489238739,0.0361921489238739,0.0361921489238739,0.0361921489238739,0.03819746896624565,0.0361921489238739,0.03855298459529877,0.0361921489238739,0.0361921489238739,0.03805657848715782,0.0361921489238739,0.0361921489238739,0.0361921489238739,0.04022933915257454,0.0361921489238739,0.0361921489238739,0.0361921489238739,0.0443827286362648,0.0361921489238739,0.0361921489238739,0.0361921489238739,0.0361921489238739,0.0361921489238739,0.036444880068302155,0.04029305651783943
2017-09-15,0.03605392947793007,0.03605392947793007,0.03605392947793007,0.03605392947793007,0.03605392947793007,0.03605392947793007,0.042191702872514725,0.03605392947793007,0.03900590166449547,0.03605392947793007,0.03605392947793007,0.03605392947793007,0.03605392947793007,0.03605392947793007,0.03605392947793007,0.042304616421461105,0.03605392947793007,0.03605392947793007,0.03605392947793007,0.04346431419253349,0.03605392947793007,0.03605392947793007,0.03605392947793007,0.03605392947793007,0.03605392947793007,0.03605392947793007,0.03984706476330757
2017-09-18,0.03609897568821907,0.03609897568821907,0.03609897568821907,0.03609897568821907,0.03609897568821907,0.03609897568821907,0.03693263232707977,0.03609897568821907,0.0407627671957016,0.03609897568821907,0.03609897568821907,0.03609897568821907,0.03609897568821907,0.03609897568821907,0.03609897568821907,0.04298777133226395,0.03609897568821907,0.03609897568821907,0.03609897568821907,0.043029095977544785,0.03609897568821907,0.03609897568821907,0.03609897568821907,0.03609897568821907,0.03609897568821907,0.038251832127571106,0.039957448840141296
2017-09-19,0.03633857145905495,0.03633857145905495,0.03633857145905495,0.03633857145905495,0.03633857145905495,0.03633857145905495,0.04103589057922363,0.03633857145905495,0.03862335532903671,0.03633857145905495,0.037475958466529846,0.03633857145905495,0.03633857145905495,0.03633857145905495,0.03633857145905495,0.039244089275598526,0.03633857145905495,0.03633857145905495,0.03633857145905495,0.04069172218441963,0.0364052876830101,0.03633857145905495,0.03633857145905495,0.03633857145905495,0.03633857145905495,0.037106893956661224,0.0389840193092823
2017-09-20,0.03675254434347153,0.03675254434347153,0.03675254434347153,0.03787197545170784,0.03675254434347153,0.03675254434347153,0.038350820541381836,0.03675254434347153,0.03731496259570122,0.03675254434347153,0.03758851811289787,0.03675254434347153,0.03675254434347153,0.03675254434347153,0.037067823112010956,0.03675254434347153,0.03675254434347153,0.03675254434347153,0.03675254434347153,0.03675254434347153,0.03758369758725166,0.03675254434347153,0.03675254434347153,0.03675254434347153,0.03675254434347153,0.039171263575553894,0.03675254434347153
2017-09-21,0.03618261590600014,0.03618261590600014,0.03618261590600014,0.038153309375047684,0.03618261590600014,0.036326777189970016,0.03618261590600014,0.03618261590600014,0.039341919124126434,0.04372841492295265,0.03962583467364311,0.036861833184957504,0.03618261590600014,0.03618261590600014,0.039798710495233536,0.03618261590600014,0.03618261590600014,0.03618261590600014,0.03618261590600014,0.03618261590600014,0.03784870728850365,0.03618261590600014,0.03618261590600014,0.03618261590600014,0.037027377635240555,0.03618261590600014,0.03618261590600014
2017-09-22,0.03579539805650711,0.03579539805650711,0.03579539805650711,0.03972403332591057,0.03760257735848427,0.03755805641412735,0.03579539805650711,0.03579539805650711,0.038212258368730545,0.048097800463438034,0.03579539805650711,0.03669309243559837,0.03579539805650711,0.03579539805650711,0.04059167951345444,0.03579539805650711,0.03579539805650711,0.03579539805650711,0.03579539805650711,0.03579539805650711,0.03598497435450554,0.03579539805650711,0.03579539805650711,0.03579539805650711,0.04121833294630051,0.03579539805650711,0.03579539805650711
2017-09-25,0.0361991710960865,0.0361991710960865,0.0361991710960865,0.0361991710960865,0.04035442695021629,0.0361991710960865,0.037190768867731094,0.0361991710960865,0.03785425424575806,0.04883316531777382,0.0361991710960865,0.03649969771504402,0.0361991710960865,0.0361991710960865,0.0372321680188179,0.0361991710960865,0.0361991710960865,0.0361991710960865,0.0361991710960865,0.0361991710960865,0.03685251250863075,0.0361991710960865,0.036890074610710144,0.0361991710960865,0.03622690588235855,0.03668004646897316,0.0361991710960865
2017-09-26,0.036254122853279114,0.036254122853279114,0.036254122853279114,0.036254122853279114,0.039653975516557693,0.036254122853279114,0.036822348833084106,0.036254122853279114,0.03724701330065727,0.048793502151966095,0.036254122853279114,0.036254122853279114,0.036254122853279114,0.036254122853279114,0.036254122853279114,0.036254122853279114,0.036254122853279114,0.036254122853279114,0.036254122853279114,0.036254122853279114,0.03980480134487152,0.036254122853279114,0.036254122853279114,0.036254122853279114,0.03634174168109894,0.036254122853279114,0.036254122853279114
2017-09-27,0.036422062665224075,0.036422062665224075,0.036422062665224075,0.03741946071386337,0.036422062665224075,0.036422062665224075,0.03662601485848427,0.036422062665224075,0.036422062665224075,0.04851085692644119,0.036422062665224075,0.036422062665224075,0.036422062665224075,0.036422062665224075,0.036422062665224075,0.036422062665224075,0.036422062665224075,0.036422062665224075,0.036422062665224075,0.036422062665224075,0.03973265364766121,0.036422062665224075,0.036422062665224075,0.036422062665224075,0.036425601691007614,0.036422062665224075,0.036422062665224075
2017-09-28,0.036404963582754135,0.036404963582754135,0.036404963582754135,0.04074676334857941,0.036404963582754135,0.036404963582754135,0.036404963582754135,0.036404963582754135,0.036404963582754135,0.047326553612947464,0.036404963582754135,0.036404963582754135,0.036404963582754135,0.036404963582754135,0.036404963582754135,0.03795643895864487,0.036404963582754135,0.036404963582754135,0.036404963582754135,0.036404963582754135,0.036523088812828064,0.036404963582754135,0.036404963582754135,0.036404963582754135,0.03653790429234505,0.036404963582754135,0.036404963582754135
2017-09-29,0.035936515778303146,0.03816892206668854,0.035936515778303146,0.043499551713466644,0.035936515778303146,0.035936515778303146,0.035936515778303146,0.035936515778303146,0.036275334656238556,0.04707733169198036,0.035936515778303146,0.035936515778303146,0.035936515778303146,0.035936515778303146,0.035936515778303146,0.0393872931599617,0.035936515778303146,0.035936515778303146,0.035936515778303146,0.035936515778303146,0.035936515778303146,0.035936515778303146,0.035936515778303146,0.035936515778303146,0.04092477634549141,0.035936515778303146,0.035936515778303146
2017-10-02,0.0360713005065918,0.03672606870532036,0.0360713005065918,0.04294569790363312,0.0360713005065918,0.0360713005065918,0.0360713005065918,0.0360713005065918,0.037557218223810196,0.04476127400994301,0.0360713005065918,0.0360713005065918,0.0360713005065918,0.0360713005065918,0.0360713005065918,0.041281647980213165,0.0360713005065918,0.0360713005065918,0.0360713005065918,0.0360713005065918,0.0360713005065918,0.0360713005065918,0.0360713005065918,0.0360713005065918,0.039230749011039734,0.0360713005065918,0.0360713005065918
2017-10-03,0.03623531013727188,0.03623531013727188,0.03623531013727188,0.042769066989421844,0.03623531013727188,0.03623531013727188,0.03623531013727188,0.03623531013727188,0.03691203147172928,0.04368991404771805,0.03623531013727188,0.03623531013727188,0.03623531013727188,0.03623531013727188,0.03623531013727188,0.040936779230833054,0.03623531013727188,0.03623531013727188,0.03623531013727188,0.03623531013727188,0.03623531013727188,0.03623531013727188,0.03623531013727188,0.03623531013727188,0.038515377789735794,0.03623531013727188,0.03623531013727188
2017-10-04,0.03633248805999756,0.03633248805999756,0.03633248805999756,0.038997165858745575,0.03633248805999756,0.03633248805999756,0.03633248805999756,0.03633248805999756,0.037146974354982376,0.04655488580465317,0.03633248805999756,0.036630962044000626,0.03633248805999756,0.03633248805999756,0.03633248805999756,0.03807318955659866,0.03633248805999756,0.03633248805999756,0.03633248805999756,0.03633248805999756,0.03633248805999756,0.03633248805999756,0.03633248805999756,0.03633248805999756,0.03961458057165146,0.03633248805999756,0.03633248805999756
2017-10-05,0.036379676312208176,0.036379676312208176,0.036379676312208176,0.03811730444431305,0.036379676312208176,0.036379676312208176,0.036379676312208176,0.036379676312208176,0.036379676312208176,0.046010833233594894,0.036379676312208176,0.036379676312208176,0.036379676312208176,0.036379676312208176,0.036379676312208176,0.03887993097305298,0.036379676312208176,0.036379676312208176,0.036379676312208176,0.036379676312208176,0.036379676312208176,0.036379676312208176,0.036379676312208176,0.036379676312208176,0.04025941714644432,0.036379676312208176,0.036379676312208176
2017-10-06,0.03655615076422691,0.03655615076422691,0.03655615076422691,0.03655615076422691,0.03655615076422691,0.03655615076422691,0.03655615076422691,0.03655615076422691,0.03667920455336571,0.043532680720090866,0.03655615076422691,0.03655615076422691,0.03655615076422691,0.03655615076422691,0.03655615076422691,0.04025381803512573,0.03655615076422691,0.03655615076422691,0.03655615076422691,0.037446558475494385,0.03655615076422691,0.03655615076422691,0.03655615076422691,0.03655615076422691,0.03754798322916031,0.03655615076422691,0.03686064854264259
2017-10-09,0.03648634999990463,0.03648634999990463,0.03648634999990463,0.03693372383713722,0.03648634999990463,0.03648634999990463,0.03648634999990463,0.03648634999990463,0.03786071762442589,0.04371314495801926,0.03648634999990463,0.03648634999990463,0.03648634999990463,0.03648634999990463,0.03648634999990463,0.039858367294073105,0.03648634999990463,0.03648634999990463,0.03648634999990463,0.03735765069723129,0.03648634999990463,0.03648634999990463,0.03648634999990463,0.03648634999990463,0.03806305304169655,0.03648634999990463,0.03648634999990463
2017-10-10,0.036565810441970825,0.036565810441970825,0.036565810441970825,0.036565810441970825,0.036565810441970825,0.036565810441970825,0.036565810441970825,0.036565810441970825,0.037034858018159866,0.04327170178294182,0.036565810441970825,0.036565810441970825,0.036565810441970825,0.036565810441970825,0.036565810441970825,0.04065549746155739,0.036565810441970825,0.036565810441970825,0.036565810441970825,0.03743383660912514,0.036565810441970825,0.036565810441970825,0.036565810441970825,0.036565810441970825,0.03705339506268501,0.036565810441970825,0.03666868805885315
2017-10-11,0.036569878458976746,0.036569878458976746,0.036569878458976746,0.036569878458976746,0.036569878458976746,0.036569878458976746,0.036569878458976746,0.036569878458976746,0.040002308785915375,0.036569878458976746,0.036569878458976746,0.036569878458976746,0.036569878458976746,0.036569878458976746,0.036569878458976746,0.04010935500264168,0.036569878458976746,0.036569878458976746,0.036569878458976746,0.03943861275911331,0.038307346403598785,0.036569878458976746,0.036569878458976746,0.036569878458976746,0.036994874477386475,0.036569878458976746,0.03717998042702675
2017-10-12,0.03664695844054222,0.03664695844054222,0.03664695844054222,0.03664695844054222,0.03664695844054222,0.03664695844054222,0.03664695844054222,0.03664695844054222,0.03870167210698128,0.03664695844054222,0.03664695844054222,0.03664695844054222,0.03664695844054222,0.03664695844054222,0.03664695844054222,0.04087274521589279,0.03664695844054222,0.03664695844054222,0.03664695844054222,0.03910255432128906,0.03818981349468231,0.03664695844054222,0.03664695844054222,0.03664695844054222,0.036751724779605865,0.036795347929000854,0.03664695844054222
2017-10-13,0.036688271909952164,0.036688271909952164,0.036688271909952164,0.039213959127664566,0.036688271909952164,0.036688271909952164,0.036688271909952164,0.036688271909952164,0.03688807040452957,0.03675084933638573,0.036688271909952164,0.036688271909952164,0.036688271909952164,0.036688271909952164,0.036688271909952164,0.03924580290913582,0.036688271909952164,0.036688271909952164,0.036688271909952164,0.03716323897242546,0.03806538134813309,0.036688271909952164,0.036688271909952164,0.036688271909952164,0.038588300347328186,0.03695889934897423,0.03673657029867172
2017-10-16,0.036553315818309784,0.036553315818309784,0.036553315818309784,0.04211447015404701,0.036553315818309784,0.036553315818309784,0.036553315818309784,0.036553315818309784,0.038579948246479034,0.036553315818309784,0.036553315818309784,0.036553315818309784,0.036553315818309784,0.036553315818309784,0.036553315818309784,0.03683266416192055,0.036553315818309784,0.036553315818309784,0.036553315818309784,0.036553315818309784,0.03760914504528046,0.036553315818309784,0.036553315818309784,0.036553315818309784,0.037225402891635895,0.04001864045858383,0.036553315818309784
2017-10-17,0.03655562549829483,0.03655562549829483,0.03655562549829483,0.042087018489837646,0.03655562549829483,0.03655562549829483,0.03655562549829483,0.03655562549829483,0.03860418498516083,0.03655562549829483,0.03655562549829483,0.03655562549829483,0.03655562549829483,0.03655562549829483,0.03655562549829483,0.03683651611208916,0.03655562549829483,0.03655562549829483,0.03655562549829483,0.03655562549829483,0.03761226683855057,0.03655562549829483,0.03655562549829483,0.03655562549829483,0.037171993404626846,0.040019888430833817,0.03655562549829483
2017-10-18,0.036060165613889694,0.036060165613889694,0.036060165613889694,0.036060165613889694,0.036060165613889694,0.036060165613889694,0.036060165613889694,0.036060165613889694,0.04187226668000221,0.036060165613889694,0.036060165613889694,0.036060165613889694,0.036060165613889694,0.036060165613889694,0.036060165613889694,0.041328899562358856,0.036060165613889694,0.036060165613889694,0.036060165613889694,0.04382387548685074,0.03649161383509636,0.036060165613889694,0.036060165613889694,0.036060165613889694,0.036060165613889694,0.04202953353524208,0.037190381437540054
2017-10-19,0.03583001345396042,0.03583001345396042,0.03583001345396042,0.03583001345396042,0.03583001345396042,0.03583001345396042,0.03583001345396042,0.03583001345396042,0.04197826236486435,0.03583001345396042,0.03583001345396042,0.03583001345396042,0.03583001345396042,0.03583001345396042,0.03583001345396042,0.04133690521121025,0.03583001345396042,0.03583001345396042,0.036677002906799316,0.04751754179596901,0.03692035377025604,0.03583001345396042,0.03583001345396042,0.03583001345396042,0.03583001345396042,0.040582235902547836,0.038387373089790344
2017-10-20,0.03596873953938484,0.03596873953938484,0.03596873953938484,0.03596873953938484,0.03596873953938484,0.03596873953938484,0.03596873953938484,0.03596873953938484,0.041688621044158936,0.03596873953938484,0.03596873953938484,0.03596873953938484,0.03596873953938484,0.03596873953938484,0.03596873953938484,0.04163113236427307,0.03596873953938484,0.03596873953938484,0.03596873953938484,0.04562336578965187,0.03693491593003273,0.03596873953938484,0.03596873953938484,0.03596873953938484,0.03596873953938484,0.041196778416633606,0.03758159652352333
2017-10-23,0.03618977218866348,0.03618977218866348,0.03618977218866348,0.03618977218866348,0.03618977218866348,0.03618977218866348,0.03618977218866348,0.03618977218866348,0.03992960602045059,0.03618977218866348,0.03618977218866348,0.03618977218866348,0.03618977218866348,0.03618977218866348,0.03618977218866348,0.04183272272348404,0.03618977218866348,0.03618977218866348,0.03618977218866348,0.044899456202983856,0.03618977218866348,0.03618977218866348,0.03618977218866348,0.03618977218866348,0.03618977218866348,0.039358533918857574,0.03780472278594971
2017-10-24,0.036189768463373184,0.036189768463373184,0.036189768463373184,0.036189768463373184,0.036189768463373184,0.036189768463373184,0.036189768463373184,0.036189768463373184,0.03993070870637894,0.036189768463373184,0.036189768463373184,0.036189768463373184,0.036189768463373184,0.036189768463373184,0.036189768463373184,0.0418323315680027,0.036189768463373184,0.036189768463373184,0.036189768463373184,0.044899433851242065,0.036189768463373184,0.036189768463373184,0.036189768463373184,0.036189768463373184,0.036189768463373184,0.03935682401061058,0.037805743515491486
2017-10-25,0.036323972046375275,0.036323972046375275,0.036323972046375275,0.03662616387009621,0.036323972046375275,0.036323972046375275,0.036788180470466614,0.036323972046375275,0.03862326219677925,0.036323972046375275,0.036323972046375275,0.036323972046375275,0.036323972046375275,0.036323972046375275,0.036323972046375275,0.04458117485046387,0.036323972046375275,0.036323972046375275,0.036323972046375275,0.04290527477860451,0.036323972046375275,0.036323972046375275,0.036323972046375275,0.036323972046375275,0.03767251968383789,0.036323972046375275,0.036323972046375275
2017-10-26,0.03630943223834038,0.03630943223834038,0.03630943223834038,0.03784213587641716,0.03630943223834038,0.03630943223834038,0.03630943223834038,0.03630943223834038,0.03749648481607437,0.03879905492067337,0.03630943223834038,0.03630943223834038,0.03630943223834038,0.03630943223834038,0.03630943223834038,0.0442490391433239,0.03630943223834038,0.03630943223834038,0.03630943223834038,0.04180777445435524,0.03630943223834038,0.03630943223834038,0.03630943223834038,0.03630943223834038,0.037307385355234146,0.03630943223834038,0.03630943223834038
2017-10-27,0.036318857222795486,0.036318857222795486,0.036318857222795486,0.03781033679842949,0.036318857222795486,0.036318857222795486,0.036318857222795486,0.036318857222795486,0.038208674639463425,0.036318857222795486,0.036318857222795486,0.036318857222795486,0.036318857222795486,0.036318857222795486,0.036318857222795486,0.044498298317193985,0.036318857222795486,0.036318857222795486,0.036318857222795486,0.043032824993133545,0.036318857222795486,0.036318857222795486,0.036318857222795486,0.036318857222795486,0.03707839548587799,0.03667554631829262,0.036318857222795486
2017-10-30,0.03607640042901039,0.03607640042901039,0.03607640042901039,0.03607640042901039,0.03607640042901039,0.03607640042901039,0.03607640042901039,0.03607640042901039,0.038651712238788605,0.038017384707927704,0.03607640042901039,0.03607640042901039,0.03607640042901039,0.03607640042901039,0.03607640042901039,0.042637646198272705,0.03607640042901039,0.03607640042901039,0.03607640042901039,0.0465809628367424,0.03607640042901039,0.03607640042901039,0.03607640042901039,0.03607640042901039,0.03717340528964996,0.03607640042901039,0.039334408938884735
2017-10-31,0.035614438354969025,0.035614438354969025,0.035614438354969025,0.035614438354969025,0.035614438354969025,0.035614438354969025,0.03584523871541023,0.035614438354969025,0.035695094615221024,0.038320526480674744,0.035614438354969025,0.035614438354969025,0.035614438354969025,0.03731774538755417,0.04173331335186958,0.041715480387210846,0.035614438354969025,0.037094149738550186,0.035614438354969025,0.04714066907763481,0.035614438354969025,0.035614438354969025,0.035614438354969025,0.035614438354969025,0.04173562303185463,0.035614438354969025,0.03795676305890083
2017-11-01,0.03564545139670372,0.03564545139670372,0.03564545139670372,0.03564545139670372,0.03564545139670372,0.03564545139670372,0.03564545139670372,0.03564545139670372,0.036353692412376404,0.03799658268690109,0.03564545139670372,0.03564545139670372,0.03564545139670372,0.037977904081344604,0.04288748651742935,0.04053021967411041,0.03564545139670372,0.03758861869573593,0.03564545139670372,0.04596623778343201,0.03564545139670372,0.03564545139670372,0.03564545139670372,0.03564545139670372,0.041323475539684296,0.03564545139670372,0.03775756061077118
2017-11-02,0.03600519895553589,0.03600519895553589,0.03600519895553589,0.03600519895553589,0.03600519895553589,0.03600519895553589,0.03600519895553589,0.03600519895553589,0.03797738626599312,0.03933734446763992,0.03600519895553589,0.03600519895553589,0.03600519895553589,0.03600519895553589,0.03740682825446129,0.041117582470178604,0.03600519895553589,0.03600519895553589,0.03600519895553589,0.045378826558589935,0.03600519895553589,0.03600519895553589,0.03600519895553589,0.03600519895553589,0.03959175571799278,0.03600519895553589,0.03908628597855568
2017-11-03,0.036203812807798386,0.036203812807798386,0.036203812807798386,0.036203812807798386,0.036203812807798386,0.036203812807798386,0.036203812807798386,0.036203812807798386,0.03746727108955383,0.04093863442540169,0.036203812807798386,0.036203812807798386,0.036203812807798386,0.036203812807798386,0.03688785061240196,0.041444651782512665,0.036203812807798386,0.036203812807798386,0.036203812807798386,0.04208697751164436,0.036203812807798386,0.036203812807798386,0.036203812807798386,0.036203812807798386,0.039975591003894806,0.036203812807798386,0.03712274134159088
2017-11-06,0.03623348847031593,0.03623348847031593,0.03623348847031593,0.03623348847031593,0.03623348847031593,0.03623348847031593,0.03623348847031593,0.03623348847031593,0.03782013803720474,0.040156688541173935,0.03623348847031593,0.03623348847031593,0.03623348847031593,0.03623348847031593,0.03623348847031593,0.043412525206804276,0.03623348847031593,0.03623348847031593,0.03623348847031593,0.04237997904419899,0.03623348847031593,0.03623348847031593,0.03623348847031593,0.03623348847031593,0.03856876492500305,0.03623348847031593,0.0367586575448513
2017-11-07,0.03567226603627205,0.03567226603627205,0.03567226603627205,0.03567226603627205,0.03567226603627205,0.03567226603627205,0.03608062490820885,0.03567226603627205,0.03567226603627205,0.04222622886300087,0.03567226603627205,0.03567226603627205,0.03567226603627205,0.03611760586500168,0.040756918489933014,0.042106810957193375,0.03567226603627205,0.036871299147605896,0.03567226603627205,0.04192031919956207,0.03567226603627205,0.03567226603627205,0.03567226603627205,0.03567226603627205,0.0446261502802372,0.03567226603627205,0.03719322755932808
2017-11-08,0.035707131028175354,0.035707131028175354,0.035707131028175354,0.035707131028175354,0.035707131028175354,0.035707131028175354,0.035707131028175354,0.035707131028175354,0.03712046146392822,0.04565005004405975,0.035707131028175354,0.035707131028175354,0.035707131028175354,0.035707131028175354,0.039788588881492615,0.04078191518783569,0.035707131028175354,0.036665964871644974,0.035707131028175354,0.04119241610169411,0.035707131028175354,0.035707131028175354,0.035707131028175354,0.035707131028175354,0.042566943913698196,0.035707131028175354,0.03779810294508934
2017-11-09,0.03539359197020531,0.03539359197020531,0.03539359197020531,0.03539359197020531,0.03539359197020531,0.03539359197020531,0.03645949065685272,0.03539359197020531,0.03566278889775276,0.045954395085573196,0.03539359197020531,0.03674621134996414,0.03539359197020531,0.03539359197020531,0.04225096106529236,0.037868525832891464,0.03539359197020531,0.037424858659505844,0.03539359197020531,0.041677139699459076,0.03539359197020531,0.03539359197020531,0.03539359197020531,0.03539359197020531,0.045453030616045,0.03539359197020531,0.03881152719259262
2017-11-10,0.035439517349004745,0.035439517349004745,0.035439517349004745,0.03551747277379036,0.039170607924461365,0.035439517349004745,0.035439517349004745,0.035439517349004745,0.03565877676010132,0.043536487966775894,0.035439517349004745,0.04012397676706314,0.035439517349004745,0.035439517349004745,0.040997885167598724,0.03677926957607269,0.035439517349004745,0.035439517349004745,0.036149442195892334,0.04032396897673607,0.035439517349004745,0.035439517349004745,0.035439517349004745,0.035439517349004745,0.04716908931732178,0.035439517349004745,0.037540726363658905
2017-11-13,0.03559793531894684,0.03559793531894684,0.03592512756586075,0.03559793531894684,0.040232103317976,0.03559793531894684,0.03559793531894684,0.03559793531894684,0.03566697612404823,0.04381890594959259,0.03559793531894684,0.03837838023900986,0.03559793531894684,0.037077371031045914,0.037332683801651,0.03933664783835411,0.03559793531894684,0.03559793531894684,0.03826509043574333,0.03956944867968559,0.036314040422439575,0.03559793531894684,0.03559793531894684,0.03559793531894684,0.04090560972690582,0.037286147475242615,0.037118230015039444
2017-11-14,0.03542295843362808,0.03542295843362808,0.03542295843362808,0.03542295843362808,0.03762798383831978,0.03542295843362808,0.03674473240971565,0.03542295843362808,0.03542295843362808,0.04361541569232941,0.03542295843362808,0.04064072668552399,0.03542295843362808,0.03542295843362808,0.03958289697766304,0.03670123964548111,0.03542295843362808,0.03542295843362808,0.03646555915474892,0.0398963987827301,0.03709973767399788,0.03542295843362808,0.03542295843362808,0.03542295843362808,0.0456848107278347,0.03542295843362808,0.0391731783747673
2017-11-15,0.0353841595351696,0.0353841595351696,0.0353841595351696,0.0353841595351696,0.0364520363509655,0.0353841595351696,0.037407271564006805,0.0353841595351696,0.0353841595351696,0.043642424046993256,0.0353841595351696,0.04074406996369362,0.0353841595351696,0.0353841595351696,0.03984597325325012,0.03620576485991478,0.0353841595351696,0.03624346852302551,0.03574620559811592,0.039459578692913055,0.03764105960726738,0.0353841595351696,0.0353841595351696,0.0353841595351696,0.04665380343794823,0.0353841595351696,0.03919593617320061
2017-11-16,0.03539462760090828,0.03539462760090828,0.03539462760090828,0.03539462760090828,0.03615734726190567,0.03539462760090828,0.038379307836294174,0.03539462760090828,0.03539462760090828,0.04469244182109833,0.03539462760090828,0.03994413837790489,0.03539462760090828,0.03539462760090828,0.040430787950754166,0.03559333086013794,0.03539462760090828,0.037434082478284836,0.03539462760090828,0.038927868008613586,0.036902811378240585,0.03539462760090828,0.03539462760090828,0.03539462760090828,0.04648673161864281,0.03539462760090828,0.038737084716558456
2017-11-17,0.03557395562529564,0.03557395562529564,0.03557395562529564,0.03557395562529564,0.03566079959273338,0.03557395562529564,0.037706028670072556,0.03557395562529564,0.03557395562529564,0.04554698243737221,0.03557395562529564,0.036708682775497437,0.03557395562529564,0.03557395562529564,0.040726810693740845,0.03746067360043526,0.03557395562529564,0.03557395562529564,0.03557395562529564,0.04260046035051346,0.03557395562529564,0.03557395562529564,0.03557395562529564,0.03557395562529564,0.04398035630583763,0.03557395562529564,0.039278022944927216
2017-11-20,0.035408634692430496,0.035408634692430496,0.03552883118391037,0.035408634692430496,0.03641878813505173,0.035408634692430496,0.038220930844545364,0.035408634692430496,0.035408634692430496,0.042094700038433075,0.035408634692430496,0.0373358353972435,0.035408634692430496,0.03636844456195831,0.04366030916571617,0.03544114902615547,0.035408634692430496,0.035408634692430496,0.036936063319444656,0.04413975402712822,0.035408634692430496,0.035408634692430496,0.035408634692430496,0.035408634692430496,0.04290540888905525,0.035408634692430496,0.03982033208012581
2017-11-21,0.03571058064699173,0.037169501185417175,0.03741711750626564,0.036779869347810745,0.03608423098921776,0.03571058064699173,0.035886023193597794,0.03571058064699173,0.03708777204155922,0.04243255779147148,0.03571058064699173,0.03751939535140991,0.03571058064699173,0.03571058064699173,0.04138387367129326,0.03604011610150337,0.03571058064699173,0.03571058064699173,0.03571058064699173,0.04264990985393524,0.03571058064699173,0.03571058064699173,0.03571058064699173,0.03571058064699173,0.043890926986932755,0.03571058064699173,0.03571058064699173
2017-11-22,0.03572697937488556,0.03807612136006355,0.03572697937488556,0.03788502514362335,0.03572697937488556,0.03572697937488556,0.03572697937488556,0.03572697937488556,0.0376368872821331,0.04356107860803604,0.03572697937488556,0.037692200392484665,0.03572697937488556,0.03572697937488556,0.03807968273758888,0.03708650544285774,0.03572697937488556,0.03572697937488556,0.03572697937488556,0.04190949723124504,0.03572697937488556,0.03572697937488556,0.03572697937488556,0.03572697937488556,0.044987406581640244,0.03572697937488556,0.03572697937488556
2017-11-24,0.035769447684288025,0.03933984041213989,0.035769447684288025,0.0387796014547348,0.035769447684288025,0.035769447684288025,0.035769447684288025,0.035769447684288025,0.037364035844802856,0.04311663284897804,0.035769447684288025,0.03618045523762703,0.035769447684288025,0.035769447684288025,0.036748725920915604,0.03741243854165077,0.035769447684288025,0.035769447684288025,0.035769447684288025,0.04272410273551941,0.035769447684288025,0.035769447684288025,0.035769447684288025,0.035769447684288025,0.04448406770825386,0.035769447684288025,0.035769447684288025
2017-11-27,0.03535144776105881,0.04082592576742172,0.03535144776105881,0.03856785595417023,0.03535144776105881,0.03535144776105881,0.03535144776105881,0.03535144776105881,0.03562158718705177,0.046875692903995514,0.03535144776105881,0.035627420991659164,0.03535144776105881,0.03535144776105881,0.03810631111264229,0.03622493892908096,0.03535144776105881,0.037761539220809937,0.03535144776105881,0.04079275205731392,0.03535144776105881,0.03535144776105881,0.03535144776105881,0.03535144776105881,0.04862133413553238,0.03535144776105881,0.03535144776105881
2017-11-28,0.03537652641534805,0.03860700875520706,0.03567073494195938,0.03605286031961441,0.03537652641534805,0.03537652641534805,0.03537652641534805,0.03537652641534805,0.0363030768930912,0.04368487372994423,0.03537652641534805,0.03662755340337753,0.03537652641534805,0.03537652641534805,0.04270987957715988,0.03568660467863083,0.03537652641534805,0.036927662789821625,0.03537652641534805,0.044260501861572266,0.03537652641534805,0.03537652641534805,0.03537652641534805,0.03537652641534805,0.04663969203829765,0.03537652641534805,0.03618163615465164
2017-11-29,0.035629887133836746,0.03707636892795563,0.035629887133836746,0.03708228841423988,0.035629887133836746,0.035629887133836746,0.035629887133836746,0.035629887133836746,0.03785569593310356,0.042417462915182114,0.035629887133836746,0.03970027342438698,0.035629887133836746,0.035629887133836746,0.04049509018659592,0.036208029836416245,0.035629887133836746,0.035629887133836746,0.035629887133836746,0.04204637184739113,0.035629887133836746,0.035629887133836746,0.035629887133836746,0.035629887133836746,0.04540127515792847,0.0360090546309948,0.035629887133836746
2017-11-30,0.03613919019699097,0.03628965839743614,0.03613919019699097,0.03613919019699097,0.03613919019699097,0.03613919019699097,0.03613919019699097,0.03613919019699097,0.04145871102809906,0.042156532406806946,0.03613919019699097,0.038803067058324814,0.03613919019699097,0.03613919019699097,0.03613919019699097,0.03789426013827324,0.03613919019699097,0.03613919019699097,0.03613919019699097,0.04141108691692352,0.03613919019699097,0.03613919019699097,0.03613919019699097,0.03613919019699097,0.03911231830716133,0.03613919019699097,0.03622967377305031
2017-12-01,0.036285948008298874,0.036285948008298874,0.036285948008298874,0.036285948008298874,0.036285948008298874,0.036285948008298874,0.036285948008298874,0.036285948008298874,0.03919290378689766,0.04128692299127579,0.036285948008298874,0.03738292679190636,0.036285948008298874,0.036285948008298874,0.036285948008298874,0.041327476501464844,0.036285948008298874,0.036285948008298874,0.036285948008298874,0.03862816095352173,0.036285948008298874,0.036285948008298874,0.036285948008298874,0.036285948008298874,0.04017675295472145,0.036285948008298874,0.036285948008298874
2017-12-04,0.03617497906088829,0.03617497906088829,0.03617497906088829,0.03617497906088829,0.03617497906088829,0.03617497906088829,0.03617497906088829,0.03617497906088829,0.041136372834444046,0.03617497906088829,0.03617497906088829,0.038952089846134186,0.03617497906088829,0.03617497906088829,0.03617497906088829,0.04170239344239235,0.03617497906088829,0.03617497906088829,0.03617497906088829,0.043885670602321625,0.03617497906088829,0.03617497906088829,0.03617497906088829,0.03617497906088829,0.037106629461050034,0.03754229471087456,0.03617497906088829
2017-12-05,0.03593119978904724,0.03593119978904724,0.03593119978904724,0.047951824963092804,0.03593119978904724,0.03675083443522453,0.03593119978904724,0.03593119978904724,0.03774130344390869,0.03593119978904724,0.03593119978904724,0.03676106780767441,0.03593119978904724,0.03593119978904724,0.038974493741989136,0.039689648896455765,0.03593119978904724,0.03593119978904724,0.03593119978904724,0.03593119978904724,0.03593119978904724,0.03593119978904724,0.03593119978904724,0.03593119978904724,0.04030759260058403,0.03913039341568947,0.03593119978904724
2017-12-06,0.03605542331933975,0.036507152020931244,0.03605542331933975,0.042701512575149536,0.03605542331933975,0.03702306002378464,0.03605542331933975,0.03605542331933975,0.04088519141077995,0.04051768407225609,0.03605542331933975,0.04001327604055405,0.03605542331933975,0.03605542331933975,0.036353182047605515,0.03625334054231644,0.03605542331933975,0.03605542331933975,0.03605542331933975,0.036872610449790955,0.03605542331933975,0.03605542331933975,0.03605542331933975,0.03605542331933975,0.037826959043741226,0.0381593257188797,0.03605542331933975
2017-12-07,0.03638077899813652,0.03638077899813652,0.03638077899813652,0.03638077899813652,0.03959455341100693,0.03638077899813652,0.03638077899813652,0.03638077899813652,0.0411536879837513,0.03870712220668793,0.03638077899813652,0.036874912679195404,0.03638077899813652,0.03638077899813652,0.03638077899813652,0.037714142352342606,0.03638077899813652,0.03638077899813652,0.03638077899813652,0.037388842552900314,0.03638077899813652,0.03638077899813652,0.03638077899813652,0.03638077899813652,0.03638077899813652,0.03975607827305794,0.03757592290639877
2017-12-08,0.03641544282436371,0.03641544282436371,0.03641544282436371,0.03641544282436371,0.0381876602768898,0.03641544282436371,0.03641544282436371,0.03641544282436371,0.03929734602570534,0.04345757141709328,0.03641544282436371,0.03641544282436371,0.03641544282436371,0.03641544282436371,0.03641544282436371,0.03641544282436371,0.03641544282436371,0.03641544282436371,0.03641544282436371,0.039349619299173355,0.03641544282436371,0.03641544282436371,0.03641544282436371,0.03641544282436371,0.03641544282436371,0.03690917417407036,0.038074392825365067
2017-12-11,0.03650066256523132,0.03666293993592262,0.03650066256523132,0.03933994099497795,0.03742852807044983,0.03650066256523132,0.03714251145720482,0.03650066256523132,0.03946521133184433,0.040431663393974304,0.03650066256523132,0.03650066256523132,0.03650066256523132,0.03650066256523132,0.03741791844367981,0.036963094025850296,0.03650066256523132,0.03650066256523132,0.03650066256523132,0.0374002642929554,0.03650066256523132,0.03650066256523132,0.03650066256523132,0.03650066256523132,0.03650066256523132,0.03650066256523132,0.03723660856485367
2017-12-12,0.03654981404542923,0.03724805638194084,0.03654981404542923,0.03654981404542923,0.03654981404542923,0.03654981404542923,0.0368770994246006,0.03654981404542923,0.03875848650932312,0.03654981404542923,0.03654981404542923,0.03654981404542923,0.03654981404542923,0.03654981404542923,0.03654981404542923,0.0409407764673233,0.03654981404542923,0.03654981404542923,0.03654981404542923,0.0420796275138855,0.03654981404542923,0.03654981404542923,0.03654981404542923,0.03654981404542923,0.03654981404542923,0.03654981404542923,0.03654981404542923
2017-12-13,0.036568980664014816,0.036568980664014816,0.036568980664014816,0.036568980664014816,0.036568980664014816,0.036568980664014816,0.038544148206710815,0.036568980664014816,0.037285078316926956,0.036568980664014816,0.036568980664014816,0.036568980664014816,0.036568980664014816,0.036568980664014816,0.036568980664014816,0.04199814796447754,0.036568980664014816,0.036568980664014816,0.036568980664014816,0.04081270471215248,0.03668118640780449,0.036568980664014816,0.036568980664014816,0.036568980664014816,0.036568980664014816,0.036568980664014816,0.03673013672232628
2017-12-14,0.03617668151855469,0.03763710707426071,0.03617668151855469,0.039541732519865036,0.03617668151855469,0.03619310259819031,0.03617668151855469,0.03617668151855469,0.03832871839404106,0.03617668151855469,0.03617668151855469,0.03665189445018768,0.03617668151855469,0.03617668151855469,0.03905047848820686,0.03976407274603844,0.03617668151855469,0.03617668151855469,0.03617668151855469,0.042933475226163864,0.03617668151855469,0.03617668151855469,0.03617668151855469,0.03617668151855469,0.03707311302423477,0.03669112175703049,0.03730827569961548
2017-12-15,0.03602597862482071,0.03624904900789261,0.03602597862482071,0.03602597862482071,0.03602597862482071,0.03602597862482071,0.03602597862482071,0.03602597862482071,0.04090016707777977,0.03602597862482071,0.03602597862482071,0.03864489123225212,0.03602597862482071,0.03602597862482071,0.03602597862482071,0.040137194097042084,0.03602597862482071,0.03602597862482071,0.03602597862482071,0.04413507506251335,0.036568764597177505,0.03602597862482071,0.03602597862482071,0.03602597862482071,0.03602597862482071,0.04091772437095642,0.0379534512758255
2017-12-18,0.0359039269387722,0.0359039269387722,0.0359039269387722,0.0359039269387722,0.0359039269387722,0.03590431436896324,0.0359039269387722,0.0359039269387722,0.038748111575841904,0.0359039269387722,0.0359039269387722,0.03905610740184784,0.0359039269387722,0.0359039269387722,0.03907632455229759,0.037953633815050125,0.0359039269387722,0.0359039269387722,0.0359039269387722,0.04605098441243172,0.0359039269387722,0.0359039269387722,0.0359039269387722,0.0359039269387722,0.038516201078891754,0.04113258048892021,0.037291038781404495
2017-12-19,0.03639129176735878,0.03639129176735878,0.03639129176735878,0.03639129176735878,0.03639129176735878,0.03639129176735878,0.03639129176735878,0.03639129176735878,0.03847108036279678,0.03639129176735878,0.03639129176735878,0.03639129176735878,0.03639129176735878,0.03639129176735878,0.03639129176735878,0.04122304171323776,0.03639129176735878,0.03639129176735878,0.03639129176735878,0.044370174407958984,0.03639129176735878,0.03639129176735878,0.03639129176735878,0.03639129176735878,0.03639129176735878,0.03829934448003769,0.037027906626462936
2017-12-20,0.03639151528477669,0.03639151528477669,0.03639151528477669,0.03639151528477669,0.03639151528477669,0.03639151528477669,0.03639151528477669,0.03639151528477669,0.038469623774290085,0.03639151528477669,0.03639151528477669,0.03639151528477669,0.03639151528477669,0.03639151528477669,0.03639151528477669,0.041227493435144424,0.03639151528477669,0.03639151528477669,0.03639151528477669,0.04436852037906647,0.03639151528477669,0.03639151528477669,0.03639151528477669,0.03639151528477669,0.03639151528477669,0.03829379007220268,0.037027209997177124
2017-12-21,0.03635519742965698,0.03635519742965698,0.03635519742965698,0.03635519742965698,0.03635519742965698,0.03635519742965698,0.03635519742965698,0.03635519742965698,0.03803851827979088,0.03635519742965698,0.03635519742965698,0.037300318479537964,0.03635519742965698,0.03635519742965698,0.03635519742965698,0.041921865195035934,0.03635519742965698,0.03635519742965698,0.03635519742965698,0.043870747089385986,0.03635519742965698,0.03635519742965698,0.03635519742965698,0.03635519742965698,0.037992868572473526,0.03674357756972313,0.03702816739678383
2017-12-22,0.036180395632982254,0.03621060028672218,0.036180395632982254,0.03861560299992561,0.036180395632982254,0.036180395632982254,0.036180395632982254,0.036180395632982254,0.03993760794401169,0.036180395632982254,0.036180395632982254,0.03891288489103317,0.036180395632982254,0.036180395632982254,0.036180395632982254,0.04280362278223038,0.036180395632982254,0.036180395632982254,0.036180395632982254,0.0407281219959259,0.036180395632982254,0.036180395632982254,0.036180395632982254,0.036180395632982254,0.036180395632982254,0.03918367996811867,0.036180395632982254
2017-12-26,0.036179251968860626,0.03637923300266266,0.036179251968860626,0.038166411221027374,0.036179251968860626,0.036179251968860626,0.036179251968860626,0.036179251968860626,0.039938390254974365,0.036179251968860626,0.036179251968860626,0.0385810025036335,0.036179251968860626,0.036179251968860626,0.036179251968860626,0.04290599375963211,0.036179251968860626,0.036179251968860626,0.036179251968860626,0.04159634932875633,0.036179251968860626,0.036179251968860626,0.036179251968860626,0.036179251968860626,0.036179251968860626,0.038847606629133224,0.036179251968860626
2017-12-27,0.036365870386362076,0.036365870386362076,0.036365870386362076,0.036365870386362076,0.036365870386362076,0.036365870386362076,0.03697243705391884,0.036365870386362076,0.03919025510549545,0.036365870386362076,0.036365870386362076,0.03716985136270523,0.036365870386362076,0.036365870386362076,0.036365870386362076,0.042010609060525894,0.036365870386362076,0.036365870386362076,0.036365870386362076,0.04287249594926834,0.036365870386362076,0.036365870386362076,0.036365870386362076,0.036365870386362076,0.036365870386362076,0.036365870386362076,0.03810102492570877
2017-12-28,0.03636495769023895,0.03636495769023895,0.03636495769023895,0.03636495769023895,0.03636495769023895,0.03636495769023895,0.03730679303407669,0.03636495769023895,0.03894480690360069,0.03636495769023895,0.03636495769023895,0.03702988475561142,0.03636495769023895,0.03636495769023895,0.03636495769023895,0.041948556900024414,0.03636495769023895,0.03636495769023895,0.03636495769023895,0.042854513972997665,0.03636495769023895,0.03636495769023895,0.03636495769023895,0.03636495769023895,0.03636495769023895,0.03636495769023895,0.03825129568576813
2017-12-29,0.036364469677209854,0.036364469677209854,0.036364469677209854,0.036364469677209854,0.036364469677209854,0.036364469677209854,0.03784286230802536,0.036364469677209854,0.03855356574058533,0.036364469677209854,0.036364469677209854,0.0368133969604969,0.036364469677209854,0.036364469677209854,0.036364469677209854,0.041841648519039154,0.036364469677209854,0.036364469677209854,0.036364469677209854,0.04280640184879303,0.036364469677209854,0.036364469677209854,0.036364469677209854,0.036364469677209854,0.036364469677209854,0.036364469677209854,0.03848825395107269
2018-01-02,0.037037037037037035,0.037037037037037035,0.037037037037037035,0.037037037037037035,0.037037037037037035,0.037037037037037035,0.037037037037037035,0.037037037037037035,0.037037037037037035,0.037037037037037035,0.037037037037037035,0.037037037037037035,0.037037037037037035,0.037037037037037035,0.037037037037037035,0.037037037037037035,0.037037037037037035,0.037037037037037035,0.037037037037037035,0.037037037037037035,0.037037037037037035,0.037037037037037035,0.037037037037037035,0.037037037037037035,0.037037037037037035,0.037037037037037035,0.037037037037037035
2018-01-03,0.03575431555509567,0.03575431555509567,0.03575431555509567,0.03575431555509567,0.03575431555509567,0.03930460289120674,0.04310489445924759,0.03575431555509567,0.03575431555509567,0.03575431555509567,0.03575431555509567,0.03575431555509567,0.03575431555509567,0.03575431555509567,0.03575431555509567,0.04578892141580582,0.03575431555509567,0.03575431555509567,0.03575431555509567,0.03575431555509567,0.04296119883656502,0.03575431555509567,0.03575431555509567,0.03575431555509567,0.03575431555509567,0.042245376855134964,0.03575431555509567
2018-01-04,0.03535211831331253,0.03535211831331253,0.03749856725335121,0.03535211831331253,0.03535211831331253,0.04121740907430649,0.04284611716866493,0.03535211831331253,0.03535211831331253,0.03535211831331253,0.03831969574093819,0.03535211831331253,0.03535211831331253,0.03535211831331253,0.03535211831331253,0.047443557530641556,0.03535211831331253,0.03535211831331253,0.03535211831331253,0.03535211831331253,0.04179474338889122,0.03535211831331253,0.03535211831331253,0.03535211831331253,0.03535211831331253,0.043837592005729675,0.03535211831331253
2018-01-05,0.0353514701128006,0.0353514701128006,0.03842286020517349,0.0353514701128006,0.0353514701128006,0.044605471193790436,0.04291880503296852,0.0353514701128006,0.0353514701128006,0.0353514701128006,0.03886392340064049,0.0353514701128006,0.0353514701128006,0.0353514701128006,0.0353514701128006,0.04424378648400307,0.0353514701128006,0.0353514701128006,0.0353514701128006,0.0353514701128006,0.04013137146830559,0.0353514701128006,0.0353514701128006,0.0353514701128006,0.0353514701128006,0.04378444328904152,0.0353514701128006
2018-01-08,0.03512764349579811,0.03512764349579811,0.03776140511035919,0.03512764349579811,0.03512764349579811,0.041867248713970184,0.04217268154025078,0.03518522158265114,0.03512764349579811,0.03512764349579811,0.03922921046614647,0.03512764349579811,0.03512764349579811,0.03512764349579811,0.03512764349579811,0.048656199127435684,0.03512764349579811,0.03512764349579811,0.03512764349579811,0.03512764349579811,0.04174783080816269,0.03512764349579811,0.03512764349579811,0.03512764349579811,0.03512764349579811,0.04595503583550453,0.03512764349579811
2018-01-09,0.03509746119379997,0.03509746119379997,0.04050042852759361,0.03509746119379997,0.03617619723081589,0.04142936319112778,0.04575881361961365,0.03509746119379997,0.03509746119379997,0.03509746119379997,0.03711986541748047,0.03509746119379997,0.03509746119379997,0.03509746119379997,0.03509746119379997,0.04783353582024574,0.03509746119379997,0.03509746119379997,0.03509746119379997,0.03509746119379997,0.03770342096686363,0.03509746119379997,0.03509746119379997,0.03509746119379997,0.03509746119379997,0.04662662371993065,0.03509746119379997
2018-01-10,0.03546910360455513,0.03546910360455513,0.037155237048864365,0.03546910360455513,0.037734683603048325,0.041757553815841675,0.0468420572578907,0.03546910360455513,0.03546910360455513,0.03546910360455513,0.03667226433753967,0.03546910360455513,0.03546910360455513,0.03546910360455513,0.03546910360455513,0.04139205068349838,0.03546910360455513,0.03546910360455513,0.03546910360455513,0.03546910360455513,0.03546910360455513,0.03546910360455513,0.03546910360455513,0.03546910360455513,0.03546910360455513,0.049064021557569504,0.03546910360455513
2018-01-11,0.03534535691142082,0.03534535691142082,0.04182920232415199,0.03534535691142082,0.03534535691142082,0.03990085795521736,0.0427277535200119,0.03534535691142082,0.03534535691142082,0.03534535691142082,0.03534535691142082,0.037602297961711884,0.03534535691142082,0.03534535691142082,0.037325888872146606,0.04541158303618431,0.03534535691142082,0.03534535691142082,0.03534535691142082,0.03534535691142082,0.03873937204480171,0.03534535691142082,0.03534535691142082,0.03534535691142082,0.03534535691142082,0.04490130767226219,0.03534535691142082
2018-01-12,0.0358259454369545,0.0358259454369545,0.03901350125670433,0.0358259454369545,0.0358259454369545,0.03904896602034569,0.04262680932879448,0.0358259454369545,0.0358259454369545,0.0358259454369545,0.0358259454369545,0.038011692464351654,0.0358259454369545,0.0358259454369545,0.03623693063855171,0.04009507969021797,0.0358259454369545,0.0358259454369545,0.036667563021183014,0.0358259454369545,0.0358259454369545,0.0358259454369545,0.0358259454369545,0.0358259454369545,0.0358259454369545,0.04760649800300598,0.0358259454369545
2018-01-16,0.035971395671367645,0.035971395671367645,0.03968458250164986,0.035971395671367645,0.035971395671367645,0.03844761848449707,0.04206591099500656,0.03698083758354187,0.035971395671367645,0.035971395671367645,0.035971395671367645,0.035971395671367645,0.035971395671367645,0.035971395671367645,0.035971395671367645,0.03978070989251137,0.035971395671367645,0.035971395671367645,0.035971395671367645,0.035971395671367645,0.035971395671367645,0.035971395671367645,0.035971395671367645,0.035971395671367645,0.035971395671367645,0.047641005367040634,0.035971395671367645
2018-01-17,0.03541570529341698,0.03541570529341698,0.040329258888959885,0.03567652776837349,0.035480305552482605,0.03846162185072899,0.038423266261816025,0.044390469789505005,0.03541570529341698,0.0360187366604805,0.03541570529341698,0.03541570529341698,0.03541570529341698,0.03541570529341698,0.03541570529341698,0.03998808562755585,0.03541570529341698,0.03541570529341698,0.03541570529341698,0.03541570529341698,0.038424815982580185,0.03541570529341698,0.03541570529341698,0.03541570529341698,0.03541570529341698,0.050476204603910446,0.03567942604422569
2018-01-18,0.03542044013738632,0.03542044013738632,0.040259480476379395,0.035673122853040695,0.03546635061502457,0.03848725184798241,0.038481540977954865,0.04432990774512291,0.03542044013738632,0.03601455315947533,0.03542044013738632,0.03542044013738632,0.03542044013738632,0.03542044013738632,0.03542044013738632,0.0399969220161438,0.03542044013738632,0.03542044013738632,0.03542044013738632,0.03542044013738632,0.038453444838523865,0.03542044013738632,0.03542044013738632,0.03542044013738632,0.03542044013738632,0.050423718988895416,0.0356866791844368
2018-01-19,0.035641349852085114,0.035641349852085114,0.03798352926969528,0.035641349852085114,0.03807585686445236,0.04002423584461212,0.04442983493208885,0.039261218160390854,0.035641349852085114,0.035641349852085114,0.035641349852085114,0.0357065312564373,0.035641349852085114,0.035641349852085114,0.035641349852085114,0.038281943649053574,0.035641349852085114,0.035641349852085114,0.035641349852085114,0.035641349852085114,0.037994060665369034,0.035641349852085114,0.035641349852085114,0.035641349852085114,0.035641349852085114,0.04669846594333649,0.035641349852085114
2018-01-22,0.03589528799057007,0.03589528799057007,0.03589528799057007,0.03589528799057007,0.038162875920534134,0.037536803632974625,0.042249709367752075,0.037439849227666855,0.03589528799057007,0.03589528799057007,0.03589528799057007,0.03589528799057007,0.03589528799057007,0.03589528799057007,0.03589528799057007,0.036061421036720276,0.03781624510884285,0.03589528799057007,0.03589528799057007,0.03589528799057007,0.03589528799057007,0.03617120161652565,0.03589528799057007,0.038892172276973724,0.03988150879740715,0.045568373054265976,0.03589528799057007
2018-01-23,0.035753585398197174,0.035753585398197174,0.035753585398197174,0.035753585398197174,0.035753585398197174,0.042966876178979874,0.044487498700618744,0.038555584847927094,0.035753585398197174,0.04052776098251343,0.035753585398197174,0.035753585398197174,0.035753585398197174,0.035753585398197174,0.035753585398197174,0.035753585398197174,0.035753585398197174,0.035753585398197174,0.035753585398197174,0.035753585398197174,0.035753585398197174,0.035753585398197174,0.035753585398197174,0.036226898431777954,0.03656090050935745,0.045602817088365555,0.035753585398197174
2018-01-24,0.035368576645851135,0.035368576645851135,0.03577032312750816,0.035368576645851135,0.035368576645851135,0.04669875651597977,0.04642428830265999,0.03666713833808899,0.035368576645851135,0.039603352546691895,0.035368576645851135,0.037295255810022354,0.035368576645851135,0.035368576645851135,0.035368576645851135,0.035368576645851135,0.035368576645851135,0.03926868736743927,0.035368576645851135,0.035368576645851135,0.035368576645851135,0.035368576645851135,0.035368576645851135,0.035368576645851135,0.035368576645851135,0.04626921936869621,0.035368576645851135
2018-01-25,0.03534702956676483,0.03534702956676483,0.03599218279123306,0.03534702956676483,0.03534702956676483,0.046521540731191635,0.0479312464594841,0.03534702956676483,0.03534702956676483,0.0381888709962368,0.0356581024825573,0.03797871246933937,0.03534702956676483,0.03534702956676483,0.03534702956676483,0.03534702956676483,0.03534702956676483,0.03957740217447281,0.03534702956676483,0.03534702956676483,0.0361158587038517,0.03534702956676483,0.03534702956676483,0.03534702956676483,0.03534702956676483,0.04578959941864014,0.03534702956676483
2018-01-26,0.03528627008199692,0.03528627008199692,0.03764187544584274,0.03528627008199692,0.03569284826517105,0.04682334139943123,0.04782509058713913,0.03528627008199692,0.03528627008199692,0.03528627008199692,0.03528627008199692,0.03729453682899475,0.03528627008199692,0.03528627008199692,0.03528627008199692,0.04004896804690361,0.03528627008199692,0.03528627008199692,0.0383123978972435,0.03528627008199692,0.037115104496479034,0.03528627008199692,0.03528627008199692,0.03528627008199692,0.03528627008199692,0.04409296065568924,0.03528627008199692
2018-01-29,0.03531494736671448,0.03524801880121231,0.03524801880121231,0.03524801880121231,0.03524801880121231,0.049447424709796906,0.04961284250020981,0.03524801880121231,0.03524801880121231,0.03639284521341324,0.03524801880121231,0.040316127240657806,0.03524801880121231,0.03524801880121231,0.03524801880121231,0.036002881824970245,0.03524801880121231,0.039333194494247437,0.037648338824510574,0.03524801880121231,0.03613688796758652,0.03524801880121231,0.03524801880121231,0.03524801880121231,0.03524801880121231,0.040578167885541916,0.03524801880121231
2018-01-30,0.0358739010989666,0.035719793289899826,0.035719793289899826,0.035719793289899826,0.035719793289899826,0.043785929679870605,0.04932519420981407,0.035719793289899826,0.035719793289899826,0.035719793289899826,0.035719793289899826,0.036036595702171326,0.035719793289899826,0.035719793289899826,0.035719793289899826,0.03882841020822525,0.035719793289899826,0.035719793289899826,0.03816583380103111,0.035719793289899826,0.0409480519592762,0.035719793289899826,0.035719793289899826,0.035719793289899826,0.035719793289899826,0.038360048085451126,0.035719793289899826
2018-01-31,0.034972190856933594,0.034972190856933594,0.040110405534505844,0.034972190856933594,0.034972190856933594,0.04522731155157089,0.04394001141190529,0.034972190856933594,0.034972190856933594,0.034972190856933594,0.034972190856933594,0.0449691042304039,0.034972190856933594,0.034972190856933594,0.034972190856933594,0.04090535268187523,0.034972190856933594,0.03790031746029854,0.03804726526141167,0.034972190856933594,0.044190097600221634,0.034972190856933594,0.034972190856933594,0.034972190856933594,0.034972190856933594,0.03521067649126053,0.034972190856933594
2018-02-01,0.03543452173471451,0.03543452173471451,0.03614399954676628,0.03543452173471451,0.03543452173471451,0.04509230703115463,0.04268535599112511,0.03543452173471451,0.03543452173471451,0.03543452173471451,0.03543452173471451,0.045547984540462494,0.03543452173471451,0.03543452173471451,0.03543452173471451,0.03962572291493416,0.03543452173471451,0.03594024106860161,0.03815103694796562,0.03543452173471451,0.04355739429593086,0.03543452173471451,0.03543452173471451,0.03543452173471451,0.03543452173471451,0.03543452173471451,0.03543452173471451
2018-02-02,0.03559604287147522,0.03559604287147522,0.03559604287147522,0.03559604287147522,0.03559604287147522,0.04489317536354065,0.043212488293647766,0.03559604287147522,0.03559604287147522,0.03559604287147522,0.03559604287147522,0.04401135444641113,0.03559604287147522,0.03559604287147522,0.03559604287147522,0.038807518780231476,0.03559604287147522,0.03592609241604805,0.03754131495952606,0.03559604287147522,0.043687138706445694,0.03559604287147522,0.03559604287147522,0.03559604287147522,0.03559604287147522,0.03559604287147522,0.03559604287147522
2018-02-05,0.03547739237546921,0.03547739237546921,0.03899011388421059,0.03547739237546921,0.03547739237546921,0.04631020873785019,0.04133469983935356,0.03547739237546921,0.03547739237546921,0.03547739237546921,0.03547739237546921,0.044735509902238846,0.03547739237546921,0.03547739237546921,0.03547739237546921,0.043588291853666306,0.03547739237546921,0.03547739237546921,0.03568492829799652,0.03547739237546921,0.03973604366183281,0.035549819469451904,0.03547739237546921,0.03547739237546921,0.03547739237546921,0.03547739237546921,0.03547739237546921
2018-02-06,0.03575568646192551,0.03604324162006378,0.03961329907178879,0.03575568646192551,0.03575568646192551,0.04341890662908554,0.03694863244891167,0.03575568646192551,0.03575568646192551,0.03575568646192551,0.03575568646192551,0.0449841171503067,0.03575568646192551,0.03575568646192551,0.03575568646192551,0.04184039309620857,0.03575568646192551,0.03575568646192551,0.03575568646192551,0.03647128865122795,0.04061155766248703,0.036466192454099655,0.03575568646192551,0.03575568646192551,0.03575568646192551,0.03575568646192551,0.03575568646192551
2018-02-07,0.03553827106952667,0.038196317851543427,0.04013073444366455,0.03553827106952667,0.03553827106952667,0.04205131158232689,0.03627440705895424,0.03553827106952667,0.03553827106952667,0.03553827106952667,0.03553827106952667,0.044699784368276596,0.03553827106952667,0.03553827106952667,0.03553827106952667,0.04223119840025902,0.03553827106952667,0.03553827106952667,0.03553827106952667,0.0370791032910347,0.04227541387081146,0.03737286478281021,0.03553827106952667,0.03553827106952667,0.03553827106952667,0.03553827106952667,0.03553827106952667
2018-02-08,0.035628434270620346,0.035628434270620346,0.03728463873267174,0.035628434270620346,0.035628434270620346,0.046454645693302155,0.039055705070495605,0.035628434270620346,0.035628434270620346,0.035628434270620346,0.035628434270620346,0.04344514384865761,0.035628434270620346,0.035628434270620346,0.03616270050406456,0.042415786534547806,0.035628434270620346,0.035628434270620346,0.035628434270620346,0.035628434270620346,0.04030280187726021,0.03793837130069733,0.035628434270620346,0.035628434270620346,0.035628434270620346,0.035628434270620346,0.035628434270620346
2018-02-09,0.03583556413650513,0.03940035402774811,0.03790044039487839,0.03583556413650513,0.03583556413650513,0.0410415381193161,0.03774791583418846,0.03583556413650513,0.03583556413650513,0.03583556413650513,0.03583556413650513,0.041762806475162506,0.03583556413650513,0.03583556413650513,0.0365057997405529,0.04364628717303276,0.03583556413650513,0.03583556413650513,0.03583556413650513,0.03758887201547623,0.03936582803726196,0.03583556413650513,0.03583556413650513,0.03583556413650513,0.03583556413650513,0.03583556413650513,0.03583556413650513
2018-02-12,0.03544352203607559,0.042709626257419586,0.03868846595287323,0.03544352203607559,0.03544352203607559,0.0376361608505249,0.03544352203607559,0.03544352203607559,0.03544352203607559,0.03544352203607559,0.03544352203607559,0.0449434295296669,0.03544352203607559,0.03544352203607559,0.0356069952249527,0.04264357313513756,0.03544352203607559,0.03544352203607559,0.03544352203607559,0.04001490771770477,0.04199669882655144,0.03777680546045303,0.03544352203607559,0.03544352203607559,0.03544352203607559,0.03544352203607559,0.03544352203607559
2018-02-13,0.036093998700380325,0.036093998700380325,0.03750166669487953,0.036093998700380325,0.037653036415576935,0.041862692683935165,0.041052691638469696,0.036093998700380325,0.036093998700380325,0.036093998700380325,0.036093998700380325,0.04053206369280815,0.036093998700380325,0.036093998700380325,0.036093998700380325,0.041736479848623276,0.036093998700380325,0.036093998700380325,0.036093998700380325,0.036093998700380325,0.037781428545713425,0.036093998700380325,0.036093998700380325,0.036093998700380325,0.036093998700380325,0.036093998700380325,0.036093998700380325
2018-02-14,0.03591460362076759,0.03591460362076759,0.03591460362076759,0.03591460362076759,0.0398983433842659,0.042404185980558395,0.04518597200512886,0.03591460362076759,0.03591460362076759,0.03591460362076759,0.03591460362076759,0.03734071925282478,0.03591460362076759,0.03591460362076759,0.03591460362076759,0.04252782091498375,0.03591460362076759,0.03591460362076759,0.0382518470287323,0.03591460362076759,0.036099039018154144,0.03591460362076759,0.03591460362076759,0.03591460362076759,0.03591460362076759,0.03591460362076759,0.03591460362076759
2018-02-15,0.0358201339840889,0.0358201339840889,0.03700602799654007,0.0358201339840889,0.035879068076610565,0.044950105249881744,0.043870896100997925,0.0358201339840889,0.0358201339840889,0.0358201339840889,0.0358201339840889,0.0410408079624176,0.0358201339840889,0.0358201339840889,0.0358201339840889,0.0418425016105175,0.0358201339840889,0.0358201339840889,0.0358201339840889,0.0358201339840889,0.03900788351893425,0.0358201339840889,0.0358201339840889,0.0358201339840889,0.0358201339840889,0.0358201339840889,0.0358201339840889
2018-02-16,0.03580853343009949,0.03580853343009949,0.03675910830497742,0.03580853343009949,0.03737490251660347,0.04418255761265755,0.04450037330389023,0.03580853343009949,0.03580853343009949,0.03580853343009949,0.03580853343009949,0.04081170633435249,0.03580853343009949,0.03580853343009949,0.03580853343009949,0.041815996170043945,0.03580853343009949,0.03580853343009949,0.03580853343009949,0.03580853343009949,0.03838468715548515,0.03580853343009949,0.03580853343009949,0.03580853343009949,0.03580853343009949,0.03580853343009949,0.03580853343009949
2018-02-20,0.03575634956359863,0.03575634956359863,0.037114184349775314,0.03575634956359863,0.03805654123425484,0.044250331819057465,0.04417022317647934,0.03575634956359863,0.03575634956359863,0.03575634956359863,0.03575634956359863,0.0401773639023304,0.03575634956359863,0.03575634956359863,0.03575634956359863,0.042437851428985596,0.03575634956359863,0.03575634956359863,0.03575634956359863,0.03575634956359863,0.03866655007004738,0.03575634956359863,0.03575634956359863,0.03575634956359863,0.03575634956359863,0.03575634956359863,0.03575634956359863
2018-02-21,0.03600231930613518,0.036558639258146286,0.03600231930613518,0.03600231930613518,0.036301594227552414,0.03969765827059746,0.04521432891488075,0.03600231930613518,0.03600231930613518,0.03600231930613518,0.03600231930613518,0.04110195115208626,0.03600231930613518,0.03600231930613518,0.03600231930613518,0.04032550007104874,0.03600231930613518,0.03600231930613518,0.03600231930613518,0.03600231930613518,0.04075402021408081,0.03600231930613518,0.03600231930613518,0.03600231930613518,0.03600231930613518,0.03600231930613518,0.03600231930613518
2018-02-22,0.03615184873342514,0.03615184873342514,0.03615184873342514,0.03615184873342514,0.036583736538887024,0.03881213068962097,0.0454210489988327,0.03615184873342514,0.03615184873342514,0.03615184873342514,0.03615184873342514,0.04191075637936592,0.03615184873342514,0.03615184873342514,0.03615184873342514,0.03876810893416405,0.03615184873342514,0.03615184873342514,0.03615184873342514,0.03615184873342514,0.0393153540790081,0.03615184873342514,0.03615184873342514,0.03615184873342514,0.03615184873342514,0.03615184873342514,0.03615184873342514
2018-02-23,0.03609674051403999,0.03609674051403999,0.03609674051403999,0.03609674051403999,0.036244314163923264,0.03924795240163803,0.045433491468429565,0.03609674051403999,0.03609674051403999,0.03609674051403999,0.03609674051403999,0.04171190783381462,0.03609674051403999,0.03609674051403999,0.03609674051403999,0.03929544985294342,0.03609674051403999,0.03609674051403999,0.03609674051403999,0.03609674051403999,0.040035370737314224,0.03609674051403999,0.03609674051403999,0.03609674051403999,0.03609674051403999,0.03609674051403999,0.03609674051403999
2018-02-26,0.03637049347162247,0.03701373562216759,0.03644883260130882,0.03637049347162247,0.03637049347162247,0.03814408928155899,0.04159221798181534,0.03637049347162247,0.03637049347162247,0.03719848021864891,0.03637049347162247,0.041222356259822845,0.03637049347162247,0.03637049347162247,0.03637049347162247,0.03637049347162247,0.03637049347162247,0.03637049347162247,0.03637049347162247,0.03637049347162247,0.040970370173454285,0.03637049347162247,0.03637049347162247,0.03637049347162247,0.03637049347162247,0.03637049347162247,0.03637049347162247
2018-02-27,0.035813745111227036,0.03702154383063316,0.036497242748737335,0.035813745111227036,0.035813745111227036,0.04026234894990921,0.04303613677620888,0.035813745111227036,0.035813745111227036,0.035813745111227036,0.035813745111227036,0.04211929067969322,0.035813745111227036,0.035813745111227036,0.037254806607961655,0.03870941698551178,0.035813745111227036,0.035813745111227036,0.0362573005259037,0.035813745111227036,0.04419456049799919,0.035813745111227036,0.035813745111227036,0.035813745111227036,0.035813745111227036,0.035813745111227036,0.035813745111227036
2018-02-28,0.03627482429146767,0.03688414394855499,0.03627482429146767,0.03627482429146767,0.03627482429146767,0.038936272263526917,0.042033497244119644,0.03627482429146767,0.03627482429146767,0.03727472946047783,0.03627482429146767,0.04034661501646042,0.03627482429146767,0.03627482429146767,0.03627482429146767,0.036972638219594955,0.03627482429146767,0.03627482429146767,0.03677455335855484,0.03627482429146767,0.04155592620372772,0.03627482429146767,0.03627482429146767,0.03627482429146767,0.03627482429146767,0.03627482429146767,0.03627482429146767
2018-03-01,0.0363781712949276,0.03707210719585419,0.0363781712949276,0.0363781712949276,0.0363781712949276,0.038199275732040405,0.04153658449649811,0.0363781712949276,0.0363781712949276,0.03738436475396156,0.0363781712949276,0.04116063192486763,0.0363781712949276,0.0363781712949276,0.0363781712949276,0.0363781712949276,0.0363781712949276,0.0363781712949276,0.0363781712949276,0.0363781712949276,0.040705494582653046,0.0363781712949276,0.0363781712949276,0.0363781712949276,0.0363781712949276,0.0363781712949276,0.0363781712949276
2018-03-02,0.036520350724458694,0.036520350724458694,0.036520350724458694,0.036520350724458694,0.036520350724458694,0.03876052424311638,0.04097374901175499,0.036520350724458694,0.036520350724458694,0.036520350724458694,0.036520350724458694,0.04094648361206055,0.036520350724458694,0.036520350724458694,0.036520350724458694,0.03823942691087723,0.036520350724458694,0.036520350724458694,0.036520350724458694,0.036520350724458694,0.03763211518526077,0.036520350724458694,0.036520350724458694,0.036520350724458694,0.036520350724458694,0.036520350724458694,0.036520350724458694
2018-03-05,0.03647821024060249,0.03647821024060249,0.03752320259809494,0.03647821024060249,0.03647821024060249,0.037092216312885284,0.04158006235957146,0.03647821024060249,0.03647821024060249,0.03647821024060249,0.03647821024060249,0.04059560224413872,0.03647821024060249,0.03647821024060249,0.03647821024060249,0.040006350725889206,0.03647821024060249,0.03647821024060249,0.03647821024060249,0.03647821024060249,0.037160154432058334,0.03647821024060249,0.03647821024060249,0.03647821024060249,0.03647821024060249,0.03647821024060249,0.03647821024060249
2018-03-06,0.036288291215896606,0.037305235862731934,0.036916401237249374,0.036288291215896606,0.036288291215896606,0.03818507865071297,0.040619898587465286,0.036288291215896606,0.036288291215896606,0.036288291215896606,0.036288291215896606,0.04081156849861145,0.036288291215896606,0.036288291215896606,0.036288291215896606,0.03973029926419258,0.036288291215896606,0.036288291215896606,0.036288291215896606,0.036288291215896606,0.04017171263694763,0.036782290786504745,0.036288291215896606,0.036288291215896606,0.036288291215896606,0.036288291215896606,0.036288291215896606
2018-03-07,0.03625442460179329,0.03704250976443291,0.03625442460179329,0.03625442460179329,0.03625442460179329,0.03987898305058479,0.04081154987215996,0.03625442460179329,0.03625442460179329,0.03792346268892288,0.03625442460179329,0.04085622355341911,0.03625442460179329,0.03625442460179329,0.03625442460179329,0.03702867403626442,0.03625442460179329,0.03625442460179329,0.03625442460179329,0.03625442460179329,0.04079635441303253,0.036828186362981796,0.03625442460179329,0.03625442460179329,0.03625442460179329,0.03625442460179329,0.03625442460179329
2018-03-08,0.03648510202765465,0.03648510202765465,0.036976490169763565,0.03648510202765465,0.03648510202765465,0.03741132467985153,0.04171394929289818,0.03648510202765465,0.03648510202765465,0.03648510202765465,0.03648510202765465,0.04065203294157982,0.03648510202765465,0.03648510202765465,0.03648510202765465,0.039807289838790894,0.03648510202765465,0.03648510202765465,0.03648510202765465,0.03648510202765465,0.037251751869916916,0.03648510202765465,0.03648510202765465,0.03648510202765465,0.03648510202765465,0.03648510202765465,0.03648510202765465
2018-03-09,0.03652238845825195,0.03652238845825195,0.03652238845825195,0.03652238845825195,0.03652238845825195,0.037967149168252945,0.0430426150560379,0.03652238845825195,0.03652238845825195,0.03652238845825195,0.03652238845825195,0.040313564240932465,0.03652238845825195,0.03652238845825195,0.03652238845825195,0.037090010941028595,0.03652238845825195,0.03652238845825195,0.03652238845825195,0.03652238845825195,0.03809414803981781,0.03652238845825195,0.03652238845825195,0.03652238845825195,0.03652238845825195,0.03652238845825195,0.03652238845825195
2018-03-12,0.03539344295859337,0.03539344295859337,0.039327651262283325,0.03539344295859337,0.03547006472945213,0.04402805119752884,0.05062709376215935,0.03539344295859337,0.03539344295859337,0.03563256561756134,0.03539344295859337,0.04158012568950653,0.03539344295859337,0.03539344295859337,0.03539344295859337,0.04032359644770622,0.03539344295859337,0.03539344295859337,0.03539344295859337,0.03539344295859337,0.039136454463005066,0.03539344295859337,0.03539344295859337,0.03539344295859337,0.03539344295859337,0.03679238632321358,0.03539344295859337
2018-03-13,0.03675781935453415,0.03498712182044983,0.038928523659706116,0.03498712182044983,0.03498712182044983,0.042701732367277145,0.050177767872810364,0.03498712182044983,0.03498712182044983,0.03622760623693466,0.03498712182044983,0.040897615253925323,0.03498712182044983,0.03498712182044983,0.03498712182044983,0.037964507937431335,0.03498712182044983,0.03498712182044983,0.03749013692140579,0.03498712182044983,0.042854368686676025,0.03498712182044983,0.03498712182044983,0.03498712182044983,0.03498712182044983,0.041218843311071396,0.03498712182044983
2018-03-14,0.0396978035569191,0.035215333104133606,0.038477685302495956,0.035215333104133606,0.035215333104133606,0.04149986058473587,0.04967668652534485,0.035215333104133606,0.035215333104133606,0.037412531673908234,0.035215333104133606,0.040056098252534866,0.035215333104133606,0.035215333104133606,0.035215333104133606,0.03556663170456886,0.035215333104133606,0.03579873591661453,0.03689350187778473,0.035215333104133606,0.04007204994559288,0.035215333104133606,0.035215333104133606,0.035215333104133606,0.035215333104133606,0.041403159499168396,0.035215333104133606
2018-03-15,0.03805442526936531,0.03586207702755928,0.03674839437007904,0.03586207702755928,0.03586207702755928,0.0421551838517189,0.04681038111448288,0.03586207702755928,0.03586207702755928,0.03646007180213928,0.03586207702755928,0.0400172583758831,0.03586207702755928,0.03586207702755928,0.03586207702755928,0.03586207702755928,0.03586207702755928,0.03695318475365639,0.038513507694005966,0.03586207702755928,0.037411805242300034,0.03586207702755928,0.03586207702755928,0.03586207702755928,0.03586207702755928,0.03722047060728073,0.03586207702755928
2018-03-16,0.03673197329044342,0.03616805747151375,0.03616805747151375,0.03616805747151375,0.03616805747151375,0.042146071791648865,0.04347027465701103,0.03616805747151375,0.03616805747151375,0.037478625774383545,0.03616805747151375,0.039030686020851135,0.03616805747151375,0.03616805747151375,0.03616805747151375,0.03616805747151375,0.03616805747151375,0.036569979041814804,0.03857392817735672,0.03616805747151375,0.03616805747151375,0.03616805747151375,0.03616805747151375,0.03616805747151375,0.03616805747151375,0.038805413991212845,0.03616805747151375
2018-03-19,0.03624048829078674,0.03624048829078674,0.03624048829078674,0.03624048829078674,0.03624048829078674,0.042318638414144516,0.04441452771425247,0.03624048829078674,0.03624048829078674,0.03624048829078674,0.03624048829078674,0.03871488571166992,0.03624048829078674,0.03624048829078674,0.03624048829078674,0.03624048829078674,0.03624048829078674,0.03672708198428154,0.037873685359954834,0.03624048829078674,0.036494217813014984,0.03624048829078674,0.03624048829078674,0.03624048829078674,0.03624048829078674,0.0386471301317215,0.03624048829078674
2018-03-20,0.03630569577217102,0.03630569577217102,0.03630569577217102,0.03630569577217102,0.038290347903966904,0.03924994170665741,0.04517238587141037,0.03630569577217102,0.03630569577217102,0.03630569577217102,0.03630569577217102,0.04198617488145828,0.03630569577217102,0.03630569577217102,0.03630569577217102,0.03630569577217102,0.03630569577217102,0.03630569577217102,0.03630569577217102,0.03630569577217102,0.03657590225338936,0.03630569577217102,0.03630569577217102,0.03630569577217102,0.03630569577217102,0.03630569577217102,0.03630569577217102
2018-03-21,0.0363016352057457,0.0363016352057457,0.0363016352057457,0.0363016352057457,0.03823471441864967,0.03925241902470589,0.045217856764793396,0.0363016352057457,0.0363016352057457,0.0363016352057457,0.0363016352057457,0.04200102388858795,0.0363016352057457,0.0363016352057457,0.0363016352057457,0.0363016352057457,0.0363016352057457,0.0363016352057457,0.0363016352057457,0.0363016352057457,0.03665801137685776,0.0363016352057457,0.0363016352057457,0.0363016352057457,0.0363016352057457,0.0363016352057457,0.0363016352057457
2018-03-22,0.03614404797554016,0.03614404797554016,0.03614404797554016,0.03614404797554016,0.037274282425642014,0.04003632441163063,0.0428583100438118,0.03614404797554016,0.03614404797554016,0.03614404797554016,0.03614404797554016,0.04402673989534378,0.03614404797554016,0.03614404797554016,0.03614404797554016,0.0387752540409565,0.03614404797554016,0.03614404797554016,0.03614404797554016,0.03614404797554016,0.03800405561923981,0.03614404797554016,0.03614404797554016,0.03614404797554016,0.03614404797554016,0.03614404797554016,0.03614404797554016
2018-03-23,0.036402322351932526,0.03934907168149948,0.036402322351932526,0.036402322351932526,0.036402322351932526,0.03791837766766548,0.03663192689418793,0.036402322351932526,0.036402322351932526,0.036402322351932526,0.036402322351932526,0.04294212535023689,0.03673522174358368,0.036402322351932526,0.036402322351932526,0.04046619310975075,0.036402322351932526,0.036402322351932526,0.036402322351932526,0.036402322351932526,0.037910640239715576,0.036402322351932526,0.036402322351932526,0.036402322351932526,0.036402322351932526,0.036402322351932526,0.036402322351932526
2018-03-26,0.036640558391809464,0.04076926410198212,0.0360233299434185,0.03844251483678818,0.03954149782657623,0.036402784287929535,0.0360233299434185,0.0360233299434185,0.0360233299434185,0.0360233299434185,0.0360233299434185,0.04366699978709221,0.0360233299434185,0.0360233299434185,0.0360233299434185,0.039679449051618576,0.0360233299434185,0.0360233299434185,0.0360233299434185,0.0360233299434185,0.036607734858989716,0.0360233299434185,0.0360233299434185,0.0360233299434185,0.03982926905155182,0.0360233299434185,0.0360233299434185
2018-03-27,0.036337871104478836,0.042843274772167206,0.03604208305478096,0.03624294325709343,0.037216927856206894,0.03604208305478096,0.03604208305478096,0.03604208305478096,0.03604208305478096,0.03604208305478096,0.03604208305478096,0.04207703098654747,0.037836525589227676,0.03690534457564354,0.03604208305478096,0.03723520413041115,0.03604208305478096,0.03604208305478096,0.03604208305478096,0.03604208305478096,0.03750123083591461,0.03604208305478096,0.03604208305478096,0.03604208305478096,0.043088216334581375,0.03604208305478096,0.03604208305478096
2018-03-28,0.036229897290468216,0.04101104289293289,0.036229897290468216,0.036474768072366714,0.03668376803398132,0.03785271570086479,0.036229897290468216,0.036229897290468216,0.036229897290468216,0.036229897290468216,0.036229897290468216,0.04356347396969795,0.036229897290468216,0.036229897290468216,0.036229897290468216,0.041148487478494644,0.036229897290468216,0.036229897290468216,0.036229897290468216,0.036229897290468216,0.03866784647107124,0.036229897290468216,0.036229897290468216,0.036229897290468216,0.036229897290468216,0.036229897290468216,0.036229897290468216
2018-03-29,0.03611623868346214,0.03611623868346214,0.037731777876615524,0.036408066749572754,0.03855082020163536,0.038113951683044434,0.03778684139251709,0.03611623868346214,0.03611623868346214,0.03611623868346214,0.03611623868346214,0.045970793813467026,0.03611623868346214,0.03611623868346214,0.03611623868346214,0.04311298951506615,0.03611623868346214,0.03611623868346214,0.03611623868346214,0.03611623868346214,0.03611623868346214,0.03611623868346214,0.03611623868346214,0.03611623868346214,0.03611623868346214,0.03611623868346214,0.03611623868346214
2018-04-02,0.03613738715648651,0.03633711487054825,0.036059457808732986,0.036059457808732986,0.041410963982343674,0.037201061844825745,0.04161706939339638,0.036059457808732986,0.036059457808732986,0.036059457808732986,0.036059457808732986,0.044020794332027435,0.036059457808732986,0.036059457808732986,0.036059457808732986,0.04176941141486168,0.036059457808732986,0.036059457808732986,0.036059457808732986,0.036059457808732986,0.03637650981545448,0.036059457808732986,0.036059457808732986,0.036059457808732986,0.036059457808732986,0.036059457808732986,0.036059457808732986
2018-04-03,0.03611915931105614,0.03611915931105614,0.03772037848830223,0.03642866387963295,0.03848234936594963,0.03804425150156021,0.03776727616786957,0.03611915931105614,0.03611915931105614,0.03611915931105614,0.03611915931105614,0.04602306708693504,0.03611915931105614,0.03611915931105614,0.03611915931105614,0.04315079003572464,0.03611915931105614,0.03611915931105614,0.03611915931105614,0.03611915931105614,0.03611915931105614,0.03611915931105614,0.03611915931105614,0.03611915931105614,0.03611915931105614,0.03611915931105614,0.03611915931105614
2018-04-04,0.036577045917510986,0.03616081178188324,0.03616081178188324,0.03616081178188324,0.041435111314058304,0.03746616095304489,0.0424775592982769,0.03616081178188324,0.03616081178188324,0.03616081178188324,0.03616081178188324,0.043136116117239,0.03616081178188324,0.03616081178188324,0.03616081178188324,0.0395309142768383,0.03616081178188324,0.03616081178188324,0.03616081178188324,0.03616081178188324,0.03616081178188324,0.03616081178188324,0.03616081178188324,0.03616081178188324,0.03616081178188324,0.03616081178188324,0.03616081178188324
2018-04-05,0.03598819300532341,0.03598819300532341,0.03598819300532341,0.03598819300532341,0.04226080700755119,0.037764232605695724,0.04031932353973389,0.03598819300532341,0.03598819300532341,0.03598819300532341,0.03598819300532341,0.042313434183597565,0.03710450604557991,0.03856586292386055,0.03598819300532341,0.03877149149775505,0.03598819300532341,0.03598819300532341,0.03598819300532341,0.036798153072595596,0.03598819300532341,0.03598819300532341,0.03598819300532341,0.03598819300532341,0.03831470385193825,0.03598819300532341,0.03598819300532341
2018-04-06,0.03622952476143837,0.03622952476143837,0.03622952476143837,0.03622952476143837,0.03947829455137253,0.03668893873691559,0.04675569385290146,0.03622952476143837,0.03622952476143837,0.03622952476143837,0.03622952476143837,0.038439635187387466,0.03622952476143837,0.03632881119847298,0.03622952476143837,0.03622952476143837,0.03622952476143837,0.03622952476143837,0.03828533738851547,0.03622952476143837,0.037145040929317474,0.03622952476143837,0.03622952476143837,0.03622952476143837,0.03851731866598129,0.03622952476143837,0.03622952476143837
2018-04-09,0.03595093637704849,0.03595093637704849,0.03595093637704849,0.03595093637704849,0.044103462249040604,0.038812004029750824,0.04116693139076233,0.03595093637704849,0.03595093637704849,0.03595093637704849,0.03595093637704849,0.04204075038433075,0.03595093637704849,0.03656481206417084,0.03595093637704849,0.04107872024178505,0.03595093637704849,0.03595093637704849,0.03595093637704849,0.03613851219415665,0.03595093637704849,0.03595093637704849,0.03595093637704849,0.03595093637704849,0.03702699765563011,0.03595093637704849,0.03595093637704849
2018-04-10,0.03604910522699356,0.03604910522699356,0.03604910522699356,0.03604910522699356,0.04189297556877136,0.03762660175561905,0.040583256632089615,0.03604910522699356,0.03604910522699356,0.03604910522699356,0.03604910522699356,0.04182939603924751,0.036284297704696655,0.039711084216833115,0.03604910522699356,0.037606362253427505,0.03604910522699356,0.03604910522699356,0.03729288652539253,0.036534372717142105,0.03604910522699356,0.03604910522699356,0.03604910522699356,0.03604910522699356,0.03780394047498703,0.03604910522699356,0.03604910522699356
2018-04-11,0.03603212162852287,0.03603212162852287,0.03603212162852287,0.03603212162852287,0.037591129541397095,0.03946788236498833,0.04397016391158104,0.03603212162852287,0.03603212162852287,0.03603212162852287,0.03603212162852287,0.03671278804540634,0.03883744403719902,0.03603212162852287,0.03603212162852287,0.03603212162852287,0.03603212162852287,0.03603212162852287,0.03845558315515518,0.03603212162852287,0.03835398703813553,0.03603212162852287,0.03603212162852287,0.03603212162852287,0.04200069233775139,0.03603212162852287,0.03603212162852287
2018-04-12,0.03598328307271004,0.03728054463863373,0.03598328307271004,0.03598328307271004,0.03864317759871483,0.03598328307271004,0.04086317494511604,0.03598328307271004,0.03598328307271004,0.03598328307271004,0.03598328307271004,0.03746979311108589,0.038866978138685226,0.03598328307271004,0.03598328307271004,0.03804444149136543,0.03598328307271004,0.03598328307271004,0.036076147109270096,0.03772854432463646,0.03818006440997124,0.03598328307271004,0.03598328307271004,0.03598328307271004,0.04513130709528923,0.03598328307271004,0.03598328307271004
2018-04-13,0.03688914701342583,0.036165717989206314,0.036165717989206314,0.036165717989206314,0.036165717989206314,0.03755684196949005,0.04390139877796173,0.036165717989206314,0.036165717989206314,0.036165717989206314,0.036165717989206314,0.03843502327799797,0.03723548352718353,0.036165717989206314,0.036165717989206314,0.036165717989206314,0.036165717989206314,0.036165717989206314,0.041532743722200394,0.036165717989206314,0.03672051057219505,0.036165717989206314,0.036165717989206314,0.036165717989206314,0.0405801497399807,0.036165717989206314,0.036165717989206314
2018-04-16,0.03612015023827553,0.03612015023827553,0.03612015023827553,0.03612015023827553,0.03612015023827553,0.039255861192941666,0.042638082057237625,0.03612015023827553,0.03612015023827553,0.03612015023827553,0.03612015023827553,0.037507057189941406,0.03788567706942558,0.03612015023827553,0.03612015023827553,0.03612015023827553,0.03612015023827553,0.03612015023827553,0.040181055665016174,0.03634483739733696,0.03612015023827553,0.03612015023827553,0.03612015023827553,0.03612015023827553,0.043784353882074356,0.03612015023827553,0.03612015023827553
2018-04-17,0.03598426654934883,0.03598426654934883,0.03598426654934883,0.03598426654934883,0.03598426654934883,0.038724515587091446,0.04627683758735657,0.03598426654934883,0.03598426654934883,0.03598426654934883,0.03598426654934883,0.03598426654934883,0.03760078176856041,0.03598426654934883,0.03598426654934883,0.03598426654934883,0.03598426654934883,0.03598426654934883,0.03598426654934883,0.036765433847904205,0.03598426654934883,0.03598426654934883,0.03598426654934883,0.03598426654934883,0.04745340347290039,0.03750942647457123,0.03598426654934883
2018-04-18,0.036126136779785156,0.036126136779785156,0.036126136779785156,0.036126136779785156,0.039089616388082504,0.036273498088121414,0.04414992406964302,0.036146339029073715,0.036126136779785156,0.036990564316511154,0.036126136779785156,0.036126136779785156,0.036126136779785156,0.036126136779785156,0.036126136779785156,0.036126136779785156,0.036126136779785156,0.036126136779785156,0.036126136779785156,0.03933468833565712,0.0375388003885746,0.037254318594932556,0.036126136779785156,0.036139532923698425,0.04002052918076515,0.03904401883482933,0.036126136779785156
2018-04-19,0.0355021171271801,0.03628591448068619,0.0355021171271801,0.0355021171271801,0.0355021171271801,0.0355021171271801,0.03902063146233559,0.0355021171271801,0.0355021171271801,0.04061473533511162,0.0355021171271801,0.0355021171271801,0.03645867854356766,0.0355021171271801,0.0355021171271801,0.037356022745370865,0.0355021171271801,0.0355021171271801,0.0355021171271801,0.04267740994691849,0.042764630168676376,0.0355021171271801,0.0355021171271801,0.0355021171271801,0.045221179723739624,0.03986406326293945,0.03620082139968872
2018-04-20,0.035810112953186035,0.03990687057375908,0.035810112953186035,0.035810112953186035,0.035810112953186035,0.035810112953186035,0.036676712334156036,0.035810112953186035,0.035810112953186035,0.035810112953186035,0.035810112953186035,0.03747282177209854,0.035810112953186035,0.035810112953186035,0.035810112953186035,0.036579232662916183,0.035810112953186035,0.035810112953186035,0.035810112953186035,0.041790638118982315,0.04252227768301964,0.035810112953186035,0.035810112953186035,0.036986418068408966,0.04509091377258301,0.035810112953186035,0.038392074406147
2018-04-23,0.035555172711610794,0.041771356016397476,0.03622455149888992,0.035555172711610794,0.035555172711610794,0.035555172711610794,0.03574569150805473,0.035555172711610794,0.035555172711610794,0.035555172711610794,0.035555172711610794,0.04087715223431587,0.035555172711610794,0.035555172711610794,0.035555172711610794,0.03941529616713524,0.035555172711610794,0.035555172711610794,0.035555172711610794,0.040313590317964554,0.04362315684556961,0.03606438264250755,0.035555172711610794,0.0376407615840435,0.041335899382829666,0.035555172711610794,0.038105398416519165
2018-04-24,0.03555867075920105,0.04182397946715355,0.03621485084295273,0.03555867075920105,0.03555867075920105,0.03555867075920105,0.03568357229232788,0.03555867075920105,0.03555867075920105,0.03555867075920105,0.03555867075920105,0.040744852274656296,0.03555867075920105,0.03555867075920105,0.03555867075920105,0.03951716795563698,0.03555867075920105,0.03555867075920105,0.03555867075920105,0.04033432528376579,0.043622735887765884,0.03608245402574539,0.03555867075920105,0.037545789033174515,0.04133683443069458,0.03555867075920105,0.03815475478768349
2018-04-25,0.03562634065747261,0.04003993049263954,0.03626669943332672,0.03562634065747261,0.03562634065747261,0.03562634065747261,0.03562634065747261,0.03562634065747261,0.03562634065747261,0.03562634065747261,0.03562634065747261,0.03770755976438522,0.03562634065747261,0.03562634065747261,0.03562634065747261,0.03959641605615616,0.03562634065747261,0.03562634065747261,0.03562634065747261,0.04342726618051529,0.0411795973777771,0.038575053215026855,0.03562634065747261,0.037792742252349854,0.042583685368299484,0.03562634065747261,0.03718334808945656
2018-04-26,0.036195870488882065,0.03897741809487343,0.03852609917521477,0.036195870488882065,0.04065524786710739,0.036195870488882065,0.03620867803692818,0.036195870488882065,0.036195870488882065,0.036195870488882065,0.036195870488882065,0.03701384365558624,0.036195870488882065,0.036195870488882065,0.036195870488882065,0.04167788103222847,0.036195870488882065,0.036195870488882065,0.036195870488882065,0.03687041625380516,0.03808734193444252,0.036195870488882065,0.036195870488882065,0.03752414137125015,0.03912921994924545,0.036195870488882065,0.036195870488882065
2018-04-27,0.03588084876537323,0.039964694529771805,0.03588084876537323,0.03588084876537323,0.03588084876537323,0.0363360159099102,0.03731027990579605,0.03588084876537323,0.03588084876537323,0.03588084876537323,0.03588084876537323,0.0366184301674366,0.03588084876537323,0.03588084876537323,0.03588084876537323,0.04186681658029556,0.03588084876537323,0.03588084876537323,0.03588084876537323,0.0414559431374073,0.042205289006233215,0.0372900553047657,0.03588084876537323,0.03638456389307976,0.040593430399894714,0.03588084876537323,0.03588084876537323
2018-04-30,0.03571143373847008,0.0403437614440918,0.03571143373847008,0.03571143373847008,0.03571143373847008,0.03571143373847008,0.03571143373847008,0.03571143373847008,0.03571143373847008,0.03571143373847008,0.036268044263124466,0.03571143373847008,0.03571143373847008,0.03571143373847008,0.03571143373847008,0.04239213094115257,0.03571143373847008,0.03571143373847008,0.03571143373847008,0.04336388781666756,0.04164125397801399,0.03571143373847008,0.03571143373847008,0.03571143373847008,0.04479658603668213,0.03571143373847008,0.036965660750865936
2018-05-01,0.036102406680583954,0.036102406680583954,0.036102406680583954,0.036102406680583954,0.03921962529420853,0.036102406680583954,0.037492308765649796,0.036102406680583954,0.036102406680583954,0.036102406680583954,0.036102406680583954,0.036102406680583954,0.037192922085523605,0.036102406680583954,0.036102406680583954,0.039209749549627304,0.036102406680583954,0.036102406680583954,0.036102406680583954,0.03733132407069206,0.036102406680583954,0.036102406680583954,0.036102406680583954,0.036102406680583954,0.047999124974012375,0.03950687125325203,0.036102406680583954
2018-05-02,0.035550665110349655,0.040244121104478836,0.035550665110349655,0.035550665110349655,0.035550665110349655,0.035550665110349655,0.035550665110349655,0.035550665110349655,0.035550665110349655,0.035550665110349655,0.035550665110349655,0.035550665110349655,0.03589635342359543,0.035550665110349655,0.035550665110349655,0.041878800839185715,0.035550665110349655,0.035550665110349655,0.035550665110349655,0.04251136630773544,0.03941674157977104,0.03956698998808861,0.035550665110349655,0.035550665110349655,0.046408746391534805,0.035550665110349655,0.038614191114902496
2018-05-03,0.03562210872769356,0.04225725680589676,0.03562210872769356,0.03562210872769356,0.03562210872769356,0.03562210872769356,0.03562210872769356,0.03562210872769356,0.03562210872769356,0.03562210872769356,0.03562210872769356,0.03595941513776779,0.039525214582681656,0.03562210872769356,0.03562210872769356,0.039020247757434845,0.03562210872769356,0.03562210872769356,0.03562210872769356,0.03699375316500664,0.03721920773386955,0.03562210872769356,0.03562210872769356,0.03562210872769356,0.054435838013887405,0.03562210872769356,0.03776907920837402
2018-05-04,0.034859199076890945,0.048380106687545776,0.034859199076890945,0.034859199076890945,0.034859199076890945,0.034859199076890945,0.034859199076890945,0.034859199076890945,0.034859199076890945,0.034859199076890945,0.034859199076890945,0.034859199076890945,0.03693597763776779,0.03500642627477646,0.034859199076890945,0.03994186967611313,0.034859199076890945,0.034859199076890945,0.034859199076890945,0.04253757372498512,0.04166276752948761,0.037637919187545776,0.034859199076890945,0.034859199076890945,0.05145736038684845,0.034859199076890945,0.038974352180957794
2018-05-07,0.035581327974796295,0.038894470781087875,0.035581327974796295,0.035581327974796295,0.035581327974796295,0.035581327974796295,0.035581327974796295,0.035581327974796295,0.035581327974796295,0.0356803722679615,0.035581327974796295,0.035581327974796295,0.03693965822458267,0.035581327974796295,0.035581327974796295,0.03885937109589577,0.035581327974796295,0.035581327974796295,0.035581327974796295,0.04375095292925835,0.03742780536413193,0.03635743260383606,0.035581327974796295,0.035581327974796295,0.05314952880144119,0.035581327974796295,0.038476478308439255
2018-05-08,0.03586133196949959,0.03790731355547905,0.03586133196949959,0.03586133196949959,0.03586133196949959,0.03586133196949959,0.03586133196949959,0.03586133196949959,0.03586133196949959,0.03586133196949959,0.03586133196949959,0.03586133196949959,0.03767221048474312,0.03586133196949959,0.03586133196949959,0.0390121154487133,0.03586133196949959,0.03586133196949959,0.03586133196949959,0.04063558205962181,0.03586133196949959,0.03586133196949959,0.03586133196949959,0.03586133196949959,0.05354127660393715,0.03586133196949959,0.03814353793859482
2018-05-09,0.035974349826574326,0.040028300136327744,0.036727096885442734,0.035974349826574326,0.035974349826574326,0.035974349826574326,0.035974349826574326,0.035974349826574326,0.035974349826574326,0.03598334267735481,0.03698546066880226,0.03706089034676552,0.03873016685247421,0.03619043529033661,0.035974349826574326,0.03834190219640732,0.035974349826574326,0.035974349826574326,0.035974349826574326,0.03649437800049782,0.03848857805132866,0.035974349826574326,0.035974349826574326,0.035974349826574326,0.048039939254522324,0.03731434419751167,0.035974349826574326
2018-05-10,0.03577631339430809,0.04007374122738838,0.03577631339430809,0.03577631339430809,0.03577631339430809,0.03577631339430809,0.03732092306017876,0.03577631339430809,0.03577631339430809,0.03577631339430809,0.03577631339430809,0.036567725241184235,0.03788404539227486,0.03577631339430809,0.03577631339430809,0.037759311497211456,0.03577631339430809,0.03577631339430809,0.03577631339430809,0.039917536079883575,0.04294854402542114,0.03577631339430809,0.03577631339430809,0.03577631339430809,0.04777820035815239,0.03577631339430809,0.03577631339430809
2018-05-11,0.03581191226840019,0.03998200595378876,0.03581191226840019,0.03581191226840019,0.03581191226840019,0.03581191226840019,0.0372910238802433,0.03581191226840019,0.03581191226840019,0.03590058162808418,0.03581191226840019,0.03662189841270447,0.037219200283288956,0.03581191226840019,0.03581191226840019,0.038068559020757675,0.03581191226840019,0.03581191226840019,0.03581191226840019,0.039851389825344086,0.043377045542001724,0.03581191226840019,0.03581191226840019,0.03581191226840019,0.04707390442490578,0.03581191226840019,0.03581191226840019
2018-05-14,0.03542162850499153,0.03876124694943428,0.03542162850499153,0.03542162850499153,0.03542162850499153,0.03656398132443428,0.037948884069919586,0.03542162850499153,0.03542162850499153,0.03842758759856224,0.03730515018105507,0.03542162850499153,0.03542162850499153,0.03542162850499153,0.03542162850499153,0.041895102709531784,0.03542162850499153,0.03542162850499153,0.03542162850499153,0.04197022318840027,0.043036896735429764,0.03629215434193611,0.03542162850499153,0.03542162850499153,0.04031132906675339,0.04074148088693619,0.03542162850499153
2018-05-15,0.0355876162648201,0.037478700280189514,0.0355876162648201,0.0355876162648201,0.0355876162648201,0.036421459168195724,0.03685719147324562,0.0355876162648201,0.0355876162648201,0.03804481774568558,0.03833875060081482,0.0355876162648201,0.0355876162648201,0.0355876162648201,0.0355876162648201,0.040155358612537384,0.0355876162648201,0.0355876162648201,0.0355876162648201,0.04140641540288925,0.042125403881073,0.0355876162648201,0.0355876162648201,0.0355876162648201,0.04197777435183525,0.04109848290681839,0.03669372946023941
2018-05-16,0.03569869324564934,0.03594344109296799,0.038099419325590134,0.03569869324564934,0.03569869324564934,0.036732472479343414,0.03973255679011345,0.03569869324564934,0.03569869324564934,0.03570891544222832,0.03829460218548775,0.03569869324564934,0.03569869324564934,0.03569869324564934,0.03569869324564934,0.04544311389327049,0.03569869324564934,0.03569869324564934,0.03569869324564934,0.03792941942811012,0.04167235270142555,0.03569869324564934,0.03569869324564934,0.03569869324564934,0.036427706480026245,0.04256743937730789,0.03596813231706619
2018-05-17,0.03592589870095253,0.03677472099661827,0.03661172091960907,0.03592589870095253,0.03592589870095253,0.03592589870095253,0.03932706266641617,0.03592589870095253,0.03592589870095253,0.03592589870095253,0.03842802345752716,0.03592589870095253,0.03592589870095253,0.03592589870095253,0.03592589870095253,0.03995206952095032,0.03592589870095253,0.03592589870095253,0.03592589870095253,0.0361490361392498,0.04332233965396881,0.03592589870095253,0.03592589870095253,0.03592589870095253,0.038301289081573486,0.04268379136919975,0.03770962357521057
2018-05-18,0.03587784618139267,0.03587784618139267,0.03587784618139267,0.03587784618139267,0.03587784618139267,0.03735931217670441,0.04219731315970421,0.03587784618139267,0.03587784618139267,0.03649850934743881,0.037491802126169205,0.03587784618139267,0.03587784618139267,0.03587784618139267,0.03587784618139267,0.04126933217048645,0.03587784618139267,0.03587784618139267,0.03587784618139267,0.037199459969997406,0.0447743721306324,0.03587784618139267,0.03587784618139267,0.03587784618139267,0.03595666214823723,0.04145199805498123,0.03587784618139267
2018-05-21,0.03569740429520607,0.03868364542722702,0.03569740429520607,0.03569740429520607,0.03569740429520607,0.037166181951761246,0.043138809502124786,0.03569740429520607,0.03569740429520607,0.03569740429520607,0.03732934221625328,0.03569740429520607,0.03569740429520607,0.03569740429520607,0.03569740429520607,0.03992810472846031,0.03569740429520607,0.03569740429520607,0.03569740429520607,0.03569740429520607,0.047575291246175766,0.03569740429520607,0.03569740429520607,0.03569740429520607,0.03569740429520607,0.042230527848005295,0.03569740429520607
2018-05-22,0.03584785386919975,0.03584785386919975,0.03584785386919975,0.03584785386919975,0.03584785386919975,0.03941747173666954,0.042427875101566315,0.03584785386919975,0.03584785386919975,0.03584785386919975,0.0397179052233696,0.03584785386919975,0.03584785386919975,0.03584785386919975,0.03584785386919975,0.038417816162109375,0.03584785386919975,0.03584785386919975,0.03584785386919975,0.03584785386919975,0.04129539802670479,0.03584785386919975,0.03584785386919975,0.03584785386919975,0.03791281208395958,0.04385368153452873,0.03584785386919975
2018-05-23,0.03554602339863777,0.03554602339863777,0.03554602339863777,0.03554602339863777,0.03554602339863777,0.040658190846443176,0.044699057936668396,0.03554602339863777,0.03554602339863777,0.03695673495531082,0.039644159376621246,0.03554602339863777,0.03554602339863777,0.03554602339863777,0.03554602339863777,0.0399070642888546,0.03554602339863777,0.03554602339863777,0.03554602339863777,0.03554602339863777,0.04386645928025246,0.03554602339863777,0.03554602339863777,0.03554602339863777,0.03554602339863777,0.04334787279367447,0.03554602339863777
2018-05-24,0.035523708909749985,0.03732231631875038,0.035523708909749985,0.035523708909749985,0.035523708909749985,0.04054482653737068,0.04361208155751228,0.035523708909749985,0.035523708909749985,0.03750890493392944,0.0398421585559845,0.035523708909749985,0.035523708909749985,0.035523708909749985,0.035523708909749985,0.040335237979888916,0.035523708909749985,0.035523708909749985,0.035523708909749985,0.035523708909749985,0.0433674231171608,0.035523708909749985,0.035523708909749985,0.035523708909749985,0.035523708909749985,0.042516592890024185,0.035523708909749985
2018-05-25,0.035852111876010895,0.03900677338242531,0.035852111876010895,0.035852111876010895,0.035852111876010895,0.039023496210575104,0.041150204837322235,0.035852111876010895,0.035852111876010895,0.035852111876010895,0.03847615048289299,0.03649298474192619,0.035852111876010895,0.035852111876010895,0.035852111876010895,0.04124339669942856,0.035852111876010895,0.035852111876010895,0.035852111876010895,0.035852111876010895,0.04435313493013382,0.035852111876010895,0.035852111876010895,0.035852111876010895,0.035852111876010895,0.0390637144446373,0.035852111876010895
2018-05-29,0.03614522144198418,0.03614522144198418,0.03614522144198418,0.03614522144198418,0.04163524881005287,0.04039456322789192,0.043728310614824295,0.03614522144198418,0.03614522144198418,0.03614522144198418,0.03614522144198418,0.03666849434375763,0.03614522144198418,0.03614522144198418,0.03614522144198418,0.03878745436668396,0.03614522144198418,0.03614522144198418,0.036995500326156616,0.03614522144198418,0.038375064730644226,0.03614522144198418,0.03614522144198418,0.03614522144198418,0.03614522144198418,0.03665617108345032,0.03614522144198418
2018-05-30,0.03642717003822327,0.037244826555252075,0.03820484131574631,0.03642717003822327,0.03805875778198242,0.03642717003822327,0.041699133813381195,0.03642717003822327,0.03642717003822327,0.03642717003822327,0.03642717003822327,0.03723124414682388,0.03642717003822327,0.03712639585137367,0.03642717003822327,0.04140789806842804,0.03642717003822327,0.03642717003822327,0.03642717003822327,0.03642717003822327,0.036910682916641235,0.03642717003822327,0.03642717003822327,0.03642717003822327,0.03642717003822327,0.03642717003822327,0.03642717003822327
2018-05-31,0.03598065301775932,0.03598065301775932,0.03598065301775932,0.03598065301775932,0.042921487241983414,0.03730965033173561,0.04257470741868019,0.03598065301775932,0.03598065301775932,0.03598065301775932,0.03598065301775932,0.03598065301775932,0.03598065301775932,0.03771963343024254,0.03598065301775932,0.03598065301775932,0.03852938860654831,0.03598065301775932,0.04005241021513939,0.03598065301775932,0.03598065301775932,0.03598065301775932,0.03598065301775932,0.0362243577837944,0.0410359688103199,0.03598065301775932,0.03598065301775932
2018-06-01,0.03635093569755554,0.036760952323675156,0.03691620007157326,0.03635093569755554,0.04113512113690376,0.03635093569755554,0.04106023162603378,0.03635093569755554,0.03635093569755554,0.03635093569755554,0.03635093569755554,0.03701099753379822,0.03635093569755554,0.038147613406181335,0.03635093569755554,0.03857750818133354,0.03635093569755554,0.03635093569755554,0.03678404539823532,0.03635093569755554,0.03635093569755554,0.03635093569755554,0.03635093569755554,0.03635093569755554,0.03929048404097557,0.03635093569755554,0.03635093569755554
2018-06-04,0.03643234819173813,0.03643234819173813,0.03643234819173813,0.03643234819173813,0.036600545048713684,0.039182279258966446,0.04035719484090805,0.03643234819173813,0.03643234819173813,0.03643234819173813,0.03643234819173813,0.03688285872340202,0.03643234819173813,0.03643234819173813,0.03643234819173813,0.03643234819173813,0.03884454816579819,0.03643234819173813,0.03739742189645767,0.03643234819173813,0.03835826367139816,0.03643234819173813,0.03643234819173813,0.03643234819173813,0.040162283927202225,0.03643234819173813,0.03643234819173813
2018-06-05,0.035876497626304626,0.035876497626304626,0.035876497626304626,0.035876497626304626,0.0363585464656353,0.04508853703737259,0.043160129338502884,0.035876497626304626,0.035876497626304626,0.03815348818898201,0.035876497626304626,0.04074146971106529,0.035876497626304626,0.035876497626304626,0.035876497626304626,0.035876497626304626,0.038346923887729645,0.037249114364385605,0.036383531987667084,0.035876497626304626,0.03729179874062538,0.035876497626304626,0.035876497626304626,0.035876497626304626,0.03687064349651337,0.036331817507743835,0.035876497626304626
2018-06-06,0.03602568432688713,0.03602568432688713,0.03861832246184349,0.03602568432688713,0.03730157017707825,0.04157241806387901,0.042471833527088165,0.03602568432688713,0.03602568432688713,0.03602568432688713,0.03602568432688713,0.040480419993400574,0.03602568432688713,0.03634673357009888,0.03602568432688713,0.03822769224643707,0.036627013236284256,0.03602568432688713,0.03602568432688713,0.03602568432688713,0.03922213241457939,0.03602568432688713,0.03602568432688713,0.03602568432688713,0.03602568432688713,0.0366952084004879,0.03602568432688713
2018-06-07,0.03603844717144966,0.03603844717144966,0.037971869111061096,0.03603844717144966,0.03603844717144966,0.04024143144488335,0.043463774025440216,0.03603844717144966,0.03603844717144966,0.03603844717144966,0.03603844717144966,0.03858838975429535,0.03603844717144966,0.036469653248786926,0.03603844717144966,0.036430373787879944,0.036962054669857025,0.03603844717144966,0.038288723677396774,0.03603844717144966,0.039539627730846405,0.03603844717144966,0.03603844717144966,0.03603844717144966,0.03603844717144966,0.03939053788781166,0.03603844717144966
2018-06-08,0.03574598953127861,0.03574598953127861,0.03574598953127861,0.03574598953127861,0.036219045519828796,0.04093433916568756,0.04043852910399437,0.0387035608291626,0.03574598953127861,0.036439187824726105,0.03574598953127861,0.03574598953127861,0.03574598953127861,0.03574598953127861,0.03574598953127861,0.04032143950462341,0.03574598953127861,0.03574598953127861,0.03574598953127861,0.03574598953127861,0.03681168332695961,0.03574598953127861,0.03574598953127861,0.03574598953127861,0.03933439403772354,0.04737004265189171,0.03574598953127861
2018-06-11,0.03606173023581505,0.03606173023581505,0.03606173023581505,0.03606173023581505,0.038731664419174194,0.04345807060599327,0.04282216727733612,0.03606173023581505,0.03606173023581505,0.03606173023581505,0.03606173023581505,0.03606173023581505,0.03606173023581505,0.03606173023581505,0.03606173023581505,0.03606173023581505,0.03710779547691345,0.03606173023581505,0.037298284471035004,0.03606173023581505,0.03606173023581505,0.03606173023581505,0.03606173023581505,0.03606173023581505,0.03717036172747612,0.04217705875635147,0.03606173023581505
2018-06-12,0.035891901701688766,0.035891901701688766,0.03604532778263092,0.035891901701688766,0.03679897263646126,0.044301826506853104,0.04438060149550438,0.035891901701688766,0.035891901701688766,0.035891901701688766,0.035891901701688766,0.03717830032110214,0.035891901701688766,0.035891901701688766,0.035891901701688766,0.037447139620780945,0.035891901701688766,0.035891901701688766,0.035891901701688766,0.035891901701688766,0.03868520259857178,0.035891901701688766,0.035891901701688766,0.035891901701688766,0.035891901701688766,0.0432165190577507,0.035891901701688766
2018-06-13,0.03580397740006447,0.03580397740006447,0.03580397740006447,0.03580397740006447,0.03580397740006447,0.04065403342247009,0.041383709758520126,0.03848665952682495,0.03580397740006447,0.03580397740006447,0.03580397740006447,0.03580397740006447,0.03580397740006447,0.03580397740006447,0.03580397740006447,0.04077792540192604,0.03580397740006447,0.03580397740006447,0.03580397740006447,0.03580397740006447,0.042734820395708084,0.03580397740006447,0.03580397740006447,0.03580397740006447,0.03580397740006447,0.04407939314842224,0.03580397740006447
2018-06-14,0.035923730581998825,0.035923730581998825,0.035923730581998825,0.035923730581998825,0.035923730581998825,0.04135069251060486,0.041175827383995056,0.03798285871744156,0.035923730581998825,0.035923730581998825,0.035923730581998825,0.035923730581998825,0.035923730581998825,0.035923730581998825,0.035923730581998825,0.039055705070495605,0.035923730581998825,0.035923730581998825,0.035923730581998825,0.035923730581998825,0.04059823229908943,0.035923730581998825,0.035923730581998825,0.035923730581998825,0.03695373982191086,0.0444084070622921,0.035923730581998825
2018-06-15,0.036290496587753296,0.036290496587753296,0.036290496587753296,0.036290496587753296,0.03841595724225044,0.03682982176542282,0.040281713008880615,0.036290496587753296,0.036290496587753296,0.036290496587753296,0.036290496587753296,0.036290496587753296,0.036290496587753296,0.036290496587753296,0.036290496587753296,0.036290496587753296,0.036290496587753296,0.036290496587753296,0.036290496587753296,0.036290496587753296,0.038154732435941696,0.036290496587753296,0.036290496587753296,0.036636512726545334,0.043749336153268814,0.04012202098965645,0.036290496587753296
2018-06-18,0.035909075289964676,0.035909075289964676,0.038863811641931534,0.035909075289964676,0.044056955724954605,0.035909075289964676,0.0399867482483387,0.035909075289964676,0.035909075289964676,0.035909075289964676,0.035909075289964676,0.035909075289964676,0.035909075289964676,0.035909075289964676,0.035909075289964676,0.042222943156957626,0.035909075289964676,0.035909075289964676,0.035909075289964676,0.03671993687748909,0.035909075289964676,0.035909075289964676,0.035909075289964676,0.035909075289964676,0.04352247342467308,0.03644564747810364,0.035909075289964676
2018-06-19,0.035512011498212814,0.03807765990495682,0.03710435703396797,0.035512011498212814,0.040806692093610764,0.035512011498212814,0.035512011498212814,0.03583086282014847,0.035512011498212814,0.035512011498212814,0.035512011498212814,0.035512011498212814,0.035512011498212814,0.035512011498212814,0.035512011498212814,0.043436795473098755,0.035512011498212814,0.035512011498212814,0.035512011498212814,0.035512011498212814,0.035512011498212814,0.035512011498212814,0.035512011498212814,0.03792960196733475,0.04956144466996193,0.04054439067840576,0.03749202936887741
2018-06-20,0.03552524745464325,0.03552524745464325,0.039789922535419464,0.038362156599760056,0.045568060129880905,0.03552524745464325,0.0382966548204422,0.03552524745464325,0.03552524745464325,0.03552524745464325,0.03552524745464325,0.03694063797593117,0.03552524745464325,0.03552524745464325,0.03552524745464325,0.04470782354474068,0.03552524745464325,0.03552524745464325,0.03552524745464325,0.04196930676698685,0.03552524745464325,0.03552524745464325,0.03552524745464325,0.03552524745464325,0.03938576206564903,0.03552524745464325,0.03552524745464325
2018-06-21,0.035665255039930344,0.035665255039930344,0.03906920552253723,0.036533936858177185,0.047831472009420395,0.035665255039930344,0.03620074316859245,0.035665255039930344,0.035665255039930344,0.035665255039930344,0.035665255039930344,0.035665255039930344,0.035665255039930344,0.035665255039930344,0.035665255039930344,0.046814367175102234,0.035665255039930344,0.035665255039930344,0.035665255039930344,0.0385705828666687,0.035665255039930344,0.03605632483959198,0.035665255039930344,0.035665255039930344,0.0412834994494915,0.035665255039930344,0.035665255039930344
2018-06-22,0.035586971789598465,0.035586971789598465,0.04037998616695404,0.035586971789598465,0.0460306778550148,0.035586971789598465,0.035586971789598465,0.035586971789598465,0.035586971789598465,0.035586971789598465,0.035586971789598465,0.035586971789598465,0.035586971789598465,0.035586971789598465,0.035586971789598465,0.045654214918613434,0.035586971789598465,0.035586971789598465,0.035586971789598465,0.040281835943460464,0.035586971789598465,0.038182079792022705,0.035586971789598465,0.035586971789598465,0.042144786566495895,0.035586971789598465,0.035586971789598465
2018-06-25,0.035609204322099686,0.035609204322099686,0.037448182702064514,0.0366467610001564,0.04793843999505043,0.035609204322099686,0.03769273683428764,0.035609204322099686,0.035609204322099686,0.035609204322099686,0.035609204322099686,0.035609204322099686,0.035609204322099686,0.035609204322099686,0.035609204322099686,0.04593405872583389,0.035609204322099686,0.035609204322099686,0.035609204322099686,0.040293481200933456,0.035609204322099686,0.036344561725854874,0.035609204322099686,0.035609204322099686,0.04112688824534416,0.035609204322099686,0.035609204322099686
2018-06-26,0.03529609739780426,0.03529609739780426,0.040165841579437256,0.037818748503923416,0.046763576567173004,0.03529609739780426,0.0378861203789711,0.03689964860677719,0.03529609739780426,0.03529609739780426,0.03529609739780426,0.03689490258693695,0.03529609739780426,0.03529609739780426,0.03529609739780426,0.04752679541707039,0.03529609739780426,0.03529609739780426,0.03529609739780426,0.03961322829127312,0.03529609739780426,0.037926822900772095,0.03529609739780426,0.03529609739780426,0.038470640778541565,0.03529609739780426,0.03529609739780426
2018-06-27,0.03525618836283684,0.03525618836283684,0.03898162394762039,0.03754894807934761,0.047595858573913574,0.03525618836283684,0.03806222602725029,0.03953994810581207,0.03525618836283684,0.03525618836283684,0.03525618836283684,0.03754579648375511,0.03525618836283684,0.03525618836283684,0.03525618836283684,0.04614122211933136,0.03525618836283684,0.03525618836283684,0.03525618836283684,0.039120666682720184,0.03570917248725891,0.03781920671463013,0.03525618836283684,0.03671637177467346,0.036376167088747025,0.03525618836283684,0.03525618836283684
2018-06-28,0.03541601449251175,0.03541601449251175,0.03824866563081741,0.0385107658803463,0.04866984114050865,0.03541601449251175,0.0377364307641983,0.0418161042034626,0.03541601449251175,0.03541601449251175,0.03541601449251175,0.03683074563741684,0.03541601449251175,0.03541601449251175,0.03541601449251175,0.04333529621362686,0.03541601449251175,0.03541601449251175,0.03541601449251175,0.03780248761177063,0.03541601449251175,0.03769015893340111,0.03541601449251175,0.0363592728972435,0.03634396940469742,0.03541601449251175,0.03541601449251175
2018-06-29,0.0354120209813118,0.0354120209813118,0.04148605465888977,0.03808099403977394,0.051093149930238724,0.036437422037124634,0.036865998059511185,0.03551025688648224,0.0354120209813118,0.0354120209813118,0.0354120209813118,0.038353804498910904,0.0354120209813118,0.0354120209813118,0.0354120209813118,0.044346120208501816,0.0354120209813118,0.0354120209813118,0.0354120209813118,0.03588838502764702,0.0354120209813118,0.036380838602781296,0.0354120209813118,0.03695305809378624,0.03742355480790138,0.0354120209813118,0.0354120209813118
2018-07-02,0.03555984050035477,0.03555984050035477,0.03963002562522888,0.03809991478919983,0.0489872582256794,0.03768713399767876,0.03628428280353546,0.03948485478758812,0.03555984050035477,0.03555984050035477,0.037159454077482224,0.03555984050035477,0.03555984050035477,0.03555984050035477,0.03555984050035477,0.04499499872326851,0.03648392856121063,0.03555984050035477,0.03555984050035477,0.03555984050035477,0.03555984050035477,0.03555984050035477,0.03555984050035477,0.03642282634973526,0.03555984050035477,0.03555984050035477,0.035807885229587555
2018-07-03,0.035772036761045456,0.035772036761045456,0.039362285286188126,0.035772036761045456,0.04662497714161873,0.0378110408782959,0.041493307799100876,0.035772036761045456,0.035772036761045456,0.035772036761045456,0.035772036761045456,0.04059271886944771,0.035772036761045456,0.035772036761045456,0.035772036761045456,0.04208741337060928,0.035772036761045456,0.035772036761045456,0.035772036761045456,0.03617598116397858,0.035772036761045456,0.035772036761045456,0.035772036761045456,0.035772036761045456,0.03618360310792923,0.035772036761045456,0.035772036761045456
2018-07-05,0.03577539697289467,0.03577539697289467,0.03891189768910408,0.037679821252822876,0.04889124631881714,0.03701242431998253,0.039168670773506165,0.036657094955444336,0.03577539697289467,0.03577539697289467,0.03577539697289467,0.03815570846199989,0.03577539697289467,0.03583640605211258,0.03577539697289467,0.04194718971848488,0.03577539697289467,0.03577539697289467,0.036858584731817245,0.03647462651133537,0.03577539697289467,0.03577539697289467,0.03577539697289467,0.03577539697289467,0.03577539697289467,0.03577539697289467,0.03577539697289467
2018-07-06,0.03535785526037216,0.03535785526037216,0.04138502478599548,0.037701159715652466,0.05166928097605705,0.039059560745954514,0.040366675704717636,0.03710220381617546,0.03535785526037216,0.03535785526037216,0.03535785526037216,0.03863584250211716,0.03535785526037216,0.03652700409293175,0.03535785526037216,0.04000008851289749,0.03535785526037216,0.03535785526037216,0.03581223636865616,0.03535785526037216,0.03535785526037216,0.03535785526037216,0.03535785526037216,0.03601517155766487,0.03535785526037216,0.03535785526037216,0.03535785526037216
2018-07-09,0.035208262503147125,0.035208262503147125,0.04252441227436066,0.038921505212783813,0.049903545528650284,0.040479060262441635,0.040880363434553146,0.035208262503147125,0.035208262503147125,0.035208262503147125,0.03758836165070534,0.03713583946228027,0.035208262503147125,0.035208262503147125,0.035208262503147125,0.04107196629047394,0.035436537116765976,0.035208262503147125,0.035208262503147125,0.035208262503147125,0.035208262503147125,0.035208262503147125,0.035208262503147125,0.035208262503147125,0.035208262503147125,0.03751794621348381,0.035208262503147125
2018-07-10,0.03538932651281357,0.03538932651281357,0.0395093634724617,0.03756842017173767,0.04347221180796623,0.04218120500445366,0.04441343620419502,0.03600887209177017,0.03538932651281357,0.03538932651281357,0.03538932651281357,0.03538932651281357,0.03538932651281357,0.03538932651281357,0.03538932651281357,0.03572044149041176,0.0370720699429512,0.03538932651281357,0.03538932651281357,0.03538932651281357,0.03538932651281357,0.03628163784742355,0.03538932651281357,0.03538932651281357,0.03538932651281357,0.04615382105112076,0.03538932651281357
2018-07-11,0.035316936671733856,0.035316936671733856,0.03896676003932953,0.037565577775239944,0.04345119372010231,0.041974183171987534,0.04389062896370888,0.037705957889556885,0.035316936671733856,0.035316936671733856,0.035316936671733856,0.035316936671733856,0.035316936671733856,0.035316936671733856,0.035316936671733856,0.03630079701542854,0.03667941689491272,0.035316936671733856,0.035316936671733856,0.035316936671733856,0.035316936671733856,0.036084797233343124,0.035316936671733856,0.035316936671733856,0.035316936671733856,0.046992748975753784,0.035316936671733856
2018-07-12,0.03564806282520294,0.03564806282520294,0.0391995944082737,0.03564806282520294,0.04610837996006012,0.040832385420799255,0.043918780982494354,0.03649456799030304,0.03564806282520294,0.03564806282520294,0.03564806282520294,0.03564806282520294,0.03564806282520294,0.03564806282520294,0.03564806282520294,0.03852138668298721,0.037957530468702316,0.03564806282520294,0.03564806282520294,0.03564806282520294,0.03564806282520294,0.03564806282520294,0.03564806282520294,0.03564806282520294,0.03564806282520294,0.03965415805578232,0.03564806282520294
2018-07-13,0.03502427786588669,0.03502427786588669,0.044203877449035645,0.03909875825047493,0.04449230432510376,0.03878503292798996,0.04169812798500061,0.03502427786588669,0.03502427786588669,0.03502427786588669,0.0379604697227478,0.03754653409123421,0.03502427786588669,0.03502427786588669,0.03502427786588669,0.03962751105427742,0.03502427786588669,0.03502427786588669,0.03502427786588669,0.03502427786588669,0.03502427786588669,0.03560987487435341,0.03502427786588669,0.03502427786588669,0.03502427786588669,0.045564766973257065,0.03502427786588669
2018-07-16,0.035489391535520554,0.035489391535520554,0.041948240250349045,0.035489391535520554,0.04456353560090065,0.04079200327396393,0.041897282004356384,0.035489391535520554,0.035489391535520554,0.035489391535520554,0.03831862285733223,0.03715771064162254,0.035489391535520554,0.035489391535520554,0.035489391535520554,0.038555484265089035,0.035489391535520554,0.035489391535520554,0.035489391535520554,0.035489391535520554,0.03587521240115166,0.035489391535520554,0.035489391535520554,0.035489391535520554,0.035489391535520554,0.042082834988832474,0.035489391535520554
2018-07-17,0.03522849828004837,0.03522849828004837,0.04248303547501564,0.03522849828004837,0.04064248502254486,0.044077351689338684,0.041000690311193466,0.03522849828004837,0.03522849828004837,0.03522849828004837,0.037208203226327896,0.03711964935064316,0.03522849828004837,0.03522849828004837,0.03522849828004837,0.04439735785126686,0.03522849828004837,0.03522849828004837,0.03522849828004837,0.03522849828004837,0.037695806473493576,0.03522849828004837,0.03522849828004837,0.03522849828004837,0.03522849828004837,0.041262514889240265,0.03522849828004837
2018-07-18,0.03519757091999054,0.03519757091999054,0.03976310417056084,0.03619540482759476,0.04538070783019066,0.04456353187561035,0.044984448701143265,0.03519757091999054,0.03519757091999054,0.03519757091999054,0.03519757091999054,0.036482587456703186,0.03519757091999054,0.03519757091999054,0.03519757091999054,0.043703824281692505,0.03519757091999054,0.03519757091999054,0.03519757091999054,0.03519757091999054,0.03519757091999054,0.03519757091999054,0.03519757091999054,0.03519757091999054,0.03519757091999054,0.04017258435487747,0.03519757091999054
2018-07-19,0.03525996208190918,0.03525996208190918,0.0381319597363472,0.03525996208190918,0.042014461010694504,0.04471776634454727,0.045060690492391586,0.037458449602127075,0.03525996208190918,0.03525996208190918,0.03525996208190918,0.036594461649656296,0.03525996208190918,0.03525996208190918,0.03525996208190918,0.04508839175105095,0.03525996208190918,0.03525996208190918,0.035278692841529846,0.03525996208190918,0.037818487733602524,0.03525996208190918,0.03525996208190918,0.03525996208190918,0.03525996208190918,0.038417257368564606,0.03525996208190918
2018-07-20,0.03533009812235832,0.03533009812235832,0.03836548328399658,0.03533009812235832,0.03813844174146652,0.046129260212183,0.046627528965473175,0.03533009812235832,0.03533009812235832,0.03533009812235832,0.03533009812235832,0.038331806659698486,0.03533009812235832,0.03533009812235832,0.03533009812235832,0.04148261249065399,0.03533009812235832,0.03533009812235832,0.03908676281571388,0.03533009812235832,0.038194380700588226,0.03533009812235832,0.03533009812235832,0.03533009812235832,0.03533009812235832,0.03770197182893753,0.03533009812235832
2018-07-23,0.035413406789302826,0.035413406789302826,0.03689837455749512,0.035413406789302826,0.03901486471295357,0.04639383405447006,0.047050751745700836,0.035413406789302826,0.035413406789302826,0.035413406789302826,0.035413406789302826,0.03801805526018143,0.035413406789302826,0.035413406789302826,0.035413406789302826,0.0418306402862072,0.035413406789302826,0.035413406789302826,0.037422601133584976,0.035413406789302826,0.03928811848163605,0.035413406789302826,0.035413406789302826,0.035413406789302826,0.035413406789302826,0.03664145991206169,0.035413406789302826
2018-07-24,0.03542127460241318,0.03542127460241318,0.037161216139793396,0.03542127460241318,0.039996810257434845,0.045901231467723846,0.04768146947026253,0.03542127460241318,0.03542127460241318,0.03542127460241318,0.03542127460241318,0.03737489506602287,0.03542127460241318,0.03542127460241318,0.03542127460241318,0.042238909751176834,0.03542127460241318,0.03542127460241318,0.03740708529949188,0.03542127460241318,0.03874626010656357,0.03542127460241318,0.03542127460241318,0.03542127460241318,0.03542127460241318,0.03590920567512512,0.03542127460241318
2018-07-25,0.03525363281369209,0.03525363281369209,0.03731243312358856,0.03525363281369209,0.03635957092046738,0.046147942543029785,0.044840630143880844,0.03679252415895462,0.03525363281369209,0.03586367517709732,0.03530428931117058,0.036136988550424576,0.03525363281369209,0.03525363281369209,0.03525363281369209,0.04277034476399422,0.03525363281369209,0.03525363281369209,0.037995610386133194,0.03525363281369209,0.03525363281369209,0.03525363281369209,0.03525363281369209,0.03525363281369209,0.03525363281369209,0.046417880803346634,0.03525363281369209
2018-07-26,0.03526051715016365,0.03526051715016365,0.038640622049570084,0.037413641810417175,0.03526051715016365,0.04343761131167412,0.04180603101849556,0.03867679461836815,0.03526051715016365,0.035389624536037445,0.03526051715016365,0.03526051715016365,0.03526051715016365,0.03526051715016365,0.03526051715016365,0.044190414249897,0.03526051715016365,0.03526051715016365,0.03955478593707085,0.03526051715016365,0.03728264570236206,0.03526051715016365,0.03526051715016365,0.03526051715016365,0.03526051715016365,0.04417899250984192,0.03526051715016365
2018-07-27,0.03512230142951012,0.03512230142951012,0.04113195464015007,0.03728899732232094,0.03742450103163719,0.04239918664097786,0.03894001990556717,0.0404014065861702,0.03512230142951012,0.03512230142951012,0.03512230142951012,0.03515511378645897,0.03512230142951012,0.03512230142951012,0.03512230142951012,0.04514647275209427,0.03512230142951012,0.03512230142951012,0.0378304198384285,0.03512230142951012,0.0356236957013607,0.03512230142951012,0.03512230142951012,0.03512230142951012,0.03512230142951012,0.04670143499970436,0.03512230142951012
2018-07-30,0.03574017435312271,0.03574017435312271,0.039859067648649216,0.03574017435312271,0.036487892270088196,0.0434475839138031,0.043464720249176025,0.03574017435312271,0.03574017435312271,0.03574017435312271,0.03574017435312271,0.036962687969207764,0.03574017435312271,0.03574017435312271,0.03574017435312271,0.037796225398778915,0.03574017435312271,0.03574017435312271,0.03876027092337608,0.03574017435312271,0.03665851429104805,0.03574017435312271,0.03574017435312271,0.03574017435312271,0.03574017435312271,0.04323992878198624,0.03574017435312271
2018-07-31,0.035584188997745514,0.035584188997745514,0.03719019889831543,0.035584188997745514,0.042318809777498245,0.04586377367377281,0.0455603301525116,0.035584188997745514,0.035584188997745514,0.035584188997745514,0.03609128296375275,0.036871232092380524,0.035584188997745514,0.035584188997745514,0.035584188997745514,0.0370352640748024,0.035584188997745514,0.035584188997745514,0.03777598962187767,0.035584188997745514,0.035584188997745514,0.035584188997745514,0.035584188997745514,0.035584188997745514,0.035584188997745514,0.04077773541212082,0.035584188997745514
2018-08-01,0.03553268313407898,0.03553268313407898,0.03861724212765694,0.03553268313407898,0.03988563269376755,0.04326451197266579,0.04780163615942001,0.03553268313407898,0.03553268313407898,0.03553268313407898,0.035772524774074554,0.036381207406520844,0.03553268313407898,0.03553268313407898,0.03553268313407898,0.03884423151612282,0.03553268313407898,0.03553268313407898,0.037393562495708466,0.03553268313407898,0.03575621545314789,0.03553268313407898,0.03553268313407898,0.03553268313407898,0.03553268313407898,0.04222768545150757,0.03553268313407898
2018-08-02,0.0354846715927124,0.0354846715927124,0.03683674708008766,0.03638920187950134,0.04553871974349022,0.04386109486222267,0.044981181621551514,0.03716416284441948,0.0354846715927124,0.0354846715927124,0.035872869193553925,0.035939816385507584,0.0354846715927124,0.0354846715927124,0.0354846715927124,0.035645559430122375,0.03585726022720337,0.0354846715927124,0.0354846715927124,0.0354846715927124,0.0354846715927124,0.0354846715927124,0.0354846715927124,0.0354846715927124,0.0354846715927124,0.04415862262248993,0.0354846715927124
2018-08-03,0.03550899773836136,0.03550899773836136,0.03695555776357651,0.03589899092912674,0.047609638422727585,0.04292112961411476,0.04354903846979141,0.03676992282271385,0.03550899773836136,0.03550899773836136,0.03550899773836136,0.03550899773836136,0.03550899773836136,0.03550899773836136,0.03550899773836136,0.03550899773836136,0.03995973989367485,0.03550899773836136,0.03550899773836136,0.03550899773836136,0.03550899773836136,0.03550899773836136,0.03550899773836136,0.03550899773836136,0.03550899773836136,0.04166501387953758,0.03550899773836136
2018-08-06,0.035457782447338104,0.035457782447338104,0.03806402534246445,0.039372943341732025,0.04423903673887253,0.04206059128046036,0.043913956731557846,0.037488967180252075,0.035457782447338104,0.035457782447338104,0.035457782447338104,0.035457782447338104,0.035457782447338104,0.035457782447338104,0.035457782447338104,0.03802857920527458,0.035457782447338104,0.035457782447338104,0.035457782447338104,0.035457782447338104,0.035457782447338104,0.035457782447338104,0.035457782447338104,0.035457782447338104,0.035457782447338104,0.04313405230641365,0.035457782447338104
2018-08-07,0.03552655875682831,0.03552655875682831,0.03784681111574173,0.03617575764656067,0.044777583330869675,0.04096893593668938,0.04427173733711243,0.037783000618219376,0.03552655875682831,0.03552655875682831,0.036341965198516846,0.03574340417981148,0.03552655875682831,0.03552655875682831,0.03552655875682831,0.035684287548065186,0.037333108484745026,0.03552655875682831,0.03552655875682831,0.03552655875682831,0.03552655875682831,0.03552655875682831,0.03552655875682831,0.03552655875682831,0.03552655875682831,0.0446484349668026,0.03552655875682831
2018-08-08,0.035459693521261215,0.035459693521261215,0.03823493421077728,0.035544879734516144,0.04400179535150528,0.03913506865501404,0.04322388768196106,0.038167476654052734,0.035459693521261215,0.035459693521261215,0.03721373900771141,0.035459693521261215,0.035459693521261215,0.035459693521261215,0.035459693521261215,0.04088706523180008,0.0362713485956192,0.035459693521261215,0.035459693521261215,0.035459693521261215,0.035459693521261215,0.035459693521261215,0.035459693521261215,0.035459693521261215,0.035459693521261215,0.04450496658682823,0.035459693521261215
2018-08-09,0.035127975046634674,0.035127975046634674,0.041452351957559586,0.03814207389950752,0.0398084819316864,0.039698582142591476,0.03853677958250046,0.04064284637570381,0.035127975046634674,0.035127975046634674,0.03763871639966965,0.035127975046634674,0.035127975046634674,0.035127975046634674,0.035127975046634674,0.04404744505882263,0.035127975046634674,0.035127975046634674,0.0352565161883831,0.035127975046634674,0.035461049526929855,0.035127975046634674,0.035127975046634674,0.035127975046634674,0.035127975046634674,0.0472676157951355,0.035127975046634674
2018-08-10,0.03551515191793442,0.03551515191793442,0.04227186366915703,0.03643690049648285,0.04396897926926613,0.04125643149018288,0.041736677289009094,0.03551515191793442,0.03551515191793442,0.03551515191793442,0.03675202652812004,0.03830299898982048,0.03551515191793442,0.03551515191793442,0.03551515191793442,0.04029318690299988,0.03551515191793442,0.03551515191793442,0.03551515191793442,0.03551515191793442,0.03551515191793442,0.03551515191793442,0.03551515191793442,0.03551515191793442,0.03551515191793442,0.039708252996206284,0.03551515191793442
2018-08-13,0.03550487384200096,0.03550487384200096,0.04235803708434105,0.03660811111330986,0.044346269220113754,0.04114928096532822,0.041315991431474686,0.03550487384200096,0.03550487384200096,0.03550487384200096,0.0367429219186306,0.03844328597187996,0.03550487384200096,0.03550487384200096,0.03550487384200096,0.040098708122968674,0.03550487384200096,0.03550487384200096,0.03559591621160507,0.03550487384200096,0.03550487384200096,0.03550487384200096,0.03550487384200096,0.03550487384200096,0.03550487384200096,0.03975861892104149,0.03550487384200096
2018-08-14,0.03558908402919769,0.03558908402919769,0.04273296892642975,0.03601120039820671,0.04350941628217697,0.03873830661177635,0.039739303290843964,0.035718001425266266,0.03558908402919769,0.03558908402919769,0.036492954939603806,0.03799920156598091,0.03558908402919769,0.03558908402919769,0.03558908402919769,0.040010031312704086,0.03558908402919769,0.03558908402919769,0.03682541847229004,0.03558908402919769,0.03558908402919769,0.03558908402919769,0.03558908402919769,0.03558908402919769,0.03558908402919769,0.042797885835170746,0.03558908402919769
2018-08-15,0.035598065704107285,0.035598065704107285,0.041761744767427444,0.03794005513191223,0.04396790266036987,0.038420915603637695,0.03884275257587433,0.03847362846136093,0.035598065704107285,0.035598065704107285,0.035598065704107285,0.03655622527003288,0.035598065704107285,0.035598065704107285,0.035598065704107285,0.03821750730276108,0.035598065704107285,0.035598065704107285,0.036110639572143555,0.035598065704107285,0.035598065704107285,0.035598065704107285,0.035598065704107285,0.035598065704107285,0.035598065704107285,0.04454158991575241,0.035598065704107285
2018-08-16,0.03567337617278099,0.03567337617278099,0.04118600860238075,0.03756815195083618,0.04897627606987953,0.03983600065112114,0.036457233130931854,0.03567337617278099,0.03567337617278099,0.03567337617278099,0.03610149025917053,0.03987986221909523,0.03567337617278099,0.03567337617278099,0.03567337617278099,0.038801129907369614,0.036527637392282486,0.03567337617278099,0.03634358197450638,0.03567337617278099,0.03567337617278099,0.03583656623959541,0.03567337617278099,0.03567337617278099,0.036076344549655914,0.03628430515527725,0.03637158125638962
2018-08-17,0.03524577245116234,0.03524577245116234,0.040079910308122635,0.04054970294237137,0.04638705030083656,0.04239968582987785,0.039897575974464417,0.03873639553785324,0.03524577245116234,0.03524577245116234,0.03524577245116234,0.03572867438197136,0.03524577245116234,0.03524577245116234,0.03524577245116234,0.03916911408305168,0.03524577245116234,0.03524577245116234,0.035809051245450974,0.03524577245116234,0.03524577245116234,0.03524577245116234,0.03524577245116234,0.03524577245116234,0.03524577245116234,0.04206468537449837,0.03524577245116234
2018-08-20,0.035322871059179306,0.035322871059179306,0.04005129635334015,0.04169213026762009,0.041240133345127106,0.0425814613699913,0.03860248997807503,0.040542036294937134,0.035322871059179306,0.035322871059179306,0.035322871059179306,0.035322871059179306,0.035322871059179306,0.035322871059179306,0.035322871059179306,0.03966311365365982,0.035322871059179306,0.035322871059179306,0.03629707545042038,0.035322871059179306,0.035322871059179306,0.035322871059179306,0.035322871059179306,0.035322871059179306,0.035322871059179306,0.04351850226521492,0.035322871059179306
2018-08-21,0.03541186451911926,0.03541186451911926,0.03851234167814255,0.03797008469700813,0.039266668260097504,0.04654574766755104,0.04197978228330612,0.0376153439283371,0.03541186451911926,0.03541186451911926,0.03541186451911926,0.037688568234443665,0.03541186451911926,0.03541186451911926,0.03541186451911926,0.03610878437757492,0.03541186451911926,0.03541186451911926,0.03826300799846649,0.03541186451911926,0.03541186451911926,0.03541186451911926,0.03541186451911926,0.03541186451911926,0.03541186451911926,0.04404792934656143,0.03541186451911926
2018-08-22,0.03561345115303993,0.03561345115303993,0.03750051558017731,0.03561345115303993,0.0389205664396286,0.04647089168429375,0.044684529304504395,0.03689388930797577,0.03561345115303993,0.03561345115303993,0.03561345115303993,0.036791011691093445,0.03561345115303993,0.03561345115303993,0.03561345115303993,0.038520727306604385,0.03561345115303993,0.03561345115303993,0.03720688074827194,0.03561345115303993,0.03561345115303993,0.03561345115303993,0.03561345115303993,0.03561345115303993,0.03561345115303993,0.04196883365511894,0.03561345115303993
2018-08-23,0.03561195358633995,0.03561195358633995,0.0375150665640831,0.03561195358633995,0.038986969739198685,0.046450771391391754,0.044801946729421616,0.036798492074012756,0.03561195358633995,0.03561195358633995,0.03561195358633995,0.03678269311785698,0.03561195358633995,0.03561195358633995,0.03561195358633995,0.038598764687776566,0.03561195358633995,0.03561195358633995,0.037154532968997955,0.03561195358633995,0.03561195358633995,0.03561195358633995,0.03561195358633995,0.03561195358633995,0.03561195358633995,0.04189566895365715,0.03561195358633995
2018-08-24,0.03560423105955124,0.03560423105955124,0.040696147829294205,0.035996388643980026,0.03891877084970474,0.04300089552998543,0.04525972157716751,0.03560423105955124,0.03560423105955124,0.03560423105955124,0.03560423105955124,0.037099797278642654,0.03560423105955124,0.03560423105955124,0.03560423105955124,0.042245812714099884,0.03560423105955124,0.03560423105955124,0.03560423105955124,0.03560423105955124,0.03560423105955124,0.03560423105955124,0.03560423105955124,0.03560423105955124,0.03560423105955124,0.04030212387442589,0.03560423105955124
2018-08-27,0.0356367751955986,0.0356367751955986,0.0418744832277298,0.0356367751955986,0.03662228584289551,0.045641034841537476,0.042179692536592484,0.0356367751955986,0.0356367751955986,0.0356367751955986,0.0356367751955986,0.038665708154439926,0.0356367751955986,0.0356367751955986,0.0356367751955986,0.04011962190270424,0.0356367751955986,0.0356367751955986,0.0356367751955986,0.0356367751955986,0.0356367751955986,0.0356367751955986,0.0356367751955986,0.0356367751955986,0.0356367751955986,0.04216168075799942,0.0356367751955986
2018-08-28,0.035475507378578186,0.035475507378578186,0.04019922390580177,0.03563801199197769,0.03728902339935303,0.044715896248817444,0.045641008764505386,0.035475507378578186,0.035475507378578186,0.035475507378578186,0.035475507378578186,0.03668157756328583,0.035475507378578186,0.035475507378578186,0.035475507378578186,0.03903012350201607,0.035475507378578186,0.035475507378578186,0.035898901522159576,0.035475507378578186,0.03676723316311836,0.035475507378578186,0.035475507378578186,0.035475507378578186,0.035475507378578186,0.0450553297996521,0.035475507378578186
2018-08-29,0.03549377992749214,0.03549377992749214,0.040005359798669815,0.03549377992749214,0.03748904541134834,0.04494645446538925,0.04564346745610237,0.03549377992749214,0.03549377992749214,0.03549377992749214,0.03549377992749214,0.036582011729478836,0.03549377992749214,0.03549377992749214,0.03549377992749214,0.038802146911621094,0.03549377992749214,0.03549377992749214,0.0361725352704525,0.03549377992749214,0.03637763857841492,0.03549377992749214,0.03549377992749214,0.03549377992749214,0.03549377992749214,0.04509327933192253,0.03549377992749214
2018-08-30,0.035755280405282974,0.035755280405282974,0.03956034034490585,0.035755280405282974,0.038258083164691925,0.04701980575919151,0.042407575994729996,0.035755280405282974,0.035755280405282974,0.035755280405282974,0.03587082400918007,0.03654463589191437,0.035755280405282974,0.035755280405282974,0.035755280405282974,0.03593948110938072,0.035755280405282974,0.035755280405282974,0.035755280405282974,0.035755280405282974,0.035755280405282974,0.035755280405282974,0.035755280405282974,0.035755280405282974,0.035755280405282974,0.045048948377370834,0.035755280405282974
2018-08-31,0.03580933064222336,0.03580933064222336,0.04142916947603226,0.03580933064222336,0.03689918667078018,0.04440100118517876,0.04157695174217224,0.03580933064222336,0.03580933064222336,0.03580933064222336,0.03580933064222336,0.036224085837602615,0.03580933064222336,0.03580933064222336,0.03580933064222336,0.03826700523495674,0.03580933064222336,0.03580933064222336,0.03580933064222336,0.03580933064222336,0.03580933064222336,0.03580933064222336,0.03580933064222336,0.03580933064222336,0.03580933064222336,0.04501600190997124,0.03580933064222336
2018-09-04,0.03576376289129257,0.03576376289129257,0.043399877846241,0.03576376289129257,0.03926768898963928,0.04144669696688652,0.03918643295764923,0.03576376289129257,0.03576376289129257,0.03576376289129257,0.03658246994018555,0.03688395023345947,0.03576376289129257,0.03576376289129257,0.03576376289129257,0.03576376289129257,0.03605257347226143,0.03576376289129257,0.03576376289129257,0.03576376289129257,0.03576376289129257,0.03576376289129257,0.03576376289129257,0.03576376289129257,0.038898296654224396,0.044534243643283844,0.03576376289129257
2018-09-05,0.03602183610200882,0.03602183610200882,0.042052071541547775,0.03602183610200882,0.03602183610200882,0.042129598557949066,0.03989851847290993,0.03602183610200882,0.03602183610200882,0.03602183610200882,0.03602183610200882,0.037943512201309204,0.03602183610200882,0.03602183610200882,0.03602183610200882,0.03931042551994324,0.03602183610200882,0.03602183610200882,0.03602183610200882,0.03602183610200882,0.03609524667263031,0.03602183610200882,0.03602183610200882,0.03602183610200882,0.03602183610200882,0.04213389381766319,0.03602183610200882
2018-09-06,0.03571394458413124,0.03571394458413124,0.0401947908103466,0.03571394458413124,0.03571394458413124,0.044022586196660995,0.04089122265577316,0.03571394458413124,0.03571394458413124,0.03571394458413124,0.03571394458413124,0.03954241797327995,0.03571394458413124,0.03571394458413124,0.03571394458413124,0.039452631026506424,0.03571394458413124,0.03571394458413124,0.03571394458413124,0.03571394458413124,0.03836042061448097,0.03571394458413124,0.03571394458413124,0.03571394458413124,0.03571394458413124,0.04325700178742409,0.03571394458413124
2018-09-07,0.035927269607782364,0.035927269607782364,0.03954588994383812,0.035927269607782364,0.035927269607782364,0.044908974319696426,0.04108889028429985,0.035927269607782364,0.035927269607782364,0.035927269607782364,0.035927269607782364,0.03774135932326317,0.035927269607782364,0.035927269607782364,0.035927269607782364,0.03905731439590454,0.035927269607782364,0.035927269607782364,0.035927269607782364,0.035927269607782364,0.035927269607782364,0.035927269607782364,0.035927269607782364,0.035927269607782364,0.035927269607782364,0.04318493604660034,0.035927269607782364
2018-09-10,0.0360182486474514,0.0360182486474514,0.04078567028045654,0.0360182486474514,0.0360182486474514,0.041795097291469574,0.03993701934814453,0.0360182486474514,0.0360182486474514,0.0360182486474514,0.0360182486474514,0.03842083737254143,0.0360182486474514,0.0360182486474514,0.0360182486474514,0.03983229398727417,0.0360182486474514,0.0360182486474514,0.0360182486474514,0.0360182486474514,0.0367828905582428,0.0360182486474514,0.0360182486474514,0.0360182486474514,0.0360182486474514,0.04208126291632652,0.0360182486474514
2018-09-11,0.03598137944936752,0.03598137944936752,0.03985122963786125,0.03598137944936752,0.03598137944936752,0.04349389299750328,0.04076170548796654,0.03598137944936752,0.03598137944936752,0.03598137944936752,0.03598137944936752,0.036659788340330124,0.03598137944936752,0.03598137944936752,0.03598137944936752,0.039542056620121,0.03598137944936752,0.03598137944936752,0.03598137944936752,0.03598137944936752,0.03623758628964424,0.03598137944936752,0.03598137944936752,0.03598137944936752,0.03598137944936752,0.04382618889212608,0.03598137944936752
2018-09-12,0.035873737186193466,0.035873737186193466,0.03712492436170578,0.035873737186193466,0.03955956548452377,0.04539748653769493,0.04218563437461853,0.035873737186193466,0.035873737186193466,0.035873737186193466,0.035873737186193466,0.03962918370962143,0.035873737186193466,0.035873737186193466,0.035873737186193466,0.035873737186193466,0.036563605070114136,0.035873737186193466,0.035873737186193466,0.035873737186193466,0.035873737186193466,0.035873737186193466,0.035873737186193466,0.035873737186193466,0.035873737186193466,0.042064886540174484,0.035873737186193466
2018-09-13,0.03587082400918007,0.03587082400918007,0.038880616426467896,0.03587082400918007,0.03951790928840637,0.044180866330862045,0.03982241079211235,0.03587082400918007,0.03587082400918007,0.03587082400918007,0.03587082400918007,0.0427197590470314,0.03587082400918007,0.03587082400918007,0.03587082400918007,0.03587082400918007,0.03716213256120682,0.03587082400918007,0.03587082400918007,0.03587082400918007,0.03587082400918007,0.03587082400918007,0.03587082400918007,0.03587082400918007,0.036681100726127625,0.03948953002691269,0.03587082400918007
2018-09-14,0.03564438223838806,0.03564438223838806,0.03990593180060387,0.03564438223838806,0.03799184411764145,0.0449727363884449,0.043515246361494064,0.03564438223838806,0.03564438223838806,0.03564438223838806,0.03723127394914627,0.042266570031642914,0.03564438223838806,0.03564438223838806,0.03564438223838806,0.03564438223838806,0.03564438223838806,0.03564438223838806,0.03564438223838806,0.03564438223838806,0.03564438223838806,0.03564438223838806,0.03564438223838806,0.03564438223838806,0.03564438223838806,0.04122871533036232,0.03564438223838806
2018-09-17,0.03565335273742676,0.03565335273742676,0.04053102433681488,0.03565335273742676,0.03770480677485466,0.045883581042289734,0.04356968030333519,0.03565335273742676,0.03565335273742676,0.03565335273742676,0.035894300788640976,0.04247007146477699,0.03565335273742676,0.03565335273742676,0.03565335273742676,0.03565335273742676,0.03565335273742676,0.03565335273742676,0.03565335273742676,0.03565335273742676,0.03565335273742676,0.03565335273742676,0.03565335273742676,0.03565335273742676,0.03565335273742676,0.04087948426604271,0.03565335273742676
2018-09-18,0.035248566418886185,0.035248566418886185,0.04115535318851471,0.035248566418886185,0.03848748654127121,0.04646429792046547,0.04395066574215889,0.035248566418886185,0.035248566418886185,0.035248566418886185,0.035248566418886185,0.046215303242206573,0.035248566418886185,0.035248566418886185,0.035248566418886185,0.03748976066708565,0.035248566418886185,0.035248566418886185,0.035248566418886185,0.035248566418886185,0.03864506632089615,0.035248566418886185,0.035248566418886185,0.035248566418886185,0.035248566418886185,0.03786933049559593,0.035248566418886185
2018-09-19,0.035248272120952606,0.035248272120952606,0.041154369711875916,0.035248272120952606,0.03848863020539284,0.04646680876612663,0.04395031929016113,0.035248272120952606,0.035248272120952606,0.035248272120952606,0.035248272120952606,0.046210877597332,0.035248272120952606,0.035248272120952606,0.035248272120952606,0.037493836134672165,0.035248272120952606,0.035248272120952606,0.035248272120952606,0.035248272120952606,0.038648635149002075,0.035248272120952606,0.035248272120952606,0.035248272120952606,0.035248272120952606,0.037869349122047424,0.035248272120952606
2018-09-20,0.03546299785375595,0.03546299785375595,0.03767186775803566,0.03546299785375595,0.03546299785375595,0.04642154276371002,0.04688820615410805,0.03546299785375595,0.03546299785375595,0.03546299785375595,0.035959936678409576,0.03898581862449646,0.03546299785375595,0.03546299785375595,0.03546299785375595,0.03625259920954704,0.03546299785375595,0.03546299785375595,0.03546299785375595,0.03546299785375595,0.039631765335798264,0.03546299785375595,0.03546299785375595,0.03546299785375595,0.03546299785375595,0.044391337782144547,0.03546299785375595
2018-09-21,0.03560713306069374,0.03560713306069374,0.03611772134900093,0.03560713306069374,0.03560713306069374,0.043657511472702026,0.049796465784311295,0.03560713306069374,0.03560713306069374,0.03560713306069374,0.036919090896844864,0.037210606038570404,0.03560713306069374,0.03560713306069374,0.03560713306069374,0.03560713306069374,0.03560713306069374,0.03560713306069374,0.035672154277563095,0.03560713306069374,0.03649238124489784,0.03560713306069374,0.03560713306069374,0.03560713306069374,0.03560713306069374,0.04759849235415459,0.03560713306069374
2018-09-24,0.03552050143480301,0.03552050143480301,0.037653423845767975,0.03552050143480301,0.03552050143480301,0.04392324388027191,0.04689880087971687,0.03552050143480301,0.03552050143480301,0.03552050143480301,0.03556487336754799,0.03797666355967522,0.03552050143480301,0.03552050143480301,0.03552050143480301,0.03552050143480301,0.03552050143480301,0.03552050143480301,0.03699637949466705,0.03552050143480301,0.036539532244205475,0.03552050143480301,0.03552050143480301,0.03552050143480301,0.03552050143480301,0.04955751821398735,0.03552050143480301
2018-09-25,0.03553462773561478,0.03553462773561478,0.03553462773561478,0.03553462773561478,0.03553462773561478,0.04063301905989647,0.04776696115732193,0.03553462773561478,0.03553462773561478,0.03553462773561478,0.03845590353012085,0.03553462773561478,0.03553462773561478,0.03553462773561478,0.03553462773561478,0.03831324353814125,0.03553462773561478,0.03553462773561478,0.03553462773561478,0.03553462773561478,0.04344676434993744,0.03553462773561478,0.03553462773561478,0.03553462773561478,0.03553462773561478,0.04515691101551056,0.03553462773561478
2018-09-26,0.03587185963988304,0.03587185963988304,0.03587185963988304,0.03587185963988304,0.03587185963988304,0.04236757010221481,0.04847593605518341,0.03587185963988304,0.03587185963988304,0.03587185963988304,0.03769973665475845,0.03587185963988304,0.03587185963988304,0.03587185963988304,0.03587185963988304,0.03587185963988304,0.03587185963988304,0.03587185963988304,0.03587185963988304,0.03587185963988304,0.03587185963988304,0.03587185963988304,0.03587185963988304,0.03587185963988304,0.0364810936152935,0.04579475149512291,0.03587185963988304
2018-09-27,0.035967472940683365,0.03679012134671211,0.035967472940683365,0.035967472940683365,0.035967472940683365,0.03863365575671196,0.04783210530877113,0.035967472940683365,0.035967472940683365,0.035967472940683365,0.035967472940683365,0.035967472940683365,0.037611909210681915,0.035967472940683365,0.035967472940683365,0.04139930009841919,0.035967472940683365,0.035967472940683365,0.035967472940683365,0.035967472940683365,0.03917362540960312,0.035967472940683365,0.035967472940683365,0.035967472940683365,0.035967472940683365,0.03920974209904671,0.035967472940683365
2018-09-28,0.03619519993662834,0.03619519993662834,0.036886755377054214,0.03619519993662834,0.03619519993662834,0.03748871013522148,0.04552072659134865,0.03619519993662834,0.03619519993662834,0.03619519993662834,0.03667677193880081,0.03619519993662834,0.03619519993662834,0.03619519993662834,0.03619519993662834,0.04200023040175438,0.03619519993662834,0.03619519993662834,0.03619519993662834,0.03619519993662834,0.03849785402417183,0.03619519993662834,0.03619519993662834,0.03619519993662834,0.03693492338061333,0.03828512877225876,0.03619519993662834
2018-10-01,0.03638950362801552,0.037490364164114,0.03638950362801552,0.03638950362801552,0.03638950362801552,0.03638950362801552,0.04251638799905777,0.03638950362801552,0.03638950362801552,0.03638950362801552,0.03638950362801552,0.03638950362801552,0.03638950362801552,0.03638950362801552,0.03638950362801552,0.04000893980264664,0.03638950362801552,0.03638950362801552,0.03638950362801552,0.03638950362801552,0.03724166378378868,0.03638950362801552,0.03638950362801552,0.036928098648786545,0.039547909051179886,0.0384766161441803,0.03638950362801552
2018-10-02,0.036251991987228394,0.036251991987228394,0.036251991987228394,0.036251991987228394,0.036251991987228394,0.03682341426610947,0.04546092078089714,0.036251991987228394,0.036251991987228394,0.036251991987228394,0.03809206560254097,0.036251991987228394,0.036251991987228394,0.036251991987228394,0.036251991987228394,0.04149642586708069,0.036251991987228394,0.036251991987228394,0.036251991987228394,0.036251991987228394,0.036251991987228394,0.036251991987228394,0.036251991987228394,0.036251991987228394,0.037082333117723465,0.03975300118327141,0.036251991987228394
2018-10-03,0.0360129252076149,0.03910911828279495,0.0360129252076149,0.0360129252076149,0.0360129252076149,0.036960989236831665,0.04046906530857086,0.0360129252076149,0.0360129252076149,0.0360129252076149,0.0360129252076149,0.0360129252076149,0.036778658628463745,0.0360129252076149,0.0360129252076149,0.04178033396601677,0.0360129252076149,0.0360129252076149,0.036630209535360336,0.0360129252076149,0.0396900400519371,0.0360129252076149,0.0360129252076149,0.037313517183065414,0.03998177871108055,0.039066482335329056,0.0360129252076149
2018-10-04,0.03575003147125244,0.04284109175205231,0.03575003147125244,0.03575003147125244,0.03575003147125244,0.036830656230449677,0.03904535248875618,0.03748000040650368,0.03575003147125244,0.03575003147125244,0.03575003147125244,0.03575003147125244,0.03575003147125244,0.03575003147125244,0.03575003147125244,0.043371789157390594,0.03575003147125244,0.03575003147125244,0.03575003147125244,0.03575003147125244,0.045278750360012054,0.03575003147125244,0.03575003147125244,0.03575003147125244,0.038398221135139465,0.03750348463654518,0.03575003147125244
2018-10-05,0.036992065608501434,0.04024157300591469,0.03640185669064522,0.0359271764755249,0.0359271764755249,0.037832874804735184,0.04448685050010681,0.0359271764755249,0.0359271764755249,0.0359271764755249,0.0359271764755249,0.038280535489320755,0.0359271764755249,0.0359271764755249,0.0359271764755249,0.03832701966166496,0.0359271764755249,0.0359271764755249,0.0359271764755249,0.0359271764755249,0.04482089355587959,0.0359271764755249,0.0359271764755249,0.0359271764755249,0.0359271764755249,0.0359271764755249,0.0359271764755249
2018-10-08,0.036227643489837646,0.03853905573487282,0.036227643489837646,0.036227643489837646,0.036227643489837646,0.036227643489837646,0.04323241859674454,0.036227643489837646,0.036227643489837646,0.036227643489837646,0.036227643489837646,0.038798753172159195,0.036227643489837646,0.036227643489837646,0.036227643489837646,0.0411565788090229,0.036227643489837646,0.036227643489837646,0.03709463030099869,0.036227643489837646,0.040398065000772476,0.036227643489837646,0.036227643489837646,0.036227643489837646,0.036227643489837646,0.036227643489837646,0.036227643489837646
2018-10-09,0.03630240634083748,0.036833517253398895,0.03630240634083748,0.03630240634083748,0.041746657341718674,0.03670594468712807,0.04556507617235184,0.03630240634083748,0.03630240634083748,0.03630240634083748,0.03630240634083748,0.03630240634083748,0.03630240634083748,0.03630240634083748,0.03630240634083748,0.036363281309604645,0.03630240634083748,0.03630240634083748,0.03867076337337494,0.03630240634083748,0.03635948523879051,0.03630240634083748,0.03630240634083748,0.03630240634083748,0.03800945356488228,0.03630240634083748,0.03630240634083748
2018-10-10,0.036232832819223404,0.036232832819223404,0.036232832819223404,0.036232832819223404,0.04122190922498703,0.03959262743592262,0.04645466059446335,0.036232832819223404,0.036232832819223404,0.036232832819223404,0.036232832819223404,0.036232832819223404,0.036232832819223404,0.036232832819223404,0.036232832819223404,0.036232832819223404,0.036232832819223404,0.036232832819223404,0.03752242028713226,0.036232832819223404,0.036232832819223404,0.036232832819223404,0.036232832819223404,0.036232832819223404,0.038086071610450745,0.036232832819223404,0.036232832819223404
2018-10-11,0.03694288432598114,0.036944951862096786,0.036036279052495956,0.036036279052495956,0.04405053332448006,0.03962160274386406,0.04154101759195328,0.036036279052495956,0.036036279052495956,0.036036279052495956,0.036036279052495956,0.03734306991100311,0.036036279052495956,0.03765898197889328,0.036036279052495956,0.036036279052495956,0.036036279052495956,0.036036279052495956,0.036036279052495956,0.036036279052495956,0.036036279052495956,0.036036279052495956,0.036036279052495956,0.036036279052495956,0.0412076972424984,0.036036279052495956,0.036036279052495956
2018-10-12,0.03735276311635971,0.03660107031464577,0.035880010575056076,0.035880010575056076,0.0427122637629509,0.04058706760406494,0.03751882538199425,0.035880010575056076,0.035880010575056076,0.035880010575056076,0.035880010575056076,0.04508014768362045,0.035880010575056076,0.03714828938245773,0.035880010575056076,0.0378556102514267,0.035880010575056076,0.035880010575056076,0.035880010575056076,0.03771209716796875,0.035880010575056076,0.035880010575056076,0.035880010575056076,0.035880010575056076,0.03747168555855751,0.035880010575056076,0.035880010575056076
2018-10-15,0.036348581314086914,0.036348581314086914,0.036348581314086914,0.036675695329904556,0.03964035585522652,0.03927817568182945,0.03652675449848175,0.036348581314086914,0.036348581314086914,0.036348581314086914,0.036348581314086914,0.045425452291965485,0.036348581314086914,0.03645115718245506,0.036348581314086914,0.037341851741075516,0.036348581314086914,0.036348581314086914,0.036348581314086914,0.036348581314086914,0.036348581314086914,0.036348581314086914,0.036348581314086914,0.036348581314086914,0.038037460297346115,0.036348581314086914,0.036348581314086914
2018-10-16,0.03618370369076729,0.03618370369076729,0.03618370369076729,0.03618370369076729,0.040690645575523376,0.04031911864876747,0.03744998574256897,0.03618370369076729,0.03618370369076729,0.03618370369076729,0.03618370369076729,0.04414336010813713,0.03618370369076729,0.036872874945402145,0.03618370369076729,0.040073931217193604,0.03618370369076729,0.03618370369076729,0.03618370369076729,0.03677605092525482,0.03618370369076729,0.03618370369076729,0.03618370369076729,0.03618370369076729,0.03618370369076729,0.03618370369076729,0.03618370369076729
2018-10-17,0.03594693914055824,0.03594693914055824,0.03594693914055824,0.03594693914055824,0.050530169159173965,0.037951260805130005,0.04125751182436943,0.03594693914055824,0.03594693914055824,0.03594693914055824,0.03594693914055824,0.038685329258441925,0.03594693914055824,0.03718559816479683,0.03594693914055824,0.03651709854602814,0.03594693914055824,0.03594693914055824,0.03594693914055824,0.03594693914055824,0.03594693914055824,0.03594693914055824,0.03594693914055824,0.03594693914055824,0.03893434256315231,0.03594693914055824,0.03594693914055824
2018-10-18,0.035817019641399384,0.035817019641399384,0.035817019641399384,0.035817019641399384,0.04962637647986412,0.03708798810839653,0.04157291352748871,0.035817019641399384,0.035817019641399384,0.035817019641399384,0.035817019641399384,0.039317477494478226,0.035817019641399384,0.036822907626628876,0.035817019641399384,0.038796331733465195,0.035817019641399384,0.035817019641399384,0.03694433718919754,0.035817019641399384,0.035817019641399384,0.035817019641399384,0.035817019641399384,0.035817019641399384,0.03930825740098953,0.035817019641399384,0.035817019641399384
2018-10-19,0.03590961918234825,0.03676837682723999,0.03590961918234825,0.03590961918234825,0.04657626524567604,0.03818707913160324,0.03778642788529396,0.03590961918234825,0.03590961918234825,0.03590961918234825,0.03590961918234825,0.04021657630801201,0.03609825670719147,0.03692546859383583,0.03590961918234825,0.043676380068063736,0.03590961918234825,0.03590961918234825,0.03590961918234825,0.03590961918234825,0.03590961918234825,0.03590961918234825,0.03590961918234825,0.03590961918234825,0.03739207237958908,0.03590961918234825,0.03590961918234825
2018-10-22,0.03524664044380188,0.03809405490756035,0.03524664044380188,0.03618086501955986,0.04966340586543083,0.03524664044380188,0.03551226481795311,0.04084772244095802,0.03524664044380188,0.03524664044380188,0.03524664044380188,0.03524664044380188,0.03765542060136795,0.03861551359295845,0.03524664044380188,0.043455272912979126,0.03524664044380188,0.03524664044380188,0.03524664044380188,0.03737735003232956,0.039637669920921326,0.03524664044380188,0.03524664044380188,0.03571489453315735,0.03854594752192497,0.03524664044380188,0.03524664044380188
2018-10-23,0.03577751666307449,0.03721282258629799,0.03577751666307449,0.03759735822677612,0.04812184348702431,0.03577751666307449,0.03671063482761383,0.036736536771059036,0.03577751666307449,0.03577751666307449,0.03577751666307449,0.03791598975658417,0.03756490349769592,0.036398760974407196,0.03577751666307449,0.04325834661722183,0.03577751666307449,0.03577751666307449,0.03577751666307449,0.03608857840299606,0.03873267024755478,0.03577751666307449,0.03577751666307449,0.03577751666307449,0.03699886426329613,0.03577751666307449,0.03577751666307449
2018-10-24,0.03562215343117714,0.03886333480477333,0.03562215343117714,0.03562215343117714,0.04714168980717659,0.03562215343117714,0.03833168372511864,0.03562215343117714,0.03562215343117714,0.03562215343117714,0.03562215343117714,0.037480536848306656,0.04040808975696564,0.03675594925880432,0.03562215343117714,0.040188077837228775,0.03562215343117714,0.03562215343117714,0.03562215343117714,0.03727959096431732,0.036945849657058716,0.03562215343117714,0.03562215343117714,0.03562215343117714,0.04102856293320656,0.03562215343117714,0.03562215343117714
2018-10-25,0.036534007638692856,0.03633415326476097,0.03571447730064392,0.03571447730064392,0.04381905868649483,0.03571447730064392,0.04257630929350853,0.03571447730064392,0.03571447730064392,0.03571447730064392,0.03571447730064392,0.04101306572556496,0.036547575145959854,0.03740721195936203,0.03571447730064392,0.04054510220885277,0.03571447730064392,0.03571447730064392,0.03571447730064392,0.040152765810489655,0.037924624979496,0.03571447730064392,0.03571447730064392,0.03571447730064392,0.03571447730064392,0.03571447730064392,0.03571447730064392
2018-10-26,0.035747382789850235,0.035747382789850235,0.035747382789850235,0.035747382789850235,0.03891013190150261,0.03990698978304863,0.042158279567956924,0.035747382789850235,0.035747382789850235,0.035747382789850235,0.035747382789850235,0.046529900282621384,0.035747382789850235,0.03655814751982689,0.035747382789850235,0.041893236339092255,0.035747382789850235,0.035747382789850235,0.035747382789850235,0.03685489296913147,0.037988148629665375,0.035747382789850235,0.035747382789850235,0.035747382789850235,0.035747382789850235,0.035747382789850235,0.035747382789850235
2018-10-29,0.036056552082300186,0.036056552082300186,0.036056552082300186,0.036056552082300186,0.042147766798734665,0.03954744338989258,0.041061364114284515,0.036056552082300186,0.036056552082300186,0.036056552082300186,0.036056552082300186,0.0416395366191864,0.036056552082300186,0.036056552082300186,0.036056552082300186,0.04235972464084625,0.036056552082300186,0.036056552082300186,0.036056552082300186,0.036056552082300186,0.036056552082300186,0.036056552082300186,0.036056552082300186,0.036056552082300186,0.036056552082300186,0.036056552082300186,0.036056552082300186
2018-10-30,0.03651781007647514,0.03591284155845642,0.03591284155845642,0.03591284155845642,0.04056953638792038,0.03822578489780426,0.04068351909518242,0.03699414059519768,0.03591284155845642,0.03591284155845642,0.03591284155845642,0.044158935546875,0.03591284155845642,0.03958044946193695,0.03591284155845642,0.036709848791360855,0.03591284155845642,0.03591284155845642,0.03591284155845642,0.03637499362230301,0.039666660130023956,0.03591284155845642,0.03591284155845642,0.03591284155845642,0.03591284155845642,0.03591284155845642,0.03591284155845642
2018-10-31,0.03647830709815025,0.03581039607524872,0.03581039607524872,0.03581039607524872,0.03947228193283081,0.038724277168512344,0.04250476881861687,0.03610844165086746,0.03581039607524872,0.03581039607524872,0.03581039607524872,0.04349653050303459,0.03581039607524872,0.038941070437431335,0.03581039607524872,0.037268247455358505,0.03581039607524872,0.03581039607524872,0.03581039607524872,0.03692200034856796,0.041307348757982254,0.03581039607524872,0.03581039607524872,0.03581039607524872,0.03581039607524872,0.03581039607524872,0.03581039607524872
2018-11-01,0.03582818806171417,0.03582818806171417,0.03582818806171417,0.03582818806171417,0.0385761596262455,0.03903636708855629,0.04330196604132652,0.03582818806171417,0.03582818806171417,0.03582818806171417,0.03582818806171417,0.042241934686899185,0.03582818806171417,0.03582818806171417,0.03582818806171417,0.03849976137280464,0.03582818806171417,0.03582818806171417,0.03582818806171417,0.03795972838997841,0.043580133467912674,0.0360683798789978,0.03582818806171417,0.03582818806171417,0.03582818806171417,0.03582818806171417,0.03582818806171417
2018-11-02,0.03595207259058952,0.03595207259058952,0.03595207259058952,0.03595207259058952,0.039867158979177475,0.0432758592069149,0.04228124022483826,0.03595207259058952,0.03595207259058952,0.03595207259058952,0.03595207259058952,0.04198767989873886,0.03595207259058952,0.03649767115712166,0.03595207259058952,0.039424996823072433,0.03595207259058952,0.03595207259058952,0.03595207259058952,0.03595207259058952,0.03742378205060959,0.03595207259058952,0.03595207259058952,0.03595207259058952,0.03615225479006767,0.03595207259058952,0.03595207259058952
2018-11-05,0.0359366349875927,0.0359366349875927,0.0359366349875927,0.0359366349875927,0.03906308487057686,0.0437975712120533,0.04232679307460785,0.0359366349875927,0.0359366349875927,0.0359366349875927,0.0359366349875927,0.042257945984601974,0.0359366349875927,0.0359366349875927,0.0359366349875927,0.04035719484090805,0.0359366349875927,0.0359366349875927,0.0359366349875927,0.03609192371368408,0.036633431911468506,0.0359366349875927,0.0359366349875927,0.0359366349875927,0.036675963550806046,0.0359366349875927,0.0359366349875927
2018-11-06,0.03587556630373001,0.03587556630373001,0.03587556630373001,0.035891227424144745,0.03720671683549881,0.04532873257994652,0.04088670015335083,0.03587556630373001,0.03587556630373001,0.03587556630373001,0.03587556630373001,0.04312983155250549,0.03587556630373001,0.03587556630373001,0.03587556630373001,0.04019324108958244,0.03587556630373001,0.03587556630373001,0.03596445173025131,0.03587556630373001,0.039763372391462326,0.03587556630373001,0.03587556630373001,0.03587556630373001,0.03587556630373001,0.03587556630373001,0.03587556630373001
2018-11-07,0.03570089116692543,0.03570089116692543,0.03570089116692543,0.03570089116692543,0.03570089116692543,0.04668349772691727,0.04868880659341812,0.03570089116692543,0.03570089116692543,0.03570089116692543,0.03570089116692543,0.03953990340232849,0.03570089116692543,0.03570089116692543,0.03570089116692543,0.04045488312840462,0.03570089116692543,0.03570089116692543,0.03666355460882187,0.03570089116692543,0.03825067728757858,0.03570089116692543,0.03570089116692543,0.03570089116692543,0.03570089116692543,0.03570089116692543,0.03570089116692543
2018-11-08,0.035778019577264786,0.035778019577264786,0.035778019577264786,0.035778019577264786,0.035778019577264786,0.045304521918296814,0.049872901290655136,0.035778019577264786,0.035778019577264786,0.035778019577264786,0.035778019577264786,0.03593957796692848,0.035778019577264786,0.035778019577264786,0.035778019577264786,0.03784530237317085,0.035778019577264786,0.035778019577264786,0.035778019577264786,0.035778019577264786,0.03948219120502472,0.035778019577264786,0.035778019577264786,0.035778019577264786,0.035778019577264786,0.04021713510155678,0.035778019577264786
2018-11-09,0.035413287580013275,0.035413287580013275,0.03622948378324509,0.03655562177300453,0.035413287580013275,0.046603012830019,0.04890279844403267,0.035413287580013275,0.035413287580013275,0.03604067489504814,0.035413287580013275,0.03647131845355034,0.035413287580013275,0.035413287580013275,0.035413287580013275,0.04103716090321541,0.035413287580013275,0.035413287580013275,0.035413287580013275,0.035413287580013275,0.039501238614320755,0.035413287580013275,0.035413287580013275,0.035413287580013275,0.035413287580013275,0.041219472885131836,0.035413287580013275
2018-11-12,0.035956475883722305,0.035956475883722305,0.035956475883722305,0.035956475883722305,0.03964458405971527,0.04228329658508301,0.04509562999010086,0.035956475883722305,0.035956475883722305,0.035956475883722305,0.035956475883722305,0.035956475883722305,0.035956475883722305,0.035956475883722305,0.035956475883722305,0.04186391085386276,0.035956475883722305,0.035956475883722305,0.035956475883722305,0.035956475883722305,0.03733982518315315,0.035956475883722305,0.035956475883722305,0.035956475883722305,0.035956475883722305,0.038686782121658325,0.035956475883722305
2018-11-13,0.036003515124320984,0.036003515124320984,0.036003515124320984,0.036003515124320984,0.044619668275117874,0.04039957746863365,0.04535357281565666,0.036098599433898926,0.036003515124320984,0.036003515124320984,0.036003515124320984,0.036003515124320984,0.036003515124320984,0.036003515124320984,0.036003515124320984,0.041386235505342484,0.036003515124320984,0.036003515124320984,0.036003515124320984,0.036003515124320984,0.03606851398944855,0.036003515124320984,0.036003515124320984,0.036003515124320984,0.036003515124320984,0.036003515124320984,0.036003515124320984
2018-11-14,0.036172229796648026,0.03657254949212074,0.036172229796648026,0.036172229796648026,0.047354478389024734,0.037972256541252136,0.03806910663843155,0.036172229796648026,0.036172229796648026,0.036172229796648026,0.036172229796648026,0.036172229796648026,0.036172229796648026,0.036172229796648026,0.036172229796648026,0.04079918935894966,0.036172229796648026,0.036172229796648026,0.036172229796648026,0.036172229796648026,0.03826611861586571,0.036172229796648026,0.036172229796648026,0.036172229796648026,0.036246441304683685,0.036172229796648026,0.0374474935233593
2018-11-15,0.037345416843891144,0.0396277941763401,0.0356687530875206,0.03645201399922371,0.04639827460050583,0.0356687530875206,0.0384250283241272,0.0356687530875206,0.0356687530875206,0.0356687530875206,0.0356687530875206,0.039549633860588074,0.03812430799007416,0.0356687530875206,0.0356687530875206,0.042223334312438965,0.0356687530875206,0.0356687530875206,0.0356687530875206,0.0356687530875206,0.03804739937186241,0.0356687530875206,0.0356687530875206,0.0356687530875206,0.037437986582517624,0.0356687530875206,0.0356687530875206
2018-11-16,0.035784028470516205,0.041085440665483475,0.035784028470516205,0.03768958896398544,0.043653927743434906,0.03687400370836258,0.035784028470516205,0.035784028470516205,0.035784028470516205,0.035784028470516205,0.035784028470516205,0.03929116949439049,0.0396135151386261,0.035784028470516205,0.035784028470516205,0.04273121803998947,0.035784028470516205,0.035784028470516205,0.035784028470516205,0.035784028470516205,0.039164576679468155,0.035784028470516205,0.035784028470516205,0.035784028470516205,0.035784028470516205,0.035784028470516205,0.035784028470516205
2018-11-19,0.03575702756643295,0.04076884314417839,0.03575702756643295,0.03796238452196121,0.04294617474079132,0.0373576283454895,0.03575702756643295,0.03575702756643295,0.03575702756643295,0.03575702756643295,0.03575702756643295,0.03607431799173355,0.0379243902862072,0.03575702756643295,0.03575702756643295,0.04603153094649315,0.03575702756643295,0.03575702756643295,0.03575702756643295,0.03575702756643295,0.0401834100484848,0.03575702756643295,0.03575702756643295,0.03575702756643295,0.03575702756643295,0.03575702756643295,0.03712484985589981
2018-11-20,0.03586437553167343,0.041793376207351685,0.03586437553167343,0.036023590713739395,0.04017298296093941,0.03742027282714844,0.03586437553167343,0.03586437553167343,0.03586437553167343,0.03586437553167343,0.03586437553167343,0.039469242095947266,0.039337050169706345,0.03586437553167343,0.03586437553167343,0.04060238227248192,0.03586437553167343,0.03586437553167343,0.03586437553167343,0.03586437553167343,0.04233446344733238,0.03586437553167343,0.03586437553167343,0.03586437553167343,0.03728784620761871,0.03586437553167343,0.03586437553167343
2018-11-21,0.03729765862226486,0.039943940937519073,0.03606200963258743,0.03606200963258743,0.0388137623667717,0.03836788982152939,0.0405040942132473,0.03606200963258743,0.03606200963258743,0.03606200963258743,0.03606200963258743,0.039557479321956635,0.03606200963258743,0.03728226199746132,0.03606200963258743,0.038276851177215576,0.03606200963258743,0.03606200963258743,0.03606200963258743,0.03606200963258743,0.04083986207842827,0.03606200963258743,0.03606200963258743,0.03606200963258743,0.03606200963258743,0.03606200963258743,0.03606200963258743
2018-11-23,0.03642449900507927,0.03788995370268822,0.036127202212810516,0.036127202212810516,0.040771450847387314,0.03710290789604187,0.04264017567038536,0.036127202212810516,0.036127202212810516,0.036127202212810516,0.036127202212810516,0.0379004031419754,0.037232354283332825,0.036127202212810516,0.036127202212810516,0.040562789887189865,0.036127202212810516,0.036127202212810516,0.036127202212810516,0.036127202212810516,0.038638386875391006,0.036127202212810516,0.036127202212810516,0.036127202212810516,0.03667464479804039,0.036127202212810516,0.036127202212810516
2018-11-26,0.03753577545285225,0.037214070558547974,0.03587779775261879,0.03587779775261879,0.041350238025188446,0.03823100030422211,0.04205453768372536,0.03587779775261879,0.03587779775261879,0.03587779775261879,0.03587779775261879,0.039902567863464355,0.03587779775261879,0.03587779775261879,0.03587779775261879,0.04308013990521431,0.03587779775261879,0.03587779775261879,0.03587779775261879,0.03587779775261879,0.03895353898406029,0.03587779775261879,0.03587779775261879,0.03587779775261879,0.03587779775261879,0.03587779775261879,0.03587779775261879
2018-11-27,0.03589576482772827,0.03897950053215027,0.03589576482772827,0.036153893917798996,0.04006927087903023,0.03997315093874931,0.04106328636407852,0.03589576482772827,0.03589576482772827,0.03589576482772827,0.03589576482772827,0.037673164159059525,0.03589576482772827,0.03589576482772827,0.03589576482772827,0.042790211737155914,0.03589576482772827,0.03589576482772827,0.03589576482772827,0.03589576482772827,0.04127800837159157,0.03589576482772827,0.03589576482772827,0.03589576482772827,0.03589576482772827,0.03589576482772827,0.03589576482772827
2018-11-28,0.035689789801836014,0.04033487290143967,0.03584307059645653,0.037265595048666,0.04491157829761505,0.03954676166176796,0.03904128447175026,0.035689789801836014,0.035689789801836014,0.035689789801836014,0.035689789801836014,0.037363097071647644,0.035689789801836014,0.035689789801836014,0.035689789801836014,0.042332809418439865,0.035689789801836014,0.035689789801836014,0.035689789801836014,0.035689789801836014,0.04094467684626579,0.035689789801836014,0.035689789801836014,0.035689789801836014,0.035689789801836014,0.035689789801836014,0.035689789801836014
2018-11-29,0.03602917492389679,0.03602917492389679,0.03765815496444702,0.03602917492389679,0.03602917492389679,0.038891978561878204,0.0430540069937706,0.03602917492389679,0.03602917492389679,0.03602917492389679,0.03602917492389679,0.03727127984166145,0.03602917492389679,0.03602917492389679,0.03602917492389679,0.03987504914402962,0.03602917492389679,0.03602917492389679,0.03602917492389679,0.037067711353302,0.043267328292131424,0.03602917492389679,0.03602917492389679,0.03602917492389679,0.03602917492389679,0.03836015984416008,0.03602917492389679
2018-11-30,0.03598971292376518,0.037154022604227066,0.03731315955519676,0.03598971292376518,0.03598971292376518,0.03694070875644684,0.04111472889780998,0.03598971292376518,0.03598971292376518,0.03598971292376518,0.03598971292376518,0.03598971292376518,0.03598971292376518,0.03598971292376518,0.03598971292376518,0.041199132800102234,0.03598971292376518,0.03598971292376518,0.03598971292376518,0.03598971292376518,0.045742880553007126,0.03598971292376518,0.03598971292376518,0.03598971292376518,0.03739399462938309,0.03932818025350571,0.03599834814667702
2018-12-03,0.035849858075380325,0.038531847298145294,0.035849858075380325,0.035849858075380325,0.035849858075380325,0.03835176303982735,0.04375339671969414,0.035849858075380325,0.035849858075380325,0.035849858075380325,0.035849858075380325,0.035849858075380325,0.035849858075380325,0.035849858075380325,0.035849858075380325,0.04168328270316124,0.035849858075380325,0.035849858075380325,0.035849858075380325,0.035849858075380325,0.046742092818021774,0.035849858075380325,0.035849858075380325,0.035849858075380325,0.035849858075380325,0.038090579211711884,0.035849858075380325
2018-12-04,0.03544796258211136,0.03865716978907585,0.03544796258211136,0.03544796258211136,0.03544796258211136,0.03912004455924034,0.03932981565594673,0.037602994590997696,0.03544796258211136,0.03578835725784302,0.03610546886920929,0.03544796258211136,0.03544796258211136,0.03544796258211136,0.03544796258211136,0.04325753450393677,0.03544796258211136,0.03544796258211136,0.03544796258211136,0.03544796258211136,0.04740854352712631,0.03544796258211136,0.03544796258211136,0.03544796258211136,0.03656664490699768,0.04354799538850784,0.03544796258211136
2018-12-06,0.036100227385759354,0.03904073312878609,0.036100227385759354,0.036100227385759354,0.036100227385759354,0.03937904164195061,0.04409453645348549,0.036100227385759354,0.036100227385759354,0.036100227385759354,0.036100227385759354,0.036100227385759354,0.036100227385759354,0.036100227385759354,0.036100227385759354,0.0379766970872879,0.036100227385759354,0.036100227385759354,0.036100227385759354,0.036100227385759354,0.04328887164592743,0.036100227385759354,0.036100227385759354,0.036100227385759354,0.03811534494161606,0.036100227385759354,0.036100227385759354
2018-12-07,0.03606858849525452,0.04008098319172859,0.03606858849525452,0.03606858849525452,0.03787371888756752,0.03695759177207947,0.03862656280398369,0.03606858849525452,0.03606858849525452,0.03606858849525452,0.03606858849525452,0.03898812457919121,0.03606858849525452,0.03606858849525452,0.03606858849525452,0.03930121660232544,0.03606858849525452,0.03606858849525452,0.03606858849525452,0.03946468234062195,0.039511941373348236,0.03606858849525452,0.03606858849525452,0.03606858849525452,0.039960600435733795,0.03606858849525452,0.03606858849525452
2018-12-10,0.035666875541210175,0.042081110179424286,0.035666875541210175,0.035666875541210175,0.04131724312901497,0.035666875541210175,0.03849651664495468,0.035666875541210175,0.035666875541210175,0.035666875541210175,0.035666875541210175,0.0384565070271492,0.03684958070516586,0.035666875541210175,0.035666875541210175,0.045353300869464874,0.035666875541210175,0.035666875541210175,0.035666875541210175,0.03821719065308571,0.03918321058154106,0.035666875541210175,0.035666875541210175,0.035666875541210175,0.03804164379835129,0.035666875541210175,0.035666875541210175
2018-12-11,0.03603876754641533,0.040784306824207306,0.037131648510694504,0.03603876754641533,0.04081987962126732,0.03603876754641533,0.03799581527709961,0.03603876754641533,0.03603876754641533,0.03603876754641533,0.03603876754641533,0.03972237929701805,0.03603876754641533,0.03687085956335068,0.03603876754641533,0.04177805036306381,0.03603876754641533,0.03603876754641533,0.03603876754641533,0.03603876754641533,0.037579603493213654,0.03603876754641533,0.03603876754641533,0.03603876754641533,0.03861962631344795,0.03603876754641533,0.03603876754641533
2018-12-12,0.035889554768800735,0.038966428488492966,0.035889554768800735,0.03632650524377823,0.04383908957242966,0.03836117684841156,0.035889554768800735,0.035889554768800735,0.035889554768800735,0.035889554768800735,0.035889554768800735,0.03942765295505524,0.035889554768800735,0.035889554768800735,0.035889554768800735,0.037530578672885895,0.035889554768800735,0.035889554768800735,0.035889554768800735,0.03924413397908211,0.035889554768800735,0.035889554768800735,0.035889554768800735,0.035889554768800735,0.044402867555618286,0.035889554768800735,0.035889554768800735
2018-12-13,0.03590981289744377,0.041641056537628174,0.03590981289744377,0.03590981289744377,0.040887609124183655,0.03813273832201958,0.037242207676172256,0.03590981289744377,0.03590981289744377,0.03590981289744377,0.03590981289744377,0.03867478668689728,0.03590981289744377,0.03590981289744377,0.03590981289744377,0.039223019033670425,0.03590981289744377,0.03590981289744377,0.03590981289744377,0.03697981685400009,0.03904232010245323,0.03590981289744377,0.03590981289744377,0.03590981289744377,0.04179980233311653,0.03590981289744377,0.03590981289744377
2018-12-14,0.035698093473911285,0.04187634214758873,0.035698093473911285,0.035698093473911285,0.040362484753131866,0.038098517805337906,0.035887446254491806,0.035698093473911285,0.035698093473911285,0.035698093473911285,0.035698093473911285,0.03890271484851837,0.03891611099243164,0.035698093473911285,0.035698093473911285,0.040790997445583344,0.035698093473911285,0.035698093473911285,0.035698093473911285,0.03711506724357605,0.038827475160360336,0.035698093473911285,0.035698093473911285,0.035698093473911285,0.04235532507300377,0.035698093473911285,0.035698093473911285
2018-12-17,0.03765061870217323,0.04537685960531235,0.03564407303929329,0.036333102732896805,0.038395341485738754,0.03564407303929329,0.036522723734378815,0.03564407303929329,0.03564407303929329,0.03564407303929329,0.03564407303929329,0.037733808159828186,0.03776882216334343,0.03564407303929329,0.03564407303929329,0.04034840688109398,0.03564407303929329,0.03564407303929329,0.03564407303929329,0.03564407303929329,0.04073747247457504,0.03564407303929329,0.03564407303929329,0.03564407303929329,0.043183647096157074,0.03564407303929329,0.03564407303929329
2018-12-18,0.03807801008224487,0.044103216379880905,0.03590141609311104,0.03590141609311104,0.03590141609311104,0.03590141609311104,0.03590141609311104,0.03590141609311104,0.03590141609311104,0.03590141609311104,0.03590141609311104,0.04193814471364021,0.036463454365730286,0.03758774325251579,0.03590141609311104,0.04032272472977638,0.03590141609311104,0.03590141609311104,0.03590141609311104,0.03603186830878258,0.03827459365129471,0.03590141609311104,0.03590141609311104,0.03590141609311104,0.04097478464245796,0.03590141609311104,0.03590141609311104
2018-12-19,0.037360627204179764,0.04166717082262039,0.036150138825178146,0.036150138825178146,0.036150138825178146,0.036150138825178146,0.036150138825178146,0.036150138825178146,0.036150138825178146,0.036150138825178146,0.036150138825178146,0.04209839552640915,0.036599669605493546,0.03860393166542053,0.036150138825178146,0.04007704183459282,0.036150138825178146,0.036150138825178146,0.036150138825178146,0.036150138825178146,0.036787278950214386,0.036150138825178146,0.036150138825178146,0.036150138825178146,0.03995327651500702,0.036150138825178146,0.036150138825178146
2018-12-20,0.036976709961891174,0.04012785479426384,0.03660780191421509,0.036169614642858505,0.036408692598342896,0.036169614642858505,0.036169614642858505,0.036169614642858505,0.036169614642858505,0.036169614642858505,0.036169614642858505,0.045691780745983124,0.036169614642858505,0.03937415033578873,0.036169614642858505,0.04084048047661781,0.036169614642858505,0.036169614642858505,0.036169614642858505,0.036169614642858505,0.03628207743167877,0.036169614642858505,0.036169614642858505,0.036169614642858505,0.03663734346628189,0.036169614642858505,0.036169614642858505
2018-12-21,0.03598222881555557,0.03725368157029152,0.0378701351583004,0.03598222881555557,0.039682820439338684,0.03791148588061333,0.036370899528265,0.03598222881555557,0.03598222881555557,0.03598222881555557,0.03598222881555557,0.04574640840291977,0.03598222881555557,0.03734005242586136,0.03598222881555557,0.04342997819185257,0.03598222881555557,0.03598222881555557,0.03598222881555557,0.03598222881555557,0.03671443834900856,0.03598222881555557,0.03598222881555557,0.03598222881555557,0.03598222881555557,0.03598222881555557,0.03598222881555557
2018-12-24,0.03554077073931694,0.03554077073931694,0.039685603231191635,0.03554077073931694,0.03797071799635887,0.040919091552495956,0.037229277193546295,0.03554077073931694,0.03554077073931694,0.03554077073931694,0.03554077073931694,0.05033108592033386,0.03554077073931694,0.03717820718884468,0.03554077073931694,0.0429365411400795,0.03554077073931694,0.03561941906809807,0.03554077073931694,0.03554077073931694,0.03839612007141113,0.03554077073931694,0.03554077073931694,0.03554077073931694,0.03554077073931694,0.03554077073931694,0.03554077073931694
2018-12-26,0.03610563650727272,0.038126155734062195,0.03610563650727272,0.03610563650727272,0.039894457906484604,0.03761006146669388,0.03794823959469795,0.03610563650727272,0.03610563650727272,0.03610563650727272,0.03610563650727272,0.046274904161691666,0.03610563650727272,0.038688406348228455,0.03610563650727272,0.03890017420053482,0.03610563650727272,0.03610563650727272,0.03610563650727272,0.03610563650727272,0.03655051812529564,0.03610563650727272,0.03610563650727272,0.03610563650727272,0.03610563650727272,0.03610563650727272,0.03610563650727272
2018-12-27,0.03589711710810661,0.03841530904173851,0.038399338722229004,0.03589711710810661,0.038915809243917465,0.03758035600185394,0.03589711710810661,0.03589711710810661,0.03589711710810661,0.03589711710810661,0.03589711710810661,0.046985726803541183,0.03589711710810661,0.03738570958375931,0.03589711710810661,0.04370656609535217,0.03589711710810661,0.03589711710810661,0.03589711710810661,0.03589711710810661,0.03656597435474396,0.03589711710810661,0.03589711710810661,0.03589711710810661,0.03589711710810661,0.03589711710810661,0.03589711710810661
2018-12-28,0.03544728830456734,0.03581909090280533,0.03910110145807266,0.03544728830456734,0.04114396125078201,0.03906836733222008,0.040286749601364136,0.03544728830456734,0.03544728830456734,0.03544728830456734,0.03544728830456734,0.04890580475330353,0.03544728830456734,0.037188075482845306,0.03544728830456734,0.04190567508339882,0.03544728830456734,0.03544728830456734,0.03544728830456734,0.03544728830456734,0.038529932498931885,0.03544728830456734,0.03544728830456734,0.03544728830456734,0.03544728830456734,0.03544728830456734,0.03544728830456734
2018-12-31,0.035729434341192245,0.035729434341192245,0.03877129778265953,0.035729434341192245,0.04116017371416092,0.03860226646065712,0.04066302254796028,0.035729434341192245,0.035729434341192245,0.035729434341192245,0.035729434341192245,0.04527292400598526,0.035729434341192245,0.038916245102882385,0.035729434341192245,0.040325675159692764,0.03692353889346123,0.035729434341192245,0.035729434341192245,0.035729434341192245,0.036235082894563675,0.035729434341192245,0.035729434341192245,0.035729434341192245,0.035729434341192245,0.035729434341192245,0.035729434341192245
2019-01-02,0.037037037037037035,0.037037037037037035,0.037037037037037035,0.037037037037037035,0.037037037037037035,0.037037037037037035,0.037037037037037035,0.037037037037037035,0.037037037037037035,0.037037037037037035,0.037037037037037035,0.037037037037037035,0.037037037037037035,0.037037037037037035,0.037037037037037035,0.037037037037037035,0.037037037037037035,0.037037037037037035,0.037037037037037035,0.037037037037037035,0.037037037037037035,0.037037037037037035,0.037037037037037035,0.037037037037037035,0.037037037037037035,0.037037037037037035,0.037037037037037035
2019-01-03,0.03545409068465233,0.040337782353162766,0.03545409068465233,0.03545409068465233,0.03769305348396301,0.03545409068465233,0.0402173176407814,0.03545409068465233,0.04062517732381821,0.03545409068465233,0.03545409068465233,0.03545409068465233,0.04167521372437477,0.03545409068465233,0.03545409068465233,0.042121920734643936,0.03545409068465233,0.04324899986386299,0.037996284663677216,0.03545409068465233,0.03545409068465233,0.03545409068465233,0.03791062533855438,0.03545409068465233,0.03545409068465233,0.03545409068465233,0.03545409068465233
2019-01-04,0.03531327098608017,0.041913606226444244,0.03531327098608017,0.03531327098608017,0.041000306606292725,0.03686526417732239,0.03951794654130936,0.03531327098608017,0.041185397654771805,0.03531327098608017,0.03531327098608017,0.03531327098608017,0.039546746760606766,0.03531327098608017,0.03531327098608017,0.04092936962842941,0.03531327098608017,0.043981075286865234,0.03799143433570862,0.03531327098608017,0.03531327098608017,0.03531327098608017,0.03531327098608017,0.03531327098608017,0.03531327098608017,0.03674330934882164,0.03531327098608017
2019-01-07,0.03562907129526138,0.04004873335361481,0.03562907129526138,0.03562907129526138,0.03753272071480751,0.03562907129526138,0.04116492718458176,0.03562907129526138,0.040257494896650314,0.03562907129526138,0.03562907129526138,0.03562907129526138,0.04167773947119713,0.03562907129526138,0.03562907129526138,0.04010094702243805,0.03562907129526138,0.042331453412771225,0.03634706139564514,0.03562907129526138,0.03562907129526138,0.03562907129526138,0.03921563923358917,0.03562907129526138,0.03562907129526138,0.03562907129526138,0.03562907129526138
2019-01-08,0.03618006408214569,0.03816254809498787,0.03618006408214569,0.03666307032108307,0.03833536431193352,0.03618006408214569,0.03865160048007965,0.03618006408214569,0.04087945818901062,0.03618006408214569,0.03618006408214569,0.03618006408214569,0.0401071235537529,0.03618006408214569,0.03618006408214569,0.037729453295469284,0.03618006408214569,0.0414787121117115,0.03618006408214569,0.03618006408214569,0.03618006408214569,0.03618006408214569,0.03675150126218796,0.03618006408214569,0.03618006408214569,0.03618006408214569,0.03618006408214569
2019-01-09,0.03649469092488289,0.03649469092488289,0.03649469092488289,0.03803740441799164,0.041090454906225204,0.03676522895693779,0.03878525272011757,0.03649469092488289,0.037263769656419754,0.03649469092488289,0.03649469092488289,0.03649469092488289,0.0369526669383049,0.03649469092488289,0.03649469092488289,0.03739443048834801,0.03649469092488289,0.038221947848796844,0.036867789924144745,0.03649469092488289,0.03649469092488289,0.03649469092488289,0.03649469092488289,0.03660230338573456,0.03668363392353058,0.03791475668549538,0.03649469092488289
2019-01-10,0.03645867109298706,0.03669871762394905,0.03645867109298706,0.03691643103957176,0.041249778121709824,0.03645867109298706,0.03779390826821327,0.03645867109298706,0.03742678835988045,0.03645867109298706,0.03645867109298706,0.03645867109298706,0.03786207363009453,0.03645867109298706,0.03645867109298706,0.03773720934987068,0.03645867109298706,0.0395011343061924,0.03747747838497162,0.03645867109298706,0.03645867109298706,0.03645867109298706,0.03645867109298706,0.03645867109298706,0.03645867109298706,0.03753907233476639,0.03645867109298706
2019-01-11,0.03649672493338585,0.03649672493338585,0.03649672493338585,0.03803127631545067,0.04113045334815979,0.03677474334836006,0.03877731412649155,0.03649672493338585,0.03722872957587242,0.03649672493338585,0.03649672493338585,0.03649672493338585,0.03692382946610451,0.03649672493338585,0.03649672493338585,0.037402473390102386,0.03649672493338585,0.03820733726024628,0.0368514321744442,0.03649672493338585,0.03649672493338585,0.03649672493338585,0.03649672493338585,0.03657013177871704,0.036701567471027374,0.03794979676604271,0.03649672493338585
2019-01-14,0.03654434531927109,0.03654434531927109,0.03654434531927109,0.03830055147409439,0.04136378690600395,0.037217892706394196,0.03847172111272812,0.03654434531927109,0.036830298602581024,0.03654434531927109,0.03654434531927109,0.03654434531927109,0.036811668425798416,0.03654434531927109,0.03654434531927109,0.03694469481706619,0.03654434531927109,0.0382169708609581,0.03706182911992073,0.03654434531927109,0.03654434531927109,0.03654434531927109,0.03654434531927109,0.03654434531927109,0.03654434531927109,0.037526730448007584,0.03654434531927109
2019-01-15,0.036531712859869,0.036531712859869,0.036531712859869,0.03818608820438385,0.041322771459817886,0.037185944616794586,0.03862876817584038,0.036531712859869,0.0367756113409996,0.036531712859869,0.036531712859869,0.036531712859869,0.03688676282763481,0.036531712859869,0.036531712859869,0.03707289695739746,0.036531712859869,0.038300879299640656,0.03712458163499832,0.036531712859869,0.036531712859869,0.036531712859869,0.036531712859869,0.036531712859869,0.036531712859869,0.03747657313942909,0.036531712859869
2019-01-16,0.03636300191283226,0.03636300191283226,0.03636300191283226,0.039242129772901535,0.04174039512872696,0.039799246937036514,0.03636300191283226,0.03636300191283226,0.03636300191283226,0.03636300191283226,0.03636300191283226,0.03882858157157898,0.03636300191283226,0.03636300191283226,0.03636300191283226,0.03636300191283226,0.03636300191283226,0.037911832332611084,0.03780670091509819,0.03636300191283226,0.03636300191283226,0.03636300191283226,0.037411078810691833,0.03636300191283226,0.03636300191283226,0.03636300191283226,0.03636300191283226
2019-01-17,0.03626224026083946,0.03634146973490715,0.03666755184531212,0.038785845041275024,0.03882948309183121,0.03626224026083946,0.036624837666749954,0.03626224026083946,0.03626224026083946,0.03626224026083946,0.03626224026083946,0.039697397500276566,0.03626224026083946,0.03626224026083946,0.03626224026083946,0.03626224026083946,0.03626224026083946,0.04053995758295059,0.043041158467531204,0.03626224026083946,0.03626224026083946,0.03626224026083946,0.036751970648765564,0.03626224026083946,0.03626224026083946,0.03626224026083946,0.03626224026083946
2019-01-18,0.03619864583015442,0.03619864583015442,0.03921624645590782,0.04092569276690483,0.0375513881444931,0.03619864583015442,0.03619864583015442,0.03619864583015442,0.03619864583015442,0.03619864583015442,0.03619864583015442,0.0407881923019886,0.03619864583015442,0.03619864583015442,0.037077080458402634,0.03619864583015442,0.03619864583015442,0.03912331908941269,0.03995811194181442,0.03619864583015442,0.03619864583015442,0.03619864583015442,0.03758569061756134,0.03619864583015442,0.03619864583015442,0.03619864583015442,0.03619864583015442
2019-01-22,0.036581315100193024,0.036581315100193024,0.038265932351350784,0.036581315100193024,0.03761068359017372,0.036581315100193024,0.03659229725599289,0.036581315100193024,0.036581315100193024,0.036581315100193024,0.036581315100193024,0.038840826600790024,0.036581315100193024,0.036581315100193024,0.03832143545150757,0.036581315100193024,0.036581315100193024,0.04096667468547821,0.036581315100193024,0.036581315100193024,0.036581315100193024,0.036581315100193024,0.03777583688497543,0.036581315100193024,0.036581315100193024,0.036581315100193024,0.036581315100193024
2019-01-23,0.036456093192100525,0.036456093192100525,0.03878233581781387,0.03659508004784584,0.036456093192100525,0.036456093192100525,0.036456093192100525,0.036456093192100525,0.036456093192100525,0.036456093192100525,0.03705352544784546,0.04065684974193573,0.036456093192100525,0.036456093192100525,0.036456093192100525,0.036456093192100525,0.036456093192100525,0.040800996124744415,0.04053320363163948,0.036456093192100525,0.036456093192100525,0.036456093192100525,0.036456093192100525,0.036456093192100525,0.036456093192100525,0.036456093192100525,0.036456093192100525
2019-01-24,0.036562029272317886,0.036562029272317886,0.036766618490219116,0.039331186562776566,0.036562029272317886,0.036562029272317886,0.03850206360220909,0.036562029272317886,0.036562029272317886,0.036562029272317886,0.036562029272317886,0.03702906146645546,0.036562029272317886,0.036562029272317886,0.0366063117980957,0.036562029272317886,0.036562029272317886,0.03962774574756622,0.03657013177871704,0.036562029272317886,0.036562029272317886,0.036562029272317886,0.04088834673166275,0.036562029272317886,0.036562029272317886,0.036562029272317886,0.036562029272317886
2019-01-25,0.03648420795798302,0.03648420795798302,0.03648420795798302,0.03648420795798302,0.03648420795798302,0.03648420795798302,0.03686390817165375,0.03648420795798302,0.03648420795798302,0.03648420795798302,0.037858996540308,0.04051695391535759,0.03648420795798302,0.03648420795798302,0.03648420795798302,0.03648420795798302,0.03648420795798302,0.04129083454608917,0.03988047316670418,0.03648420795798302,0.03648420795798302,0.03648420795798302,0.037420473992824554,0.03648420795798302,0.03648420795798302,0.03648420795798302,0.03648420795798302
2019-01-28,0.03575881943106651,0.03575881943106651,0.03575881943106651,0.03806964308023453,0.03575881943106651,0.03575881943106651,0.044820573180913925,0.03575881943106651,0.03575881943106651,0.03575881943106651,0.036611005663871765,0.03575881943106651,0.04141579568386078,0.03575881943106651,0.03712199255824089,0.03575881943106651,0.03575881943106651,0.03761068731546402,0.037582166492938995,0.037147171795368195,0.03575881943106651,0.03575881943106651,0.04570520669221878,0.03575881943106651,0.03575881943106651,0.03601578623056412,0.03575881943106651
2019-01-29,0.036189064383506775,0.036189064383506775,0.036189064383506775,0.036189064383506775,0.03880482539534569,0.036189064383506775,0.04510919004678726,0.036189064383506775,0.036189064383506775,0.036189064383506775,0.036189064383506775,0.036189064383506775,0.03828541561961174,0.036189064383506775,0.036189064383506775,0.04014848545193672,0.036189064383506775,0.04002043604850769,0.036189064383506775,0.036189064383506775,0.036189064383506775,0.036189064383506775,0.03642510995268822,0.036189064383506775,0.036189064383506775,0.03742522373795509,0.036189064383506775
2019-01-30,0.03553228825330734,0.03553228825330734,0.03553228825330734,0.03553228825330734,0.03601553663611412,0.03553228825330734,0.05005483701825142,0.03553228825330734,0.03751242160797119,0.03553228825330734,0.03553228825330734,0.03553228825330734,0.042596448212862015,0.03553228825330734,0.03553228825330734,0.03900625556707382,0.03553228825330734,0.03937387093901634,0.03553228825330734,0.036764904856681824,0.03553228825330734,0.03553228825330734,0.039714716374874115,0.03553228825330734,0.03553228825330734,0.03937988355755806,0.03553228825330734
2019-01-31,0.03531860187649727,0.03531860187649727,0.03531860187649727,0.03531860187649727,0.03531860187649727,0.03531860187649727,0.05164258927106857,0.03531860187649727,0.03730408474802971,0.03531860187649727,0.03575215861201286,0.03531860187649727,0.043889932334423065,0.03531860187649727,0.03531860187649727,0.040005359798669815,0.03531860187649727,0.03558144345879555,0.03531860187649727,0.03846896067261696,0.03537837043404579,0.03531860187649727,0.046242281794548035,0.03531860187649727,0.03531860187649727,0.03531860187649727,0.03531860187649727
2019-02-01,0.03544744849205017,0.03544744849205017,0.03544744849205017,0.035465989261865616,0.03544744849205017,0.03544744849205017,0.049625273793935776,0.03544744849205017,0.03569144383072853,0.03544744849205017,0.03671058267354965,0.03544744849205017,0.04456565901637077,0.03544744849205017,0.03544744849205017,0.03901152312755585,0.03544744849205017,0.03544744849205017,0.03544744849205017,0.03899458050727844,0.0358046218752861,0.03544744849205017,0.04564862325787544,0.03544744849205017,0.03587508574128151,0.03544744849205017,0.03544744849205017
2019-02-04,0.03499167412519455,0.03499167412519455,0.03499167412519455,0.03859179839491844,0.03499167412519455,0.03499167412519455,0.04452164098620415,0.03499167412519455,0.040188178420066833,0.03499167412519455,0.04073900729417801,0.03499167412519455,0.043933793902397156,0.03499167412519455,0.04102599248290062,0.03499167412519455,0.03623801842331886,0.03499167412519455,0.03642239794135094,0.03788680583238602,0.03499167412519455,0.03499167412519455,0.04207347333431244,0.03499167412519455,0.03682743012905121,0.036676328629255295,0.03499167412519455
2019-02-05,0.03503047674894333,0.03503047674894333,0.03503047674894333,0.037015873938798904,0.03503047674894333,0.03503047674894333,0.046321794390678406,0.03556482866406441,0.040759917348623276,0.03503047674894333,0.04101599380373955,0.03503047674894333,0.043017078191041946,0.03503047674894333,0.04017854854464531,0.03605272248387337,0.0361601896584034,0.03503047674894333,0.03503047674894333,0.03882918506860733,0.03503047674894333,0.03503047674894333,0.04143119603395462,0.03537842631340027,0.03784751147031784,0.03503047674894333,0.03503047674894333
2019-02-06,0.03517712652683258,0.03517712652683258,0.03517712652683258,0.03791085258126259,0.03517712652683258,0.03517712652683258,0.04498451203107834,0.03517712652683258,0.037883490324020386,0.03517712652683258,0.040835488587617874,0.03517712652683258,0.04319002106785774,0.03517712652683258,0.04057132080197334,0.03517712652683258,0.03529597073793411,0.03685446083545685,0.03724053502082825,0.03939012065529823,0.03517712652683258,0.03517712652683258,0.04214206710457802,0.03574297949671745,0.03547846898436546,0.03517712652683258,0.03517712652683258
2019-02-07,0.035100292414426804,0.035100292414426804,0.035100292414426804,0.03814834728837013,0.035100292414426804,0.035100292414426804,0.04600086063146591,0.035100292414426804,0.037135329097509384,0.035100292414426804,0.040546905249357224,0.035100292414426804,0.044213347136974335,0.035100292414426804,0.040856726467609406,0.035100292414426804,0.035100292414426804,0.035100292414426804,0.038569770753383636,0.03887147456407547,0.035100292414426804,0.035100292414426804,0.043807704001665115,0.03514456748962402,0.035100292414426804,0.035100292414426804,0.035100292414426804
2019-02-08,0.03619100898504257,0.03619100898504257,0.03619100898504257,0.03758207708597183,0.03619100898504257,0.03619100898504257,0.043323490768671036,0.03619100898504257,0.03619100898504257,0.03619100898504257,0.038503605872392654,0.03619100898504257,0.04030267894268036,0.03619100898504257,0.03619100898504257,0.03619100898504257,0.03619100898504257,0.03750980645418167,0.03619100898504257,0.03891076520085335,0.03619100898504257,0.03619100898504257,0.04004736989736557,0.03619100898504257,0.03619100898504257,0.03619100898504257,0.03619100898504257
2019-02-11,0.036278001964092255,0.036278001964092255,0.036278001964092255,0.03692353516817093,0.0378103107213974,0.036278001964092255,0.04362674430012703,0.036278001964092255,0.036278001964092255,0.036278001964092255,0.036278001964092255,0.036278001964092255,0.04149526357650757,0.036278001964092255,0.036278001964092255,0.03673737123608589,0.036278001964092255,0.036278001964092255,0.036278001964092255,0.036278001964092255,0.036278001964092255,0.036278001964092255,0.03672274202108383,0.036278001964092255,0.036278001964092255,0.04112395644187927,0.036278001964092255
2019-02-12,0.03615112230181694,0.03615112230181694,0.03615112230181694,0.03615112230181694,0.03747168928384781,0.03615112230181694,0.044396113604307175,0.03615112230181694,0.03615112230181694,0.03615112230181694,0.03615112230181694,0.03615112230181694,0.04197343811392784,0.03615112230181694,0.03615112230181694,0.03820712864398956,0.03615112230181694,0.03615112230181694,0.03615112230181694,0.03615112230181694,0.03615112230181694,0.03615112230181694,0.03781118988990784,0.03615112230181694,0.03615112230181694,0.0409669354557991,0.03615112230181694
2019-02-13,0.03636965900659561,0.03636965900659561,0.03636965900659561,0.041120268404483795,0.03645365312695503,0.03636965900659561,0.03841612488031387,0.03636965900659561,0.03636965900659561,0.03636965900659561,0.03693194314837456,0.03636965900659561,0.03664781153202057,0.03636965900659561,0.037398550659418106,0.03636965900659561,0.03636965900659561,0.03636965900659561,0.03636965900659561,0.03636965900659561,0.03636965900659561,0.03636965900659561,0.03985735401511192,0.03636965900659561,0.03636965900659561,0.04215080291032791,0.03636965900659561
2019-02-14,0.03549864515662193,0.03549864515662193,0.03549864515662193,0.04313720762729645,0.03549864515662193,0.03549864515662193,0.040679000318050385,0.03549864515662193,0.03595534712076187,0.03549864515662193,0.04047325626015663,0.03549864515662193,0.04143417626619339,0.03549864515662193,0.03921280428767204,0.03549864515662193,0.035881415009498596,0.03549864515662193,0.037618838250637054,0.03897146135568619,0.03549864515662193,0.03549864515662193,0.040166355669498444,0.03549864515662193,0.03549864515662193,0.03849181532859802,0.03549864515662193
2019-02-15,0.03600664064288139,0.03600664064288139,0.03600664064288139,0.03736307471990585,0.03600664064288139,0.03600664064288139,0.04068079963326454,0.03600664064288139,0.03600664064288139,0.03600664064288139,0.03600664064288139,0.03600664064288139,0.04310346022248268,0.03600664064288139,0.0361112579703331,0.03600664064288139,0.03600664064288139,0.04037173092365265,0.03722763806581497,0.03600664064288139,0.03600664064288139,0.03600664064288139,0.04433659091591835,0.03600664064288139,0.03600664064288139,0.036679234355688095,0.03600664064288139
2019-02-19,0.03615237772464752,0.03615237772464752,0.03615237772464752,0.03833605349063873,0.03615237772464752,0.03615237772464752,0.039399292320013046,0.03615237772464752,0.03615237772464752,0.03615237772464752,0.03615237772464752,0.03615237772464752,0.0422801710665226,0.03615237772464752,0.03615237772464752,0.03615237772464752,0.03615237772464752,0.03973931446671486,0.03815579414367676,0.03669867664575577,0.03615237772464752,0.03615237772464752,0.04100321978330612,0.03615237772464752,0.03615237772464752,0.0374922938644886,0.03615237772464752
2019-02-20,0.03619856387376785,0.03619856387376785,0.03619856387376785,0.038631342351436615,0.03619856387376785,0.03619856387376785,0.03866899013519287,0.03619856387376785,0.03619856387376785,0.03619856387376785,0.03619856387376785,0.03619856387376785,0.04102756455540657,0.03619856387376785,0.036243729293346405,0.03619856387376785,0.03619856387376785,0.04047108441591263,0.03714657574892044,0.03732630982995033,0.03619856387376785,0.03619856387376785,0.04271171987056732,0.03619856387376785,0.03619856387376785,0.03619856387376785,0.03619856387376785
2019-02-21,0.03606969118118286,0.03606969118118286,0.03606969118118286,0.03847523778676987,0.03606969118118286,0.03606969118118286,0.03933796286582947,0.03606969118118286,0.03606969118118286,0.03606969118118286,0.03615572303533554,0.03606969118118286,0.04213489219546318,0.03606969118118286,0.03695394843816757,0.03606969118118286,0.03606969118118286,0.03994336724281311,0.037688590586185455,0.03700464591383934,0.03606969118118286,0.03606969118118286,0.04298057407140732,0.03606969118118286,0.03606969118118286,0.03614037483930588,0.03606969118118286
2019-02-22,0.036653053015470505,0.036653053015470505,0.036653053015470505,0.036653053015470505,0.036653053015470505,0.036653053015470505,0.03709452599287033,0.036653053015470505,0.038110993802547455,0.036653053015470505,0.036653053015470505,0.036653053015470505,0.039114806801080704,0.036653053015470505,0.036653053015470505,0.036653053015470505,0.036653053015470505,0.0413287952542305,0.036653053015470505,0.036998067051172256,0.036653053015470505,0.036653053015470505,0.03763870522379875,0.036653053015470505,0.036653053015470505,0.036653053015470505,0.036653053015470505
2019-02-25,0.03633010759949684,0.03633010759949684,0.03633010759949684,0.03803818300366402,0.03633010759949684,0.03633010759949684,0.03955406695604324,0.03633010759949684,0.03804309666156769,0.03633010759949684,0.03783030807971954,0.03633010759949684,0.03934681415557861,0.03633010759949684,0.03633010759949684,0.03633010759949684,0.03633010759949684,0.04003531485795975,0.03633010759949684,0.03960554301738739,0.03633010759949684,0.03633010759949684,0.037274617701768875,0.03633010759949684,0.03633010759949684,0.03633010759949684,0.03633010759949684
2019-02-26,0.03605062887072563,0.03605062887072563,0.03605062887072563,0.03909716010093689,0.03605062887072563,0.03605062887072563,0.04085667058825493,0.03605062887072563,0.03605062887072563,0.03605062887072563,0.03705226629972458,0.03605062887072563,0.04056408256292343,0.03605062887072563,0.03624871000647545,0.03605062887072563,0.03620400279760361,0.03866295889019966,0.03605062887072563,0.038568951189517975,0.03605062887072563,0.03605062887072563,0.04383392259478569,0.03605062887072563,0.03605062887072563,0.03605062887072563,0.03605062887072563
2019-02-27,0.03562327101826668,0.03562327101826668,0.03562327101826668,0.03722912818193436,0.03562327101826668,0.03562327101826668,0.04462875425815582,0.03562327101826668,0.03562327101826668,0.03562327101826668,0.03673979267477989,0.03562327101826668,0.04100023955106735,0.03562327101826668,0.03849131986498833,0.03562327101826668,0.035833775997161865,0.03868893161416054,0.03562327101826668,0.03846794739365578,0.03562327101826668,0.03562327101826668,0.047701239585876465,0.03562327101826668,0.03562327101826668,0.03562327101826668,0.03562327101826668
2019-02-28,0.03584221377968788,0.03584221377968788,0.03584221377968788,0.04073386266827583,0.03584221377968788,0.03584221377968788,0.04135975241661072,0.03584221377968788,0.03742586448788643,0.03584221377968788,0.03584221377968788,0.03584221377968788,0.04123373702168465,0.03584221377968788,0.03856845200061798,0.03584221377968788,0.03607304394245148,0.03584221377968788,0.03584221377968788,0.03649738430976868,0.03584221377968788,0.03584221377968788,0.04121944680809975,0.03584221377968788,0.03584221377968788,0.04172858968377113,0.03584221377968788
2019-03-01,0.03619953244924545,0.03619953244924545,0.03619953244924545,0.043210748583078384,0.03619953244924545,0.03860873728990555,0.03698713332414627,0.03619953244924545,0.03619953244924545,0.03619953244924545,0.03619953244924545,0.03635777533054352,0.039288219064474106,0.03619953244924545,0.03784950450062752,0.03619953244924545,0.03619953244924545,0.03619953244924545,0.03619953244924545,0.03653019666671753,0.03619953244924545,0.03619953244924545,0.04191780090332031,0.03619953244924545,0.03619953244924545,0.03765823692083359,0.03619953244924545
2019-03-04,0.03582843765616417,0.03582843765616417,0.03582843765616417,0.04036715254187584,0.03582843765616417,0.03582843765616417,0.04161306843161583,0.03582843765616417,0.03813619166612625,0.03582843765616417,0.03582843765616417,0.03582843765616417,0.041331592947244644,0.03582843765616417,0.037990402430295944,0.03582843765616417,0.036012083292007446,0.03582843765616417,0.03582843765616417,0.03656135872006416,0.03582843765616417,0.03582843765616417,0.040758874267339706,0.03582843765616417,0.03582843765616417,0.04231739044189453,0.03582843765616417
2019-03-05,0.036212433129549026,0.036212433129549026,0.036212433129549026,0.04146735370159149,0.036212433129549026,0.03630465641617775,0.03849498927593231,0.036212433129549026,0.03760743886232376,0.036212433129549026,0.036212433129549026,0.036212433129549026,0.04011235386133194,0.036212433129549026,0.036212433129549026,0.036212433129549026,0.03627721220254898,0.036212433129549026,0.036212433129549026,0.03673958778381348,0.036212433129549026,0.036212433129549026,0.039842549711465836,0.036212433129549026,0.036212433129549026,0.041330017149448395,0.036212433129549026
2019-03-06,0.0360441654920578,0.0360441654920578,0.0360441654920578,0.039760224521160126,0.0360441654920578,0.0360441654920578,0.04145247861742973,0.0360441654920578,0.036350589245557785,0.0360441654920578,0.0360441654920578,0.0360441654920578,0.04211529716849327,0.0360441654920578,0.0360441654920578,0.0360441654920578,0.0360441654920578,0.0360441654920578,0.036647260189056396,0.037951357662677765,0.0360441654920578,0.0360441654920578,0.03980547562241554,0.03616829589009285,0.036412615329027176,0.04058561474084854,0.0360441654920578
2019-03-07,0.03638214245438576,0.03638214245438576,0.03638214245438576,0.03808416798710823,0.03638214245438576,0.03701552748680115,0.03743414208292961,0.03638214245438576,0.03834467753767967,0.03638214245438576,0.03638214245438576,0.03638214245438576,0.03942900151014328,0.03638214245438576,0.03638214245438576,0.03638214245438576,0.03638214245438576,0.03638214245438576,0.03638214245438576,0.03775632381439209,0.03638214245438576,0.03638214245438576,0.03638214245438576,0.03794208541512489,0.03786962106823921,0.041245948523283005,0.03638214245438576
2019-03-08,0.036233674734830856,0.036233674734830856,0.036233674734830856,0.03624790161848068,0.036233674734830856,0.036233674734830856,0.04214482009410858,0.036233674734830856,0.03819556161761284,0.036233674734830856,0.036233674734830856,0.036233674734830856,0.04249704256653786,0.036233674734830856,0.036233674734830856,0.036233674734830856,0.036233674734830856,0.036233674734830856,0.036233674734830856,0.037655606865882874,0.036233674734830856,0.036233674734830856,0.03901970386505127,0.036233674734830856,0.036995239555835724,0.038804326206445694,0.036233674734830856
2019-03-11,0.03644726425409317,0.03644726425409317,0.03644726425409317,0.03644726425409317,0.03644726425409317,0.03644726425409317,0.04034579545259476,0.03644726425409317,0.03793363273143768,0.03644726425409317,0.03644726425409317,0.03644726425409317,0.044279757887125015,0.03644726425409317,0.03644726425409317,0.03644726425409317,0.03644726425409317,0.03644726425409317,0.03644726425409317,0.03644726425409317,0.03644726425409317,0.03644726425409317,0.03782159835100174,0.03644726425409317,0.03644726425409317,0.03777943551540375,0.03644726425409317
2019-03-12,0.03580876812338829,0.03580876812338829,0.03580876812338829,0.03688611462712288,0.03580876812338829,0.03580876812338829,0.043990831822156906,0.03580876812338829,0.03580876812338829,0.03580876812338829,0.03580876812338829,0.03580876812338829,0.04329312965273857,0.03580876812338829,0.0360904224216938,0.03580876812338829,0.03580876812338829,0.03733806312084198,0.03918365016579628,0.03828149661421776,0.03580876812338829,0.03580876812338829,0.04353046789765358,0.03580876812338829,0.03580876812338829,0.036848053336143494,0.03580876812338829
2019-03-13,0.03570174053311348,0.03570174053311348,0.03570174053311348,0.03854641690850258,0.03570174053311348,0.03570174053311348,0.04068118706345558,0.03570174053311348,0.03570174053311348,0.03570174053311348,0.03889671340584755,0.03570174053311348,0.042118169367313385,0.03570174053311348,0.03625980392098427,0.03570174053311348,0.03570174053311348,0.04036350175738335,0.03999308869242668,0.03712647408246994,0.03628605231642723,0.03570174053311348,0.039569247514009476,0.03570174053311348,0.03570174053311348,0.038931529968976974,0.03570174053311348
2019-03-14,0.03575552999973297,0.03575552999973297,0.03575552999973297,0.03968722000718117,0.03575552999973297,0.03575552999973297,0.040164515376091,0.03575552999973297,0.03575552999973297,0.03575552999973297,0.037949107587337494,0.03575552999973297,0.041463375091552734,0.03575552999973297,0.03810593858361244,0.03575552999973297,0.03575552999973297,0.04030020907521248,0.03959306702017784,0.036896560341119766,0.03575552999973297,0.03575552999973297,0.03988153114914894,0.03575552999973297,0.03575552999973297,0.03811444342136383,0.03575552999973297
2019-03-15,0.03569832444190979,0.03569832444190979,0.03693615272641182,0.04108576104044914,0.03569832444190979,0.03569832444190979,0.037538763135671616,0.03569832444190979,0.03569832444190979,0.03569832444190979,0.037879087030887604,0.03569832444190979,0.04041917249560356,0.03569832444190979,0.038687802851200104,0.03569832444190979,0.03649332746863365,0.03942554071545601,0.04032079502940178,0.036115556955337524,0.03569832444190979,0.03569832444190979,0.03996959328651428,0.03569832444190979,0.03569832444190979,0.039653558284044266,0.03569832444190979
2019-03-18,0.035889897495508194,0.035889897495508194,0.03808613121509552,0.042832620441913605,0.035889897495508194,0.035889897495508194,0.035889897495508194,0.035889897495508194,0.035889897495508194,0.035889897495508194,0.039723336696624756,0.035889897495508194,0.039304494857788086,0.035889897495508194,0.038313545286655426,0.035889897495508194,0.036599501967430115,0.03693237900733948,0.0393914133310318,0.037041403353214264,0.035889897495508194,0.035889897495508194,0.036814138293266296,0.03620664030313492,0.035889897495508194,0.040405966341495514,0.035889897495508194
2019-03-19,0.035989146679639816,0.035989146679639816,0.03795367479324341,0.04378003627061844,0.035989146679639816,0.035989146679639816,0.035989146679639816,0.035989146679639816,0.035989146679639816,0.035989146679639816,0.0392828993499279,0.035989146679639816,0.04015283286571503,0.035989146679639816,0.039656639099121094,0.035989146679639816,0.03635315224528313,0.03714379668235779,0.037618789821863174,0.039192695170640945,0.035989146679639816,0.035989146679639816,0.03702269494533539,0.035989146679639816,0.036016471683979034,0.035989146679639816,0.035989146679639816
2019-03-20,0.03589306399226189,0.03589306399226189,0.038187772035598755,0.04446549341082573,0.03589306399226189,0.03589306399226189,0.03589306399226189,0.03589306399226189,0.03589306399226189,0.03589306399226189,0.03975856304168701,0.03589306399226189,0.04012762010097504,0.03589306399226189,0.03974071145057678,0.03589306399226189,0.036258406937122345,0.03690487518906593,0.0367257185280323,0.03985320031642914,0.03589306399226189,0.03589306399226189,0.03736577555537224,0.03589306399226189,0.03632284328341484,0.03589306399226189,0.03589306399226189
2019-03-21,0.035714149475097656,0.035966768860816956,0.035714149475097656,0.03900432214140892,0.035714149475097656,0.035714149475097656,0.040020640939474106,0.035714149475097656,0.035714149475097656,0.035714149475097656,0.035714149475097656,0.035714149475097656,0.04277494549751282,0.035714149475097656,0.03856067359447479,0.035714149475097656,0.035714149475097656,0.040794603526592255,0.04118366912007332,0.03799208626151085,0.035714149475097656,0.035714149475097656,0.040847618132829666,0.035714149475097656,0.035714149475097656,0.035714149475097656,0.035714149475097656
2019-03-22,0.03567636385560036,0.03567636385560036,0.03567636385560036,0.039918843656778336,0.03567636385560036,0.03567636385560036,0.03846849873661995,0.03567636385560036,0.03567636385560036,0.03567636385560036,0.03567636385560036,0.03567636385560036,0.04150780662894249,0.03567636385560036,0.03978872299194336,0.03567636385560036,0.03567636385560036,0.04075855761766434,0.04176260903477669,0.037401922047138214,0.03567636385560036,0.03567636385560036,0.04254208877682686,0.03567636385560036,0.03567636385560036,0.03567636385560036,0.03567636385560036
2019-03-25,0.03653644025325775,0.038184233009815216,0.03653644025325775,0.03653644025325775,0.03653644025325775,0.03653644025325775,0.03653644025325775,0.03653644025325775,0.03653644025325775,0.03653644025325775,0.03653644025325775,0.03653644025325775,0.039284009486436844,0.03653644025325775,0.03653644025325775,0.03653644025325775,0.03653644025325775,0.0446607805788517,0.03653644025325775,0.03753283619880676,0.03653644025325775,0.03653644025325775,0.03653644025325775,0.03653644025325775,0.03653644025325775,0.03653644025325775,0.03653644025325775
2019-03-26,0.03658781200647354,0.038824111223220825,0.03658781200647354,0.03659899905323982,0.03658781200647354,0.03658781200647354,0.03658781200647354,0.03658781200647354,0.03658781200647354,0.03658781200647354,0.03658781200647354,0.03658781200647354,0.03832612559199333,0.03658781200647354,0.03658781200647354,0.03658781200647354,0.03658781200647354,0.043959252536296844,0.037359677255153656,0.03658781200647354,0.03658781200647354,0.03658781200647354,0.03658781200647354,0.03658781200647354,0.03658781200647354,0.03658781200647354,0.03658781200647354
2019-03-27,0.036228056997060776,0.03964630886912346,0.036228056997060776,0.036228056997060776,0.036228056997060776,0.036228056997060776,0.036228056997060776,0.036228056997060776,0.036228056997060776,0.03649629279971123,0.036228056997060776,0.036228056997060776,0.03928288817405701,0.036228056997060776,0.036228056997060776,0.036228056997060776,0.036228056997060776,0.046606045216321945,0.036228056997060776,0.04048439487814903,0.036228056997060776,0.036228056997060776,0.03669491037726402,0.036228056997060776,0.036228056997060776,0.036228056997060776,0.036228056997060776
2019-03-28,0.03619278594851494,0.03619278594851494,0.03619278594851494,0.03619278594851494,0.03619278594851494,0.03619278594851494,0.04044529050588608,0.03619278594851494,0.03741597756743431,0.03619278594851494,0.03622952103614807,0.03619278594851494,0.04001396521925926,0.03619278594851494,0.03619278594851494,0.036500606685876846,0.03619278594851494,0.040282443165779114,0.03619278594851494,0.03961500898003578,0.03619278594851494,0.03619278594851494,0.036714065819978714,0.03619278594851494,0.04131293296813965,0.03619278594851494,0.03619278594851494
2019-03-29,0.03615380451083183,0.03615380451083183,0.03615380451083183,0.03615380451083183,0.03615380451083183,0.03615380451083183,0.04033078998327255,0.03615380451083183,0.03734958916902542,0.03615380451083183,0.03662961721420288,0.03615380451083183,0.040380898863077164,0.03615380451083183,0.03615380451083183,0.03627545386552811,0.03615380451083183,0.04019821435213089,0.03615380451083183,0.03999662026762962,0.03615380451083183,0.03615380451083183,0.03693234547972679,0.03615380451083183,0.041137997061014175,0.03615380451083183,0.03615380451083183
2019-04-01,0.03595109283924103,0.03595109283924103,0.03595109283924103,0.03595109283924103,0.03595109283924103,0.03595109283924103,0.038483813405036926,0.03595109283924103,0.03739408031105995,0.03595109283924103,0.03891589120030403,0.03595109283924103,0.0406038872897625,0.03595109283924103,0.03595109283924103,0.037576764822006226,0.03595109283924103,0.04109375178813934,0.03595109283924103,0.04061824455857277,0.03595109283924103,0.03595109283924103,0.037811242043972015,0.03595109283924103,0.040382687002420425,0.03595109283924103,0.03595109283924103
2019-04-02,0.036049939692020416,0.036049939692020416,0.036049939692020416,0.03943197429180145,0.036049939692020416,0.036049939692020416,0.03847022354602814,0.036049939692020416,0.036049939692020416,0.036049939692020416,0.04023580253124237,0.036049939692020416,0.04005141928792,0.036049939692020416,0.03740929067134857,0.036049939692020416,0.036049939692020416,0.03636892884969711,0.036049939692020416,0.04283592104911804,0.036049939692020416,0.036049939692020416,0.03854497894644737,0.036049939692020416,0.03775257244706154,0.036049939692020416,0.036049939692020416
2019-04-03,0.036105554550886154,0.036105554550886154,0.036105554550886154,0.0383111946284771,0.036105554550886154,0.036105554550886154,0.03844982758164406,0.036105554550886154,0.036105554550886154,0.036105554550886154,0.04133368283510208,0.036105554550886154,0.03934313356876373,0.036105554550886154,0.036105554550886154,0.036105554550886154,0.036105554550886154,0.036105554550886154,0.036105554550886154,0.04325765371322632,0.036105554550886154,0.036105554550886154,0.03832418844103813,0.036105554550886154,0.0388692282140255,0.036105554550886154,0.036105554550886154
2019-04-04,0.03596406430006027,0.03596406430006027,0.04062943533062935,0.03596406430006027,0.03596406430006027,0.03596406430006027,0.03596406430006027,0.03596406430006027,0.03596406430006027,0.03596406430006027,0.043719399720430374,0.03711669147014618,0.03696940839290619,0.03596406430006027,0.03596406430006027,0.03733321279287338,0.03596406430006027,0.04373933747410774,0.04118223860859871,0.03596406430006027,0.03596406430006027,0.03596406430006027,0.03596406430006027,0.035993047058582306,0.03596406430006027,0.03596406430006027,0.03596406430006027
2019-04-05,0.03627260401844978,0.03627260401844978,0.03749477490782738,0.03627260401844978,0.03627260401844978,0.03627260401844978,0.03640551120042801,0.03789248690009117,0.03627260401844978,0.03627260401844978,0.043091945350170135,0.03627260401844978,0.03627260401844978,0.03627260401844978,0.03627260401844978,0.03627260401844978,0.03627260401844978,0.04218265786767006,0.03635973110795021,0.03895757347345352,0.03627260401844978,0.03627260401844978,0.03627260401844978,0.03665487840771675,0.038053564727306366,0.03627260401844978,0.03627260401844978
2019-04-08,0.035926226526498795,0.035926226526498795,0.035926226526498795,0.03647875413298607,0.035926226526498795,0.035926226526498795,0.03887353464961052,0.035926226526498795,0.035926226526498795,0.035926226526498795,0.041777078062295914,0.035926226526498795,0.03921112045645714,0.035926226526498795,0.03963224217295647,0.035926226526498795,0.035926226526498795,0.03699290379881859,0.041166119277477264,0.03964191675186157,0.035926226526498795,0.035926226526498795,0.03795801103115082,0.035926226526498795,0.03752247616648674,0.035926226526498795,0.035926226526498795
2019-04-09,0.036240220069885254,0.036240220069885254,0.036240220069885254,0.03657147288322449,0.036240220069885254,0.036240220069885254,0.03669701889157295,0.036240220069885254,0.036240220069885254,0.03630420193076134,0.041221778839826584,0.036240220069885254,0.0381413958966732,0.036240220069885254,0.037964195013046265,0.036240220069885254,0.036240220069885254,0.0382300540804863,0.03826365992426872,0.03975081816315651,0.036240220069885254,0.036240220069885254,0.03869553282856941,0.036240220069885254,0.03831641003489494,0.036240220069885254,0.036240220069885254
2019-04-10,0.03631303086876869,0.03631303086876869,0.03631303086876869,0.03631303086876869,0.03631303086876869,0.03631303086876869,0.03631303086876869,0.03631303086876869,0.03631303086876869,0.03631303086876869,0.04106242209672928,0.03631303086876869,0.038968607783317566,0.03631303086876869,0.03631303086876869,0.03631303086876869,0.03631303086876869,0.04117688909173012,0.03631303086876869,0.03974534943699837,0.0363534539937973,0.03631303086876869,0.03908887878060341,0.037343740463256836,0.03631303086876869,0.03631303086876869,0.03631303086876869
2019-04-11,0.035987548530101776,0.035987548530101776,0.03634211793541908,0.035987548530101776,0.035987548530101776,0.035987548530101776,0.035987548530101776,0.036119744181632996,0.035987548530101776,0.035987548530101776,0.04113171994686127,0.035987548530101776,0.0382583886384964,0.035987548530101776,0.035987548530101776,0.035987548530101776,0.037098392844200134,0.04146796092391014,0.035987548530101776,0.041035495698451996,0.03759700804948807,0.035987548530101776,0.04125981032848358,0.03790099918842316,0.035987548530101776,0.035987548530101776,0.035987548530101776
2019-04-12,0.036179061979055405,0.036179061979055405,0.036179061979055405,0.036179061979055405,0.036179061979055405,0.03805704787373543,0.036179061979055405,0.036179061979055405,0.036179061979055405,0.036179061979055405,0.03771302103996277,0.04212090000510216,0.03664712607860565,0.036179061979055405,0.036179061979055405,0.036179061979055405,0.036179061979055405,0.038753610104322433,0.04084774851799011,0.036179061979055405,0.036179061979055405,0.036179061979055405,0.042279358953237534,0.036179061979055405,0.036179061979055405,0.036179061979055405,0.036179061979055405
2019-04-15,0.03630658611655235,0.03630658611655235,0.03630658611655235,0.03756297007203102,0.03630658611655235,0.03653719648718834,0.03630658611655235,0.03630658611655235,0.03630658611655235,0.03630658611655235,0.037470847368240356,0.0401020273566246,0.03630658611655235,0.03630658611655235,0.03680854290723801,0.03630658611655235,0.03630658611655235,0.040336910635232925,0.03985277935862541,0.03630658611655235,0.03630658611655235,0.03630658611655235,0.04150357097387314,0.03630658611655235,0.03630658611655235,0.03630658611655235,0.03630658611655235
2019-04-16,0.03643369302153587,0.03643369302153587,0.03643369302153587,0.03643369302153587,0.03643369302153587,0.03643369302153587,0.03643369302153587,0.03643369302153587,0.03643369302153587,0.03643369302153587,0.037804096937179565,0.03819946199655533,0.03643369302153587,0.03643369302153587,0.036645498126745224,0.03643369302153587,0.03643369302153587,0.0414917916059494,0.03817217797040939,0.036618154495954514,0.03643369302153587,0.03643369302153587,0.042394887655973434,0.03643369302153587,0.03643369302153587,0.03643369302153587,0.03643369302153587
2019-04-17,0.03636428713798523,0.03636428713798523,0.03636428713798523,0.037122201174497604,0.03636428713798523,0.03636428713798523,0.03636428713798523,0.03636428713798523,0.03636428713798523,0.03636428713798523,0.037730202078819275,0.03901432827115059,0.03636428713798523,0.03636428713798523,0.03743716701865196,0.03636428713798523,0.036522265523672104,0.041034337133169174,0.03811758756637573,0.03636428713798523,0.03636428713798523,0.03636428713798523,0.0421004593372345,0.03636428713798523,0.03636428713798523,0.03636428713798523,0.03636428713798523
2019-04-18,0.03643482178449631,0.03643482178449631,0.03643482178449631,0.03643482178449631,0.03643482178449631,0.03656034916639328,0.037848860025405884,0.03643482178449631,0.03643482178449631,0.03643482178449631,0.03671102970838547,0.038183219730854034,0.03643482178449631,0.03643482178449631,0.03672042861580849,0.03643482178449631,0.03643482178449631,0.04125513881444931,0.03650471940636635,0.03737447410821915,0.03643482178449631,0.03643482178449631,0.0430150181055069,0.03643482178449631,0.03643482178449631,0.03643482178449631,0.03643482178449631
2019-04-22,0.036558136343955994,0.036558136343955994,0.036558136343955994,0.036558136343955994,0.036558136343955994,0.036558136343955994,0.03849833086133003,0.036558136343955994,0.036558136343955994,0.036558136343955994,0.036558136343955994,0.036558136343955994,0.036781392991542816,0.036558136343955994,0.03719775378704071,0.036558136343955994,0.036558136343955994,0.03796286880970001,0.04113093018531799,0.036558136343955994,0.036558136343955994,0.036558136343955994,0.04070783033967018,0.036558136343955994,0.036558136343955994,0.036558136343955994,0.036558136343955994
2019-04-23,0.03642435744404793,0.03642435744404793,0.03642435744404793,0.03642435744404793,0.03642435744404793,0.03642435744404793,0.03944295644760132,0.03642435744404793,0.03642435744404793,0.03642435744404793,0.03642435744404793,0.03642435744404793,0.03663025051355362,0.03642435744404793,0.03644328564405441,0.03642435744404793,0.03642435744404793,0.03988053277134895,0.040928274393081665,0.03642435744404793,0.03642435744404793,0.03642435744404793,0.041763223707675934,0.03642435744404793,0.03642435744404793,0.03642435744404793,0.03642435744404793
2019-04-24,0.036253441125154495,0.036253441125154495,0.036253441125154495,0.036253441125154495,0.036253441125154495,0.03720172867178917,0.036253441125154495,0.036253441125154495,0.036253441125154495,0.036253441125154495,0.036253441125154495,0.03843231499195099,0.036253441125154495,0.0383802093565464,0.03762388974428177,0.036253441125154495,0.036253441125154495,0.03769079968333244,0.043353121727705,0.036253441125154495,0.036253441125154495,0.036253441125154495,0.042249128222465515,0.036253441125154495,0.036253441125154495,0.036253441125154495,0.036253441125154495
2019-04-25,0.03676200658082962,0.03676200658082962,0.03676200658082962,0.03676200658082962,0.03676200658082962,0.037159524857997894,0.03676200658082962,0.03676200658082962,0.03676200658082962,0.03676200658082962,0.03676200658082962,0.03720995783805847,0.03676200658082962,0.03676200658082962,0.03676200658082962,0.03676200658082962,0.03676200658082962,0.037748098373413086,0.04023356735706329,0.03676200658082962,0.03676200658082962,0.03676200658082962,0.038884762674570084,0.03676200658082962,0.03676200658082962,0.03676200658082962,0.03676200658082962
2019-04-26,0.03670879825949669,0.03670879825949669,0.037072401493787766,0.03670879825949669,0.03670879825949669,0.03672698140144348,0.03670879825949669,0.03670879825949669,0.04018327221274376,0.03670879825949669,0.03787773475050926,0.03670879825949669,0.03670879825949669,0.03670879825949669,0.03670879825949669,0.03670879825949669,0.03670879825949669,0.03670879825949669,0.03670879825949669,0.03670879825949669,0.03670879825949669,0.03670879825949669,0.03953928500413895,0.03670879825949669,0.03771550580859184,0.03670879825949669,0.03670879825949669
2019-04-29,0.03647118806838989,0.03647118806838989,0.03650058060884476,0.038313254714012146,0.0375029481947422,0.038478780537843704,0.03647118806838989,0.03647118806838989,0.040467362850904465,0.03647118806838989,0.03647118806838989,0.03647118806838989,0.03788880631327629,0.03647118806838989,0.03647118806838989,0.03647118806838989,0.03647118806838989,0.03647118806838989,0.03647118806838989,0.03647118806838989,0.03647118806838989,0.03647118806838989,0.03870099037885666,0.03647118806838989,0.03919482231140137,0.03647118806838989,0.03647118806838989
2019-04-30,0.0364103764295578,0.0364103764295578,0.03808990493416786,0.04045334830880165,0.03641756996512413,0.04235413670539856,0.0364103764295578,0.0364103764295578,0.0364103764295578,0.0364103764295578,0.0364103764295578,0.0364103764295578,0.0364103764295578,0.0364103764295578,0.0364103764295578,0.0364103764295578,0.03708986937999725,0.0364103764295578,0.0364103764295578,0.0364103764295578,0.0364103764295578,0.0364103764295578,0.04087953269481659,0.0364103764295578,0.036508068442344666,0.0364103764295578,0.0364103764295578
2019-05-01,0.036527227610349655,0.03734423965215683,0.036527227610349655,0.04423944652080536,0.036527227610349655,0.037961941212415695,0.036527227610349655,0.036527227610349655,0.036527227610349655,0.036527227610349655,0.036527227610349655,0.036527227610349655,0.037826597690582275,0.036527227610349655,0.036527227610349655,0.036527227610349655,0.03669586405158043,0.036527227610349655,0.036527227610349655,0.03721720352768898,0.036527227610349655,0.036527227610349655,0.03817014768719673,0.036527227610349655,0.036527227610349655,0.036527227610349655,0.036527227610349655
2019-05-02,0.03651352971792221,0.038854531943798065,0.03719609975814819,0.040992725640535355,0.03651352971792221,0.04188596084713936,0.03651352971792221,0.03651352971792221,0.03651352971792221,0.03651352971792221,0.03651352971792221,0.03651352971792221,0.03651352971792221,0.03651352971792221,0.03651352971792221,0.03651352971792221,0.03651352971792221,0.03651352971792221,0.0377730168402195,0.03651352971792221,0.03651352971792221,0.03651352971792221,0.03651352971792221,0.03651352971792221,0.03651352971792221,0.03651352971792221,0.03651352971792221
2019-05-03,0.0366661436855793,0.03884024918079376,0.0366661436855793,0.03862997144460678,0.0366661436855793,0.03895392641425133,0.0366661436855793,0.0366661436855793,0.0366661436855793,0.0366661436855793,0.0366661436855793,0.0366661436855793,0.0366661436855793,0.0366661436855793,0.0366661436855793,0.0366661436855793,0.0366661436855793,0.03770093247294426,0.03802432119846344,0.0366661436855793,0.0366661436855793,0.0366661436855793,0.0366661436855793,0.0366661436855793,0.0366661436855793,0.03786157816648483,0.0366661436855793
2019-05-06,0.036579910665750504,0.036579910665750504,0.03798455744981766,0.03865372762084007,0.03696068003773689,0.04308008775115013,0.036579910665750504,0.036579910665750504,0.036579910665750504,0.036579910665750504,0.036579910665750504,0.036579910665750504,0.036579910665750504,0.036579910665750504,0.036579910665750504,0.036579910665750504,0.036579910665750504,0.037091467529535294,0.038051359355449677,0.036579910665750504,0.036579910665750504,0.036579910665750504,0.036579910665750504,0.036579910665750504,0.036579910665750504,0.036579910665750504,0.036579910665750504
2019-05-07,0.03633043169975281,0.03752068802714348,0.03633043169975281,0.03633043169975281,0.03700583800673485,0.039948295801877975,0.04048025235533714,0.03633043169975281,0.03633043169975281,0.03633043169975281,0.03633043169975281,0.03633043169975281,0.03753593564033508,0.03633043169975281,0.03633043169975281,0.03826268017292023,0.03633043169975281,0.03980575501918793,0.03724499046802521,0.03633043169975281,0.03633043169975281,0.03633043169975281,0.03633043169975281,0.03633043169975281,0.03651370853185654,0.03806445375084877,0.03633043169975281
2019-05-08,0.03617043048143387,0.036778081208467484,0.03617043048143387,0.03617043048143387,0.038203317672014236,0.03842153400182724,0.04044579342007637,0.03617043048143387,0.038670070469379425,0.03617043048143387,0.03617043048143387,0.03617043048143387,0.03736807778477669,0.03617043048143387,0.03617043048143387,0.040392663329839706,0.03617043048143387,0.04142402857542038,0.03617043048143387,0.03617043048143387,0.03617043048143387,0.03617043048143387,0.03617043048143387,0.03617043048143387,0.037228699773550034,0.03617043048143387,0.03617043048143387
2019-05-09,0.03613043576478958,0.036353521049022675,0.03613043576478958,0.03613043576478958,0.03855377435684204,0.037519097328186035,0.04027223587036133,0.03613043576478958,0.04042612388730049,0.03613043576478958,0.03613043576478958,0.03613043576478958,0.037263255566358566,0.03613043576478958,0.03613043576478958,0.04046057537198067,0.03613043576478958,0.042594995349645615,0.03613043576478958,0.03613043576478958,0.03613043576478958,0.03613043576478958,0.03613043576478958,0.03613043576478958,0.036208607256412506,0.03613043576478958,0.03613043576478958
2019-05-10,0.03616848587989807,0.03885339945554733,0.03606283292174339,0.03606283292174339,0.040602993220090866,0.03621136397123337,0.03713288903236389,0.03606283292174339,0.04245719313621521,0.03606283292174339,0.03606283292174339,0.03606283292174339,0.040488675236701965,0.03606283292174339,0.03606283292174339,0.03831830993294716,0.03606283292174339,0.03924635052680969,0.03606283292174339,0.03606283292174339,0.03606283292174339,0.03606283292174339,0.03606283292174339,0.03606283292174339,0.036325279623270035,0.03718973696231842,0.03606283292174339
2019-05-13,0.03574266657233238,0.03574266657233238,0.03574266657233238,0.03574266657233238,0.03781748563051224,0.03574266657233238,0.04352516308426857,0.03574266657233238,0.041369885206222534,0.03574266657233238,0.03734039515256882,0.03574266657233238,0.04453395679593086,0.03574266657233238,0.03574266657233238,0.03637664020061493,0.03574266657233238,0.03793001174926758,0.03574266657233238,0.03946341946721077,0.03574266657233238,0.03574266657233238,0.03755674511194229,0.03574266657233238,0.03584756329655647,0.036356084048748016,0.03574266657233238
2019-05-14,0.03563856706023216,0.03675009310245514,0.03563856706023216,0.03614948317408562,0.038955751806497574,0.03715817630290985,0.04305293411016464,0.03563856706023216,0.04100780934095383,0.03563856706023216,0.03563856706023216,0.03563856706023216,0.04098372533917427,0.03563856706023216,0.03563856706023216,0.03563856706023216,0.03563856706023216,0.03720319643616676,0.03563856706023216,0.04261093586683273,0.03563856706023216,0.03563856706023216,0.03563856706023216,0.03563856706023216,0.04027222841978073,0.03563856706023216,0.03563856706023216
2019-05-15,0.035504017025232315,0.035504017025232315,0.035504017025232315,0.035504017025232315,0.03727184236049652,0.035504017025232315,0.043722838163375854,0.035504017025232315,0.04162018746137619,0.035504017025232315,0.036592405289411545,0.035504017025232315,0.043564680963754654,0.035504017025232315,0.035504017025232315,0.035504017025232315,0.035504017025232315,0.03967561200261116,0.035504017025232315,0.04293780028820038,0.035504017025232315,0.035504017025232315,0.03772642835974693,0.035504017025232315,0.03781585767865181,0.035504017025232315,0.035504017025232315
2019-05-16,0.03561946377158165,0.03561946377158165,0.03561946377158165,0.03561946377158165,0.03718305379152298,0.03561946377158165,0.0431215837597847,0.03561946377158165,0.042086172848939896,0.03561946377158165,0.037465743720531464,0.03561946377158165,0.04274224489927292,0.03561946377158165,0.03561946377158165,0.03561946377158165,0.03561946377158165,0.03923463448882103,0.03561946377158165,0.04144231975078583,0.03561946377158165,0.03561946377158165,0.03816813603043556,0.03561946377158165,0.037405770272016525,0.03561946377158165,0.03561946377158165
2019-05-17,0.036147553473711014,0.036147553473711014,0.036147553473711014,0.036147553473711014,0.03784400597214699,0.036147553473711014,0.039178233593702316,0.036147553473711014,0.044372182339429855,0.036147553473711014,0.039593037217855453,0.036147553473711014,0.03916579857468605,0.036147553473711014,0.036147553473711014,0.036147553473711014,0.036147553473711014,0.03624232858419418,0.036147553473711014,0.03843381255865097,0.036147553473711014,0.036147553473711014,0.03639700636267662,0.036147553473711014,0.03767991438508034,0.03658527135848999,0.036147553473711014
2019-05-20,0.03578684851527214,0.03578684851527214,0.03578684851527214,0.03578684851527214,0.03704298660159111,0.03578684851527214,0.04151168465614319,0.03578684851527214,0.042933523654937744,0.03578684851527214,0.03964384272694588,0.03578684851527214,0.04102897271513939,0.03578684851527214,0.03578684851527214,0.03703490272164345,0.03578684851527214,0.038067691028118134,0.03578684851527214,0.0385020412504673,0.03578684851527214,0.03578684851527214,0.039241716265678406,0.03578684851527214,0.03654427453875542,0.03585878014564514,0.03578684851527214
2019-05-21,0.03537857532501221,0.03537857532501221,0.03537857532501221,0.03537857532501221,0.03875413164496422,0.03537857532501221,0.03995922580361366,0.03537857532501221,0.045185986906290054,0.03537857532501221,0.04030924662947655,0.03537857532501221,0.041158292442560196,0.03537857532501221,0.03537857532501221,0.0389273539185524,0.03537857532501221,0.040461547672748566,0.03537857532501221,0.040439505130052567,0.03537857532501221,0.03537857532501221,0.03629040718078613,0.03537857532501221,0.036112766712903976,0.03634440153837204,0.03537857532501221
2019-05-22,0.03569243848323822,0.03569243848323822,0.03569243848323822,0.03569243848323822,0.03682207688689232,0.03569243848323822,0.04346989095211029,0.03569243848323822,0.046254776418209076,0.03569243848323822,0.03690357506275177,0.03569243848323822,0.03963683918118477,0.03569243848323822,0.03569243848323822,0.03569243848323822,0.03569243848323822,0.039115335792303085,0.03569243848323822,0.039295997470617294,0.03569243848323822,0.03569243848323822,0.03576715290546417,0.03569243848323822,0.03569243848323822,0.04027044028043747,0.03569243848323822
2019-05-23,0.035878464579582214,0.035878464579582214,0.035878464579582214,0.03630289062857628,0.035878464579582214,0.035878464579582214,0.03974189609289169,0.035878464579582214,0.04264801740646362,0.035878464579582214,0.04188014566898346,0.035878464579582214,0.038543153554201126,0.035878464579582214,0.035878464579582214,0.035878464579582214,0.035878464579582214,0.04057236760854721,0.035878464579582214,0.04018685221672058,0.035878464579582214,0.035878464579582214,0.037176888436079025,0.035878464579582214,0.035878464579582214,0.03713548555970192,0.035878464579582214
2019-05-24,0.03585291653871536,0.03631030023097992,0.03585291653871536,0.03585291653871536,0.035897888243198395,0.03585291653871536,0.03762334957718849,0.03585291653871536,0.03850404918193817,0.03585291653871536,0.040843136608600616,0.03585291653871536,0.040603067725896835,0.03585291653871536,0.03585291653871536,0.03801662474870682,0.03585291653871536,0.04292352870106697,0.03585291653871536,0.04093150421977043,0.03585291653871536,0.03585291653871536,0.03811146318912506,0.03585291653871536,0.036588411778211594,0.03585291653871536,0.03585291653871536
2019-05-28,0.0358676053583622,0.03690148517489433,0.0358676053583622,0.0358676053583622,0.036428697407245636,0.0358676053583622,0.0363369882106781,0.0358676053583622,0.03822041302919388,0.0358676053583622,0.04096575081348419,0.0358676053583622,0.04020341485738754,0.0358676053583622,0.0358676053583622,0.03847365081310272,0.0358676053583622,0.044617537409067154,0.0358676053583622,0.04008069634437561,0.0358676053583622,0.0358676053583622,0.03735530376434326,0.0358676053583622,0.036534443497657776,0.0358676053583622,0.0358676053583622
2019-05-29,0.03588720038533211,0.039306849241256714,0.03588720038533211,0.03588720038533211,0.036261532455682755,0.03588720038533211,0.03588720038533211,0.03588720038533211,0.03886483237147331,0.03588720038533211,0.03874342888593674,0.03588720038533211,0.038267433643341064,0.03588720038533211,0.03588720038533211,0.038628727197647095,0.03588720038533211,0.046518124639987946,0.03588720038533211,0.03873567655682564,0.03588720038533211,0.03588720038533211,0.03870384395122528,0.03588720038533211,0.03588720038533211,0.03588720038533211,0.03588720038533211
2019-05-30,0.03612755984067917,0.043702345341444016,0.03612755984067917,0.03612755984067917,0.037519581615924835,0.03612755984067917,0.03612755984067917,0.03612755984067917,0.03645870089530945,0.03612755984067917,0.03827719762921333,0.03612755984067917,0.03612755984067917,0.03612755984067917,0.03612755984067917,0.040283288806676865,0.03612755984067917,0.04508009925484657,0.03612755984067917,0.03612755984067917,0.03612755984067917,0.03612755984067917,0.03612755984067917,0.03612755984067917,0.03612755984067917,0.03612755984067917,0.03612755984067917
2019-05-31,0.03601425141096115,0.04518270492553711,0.03601425141096115,0.03601425141096115,0.03646080940961838,0.03601425141096115,0.03647128865122795,0.03601425141096115,0.03623219579458237,0.03601425141096115,0.03601425141096115,0.03601425141096115,0.03601425141096115,0.03601425141096115,0.03601425141096115,0.03707268461585045,0.03601425141096115,0.0522809699177742,0.03601425141096115,0.03601425141096115,0.03601425141096115,0.03601425141096115,0.03601425141096115,0.03601425141096115,0.03601425141096115,0.03601425141096115,0.03601425141096115
2019-06-03,0.03583879396319389,0.03964981436729431,0.03583879396319389,0.03583879396319389,0.03917740657925606,0.038249921053647995,0.04064716026186943,0.03583879396319389,0.04115473851561546,0.03583879396319389,0.03583879396319389,0.03583879396319389,0.03583879396319389,0.03583879396319389,0.03583879396319389,0.04044262319803238,0.03583879396319389,0.043902430683374405,0.03583879396319389,0.03583879396319389,0.03583879396319389,0.03583879396319389,0.03583879396319389,0.03583879396319389,0.03583879396319389,0.03583879396319389,0.03583879396319389
2019-06-04,0.03626151382923126,0.03815634548664093,0.03626151382923126,0.03626151382923126,0.038480132818222046,0.03755953162908554,0.037050772458314896,0.03626151382923126,0.04137517511844635,0.03626151382923126,0.037291210144758224,0.03626151382923126,0.03626151382923126,0.03626151382923126,0.03626151382923126,0.03626151382923126,0.03626151382923126,0.042265139520168304,0.03626151382923126,0.03626151382923126,0.03626151382923126,0.03626151382923126,0.03626151382923126,0.03626151382923126,0.038852933794260025,0.03626151382923126,0.03626151382923126
2019-06-05,0.03666793182492256,0.03745933994650841,0.03666793182492256,0.03666793182492256,0.036700114607810974,0.03666793182492256,0.03853072598576546,0.03666793182492256,0.037790752947330475,0.03666793182492256,0.037025414407253265,0.03666793182492256,0.03666793182492256,0.03666793182492256,0.03666793182492256,0.03666793182492256,0.03666793182492256,0.04179207235574722,0.0367763452231884,0.03666793182492256,0.03666793182492256,0.03666793182492256,0.03666793182492256,0.03723456710577011,0.03666793182492256,0.03666793182492256,0.03666793182492256
2019-06-06,0.03595368191599846,0.03595368191599846,0.03595368191599846,0.03595368191599846,0.03595368191599846,0.03595368191599846,0.03943237289786339,0.03595368191599846,0.04090043157339096,0.03595368191599846,0.04029029980301857,0.03595368191599846,0.038443636149168015,0.03595368191599846,0.03595368191599846,0.03595368191599846,0.03595368191599846,0.04003303870558739,0.03595368191599846,0.04234950989484787,0.03595368191599846,0.03595368191599846,0.03939079865813255,0.03595413267612457,0.036039482802152634,0.03595368191599846,0.03595368191599846
2019-06-07,0.03596317768096924,0.03596317768096924,0.03596317768096924,0.03596317768096924,0.03596317768096924,0.03596317768096924,0.0392729826271534,0.03596317768096924,0.04095887765288353,0.03596317768096924,0.04037817567586899,0.03596317768096924,0.038371894508600235,0.03596317768096924,0.03596317768096924,0.03596317768096924,0.03596317768096924,0.040105804800987244,0.03596317768096924,0.042149629443883896,0.03596317768096924,0.03596317768096924,0.03928295522928238,0.036054641008377075,0.03608784079551697,0.03596317768096924,0.03596317768096924
2019-06-10,0.03589858114719391,0.03589858114719391,0.03589858114719391,0.03731100633740425,0.03589858114719391,0.03589858114719391,0.036889661103487015,0.03589858114719391,0.040475305169820786,0.03589858114719391,0.041099127382040024,0.03589858114719391,0.03870338946580887,0.03589858114719391,0.03589858114719391,0.03589858114719391,0.03589858114719391,0.037599414587020874,0.03589858114719391,0.04292681813240051,0.03589858114719391,0.03589858114719391,0.042304184287786484,0.03589858114719391,0.03651658818125725,0.03589858114719391,0.03589858114719391
2019-06-11,0.03618587926030159,0.03618587926030159,0.03618587926030159,0.04037289693951607,0.03618587926030159,0.03618587926030159,0.03618587926030159,0.03618587926030159,0.03618587926030159,0.03618587926030159,0.03895857185125351,0.03618587926030159,0.038033440709114075,0.03618587926030159,0.03618587926030159,0.03618587926030159,0.03618587926030159,0.039596136659383774,0.03618587926030159,0.042723409831523895,0.03618587926030159,0.03618587926030159,0.040290117263793945,0.03618587926030159,0.03630787506699562,0.03618587926030159,0.03618587926030159
2019-06-12,0.03616926819086075,0.03616926819086075,0.03616926819086075,0.0402628630399704,0.03616926819086075,0.03616926819086075,0.03616926819086075,0.03616926819086075,0.03616926819086075,0.03616926819086075,0.03909186273813248,0.03616926819086075,0.038111329078674316,0.03616926819086075,0.03616926819086075,0.03616926819086075,0.03616926819086075,0.037835098803043365,0.03616926819086075,0.0426223948597908,0.03616926819086075,0.03616926819086075,0.03905763477087021,0.03616926819086075,0.039633482694625854,0.03616926819086075,0.03616926819086075
2019-06-13,0.03618323430418968,0.03618323430418968,0.03618323430418968,0.04033183306455612,0.03618323430418968,0.03618323430418968,0.03618323430418968,0.03618323430418968,0.03618323430418968,0.03618323430418968,0.038481779396533966,0.03618323430418968,0.037946917116642,0.03618323430418968,0.03618323430418968,0.03618323430418968,0.03618323430418968,0.038049694150686264,0.03618323430418968,0.042606085538864136,0.03618323430418968,0.03618323430418968,0.03947857767343521,0.03618323430418968,0.03944043442606926,0.03618323430418968,0.03618323430418968
2019-06-14,0.036103446036577225,0.036103446036577225,0.036103446036577225,0.037886619567871094,0.036103446036577225,0.036103446036577225,0.036103446036577225,0.036103446036577225,0.03941309452056885,0.036103446036577225,0.04012340307235718,0.036103446036577225,0.037497665733098984,0.036103446036577225,0.036103446036577225,0.036103446036577225,0.036103446036577225,0.040167246013879776,0.036103446036577225,0.04162577912211418,0.036103446036577225,0.036103446036577225,0.0379343256354332,0.036433421075344086,0.039056431502103806,0.036103446036577225,0.036103446036577225
2019-06-17,0.03606749325990677,0.03663834184408188,0.04049910604953766,0.03606749325990677,0.03606749325990677,0.03606749325990677,0.03606749325990677,0.03626767173409462,0.037336185574531555,0.03606749325990677,0.03926060348749161,0.03606749325990677,0.03632655739784241,0.03606749325990677,0.03606749325990677,0.03606749325990677,0.03606749325990677,0.045315634459257126,0.03606749325990677,0.04056305065751076,0.03606749325990677,0.03606749325990677,0.03606749325990677,0.03606749325990677,0.03857792168855667,0.03606749325990677,0.03606749325990677
2019-06-18,0.036126431077718735,0.03697879984974861,0.03688397258520126,0.03634496405720711,0.036126431077718735,0.036126431077718735,0.036126431077718735,0.036126431077718735,0.036126431077718735,0.036126431077718735,0.03946112096309662,0.036126431077718735,0.038785092532634735,0.036126431077718735,0.036126431077718735,0.036126431077718735,0.036126431077718735,0.04364549368619919,0.036126431077718735,0.04309811815619469,0.036126431077718735,0.036126431077718735,0.036126431077718735,0.036126431077718735,0.03840034827589989,0.036126431077718735,0.036126431077718735
2019-06-19,0.036271728575229645,0.036271728575229645,0.03693714737892151,0.03950777277350426,0.036271728575229645,0.036271728575229645,0.036271728575229645,0.036271728575229645,0.036271728575229645,0.036271728575229645,0.038735415786504745,0.036271728575229645,0.0377856008708477,0.036271728575229645,0.036271728575229645,0.036271728575229645,0.036271728575229645,0.04068239405751228,0.036271728575229645,0.04220987856388092,0.036271728575229645,0.036271728575229645,0.037304263561964035,0.036271728575229645,0.037674691528081894,0.036271728575229645,0.036271728575229645
2019-06-20,0.0362032949924469,0.0362032949924469,0.039511360228061676,0.03889069706201553,0.0362032949924469,0.0362032949924469,0.0362032949924469,0.0362032949924469,0.0362032949924469,0.0362032949924469,0.03975515067577362,0.0362032949924469,0.038305941969156265,0.0362032949924469,0.0362032949924469,0.0362032949924469,0.0362032949924469,0.0411984957754612,0.0362032949924469,0.04189663007855415,0.0362032949924469,0.0362032949924469,0.03637582063674927,0.0362032949924469,0.0362032949924469,0.0362032949924469,0.0362032949924469
2019-06-21,0.03562578558921814,0.03562578558921814,0.03600995987653732,0.04186229407787323,0.03562578558921814,0.03562578558921814,0.03745346888899803,0.03562578558921814,0.03562578558921814,0.03562578558921814,0.04058973491191864,0.03562578558921814,0.04050450399518013,0.03562578558921814,0.039534784853458405,0.03562578558921814,0.037576477974653244,0.03767106682062149,0.03649695962667465,0.04171176254749298,0.03562578558921814,0.03562578558921814,0.04037833213806152,0.03562578558921814,0.03582383692264557,0.03562578558921814,0.03562578558921814
2019-06-24,0.03559392690658569,0.03559392690658569,0.03559392690658569,0.04200386255979538,0.03559392690658569,0.03559392690658569,0.03775767236948013,0.03559392690658569,0.03559392690658569,0.03559392690658569,0.040413130074739456,0.03559392690658569,0.04079191014170647,0.03559392690658569,0.03979421779513359,0.03559392690658569,0.03767393156886101,0.03685076907277107,0.03676438331604004,0.04173851013183594,0.03559392690658569,0.03559392690658569,0.04087437689304352,0.03559392690658569,0.03583438694477081,0.03559392690658569,0.03559392690658569
2019-06-25,0.03555481135845184,0.03555481135845184,0.03555481135845184,0.042079199105501175,0.03555481135845184,0.03555481135845184,0.03812795504927635,0.03555481135845184,0.03555481135845184,0.03555481135845184,0.040141016244888306,0.03555481135845184,0.04109904170036316,0.03555481135845184,0.04005243256688118,0.03555481135845184,0.037741199135780334,0.03575059026479721,0.037051666527986526,0.04176098853349686,0.03555481135845184,0.03555481135845184,0.04144510254263878,0.03555481135845184,0.03587385267019272,0.03555481135845184,0.03555481135845184
2019-06-26,0.03586140275001526,0.03586140275001526,0.03586140275001526,0.03951898217201233,0.03586140275001526,0.03586140275001526,0.037288784980773926,0.03586140275001526,0.03586140275001526,0.03586140275001526,0.03968483582139015,0.03586140275001526,0.04112914949655533,0.03586140275001526,0.03586140275001526,0.03586140275001526,0.03586140275001526,0.03807283192873001,0.03586140275001526,0.043332576751708984,0.03586140275001526,0.03586140275001526,0.04213698208332062,0.03586140275001526,0.0374692901968956,0.03586140275001526,0.03586140275001526
2019-06-27,0.035765089094638824,0.035765089094638824,0.035765089094638824,0.0396389402449131,0.035765089094638824,0.035765089094638824,0.03857966884970665,0.035765089094638824,0.035765089094638824,0.035765089094638824,0.04016987606883049,0.035765089094638824,0.04123842343688011,0.035765089094638824,0.0362900048494339,0.035765089094638824,0.035765089094638824,0.037049271166324615,0.035765089094638824,0.04318266734480858,0.035765089094638824,0.035765089094638824,0.04253686964511871,0.035765089094638824,0.037542689591646194,0.035765089094638824,0.035765089094638824
2019-06-28,0.036072373390197754,0.036072373390197754,0.036072373390197754,0.03737305849790573,0.036072373390197754,0.036072373390197754,0.03754925727844238,0.036072373390197754,0.036072373390197754,0.036072373390197754,0.03908589109778404,0.036072373390197754,0.04012686386704445,0.036072373390197754,0.036072373390197754,0.036072373390197754,0.036072373390197754,0.038852207362651825,0.036072373390197754,0.04150272533297539,0.036072373390197754,0.036072373390197754,0.04395318031311035,0.036072373390197754,0.036181747913360596,0.036072373390197754,0.036072373390197754
2019-07-01,0.035943109542131424,0.035943109542131424,0.035943109542131424,0.035943109542131424,0.035943109542131424,0.035943109542131424,0.044969893991947174,0.035943109542131424,0.035943109542131424,0.035943109542131424,0.03870756924152374,0.035943109542131424,0.03946976363658905,0.035943109542131424,0.03740794211626053,0.035943109542131424,0.035943109542131424,0.03884289041161537,0.04115252196788788,0.037249401211738586,0.035943109542131424,0.035943109542131424,0.03928095102310181,0.035943109542131424,0.035943109542131424,0.035943109542131424,0.035943109542131424
2019-07-02,0.036084141582250595,0.036084141582250595,0.036084141582250595,0.036084141582250595,0.036084141582250595,0.036084141582250595,0.04181182011961937,0.036084141582250595,0.036084141582250595,0.036084141582250595,0.03875410556793213,0.036084141582250595,0.03846758231520653,0.036084141582250595,0.039407357573509216,0.036084141582250595,0.036084141582250595,0.03888740763068199,0.04106636345386505,0.036084141582250595,0.036084141582250595,0.036084141582250595,0.039922554045915604,0.036084141582250595,0.036084141582250595,0.036084141582250595,0.036084141582250595
2019-07-03,0.03613804280757904,0.03613804280757904,0.03613804280757904,0.03613804280757904,0.03613804280757904,0.03613804280757904,0.04036985710263252,0.03613804280757904,0.03613804280757904,0.03613804280757904,0.03930627554655075,0.03613804280757904,0.038043756037950516,0.03613804280757904,0.038841914385557175,0.03613804280757904,0.03613804280757904,0.03958723694086075,0.03970867022871971,0.03721972927451134,0.03613804280757904,0.03613804280757904,0.04029976204037666,0.03613804280757904,0.03613804280757904,0.03613804280757904,0.03613804280757904
2019-07-05,0.03582969307899475,0.03582969307899475,0.03582969307899475,0.03749443590641022,0.03582969307899475,0.03582969307899475,0.040200769901275635,0.03582969307899475,0.03582969307899475,0.03582969307899475,0.04178086668252945,0.03582969307899475,0.03820885345339775,0.03582969307899475,0.04077444598078728,0.03582969307899475,0.03582969307899475,0.039392147213220596,0.04017126187682152,0.03879735246300697,0.03582969307899475,0.03582969307899475,0.038245417177677155,0.03582969307899475,0.03582969307899475,0.03582969307899475,0.03582969307899475
2019-07-08,0.03606681898236275,0.03606681898236275,0.03821969032287598,0.03750469163060188,0.03606681898236275,0.03606681898236275,0.03794718161225319,0.03606681898236275,0.03606681898236275,0.03606681898236275,0.042099159210920334,0.03606681898236275,0.03775385022163391,0.03606681898236275,0.03913824260234833,0.03606681898236275,0.03606681898236275,0.041558295488357544,0.037938348948955536,0.03844858333468437,0.03606681898236275,0.03606681898236275,0.03625602647662163,0.03606681898236275,0.03606681898236275,0.03606681898236275,0.03606681898236275
2019-07-09,0.03581250458955765,0.03581250458955765,0.03581250458955765,0.04071931913495064,0.03581250458955765,0.03581250458955765,0.03847141191363335,0.03581250458955765,0.03581250458955765,0.03581250458955765,0.04078015312552452,0.03581250458955765,0.03922952339053154,0.03581250458955765,0.03752612695097923,0.03581250458955765,0.03757054731249809,0.038052503019571304,0.03581250458955765,0.04084377363324165,0.03581250458955765,0.03581250458955765,0.041909109801054,0.036084964871406555,0.03581250458955765,0.03581250458955765,0.03581250458955765
2019-07-10,0.03614543005824089,0.03614543005824089,0.03614543005824089,0.037620909512043,0.03614543005824089,0.03614543005824089,0.03842249512672424,0.03614543005824089,0.03676792234182358,0.03614543005824089,0.03732556477189064,0.03614543005824089,0.03853876516222954,0.03614543005824089,0.03614543005824089,0.03614543005824089,0.03740423917770386,0.03923361375927925,0.03614543005824089,0.03984545171260834,0.03614543005824089,0.03614543005824089,0.04300040751695633,0.03736837953329086,0.03614543005824089,0.03614543005824089,0.03614543005824089
2019-07-11,0.03580477833747864,0.03580477833747864,0.03636275231838226,0.03769403696060181,0.03580477833747864,0.03580477833747864,0.03969406336545944,0.03580477833747864,0.0364590547978878,0.03580477833747864,0.03912600129842758,0.03580477833747864,0.0393059179186821,0.03580477833747864,0.036934081465005875,0.03580477833747864,0.03894970938563347,0.03903478756546974,0.03580477833747864,0.04079866409301758,0.03580477833747864,0.03580477833747864,0.04276444390416145,0.03580477833747864,0.03580477833747864,0.03580477833747864,0.03580477833747864
2019-07-12,0.03580280393362045,0.03580280393362045,0.036344558000564575,0.03767344728112221,0.03580280393362045,0.03580280393362045,0.03972872719168663,0.03580280393362045,0.036455973982810974,0.03580280393362045,0.039119720458984375,0.03580280393362045,0.03932124376296997,0.03580280393362045,0.03693252056837082,0.03580280393362045,0.03894061967730522,0.03904414176940918,0.03580280393362045,0.04080095887184143,0.03580280393362045,0.03580280393362045,0.04279322177171707,0.03580280393362045,0.03580280393362045,0.03580280393362045,0.03580280393362045
2019-07-15,0.03626278415322304,0.03626278415322304,0.0368155762553215,0.03626278415322304,0.03626278415322304,0.03626278415322304,0.038820601999759674,0.03626278415322304,0.03626278415322304,0.03626278415322304,0.039611801505088806,0.03626278415322304,0.037762563675642014,0.03626278415322304,0.037691157311201096,0.03626278415322304,0.03757290542125702,0.04080863296985626,0.03626278415322304,0.03828360140323639,0.03626278415322304,0.03626278415322304,0.039903055876493454,0.03626278415322304,0.03626278415322304,0.03626278415322304,0.03626278415322304
2019-07-16,0.03592527657747269,0.03592527657747269,0.03685804083943367,0.0370815172791481,0.03592527657747269,0.03592527657747269,0.039353419095277786,0.03592527657747269,0.036124300211668015,0.03592527657747269,0.03978849947452545,0.03592527657747269,0.03882329538464546,0.03592527657747269,0.03777845576405525,0.03592527657747269,0.03865141421556473,0.03954868018627167,0.03592527657747269,0.03998716175556183,0.03592527657747269,0.03592527657747269,0.04120083153247833,0.03592527657747269,0.03592527657747269,0.03592527657747269,0.03592527657747269
2019-07-17,0.03644999489188194,0.03644999489188194,0.0369509756565094,0.03644999489188194,0.03644999489188194,0.03644999489188194,0.037868380546569824,0.03644999489188194,0.03644999489188194,0.03644999489188194,0.040050286799669266,0.03644999489188194,0.03761289268732071,0.03644999489188194,0.0369645319879055,0.03644999489188194,0.036537837237119675,0.04164058342576027,0.036537714302539825,0.03764839470386505,0.03644999489188194,0.03644999489188194,0.03853849321603775,0.03644999489188194,0.03644999489188194,0.03644999489188194,0.03644999489188194
2019-07-18,0.035832058638334274,0.03642601892352104,0.035832058638334274,0.035832058638334274,0.035832058638334274,0.035832058638334274,0.04265565425157547,0.035832058638334274,0.035832058638334274,0.035832058638334274,0.03909694775938988,0.035832058638334274,0.04002286121249199,0.035832058638334274,0.035832058638334274,0.039383843541145325,0.035832058638334274,0.04418110474944115,0.0380486436188221,0.037303294986486435,0.035832058638334274,0.035832058638334274,0.037904638797044754,0.035832058638334274,0.035832058638334274,0.035832058638334274,0.035832058638334274
2019-07-19,0.03587646409869194,0.03587646409869194,0.03587646409869194,0.03587646409869194,0.03587646409869194,0.03587646409869194,0.04191800206899643,0.03587646409869194,0.03587646409869194,0.03587646409869194,0.03952893614768982,0.03587646409869194,0.04016862064599991,0.03587646409869194,0.03587646409869194,0.038749102503061295,0.03587646409869194,0.04322630912065506,0.0393146350979805,0.03720885515213013,0.03587646409869194,0.03587646409869194,0.038232751190662384,0.03587646409869194,0.03587646409869194,0.03587646409869194,0.03587646409869194
2019-07-22,0.035979337990283966,0.035979337990283966,0.035979337990283966,0.035979337990283966,0.035979337990283966,0.035979337990283966,0.04034072905778885,0.035979337990283966,0.035979337990283966,0.035979337990283966,0.03718838095664978,0.0373477004468441,0.039341241121292114,0.035979337990283966,0.035979337990283966,0.035979337990283966,0.035979337990283966,0.04485125094652176,0.03985712304711342,0.035979337990283966,0.035979337990283966,0.035979337990283966,0.04148685187101364,0.035979337990283966,0.035979337990283966,0.035979337990283966,0.035979337990283966
2019-07-23,0.03591110557317734,0.03591110557317734,0.03591110557317734,0.03591110557317734,0.03591110557317734,0.03599890321493149,0.03887779265642166,0.03591110557317734,0.03591110557317734,0.03591110557317734,0.03591110557317734,0.03797723352909088,0.038262393325567245,0.03591110557317734,0.037654634565114975,0.03591110557317734,0.03591110557317734,0.0413486547768116,0.04505956545472145,0.03591110557317734,0.03591110557317734,0.03591110557317734,0.04250985011458397,0.03591110557317734,0.03591110557317734,0.03591110557317734,0.03591110557317734
2019-07-24,0.03589385375380516,0.03589385375380516,0.03589385375380516,0.03589385375380516,0.03589385375380516,0.03589385375380516,0.03921528905630112,0.03589385375380516,0.03589385375380516,0.03589385375380516,0.040006473660469055,0.0429556742310524,0.03774518519639969,0.03589385375380516,0.03589385375380516,0.03589385375380516,0.03647524118423462,0.03589385375380516,0.043752435594797134,0.035954929888248444,0.03589385375380516,0.03589385375380516,0.041485149413347244,0.03632023558020592,0.03589385375380516,0.03589385375380516,0.03589385375380516
2019-07-25,0.035923268646001816,0.035923268646001816,0.035923268646001816,0.035923268646001816,0.035923268646001816,0.035923268646001816,0.04079699516296387,0.035923268646001816,0.035923268646001816,0.035923268646001816,0.041263941675424576,0.038764696568250656,0.03910050913691521,0.035923268646001816,0.035923268646001816,0.035923268646001816,0.03622369468212128,0.03595838323235512,0.04172776639461517,0.03742746263742447,0.035923268646001816,0.035923268646001816,0.03979787603020668,0.03824308514595032,0.035923268646001816,0.035923268646001816,0.035923268646001816
2019-07-26,0.03580624610185623,0.037577733397483826,0.03580624610185623,0.03580624610185623,0.03580624610185623,0.03580624610185623,0.04080893099308014,0.03580624610185623,0.03580624610185623,0.03580624610185623,0.03687012568116188,0.03580624610185623,0.040418751537799835,0.03580624610185623,0.03580624610185623,0.04044872522354126,0.03580624610185623,0.044431693851947784,0.04095566272735596,0.03589935228228569,0.036328501999378204,0.03580624610185623,0.037554334849119186,0.03580624610185623,0.03580624610185623,0.03580624610185623,0.03580624610185623
2019-07-29,0.035883013159036636,0.035902343690395355,0.035883013159036636,0.035883013159036636,0.035883013159036636,0.035883013159036636,0.04099942371249199,0.035883013159036636,0.035883013159036636,0.035883013159036636,0.04120371863245964,0.035883013159036636,0.038777533918619156,0.035883013159036636,0.035883013159036636,0.038186971098184586,0.035883013159036636,0.04511087015271187,0.03769652545452118,0.03610875457525253,0.0369156114757061,0.035883013159036636,0.03908702731132507,0.035883013159036636,0.035883013159036636,0.035883013159036636,0.035883013159036636
2019-07-30,0.03604509308934212,0.03716574236750603,0.03604509308934212,0.03604509308934212,0.03604509308934212,0.03604509308934212,0.03755377605557442,0.03604509308934212,0.03604509308934212,0.0362762026488781,0.03950071707367897,0.03604509308934212,0.0380588136613369,0.03604509308934212,0.03604509308934212,0.03879379853606224,0.03604509308934212,0.046235598623752594,0.038547344505786896,0.037242185324430466,0.036561742424964905,0.03604509308934212,0.037342581897974014,0.03604509308934212,0.03604509308934212,0.03604509308934212,0.03604509308934212
2019-07-31,0.035980913788080215,0.035980913788080215,0.035980913788080215,0.035980913788080215,0.035980913788080215,0.035980913788080215,0.038761746138334274,0.035980913788080215,0.035980913788080215,0.03732488304376602,0.0397992841899395,0.035980913788080215,0.03869188204407692,0.035980913788080215,0.035980913788080215,0.03952024132013321,0.035980913788080215,0.04429434984922409,0.03785238042473793,0.03745875507593155,0.035980913788080215,0.035980913788080215,0.03854301571846008,0.035980913788080215,0.03607793152332306,0.035980913788080215,0.035980913788080215
2019-08-01,0.03598906844854355,0.037188541144132614,0.03598906844854355,0.03598906844854355,0.037342965602874756,0.03598906844854355,0.04157385230064392,0.03598906844854355,0.036736633628606796,0.03598906844854355,0.03598906844854355,0.03598906844854355,0.041497256606817245,0.03598906844854355,0.03598906844854355,0.04052184522151947,0.03598906844854355,0.042066700756549835,0.03743695467710495,0.03598906844854355,0.03598906844854355,0.03598906844854355,0.03783201798796654,0.03598906844854355,0.03598906844854355,0.03598906844854355,0.03598906844854355
2019-08-02,0.038702454417943954,0.03827483579516411,0.03573723882436752,0.03573723882436752,0.03619735687971115,0.036289505660533905,0.03573723882436752,0.03573723882436752,0.037258587777614594,0.03573723882436752,0.03573723882436752,0.03573723882436752,0.04127376526594162,0.03573723882436752,0.03573723882436752,0.044645171612501144,0.03573723882436752,0.048325229436159134,0.03573723882436752,0.03573723882436752,0.03573723882436752,0.03573723882436752,0.03576285019516945,0.03573723882436752,0.03573723882436752,0.03573723882436752,0.03573723882436752
2019-08-05,0.035843994468450546,0.040575265884399414,0.035843994468450546,0.035843994468450546,0.03640398383140564,0.03596818819642067,0.035843994468450546,0.035843994468450546,0.03889414668083191,0.035843994468450546,0.035843994468450546,0.035843994468450546,0.03739241883158684,0.035843994468450546,0.035843994468450546,0.04397844523191452,0.035843994468450546,0.049907658249139786,0.035843994468450546,0.035843994468450546,0.035843994468450546,0.035843994468450546,0.035843994468450546,0.035843994468450546,0.035843994468450546,0.035843994468450546,0.035843994468450546
2019-08-06,0.035595618188381195,0.044665392488241196,0.035595618188381195,0.035595618188381195,0.037965480238199234,0.038368940353393555,0.035634566098451614,0.035595618188381195,0.04266796633601189,0.035595618188381195,0.035595618188381195,0.035595618188381195,0.035595618188381195,0.035595618188381195,0.035595618188381195,0.04285034164786339,0.035595618188381195,0.045934952795505524,0.035595618188381195,0.035595618188381195,0.035595618188381195,0.035595618188381195,0.035595618188381195,0.035595618188381195,0.035595618188381195,0.035595618188381195,0.035595618188381195
2019-08-07,0.03560633212327957,0.04400642216205597,0.03560633212327957,0.03560633212327957,0.03900144621729851,0.03796294704079628,0.0371389165520668,0.03560633212327957,0.041538652032613754,0.03560633212327957,0.03560633212327957,0.03560633212327957,0.03560633212327957,0.03560633212327957,0.03560633212327957,0.042051687836647034,0.03560633212327957,0.046173255890607834,0.03560633212327957,0.03560633212327957,0.03560633212327957,0.03560633212327957,0.03560633212327957,0.03560633212327957,0.03560633212327957,0.03560633212327957,0.03560633212327957
2019-08-08,0.03569479286670685,0.043445512652397156,0.03569479286670685,0.03569479286670685,0.03827894106507301,0.03997034952044487,0.03846413269639015,0.03569479286670685,0.0411236397922039,0.03569479286670685,0.03569479286670685,0.03569479286670685,0.03569479286670685,0.03569479286670685,0.03569479286670685,0.03987553343176842,0.03569479286670685,0.04494598135352135,0.03569479286670685,0.03569479286670685,0.03569479286670685,0.03569479286670685,0.03569479286670685,0.03569479286670685,0.03569479286670685,0.03569479286670685,0.03569479286670685
2019-08-09,0.035897787660360336,0.04032009840011597,0.035897787660360336,0.035897787660360336,0.03781592473387718,0.035897787660360336,0.04138488322496414,0.035897787660360336,0.041335493326187134,0.035897787660360336,0.035897787660360336,0.035897787660360336,0.035897787660360336,0.035897787660360336,0.035897787660360336,0.041651226580142975,0.035897787660360336,0.04363880306482315,0.035897787660360336,0.035897787660360336,0.035897787660360336,0.035897787660360336,0.035897787660360336,0.035897787660360336,0.035897787660360336,0.035897787660360336,0.035897787660360336
2019-08-12,0.03675343096256256,0.040312670171260834,0.03573517128825188,0.03573517128825188,0.04024539515376091,0.03573517128825188,0.036701686680316925,0.03573517128825188,0.0437682680785656,0.03573517128825188,0.035837322473526,0.03573517128825188,0.03734518960118294,0.03573517128825188,0.03573517128825188,0.04262999817728996,0.03573517128825188,0.043172989040613174,0.03573517128825188,0.03573517128825188,0.03573517128825188,0.03573517128825188,0.03573517128825188,0.03573517128825188,0.03573517128825188,0.03573517128825188,0.03573517128825188
2019-08-13,0.035562675446271896,0.04520481824874878,0.035562675446271896,0.035562675446271896,0.03875264152884483,0.03578072041273117,0.035562675446271896,0.035562675446271896,0.04365677759051323,0.035562675446271896,0.035562675446271896,0.035562675446271896,0.037111613899469376,0.035562675446271896,0.035562675446271896,0.04476497694849968,0.035562675446271896,0.04347489774227142,0.035562675446271896,0.035562675446271896,0.035562675446271896,0.035562675446271896,0.035562675446271896,0.035562675446271896,0.035562675446271896,0.035562675446271896,0.035562675446271896
2019-08-14,0.03644261136651039,0.04030291736125946,0.03644261136651039,0.03644261136651039,0.036998651921749115,0.03644261136651039,0.03644261136651039,0.03644261136651039,0.04215295985341072,0.03644261136651039,0.03644261136651039,0.03644261136651039,0.03645191714167595,0.03644261136651039,0.03644261136651039,0.038593340665102005,0.03644261136651039,0.040164344012737274,0.03644261136651039,0.03644261136651039,0.03644261136651039,0.03644261136651039,0.03644261136651039,0.03644261136651039,0.03648364543914795,0.03644261136651039,0.03644261136651039
2019-08-15,0.035674821585416794,0.046308211982250214,0.035674821585416794,0.035674821585416794,0.04029179736971855,0.040930937975645065,0.036452826112508774,0.035674821585416794,0.040743324905633926,0.035674821585416794,0.035674821585416794,0.035674821585416794,0.035674821585416794,0.035674821585416794,0.035674821585416794,0.039357952773571014,0.035674821585416794,0.042418550699949265,0.035674821585416794,0.035674821585416794,0.035674821585416794,0.035674821585416794,0.035674821585416794,0.035674821585416794,0.035674821585416794,0.035674821585416794,0.035674821585416794
2019-08-16,0.03552781417965889,0.04438544809818268,0.03552781417965889,0.0375332273542881,0.03778703510761261,0.04334031790494919,0.038231343030929565,0.03552781417965889,0.03552781417965889,0.03552781417965889,0.03552781417965889,0.03552781417965889,0.03960032761096954,0.03552781417965889,0.03552781417965889,0.03552781417965889,0.03552781417965889,0.0408538281917572,0.03552781417965889,0.04073205217719078,0.03799663111567497,0.03552781417965889,0.035566914826631546,0.03552781417965889,0.03552781417965889,0.03552781417965889,0.03552781417965889
2019-08-19,0.0359245128929615,0.042177964001894,0.0359245128929615,0.037111323326826096,0.03652309253811836,0.03870658576488495,0.03655249625444412,0.0359245128929615,0.03699037432670593,0.0359245128929615,0.0359245128929615,0.0359245128929615,0.042067717760801315,0.0359245128929615,0.0359245128929615,0.03595757484436035,0.0359245128929615,0.040177054703235626,0.0359245128929615,0.0423162505030632,0.03662730008363724,0.0359245128929615,0.0359245128929615,0.0359245128929615,0.0359245128929615,0.0359245128929615,0.0359245128929615
2019-08-20,0.03665998950600624,0.03765324503183365,0.03665998950600624,0.03665998950600624,0.03665998950600624,0.039286281913518906,0.03665998950600624,0.03665998950600624,0.03665998950600624,0.03665998950600624,0.03665998950600624,0.03665998950600624,0.037953488528728485,0.03665998950600624,0.03665998950600624,0.03665998950600624,0.03665998950600624,0.040211211889982224,0.03665998950600624,0.03665998950600624,0.03665998950600624,0.03665998950600624,0.03837605193257332,0.03665998950600624,0.03665998950600624,0.03665998950600624,0.03665998950600624
2019-08-21,0.036593563854694366,0.037977635860443115,0.036593563854694366,0.036593563854694366,0.036593563854694366,0.039671048521995544,0.036593563854694366,0.036593563854694366,0.036593563854694366,0.036593563854694366,0.036593563854694366,0.036593563854694366,0.039858557283878326,0.036593563854694366,0.036593563854694366,0.037434838712215424,0.036593563854694366,0.03894469887018204,0.036593563854694366,0.036593563854694366,0.036593563854694366,0.036593563854694366,0.037648409605026245,0.036593563854694366,0.036593563854694366,0.036593563854694366,0.036593563854694366
2019-08-22,0.03666430711746216,0.03743080794811249,0.03666430711746216,0.03666430711746216,0.03666430711746216,0.039829641580581665,0.03666430711746216,0.03666430711746216,0.03666430711746216,0.03666430711746216,0.03666430711746216,0.03666430711746216,0.04051811993122101,0.03666430711746216,0.03666430711746216,0.03666430711746216,0.03666430711746216,0.03811073303222656,0.03666430711746216,0.03666430711746216,0.03666430711746216,0.03666430711746216,0.03749598562717438,0.03666430711746216,0.03666430711746216,0.03666430711746216,0.03666430711746216
2019-08-23,0.03663751110434532,0.0370044931769371,0.03663751110434532,0.03663751110434532,0.0370892658829689,0.039619654417037964,0.037532106041908264,0.03663751110434532,0.03663751110434532,0.03663751110434532,0.03663751110434532,0.03663751110434532,0.0406913198530674,0.03663751110434532,0.03663751110434532,0.03663751110434532,0.03663751110434532,0.03791867569088936,0.03663751110434532,0.03663751110434532,0.03663751110434532,0.03663751110434532,0.03739425539970398,0.03663751110434532,0.03663751110434532,0.03663751110434532,0.03663751110434532
2019-08-26,0.03637322410941124,0.03637322410941124,0.03637322410941124,0.03637322410941124,0.04216371849179268,0.03914841264486313,0.03637322410941124,0.03637322410941124,0.037628427147865295,0.03637322410941124,0.03637322410941124,0.03637322410941124,0.03637322410941124,0.03637322410941124,0.03637322410941124,0.03692281246185303,0.03637322410941124,0.04392567649483681,0.03637322410941124,0.03637322410941124,0.03637322410941124,0.03637322410941124,0.03637322410941124,0.03637322410941124,0.03637322410941124,0.03637322410941124,0.03637322410941124
2019-08-27,0.03634418174624443,0.03634418174624443,0.03634418174624443,0.03634418174624443,0.04337966814637184,0.04118845611810684,0.03634418174624443,0.03634418174624443,0.03634418174624443,0.03634418174624443,0.03634418174624443,0.03634418174624443,0.03634418174624443,0.03634418174624443,0.03634418174624443,0.036601148545742035,0.03634418174624443,0.04291457682847977,0.03634418174624443,0.03634418174624443,0.03634418174624443,0.03634418174624443,0.03634418174624443,0.03634418174624443,0.03634418174624443,0.03634418174624443,0.03634418174624443
2019-08-28,0.0364154651761055,0.03669438883662224,0.03626503795385361,0.03626503795385361,0.04283386468887329,0.03647179901599884,0.0383622832596302,0.03626503795385361,0.03916262090206146,0.03626503795385361,0.03626503795385361,0.03626503795385361,0.03714152052998543,0.03626503795385361,0.03626503795385361,0.038978125900030136,0.03626503795385361,0.039883945137262344,0.03626503795385361,0.03626503795385361,0.03626503795385361,0.03626503795385361,0.03626503795385361,0.03626503795385361,0.03626503795385361,0.03755032271146774,0.03626503795385361
2019-08-29,0.036477137356996536,0.036477137356996536,0.036477137356996536,0.036477137356996536,0.042341962456703186,0.036540836095809937,0.03819085657596588,0.036477137356996536,0.037202753126621246,0.036477137356996536,0.036477137356996536,0.036477137356996536,0.036754585802555084,0.036477137356996536,0.036477137356996536,0.038538943976163864,0.036477137356996536,0.039976704865694046,0.036477137356996536,0.036477137356996536,0.036477137356996536,0.036477137356996536,0.036477137356996536,0.036477137356996536,0.036477137356996536,0.03738772124052048,0.036477137356996536
2019-08-30,0.03664460405707359,0.03664460405707359,0.03664460405707359,0.03664460405707359,0.04149697348475456,0.03664460405707359,0.03749004006385803,0.03664460405707359,0.03664460405707359,0.03664460405707359,0.03664460405707359,0.03664460405707359,0.03943771868944168,0.03664460405707359,0.03664460405707359,0.03664460405707359,0.03664460405707359,0.03794129192829132,0.03664460405707359,0.03664460405707359,0.03664460405707359,0.03664460405707359,0.03745267167687416,0.03664460405707359,0.03664460405707359,0.03664460405707359,0.03664460405707359
2019-09-03,0.03664305806159973,0.03664305806159973,0.03664305806159973,0.03680231422185898,0.04205554351210594,0.03664305806159973,0.03754175826907158,0.03664305806159973,0.03664305806159973,0.03664305806159973,0.03664305806159973,0.03664305806159973,0.03951195999979973,0.03664305806159973,0.03664305806159973,0.03664305806159973,0.03664305806159973,0.03760867193341255,0.03664305806159973,0.03664305806159973,0.03664305806159973,0.03664305806159973,0.03697547689080238,0.03664305806159973,0.03664305806159973,0.03664305806159973,0.03664305806159973
2019-09-04,0.03659961000084877,0.03659961000084877,0.03659961000084877,0.03659961000084877,0.041981570422649384,0.038530219346284866,0.03833376616239548,0.03659961000084877,0.03659961000084877,0.03659961000084877,0.03659961000084877,0.03659961000084877,0.03700327128171921,0.03659961000084877,0.03659961000084877,0.03659961000084877,0.03659961000084877,0.03892830014228821,0.03659961000084877,0.03659961000084877,0.03659961000084877,0.03659961000084877,0.03663112595677376,0.03659961000084877,0.03659961000084877,0.03659961000084877,0.03659961000084877
2019-09-05,0.03646396845579147,0.03646396845579147,0.03734630346298218,0.03646396845579147,0.04029490426182747,0.03845389932394028,0.038669805973768234,0.03646396845579147,0.03646396845579147,0.03646396845579147,0.03646396845579147,0.03646396845579147,0.03646396845579147,0.03646396845579147,0.03646396845579147,0.03646396845579147,0.03646396845579147,0.04087904468178749,0.03646396845579147,0.03646396845579147,0.03646396845579147,0.03646396845579147,0.03818589076399803,0.03646396845579147,0.036890748888254166,0.03646396845579147,0.03646396845579147
2019-09-06,0.03666120022535324,0.03666120022535324,0.03666120022535324,0.03666120022535324,0.03916347399353981,0.03666120022535324,0.036707326769828796,0.03666120022535324,0.03666120022535324,0.03666120022535324,0.03666120022535324,0.03666120022535324,0.03666120022535324,0.03666120022535324,0.03666120022535324,0.03666120022535324,0.03666120022535324,0.04313299059867859,0.037788618355989456,0.03666120022535324,0.03666120022535324,0.03666120022535324,0.03666120022535324,0.03666120022535324,0.03666120022535324,0.03666120022535324,0.03666120022535324
2019-09-09,0.03647575154900551,0.03647575154900551,0.03647575154900551,0.03647575154900551,0.038269806653261185,0.03647575154900551,0.038521867245435715,0.03647575154900551,0.03647575154900551,0.03647575154900551,0.03797956556081772,0.03647575154900551,0.03647575154900551,0.03647575154900551,0.03718499839305878,0.03647575154900551,0.03647575154900551,0.042403195053339005,0.03964981436729431,0.03647575154900551,0.03647575154900551,0.03647575154900551,0.03647575154900551,0.03647575154900551,0.03647575154900551,0.03647575154900551,0.03647575154900551
2019-09-10,0.036493733525276184,0.036493733525276184,0.036493733525276184,0.036493733525276184,0.036493733525276184,0.036493733525276184,0.040784191340208054,0.036493733525276184,0.036493733525276184,0.036493733525276184,0.036493733525276184,0.03749631345272064,0.036493733525276184,0.036493733525276184,0.03711405396461487,0.036493733525276184,0.036493733525276184,0.03855360299348831,0.04179678484797478,0.036493733525276184,0.036493733525276184,0.036493733525276184,0.03788666054606438,0.036493733525276184,0.036493733525276184,0.036493733525276184,0.036493733525276184
2019-09-11,0.03626098856329918,0.0363522544503212,0.03626098856329918,0.03719853609800339,0.03626098856329918,0.03626098856329918,0.03626098856329918,0.03626098856329918,0.03626098856329918,0.03626098856329918,0.03626098856329918,0.039912980049848557,0.03626098856329918,0.03626098856329918,0.04004492983222008,0.03626098856329918,0.03626098856329918,0.03850226476788521,0.04650826007127762,0.03626098856329918,0.03626098856329918,0.03626098856329918,0.03626098856329918,0.03626098856329918,0.03626098856329918,0.03626098856329918,0.03626098856329918
2019-09-12,0.03656575456261635,0.03656575456261635,0.03656575456261635,0.03656575456261635,0.03793608769774437,0.03656575456261635,0.03891146555542946,0.03656575456261635,0.03656575456261635,0.03656575456261635,0.03656575456261635,0.03656575456261635,0.03818158060312271,0.03656575456261635,0.04086936265230179,0.03656575456261635,0.03656575456261635,0.03656575456261635,0.03912834823131561,0.03656575456261635,0.03656575456261635,0.03656575456261635,0.037092261016368866,0.03656575456261635,0.03656575456261635,0.03656575456261635,0.03656575456261635
2019-09-13,0.03634177893400192,0.03634177893400192,0.03634177893400192,0.03634177893400192,0.036725129932165146,0.03634177893400192,0.04112771153450012,0.03634177893400192,0.03634177893400192,0.03634177893400192,0.03679635748267174,0.03634177893400192,0.03717852011322975,0.03634177893400192,0.041143205016851425,0.03634177893400192,0.03634177893400192,0.03881235420703888,0.04125124216079712,0.03634177893400192,0.03634177893400192,0.03634177893400192,0.03634177893400192,0.03634177893400192,0.03634177893400192,0.03647163510322571,0.03634177893400192
2019-09-16,0.03628726676106453,0.03628726676106453,0.03628726676106453,0.03628726676106453,0.03628726676106453,0.03628726676106453,0.04315301775932312,0.03628726676106453,0.03628726676106453,0.03628726676106453,0.03628726676106453,0.03628726676106453,0.0371091365814209,0.03628726676106453,0.03689344972372055,0.037246160209178925,0.03628726676106453,0.04189712181687355,0.04012030363082886,0.03628726676106453,0.03628726676106453,0.03628726676106453,0.03783545643091202,0.03628726676106453,0.03628726676106453,0.03628726676106453,0.03628726676106453
2019-09-17,0.03622513264417648,0.03622513264417648,0.03622513264417648,0.03622513264417648,0.0366877056658268,0.03622513264417648,0.04429249465465546,0.03622513264417648,0.03622513264417648,0.03622513264417648,0.03622513264417648,0.03622513264417648,0.04081340879201889,0.03622513264417648,0.03622513264417648,0.03882630169391632,0.03622513264417648,0.03817363083362579,0.038649480789899826,0.03622513264417648,0.03622513264417648,0.03622513264417648,0.03704207390546799,0.03622513264417648,0.03622513264417648,0.03723738715052605,0.03622513264417648
2019-09-18,0.0359468013048172,0.0359468013048172,0.0359468013048172,0.0359468013048172,0.03702830150723457,0.0359468013048172,0.046725645661354065,0.0359468013048172,0.03602799028158188,0.0359468013048172,0.0359468013048172,0.0359468013048172,0.04206355661153793,0.0359468013048172,0.0359468013048172,0.03747778385877609,0.0359468013048172,0.03780375421047211,0.0359468013048172,0.0359468013048172,0.0359468013048172,0.0359468013048172,0.0418977364897728,0.0359468013048172,0.0359468013048172,0.03798600286245346,0.0359468013048172
2019-09-19,0.03588556870818138,0.03588556870818138,0.03588556870818138,0.03588556870818138,0.036868367344141006,0.03588556870818138,0.046441856771707535,0.03588556870818138,0.03588556870818138,0.03588556870818138,0.03588556870818138,0.03588556870818138,0.04355359822511673,0.03588556870818138,0.03588556870818138,0.03917287290096283,0.03588556870818138,0.0363910086452961,0.03588556870818138,0.03588556870818138,0.03588556870818138,0.03588556870818138,0.04108424112200737,0.03588556870818138,0.03588556870818138,0.03877664729952812,0.03588556870818138
2019-09-20,0.03620330989360809,0.03620330989360809,0.03620330989360809,0.03620330989360809,0.03763824328780174,0.03620330989360809,0.04431702569127083,0.03620330989360809,0.03620330989360809,0.03620330989360809,0.03620330989360809,0.03620330989360809,0.04050351679325104,0.03620330989360809,0.03620330989360809,0.03620330989360809,0.03620330989360809,0.037113867700099945,0.03620330989360809,0.03620330989360809,0.03620330989360809,0.03620330989360809,0.043954506516456604,0.03620330989360809,0.03620330989360809,0.03620330989360809,0.03620330989360809
2019-09-23,0.03621701896190643,0.03621701896190643,0.03621701896190643,0.03621701896190643,0.03621701896190643,0.03684554994106293,0.04190255329012871,0.03621701896190643,0.03621701896190643,0.03621701896190643,0.03621701896190643,0.03621701896190643,0.04382544010877609,0.03621701896190643,0.03621701896190643,0.03621701896190643,0.03621701896190643,0.03621701896190643,0.03670535236597061,0.03621701896190643,0.03621701896190643,0.03621701896190643,0.04394664987921715,0.03621701896190643,0.03621701896190643,0.03621701896190643,0.03621701896190643
2019-09-24,0.03621280565857887,0.03621280565857887,0.03621280565857887,0.03621280565857887,0.03621280565857887,0.03669765219092369,0.04206443950533867,0.03621280565857887,0.03621280565857887,0.03621280565857887,0.03621280565857887,0.03621280565857887,0.04393567517399788,0.03621280565857887,0.03621280565857887,0.03621280565857887,0.03621280565857887,0.03621280565857887,0.03670084848999977,0.03621280565857887,0.03621280565857887,0.03621280565857887,0.04391968995332718,0.03621280565857887,0.03621280565857887,0.03621280565857887,0.03621280565857887
2019-09-25,0.03579885885119438,0.03579885885119438,0.03579885885119438,0.03579885885119438,0.03579885885119438,0.03579885885119438,0.04668059200048447,0.03579885885119438,0.03608420491218567,0.03579885885119438,0.03579885885119438,0.03579885885119438,0.046504415571689606,0.03579885885119438,0.03579885885119438,0.03703395277261734,0.03579885885119438,0.0364634171128273,0.03632005304098129,0.036101508885622025,0.03579885885119438,0.03579885885119438,0.04463353380560875,0.03579885885119438,0.03579885885119438,0.03579885885119438,0.03579885885119438
2019-09-26,0.03599219396710396,0.03599219396710396,0.03599219396710396,0.03599219396710396,0.03599219396710396,0.03599219396710396,0.04480612277984619,0.03599219396710396,0.03599219396710396,0.03599219396710396,0.03599219396710396,0.03599219396710396,0.04480252414941788,0.03599219396710396,0.03599219396710396,0.03599219396710396,0.03599219396710396,0.03678259253501892,0.036622367799282074,0.03599219396710396,0.03599219396710396,0.03599219396710396,0.04515808820724487,0.03599219396710396,0.03599219396710396,0.03599219396710396,0.03599219396710396
2019-09-27,0.036069538444280624,0.036069538444280624,0.036069538444280624,0.036069538444280624,0.036069538444280624,0.036069538444280624,0.04405779764056206,0.036069538444280624,0.036069538444280624,0.036069538444280624,0.036069538444280624,0.036069538444280624,0.04367522522807121,0.036069538444280624,0.036069538444280624,0.036069538444280624,0.036069538444280624,0.03690316155552864,0.03787115588784218,0.036069538444280624,0.036069538444280624,0.036069538444280624,0.04396284744143486,0.036069538444280624,0.036069538444280624,0.036069538444280624,0.036069538444280624
2019-09-30,0.03621309623122215,0.037082087248563766,0.03621309623122215,0.03621309623122215,0.03763478994369507,0.038884200155735016,0.038467541337013245,0.03621309623122215,0.03621309623122215,0.03621309623122215,0.03621309623122215,0.041397906839847565,0.03621309623122215,0.03621309623122215,0.03621309623122215,0.03621309623122215,0.03621309623122215,0.03780028223991394,0.042459797114133835,0.03621309623122215,0.03621309623122215,0.03621309623122215,0.03822459280490875,0.03621309623122215,0.03621309623122215,0.03621309623122215,0.03621309623122215
2019-10-01,0.03614146262407303,0.03614146262407303,0.03614146262407303,0.03614146262407303,0.03643094003200531,0.03935245797038078,0.041684892028570175,0.03614146262407303,0.03614146262407303,0.03614146262407303,0.03614146262407303,0.03775186464190483,0.039511892944574356,0.03614146262407303,0.03614146262407303,0.03614146262407303,0.03614146262407303,0.03790945187211037,0.038217466324567795,0.03614146262407303,0.03614146262407303,0.03614146262407303,0.04245331510901451,0.03614146262407303,0.03614146262407303,0.03614146262407303,0.03614146262407303
2019-10-02,0.03620614856481552,0.03620614856481552,0.03620614856481552,0.03620614856481552,0.03637150675058365,0.03791016340255737,0.04032914340496063,0.03620614856481552,0.03620614856481552,0.03620614856481552,0.03620614856481552,0.03620614856481552,0.040903475135564804,0.03620614856481552,0.03620614856481552,0.03620614856481552,0.03620614856481552,0.039369095116853714,0.039452262222766876,0.03620614856481552,0.03620614856481552,0.03620614856481552,0.0415414497256279,0.03620614856481552,0.03620614856481552,0.03620614856481552,0.03620614856481552
2019-10-03,0.035628531128168106,0.04002763330936432,0.035628531128168106,0.035628531128168106,0.037508513778448105,0.035628531128168106,0.04117751121520996,0.035628531128168106,0.03991803899407387,0.035628531128168106,0.035628531128168106,0.035628531128168106,0.04173148795962334,0.035628531128168106,0.035628531128168106,0.040037184953689575,0.035628531128168106,0.04229436442255974,0.03691001608967781,0.035628531128168106,0.035628531128168106,0.035628531128168106,0.039081696420907974,0.035628531128168106,0.035628531128168106,0.035628531128168106,0.035628531128168106
2019-10-04,0.035913243889808655,0.04003019258379936,0.035913243889808655,0.035913243889808655,0.03831865265965462,0.03769933059811592,0.03897939994931221,0.035913243889808655,0.03772423788905144,0.035913243889808655,0.035913243889808655,0.035913243889808655,0.04011698439717293,0.035913243889808655,0.035913243889808655,0.036231741309165955,0.035913243889808655,0.04249931871891022,0.036400098353624344,0.035913243889808655,0.035913243889808655,0.035913243889808655,0.04147486388683319,0.035913243889808655,0.035913243889808655,0.035913243889808655,0.035913243889808655
2019-10-07,0.03606431558728218,0.03636753559112549,0.03606431558728218,0.03606431558728218,0.03729592636227608,0.03760237619280815,0.03980064019560814,0.03606431558728218,0.03606431558728218,0.03606431558728218,0.03606431558728218,0.03606431558728218,0.04269790276885033,0.03606431558728218,0.03606431558728218,0.03606431558728218,0.03606431558728218,0.040857840329408646,0.03606431558728218,0.03606431558728218,0.03606431558728218,0.03606431558728218,0.04409142583608627,0.03606431558728218,0.03606431558728218,0.03606431558728218,0.03606431558728218
2019-10-08,0.036066751927137375,0.036478832364082336,0.036066751927137375,0.036066751927137375,0.03725515678524971,0.03696082532405853,0.040216293185949326,0.036066751927137375,0.036066751927137375,0.036066751927137375,0.036066751927137375,0.036066751927137375,0.042991723865270615,0.036066751927137375,0.036066751927137375,0.036194849759340286,0.036066751927137375,0.040867384523153305,0.036066751927137375,0.036066751927137375,0.036066751927137375,0.036066751927137375,0.04376664012670517,0.036066751927137375,0.036066751927137375,0.036066751927137375,0.036066751927137375
2019-10-09,0.037871479988098145,0.03901112824678421,0.03574254736304283,0.03574254736304283,0.03741742670536041,0.03574254736304283,0.038407258689403534,0.03574254736304283,0.03802875429391861,0.03574254736304283,0.03574254736304283,0.03574254736304283,0.042356107383966446,0.03574254736304283,0.03574254736304283,0.04047830030322075,0.03574254736304283,0.042680658400058746,0.03574254736304283,0.03574254736304283,0.03574254736304283,0.03574254736304283,0.040382977575063705,0.03574254736304283,0.03574254736304283,0.03574254736304283,0.03574254736304283
2019-10-10,0.03722018003463745,0.03808662295341492,0.036021728068590164,0.036021728068590164,0.038156233727931976,0.036643821746110916,0.03715711459517479,0.036021728068590164,0.036021728068590164,0.036021728068590164,0.036021728068590164,0.036021728068590164,0.041686542332172394,0.036021728068590164,0.036021728068590164,0.03694286569952965,0.036021728068590164,0.04281360283493996,0.036021728068590164,0.036021728068590164,0.036021728068590164,0.036021728068590164,0.042901914566755295,0.036021728068590164,0.036021728068590164,0.036021728068590164,0.036021728068590164
2019-10-11,0.03638530150055885,0.03801608830690384,0.0360720269382,0.0360720269382,0.03648032993078232,0.03835384547710419,0.03638869524002075,0.0360720269382,0.0360720269382,0.0360720269382,0.0360720269382,0.0360720269382,0.04254627227783203,0.0360720269382,0.0360720269382,0.0360720269382,0.0360720269382,0.042055319994688034,0.0360720269382,0.0360720269382,0.0360720269382,0.0360720269382,0.04440564662218094,0.0360720269382,0.0360720269382,0.0360720269382,0.0360720269382
2019-10-14,0.036129921674728394,0.03670484945178032,0.036129921674728394,0.03839181736111641,0.036129921674728394,0.03778835013508797,0.036129921674728394,0.036129921674728394,0.036129921674728394,0.036129921674728394,0.036129921674728394,0.036129921674728394,0.0433262400329113,0.036129921674728394,0.036129921674728394,0.036129921674728394,0.036129921674728394,0.041630178689956665,0.036129921674728394,0.0362834669649601,0.036129921674728394,0.036129921674728394,0.04327661171555519,0.036129921674728394,0.036129921674728394,0.036129921674728394,0.036129921674728394
2019-10-15,0.03615852817893028,0.03890964388847351,0.036135390400886536,0.036135390400886536,0.036135390400886536,0.037173375487327576,0.036640752106904984,0.036135390400886536,0.036135390400886536,0.036135390400886536,0.036135390400886536,0.036135390400886536,0.04454832524061203,0.036135390400886536,0.036135390400886536,0.037206508219242096,0.036135390400886536,0.04059207811951637,0.036135390400886536,0.036135390400886536,0.036135390400886536,0.036135390400886536,0.04219835251569748,0.036135390400886536,0.036135390400886536,0.036135390400886536,0.036135390400886536
2019-10-16,0.039343081414699554,0.03851834312081337,0.03763088956475258,0.03746179863810539,0.03586072847247124,0.03775883466005325,0.03586072847247124,0.03586072847247124,0.03586072847247124,0.03586072847247124,0.03586072847247124,0.03586072847247124,0.041639018803834915,0.03586072847247124,0.03586072847247124,0.03703543543815613,0.03586072847247124,0.04482923075556755,0.03586072847247124,0.03586072847247124,0.03586072847247124,0.03586072847247124,0.040290266275405884,0.03586072847247124,0.03586072847247124,0.03586072847247124,0.03586072847247124
2019-10-17,0.038447145372629166,0.03675750270485878,0.03613211587071419,0.0382869616150856,0.03613211587071419,0.036809053272008896,0.03613211587071419,0.03613211587071419,0.03613211587071419,0.03613211587071419,0.03613211587071419,0.03613211587071419,0.041055336594581604,0.03613211587071419,0.03613211587071419,0.03613211587071419,0.036210138350725174,0.043881386518478394,0.03613211587071419,0.036319341510534286,0.03613211587071419,0.03613211587071419,0.04185502603650093,0.03613211587071419,0.03613211587071419,0.03613211587071419,0.03613211587071419
2019-10-18,0.0395844466984272,0.036385148763656616,0.03893059119582176,0.03818562999367714,0.036385148763656616,0.03722095862030983,0.036385148763656616,0.036385148763656616,0.036385148763656616,0.036385148763656616,0.036385148763656616,0.036385148763656616,0.036385148763656616,0.036385148763656616,0.036385148763656616,0.036385148763656616,0.03644793480634689,0.04295743256807327,0.036385148763656616,0.036385148763656616,0.036385148763656616,0.036385148763656616,0.03897000104188919,0.036385148763656616,0.036385148763656616,0.036385148763656616,0.036385148763656616
2019-10-21,0.03741971403360367,0.037828728556632996,0.03813544288277626,0.036166962236166,0.036166962236166,0.036166962236166,0.036166962236166,0.036166962236166,0.036299776285886765,0.036166962236166,0.036166962236166,0.036166962236166,0.037078939378261566,0.036166962236166,0.036166962236166,0.039941105991601944,0.036166962236166,0.046632781624794006,0.036166962236166,0.03846411034464836,0.036166962236166,0.036166962236166,0.03715245798230171,0.0362086296081543,0.036166962236166,0.036166962236166,0.036166962236166
2019-10-22,0.03618256375193596,0.03725593537092209,0.03751300275325775,0.03964592516422272,0.03618256375193596,0.03618256375193596,0.03618256375193596,0.03618256375193596,0.037320688366889954,0.03618256375193596,0.03799749165773392,0.03618256375193596,0.037820231169462204,0.03618256375193596,0.03618256375193596,0.03618256375193596,0.03618256375193596,0.04329288750886917,0.03618256375193596,0.03804263100028038,0.03655917942523956,0.03618256375193596,0.037536684423685074,0.036455150693655014,0.0378216914832592,0.03618256375193596,0.03618256375193596
2019-10-23,0.03638586401939392,0.03809310495853424,0.037137288600206375,0.03638586401939392,0.038953520357608795,0.03638586401939392,0.0381823368370533,0.03638586401939392,0.03638586401939392,0.03638586401939392,0.03748324140906334,0.03638586401939392,0.03694896399974823,0.03638586401939392,0.03638586401939392,0.03755200281739235,0.03638586401939392,0.04363206773996353,0.03638586401939392,0.03707195445895195,0.03638586401939392,0.03638586401939392,0.03638586401939392,0.03638586401939392,0.03638586401939392,0.03638586401939392,0.03638586401939392
2019-10-24,0.03662322834134102,0.03662322834134102,0.03662322834134102,0.03662322834134102,0.03662322834134102,0.03662322834134102,0.03783752769231796,0.03662322834134102,0.03662322834134102,0.03662322834134102,0.0369596891105175,0.03662322834134102,0.04064743220806122,0.03662322834134102,0.03662322834134102,0.038155339658260345,0.03662322834134102,0.038743358105421066,0.03662322834134102,0.0375620573759079,0.03662322834134102,0.03662322834134102,0.03737819939851761,0.03662322834134102,0.03687503933906555,0.03662322834134102,0.03662322834134102
2019-10-25,0.03631797432899475,0.03631797432899475,0.03631797432899475,0.03642406687140465,0.03631797432899475,0.03631797432899475,0.04056684300303459,0.03631797432899475,0.03631797432899475,0.03631797432899475,0.03786633536219597,0.03631797432899475,0.04047192260622978,0.03631797432899475,0.03696431592106819,0.03631797432899475,0.03631797432899475,0.03631797432899475,0.0376848429441452,0.03631797432899475,0.03631797432899475,0.03631797432899475,0.04328739643096924,0.03631797432899475,0.03669270873069763,0.03631797432899475,0.03631797432899475
2019-10-28,0.03653353825211525,0.03653353825211525,0.03653353825211525,0.03735245764255524,0.03653353825211525,0.03653353825211525,0.03790826350450516,0.03653353825211525,0.03653353825211525,0.03653353825211525,0.036820195615291595,0.03673204034566879,0.0385187566280365,0.03653353825211525,0.03653353825211525,0.03653353825211525,0.03653353825211525,0.03848116844892502,0.03931748494505882,0.03653353825211525,0.03653353825211525,0.03653353825211525,0.04073244333267212,0.03653353825211525,0.03653353825211525,0.03653353825211525,0.03653353825211525
2019-10-29,0.03620423004031181,0.03698781505227089,0.037717174738645554,0.03620423004031181,0.03620423004031181,0.03620423004031181,0.036637160927057266,0.03620423004031181,0.03620423004031181,0.03620423004031181,0.036588434129953384,0.03760955482721329,0.03788203373551369,0.03620423004031181,0.03620423004031181,0.03741234540939331,0.03620423004031181,0.0455770418047905,0.03713544085621834,0.03620423004031181,0.03620423004031181,0.03620423004031181,0.040981099009513855,0.03620423004031181,0.03620423004031181,0.03620423004031181,0.03620423004031181
2019-10-30,0.03596523404121399,0.037533387541770935,0.03596523404121399,0.03596523404121399,0.03596523404121399,0.03596523404121399,0.03680117800831795,0.03596523404121399,0.03596523404121399,0.03596523404121399,0.03596523404121399,0.03771106153726578,0.03999997675418854,0.03596523404121399,0.03596523404121399,0.03967147693037987,0.03596523404121399,0.04641619324684143,0.03703073784708977,0.03596523404121399,0.03596523404121399,0.03596523404121399,0.04149649292230606,0.03596523404121399,0.03596523404121399,0.03596523404121399,0.03596523404121399
2019-10-31,0.03627655655145645,0.03627655655145645,0.03784771263599396,0.03744043409824371,0.03644310683012009,0.03627655655145645,0.039480797946453094,0.03627655655145645,0.03627655655145645,0.03627655655145645,0.036568783223629,0.03627655655145645,0.03976985067129135,0.03627655655145645,0.03877208009362221,0.03627655655145645,0.03627655655145645,0.040047161281108856,0.0363992303609848,0.03627655655145645,0.03627655655145645,0.03627655655145645,0.04052937403321266,0.03627655655145645,0.03627655655145645,0.03627655655145645,0.03627655655145645
2019-11-01,0.03643311932682991,0.03643311932682991,0.03643311932682991,0.03660980239510536,0.03811981901526451,0.03643311932682991,0.04004853963851929,0.03643311932682991,0.03643311932682991,0.03643311932682991,0.038577839732170105,0.03643311932682991,0.03991585224866867,0.03643311932682991,0.036764390766620636,0.03643311932682991,0.03643311932682991,0.03810247778892517,0.03643311932682991,0.03654322773218155,0.03643311932682991,0.03643311932682991,0.03952191770076752,0.03643311932682991,0.03643311932682991,0.03643311932682991,0.03643311932682991
2019-11-04,0.036429427564144135,0.036429427564144135,0.036429427564144135,0.036429427564144135,0.036429427564144135,0.036429427564144135,0.04026308283209801,0.036429427564144135,0.03645331412553787,0.036429427564144135,0.03778228163719177,0.036429427564144135,0.0400799997150898,0.036429427564144135,0.036429427564144135,0.0390787348151207,0.036429427564144135,0.04043346270918846,0.036429427564144135,0.03649207577109337,0.036429427564144135,0.036429427564144135,0.03725795820355415,0.036429427564144135,0.036429427564144135,0.036429427564144135,0.036429427564144135
2019-11-05,0.035986434668302536,0.03786388412117958,0.035986434668302536,0.035986434668302536,0.035986434668302536,0.035986434668302536,0.04175211116671562,0.035986434668302536,0.035986434668302536,0.035986434668302536,0.03610525652766228,0.035986434668302536,0.04066101461648941,0.035986434668302536,0.035986434668302536,0.040910083800554276,0.035986434668302536,0.042799197137355804,0.03644682466983795,0.035986434668302536,0.035986434668302536,0.035986434668302536,0.0397193543612957,0.035986434668302536,0.035986434668302536,0.035986434668302536,0.035986434668302536
2019-11-06,0.03590582683682442,0.03590582683682442,0.03590582683682442,0.03590582683682442,0.03590582683682442,0.03590582683682442,0.04424602910876274,0.03590582683682442,0.03590582683682442,0.03590582683682442,0.03590582683682442,0.03590582683682442,0.045825205743312836,0.03590582683682442,0.03590582683682442,0.038034263998270035,0.03590582683682442,0.03831975907087326,0.03590582683682442,0.03590582683682442,0.03590582683682442,0.03590582683682442,0.043646570295095444,0.03590582683682442,0.03590582683682442,0.03590582683682442,0.03590582683682442
2019-11-07,0.03564509004354477,0.03701963275671005,0.03564509004354477,0.03564509004354477,0.03564509004354477,0.03564509004354477,0.040671397000551224,0.03564509004354477,0.03564509004354477,0.03564509004354477,0.03618020564317703,0.03564509004354477,0.04459310322999954,0.03564509004354477,0.03564509004354477,0.038373302668333054,0.03564509004354477,0.04182738438248634,0.0367322601377964,0.03812863305211067,0.03741495683789253,0.03564509004354477,0.04309259355068207,0.03564509004354477,0.03564509004354477,0.03564509004354477,0.03564509004354477
2019-11-08,0.036029353737831116,0.03798322752118111,0.036029353737831116,0.03726450726389885,0.036029353737831116,0.036029353737831116,0.03805607557296753,0.036029353737831116,0.036029353737831116,0.036029353737831116,0.036029353737831116,0.036029353737831116,0.04290013015270233,0.036029353737831116,0.036029353737831116,0.036029353737831116,0.036029353737831116,0.04104144871234894,0.03670203313231468,0.038379982113838196,0.036029353737831116,0.036029353737831116,0.04311489313840866,0.036029353737831116,0.036029353737831116,0.036029353737831116,0.036029353737831116
2019-11-11,0.035682469606399536,0.037849005311727524,0.035682469606399536,0.035682469606399536,0.035682469606399536,0.035682469606399536,0.0391569659113884,0.035682469606399536,0.035682469606399536,0.035682469606399536,0.03630344569683075,0.035682469606399536,0.04231692850589752,0.035682469606399536,0.035682469606399536,0.0397537425160408,0.035682469606399536,0.04387342184782028,0.035682469606399536,0.03741135075688362,0.037902429699897766,0.035682469606399536,0.04314831271767616,0.035682469606399536,0.035682469606399536,0.035682469606399536,0.035682469606399536
2019-11-12,0.03559776768088341,0.03559776768088341,0.03559776768088341,0.03559776768088341,0.03559776768088341,0.03559776768088341,0.04750756174325943,0.03559776768088341,0.036916449666023254,0.03559776768088341,0.03559776768088341,0.03559776768088341,0.04568912461400032,0.03559776768088341,0.03559776768088341,0.04051060602068901,0.03559776768088341,0.03981463983654976,0.03563728928565979,0.03624003008008003,0.035837553441524506,0.03559776768088341,0.04108694940805435,0.03559776768088341,0.03559776768088341,0.03559776768088341,0.03559776768088341
2019-11-13,0.035602353513240814,0.035602353513240814,0.035602353513240814,0.035602353513240814,0.035602353513240814,0.035602353513240814,0.04759884253144264,0.035602353513240814,0.03692565858364105,0.035602353513240814,0.035602353513240814,0.035602353513240814,0.04568644240498543,0.035602353513240814,0.035602353513240814,0.04036746174097061,0.035602353513240814,0.039792709052562714,0.03571382164955139,0.036230672150850296,0.035851944237947464,0.035602353513240814,0.040990106761455536,0.035602353513240814,0.035602353513240814,0.035602353513240814,0.035602353513240814
2019-11-14,0.03664977848529816,0.03686487674713135,0.03664977848529816,0.03664977848529816,0.03664977848529816,0.03664977848529816,0.03667419031262398,0.03664977848529816,0.03664977848529816,0.03664977848529816,0.03664977848529816,0.03664977848529816,0.039929911494255066,0.03664977848529816,0.03664977848529816,0.03664977848529816,0.03664977848529816,0.04305235296487808,0.03664977848529816,0.037183552980422974,0.03664977848529816,0.03664977848529816,0.03664977848529816,0.03664977848529816,0.03664977848529816,0.03664977848529816,0.03664977848529816
2019-11-15,0.03625359386205673,0.03625359386205673,0.03625359386205673,0.03643040359020233,0.03625359386205673,0.03625359386205673,0.03982184827327728,0.03625359386205673,0.03625359386205673,0.03625359386205673,0.03625359386205673,0.03625359386205673,0.0418163537979126,0.03625359386205673,0.03625359386205673,0.03625359386205673,0.03625359386205673,0.04115431383252144,0.03853430598974228,0.03774769976735115,0.03625359386205673,0.03625359386205673,0.03942323103547096,0.03625359386205673,0.03625359386205673,0.03625359386205673,0.03625359386205673
2019-11-18,0.03600078821182251,0.03600078821182251,0.03600078821182251,0.03600078821182251,0.03600078821182251,0.03600078821182251,0.04245571792125702,0.03600078821182251,0.03600078821182251,0.03600078821182251,0.036056578159332275,0.03600078821182251,0.043267346918582916,0.03600078821182251,0.03600078821182251,0.03600078821182251,0.03600078821182251,0.040759600698947906,0.03987371176481247,0.037525687366724014,0.03657152131199837,0.03600078821182251,0.03947487100958824,0.03600078821182251,0.03600078821182251,0.03600078821182251,0.03600078821182251
2019-11-19,0.03641538694500923,0.03641538694500923,0.03641538694500923,0.03797655552625656,0.03641538694500923,0.03641538694500923,0.03641538694500923,0.03641538694500923,0.03641538694500923,0.03641538694500923,0.03641538694500923,0.03641538694500923,0.04001742973923683,0.03641538694500923,0.03641538694500923,0.03641538694500923,0.03641538694500923,0.041085176169872284,0.03641538694500923,0.0393129363656044,0.03756663203239441,0.03641538694500923,0.039318203926086426,0.03641538694500923,0.03641538694500923,0.03641538694500923,0.03641538694500923
2019-11-20,0.03540492057800293,0.03540492057800293,0.03540492057800293,0.03540492057800293,0.03540492057800293,0.03540492057800293,0.04936400055885315,0.03540492057800293,0.03744259476661682,0.03540492057800293,0.037233252078294754,0.03540492057800293,0.04228595644235611,0.03540492057800293,0.03540492057800293,0.03888717293739319,0.03540492057800293,0.040081337094306946,0.03540492057800293,0.038689833134412766,0.03625105693936348,0.03540492057800293,0.04247623682022095,0.03540492057800293,0.03540492057800293,0.03540492057800293,0.03540492057800293
2019-11-21,0.03546132892370224,0.03546132892370224,0.03546132892370224,0.03614487871527672,0.03546132892370224,0.03546132892370224,0.04872974008321762,0.03546132892370224,0.03917480260133743,0.03546132892370224,0.0389152355492115,0.03546132892370224,0.04330848157405853,0.03546132892370224,0.03546132892370224,0.0363028459250927,0.03546132892370224,0.03546132892370224,0.03546132892370224,0.039073601365089417,0.03546132892370224,0.03546132892370224,0.041434504091739655,0.03546132892370224,0.03546132892370224,0.0386120080947876,0.03546132892370224
2019-11-22,0.035224005579948425,0.035224005579948425,0.035224005579948425,0.035224005579948425,0.035224005579948425,0.035224005579948425,0.05160599946975708,0.035224005579948425,0.03840329498052597,0.035224005579948425,0.03847695514559746,0.035224005579948425,0.04353991150856018,0.035224005579948425,0.035224005579948425,0.03793008252978325,0.035224005579948425,0.03703513741493225,0.035224005579948425,0.040487002581357956,0.035224005579948425,0.035224005579948425,0.04311978071928024,0.035224005579948425,0.035224005579948425,0.03536982461810112,0.035224005579948425
2019-11-25,0.035805169492959976,0.035805169492959976,0.035805169492959976,0.037664055824279785,0.035805169492959976,0.035805169492959976,0.04680893197655678,0.035805169492959976,0.036152586340904236,0.035805169492959976,0.03768158704042435,0.035805169492959976,0.04348204657435417,0.035805169492959976,0.035805169492959976,0.035805169492959976,0.035805169492959976,0.035805169492959976,0.035805169492959976,0.039162855595350266,0.035805169492959976,0.035805169492959976,0.0429445281624794,0.035805169492959976,0.035805169492959976,0.035805169492959976,0.035805169492959976
2019-11-26,0.03533471003174782,0.03533471003174782,0.03533471003174782,0.03533471003174782,0.03533471003174782,0.03533471003174782,0.048949990421533585,0.03533471003174782,0.038824234157800674,0.03533471003174782,0.03850764036178589,0.03533471003174782,0.041625119745731354,0.03533471003174782,0.03533471003174782,0.03867999464273453,0.03533471003174782,0.04061880335211754,0.03533471003174782,0.039292022585868835,0.035737719386816025,0.03533471003174782,0.041739724576473236,0.03533471003174782,0.03533471003174782,0.03533471003174782,0.03533471003174782
2019-11-27,0.035865433514118195,0.035865433514118195,0.035865433514118195,0.035865433514118195,0.035865433514118195,0.035865433514118195,0.04672887921333313,0.035865433514118195,0.03743429109454155,0.035865433514118195,0.0361899808049202,0.035865433514118195,0.04062845557928085,0.035865433514118195,0.035865433514118195,0.035865433514118195,0.035865433514118195,0.03983020782470703,0.035865433514118195,0.03872772306203842,0.035865433514118195,0.035865433514118195,0.043151840567588806,0.035865433514118195,0.035865433514118195,0.035865433514118195,0.035865433514118195
2019-11-29,0.0360286720097065,0.0360286720097065,0.0360286720097065,0.038741957396268845,0.0360286720097065,0.0360286720097065,0.04338386654853821,0.0360286720097065,0.036986660212278366,0.0360286720097065,0.0360286720097065,0.0360286720097065,0.04057023301720619,0.0360286720097065,0.036630719900131226,0.0360286720097065,0.0360286720097065,0.036444611847400665,0.0360286720097065,0.03841470554471016,0.0360286720097065,0.0360286720097065,0.04135003313422203,0.0360286720097065,0.0360286720097065,0.03896123170852661,0.0360286720097065
2019-12-02,0.036025382578372955,0.036025382578372955,0.036025382578372955,0.03872070461511612,0.036025382578372955,0.036025382578372955,0.04346321523189545,0.036025382578372955,0.037035491317510605,0.036025382578372955,0.036025382578372955,0.036025382578372955,0.040554940700531006,0.036025382578372955,0.036683887243270874,0.036025382578372955,0.036025382578372955,0.036412473767995834,0.036025382578372955,0.038418736308813095,0.036025382578372955,0.036025382578372955,0.04131334275007248,0.036025382578372955,0.036025382578372955,0.038940347731113434,0.036025382578372955
2019-12-03,0.035850752145051956,0.035850752145051956,0.035850752145051956,0.035850752145051956,0.035850752145051956,0.035850752145051956,0.04444688931107521,0.035850752145051956,0.03669498488306999,0.035850752145051956,0.035850752145051956,0.035850752145051956,0.04332447797060013,0.035850752145051956,0.035850752145051956,0.038059867918491364,0.035850752145051956,0.04166054353117943,0.035850752145051956,0.03738836944103241,0.035850752145051956,0.035850752145051956,0.04140987619757652,0.035850752145051956,0.035850752145051956,0.035850752145051956,0.035850752145051956
2019-12-04,0.03640037402510643,0.03818989172577858,0.03640037402510643,0.03640037402510643,0.038323137909173965,0.03640037402510643,0.03640037402510643,0.03640037402510643,0.038351304829120636,0.03640037402510643,0.03640037402510643,0.03640037402510643,0.03824528679251671,0.03640037402510643,0.03640037402510643,0.03872322663664818,0.03640037402510643,0.0437592938542366,0.03640037402510643,0.03640037402510643,0.03640037402510643,0.03640037402510643,0.03640037402510643,0.03640037402510643,0.03640037402510643,0.03640037402510643,0.03640037402510643
2019-12-05,0.03586471080780029,0.036369454115629196,0.03586471080780029,0.03586471080780029,0.03650365769863129,0.03586471080780029,0.04328329116106033,0.03586471080780029,0.038924552500247955,0.03586471080780029,0.03586471080780029,0.03586471080780029,0.04180247709155083,0.03586471080780029,0.03586471080780029,0.039326850324869156,0.03586471080780029,0.043648429214954376,0.03586471080780029,0.03648785129189491,0.03586471080780029,0.03586471080780029,0.03808861970901489,0.03586471080780029,0.03586471080780029,0.03586471080780029,0.03586471080780029
2019-12-06,0.03622352331876755,0.03623640909790993,0.03622352331876755,0.03639451414346695,0.03622352331876755,0.03622352331876755,0.04083317145705223,0.03622352331876755,0.03677523136138916,0.03622352331876755,0.03622352331876755,0.03622352331876755,0.043779607862234116,0.03622352331876755,0.03622352331876755,0.03622352331876755,0.03622352331876755,0.03871838003396988,0.03622352331876755,0.0370909757912159,0.03622352331876755,0.03622352331876755,0.03963891789317131,0.03622352331876755,0.03622352331876755,0.038509368896484375,0.03622352331876755
2019-12-09,0.03601940721273422,0.03601940721273422,0.0361652746796608,0.04138106852769852,0.03601940721273422,0.03601940721273422,0.038990601897239685,0.03601940721273422,0.03912896662950516,0.03601940721273422,0.038692113012075424,0.03601940721273422,0.04056001454591751,0.03601940721273422,0.039707668125629425,0.03601940721273422,0.03601940721273422,0.03601940721273422,0.03601940721273422,0.03764094412326813,0.03601940721273422,0.03601940721273422,0.03601940721273422,0.03601940721273422,0.03601940721273422,0.03938407823443413,0.03601940721273422
2019-12-10,0.03599412366747856,0.03599412366747856,0.03599412366747856,0.038984619081020355,0.03599412366747856,0.03599412366747856,0.042826782912015915,0.03599412366747856,0.03736760467290878,0.03599412366747856,0.03599412366747856,0.03599412366747856,0.04106898233294487,0.03599412366747856,0.03733130916953087,0.03599412366747856,0.03599412366747856,0.03679671138525009,0.03599412366747856,0.03797946125268936,0.03599412366747856,0.03599412366747856,0.04048546031117439,0.03599412366747856,0.03599412366747856,0.03926481679081917,0.03599412366747856
2019-12-11,0.03605255112051964,0.03605255112051964,0.03627482056617737,0.039793793112039566,0.03605255112051964,0.03605255112051964,0.04050907492637634,0.03605255112051964,0.03644629195332527,0.03605255112051964,0.03605255112051964,0.03605255112051964,0.042376987636089325,0.03605255112051964,0.03778588026762009,0.03605255112051964,0.03605255112051964,0.038347028195858,0.03605255112051964,0.03658751770853996,0.03605255112051964,0.03605255112051964,0.03914400935173035,0.03605255112051964,0.03605255112051964,0.039841242134571075,0.03605255112051964
2019-12-12,0.036097873002290726,0.036097873002290726,0.03654979169368744,0.03973636031150818,0.036097873002290726,0.036097873002290726,0.03991495445370674,0.036097873002290726,0.036097873002290726,0.036097873002290726,0.036097873002290726,0.036097873002290726,0.04253440350294113,0.036097873002290726,0.0371645912528038,0.036097873002290726,0.036097873002290726,0.03882850334048271,0.036097873002290726,0.03667466714978218,0.036097873002290726,0.036097873002290726,0.0390559583902359,0.036097873002290726,0.036097873002290726,0.039779022336006165,0.036097873002290726
2019-12-13,0.036031804978847504,0.036031804978847504,0.036031804978847504,0.04050324112176895,0.036031804978847504,0.036031804978847504,0.04006127640604973,0.036031804978847504,0.03845849633216858,0.036031804978847504,0.037631094455718994,0.036031804978847504,0.04129001125693321,0.036031804978847504,0.03953268751502037,0.036031804978847504,0.036031804978847504,0.036263421177864075,0.036031804978847504,0.03706508129835129,0.036031804978847504,0.036031804978847504,0.03738369047641754,0.036031804978847504,0.036031804978847504,0.03927033394575119,0.036031804978847504
2019-12-16,0.03620868921279907,0.03620868921279907,0.03779018297791481,0.04033048823475838,0.03620868921279907,0.03620868921279907,0.03620868921279907,0.03620868921279907,0.03669864311814308,0.03620868921279907,0.039596427232027054,0.03620868921279907,0.0391882061958313,0.03620868921279907,0.03620868921279907,0.03620868921279907,0.03674577921628952,0.03873900696635246,0.03620868921279907,0.03991944342851639,0.03620868921279907,0.03620868921279907,0.03923548758029938,0.03620868921279907,0.03620868921279907,0.03620868921279907,0.03620868921279907
2019-12-17,0.03574689105153084,0.03603469207882881,0.038496408611536026,0.04105420038104057,0.03574689105153084,0.03574689105153084,0.03778307884931564,0.03574689105153084,0.03574689105153084,0.03574689105153084,0.04026471823453903,0.03574689105153084,0.042418692260980606,0.03574689105153084,0.03964479640126228,0.03574689105153084,0.03574689105153084,0.037562474608421326,0.03574689105153084,0.039592813700437546,0.03574689105153084,0.03574689105153084,0.03885452449321747,0.03574689105153084,0.03574689105153084,0.036343369632959366,0.03574689105153084
2019-12-18,0.035768043249845505,0.0358896479010582,0.03814396262168884,0.04235353320837021,0.035768043249845505,0.035768043249845505,0.035768043249845505,0.035768043249845505,0.035768043249845505,0.035768043249845505,0.03993619978427887,0.035768043249845505,0.043212223798036575,0.035768043249845505,0.04101133346557617,0.035768043249845505,0.035768043249845505,0.036636192351579666,0.03586319088935852,0.04042666032910347,0.035768043249845505,0.035768043249845505,0.03847029432654381,0.035768043249845505,0.035768043249845505,0.035768043249845505,0.035768043249845505
2019-12-19,0.036181963980197906,0.03888285905122757,0.036181963980197906,0.03942223638296127,0.036181963980197906,0.036181963980197906,0.036181963980197906,0.036181963980197906,0.036181963980197906,0.036181963980197906,0.036181963980197906,0.036181963980197906,0.04119471088051796,0.036181963980197906,0.03653004392981529,0.036181963980197906,0.036181963980197906,0.03973669931292534,0.036181963980197906,0.038655176758766174,0.036181963980197906,0.036181963980197906,0.04193902760744095,0.036181963980197906,0.036181963980197906,0.036181963980197906,0.036181963980197906
2019-12-20,0.03611452132463455,0.03928475081920624,0.0369802862405777,0.037780556827783585,0.03611452132463455,0.03611452132463455,0.03611452132463455,0.03611452132463455,0.03611452132463455,0.03611452132463455,0.03611452132463455,0.03611452132463455,0.04140028730034828,0.03611452132463455,0.03611452132463455,0.03611452132463455,0.03611452132463455,0.04206118732690811,0.03611452132463455,0.03833780065178871,0.03611452132463455,0.03611452132463455,0.04186470806598663,0.03611452132463455,0.03611452132463455,0.03611452132463455,0.03611452132463455
2019-12-23,0.03584033250808716,0.03712157905101776,0.037433646619319916,0.039961278438568115,0.03584033250808716,0.03584033250808716,0.03731677308678627,0.03584033250808716,0.03584033250808716,0.03584033250808716,0.0390058234333992,0.03584033250808716,0.041291095316410065,0.03584033250808716,0.03825516626238823,0.03584033250808716,0.03584033250808716,0.040586236864328384,0.03698292747139931,0.03833934664726257,0.03584033250808716,0.03584033250808716,0.04026081785559654,0.03584033250808716,0.03584033250808716,0.03584033250808716,0.03584033250808716
2019-12-24,0.035883717238903046,0.037565335631370544,0.03705231845378876,0.03777160122990608,0.035883717238903046,0.035883717238903046,0.035883717238903046,0.035883717238903046,0.035883717238903046,0.035883717238903046,0.03771476075053215,0.035883717238903046,0.04152226075530052,0.035883717238903046,0.037600379437208176,0.035883717238903046,0.035883717238903046,0.04395556449890137,0.03650731220841408,0.04016875475645065,0.035883717238903046,0.035883717238903046,0.040118563920259476,0.035883717238903046,0.035883717238903046,0.035883717238903046,0.035883717238903046
2019-12-26,0.035725533962249756,0.03687067702412605,0.035725533962249756,0.03869306668639183,0.035725533962249756,0.035725533962249756,0.03724449500441551,0.035725533962249756,0.035725533962249756,0.035725533962249756,0.0380852073431015,0.035725533962249756,0.04124818742275238,0.035725533962249756,0.03903387114405632,0.035725533962249756,0.035725533962249756,0.04230332002043724,0.03813591226935387,0.040334612131118774,0.035725533962249756,0.035725533962249756,0.04071657732129097,0.035725533962249756,0.035725533962249756,0.035725533962249756,0.035725533962249756
2019-12-27,0.03587597608566284,0.03587597608566284,0.03604822978377342,0.0401168093085289,0.03587597608566284,0.03587597608566284,0.03587597608566284,0.03587597608566284,0.03587597608566284,0.03587597608566284,0.038612741976976395,0.03587597608566284,0.04108818247914314,0.03587597608566284,0.03958810493350029,0.03587597608566284,0.03587597608566284,0.041127413511276245,0.03745907545089722,0.040896300226449966,0.03587597608566284,0.03587597608566284,0.03929556533694267,0.03587597608566284,0.03587597608566284,0.03587597608566284,0.03587597608566284
2019-12-30,0.035934463143348694,0.035934463143348694,0.036282435059547424,0.040900617837905884,0.035934463143348694,0.035934463143348694,0.035934463143348694,0.035934463143348694,0.035934463143348694,0.035934463143348694,0.038835421204566956,0.035934463143348694,0.04075346887111664,0.035934463143348694,0.039607934653759,0.035934463143348694,0.035934463143348694,0.040313247591257095,0.03713284060359001,0.04100993275642395,0.035934463143348694,0.035934463143348694,0.038343723863363266,0.035934463143348694,0.035934463143348694,0.035934463143348694,0.035934463143348694
2019-12-31,0.03624580800533295,0.03624580800533295,0.03624580800533295,0.03902177885174751,0.03624580800533295,0.03624580800533295,0.03624580800533295,0.03624580800533295,0.03624580800533295,0.03624580800533295,0.03682703524827957,0.03624580800533295,0.04063783958554268,0.03624580800533295,0.03701162710785866,0.03624580800533295,0.03624580800533295,0.041006945073604584,0.03624580800533295,0.04004385322332382,0.03624580800533295,0.03624580800533295,0.04053473472595215,0.03624580800533295,0.03624580800533295,0.03624580800533295,0.03624580800533295
2020-01-02,0.037037037037037035,0.037037037037037035,0.037037037037037035,0.037037037037037035,0.037037037037037035,0.037037037037037035,0.037037037037037035,0.037037037037037035,0.037037037037037035,0.037037037037037035,0.037037037037037035,0.037037037037037035,0.037037037037037035,0.037037037037037035,0.037037037037037035,0.037037037037037035,0.037037037037037035,0.037037037037037035,0.037037037037037035,0.037037037037037035,0.037037037037037035,0.037037037037037035,0.037037037037037035,0.037037037037037035,0.037037037037037035,0.037037037037037035,0.037037037037037035
2020-01-03,0.041971586644649506,0.035409871488809586,0.035409871488809586,0.04300917685031891,0.035409871488809586,0.04476211220026016,0.035409871488809586,0.04438411071896553,0.035409871488809586,0.035409871488809586,0.035409871488809586,0.039730630815029144,0.035409871488809586,0.035409871488809586,0.035409871488809586,0.035409871488809586,0.035409871488809586,0.035409871488809586,0.039799608290195465,0.035409871488809586,0.035409871488809586,0.035409871488809586,0.035409871488809586,0.03594822809100151,0.037606947124004364,0.035409871488809586,0.035409871488809586
2020-01-06,0.037686754018068314,0.03617759048938751,0.03617759048938751,0.043602366000413895,0.03617759048938751,0.047589316964149475,0.03617759048938751,0.03617759048938751,0.03617759048938751,0.03617759048938751,0.03617759048938751,0.03617759048938751,0.03617759048938751,0.03617759048938751,0.03617759048938751,0.03617759048938751,0.03617759048938751,0.03617759048938751,0.03617759048938751,0.03617759048938751,0.03617759048938751,0.03617759048938751,0.03622343763709068,0.03617759048938751,0.038991160690784454,0.03617759048938751,0.03617759048938751
2020-01-07,0.03652151674032211,0.03626680746674538,0.03626680746674538,0.04496660456061363,0.03626680746674538,0.04560556262731552,0.03626680746674538,0.03626680746674538,0.03626680746674538,0.03626680746674538,0.03626680746674538,0.03626680746674538,0.03626680746674538,0.03626680746674538,0.03626680746674538,0.03626680746674538,0.03626680746674538,0.03626680746674538,0.03626680746674538,0.03626680746674538,0.03626680746674538,0.03626680746674538,0.03671416640281677,0.037210315465927124,0.03737887740135193,0.03626680746674538,0.03626680746674538
2020-01-08,0.03651261329650879,0.03651261329650879,0.03651261329650879,0.04402076452970505,0.03651261329650879,0.04304121807217598,0.03651261329650879,0.03651261329650879,0.03651261329650879,0.03651261329650879,0.03651261329650879,0.03651261329650879,0.03651261329650879,0.03651261329650879,0.03651261329650879,0.03651261329650879,0.03651261329650879,0.03651261329650879,0.03651261329650879,0.03651261329650879,0.03651261329650879,0.03651261329650879,0.03651261329650879,0.03651261329650879,0.036635320633649826,0.03651261329650879,0.03651261329650879
2020-01-09,0.036337029188871384,0.036337029188871384,0.036337029188871384,0.04506724327802658,0.036337029188871384,0.04354468360543251,0.036337029188871384,0.036337029188871384,0.036337029188871384,0.036337029188871384,0.036337029188871384,0.036337029188871384,0.036337029188871384,0.036337029188871384,0.036569029092788696,0.036337029188871384,0.036337029188871384,0.036337029188871384,0.036337029188871384,0.036337029188871384,0.036337029188871384,0.036337029188871384,0.03706425800919533,0.036337029188871384,0.038340162485837936,0.036337029188871384,0.036337029188871384
2020-01-10,0.0359487347304821,0.0359487347304821,0.0359487347304821,0.04664241895079613,0.0359487347304821,0.04440832510590553,0.0359487347304821,0.03722148761153221,0.0359487347304821,0.0359487347304821,0.0359487347304821,0.037648797035217285,0.0359487347304821,0.0359487347304821,0.038034602999687195,0.0359487347304821,0.0359487347304821,0.0359487347304821,0.0359487347304821,0.0359487347304821,0.0359487347304821,0.0359487347304821,0.03682480752468109,0.0359487347304821,0.04024482145905495,0.0359487347304821,0.0359487347304821
2020-01-13,0.03594223037362099,0.03594223037362099,0.03594223037362099,0.04670576751232147,0.03594223037362099,0.04441254585981369,0.03594223037362099,0.03760378062725067,0.03594223037362099,0.03594223037362099,0.03594223037362099,0.037726014852523804,0.03594223037362099,0.03594223037362099,0.037899237126111984,0.03594223037362099,0.03594223037362099,0.03594223037362099,0.03594223037362099,0.03594223037362099,0.03594223037362099,0.03594223037362099,0.036668531596660614,0.03594223037362099,0.04013952612876892,0.03594223037362099,0.03594223037362099
2020-01-14,0.03631897643208504,0.03631897643208504,0.03631897643208504,0.04623101279139519,0.03631897643208504,0.04328706115484238,0.03631897643208504,0.03631897643208504,0.03631897643208504,0.03631897643208504,0.03631897643208504,0.03631897643208504,0.03631897643208504,0.03631897643208504,0.03631897643208504,0.03631897643208504,0.03631897643208504,0.03631897643208504,0.03631897643208504,0.03631897643208504,0.03631897643208504,0.03631897643208504,0.03738963231444359,0.03631897643208504,0.03775583207607269,0.03631897643208504,0.03631897643208504
2020-01-15,0.03622845560312271,0.03622845560312271,0.03622845560312271,0.045058347284793854,0.03622845560312271,0.04515499621629715,0.03622845560312271,0.03622845560312271,0.03622845560312271,0.03622845560312271,0.03622845560312271,0.03622845560312271,0.03622845560312271,0.03622845560312271,0.03622845560312271,0.03622845560312271,0.03622845560312271,0.03622845560312271,0.03622845560312271,0.03622845560312271,0.03622845560312271,0.03622845560312271,0.038149040192365646,0.03622845560312271,0.03838313743472099,0.03622845560312271,0.03622845560312271
2020-01-16,0.035935137420892715,0.035935137420892715,0.035935137420892715,0.04661552235484123,0.035935137420892715,0.044354088604450226,0.035935137420892715,0.03763311728835106,0.035935137420892715,0.035935137420892715,0.035935137420892715,0.03781125694513321,0.035935137420892715,0.035935137420892715,0.03809818997979164,0.035935137420892715,0.035935137420892715,0.035935137420892715,0.035935137420892715,0.035935137420892715,0.035935137420892715,0.035935137420892715,0.03657035157084465,0.035935137420892715,0.0402146615087986,0.035935137420892715,0.035935137420892715
2020-01-17,0.035981398075819016,0.035981398075819016,0.035981398075819016,0.046449434012174606,0.035981398075819016,0.04392707347869873,0.035981398075819016,0.03782571107149124,0.035981398075819016,0.035981398075819016,0.035981398075819016,0.03839092329144478,0.035981398075819016,0.035981398075819016,0.037635400891304016,0.035981398075819016,0.035981398075819016,0.035981398075819016,0.035981398075819016,0.035981398075819016,0.035981398075819016,0.035981398075819016,0.036006130278110504,0.035981398075819016,0.040137335658073425,0.035981398075819016,0.035981398075819016
2020-01-21,0.03760645166039467,0.03596828877925873,0.03596828877925873,0.04325895011425018,0.03596828877925873,0.04529178887605667,0.03596828877925873,0.038012970238924026,0.03596828877925873,0.03596828877925873,0.03596828877925873,0.040433119982481,0.03596828877925873,0.03596828877925873,0.03608895093202591,0.03596828877925873,0.03596828877925873,0.03596828877925873,0.03596828877925873,0.03596828877925873,0.03596828877925873,0.03596828877925873,0.03596828877925873,0.03596828877925873,0.03994198143482208,0.03596828877925873,0.03596828877925873
2020-01-22,0.037609148770570755,0.03596560284495354,0.03596560284495354,0.04313662648200989,0.03596560284495354,0.04529207572340965,0.03596560284495354,0.03807040676474571,0.03596560284495354,0.03596560284495354,0.03596560284495354,0.04051674157381058,0.03596560284495354,0.03596560284495354,0.03613124042749405,0.03596560284495354,0.03596560284495354,0.03596560284495354,0.03596560284495354,0.03596560284495354,0.03596560284495354,0.03596560284495354,0.03596560284495354,0.03596560284495354,0.03993172198534012,0.03596560284495354,0.03596560284495354
2020-01-23,0.035474665462970734,0.035474665462970734,0.035474665462970734,0.044822536408901215,0.035474665462970734,0.046604957431554794,0.035474665462970734,0.04641861096024513,0.035474665462970734,0.035474665462970734,0.03823278471827507,0.03902297839522362,0.035474665462970734,0.035474665462970734,0.03638750687241554,0.035474665462970734,0.035474665462970734,0.035474665462970734,0.035474665462970734,0.035474665462970734,0.035474665462970734,0.035474665462970734,0.035474665462970734,0.035474665462970734,0.03901730105280876,0.035474665462970734,0.035474665462970734
2020-01-24,0.035734549164772034,0.035734549164772034,0.035734549164772034,0.04923705384135246,0.035734549164772034,0.045971449464559555,0.035734549164772034,0.0414288192987442,0.035734549164772034,0.035734549164772034,0.035734549164772034,0.037434957921504974,0.035734549164772034,0.035734549164772034,0.03628872334957123,0.035734549164772034,0.035734549164772034,0.035734549164772034,0.035734549164772034,0.035734549164772034,0.035734549164772034,0.035734549164772034,0.03611264005303383,0.035734549164772034,0.038835372775793076,0.035734549164772034,0.035734549164772034
2020-01-27,0.0379418209195137,0.03578580543398857,0.03578580543398857,0.04793684184551239,0.03578580543398857,0.04399045556783676,0.03578580543398857,0.041371963918209076,0.03578580543398857,0.03699154034256935,0.03578580543398857,0.03761560469865799,0.03578580543398857,0.03578580543398857,0.03578580543398857,0.03578580543398857,0.03578580543398857,0.03578580543398857,0.03677557408809662,0.03649274632334709,0.03578580543398857,0.036738961935043335,0.03578580543398857,0.03578580543398857,0.03578580543398857,0.03578580543398857,0.03578580543398857
2020-01-28,0.03930535167455673,0.03585900366306305,0.03585900366306305,0.04845495894551277,0.03585900366306305,0.04444245994091034,0.03585900366306305,0.037491753697395325,0.03585900366306305,0.04140742868185043,0.03585900366306305,0.03585900366306305,0.03585900366306305,0.03585900366306305,0.03585900366306305,0.03585900366306305,0.03585900366306305,0.03585900366306305,0.03585900366306305,0.03585900366306305,0.03585900366306305,0.03585900366306305,0.03585900366306305,0.03585900366306305,0.03585900366306305,0.03585900366306305,0.03585900366306305
2020-01-29,0.03961237519979477,0.03580375015735626,0.03580375015735626,0.04984482377767563,0.03580375015735626,0.04472532495856285,0.03580375015735626,0.038782019168138504,0.03580375015735626,0.03829384222626686,0.03580375015735626,0.03686286509037018,0.03580375015735626,0.03580375015735626,0.03580375015735626,0.03580375015735626,0.03580375015735626,0.03580375015735626,0.03580375015735626,0.03580375015735626,0.03580375015735626,0.03580375015735626,0.03580375015735626,0.03580375015735626,0.03580375015735626,0.03580375015735626,0.03580375015735626
2020-01-30,0.03621990233659744,0.03612007573246956,0.03612007573246956,0.051437512040138245,0.03612007573246956,0.04542132467031479,0.03612007573246956,0.03615949675440788,0.03612007573246956,0.03612007573246956,0.03612007573246956,0.03612007573246956,0.03612007573246956,0.03612007573246956,0.03612007573246956,0.03612007573246956,0.03612007573246956,0.03612007573246956,0.03612007573246956,0.03612007573246956,0.03612007573246956,0.03612007573246956,0.03612007573246956,0.03612007573246956,0.03612007573246956,0.03612007573246956,0.03612007573246956
2020-01-31,0.039144642651081085,0.03590423986315727,0.03590423986315727,0.0512237623333931,0.03590423986315727,0.04616672545671463,0.03590423986315727,0.0371968150138855,0.03590423986315727,0.03590423986315727,0.03590423986315727,0.03590423986315727,0.03590423986315727,0.03590423986315727,0.03590423986315727,0.03590423986315727,0.03590423986315727,0.03590423986315727,0.03590423986315727,0.03590423986315727,0.03590423986315727,0.03590423986315727,0.0363747663795948,0.03590423986315727,0.03590423986315727,0.03590423986315727,0.03590423986315727
2020-02-03,0.03603439778089523,0.03603439778089523,0.03656914457678795,0.05367302522063255,0.03603439778089523,0.042265601456165314,0.03603439778089523,0.03603439778089523,0.03603439778089523,0.03603439778089523,0.03603439778089523,0.03603439778089523,0.03603439778089523,0.03603439778089523,0.03603439778089523,0.03603439778089523,0.03603439778089523,0.03603439778089523,0.03603439778089523,0.03603439778089523,0.03603439778089523,0.03603439778089523,0.03747173026204109,0.03645043447613716,0.03612355887889862,0.03603439778089523,0.036758530884981155
2020-02-04,0.035977933555841446,0.035977933555841446,0.035977933555841446,0.05512485280632973,0.035977933555841446,0.041012439876794815,0.035977933555841446,0.035977933555841446,0.035977933555841446,0.035977933555841446,0.035977933555841446,0.035977933555841446,0.035977933555841446,0.035977933555841446,0.035977933555841446,0.035977933555841446,0.035977933555841446,0.035977933555841446,0.035977933555841446,0.035977933555841446,0.035977933555841446,0.035977933555841446,0.03768268600106239,0.035977933555841446,0.037162717431783676,0.035977933555841446,0.037502821534872055
2020-02-05,0.03575617074966431,0.03575617074966431,0.03575617074966431,0.05492591857910156,0.03575617074966431,0.044928912073373795,0.03575617074966431,0.03879764303565025,0.03575617074966431,0.03575617074966431,0.03575617074966431,0.03575617074966431,0.03575617074966431,0.03575617074966431,0.03575617074966431,0.03575617074966431,0.03575617074966431,0.03575617074966431,0.03575617074966431,0.03575617074966431,0.03575617074966431,0.03575617074966431,0.03575617074966431,0.0365433432161808,0.038168348371982574,0.03575617074966431,0.03575617074966431
2020-02-06,0.03615430369973183,0.03570939972996712,0.03570939972996712,0.05352530628442764,0.03570939972996712,0.045413725078105927,0.03570939972996712,0.040845636278390884,0.03570939972996712,0.03570939972996712,0.03570939972996712,0.03570939972996712,0.03570939972996712,0.03570939972996712,0.03570939972996712,0.03570939972996712,0.03570939972996712,0.03570939972996712,0.03570939972996712,0.03570939972996712,0.03570939972996712,0.03570939972996712,0.03570939972996712,0.03570939972996712,0.0384543277323246,0.03570939972996712,0.03570939972996712
2020-02-07,0.03577954322099686,0.03577954322099686,0.03577954322099686,0.046208273619413376,0.03577954322099686,0.048323314636945724,0.03577954322099686,0.04188453406095505,0.03577954322099686,0.03577954322099686,0.03577954322099686,0.03655337914824486,0.03577954322099686,0.03577954322099686,0.03577954322099686,0.03577954322099686,0.03577954322099686,0.03577954322099686,0.03577954322099686,0.03577954322099686,0.03577954322099686,0.03577954322099686,0.03577954322099686,0.03577954322099686,0.03988061472773552,0.03577954322099686,0.03577954322099686
2020-02-10,0.0358148030936718,0.0358148030936718,0.0358148030936718,0.05288676172494888,0.0358148030936718,0.04504096135497093,0.0358148030936718,0.03851819038391113,0.0358148030936718,0.0358148030936718,0.03582415729761124,0.0358148030936718,0.0358148030936718,0.0358148030936718,0.0358148030936718,0.0358148030936718,0.0358148030936718,0.0358148030936718,0.0358148030936718,0.0358148030936718,0.0358148030936718,0.0358148030936718,0.0358148030936718,0.0358148030936718,0.03980423882603645,0.0358148030936718,0.0358148030936718
2020-02-11,0.035803187638521194,0.035803187638521194,0.035803187638521194,0.053309258073568344,0.035803187638521194,0.04502294957637787,0.035803187638521194,0.03836512193083763,0.035803187638521194,0.035803187638521194,0.03594774007797241,0.035803187638521194,0.035803187638521194,0.035803187638521194,0.035803187638521194,0.035803187638521194,0.035803187638521194,0.035803187638521194,0.035803187638521194,0.035803187638521194,0.035803187638521194,0.035803187638521194,0.035803187638521194,0.035803187638521194,0.039684828370809555,0.035803187638521194,0.035803187638521194
2020-02-12,0.036077212542295456,0.036077212542295456,0.036077212542295456,0.047127481549978256,0.036077212542295456,0.04481270909309387,0.036077212542295456,0.03773971647024155,0.036077212542295456,0.036077212542295456,0.036077212542295456,0.036077212542295456,0.036077212542295456,0.036077212542295456,0.036077212542295456,0.036077212542295456,0.036077212542295456,0.036305464804172516,0.036077212542295456,0.036077212542295456,0.036077212542295456,0.036077212542295456,0.036077212542295456,0.036077212542295456,0.040315937250852585,0.036077212542295456,0.036077212542295456
2020-02-13,0.03619857877492905,0.03587542101740837,0.03587542101740837,0.04783133044838905,0.03587542101740837,0.045067694038152695,0.03587542101740837,0.04122459143400192,0.03587542101740837,0.03587542101740837,0.03587542101740837,0.03696436062455177,0.03587542101740837,0.03587542101740837,0.03587542101740837,0.03587542101740837,0.03587542101740837,0.03587542101740837,0.03587542101740837,0.03587542101740837,0.03587542101740837,0.03587542101740837,0.03587542101740837,0.03587542101740837,0.03932962566614151,0.03587542101740837,0.03587542101740837
2020-02-14,0.03617275133728981,0.03609662503004074,0.03609662503004074,0.04757485166192055,0.03609662503004074,0.045126792043447495,0.03609662503004074,0.03841562196612358,0.03609662503004074,0.03609662503004074,0.03609662503004074,0.03609662503004074,0.03609662503004074,0.03609662503004074,0.03609662503004074,0.03609662503004074,0.03609662503004074,0.03609662503004074,0.03609662503004074,0.03609662503004074,0.03609662503004074,0.03609662503004074,0.03609662503004074,0.03609662503004074,0.03858421370387077,0.03609662503004074,0.03609662503004074
2020-02-18,0.03785516321659088,0.03592575341463089,0.03592575341463089,0.045356862246990204,0.03592575341463089,0.04845491796731949,0.03592575341463089,0.040595341473817825,0.03592575341463089,0.03592575341463089,0.03592575341463089,0.03592575341463089,0.03592575341463089,0.03592575341463089,0.03592575341463089,0.03592575341463089,0.03592575341463089,0.03592575341463089,0.03592575341463089,0.03592575341463089,0.03592575341463089,0.03592575341463089,0.03592575341463089,0.03592575341463089,0.03737112134695053,0.03592575341463089,0.03592575341463089
2020-02-19,0.03786594420671463,0.035789649933576584,0.035789649933576584,0.04575509577989578,0.035789649933576584,0.04917830973863602,0.035789649933576584,0.042965441942214966,0.035789649933576584,0.035789649933576584,0.035789649933576584,0.035789649933576584,0.035789649933576584,0.035789649933576584,0.035789649933576584,0.035789649933576584,0.035789649933576584,0.035789649933576584,0.035789649933576584,0.035789649933576584,0.035789649933576584,0.035789649933576584,0.035789649933576584,0.035789649933576584,0.036862898617982864,0.035789649933576584,0.035789649933576584
2020-02-20,0.037651486694812775,0.03576764091849327,0.03576764091849327,0.0525534488260746,0.03576764091849327,0.04337133467197418,0.03576764091849327,0.04153371974825859,0.03576764091849327,0.03576764091849327,0.03576764091849327,0.03603251650929451,0.03576764091849327,0.03576764091849327,0.03576764091849327,0.03576764091849327,0.03576764091849327,0.03576764091849327,0.036873169243335724,0.03576764091849327,0.03576764091849327,0.03576764091849327,0.03576764091849327,0.03576764091849327,0.036631520837545395,0.03576764091849327,0.03576764091849327
2020-02-21,0.03622708097100258,0.03622708097100258,0.03622708097100258,0.04523607715964317,0.03622708097100258,0.04522762447595596,0.03622708097100258,0.03622708097100258,0.03622708097100258,0.03622708097100258,0.03622708097100258,0.03622708097100258,0.03622708097100258,0.03622708097100258,0.03622708097100258,0.03622708097100258,0.03622708097100258,0.03622708097100258,0.03622708097100258,0.03622708097100258,0.03622708097100258,0.03622708097100258,0.03802274912595749,0.03622708097100258,0.03829073905944824,0.03622708097100258,0.03622708097100258
2020-02-24,0.03946269676089287,0.03601440042257309,0.03601440042257309,0.04229435697197914,0.03601440042257309,0.04823785275220871,0.03601440042257309,0.03639061003923416,0.03601440042257309,0.03601440042257309,0.03601440042257309,0.03601440042257309,0.03601440042257309,0.03601440042257309,0.03601440042257309,0.03601440042257309,0.03601440042257309,0.03690898418426514,0.03601440042257309,0.03601440042257309,0.037557754665613174,0.03601440042257309,0.03601440042257309,0.03601440042257309,0.0388597808778286,0.03601440042257309,0.03601440042257309
2020-02-25,0.03729294613003731,0.03599236160516739,0.03599236160516739,0.05002304166555405,0.03599236160516739,0.04587915539741516,0.03599236160516739,0.03599236160516739,0.03599236160516739,0.03599236160516739,0.03599236160516739,0.03599236160516739,0.03776413947343826,0.03599236160516739,0.03599236160516739,0.03599236160516739,0.03599236160516739,0.03599236160516739,0.03599236160516739,0.03599236160516739,0.03599236160516739,0.03599236160516739,0.03599236160516739,0.03599236160516739,0.0372086726129055,0.03599236160516739,0.03599236160516739
2020-02-26,0.04177580028772354,0.035966385155916214,0.035966385155916214,0.04408007860183716,0.035966385155916214,0.04413594678044319,0.035966385155916214,0.035966385155916214,0.03958267718553543,0.035966385155916214,0.035966385155916214,0.035966385155916214,0.035966385155916214,0.035966385155916214,0.035966385155916214,0.035966385155916214,0.035966385155916214,0.035966385155916214,0.035966385155916214,0.035966385155916214,0.035966385155916214,0.035966385155916214,0.03848056495189667,0.035966385155916214,0.03665084019303322,0.035966385155916214,0.035966385155916214
2020-02-27,0.036110587418079376,0.036110587418079376,0.036110587418079376,0.04710504785180092,0.036110587418079376,0.039545297622680664,0.036110587418079376,0.036110587418079376,0.04017140716314316,0.036110587418079376,0.036110587418079376,0.036110587418079376,0.036110587418079376,0.036228928714990616,0.036110587418079376,0.036110587418079376,0.036110587418079376,0.036110587418079376,0.036110587418079376,0.036110587418079376,0.036110587418079376,0.036110587418079376,0.03812361881136894,0.036110587418079376,0.04050338268280029,0.036110587418079376,0.036110587418079376
2020-02-28,0.03764794021844864,0.035346727818250656,0.035346727818250656,0.04410263150930405,0.035346727818250656,0.04463368281722069,0.035346727818250656,0.035346727818250656,0.04392334073781967,0.035346727818250656,0.035346727818250656,0.035346727818250656,0.035346727818250656,0.035346727818250656,0.035346727818250656,0.035346727818250656,0.035346727818250656,0.03539985045790672,0.035346727818250656,0.035346727818250656,0.035346727818250656,0.035346727818250656,0.0419812835752964,0.035346727818250656,0.04537670686841011,0.035346727818250656,0.035346727818250656
2020-03-02,0.037784453481435776,0.03531202673912048,0.03531202673912048,0.04398180916905403,0.03531202673912048,0.044793397188186646,0.03531202673912048,0.03531202673912048,0.044050272554159164,0.03531202673912048,0.03531202673912048,0.03531202673912048,0.03531202673912048,0.03531202673912048,0.03531202673912048,0.03531202673912048,0.03531202673912048,0.03551948815584183,0.03531202673912048,0.03531202673912048,0.03531202673912048,0.03531202673912048,0.04213853180408478,0.03531202673912048,0.045491497963666916,0.03531202673912048,0.03531202673912048
2020-03-03,0.037429340183734894,0.035815585404634476,0.035815585404634476,0.04800207167863846,0.035815585404634476,0.04687688127160072,0.035815585404634476,0.035815585404634476,0.03889841213822365,0.035815585404634476,0.035815585404634476,0.035815585404634476,0.035815585404634476,0.035815585404634476,0.035815585404634476,0.035815585404634476,0.035815585404634476,0.035815585404634476,0.035815585404634476,0.035815585404634476,0.035815585404634476,0.035815585404634476,0.03812810033559799,0.035815585404634476,0.03853793814778328,0.035815585404634476,0.035815585404634476
2020-03-04,0.03641285002231598,0.0358707569539547,0.0358707569539547,0.04840511456131935,0.0358707569539547,0.04779752716422081,0.0358707569539547,0.0358707569539547,0.03790794312953949,0.0358707569539547,0.0358707569539547,0.0358707569539547,0.0358707569539547,0.0358707569539547,0.0358707569539547,0.0358707569539547,0.0358707569539547,0.0358707569539547,0.0358707569539547,0.0358707569539547,0.0358707569539547,0.0358707569539547,0.03729509189724922,0.0358707569539547,0.03889559581875801,0.0358707569539547,0.0358707569539547
2020-03-05,0.0354992039501667,0.0354992039501667,0.0354992039501667,0.04938633739948273,0.0354992039501667,0.04990497976541519,0.0354992039501667,0.0354992039501667,0.03625234588980675,0.0354992039501667,0.0354992039501667,0.0354992039501667,0.0354992039501667,0.0354992039501667,0.0354992039501667,0.0354992039501667,0.0354992039501667,0.0354992039501667,0.0354992039501667,0.0354992039501667,0.0354992039501667,0.0354992039501667,0.0424179807305336,0.035855941474437714,0.04069913923740387,0.0354992039501667,0.0354992039501667
2020-03-06,0.03549912944436073,0.03549912944436073,0.03549912944436073,0.0493830069899559,0.03549912944436073,0.04990522935986519,0.03549912944436073,0.03549912944436073,0.03625509887933731,0.03549912944436073,0.03549912944436073,0.03549912944436073,0.03549912944436073,0.03549912944436073,0.03549912944436073,0.03549912944436073,0.03549912944436073,0.03549912944436073,0.03549912944436073,0.03549912944436073,0.03549912944436073,0.03549912944436073,0.042420051991939545,0.03585803136229515,0.04069686308503151,0.03549912944436073,0.03549912944436073
2020-03-09,0.03658035025000572,0.035624660551548004,0.035624660551548004,0.04745904356241226,0.035624660551548004,0.04795941710472107,0.035624660551548004,0.035624660551548004,0.03890237584710121,0.035624660551548004,0.035624660551548004,0.035624660551548004,0.035624660551548004,0.036417145282030106,0.035624660551548004,0.035624660551548004,0.035624660551548004,0.035624660551548004,0.035624660551548004,0.035624660551548004,0.035624660551548004,0.035624660551548004,0.04068230092525482,0.03658390790224075,0.03854687139391899,0.035624660551548004,0.035624660551548004
2020-03-10,0.04039287194609642,0.03562473505735397,0.03701690956950188,0.04118960350751877,0.03562473505735397,0.044749464839696884,0.03562473505735397,0.03562473505735397,0.04495570808649063,0.03562473505735397,0.03562473505735397,0.03562473505735397,0.03562473505735397,0.03562473505735397,0.03562473505735397,0.03562473505735397,0.03562473505735397,0.03562473505735397,0.03562473505735397,0.03562473505735397,0.03562473505735397,0.03562473505735397,0.04102940857410431,0.03562473505735397,0.038171350955963135,0.03562473505735397,0.03562473505735397
2020-03-11,0.0380895659327507,0.03522587567567825,0.03522587567567825,0.04380926117300987,0.03522587567567825,0.04986711964011192,0.03522587567567825,0.03522587567567825,0.04239294305443764,0.03522587567567825,0.03522587567567825,0.03522587567567825,0.03522587567567825,0.03522587567567825,0.03602555766701698,0.03522587567567825,0.03522587567567825,0.03522587567567825,0.03522587567567825,0.03522587567567825,0.03522587567567825,0.03522587567567825,0.044030699878931046,0.03754102438688278,0.038133084774017334,0.036044877022504807,0.03522587567567825
2020-03-12,0.04002485051751137,0.035359349101781845,0.035359349101781845,0.04406311362981796,0.035359349101781845,0.04979497939348221,0.035359349101781845,0.035359349101781845,0.042777083814144135,0.035359349101781845,0.035359349101781845,0.035359349101781845,0.035359349101781845,0.035359349101781845,0.03631770983338356,0.035359349101781845,0.035359349101781845,0.035359349101781845,0.035359349101781845,0.035359349101781845,0.035359349101781845,0.035359349101781845,0.04170734062790871,0.035359349101781845,0.03812786191701889,0.035359349101781845,0.035359349101781845
2020-03-13,0.03549827262759209,0.03549827262759209,0.03549827262759209,0.04297195002436638,0.03549827262759209,0.04443136602640152,0.03549827262759209,0.03549827262759209,0.04357890039682388,0.03549827262759209,0.03549827262759209,0.03549827262759209,0.03549827262759209,0.03549827262759209,0.03549827262759209,0.03549827262759209,0.03549827262759209,0.03549827262759209,0.03549827262759209,0.03549827262759209,0.03549827262759209,0.03549827262759209,0.04270554333925247,0.03549827262759209,0.04535022750496864,0.03549827262759209,0.03549827262759209
2020-03-16,0.03876841068267822,0.03533778712153435,0.03533778712153435,0.04456295073032379,0.03533778712153435,0.050161801278591156,0.03533778712153435,0.03533778712153435,0.0422108992934227,0.03533778712153435,0.03533778712153435,0.03533778712153435,0.03533778712153435,0.03533778712153435,0.03615109249949455,0.03533778712153435,0.03533778712153435,0.03533778712153435,0.03533778712153435,0.03533778712153435,0.03533778712153435,0.03533778712153435,0.042484451085329056,0.03533778712153435,0.0389045886695385,0.03533778712153435,0.03533778712153435
2020-03-17,0.040834371000528336,0.03564808517694473,0.03747517988085747,0.042032018303871155,0.03564808517694473,0.04252127930521965,0.03564808517694473,0.03564808517694473,0.042888663709163666,0.03564808517694473,0.03564808517694473,0.03564808517694473,0.03564808517694473,0.03564808517694473,0.03568371385335922,0.03564808517694473,0.03564808517694473,0.03564808517694473,0.03564808517694473,0.03564808517694473,0.03564808517694473,0.03564808517694473,0.04172074794769287,0.03564808517694473,0.039530400186777115,0.03564808517694473,0.03564808517694473
2020-03-18,0.03770017251372337,0.035695794969797134,0.035695794969797134,0.04443799704313278,0.035695794969797134,0.04856223985552788,0.035695794969797134,0.035695794969797134,0.03952455893158913,0.035695794969797134,0.035695794969797134,0.035695794969797134,0.035695794969797134,0.03669754043221474,0.035695794969797134,0.035695794969797134,0.035695794969797134,0.035695794969797134,0.035695794969797134,0.035695794969797134,0.035695794969797134,0.035695794969797134,0.038804177194833755,0.036340437829494476,0.03971277177333832,0.035695794969797134,0.035695794969797134
2020-03-19,0.0377962663769722,0.03563441336154938,0.03563441336154938,0.04431712627410889,0.03563441336154938,0.04832657054066658,0.03563441336154938,0.03563441336154938,0.040402188897132874,0.03563441336154938,0.03563441336154938,0.03563441336154938,0.03563441336154938,0.036943525075912476,0.03563441336154938,0.03563441336154938,0.03563441336154938,0.03563441336154938,0.03563441336154938,0.03563441336154938,0.03563441336154938,0.03563441336154938,0.04020413011312485,0.03563441336154938,0.03932188078761101,0.03563441336154938,0.03563441336154938
2020-03-20,0.03801048547029495,0.03582335636019707,0.03582335636019707,0.04601297527551651,0.03582335636019707,0.04662967100739479,0.03582335636019707,0.03582335636019707,0.039894528687000275,0.03582335636019707,0.03582335636019707,0.03582335636019707,0.03582335636019707,0.03736245259642601,0.03582335636019707,0.03582335636019707,0.03582335636019707,0.03582335636019707,0.03582335636019707,0.03582335636019707,0.03582335636019707,0.03582335636019707,0.03762093558907509,0.0360310934484005,0.03779410570859909,0.03582335636019707,0.03582335636019707
2020-03-23,0.03696918115019798,0.03576872497797012,0.03576872497797012,0.045792363584041595,0.03576872497797012,0.04612588509917259,0.03576872497797012,0.03576872497797012,0.039366465061903,0.03576872497797012,0.03576872497797012,0.03576872497797012,0.03576872497797012,0.03577251359820366,0.036208655685186386,0.03576872497797012,0.03576872497797012,0.03576872497797012,0.03576872497797012,0.03576872497797012,0.03576872497797012,0.03576872497797012,0.04128766804933548,0.03576872497797012,0.03887145221233368,0.03576872497797012,0.03576872497797012
2020-03-24,0.03896991163492203,0.03618776053190231,0.03618776053190231,0.04475412890315056,0.03618776053190231,0.03971906378865242,0.03618776053190231,0.03618776053190231,0.03972478583455086,0.03618776053190231,0.03618776053190231,0.03618776053190231,0.03618776053190231,0.036937691271305084,0.03618776053190231,0.03618776053190231,0.03618776053190231,0.03618776053190231,0.03618776053190231,0.03618776053190231,0.03618776053190231,0.03618776053190231,0.0380672961473465,0.03618776053190231,0.03807194530963898,0.03618776053190231,0.03618776053190231
2020-03-25,0.03672144562005997,0.036316726356744766,0.03668662905693054,0.04736105725169182,0.036316726356744766,0.04292688146233559,0.036316726356744766,0.036316726356744766,0.036316726356744766,0.036316726356744766,0.036316726356744766,0.036316726356744766,0.036316726356744766,0.036316726356744766,0.036316726356744766,0.036316726356744766,0.036316726356744766,0.036316726356744766,0.036316726356744766,0.036316726356744766,0.036316726356744766,0.036316726356744766,0.036397095769643784,0.036316726356744766,0.03725564107298851,0.036316726356744766,0.036316726356744766
2020-03-26,0.03596948832273483,0.03596948832273483,0.03596948832273483,0.051609884947538376,0.03596948832273483,0.04447846859693527,0.03596948832273483,0.03596948832273483,0.03596948832273483,0.03596948832273483,0.03596948832273483,0.03596948832273483,0.03596948832273483,0.03596948832273483,0.03596948832273483,0.03596948832273483,0.03596948832273483,0.03596948832273483,0.03596948832273483,0.03596948832273483,0.03596948832273483,0.03596948832273483,0.03596948832273483,0.03596948832273483,0.040643904358148575,0.03596948832273483,0.03596948832273483
2020-03-27,0.03568268194794655,0.03568268194794655,0.03568268194794655,0.051342032849788666,0.03568268194794655,0.049024276435375214,0.03568268194794655,0.03568268194794655,0.03568268194794655,0.03568268194794655,0.03568268194794655,0.03568268194794655,0.03568268194794655,0.03568268194794655,0.03568268194794655,0.03568268194794655,0.03568268194794655,0.03568268194794655,0.03568268194794655,0.03568268194794655,0.03568268194794655,0.03568268194794655,0.03964373096823692,0.03568268194794655,0.0392882376909256,0.03568268194794655,0.03568268194794655
2020-03-30,0.035682469606399536,0.035682469606399536,0.035682469606399536,0.05125639587640762,0.035682469606399536,0.04917125403881073,0.035682469606399536,0.035682469606399536,0.035682469606399536,0.035682469606399536,0.035682469606399536,0.035682469606399536,0.035682469606399536,0.035682469606399536,0.035682469606399536,0.035682469606399536,0.035682469606399536,0.035682469606399536,0.035682469606399536,0.035682469606399536,0.035682469606399536,0.035682469606399536,0.03968481346964836,0.035682469606399536,0.03919077292084694,0.035682469606399536,0.035682469606399536
2020-03-31,0.035682469606399536,0.035682469606399536,0.035682469606399536,0.05125639960169792,0.035682469606399536,0.04917125403881073,0.035682469606399536,0.035682469606399536,0.035682469606399536,0.035682469606399536,0.035682469606399536,0.035682469606399536,0.035682469606399536,0.035682469606399536,0.035682469606399536,0.035682469606399536,0.035682469606399536,0.035682469606399536,0.035682469606399536,0.035682469606399536,0.035682469606399536,0.035682469606399536,0.03968481346964836,0.035682469606399536,0.03919077292084694,0.035682469606399536,0.035682469606399536
2020-04-01,0.035682469606399536,0.035682469606399536,0.035682469606399536,0.051256392151117325,0.035682469606399536,0.04917125403881073,0.035682469606399536,0.035682469606399536,0.035682469606399536,0.035682469606399536,0.035682469606399536,0.035682469606399536,0.035682469606399536,0.035682469606399536,0.035682469606399536,0.035682469606399536,0.035682469606399536,0.035682469606399536,0.035682469606399536,0.035682469606399536,0.035682469606399536,0.035682469606399536,0.03968481719493866,0.035682469606399536,0.03919077664613724,0.035682469606399536,0.035682469606399536
2020-04-02,0.035682469606399536,0.035682469606399536,0.035682469606399536,0.05125639960169792,0.035682469606399536,0.04917125403881073,0.035682469606399536,0.035682469606399536,0.035682469606399536,0.035682469606399536,0.035682469606399536,0.035682469606399536,0.035682469606399536,0.035682469606399536,0.035682469606399536,0.035682469606399536,0.035682469606399536,0.035682469606399536,0.035682469606399536,0.035682469606399536,0.035682469606399536,0.035682469606399536,0.03968481346964836,0.035682469606399536,0.03919077292084694,0.035682469606399536,0.035682469606399536
2020-04-03,0.03568246588110924,0.03568246588110924,0.03568246588110924,0.05125599354505539,0.03568246588110924,0.04917169362306595,0.03568246588110924,0.03568246588110924,0.03568246588110924,0.03568246588110924,0.03568246588110924,0.03568246588110924,0.03568246588110924,0.03568246588110924,0.03568246588110924,0.03568246588110924,0.03568246588110924,0.03568246588110924,0.03568246588110924,0.03568246588110924,0.03568246588110924,0.03568246588110924,0.039684951305389404,0.03568246588110924,0.039190713316202164,0.03568246588110924,0.03568246588110924
2020-04-06,0.03599284216761589,0.03578231483697891,0.03578231483697891,0.04816413298249245,0.03578231483697891,0.050352804362773895,0.03578231483697891,0.03578231483697891,0.03578231483697891,0.03578231483697891,0.03578231483697891,0.03578231483697891,0.03578231483697891,0.03578231483697891,0.03578231483697891,0.03578231483697891,0.03578231483697891,0.03578231483697891,0.03578231483697891,0.03578231483697891,0.03578231483697891,0.03578231483697891,0.03944721445441246,0.035863060504198074,0.03875131905078888,0.03578231483697891,0.03578231483697891
2020-04-07,0.037479840219020844,0.035928528755903244,0.035928528755903244,0.042848825454711914,0.035928528755903244,0.04895476996898651,0.035928528755903244,0.03879087418317795,0.035928528755903244,0.035928528755903244,0.035928528755903244,0.035928528755903244,0.035928528755903244,0.035928528755903244,0.035928528755903244,0.035928528755903244,0.035928528755903244,0.03711191192269325,0.035928528755903244,0.035928528755903244,0.035928528755903244,0.035928528755903244,0.035928528755903244,0.035928528755903244,0.0403146967291832,0.035928528755903244,0.035928528755903244
2020-04-08,0.037323400378227234,0.035948045551776886,0.035948045551776886,0.042277902364730835,0.035948045551776886,0.048726193606853485,0.035948045551776886,0.03908048942685127,0.035948045551776886,0.035948045551776886,0.035948045551776886,0.035948045551776886,0.035948045551776886,0.035948045551776886,0.035948045551776886,0.035948045551776886,0.035948045551776886,0.037220537662506104,0.035948045551776886,0.035948045551776886,0.035948045551776886,0.035948045551776886,0.035948045551776886,0.035948045551776886,0.04046253859996796,0.035948045551776886,0.035948045551776886
2020-04-09,0.037311915308237076,0.03595016151666641,0.03595016151666641,0.042279232293367386,0.03595016151666641,0.04873035103082657,0.03595016151666641,0.039032142609357834,0.03595016151666641,0.03595016151666641,0.03595016151666641,0.03595016151666641,0.03595016151666641,0.03595016151666641,0.03595016151666641,0.03595016151666641,0.03595016151666641,0.037220921367406845,0.03595016151666641,0.03595016151666641,0.03595016151666641,0.03595016151666641,0.03595016151666641,0.03595016151666641,0.04047203063964844,0.03595016151666641,0.03595016151666641
2020-04-13,0.037283893674612045,0.03595534339547157,0.03595534339547157,0.04228249937295914,0.03595534339547157,0.0487397275865078,0.03595534339547157,0.03891415521502495,0.03595534339547157,0.03595534339547157,0.03595534339547157,0.03595534339547157,0.03595534339547157,0.03595534339547157,0.03595534339547157,0.03595534339547157,0.03595534339547157,0.03722202777862549,0.03595534339547157,0.03595534339547157,0.03595534339547157,0.03595534339547157,0.03595534339547157,0.03595534339547157,0.04049545153975487,0.03595534339547157,0.03595534339547157
2020-04-14,0.037283845245838165,0.03595534339547157,0.03595534339547157,0.042282525449991226,0.03595534339547157,0.0487397164106369,0.03595534339547157,0.03891415148973465,0.03595534339547157,0.03595534339547157,0.03595534339547157,0.03595534339547157,0.03595534339547157,0.03595534339547157,0.03595534339547157,0.03595534339547157,0.03595534339547157,0.037222009152173996,0.03595534339547157,0.03595534339547157,0.03595534339547157,0.03595534339547157,0.03595534339547157,0.03595534339547157,0.04049554094672203,0.03595534339547157,0.03595534339547157
2020-04-15,0.0372968427836895,0.035955753177404404,0.035955753177404404,0.04232236370444298,0.035955753177404404,0.048699554055929184,0.035955753177404404,0.03893202170729637,0.035955753177404404,0.035955753177404404,0.035955753177404404,0.035955753177404404,0.035955753177404404,0.035955753177404404,0.035955753177404404,0.035955753177404404,0.035955753177404404,0.03718455880880356,0.035955753177404404,0.035955753177404404,0.035955753177404404,0.035955753177404404,0.035955753177404404,0.035955753177404404,0.04049386456608772,0.035955753177404404,0.035955753177404404
2020-04-16,0.0384003221988678,0.03592710942029953,0.03592710942029953,0.043815936893224716,0.03592710942029953,0.046200964599847794,0.03592710942029953,0.03994840756058693,0.03592710942029953,0.03592710942029953,0.03592710942029953,0.03592710942029953,0.03592710942029953,0.03592710942029953,0.03592710942029953,0.03592710942029953,0.03592710942029953,0.036417990922927856,0.03592710942029953,0.03592710942029953,0.03683288022875786,0.03592710942029953,0.03592710942029953,0.03592710942029953,0.03984128683805466,0.03592710942029953,0.03592710942029953
2020-04-17,0.039116185158491135,0.03569204732775688,0.03569204732775688,0.045947037637233734,0.03569204732775688,0.042639266699552536,0.03569204732775688,0.04110973700881004,0.03569204732775688,0.03569204732775688,0.03718394413590431,0.03576357290148735,0.03569204732775688,0.03569204732775688,0.03569204732775688,0.03569204732775688,0.03569204732775688,0.03569204732775688,0.03569204732775688,0.03569204732775688,0.04237161576747894,0.03569204732775688,0.03569204732775688,0.03569204732775688,0.03771970421075821,0.03569204732775688,0.03569204732775688
2020-04-20,0.037651050835847855,0.035949647426605225,0.035949647426605225,0.04350447282195091,0.035949647426605225,0.04760944843292236,0.035949647426605225,0.04037114605307579,0.035949647426605225,0.035949647426605225,0.035949647426605225,0.035949647426605225,0.035949647426605225,0.035949647426605225,0.035949647426605225,0.035949647426605225,0.035949647426605225,0.035949647426605225,0.035949647426605225,0.035949647426605225,0.035949647426605225,0.035949647426605225,0.035949647426605225,0.035949647426605225,0.03997163102030754,0.035949647426605225,0.035949647426605225
2020-04-21,0.037284109741449356,0.035955291241407394,0.035955291241407394,0.04228130728006363,0.035955291241407394,0.04874200001358986,0.035955291241407394,0.03892044723033905,0.035955291241407394,0.035955291241407394,0.035955291241407394,0.035955291241407394,0.035955291241407394,0.035955291241407394,0.035955291241407394,0.035955291241407394,0.035955291241407394,0.03721855580806732,0.035955291241407394,0.035955291241407394,0.035955291241407394,0.035955291241407394,0.035955291241407394,0.035955291241407394,0.040492407977581024,0.035955291241407394,0.035955291241407394
2020-04-22,0.037013277411460876,0.036040861159563065,0.036040861159563065,0.04297447204589844,0.036040861159563065,0.048208024352788925,0.036040861159563065,0.03706290200352669,0.036040861159563065,0.036040861159563065,0.036040861159563065,0.036040861159563065,0.036040861159563065,0.036040861159563065,0.036040861159563065,0.036040861159563065,0.036040861159563065,0.037162330001592636,0.036040861159563065,0.036040861159563065,0.036040861159563065,0.036040861159563065,0.036040861159563065,0.036040861159563065,0.04072093963623047,0.036040861159563065,0.036040861159563065
2020-04-23,0.03728785738348961,0.0359528623521328,0.0359528623521328,0.0422799214720726,0.0359528623521328,0.04877525940537453,0.0359528623521328,0.03896555304527283,0.0359528623521328,0.0359528623521328,0.0359528623521328,0.0359528623521328,0.0359528623521328,0.0359528623521328,0.0359528623521328,0.0359528623521328,0.0359528623521328,0.03721962869167328,0.0359528623521328,0.0359528623521328,0.0359528623521328,0.0359528623521328,0.0359528623521328,0.0359528623521328,0.040461670607328415,0.0359528623521328,0.0359528623521328
2020-04-24,0.03703846409916878,0.03601357713341713,0.03601357713341713,0.042856745421886444,0.03601357713341713,0.048439957201480865,0.03601357713341713,0.03754211962223053,0.03601357713341713,0.03601357713341713,0.03601357713341713,0.03601357713341713,0.03601357713341713,0.03601357713341713,0.03601357713341713,0.03601357713341713,0.03601357713341713,0.03718729689717293,0.03601357713341713,0.03601357713341713,0.03601357713341713,0.03601357713341713,0.03601357713341713,0.03601357713341713,0.04065025970339775,0.03601357713341713,0.03601357713341713
2020-04-27,0.037025317549705505,0.0360230915248394,0.0360230915248394,0.042904578149318695,0.0360230915248394,0.0483550950884819,0.0360230915248394,0.037374258041381836,0.0360230915248394,0.0360230915248394,0.0360230915248394,0.0360230915248394,0.0360230915248394,0.0360230915248394,0.0360230915248394,0.0360230915248394,0.0360230915248394,0.037176463752985,0.0360230915248394,0.0360230915248394,0.0360230915248394,0.0360230915248394,0.0360230915248394,0.0360230915248394,0.04067930579185486,0.0360230915248394,0.0360230915248394
2020-04-28,0.03735671937465668,0.03607499599456787,0.03607499599456787,0.04476955160498619,0.03607499599456787,0.04502079635858536,0.03607499599456787,0.037305235862731934,0.03607499599456787,0.03607499599456787,0.03607499599456787,0.03607499599456787,0.03607499599456787,0.03607499599456787,0.03607499599456787,0.03607499599456787,0.03607499599456787,0.03607499599456787,0.03607499599456787,0.03607499599456787,0.03726406767964363,0.03607499599456787,0.03607499599456787,0.03607499599456787,0.04070880264043808,0.03607499599456787,0.03607499599456787
2020-04-29,0.037090908735990524,0.03597545623779297,0.03597545623779297,0.04181807488203049,0.03597545623779297,0.04825597628951073,0.03597545623779297,0.03948492556810379,0.03597545623779297,0.03597545623779297,0.03597545623779297,0.03597545623779297,0.03597545623779297,0.03597545623779297,0.03597545623779297,0.03597545623779297,0.03597545623779297,0.03706405311822891,0.03597545623779297,0.03597545623779297,0.03597545623779297,0.03597545623779297,0.03597545623779297,0.03597545623779297,0.04080156609416008,0.03597545623779297,0.03597545623779297
2020-04-30,0.03605284541845322,0.03605284541845322,0.03605284541845322,0.04249021038413048,0.03605284541845322,0.041361358016729355,0.03605284541845322,0.04078385606408119,0.03605284541845322,0.03605284541845322,0.03605284541845322,0.03899611905217171,0.03605284541845322,0.03605284541845322,0.036618806421756744,0.03605284541845322,0.03605284541845322,0.03605284541845322,0.03605284541845322,0.03605284541845322,0.03605284541845322,0.03605284541845322,0.03605284541845322,0.03605284541845322,0.04263991490006447,0.03605284541845322,0.03605284541845322
2020-05-01,0.037515535950660706,0.03593592345714569,0.03593592345714569,0.04462132975459099,0.03593592345714569,0.04708552360534668,0.03593592345714569,0.039146024733781815,0.03593592345714569,0.03593592345714569,0.03593592345714569,0.037546154111623764,0.03593592345714569,0.03593592345714569,0.03593592345714569,0.03593592345714569,0.03593592345714569,0.03593592345714569,0.03593592345714569,0.03593592345714569,0.03593592345714569,0.03593592345714569,0.03593592345714569,0.03593592345714569,0.03943103551864624,0.03593592345714569,0.03593592345714569
2020-05-04,0.03620857372879982,0.03620857372879982,0.03620857372879982,0.044437941163778305,0.03620857372879982,0.04535970091819763,0.03620857372879982,0.03620857372879982,0.03620857372879982,0.03620857372879982,0.03620857372879982,0.03620857372879982,0.03620857372879982,0.03620857372879982,0.03620857372879982,0.03620857372879982,0.03620857372879982,0.03620857372879982,0.03620857372879982,0.03620857372879982,0.03620857372879982,0.03620857372879982,0.03620857372879982,0.03620857372879982,0.04119652882218361,0.03620857372879982,0.03620857372879982
2020-05-05,0.0361732542514801,0.0361732542514801,0.0361732542514801,0.04392920807003975,0.0361732542514801,0.04647044837474823,0.0361732542514801,0.0361732542514801,0.0361732542514801,0.0361732542514801,0.0361732542514801,0.0361732542514801,0.0361732542514801,0.0361732542514801,0.0361732542514801,0.0361732542514801,0.0361732542514801,0.0361732542514801,0.0361732542514801,0.0361732542514801,0.0361732542514801,0.0361732542514801,0.0361732542514801,0.0361732542514801,0.04144224524497986,0.0361732542514801,0.0361732542514801
2020-05-06,0.036721616983413696,0.03608570247888565,0.03608570247888565,0.043782707303762436,0.03608570247888565,0.04397149011492729,0.03608570247888565,0.039429403841495514,0.03608570247888565,0.03608570247888565,0.03608570247888565,0.03693563491106033,0.03608570247888565,0.03608570247888565,0.03608570247888565,0.03608570247888565,0.03608570247888565,0.03608570247888565,0.03608570247888565,0.03608570247888565,0.037263184785842896,0.03608570247888565,0.03608570247888565,0.03608570247888565,0.04018191620707512,0.03608570247888565,0.03608570247888565
2020-05-07,0.03668578341603279,0.036091405898332596,0.036091405898332596,0.04381643608212471,0.036091405898332596,0.043976351618766785,0.036091405898332596,0.03937831521034241,0.036091405898332596,0.036091405898332596,0.036091405898332596,0.0369126982986927,0.036091405898332596,0.036091405898332596,0.036091405898332596,0.036091405898332596,0.036091405898332596,0.036091405898332596,0.036091405898332596,0.036091405898332596,0.03719685971736908,0.036091405898332596,0.036091405898332596,0.036091405898332596,0.040205422788858414,0.036091405898332596,0.036091405898332596
2020-05-08,0.0361376628279686,0.0361376628279686,0.0361376628279686,0.04494713619351387,0.0361376628279686,0.04580477997660637,0.0361376628279686,0.0361376628279686,0.0361376628279686,0.0361376628279686,0.0361376628279686,0.0361376628279686,0.0361376628279686,0.0361376628279686,0.0361376628279686,0.0361376628279686,0.0361376628279686,0.0361376628279686,0.0361376628279686,0.0361376628279686,0.0361376628279686,0.0361376628279686,0.0361376628279686,0.0361376628279686,0.04194417968392372,0.0361376628279686,0.0361376628279686
2020-05-11,0.03671617805957794,0.03609375283122063,0.03609375283122063,0.043608278036117554,0.03609375283122063,0.04428113251924515,0.03609375283122063,0.03940775245428085,0.03609375283122063,0.03609375283122063,0.03609375283122063,0.03689732402563095,0.03609375283122063,0.03609375283122063,0.03609375283122063,0.03609375283122063,0.03609375283122063,0.03609375283122063,0.03609375283122063,0.03609375283122063,0.03701896592974663,0.03609375283122063,0.03609375283122063,0.03609375283122063,0.04019530862569809,0.03609375283122063,0.03609375283122063
2020-05-12,0.03668510913848877,0.03612275794148445,0.03612275794148445,0.04265040159225464,0.03612275794148445,0.045874305069446564,0.03612275794148445,0.03933468088507652,0.03612275794148445,0.03612275794148445,0.03612275794148445,0.03669603168964386,0.03612275794148445,0.03612275794148445,0.03612275794148445,0.03612275794148445,0.03612275794148445,0.03612275794148445,0.03612275794148445,0.03612275794148445,0.03612275794148445,0.03612275794148445,0.03612275794148445,0.03612275794148445,0.04018149897456169,0.03612275794148445,0.03612275794148445
2020-05-13,0.03604675084352493,0.03604675084352493,0.03604675084352493,0.05046115070581436,0.03604675084352493,0.04217970743775368,0.03604675084352493,0.03604675084352493,0.03604675084352493,0.038175683468580246,0.03604675084352493,0.03604675084352493,0.03604675084352493,0.03604675084352493,0.036705829203128815,0.03604675084352493,0.03604675084352493,0.03604675084352493,0.03604675084352493,0.03604675084352493,0.03604675084352493,0.03604675084352493,0.03604675084352493,0.03604675084352493,0.03944907337427139,0.03604675084352493,0.03604675084352493
2020-05-14,0.03582063317298889,0.03582063317298889,0.03582063317298889,0.0498783141374588,0.03582063317298889,0.047806479036808014,0.03582063317298889,0.03582063317298889,0.03582063317298889,0.03582063317298889,0.03582063317298889,0.03582063317298889,0.03582063317298889,0.03582063317298889,0.036078762263059616,0.03582063317298889,0.03582063317298889,0.03582063317298889,0.03582063317298889,0.03582063317298889,0.03582063317298889,0.03582063317298889,0.03972802311182022,0.03582063317298889,0.038454558700323105,0.03582063317298889,0.03582063317298889
2020-05-15,0.03720433637499809,0.03630419075489044,0.03630419075489044,0.04652855917811394,0.03630419075489044,0.043575700372457504,0.03630419075489044,0.03630419075489044,0.03630419075489044,0.03677462786436081,0.03630419075489044,0.03630419075489044,0.03630419075489044,0.03630419075489044,0.03630419075489044,0.03630419075489044,0.03630419075489044,0.03630419075489044,0.03630419075489044,0.03630419075489044,0.03630419075489044,0.03630419075489044,0.03630419075489044,0.03630419075489044,0.03722459450364113,0.03630419075489044,0.03630419075489044
2020-05-18,0.03640342503786087,0.037001948803663254,0.03640342503786087,0.04729992896318436,0.03640342503786087,0.039748962968587875,0.03640342503786087,0.03640342503786087,0.03640342503786087,0.03644706681370735,0.03640342503786087,0.03640342503786087,0.03640342503786087,0.03640342503786087,0.03640342503786087,0.03640342503786087,0.03640342503786087,0.03640342503786087,0.03640342503786087,0.03640342503786087,0.03812674805521965,0.03640342503786087,0.03640342503786087,0.03640342503786087,0.0369034968316555,0.03640342503786087,0.03640342503786087
2020-05-19,0.03605009987950325,0.03605009987950325,0.03605009987950325,0.048483025282621384,0.03605009987950325,0.042357172816991806,0.03605009987950325,0.03750880807638168,0.03605009987950325,0.037626489996910095,0.03605009987950325,0.03605009987950325,0.03605009987950325,0.03605009987950325,0.03605009987950325,0.03605009987950325,0.03605009987950325,0.03605009987950325,0.03605009987950325,0.03605009987950325,0.037076108157634735,0.03605009987950325,0.03605009987950325,0.03605009987950325,0.03820526972413063,0.03605009987950325,0.03774111717939377
2020-05-20,0.03596951812505722,0.03596951812505722,0.03596951812505722,0.05078328028321266,0.03596951812505722,0.04647829383611679,0.03596951812505722,0.03596951812505722,0.03596951812505722,0.03596951812505722,0.03596951812505722,0.03596951812505722,0.03596951812505722,0.03596951812505722,0.03596951812505722,0.03596951812505722,0.03596951812505722,0.03596951812505722,0.03596951812505722,0.03596951812505722,0.03596951812505722,0.03596951812505722,0.03596951812505722,0.03596951812505722,0.039469942450523376,0.03596951812505722,0.03596951812505722
2020-05-21,0.03585389256477356,0.03585389256477356,0.03585389256477356,0.05044930800795555,0.03585389256477356,0.045203860849142075,0.03585389256477356,0.038522981107234955,0.03585389256477356,0.03585389256477356,0.03585389256477356,0.03585389256477356,0.03585389256477356,0.03585389256477356,0.03585389256477356,0.03585389256477356,0.03585389256477356,0.03585389256477356,0.03585389256477356,0.03585389256477356,0.03585389256477356,0.03585389256477356,0.03585389256477356,0.03585389256477356,0.04118436574935913,0.03585389256477356,0.03585389256477356
2020-05-22,0.03619978576898575,0.03619978576898575,0.03619978576898575,0.04661945998668671,0.03619978576898575,0.04679809883236885,0.03619978576898575,0.03619978576898575,0.03619978576898575,0.03619978576898575,0.03619978576898575,0.03619978576898575,0.03619978576898575,0.03619978576898575,0.03619978576898575,0.03619978576898575,0.03619978576898575,0.03619978576898575,0.03619978576898575,0.03619978576898575,0.03619978576898575,0.03619978576898575,0.036821041256189346,0.03619978576898575,0.037166256457567215,0.03619978576898575,0.03619978576898575
2020-05-26,0.03619443252682686,0.03619443252682686,0.03619443252682686,0.04556355997920036,0.03619443252682686,0.046817075461149216,0.03619443252682686,0.03619443252682686,0.03619443252682686,0.03619443252682686,0.03619443252682686,0.03619443252682686,0.03619443252682686,0.03619443252682686,0.03619443252682686,0.03619443252682686,0.03619443252682686,0.03619443252682686,0.03619443252682686,0.03619443252682686,0.03619443252682686,0.03619443252682686,0.03750627860426903,0.03619443252682686,0.037641145288944244,0.03619443252682686,0.03619443252682686
2020-05-27,0.035956576466560364,0.035956576466560364,0.035956576466560364,0.05048385635018349,0.035956576466560364,0.04703364148736,0.035956576466560364,0.035956576466560364,0.035956576466560364,0.035956576466560364,0.035956576466560364,0.035956576466560364,0.035956576466560364,0.035956576466560364,0.035956576466560364,0.035956576466560364,0.035956576466560364,0.035956576466560364,0.035956576466560364,0.035956576466560364,0.035956576466560364,0.035956576466560364,0.037884365767240524,0.035956576466560364,0.03759682551026344,0.035956576466560364,0.035956576466560364
2020-05-28,0.035753294825553894,0.035753294825553894,0.035753294825553894,0.05072107911109924,0.035753294825553894,0.047610990703105927,0.035753294825553894,0.035753294825553894,0.035753294825553894,0.035753294825553894,0.035753294825553894,0.035753294825553894,0.035753294825553894,0.035753294825553894,0.03595256060361862,0.035753294825553894,0.035753294825553894,0.035753294825553894,0.035753294825553894,0.035753294825553894,0.035753294825553894,0.035753294825553894,0.03904270753264427,0.035753294825553894,0.04010015353560448,0.035753294825553894,0.035753294825553894
2020-05-29,0.03591451421380043,0.03591451421380043,0.03591451421380043,0.04467327520251274,0.03591451421380043,0.04805050790309906,0.03591451421380043,0.03591451421380043,0.03591451421380043,0.03591451421380043,0.03591451421380043,0.03591451421380043,0.03591451421380043,0.03591451421380043,0.03591451421380043,0.03591451421380043,0.03591451421380043,0.03591451421380043,0.03591451421380043,0.03591451421380043,0.03591451421380043,0.03591451421380043,0.039548784494400024,0.03591451421380043,0.041693560779094696,0.03591451421380043,0.03591451421380043
2020-06-01,0.03583347797393799,0.03583347797393799,0.03583347797393799,0.0456879585981369,0.03583347797393799,0.04885907098650932,0.03583347797393799,0.03583347797393799,0.03583347797393799,0.03583347797393799,0.03583347797393799,0.03583347797393799,0.03583347797393799,0.03583347797393799,0.03583347797393799,0.03583347797393799,0.03583347797393799,0.03583347797393799,0.03583347797393799,0.03583347797393799,0.03583347797393799,0.03583347797393799,0.04020252823829651,0.03583347797393799,0.04108048975467682,0.03583347797393799,0.03583347797393799
2020-06-02,0.03598008304834366,0.03598008304834366,0.03598008304834366,0.047353629022836685,0.03598008304834366,0.044764645397663116,0.03598008304834366,0.03598008304834366,0.03598008304834366,0.03598008304834366,0.03598008304834366,0.03652191534638405,0.03598008304834366,0.03598008304834366,0.03598008304834366,0.03598008304834366,0.03598008304834366,0.03598008304834366,0.03598008304834366,0.03598008304834366,0.03598008304834366,0.03598008304834366,0.03663315996527672,0.03614196553826332,0.04300295561552048,0.03598008304834366,0.03598008304834366
2020-06-03,0.03598175197839737,0.03598175197839737,0.03598175197839737,0.04733239859342575,0.03598175197839737,0.04474391043186188,0.03598175197839737,0.03598175197839737,0.03598175197839737,0.03598175197839737,0.03598175197839737,0.03653079643845558,0.03598175197839737,0.03598175197839737,0.03598175197839737,0.03598175197839737,0.03598175197839737,0.03598175197839737,0.03598175197839737,0.03598175197839737,0.03598175197839737,0.03598175197839737,0.036619268357753754,0.036139048635959625,0.04301773011684418,0.03598175197839737,0.03598175197839737
2020-06-04,0.036225344985723495,0.036225344985723495,0.036225344985723495,0.04283370077610016,0.036225344985723495,0.04040403664112091,0.036225344985723495,0.036225344985723495,0.036225344985723495,0.036225344985723495,0.036225344985723495,0.03791385143995285,0.036225344985723495,0.036225344985723495,0.036225344985723495,0.036225344985723495,0.036225344985723495,0.036225344985723495,0.036225344985723495,0.036225344985723495,0.036225344985723495,0.036225344985723495,0.036225344985723495,0.036225344985723495,0.04566550254821777,0.036225344985723495,0.036225344985723495
2020-06-05,0.036235664039850235,0.036235664039850235,0.036235664039850235,0.042866844683885574,0.036235664039850235,0.04042564332485199,0.036235664039850235,0.036235664039850235,0.036235664039850235,0.036235664039850235,0.036235664039850235,0.03774255886673927,0.036235664039850235,0.036235664039850235,0.036235664039850235,0.036235664039850235,0.036235664039850235,0.036235664039850235,0.036235664039850235,0.036235664039850235,0.036235664039850235,0.036235664039850235,0.036235664039850235,0.036235664039850235,0.04554474726319313,0.036235664039850235,0.036235664039850235
2020-06-08,0.03629455715417862,0.03629455715417862,0.03629455715417862,0.04479101300239563,0.03629455715417862,0.03629455715417862,0.03629455715417862,0.03629455715417862,0.03629455715417862,0.03629455715417862,0.03629455715417862,0.038855284452438354,0.03629455715417862,0.03629455715417862,0.03636130690574646,0.03629455715417862,0.03629455715417862,0.03629455715417862,0.03629455715417862,0.03656435012817383,0.03629455715417862,0.03629455715417862,0.03629455715417862,0.03629455715417862,0.04494783654808998,0.03629455715417862,0.03629455715417862
2020-06-09,0.036294564604759216,0.036294564604759216,0.036294564604759216,0.04479193314909935,0.036294564604759216,0.036294564604759216,0.036294564604759216,0.036294564604759216,0.036294564604759216,0.036294564604759216,0.036294564604759216,0.03885508328676224,0.036294564604759216,0.036294564604759216,0.036361098289489746,0.036294564604759216,0.036294564604759216,0.036294564604759216,0.036294564604759216,0.036566056311130524,0.036294564604759216,0.036294564604759216,0.036294564604759216,0.036294564604759216,0.044945407658815384,0.036294564604759216,0.036294564604759216
2020-06-10,0.036294370889663696,0.036294370889663696,0.036294370889663696,0.04479225352406502,0.036294370889663696,0.036294370889663696,0.036294370889663696,0.036294370889663696,0.036294370889663696,0.036294370889663696,0.036294370889663696,0.03885704278945923,0.036294370889663696,0.036294370889663696,0.036361951380968094,0.036294370889663696,0.036294370889663696,0.036294370889663696,0.036294370889663696,0.036565836519002914,0.036294370889663696,0.036294370889663696,0.036294370889663696,0.036294370889663696,0.04494675621390343,0.036294370889663696,0.036294370889663696
2020-06-11,0.03747182711958885,0.03604380413889885,0.03604380413889885,0.04776374623179436,0.03604380413889885,0.03604380413889885,0.03699386864900589,0.037269365042448044,0.03604380413889885,0.03604380413889885,0.03604380413889885,0.042514923959970474,0.03604380413889885,0.03604380413889885,0.03604380413889885,0.03604380413889885,0.03604380413889885,0.03604380413889885,0.03604380413889885,0.03604380413889885,0.03604380413889885,0.03604380413889885,0.03604380413889885,0.03604380413889885,0.04106637090444565,0.03604380413889885,0.03604380413889885
2020-06-12,0.03600135073065758,0.03600135073065758,0.03600135073065758,0.0476362481713295,0.03600135073065758,0.04594716057181358,0.03600135073065758,0.03600135073065758,0.03600135073065758,0.03600135073065758,0.03600135073065758,0.03653484210371971,0.03600135073065758,0.03600135073065758,0.03600135073065758,0.03600135073065758,0.03600135073065758,0.03600135073065758,0.03600135073065758,0.03600135073065758,0.03600135073065758,0.03600135073065758,0.03600135073065758,0.03600135073065758,0.04185061156749725,0.03600135073065758,0.03600135073065758
2020-06-15,0.03602020442485809,0.03602020442485809,0.03602020442485809,0.04852990061044693,0.03602020442485809,0.041976481676101685,0.03602020442485809,0.03602020442485809,0.03602020442485809,0.03602020442485809,0.03602020442485809,0.03602020442485809,0.03739553689956665,0.03602020442485809,0.03620181232690811,0.03602020442485809,0.03602020442485809,0.03602020442485809,0.03602020442485809,0.03602020442485809,0.03602020442485809,0.03602020442485809,0.03812583535909653,0.03602020442485809,0.041346143931150436,0.03602020442485809,0.03602020442485809
2020-06-16,0.03602080047130585,0.03602080047130585,0.03602080047130585,0.04856927692890167,0.03602080047130585,0.04186602681875229,0.03602080047130585,0.03602080047130585,0.03602080047130585,0.03602080047130585,0.03602080047130585,0.03602080047130585,0.03738535940647125,0.03602080047130585,0.03623303398489952,0.03602080047130585,0.03602080047130585,0.03602080047130585,0.03602080047130585,0.03602080047130585,0.03602080047130585,0.03602080047130585,0.03811994194984436,0.03602080047130585,0.04138953983783722,0.03602080047130585,0.03602080047130585
2020-06-17,0.03604363277554512,0.03604363277554512,0.03604363277554512,0.04868663102388382,0.03604363277554512,0.0425337478518486,0.03604363277554512,0.03604363277554512,0.03604363277554512,0.03604363277554512,0.03604363277554512,0.03753376752138138,0.03604363277554512,0.03604363277554512,0.036413684487342834,0.03604363277554512,0.03604363277554512,0.03604363277554512,0.03604363277554512,0.03604363277554512,0.03604363277554512,0.03604363277554512,0.03604363277554512,0.03604363277554512,0.04187220335006714,0.03604363277554512,0.03604363277554512
2020-06-18,0.036009207367897034,0.036009207367897034,0.036009207367897034,0.04683251678943634,0.036009207367897034,0.044161107391119,0.036009207367897034,0.036009207367897034,0.036009207367897034,0.036009207367897034,0.036009207367897034,0.038057826459407806,0.036009207367897034,0.036009207367897034,0.03703570365905762,0.036009207367897034,0.036009207367897034,0.036009207367897034,0.036009207367897034,0.036009207367897034,0.036009207367897034,0.036009207367897034,0.036009207367897034,0.036009207367897034,0.041710320860147476,0.036009207367897034,0.036009207367897034
2020-06-19,0.03612269461154938,0.03612269461154938,0.03612269461154938,0.0470302477478981,0.03612269461154938,0.04167759791016579,0.03612269461154938,0.03612269461154938,0.03612269461154938,0.03612281754612923,0.03612269461154938,0.03612269461154938,0.038214027881622314,0.03612269461154938,0.03640621528029442,0.03612269461154938,0.03612269461154938,0.03612269461154938,0.03612269461154938,0.03800778463482857,0.03612269461154938,0.03612269461154938,0.03612269461154938,0.03612269461154938,0.040087487548589706,0.03612269461154938,0.03612269461154938
2020-06-22,0.03606169670820236,0.03606169670820236,0.03606169670820236,0.043879590928554535,0.03606169670820236,0.046498820185661316,0.03606169670820236,0.03674697503447533,0.03606169670820236,0.03606169670820236,0.03606169670820236,0.03893183544278145,0.03606169670820236,0.03606169670820236,0.03606169670820236,0.03606169670820236,0.03606169670820236,0.03606169670820236,0.03606169670820236,0.03606169670820236,0.03606169670820236,0.03606169670820236,0.03606169670820236,0.03606169670820236,0.04058549180626869,0.03606169670820236,0.03606169670820236
2020-06-23,0.036095116287469864,0.036095116287469864,0.036095116287469864,0.046381719410419464,0.036095116287469864,0.044344570487737656,0.036095116287469864,0.036095116287469864,0.036095116287469864,0.036095116287469864,0.036095116287469864,0.037513528019189835,0.03621050342917442,0.036095116287469864,0.036596912890672684,0.036095116287469864,0.036095116287469864,0.036095116287469864,0.036095116287469864,0.036095116287469864,0.036095116287469864,0.036095116287469864,0.036095116287469864,0.036095116287469864,0.04095537215471268,0.036095116287469864,0.036095116287469864
2020-06-24,0.036049798130989075,0.036049798130989075,0.036049798130989075,0.048024363815784454,0.036049798130989075,0.04012656956911087,0.036049798130989075,0.036049798130989075,0.036049798130989075,0.036049798130989075,0.036049798130989075,0.03918524831533432,0.036049798130989075,0.036049798130989075,0.03682686388492584,0.036049798130989075,0.036049798130989075,0.036049798130989075,0.036049798130989075,0.036049798130989075,0.036049798130989075,0.036049798130989075,0.036049798130989075,0.036049798130989075,0.04274137690663338,0.036049798130989075,0.036049798130989075
2020-06-25,0.035992711782455444,0.035992711782455444,0.035992711782455444,0.047220051288604736,0.035992711782455444,0.04321053996682167,0.035992711782455444,0.035992711782455444,0.035992711782455444,0.035992711782455444,0.035992711782455444,0.035992711782455444,0.035992711782455444,0.035992711782455444,0.03660780191421509,0.035992711782455444,0.035992711782455444,0.035992711782455444,0.035992711782455444,0.035992711782455444,0.035992711782455444,0.035992711782455444,0.03934767097234726,0.035992711782455444,0.04177425056695938,0.035992711782455444,0.035992711782455444
2020-06-26,0.036167509853839874,0.036167509853839874,0.036167509853839874,0.0457364059984684,0.036167509853839874,0.04228181019425392,0.036167509853839874,0.036167509853839874,0.036167509853839874,0.036167509853839874,0.036167509853839874,0.036167509853839874,0.036167509853839874,0.036167509853839874,0.036167509853839874,0.036167509853839874,0.036167509853839874,0.036167509853839874,0.036167509853839874,0.036167509853839874,0.036167509853839874,0.036167509853839874,0.037717465311288834,0.036167509853839874,0.042411550879478455,0.036167509853839874,0.036167509853839874
2020-06-29,0.03594943881034851,0.03594943881034851,0.03594943881034851,0.049294404685497284,0.03594943881034851,0.04966855049133301,0.03594943881034851,0.03594943881034851,0.03594943881034851,0.03594943881034851,0.03594943881034851,0.03594943881034851,0.03594943881034851,0.03594943881034851,0.03594943881034851,0.03594943881034851,0.03594943881034851,0.03594943881034851,0.03594943881034851,0.03594943881034851,0.03594943881034851,0.03594943881034851,0.03594943881034851,0.03594943881034851,0.038250528275966644,0.03594943881034851,0.03594943881034851
2020-06-30,0.03583788126707077,0.03583788126707077,0.03583788126707077,0.05080263316631317,0.03583788126707077,0.048895176500082016,0.03583788126707077,0.03583788126707077,0.03583788126707077,0.03583788126707077,0.03583788126707077,0.03583788126707077,0.03583788126707077,0.03583788126707077,0.03583788126707077,0.03583788126707077,0.03583788126707077,0.03583788126707077,0.03583788126707077,0.03583788126707077,0.03583788126707077,0.03583788126707077,0.035935286432504654,0.03583788126707077,0.04009561240673065,0.03583788126707077,0.03583788126707077
2020-07-01,0.03616190701723099,0.03616190701723099,0.03616190701723099,0.0451040081679821,0.03616190701723099,0.045439429581165314,0.03616190701723099,0.03616190701723099,0.03616190701723099,0.03616190701723099,0.03616190701723099,0.03616190701723099,0.03616190701723099,0.03616190701723099,0.03616190701723099,0.03616190701723099,0.03616190701723099,0.03616190701723099,0.03616190701723099,0.03616190701723099,0.03616190701723099,0.03616190701723099,0.03616190701723099,0.03616190701723099,0.04157073050737381,0.03616190701723099,0.03616190701723099
2020-07-02,0.03617580607533455,0.03617580607533455,0.03617580607533455,0.04551995173096657,0.03617580607533455,0.048130545765161514,0.03617580607533455,0.03617580607533455,0.03617580607533455,0.03617580607533455,0.03617580607533455,0.03617580607533455,0.03617580607533455,0.03617580607533455,0.03617580607533455,0.03617580607533455,0.03617580607533455,0.03617580607533455,0.03617580607533455,0.03617580607533455,0.03617580607533455,0.03617580607533455,0.03617580607533455,0.03617580607533455,0.03813014551997185,0.03617580607533455,0.03617580607533455
2020-07-06,0.03605970740318298,0.03605970740318298,0.03605970740318298,0.04612184315919876,0.03605970740318298,0.049691684544086456,0.03605970740318298,0.03605970740318298,0.03605970740318298,0.03605970740318298,0.03605970740318298,0.03605970740318298,0.03605970740318298,0.03605970740318298,0.03605970740318298,0.03605970740318298,0.03605970740318298,0.03605970740318298,0.03605970740318298,0.03605970740318298,0.03605970740318298,0.03605970740318298,0.03605970740318298,0.03605970740318298,0.03875350207090378,0.03605970740318298,0.03605970740318298
2020-07-07,0.036196209490299225,0.036196209490299225,0.036196209490299225,0.041985683143138885,0.036196209490299225,0.04909071326255798,0.036196209490299225,0.036196209490299225,0.036196209490299225,0.036196209490299225,0.036196209490299225,0.036196209490299225,0.036196209490299225,0.036196209490299225,0.036196209490299225,0.036196209490299225,0.036196209490299225,0.036196209490299225,0.036196209490299225,0.036196209490299225,0.036196209490299225,0.036196209490299225,0.036196209490299225,0.036196209490299225,0.04021455720067024,0.036196209490299225,0.036196209490299225
2020-07-08,0.03603139892220497,0.03603139892220497,0.03603139892220497,0.046666428446769714,0.03603139892220497,0.04970235750079155,0.03603139892220497,0.03603139892220497,0.03603139892220497,0.03633483871817589,0.03603139892220497,0.03603139892220497,0.03603139892220497,0.03603139892220497,0.03603139892220497,0.03603139892220497,0.03603139892220497,0.03603139892220497,0.03603139892220497,0.03603139892220497,0.03603139892220497,0.03603139892220497,0.03603139892220497,0.03603139892220497,0.03857417404651642,0.03603139892220497,0.03603139892220497
2020-07-09,0.03603145107626915,0.03603145107626915,0.03603145107626915,0.04666187986731529,0.03603145107626915,0.049710437655448914,0.03603145107626915,0.03603145107626915,0.03603145107626915,0.03633221238851547,0.03603145107626915,0.03603145107626915,0.03603145107626915,0.03603145107626915,0.03603145107626915,0.03603145107626915,0.03603145107626915,0.03603145107626915,0.03603145107626915,0.03603145107626915,0.03603145107626915,0.03603145107626915,0.03603145107626915,0.03603145107626915,0.03857208788394928,0.03603145107626915,0.03603145107626915
2020-07-10,0.036086276173591614,0.036086276173591614,0.036086276173591614,0.047145403921604156,0.036086276173591614,0.04783017560839653,0.036086276173591614,0.036086276173591614,0.036086276173591614,0.036086276173591614,0.036086276173591614,0.036086276173591614,0.036086276173591614,0.036086276173591614,0.036086276173591614,0.036086276173591614,0.036086276173591614,0.036086276173591614,0.036086276173591614,0.036086276173591614,0.036086276173591614,0.036086276173591614,0.036086276173591614,0.036086276173591614,0.0389537513256073,0.036086276173591614,0.036086276173591614
2020-07-13,0.03600354120135307,0.03600354120135307,0.03600354120135307,0.0500514842569828,0.03600354120135307,0.04466492310166359,0.03600354120135307,0.03600354120135307,0.03600354120135307,0.03600354120135307,0.03600354120135307,0.03600354120135307,0.03600354120135307,0.03600354120135307,0.03600354120135307,0.03600354120135307,0.03600354120135307,0.03600354120135307,0.03600354120135307,0.03600354120135307,0.03600354120135307,0.03600354120135307,0.03600354120135307,0.03600354120135307,0.04119861125946045,0.03600354120135307,0.03600354120135307
2020-07-14,0.03595322370529175,0.03595322370529175,0.03595322370529175,0.04807531461119652,0.03595322370529175,0.04937922954559326,0.03595322370529175,0.03595322370529175,0.03595322370529175,0.03595322370529175,0.03595322370529175,0.03595322370529175,0.03595322370529175,0.03595322370529175,0.03595322370529175,0.03595322370529175,0.03595322370529175,0.03595322370529175,0.03595322370529175,0.03595322370529175,0.03595322370529175,0.03595322370529175,0.03595322370529175,0.03595322370529175,0.0396680049598217,0.03595322370529175,0.03595322370529175
2020-07-15,0.03602146357297897,0.03602146357297897,0.03602146357297897,0.0485881008207798,0.03602146357297897,0.047560445964336395,0.03602146357297897,0.03602146357297897,0.03602146357297897,0.03602146357297897,0.03602146357297897,0.03602146357297897,0.03602146357297897,0.03602146357297897,0.03602146357297897,0.03602146357297897,0.03602146357297897,0.03602146357297897,0.03602146357297897,0.03602146357297897,0.03602146357297897,0.03602146357297897,0.03602146357297897,0.03602146357297897,0.03933635354042053,0.03602146357297897,0.03602146357297897
2020-07-16,0.03599982708692551,0.03599982708692551,0.03599982708692551,0.043684639036655426,0.03599982708692551,0.04960419610142708,0.03599982708692551,0.03599982708692551,0.03599982708692551,0.03599982708692551,0.03599982708692551,0.03599982708692551,0.03599982708692551,0.03599982708692551,0.03599982708692551,0.03599982708692551,0.03599982708692551,0.03599982708692551,0.03599982708692551,0.03599982708692551,0.03599982708692551,0.03599982708692551,0.0387476310133934,0.03608628362417221,0.039881058037281036,0.03599982708692551,0.03599982708692551
2020-07-17,0.036002449691295624,0.036002449691295624,0.036002449691295624,0.04387003183364868,0.036002449691295624,0.04989152401685715,0.036002449691295624,0.036370232701301575,0.036002449691295624,0.036002449691295624,0.036002449691295624,0.036002449691295624,0.036002449691295624,0.036002449691295624,0.036002449691295624,0.036002449691295624,0.036002449691295624,0.036002449691295624,0.036002449691295624,0.036002449691295624,0.036002449691295624,0.036002449691295624,0.037722792476415634,0.036002449691295624,0.040091559290885925,0.036002449691295624,0.036002449691295624
2020-07-20,0.03772887587547302,0.03611107915639877,0.03611107915639877,0.042687732726335526,0.03611107915639877,0.04805181920528412,0.03611107915639877,0.036295533180236816,0.03611107915639877,0.03611107915639877,0.03611107915639877,0.03611107915639877,0.03611107915639877,0.03611107915639877,0.03611107915639877,0.03611107915639877,0.03611107915639877,0.03734344244003296,0.03611107915639877,0.03611107915639877,0.03611107915639877,0.03611107915639877,0.03611107915639877,0.03611107915639877,0.039559945464134216,0.03611107915639877,0.03611107915639877
2020-07-21,0.03725564107298851,0.0358554981648922,0.0358554981648922,0.04251912608742714,0.0358554981648922,0.04995216429233551,0.0358554981648922,0.03978460654616356,0.0358554981648922,0.0358554981648922,0.0358554981648922,0.0358554981648922,0.0358554981648922,0.0358554981648922,0.0358554981648922,0.0358554981648922,0.0358554981648922,0.03669799491763115,0.0358554981648922,0.0358554981648922,0.037219755351543427,0.0358554981648922,0.0358554981648922,0.0358554981648922,0.03946070373058319,0.0358554981648922,0.0358554981648922
2020-07-22,0.03762524202466011,0.03582324832677841,0.03582324832677841,0.042790718376636505,0.03582324832677841,0.05110175162553787,0.03582324832677841,0.039278991520404816,0.03582324832677841,0.03582324832677841,0.03582324832677841,0.03679182380437851,0.03582324832677841,0.03582324832677841,0.03582324832677841,0.03582324832677841,0.03582324832677841,0.03709680587053299,0.03582324832677841,0.03582324832677841,0.03582324832677841,0.03582324832677841,0.03582324832677841,0.03582324832677841,0.03884971886873245,0.03582324832677841,0.03582324832677841
2020-07-23,0.03602178767323494,0.03602178767323494,0.03602178767323494,0.04517494514584541,0.03602178767323494,0.04920858517289162,0.03602178767323494,0.03627411648631096,0.03602178767323494,0.03602178767323494,0.03602178767323494,0.03602178767323494,0.03602178767323494,0.03602178767323494,0.03602178767323494,0.03602178767323494,0.03602178767323494,0.03602178767323494,0.03602178767323494,0.03602178767323494,0.03602178767323494,0.03602178767323494,0.0366186685860157,0.03602178767323494,0.04024440050125122,0.03602178767323494,0.03602178767323494
2020-07-24,0.03792380169034004,0.035831332206726074,0.035831332206726074,0.04276145249605179,0.035831332206726074,0.050829507410526276,0.035831332206726074,0.03863781690597534,0.035831332206726074,0.035831332206726074,0.035831332206726074,0.03671528026461601,0.035831332206726074,0.035831332206726074,0.035831332206726074,0.035831332206726074,0.035831332206726074,0.037359267473220825,0.035831332206726074,0.035831332206726074,0.035831332206726074,0.035831332206726074,0.036019157618284225,0.035831332206726074,0.03895841911435127,0.035831332206726074,0.035831332206726074
2020-07-27,0.03606489673256874,0.03606489673256874,0.03606489673256874,0.047577641904354095,0.03606489673256874,0.04481203109025955,0.03606489673256874,0.03606489673256874,0.03606489673256874,0.03606489673256874,0.03606489673256874,0.03606489673256874,0.03606489673256874,0.03606489673256874,0.03606489673256874,0.03606489673256874,0.03606489673256874,0.03606489673256874,0.03606489673256874,0.03606489673256874,0.03606489673256874,0.03606489673256874,0.03606489673256874,0.03606489673256874,0.04205285757780075,0.03606489673256874,0.03606489673256874
2020-07-28,0.03610049560666084,0.03610049560666084,0.03610049560666084,0.05220816656947136,0.03610049560666084,0.04042351245880127,0.03610049560666084,0.03610049560666084,0.03610049560666084,0.03610049560666084,0.03610049560666084,0.03610049560666084,0.03610049560666084,0.03610049560666084,0.03610049560666084,0.03610049560666084,0.03610049560666084,0.03610049560666084,0.03610049560666084,0.03610049560666084,0.03610049560666084,0.03610049560666084,0.03610049560666084,0.03610049560666084,0.04095644876360893,0.03610049560666084,0.03610049560666084
2020-07-29,0.0361005961894989,0.03606150299310684,0.03606150299310684,0.05050215870141983,0.03606150299310684,0.04262791574001312,0.03606150299310684,0.03606150299310684,0.03606150299310684,0.03606150299310684,0.03606150299310684,0.03606150299310684,0.03606150299310684,0.03606150299310684,0.03606150299310684,0.03606150299310684,0.03606150299310684,0.03606150299310684,0.03606150299310684,0.03606150299310684,0.03606150299310684,0.03606150299310684,0.03606150299310684,0.036404144018888474,0.04101213067770004,0.03606150299310684,0.03606150299310684
2020-07-30,0.03633131831884384,0.03633131831884384,0.03633131831884384,0.044542815536260605,0.03633131831884384,0.038688018918037415,0.03633131831884384,0.03633131831884384,0.03633131831884384,0.03633131831884384,0.03633131831884384,0.036628060042858124,0.03633131831884384,0.03633131831884384,0.03633131831884384,0.03633131831884384,0.03633131831884384,0.03633131831884384,0.03633131831884384,0.03633131831884384,0.03633131831884384,0.03633131831884384,0.03633131831884384,0.03633131831884384,0.044520869851112366,0.03633131831884384,0.03633131831884384
2020-07-31,0.03609710931777954,0.036029696464538574,0.036029696464538574,0.04595806077122688,0.036029696464538574,0.051856040954589844,0.036029696464538574,0.036029696464538574,0.036029696464538574,0.036029696464538574,0.036029696464538574,0.036029696464538574,0.036029696464538574,0.036029696464538574,0.036029696464538574,0.036029696464538574,0.036029696464538574,0.036029696464538574,0.036029696464538574,0.036029696464538574,0.036029696464538574,0.036029696464538574,0.036029696464538574,0.036029696464538574,0.03740577772259712,0.036029696464538574,0.036029696464538574
2020-08-03,0.036041710525751114,0.036041710525751114,0.036041710525751114,0.048847828060388565,0.036041710525751114,0.04684171453118324,0.036041710525751114,0.036041710525751114,0.036041710525751114,0.036041710525751114,0.036041710525751114,0.036041710525751114,0.036041710525751114,0.036041710525751114,0.036041710525751114,0.036041710525751114,0.036041710525751114,0.036041710525751114,0.036041710525751114,0.036041710525751114,0.036041710525751114,0.036041710525751114,0.036041710525751114,0.036041710525751114,0.03930933400988579,0.036041710525751114,0.036041710525751114
2020-08-04,0.03603944927453995,0.036014657467603683,0.036014657467603683,0.04436952993273735,0.036014657467603683,0.04536144807934761,0.036014657467603683,0.03753972053527832,0.036014657467603683,0.036014657467603683,0.036014657467603683,0.03716591000556946,0.036014657467603683,0.036014657467603683,0.03713895380496979,0.03650631755590439,0.036014657467603683,0.036014657467603683,0.036014657467603683,0.036014657467603683,0.039537910372018814,0.036014657467603683,0.036014657467603683,0.036014657467603683,0.03807694837450981,0.036014657467603683,0.036014657467603683
2020-08-05,0.03622182086110115,0.03622182086110115,0.03622182086110115,0.04356641694903374,0.03622182086110115,0.04561663419008255,0.03622182086110115,0.03622182086110115,0.03622182086110115,0.03622182086110115,0.03622182086110115,0.03622182086110115,0.03622182086110115,0.03622182086110115,0.03622182086110115,0.03622182086110115,0.03622182086110115,0.03622182086110115,0.03622182086110115,0.03622182086110115,0.037728894501924515,0.03622182086110115,0.03622182086110115,0.03622182086110115,0.03998618200421333,0.03622182086110115,0.03622182086110115
2020-08-06,0.0361686646938324,0.0361686646938324,0.0361686646938324,0.04249036684632301,0.0361686646938324,0.0361686646938324,0.0361686646938324,0.03750013932585716,0.0361686646938324,0.0361686646938324,0.0361686646938324,0.03923223540186882,0.0361686646938324,0.0361686646938324,0.0361686646938324,0.0361686646938324,0.0361686646938324,0.0361686646938324,0.0361686646938324,0.0361686646938324,0.0361686646938324,0.0361686646938324,0.0361686646938324,0.0361686646938324,0.0446656160056591,0.0361686646938324,0.040401000529527664
2020-08-07,0.036168597638607025,0.036168597638607025,0.036168597638607025,0.042693521827459335,0.036168597638607025,0.036168597638607025,0.036168597638607025,0.03728156536817551,0.036168597638607025,0.036168597638607025,0.036168597638607025,0.039053741842508316,0.036168597638607025,0.036168597638607025,0.036168597638607025,0.036168597638607025,0.036168597638607025,0.036168597638607025,0.036168597638607025,0.036168597638607025,0.036168597638607025,0.036168597638607025,0.036168597638607025,0.036168597638607025,0.0448056198656559,0.036168597638607025,0.040456414222717285
2020-08-10,0.036219727247953415,0.036219727247953415,0.036219727247953415,0.04067434370517731,0.036219727247953415,0.04120194539427757,0.036219727247953415,0.03967532142996788,0.036219727247953415,0.036219727247953415,0.036219727247953415,0.037868525832891464,0.036219727247953415,0.036219727247953415,0.036219727247953415,0.036219727247953415,0.036219727247953415,0.036219727247953415,0.036219727247953415,0.036219727247953415,0.036219727247953415,0.036219727247953415,0.036219727247953415,0.036219727247953415,0.042312316596508026,0.036219727247953415,0.03765331953763962
2020-08-11,0.036298856139183044,0.036298856139183044,0.036298856139183044,0.041193053126335144,0.036298856139183044,0.04311496019363403,0.036298856139183044,0.03801964223384857,0.036298856139183044,0.036298856139183044,0.036298856139183044,0.03669387847185135,0.036298856139183044,0.036298856139183044,0.036298856139183044,0.036298856139183044,0.036298856139183044,0.036298856139183044,0.036298856139183044,0.036298856139183044,0.036298856139183044,0.036298856139183044,0.036298856139183044,0.036298856139183044,0.04222894087433815,0.036298856139183044,0.036473535001277924
2020-08-12,0.03603687509894371,0.03603687509894371,0.03603687509894371,0.039688657969236374,0.03603687509894371,0.04619339108467102,0.03603687509894371,0.03917509689927101,0.03603687509894371,0.03603687509894371,0.03603687509894371,0.03603687509894371,0.03603687509894371,0.03603687509894371,0.03603687509894371,0.03603687509894371,0.03603687509894371,0.03603687509894371,0.03603687509894371,0.03603687509894371,0.03603687509894371,0.03603687509894371,0.038061611354351044,0.03603687509894371,0.041661933064460754,0.036918941885232925,0.03756292909383774
2020-08-13,0.036089327186346054,0.036089327186346054,0.036089327186346054,0.039920587092638016,0.036089327186346054,0.04582750052213669,0.036089327186346054,0.03900386393070221,0.036089327186346054,0.036089327186346054,0.036089327186346054,0.036089327186346054,0.036089327186346054,0.036089327186346054,0.036089327186346054,0.036089327186346054,0.036089327186346054,0.036089327186346054,0.036089327186346054,0.036089327186346054,0.036089327186346054,0.036089327186346054,0.037761252373456955,0.036089327186346054,0.041791316121816635,0.036481823772192,0.03742709755897522
2020-08-14,0.0359409935772419,0.0359409935772419,0.0359409935772419,0.03889424726366997,0.0359409935772419,0.04613259434700012,0.0359409935772419,0.041874442249536514,0.0359409935772419,0.0359409935772419,0.0359409935772419,0.03688177466392517,0.0359409935772419,0.0359409935772419,0.0359409935772419,0.0359409935772419,0.0359409935772419,0.03611741214990616,0.03710782527923584,0.0359409935772419,0.0359409935772419,0.0359409935772419,0.037585001438856125,0.0359409935772419,0.042527876794338226,0.0359409935772419,0.0359409935772419
2020-08-17,0.03602266311645508,0.03602266311645508,0.03602266311645508,0.03929218277335167,0.03602266311645508,0.045582905411720276,0.03602266311645508,0.04109906032681465,0.03602266311645508,0.03602266311645508,0.03602266311645508,0.037223685532808304,0.03602266311645508,0.03602266311645508,0.03602266311645508,0.03602266311645508,0.03602266311645508,0.03602266311645508,0.03692055493593216,0.03602266311645508,0.03602266311645508,0.03602266311645508,0.036910783499479294,0.03602266311645508,0.04251750931143761,0.03602266311645508,0.03602266311645508
2020-08-18,0.03613727167248726,0.03613727167248726,0.03613727167248726,0.04005279392004013,0.03613727167248726,0.044239021837711334,0.03613727167248726,0.04020172730088234,0.03613727167248726,0.03613727167248726,0.03613727167248726,0.037845104932785034,0.03613727167248726,0.03613727167248726,0.03613727167248726,0.03613727167248726,0.03613727167248726,0.03613727167248726,0.03624710813164711,0.03613727167248726,0.03613727167248726,0.03613727167248726,0.03613727167248726,0.03613727167248726,0.042531568557024,0.03613727167248726,0.03613727167248726
2020-08-19,0.03639743849635124,0.03639743849635124,0.03639743849635124,0.039992183446884155,0.03639743849635124,0.042878635227680206,0.03639743849635124,0.03827860951423645,0.03639743849635124,0.03639743849635124,0.03639743849635124,0.03817833587527275,0.03639743849635124,0.03639743849635124,0.03639743849635124,0.03639743849635124,0.03639743849635124,0.03639743849635124,0.03639743849635124,0.03639743849635124,0.03639743849635124,0.03639743849635124,0.03639743849635124,0.03639743849635124,0.039928585290908813,0.03639743849635124,0.03639743849635124
2020-08-20,0.03621314838528633,0.03621314838528633,0.03621314838528633,0.04334097355604172,0.03621314838528633,0.04656852409243584,0.03621314838528633,0.03621314838528633,0.03621314838528633,0.03621314838528633,0.03621314838528633,0.03621314838528633,0.03621314838528633,0.03621314838528633,0.03621314838528633,0.03621314838528633,0.03621314838528633,0.03621314838528633,0.03621314838528633,0.03621314838528633,0.03621314838528633,0.03621314838528633,0.03947523236274719,0.03621314838528633,0.03771291300654411,0.03621314838528633,0.03621314838528633
2020-08-21,0.036326952278614044,0.036326952278614044,0.036326952278614044,0.043013982474803925,0.036326952278614044,0.044726405292749405,0.036326952278614044,0.036326952278614044,0.036326952278614044,0.036326952278614044,0.036326952278614044,0.036326952278614044,0.036326952278614044,0.036326952278614044,0.036326952278614044,0.036326952278614044,0.036326952278614044,0.036326952278614044,0.036326952278614044,0.036326952278614044,0.036326952278614044,0.036326952278614044,0.03899325430393219,0.036326952278614044,0.03774645924568176,0.036326952278614044,0.036326952278614044
2020-08-24,0.03618310019373894,0.03618310019373894,0.03618310019373894,0.048326682299375534,0.03618310019373894,0.04493675008416176,0.03618310019373894,0.03618310019373894,0.03618310019373894,0.03618310019373894,0.03618310019373894,0.03618310019373894,0.03618310019373894,0.03618310019373894,0.03646069020032883,0.03618310019373894,0.03618310019373894,0.03618310019373894,0.03618310019373894,0.03618310019373894,0.03618310019373894,0.03618310019373894,0.03796940669417381,0.03618310019373894,0.03618310019373894,0.03618310019373894,0.03627822548151016
2020-08-25,0.03620964661240578,0.03620964661240578,0.03620964661240578,0.04337459057569504,0.03620964661240578,0.046608105301856995,0.03620964661240578,0.03620964661240578,0.03620964661240578,0.03620964661240578,0.03620964661240578,0.03620964661240578,0.03620964661240578,0.03620964661240578,0.03620964661240578,0.03620964661240578,0.03620964661240578,0.03620964661240578,0.03620964661240578,0.03620964661240578,0.03620964661240578,0.03620964661240578,0.039504874497652054,0.03620964661240578,0.03769058361649513,0.03620964661240578,0.03620964661240578
2020-08-26,0.03620964288711548,0.03620964288711548,0.03620964288711548,0.043376460671424866,0.03620964288711548,0.046608373522758484,0.03620964288711548,0.03620964288711548,0.03620964288711548,0.03620964288711548,0.03620964288711548,0.03620964288711548,0.03620964288711548,0.03620964288711548,0.03620964288711548,0.03620964288711548,0.03620964288711548,0.03620964288711548,0.03620964288711548,0.03620964288711548,0.03620964288711548,0.03620964288711548,0.03950343281030655,0.03620964288711548,0.03768996149301529,0.03620964288711548,0.03620964288711548
2020-08-27,0.039698123931884766,0.03614617511630058,0.03614617511630058,0.04127516597509384,0.03614617511630058,0.04575834423303604,0.03614617511630058,0.03614617511630058,0.03614617511630058,0.03614617511630058,0.03614617511630058,0.03863712027668953,0.037673842161893845,0.03614617511630058,0.03614617511630058,0.03614617511630058,0.03614617511630058,0.03614617511630058,0.03614617511630058,0.03640936315059662,0.037624459713697433,0.03614617511630058,0.03614617511630058,0.03614617511630058,0.03614617511630058,0.03614617511630058,0.03614617511630058
2020-08-28,0.04313771054148674,0.03555182367563248,0.03555182367563248,0.038591768592596054,0.03555182367563248,0.04230019077658653,0.03555182367563248,0.03887126222252846,0.03555182367563248,0.03555182367563248,0.03555182367563248,0.04863877594470978,0.03555182367563248,0.03555182367563248,0.03618764132261276,0.03760695457458496,0.03762012720108032,0.03555182367563248,0.03555182367563248,0.03555182367563248,0.03555182367563248,0.037112802267074585,0.03555182367563248,0.03555182367563248,0.03555182367563248,0.03555182367563248,0.03555182367563248
2020-08-31,0.04367983341217041,0.035480938851833344,0.035480938851833344,0.04201457276940346,0.035480938851833344,0.04154760017991066,0.035480938851833344,0.04288540780544281,0.035480938851833344,0.035480938851833344,0.035480938851833344,0.04449775815010071,0.03573589399456978,0.035480938851833344,0.035480938851833344,0.03570568189024925,0.035480938851833344,0.035480938851833344,0.035480938851833344,0.035480938851833344,0.039795342832803726,0.035480938851833344,0.035480938851833344,0.035480938851833344,0.035480938851833344,0.035480938851833344,0.035480938851833344
2020-09-01,0.04278320074081421,0.03579581901431084,0.03579581901431084,0.04146549105644226,0.03579581901431084,0.040781959891319275,0.03579581901431084,0.03843386098742485,0.03579581901431084,0.03579581901431084,0.03579581901431084,0.042715128511190414,0.03579581901431084,0.03579581901431084,0.03579581901431084,0.03579581901431084,0.03579581901431084,0.03579581901431084,0.03579581901431084,0.03579581901431084,0.040148936212062836,0.03579581901431084,0.03579581901431084,0.03579581901431084,0.03579581901431084,0.03579581901431084,0.03775504231452942
2020-09-02,0.04338879510760307,0.035534411668777466,0.035534411668777466,0.04587903618812561,0.035534411668777466,0.04498976469039917,0.035534411668777466,0.042562708258628845,0.035534411668777466,0.035534411668777466,0.035534411668777466,0.03885035961866379,0.035534411668777466,0.035534411668777466,0.035534411668777466,0.035534411668777466,0.035534411668777466,0.035534411668777466,0.035534411668777466,0.035534411668777466,0.03810672461986542,0.035534411668777466,0.035534411668777466,0.035534411668777466,0.035534411668777466,0.035534411668777466,0.035534411668777466
2020-09-03,0.038256410509347916,0.03553105890750885,0.03553105890750885,0.04583865404129028,0.03553105890750885,0.04519418627023697,0.03553105890750885,0.04114748537540436,0.03553105890750885,0.03643467277288437,0.03553105890750885,0.03979089856147766,0.03700023889541626,0.03553105890750885,0.03643564507365227,0.03610822930932045,0.03553105890750885,0.03553105890750885,0.03553105890750885,0.03761973977088928,0.03553105890750885,0.03553105890750885,0.03553105890750885,0.03553105890750885,0.03767693415284157,0.03553105890750885,0.03553105890750885
2020-09-04,0.03971453756093979,0.0356341153383255,0.0356341153383255,0.04487910866737366,0.0356341153383255,0.04560612887144089,0.0356341153383255,0.038103047758340836,0.0356341153383255,0.037261225283145905,0.0356341153383255,0.038506507873535156,0.03738272190093994,0.0356341153383255,0.03636692091822624,0.0356341153383255,0.0356341153383255,0.0356341153383255,0.0356341153383255,0.03968463093042374,0.0356341153383255,0.0356341153383255,0.0356341153383255,0.0356341153383255,0.03671519085764885,0.0356341153383255,0.0356341153383255
2020-09-08,0.039687976241111755,0.035730935633182526,0.035730935633182526,0.04449579864740372,0.035730935633182526,0.046500466763973236,0.035730935633182526,0.037825703620910645,0.035730935633182526,0.03578968346118927,0.035730935633182526,0.03842345252633095,0.038568850606679916,0.035730935633182526,0.03646492958068848,0.035730935633182526,0.035730935633182526,0.035730935633182526,0.035730935633182526,0.03826321288943291,0.035730935633182526,0.035730935633182526,0.035730935633182526,0.035730935633182526,0.036554042249917984,0.035730935633182526,0.035730935633182526
2020-09-09,0.036548346281051636,0.0361936055123806,0.0361936055123806,0.051149070262908936,0.0361936055123806,0.041590429842472076,0.0361936055123806,0.0361936055123806,0.0361936055123806,0.0361936055123806,0.0361936055123806,0.0361936055123806,0.03728416562080383,0.0361936055123806,0.0361936055123806,0.0361936055123806,0.0361936055123806,0.0361936055123806,0.0361936055123806,0.0361936055123806,0.0361936055123806,0.0361936055123806,0.0361936055123806,0.0361936055123806,0.03716861829161644,0.0361936055123806,0.0361936055123806
2020-09-10,0.03892507776618004,0.03603585436940193,0.03603585436940193,0.04632604867219925,0.03603585436940193,0.04988836124539375,0.03603585436940193,0.03603585436940193,0.03603585436940193,0.03603585436940193,0.03603585436940193,0.03603585436940193,0.03603585436940193,0.03603585436940193,0.03603585436940193,0.03603585436940193,0.03603585436940193,0.03603585436940193,0.03603585436940193,0.03603585436940193,0.03603585436940193,0.03603585436940193,0.03603585436940193,0.03603585436940193,0.03603585436940193,0.03603585436940193,0.03603585436940193
2020-09-11,0.03756501525640488,0.03615998849272728,0.03615998849272728,0.050341106951236725,0.03615998849272728,0.04178214073181152,0.03615998849272728,0.03615998849272728,0.03615998849272728,0.03615998849272728,0.03615998849272728,0.03615998849272728,0.03783172369003296,0.03615998849272728,0.03615998849272728,0.03615998849272728,0.03615998849272728,0.03615998849272728,0.03615998849272728,0.03615998849272728,0.03615998849272728,0.03615998849272728,0.03615998849272728,0.03615998849272728,0.036960311233997345,0.03615998849272728,0.03615998849272728
2020-09-14,0.040259476751089096,0.03610565885901451,0.03610565885901451,0.047652341425418854,0.03610565885901451,0.04282371327280998,0.03610565885901451,0.03610565885901451,0.03610565885901451,0.03610565885901451,0.03610565885901451,0.03610565885901451,0.03610565885901451,0.03610565885901451,0.03610565885901451,0.03610565885901451,0.03610565885901451,0.03610565885901451,0.03610565885901451,0.03610565885901451,0.03610565885901451,0.03610565885901451,0.03839709237217903,0.03654288873076439,0.03610565885901451,0.03610565885901451,0.03610565885901451
2020-09-15,0.037423275411129,0.03614902123808861,0.03614902123808861,0.04814637824892998,0.03614902123808861,0.044685062021017075,0.03614902123808861,0.03614902123808861,0.03614902123808861,0.03614902123808861,0.03614902123808861,0.03690030425786972,0.037566475570201874,0.03614902123808861,0.03614902123808861,0.03614902123808861,0.03614902123808861,0.03614902123808861,0.03614902123808861,0.03614902123808861,0.03614902123808861,0.03614902123808861,0.03614902123808861,0.03614902123808861,0.03614902123808861,0.03614902123808861,0.03614902123808861
2020-09-16,0.04516591131687164,0.03557795286178589,0.03557795286178589,0.04530060663819313,0.03557795286178589,0.04664735496044159,0.03557795286178589,0.03883468732237816,0.03557795286178589,0.03557795286178589,0.03557795286178589,0.04031021520495415,0.03557795286178589,0.03557795286178589,0.03557795286178589,0.03557795286178589,0.03557795286178589,0.03557795286178589,0.03557795286178589,0.03557795286178589,0.03660423681139946,0.03557795286178589,0.03557795286178589,0.03557795286178589,0.03557795286178589,0.03557795286178589,0.03557795286178589
2020-09-17,0.040734171867370605,0.0360189825296402,0.0360189825296402,0.04893258959054947,0.0360189825296402,0.04381009563803673,0.0360189825296402,0.0360189825296402,0.0360189825296402,0.0360189825296402,0.0360189825296402,0.03808658570051193,0.0360189825296402,0.0360189825296402,0.0360189825296402,0.0360189825296402,0.0360189825296402,0.0360189825296402,0.0360189825296402,0.0360189825296402,0.0360189825296402,0.0360189825296402,0.0360189825296402,0.0360189825296402,0.0360189825296402,0.0360189825296402,0.0360189825296402
2020-09-18,0.040096476674079895,0.03605351969599724,0.03605351969599724,0.045907918363809586,0.03605351969599724,0.04534893482923508,0.03605351969599724,0.03605351969599724,0.03605351969599724,0.03605351969599724,0.03605351969599724,0.03605351969599724,0.03893961012363434,0.03605351969599724,0.03605351969599724,0.03605351969599724,0.03605351969599724,0.03605351969599724,0.03605351969599724,0.03605351969599724,0.03652963042259216,0.03605351969599724,0.03605351969599724,0.03605351969599724,0.03605351969599724,0.03605351969599724,0.03605351969599724
2020-09-21,0.04133697226643562,0.03625020757317543,0.03625020757317543,0.04160067066550255,0.03625020757317543,0.03916718438267708,0.03625020757317543,0.03625020757317543,0.03625020757317543,0.03625020757317543,0.03625020757317543,0.03625020757317543,0.03885136917233467,0.03625020757317543,0.03625020757317543,0.03625020757317543,0.03625020757317543,0.03625020757317543,0.03625020757317543,0.0365857370197773,0.040497247129678726,0.03625020757317543,0.03625020757317543,0.03625020757317543,0.036956723779439926,0.03625020757317543,0.03625020757317543
2020-09-22,0.04691421613097191,0.03601165860891342,0.03601165860891342,0.04083981364965439,0.03601165860891342,0.04351130872964859,0.03601165860891342,0.03601165860891342,0.03601165860891342,0.03601165860891342,0.03601165860891342,0.03601165860891342,0.03601165860891342,0.03601165860891342,0.03601165860891342,0.03601165860891342,0.03601165860891342,0.03601165860891342,0.03601165860891342,0.03601165860891342,0.03922213613986969,0.03601165860891342,0.03601165860891342,0.037255991250276566,0.03601165860891342,0.03601165860891342,0.03601165860891342
2020-09-23,0.04509454593062401,0.036179229617118835,0.036179229617118835,0.04254680499434471,0.036179229617118835,0.039941173046827316,0.036179229617118835,0.036179229617118835,0.036179229617118835,0.036179229617118835,0.036179229617118835,0.036179229617118835,0.03657982125878334,0.036179229617118835,0.036179229617118835,0.036179229617118835,0.036179229617118835,0.036179229617118835,0.036179229617118835,0.036179229617118835,0.03888187184929848,0.036179229617118835,0.036179229617118835,0.037191908806562424,0.036179229617118835,0.036179229617118835,0.036179229617118835
2020-09-24,0.04149283468723297,0.036039452999830246,0.036039452999830246,0.04239630326628685,0.036039452999830246,0.048234015703201294,0.036039452999830246,0.036039452999830246,0.036039452999830246,0.036039452999830246,0.036039452999830246,0.036039452999830246,0.036039452999830246,0.036039452999830246,0.036039452999830246,0.036039452999830246,0.036039452999830246,0.036039452999830246,0.036039452999830246,0.036039452999830246,0.03896941617131233,0.036039452999830246,0.036039452999830246,0.036039452999830246,0.036039452999830246,0.036039452999830246,0.036039452999830246
2020-09-25,0.03861323744058609,0.03608803078532219,0.03608803078532219,0.046223610639572144,0.03608803078532219,0.045663077384233475,0.03608803078532219,0.03608803078532219,0.03608803078532219,0.03608803078532219,0.03608803078532219,0.03608803078532219,0.03608803078532219,0.03608803078532219,0.03608803078532219,0.03608803078532219,0.03608803078532219,0.03608803078532219,0.03608803078532219,0.03608803078532219,0.03608803078532219,0.03608803078532219,0.0386921688914299,0.03687122464179993,0.03608803078532219,0.03608803078532219,0.03608803078532219
2020-09-28,0.0386892631649971,0.03621683642268181,0.03621683642268181,0.0459558330476284,0.03621683642268181,0.044671665877103806,0.03621683642268181,0.03621683642268181,0.03621683642268181,0.03621683642268181,0.03621683642268181,0.03621683642268181,0.03621683642268181,0.03621683642268181,0.03621683642268181,0.03621683642268181,0.03621683642268181,0.03621683642268181,0.03621683642268181,0.03621683642268181,0.03621683642268181,0.03621683642268181,0.03769600763916969,0.03621683642268181,0.03621683642268181,0.03621683642268181,0.03621683642268181
2020-09-29,0.03716043382883072,0.03610944747924805,0.03610944747924805,0.04380010813474655,0.03610944747924805,0.04686185345053673,0.03610944747924805,0.03610944747924805,0.03610944747924805,0.03610944747924805,0.03610944747924805,0.03610944747924805,0.03974582254886627,0.03610944747924805,0.03610944747924805,0.03610944747924805,0.03610944747924805,0.03610944747924805,0.03610944747924805,0.03610944747924805,0.03610944747924805,0.03610944747924805,0.03737431392073631,0.03610944747924805,0.03675900399684906,0.03610944747924805,0.03610944747924805
2020-09-30,0.03822218254208565,0.03608456999063492,0.03608456999063492,0.04672835022211075,0.03608456999063492,0.047772523015737534,0.03608456999063492,0.03608456999063492,0.03608456999063492,0.03608456999063492,0.03608456999063492,0.03608456999063492,0.03733186051249504,0.03608456999063492,0.03608456999063492,0.03608456999063492,0.03608456999063492,0.03608456999063492,0.03608456999063492,0.03608456999063492,0.03608456999063492,0.03608456999063492,0.03608456999063492,0.03608456999063492,0.03608456999063492,0.03608456999063492,0.03608456999063492
2020-10-01,0.040342528373003006,0.035958778113126755,0.035958778113126755,0.04665229842066765,0.035958778113126755,0.04817695543169975,0.035958778113126755,0.03641488030552864,0.035958778113126755,0.03605888411402702,0.035958778113126755,0.035958778113126755,0.03700415417551994,0.035958778113126755,0.035958778113126755,0.035958778113126755,0.035958778113126755,0.035958778113126755,0.035958778113126755,0.03617466241121292,0.035958778113126755,0.035958778113126755,0.035958778113126755,0.035958778113126755,0.035958778113126755,0.035958778113126755,0.035958778113126755
2020-10-02,0.04048657789826393,0.0359342060983181,0.0359342060983181,0.046577971428632736,0.0359342060983181,0.0478891059756279,0.0359342060983181,0.03686142712831497,0.0359342060983181,0.03621450066566467,0.0359342060983181,0.0359342060983181,0.036841195076704025,0.0359342060983181,0.0359342060983181,0.0359342060983181,0.0359342060983181,0.0359342060983181,0.0359342060983181,0.03644510731101036,0.0359342060983181,0.0359342060983181,0.0359342060983181,0.0359342060983181,0.0359342060983181,0.0359342060983181,0.0359342060983181
2020-10-05,0.03742627426981926,0.03608471900224686,0.03608471900224686,0.04822557047009468,0.03608471900224686,0.04649164527654648,0.03608471900224686,0.03608471900224686,0.03608471900224686,0.03608471900224686,0.03608471900224686,0.03608471900224686,0.03608471900224686,0.03608471900224686,0.03608471900224686,0.03608471900224686,0.03608471900224686,0.03608471900224686,0.03608471900224686,0.03608471900224686,0.03608471900224686,0.03608471900224686,0.03790793940424919,0.03608471900224686,0.03608471900224686,0.03608471900224686,0.03608471900224686
2020-10-06,0.03823181241750717,0.03632999584078789,0.03632999584078789,0.04233170300722122,0.03632999584078789,0.047516513615846634,0.03632999584078789,0.03632999584078789,0.03632999584078789,0.03632999584078789,0.03632999584078789,0.03632999584078789,0.03632999584078789,0.03632999584078789,0.03632999584078789,0.03632999584078789,0.03632999584078789,0.03632999584078789,0.03632999584078789,0.03632999584078789,0.03632999584078789,0.03632999584078789,0.03632999584078789,0.03632999584078789,0.03632999584078789,0.03632999584078789,0.03632999584078789
2020-10-07,0.03781832754611969,0.03635936602950096,0.03635936602950096,0.042871635407209396,0.03635936602950096,0.04631153494119644,0.03635936602950096,0.03635936602950096,0.03635936602950096,0.03635936602950096,0.03635936602950096,0.03635936602950096,0.03635936602950096,0.03635936602950096,0.03635936602950096,0.03635936602950096,0.03635936602950096,0.03635936602950096,0.03635936602950096,0.03635936602950096,0.03635936602950096,0.03635936602950096,0.03635936602950096,0.03635936602950096,0.036733124405145645,0.03635936602950096,0.03635936602950096
2020-10-08,0.03820287063717842,0.03612760454416275,0.03612760454416275,0.042882487177848816,0.03612760454416275,0.04976838827133179,0.03612760454416275,0.03792445734143257,0.03612760454416275,0.03612760454416275,0.03612760454416275,0.03612760454416275,0.03612760454416275,0.03612760454416275,0.03630897402763367,0.03612760454416275,0.03612760454416275,0.03612760454416275,0.03612760454416275,0.03623317927122116,0.03612760454416275,0.03612760454416275,0.03612760454416275,0.03612760454416275,0.03612760454416275,0.03612760454416275,0.03612760454416275
2020-10-09,0.03574928641319275,0.03574928641319275,0.03574928641319275,0.0444432757794857,0.03574928641319275,0.04949086159467697,0.03574928641319275,0.04141831025481224,0.03574928641319275,0.03574928641319275,0.03574928641319275,0.037262238562107086,0.03574928641319275,0.03574928641319275,0.03742513060569763,0.03574928641319275,0.03574928641319275,0.03574928641319275,0.03574928641319275,0.03574928641319275,0.03574928641319275,0.03574928641319275,0.03574928641319275,0.03574928641319275,0.039225123822689056,0.03574928641319275,0.03574928641319275
2020-10-12,0.035958997905254364,0.035958997905254364,0.035958997905254364,0.04536472633481026,0.035958997905254364,0.05069516599178314,0.035958997905254364,0.035958997905254364,0.035958997905254364,0.035958997905254364,0.035958997905254364,0.035958997905254364,0.035958997905254364,0.035958997905254364,0.03643588721752167,0.035958997905254364,0.035958997905254364,0.035958997905254364,0.035958997905254364,0.035958997905254364,0.035958997905254364,0.035958997905254364,0.035958997905254364,0.035958997905254364,0.04044729098677635,0.035958997905254364,0.035958997905254364
2020-10-13,0.03575257584452629,0.03575257584452629,0.03575257584452629,0.04454122483730316,0.03575257584452629,0.049474555999040604,0.03575257584452629,0.0412348173558712,0.03575257584452629,0.03575257584452629,0.03575257584452629,0.03725673630833626,0.03575257584452629,0.03575257584452629,0.037418100982904434,0.03575257584452629,0.03575257584452629,0.03575257584452629,0.03575257584452629,0.03575257584452629,0.03575257584452629,0.03575257584452629,0.03575257584452629,0.03575257584452629,0.03927050903439522,0.03575257584452629,0.03575257584452629
2020-10-14,0.03586861491203308,0.03586861491203308,0.03586861491203308,0.04498324543237686,0.03586861491203308,0.04914586618542671,0.03586861491203308,0.03925062343478203,0.03586861491203308,0.03586861491203308,0.03586861491203308,0.03652869910001755,0.03586861491203308,0.03586861491203308,0.03694458678364754,0.03586861491203308,0.03586861491203308,0.03586861491203308,0.03586861491203308,0.03586861491203308,0.03586861491203308,0.03586861491203308,0.03586861491203308,0.03586861491203308,0.03990607336163521,0.03586861491203308,0.03586861491203308
2020-10-15,0.03585412725806236,0.03585412725806236,0.03585412725806236,0.045733340084552765,0.03585412725806236,0.049137458205223083,0.03585412725806236,0.03585412725806236,0.03585412725806236,0.03585412725806236,0.03585412725806236,0.03585412725806236,0.03585412725806236,0.03585412725806236,0.03585412725806236,0.03585412725806236,0.03585412725806236,0.03585412725806236,0.03585412725806236,0.03585412725806236,0.03585412725806236,0.03585412725806236,0.03936649486422539,0.03585412725806236,0.04111781716346741,0.03585412725806236,0.03585412725806236
2020-10-16,0.03585224971175194,0.03585224971175194,0.03585224971175194,0.045741770416498184,0.03585224971175194,0.04914756864309311,0.03585224971175194,0.03585224971175194,0.03585224971175194,0.03585224971175194,0.03585224971175194,0.03585224971175194,0.03585224971175194,0.03585224971175194,0.03585224971175194,0.03585224971175194,0.03585224971175194,0.03585224971175194,0.03585224971175194,0.03585224971175194,0.03585224971175194,0.03585224971175194,0.03940737247467041,0.03585224971175194,0.04110158607363701,0.03585224971175194,0.03585224971175194
2020-10-19,0.035833362489938736,0.035833362489938736,0.035833362489938736,0.045689959079027176,0.035833362489938736,0.048868462443351746,0.035833362489938736,0.035833362489938736,0.035833362489938736,0.035833362489938736,0.035833362489938736,0.035833362489938736,0.035833362489938736,0.035833362489938736,0.035833362489938736,0.035833362489938736,0.035833362489938736,0.035833362489938736,0.035833362489938736,0.035833362489938736,0.035833362489938736,0.035833362489938736,0.04019608348608017,0.035833362489938736,0.04107813909649849,0.035833362489938736,0.035833362489938736
2020-10-20,0.03585900738835335,0.03585900738835335,0.03585900738835335,0.04573382809758186,0.03585900738835335,0.04907524213194847,0.03585900738835335,0.03585900738835335,0.03585900738835335,0.03585900738835335,0.03585900738835335,0.03585900738835335,0.03585900738835335,0.03585900738835335,0.03585900738835335,0.03585900738835335,0.03585900738835335,0.03585900738835335,0.03585900738835335,0.03585900738835335,0.03585900738835335,0.03585900738835335,0.03926442936062813,0.03585900738835335,0.04116938263177872,0.03585900738835335,0.03585900738835335
2020-10-21,0.036106180399656296,0.036106180399656296,0.036106180399656296,0.04741787537932396,0.036106180399656296,0.04520723968744278,0.036106180399656296,0.036106180399656296,0.036106180399656296,0.036106180399656296,0.036106180399656296,0.036106180399656296,0.036106180399656296,0.036106180399656296,0.036106180399656296,0.036106180399656296,0.036106180399656296,0.036106180399656296,0.036106180399656296,0.036106180399656296,0.036106180399656296,0.036106180399656296,0.036106180399656296,0.036106180399656296,0.04082653298974037,0.036106180399656296,0.036106180399656296
2020-10-22,0.03597505763173103,0.03597505763173103,0.03597505763173103,0.04863818362355232,0.03597505763173103,0.04306244105100632,0.03597505763173103,0.03597505763173103,0.03597505763173103,0.03597505763173103,0.03597505763173103,0.037125926464796066,0.03597505763173103,0.03597505763173103,0.03671048954129219,0.03597505763173103,0.03597505763173103,0.03597505763173103,0.03597505763173103,0.03597505763173103,0.03597505763173103,0.03597505763173103,0.03597505763173103,0.03597505763173103,0.04301167652010918,0.03597505763173103,0.03597505763173103
2020-10-23,0.036256201565265656,0.036256201565265656,0.036256201565265656,0.047454833984375,0.036256201565265656,0.042253702878952026,0.036256201565265656,0.036256201565265656,0.036256201565265656,0.036256201565265656,0.036256201565265656,0.036256201565265656,0.036256201565265656,0.036256201565265656,0.036256201565265656,0.036256201565265656,0.036256201565265656,0.036256201565265656,0.036256201565265656,0.036256201565265656,0.036256201565265656,0.036256201565265656,0.036256201565265656,0.036256201565265656,0.04014261066913605,0.036256201565265656,0.036256201565265656
2020-10-26,0.036081746220588684,0.036081746220588684,0.036081746220588684,0.04771112650632858,0.036081746220588684,0.04215969145298004,0.036081746220588684,0.036081746220588684,0.036081746220588684,0.036081746220588684,0.036081746220588684,0.036081746220588684,0.036081746220588684,0.036081746220588684,0.036081746220588684,0.036081746220588684,0.036081746220588684,0.036081746220588684,0.036081746220588684,0.036081746220588684,0.036081746220588684,0.036081746220588684,0.036081746220588684,0.036081746220588684,0.04416722431778908,0.036081746220588684,0.036081746220588684
2020-10-27,0.036034248769283295,0.036034248769283295,0.036034248769283295,0.04723389074206352,0.036034248769283295,0.04369812831282616,0.036034248769283295,0.036034248769283295,0.036034248769283295,0.036034248769283295,0.036034248769283295,0.036034248769283295,0.036034248769283295,0.036034248769283295,0.036034248769283295,0.036034248769283295,0.036034248769283295,0.036034248769283295,0.036034248769283295,0.036034248769283295,0.036034248769283295,0.036034248769283295,0.03741268441081047,0.036034248769283295,0.04286763817071915,0.036034248769283295,0.036034248769283295
2020-10-28,0.0357494130730629,0.0357494130730629,0.0357494130730629,0.051062580198049545,0.0357494130730629,0.045541126281023026,0.0357494130730629,0.0357494130730629,0.03626770153641701,0.0357494130730629,0.0357494130730629,0.0357494130730629,0.0357494130730629,0.0357494130730629,0.0357494130730629,0.0357494130730629,0.0357494130730629,0.0357494130730629,0.0357494130730629,0.0357494130730629,0.0357494130730629,0.0357494130730629,0.03811138495802879,0.03646592050790787,0.041813645511865616,0.0357494130730629,0.0357494130730629
2020-10-29,0.035743288695812225,0.035743288695812225,0.035743288695812225,0.05087383836507797,0.035743288695812225,0.045486386865377426,0.035743288695812225,0.035743288695812225,0.03648758307099342,0.035743288695812225,0.035743288695812225,0.035743288695812225,0.035743288695812225,0.035743288695812225,0.035743288695812225,0.035743288695812225,0.035743288695812225,0.035743288695812225,0.035743288695812225,0.035743288695812225,0.035743288695812225,0.035743288695812225,0.038236353546381,0.036676470190286636,0.04163023829460144,0.035743288695812225,0.035743288695812225
2020-10-30,0.03596743941307068,0.03596743941307068,0.03596743941307068,0.05208561569452286,0.03596743941307068,0.042889147996902466,0.03596743941307068,0.03596743941307068,0.036928754299879074,0.03596743941307068,0.03596743941307068,0.03596743941307068,0.03596743941307068,0.03596743941307068,0.03596743941307068,0.03596743941307068,0.03596743941307068,0.03596743941307068,0.03596743941307068,0.03596743941307068,0.03596743941307068,0.03596743941307068,0.03596743941307068,0.03602450713515282,0.04078826680779457,0.03596743941307068,0.03596743941307068
2020-11-02,0.03839210793375969,0.036044832319021225,0.036044832319021225,0.04994961991906166,0.036044832319021225,0.04271978139877319,0.036044832319021225,0.036044832319021225,0.036981504410505295,0.036044832319021225,0.036044832319021225,0.036044832319021225,0.036044832319021225,0.036044832319021225,0.036044832319021225,0.036044832319021225,0.036044832319021225,0.036044832319021225,0.036044832319021225,0.036044832319021225,0.036044832319021225,0.036044832319021225,0.036044832319021225,0.036044832319021225,0.038970623165369034,0.036044832319021225,0.036044832319021225
2020-11-03,0.03860681504011154,0.03573772311210632,0.03573772311210632,0.04793839901685715,0.03573772311210632,0.04718662425875664,0.03573772311210632,0.03573772311210632,0.03573772311210632,0.03573772311210632,0.03573772311210632,0.03573772311210632,0.03980251029133797,0.03573772311210632,0.03573772311210632,0.03573772311210632,0.03573772311210632,0.03573772311210632,0.03573772311210632,0.03573772311210632,0.03573772311210632,0.03573772311210632,0.03573772311210632,0.03578133136034012,0.0401921421289444,0.03573772311210632,0.03573772311210632
2020-11-04,0.039293911308050156,0.03592509403824806,0.03592509403824806,0.04506632313132286,0.03592509403824806,0.04446816071867943,0.03592509403824806,0.03592509403824806,0.03592509403824806,0.03592509403824806,0.03592509403824806,0.03592509403824806,0.04044491797685623,0.03592509403824806,0.03592509403824806,0.03592509403824806,0.03592509403824806,0.03592509403824806,0.03592509403824806,0.03592509403824806,0.03592509403824806,0.03592509403824806,0.03592509403824806,0.03592509403824806,0.040374577045440674,0.03592509403824806,0.03592509403824806
2020-11-05,0.03605068847537041,0.03605068847537041,0.03605068847537041,0.04870636388659477,0.03605068847537041,0.03903389349579811,0.03605068847537041,0.03605068847537041,0.03605068847537041,0.03605068847537041,0.03605068847537041,0.03605068847537041,0.03969791531562805,0.03605068847537041,0.03605068847537041,0.03605068847537041,0.03605068847537041,0.03605068847537041,0.03605068847537041,0.03785767778754234,0.03605068847537041,0.03605068847537041,0.03605068847537041,0.03605068847537041,0.04158901050686836,0.03605068847537041,0.03605068847537041
2020-11-06,0.03624724969267845,0.03624724969267845,0.03624724969267845,0.04616111144423485,0.03624724969267845,0.0401717945933342,0.03624724969267845,0.03624724969267845,0.03624724969267845,0.03624724969267845,0.03624724969267845,0.03624724969267845,0.03653522953391075,0.03624724969267845,0.03624724969267845,0.03624724969267845,0.03624724969267845,0.03624724969267845,0.03624724969267845,0.03624724969267845,0.038584984838962555,0.03624724969267845,0.03624724969267845,0.03624724969267845,0.04110743850469589,0.03624724969267845,0.03624724969267845
2020-11-09,0.03641936928033829,0.03613635152578354,0.03613635152578354,0.045237451791763306,0.03613635152578354,0.04485267028212547,0.03613635152578354,0.03613635152578354,0.03613635152578354,0.03613635152578354,0.03613635152578354,0.03613635152578354,0.036797016859054565,0.03613635152578354,0.03613635152578354,0.03613635152578354,0.03613635152578354,0.03613635152578354,0.03613635152578354,0.03613635152578354,0.03613635152578354,0.03613635152578354,0.03613635152578354,0.03613635152578354,0.04169365391135216,0.03613635152578354,0.03613635152578354
2020-11-10,0.036937542259693146,0.03646574914455414,0.03646574914455414,0.04155699163675308,0.03646574914455414,0.03788863122463226,0.03646574914455414,0.03646574914455414,0.03646574914455414,0.03646574914455414,0.03646574914455414,0.03800562396645546,0.03646574914455414,0.03646574914455414,0.03646574914455414,0.03646574914455414,0.03646574914455414,0.03646574914455414,0.03646574914455414,0.03822626173496246,0.03761337324976921,0.03646574914455414,0.03646574914455414,0.03646574914455414,0.04045664891600609,0.03646574914455414,0.03646574914455414
2020-11-11,0.03688589856028557,0.03646629676222801,0.03646629676222801,0.041613198816776276,0.03646629676222801,0.0379483625292778,0.03646629676222801,0.03646629676222801,0.03646629676222801,0.03646629676222801,0.03646629676222801,0.03782520070672035,0.03646629676222801,0.03646629676222801,0.03646629676222801,0.03646629676222801,0.03646629676222801,0.03646629676222801,0.03646629676222801,0.0381130576133728,0.03777012601494789,0.03646629676222801,0.03646629676222801,0.03646629676222801,0.04051824286580086,0.03646629676222801,0.03646629676222801
2020-11-12,0.036885906010866165,0.03646629676222801,0.03646629676222801,0.04161319509148598,0.03646629676222801,0.037948355078697205,0.03646629676222801,0.03646629676222801,0.03646629676222801,0.03646629676222801,0.03646629676222801,0.03782520070672035,0.03646629676222801,0.03646629676222801,0.03646629676222801,0.03646629676222801,0.03646629676222801,0.03646629676222801,0.03646629676222801,0.0381130576133728,0.03777013719081879,0.03646629676222801,0.03646629676222801,0.03646629676222801,0.04051824286580086,0.03646629676222801,0.03646629676222801
2020-11-13,0.03681469336152077,0.03636423870921135,0.03636423870921135,0.04208153858780861,0.03636423870921135,0.03636423870921135,0.03636423870921135,0.03636423870921135,0.03636423870921135,0.03636423870921135,0.03636423870921135,0.03636423870921135,0.037120599299669266,0.03636423870921135,0.03636423870921135,0.03636423870921135,0.03636423870921135,0.03636423870921135,0.03636423870921135,0.037968967109918594,0.04040971398353577,0.03636423870921135,0.03636423870921135,0.03636423870921135,0.04195551201701164,0.03636423870921135,0.03636423870921135
2020-11-16,0.03689694404602051,0.03640212118625641,0.03640212118625641,0.040804095566272736,0.03640212118625641,0.03943823650479317,0.03640212118625641,0.03640212118625641,0.03640212118625641,0.03640212118625641,0.03640212118625641,0.03640212118625641,0.036826301366090775,0.03640212118625641,0.03640212118625641,0.03640212118625641,0.03640212118625641,0.03640212118625641,0.03640212118625641,0.037409812211990356,0.038044314831495285,0.03640212118625641,0.03640212118625641,0.03640212118625641,0.0425378642976284,0.03640212118625641,0.03640212118625641
2020-11-17,0.03700002282857895,0.0364004522562027,0.0364004522562027,0.04041802138090134,0.0364004522562027,0.040136128664016724,0.0364004522562027,0.0364004522562027,0.0364004522562027,0.0364004522562027,0.0364004522562027,0.0364004522562027,0.036883994936943054,0.0364004522562027,0.0364004522562027,0.0364004522562027,0.0364004522562027,0.0364004522562027,0.0364004522562027,0.037360139191150665,0.037681419402360916,0.0364004522562027,0.0364004522562027,0.0364004522562027,0.04251116141676903,0.0364004522562027,0.0364004522562027
2020-11-18,0.03691929951310158,0.0363226979970932,0.0363226979970932,0.042476337403059006,0.0363226979970932,0.0363226979970932,0.0363226979970932,0.0363226979970932,0.0363226979970932,0.0363226979970932,0.0363226979970932,0.0363226979970932,0.0363226979970932,0.0363226979970932,0.0363226979970932,0.0363226979970932,0.0363226979970932,0.0363226979970932,0.0363226979970932,0.03844049945473671,0.041642241179943085,0.0363226979970932,0.0363226979970932,0.0363226979970932,0.04142230004072189,0.0363226979970932,0.0363226979970932
2020-11-19,0.038036368787288666,0.03623074293136597,0.03623074293136597,0.043981511145830154,0.03623074293136597,0.04207077994942665,0.03623074293136597,0.03623074293136597,0.03623074293136597,0.03623074293136597,0.03623074293136597,0.03623074293136597,0.036320045590400696,0.03623074293136597,0.03623074293136597,0.03623074293136597,0.03623074293136597,0.03623074293136597,0.03623074293136597,0.03623074293136597,0.039146218448877335,0.03623074293136597,0.03623074293136597,0.03623074293136597,0.03959954157471657,0.03623074293136597,0.03623074293136597
2020-11-20,0.036152683198451996,0.036152683198451996,0.036152683198451996,0.04729738086462021,0.036152683198451996,0.04093724116683006,0.036152683198451996,0.036152683198451996,0.036152683198451996,0.036152683198451996,0.036152683198451996,0.036152683198451996,0.03901669383049011,0.036152683198451996,0.036152683198451996,0.036152683198451996,0.036152683198451996,0.036152683198451996,0.036152683198451996,0.036940090358257294,0.036152683198451996,0.036152683198451996,0.036152683198451996,0.036152683198451996,0.04044962301850319,0.036152683198451996,0.036152683198451996
2020-11-23,0.036215148866176605,0.036215148866176605,0.036215148866176605,0.04705270752310753,0.036215148866176605,0.04168009012937546,0.036215148866176605,0.036215148866176605,0.036215148866176605,0.036215148866176605,0.036215148866176605,0.036215148866176605,0.03623763099312782,0.036215148866176605,0.036215148866176605,0.036215148866176605,0.036215148866176605,0.036215148866176605,0.036215148866176605,0.036215148866176605,0.036215148866176605,0.036215148866176605,0.036215148866176605,0.036215148866176605,0.042081091552972794,0.036215148866176605,0.036215148866176605
2020-11-24,0.03621519356966019,0.03621519356966019,0.03621519356966019,0.047066185623407364,0.03621519356966019,0.041661228984594345,0.03621519356966019,0.03621519356966019,0.03621519356966019,0.03621519356966019,0.03621519356966019,0.03621519356966019,0.03623967990279198,0.03621519356966019,0.03621519356966019,0.03621519356966019,0.03621519356966019,0.03621519356966019,0.03621519356966019,0.03621519356966019,0.03621519356966019,0.03621519356966019,0.03621519356966019,0.03621519356966019,0.04208342358469963,0.03621519356966019,0.03621519356966019
2020-11-25,0.03623080253601074,0.03623080253601074,0.03623080253601074,0.04717085883021355,0.03623080253601074,0.041289713233709335,0.03623080253601074,0.03623080253601074,0.03623080253601074,0.03623080253601074,0.03623080253601074,0.03623080253601074,0.03629925474524498,0.03623080253601074,0.03623080253601074,0.03623080253601074,0.03623080253601074,0.03623080253601074,0.03623080253601074,0.03623080253601074,0.03623080253601074,0.03623080253601074,0.03623080253601074,0.03623080253601074,0.04193175584077835,0.03623080253601074,0.03623080253601074
2020-11-27,0.03619440272450447,0.03619440272450447,0.03619440272450447,0.04648437350988388,0.03619440272450447,0.04391004890203476,0.03619440272450447,0.03619440272450447,0.03619440272450447,0.03619440272450447,0.03619440272450447,0.03619440272450447,0.03619440272450447,0.03619440272450447,0.03619440272450447,0.03619440272450447,0.03619440272450447,0.03619440272450447,0.03619440272450447,0.03619440272450447,0.03619440272450447,0.03619440272450447,0.03619440272450447,0.03619440272450447,0.040939874947071075,0.03619440272450447,0.03619440272450447
2020-11-30,0.035998374223709106,0.035998374223709106,0.035998374223709106,0.04745596647262573,0.035998374223709106,0.044449806213378906,0.035998374223709106,0.035998374223709106,0.035998374223709106,0.035998374223709106,0.035998374223709106,0.036556195467710495,0.035998374223709106,0.035998374223709106,0.035998374223709106,0.035998374223709106,0.035998374223709106,0.035998374223709106,0.035998374223709106,0.035998374223709106,0.035998374223709106,0.035998374223709106,0.03643214702606201,0.03611058369278908,0.0430295392870903,0.035998374223709106,0.035998374223709106
2020-12-01,0.0358956903219223,0.0358956903219223,0.0358956903219223,0.04559169337153435,0.0358956903219223,0.04814169928431511,0.0358956903219223,0.0358956903219223,0.0358956903219223,0.0358956903219223,0.0358956903219223,0.0358956903219223,0.0358956903219223,0.0358956903219223,0.0358956903219223,0.0358956903219223,0.0358956903219223,0.0358956903219223,0.0358956903219223,0.0358956903219223,0.0358956903219223,0.0358956903219223,0.03884541243314743,0.0358956903219223,0.04182028770446777,0.0358956903219223,0.0358956903219223
2020-12-02,0.0358373299241066,0.0358373299241066,0.0358373299241066,0.045697059482336044,0.0358373299241066,0.04881114512681961,0.0358373299241066,0.0358373299241066,0.0358373299241066,0.0358373299241066,0.0358373299241066,0.0358373299241066,0.0358373299241066,0.0358373299241066,0.0358373299241066,0.0358373299241066,0.0358373299241066,0.0358373299241066,0.0358373299241066,0.0358373299241066,0.0358373299241066,0.0358373299241066,0.04015122354030609,0.0358373299241066,0.04108196869492531,0.0358373299241066,0.0358373299241066
2020-12-03,0.03605673089623451,0.03605673089623451,0.03605673089623451,0.04594939202070236,0.03605673089623451,0.04603380337357521,0.03605673089623451,0.03605673089623451,0.03605673089623451,0.03605673089623451,0.03605673089623451,0.03605673089623451,0.03605673089623451,0.03605673089623451,0.03605673089623451,0.03605673089623451,0.03605673089623451,0.03605673089623451,0.03605673089623451,0.03605673089623451,0.03605673089623451,0.03605673089623451,0.03763527795672417,0.03605673089623451,0.041076693683862686,0.03605673089623451,0.03605673089623451
2020-12-04,0.03605673834681511,0.03605673834681511,0.03605673834681511,0.04594939947128296,0.03605673834681511,0.046033792197704315,0.03605673834681511,0.03605673834681511,0.03605673834681511,0.03605673834681511,0.03605673834681511,0.03605673834681511,0.03605673834681511,0.03605673834681511,0.03605673834681511,0.03605673834681511,0.03605673834681511,0.03605673834681511,0.03605673834681511,0.03605673834681511,0.03605673834681511,0.03605673834681511,0.037635158747434616,0.03605673834681511,0.041076671332120895,0.03605673834681511,0.03605673834681511
2020-12-07,0.03584354743361473,0.03584354743361473,0.03584354743361473,0.046277862042188644,0.03584354743361473,0.04660291224718094,0.03584354743361473,0.042518582195043564,0.03584354743361473,0.03584354743361473,0.03584354743361473,0.03651215136051178,0.03584354743361473,0.03584354743361473,0.03584354743361473,0.03584354743361473,0.03584354743361473,0.03584354743361473,0.03584354743361473,0.03584354743361473,0.03584354743361473,0.03584354743361473,0.03584354743361473,0.03584354743361473,0.03953048214316368,0.03584354743361473,0.03584354743361473
2020-12-08,0.03620937094092369,0.03620937094092369,0.03620937094092369,0.046411965042352676,0.03620937094092369,0.04201383888721466,0.03620937094092369,0.03620937094092369,0.03620937094092369,0.03620937094092369,0.03620937094092369,0.03620937094092369,0.03620937094092369,0.03620937094092369,0.03620937094092369,0.03620937094092369,0.03620937094092369,0.03620937094092369,0.03620937094092369,0.03620937094092369,0.03721426799893379,0.03620937094092369,0.03620937094092369,0.03620937094092369,0.0415443480014801,0.03620937094092369,0.03620937094092369
2020-12-09,0.03621412813663483,0.03621412813663483,0.03621412813663483,0.04639720171689987,0.03621412813663483,0.04219064489006996,0.03621412813663483,0.03621412813663483,0.03621412813663483,0.03621412813663483,0.03621412813663483,0.03621412813663483,0.03621412813663483,0.03621412813663483,0.03621412813663483,0.03621412813663483,0.03621412813663483,0.03621412813663483,0.03621412813663483,0.03621412813663483,0.037055157124996185,0.03621412813663483,0.03621412813663483,0.03621412813663483,0.041432034224271774,0.03621412813663483,0.03621412813663483
2020-12-10,0.036030177026987076,0.036030177026987076,0.036030177026987076,0.04546268656849861,0.036030177026987076,0.046773504465818405,0.036030177026987076,0.036030177026987076,0.036030177026987076,0.036030177026987076,0.036030177026987076,0.036030177026987076,0.036030177026987076,0.036030177026987076,0.036030177026987076,0.036030177026987076,0.036030177026987076,0.036030177026987076,0.036030177026987076,0.036030177026987076,0.036030177026987076,0.036030177026987076,0.03659509867429733,0.036030177026987076,0.04247468337416649,0.036030177026987076,0.036030177026987076
2020-12-11,0.03599923104047775,0.03599923104047775,0.03599923104047775,0.045403219759464264,0.03599923104047775,0.04715888202190399,0.03599923104047775,0.03599923104047775,0.03599923104047775,0.03599923104047775,0.03599923104047775,0.03599923104047775,0.03599923104047775,0.03599923104047775,0.03599923104047775,0.03599923104047775,0.03599923104047775,0.03599923104047775,0.03599923104047775,0.03599923104047775,0.03599923104047775,0.03599923104047775,0.03696499764919281,0.03599923104047775,0.042490556836128235,0.03599923104047775,0.03599923104047775
2020-12-14,0.03599876910448074,0.03599876910448074,0.03599876910448074,0.04540387913584709,0.03599876910448074,0.04716295748949051,0.03599876910448074,0.03599876910448074,0.03599876910448074,0.03599876910448074,0.03599876910448074,0.03599876910448074,0.03599876910448074,0.03599876910448074,0.03599876910448074,0.03599876910448074,0.03599876910448074,0.03599876910448074,0.03599876910448074,0.03599876910448074,0.03599876910448074,0.03599876910448074,0.036970674991607666,0.03599876910448074,0.04249073565006256,0.03599876910448074,0.03599876910448074
2020-12-15,0.03601957485079765,0.03601957485079765,0.03601957485079765,0.04499533399939537,0.03601957485079765,0.04764724150300026,0.03601957485079765,0.03601957485079765,0.03601957485079765,0.03601957485079765,0.03601957485079765,0.03601957485079765,0.03601957485079765,0.03601957485079765,0.03601957485079765,0.03601957485079765,0.03601957485079765,0.03601957485079765,0.03601957485079765,0.03601957485079765,0.03601957485079765,0.03601957485079765,0.03678913787007332,0.03601957485079765,0.04211803153157234,0.03601957485079765,0.03601957485079765
2020-12-16,0.03583512455224991,0.03583512455224991,0.03583512455224991,0.04575612396001816,0.03583512455224991,0.04874681681394577,0.03583512455224991,0.03583512455224991,0.03583512455224991,0.03583512455224991,0.03583512455224991,0.03583512455224991,0.03583512455224991,0.03583512455224991,0.03583512455224991,0.03583512455224991,0.03583512455224991,0.03583512455224991,0.03583512455224991,0.03583512455224991,0.03583512455224991,0.03583512455224991,0.040210701525211334,0.03583512455224991,0.04107847437262535,0.03583512455224991,0.03583512455224991
2020-12-17,0.03583477437496185,0.03583477437496185,0.03583477437496185,0.045731984078884125,0.03583477437496185,0.04878391698002815,0.03583477437496185,0.03583477437496185,0.03583477437496185,0.03583477437496185,0.03583477437496185,0.03583477437496185,0.03583477437496185,0.03583477437496185,0.03583477437496185,0.03583477437496185,0.03583477437496185,0.03583477437496185,0.03583477437496185,0.03583477437496185,0.03583477437496185,0.03583477437496185,0.040205568075180054,0.03583477437496185,0.04107871279120445,0.03583477437496185,0.03583477437496185
2020-12-18,0.03583497926592827,0.03583497926592827,0.03583497926592827,0.045751117169857025,0.03583497926592827,0.04875544458627701,0.03583497926592827,0.03583497926592827,0.03583497926592827,0.03583497926592827,0.03583497926592827,0.03583497926592827,0.03583497926592827,0.03583497926592827,0.03583497926592827,0.03583497926592827,0.03583497926592827,0.03583497926592827,0.03583497926592827,0.03583497926592827,0.03583497926592827,0.03583497926592827,0.04020904004573822,0.03583497926592827,0.04107987880706787,0.03583497926592827,0.03583497926592827
2020-12-21,0.036060627549886703,0.036060627549886703,0.036060627549886703,0.046644601970911026,0.036060627549886703,0.044574085623025894,0.036060627549886703,0.036060627549886703,0.036060627549886703,0.036060627549886703,0.036060627549886703,0.03688974305987358,0.036060627549886703,0.036060627549886703,0.036060627549886703,0.036060627549886703,0.036060627549886703,0.036060627549886703,0.036060627549886703,0.036060627549886703,0.036060627549886703,0.036060627549886703,0.036060627549886703,0.036060627549886703,0.04249705746769905,0.036060627549886703,0.036060627549886703
2020-12-22,0.03596216440200806,0.03596216440200806,0.03596216440200806,0.050179917365312576,0.03596216440200806,0.04756680503487587,0.03596216440200806,0.03596216440200806,0.03596216440200806,0.03596216440200806,0.03596216440200806,0.03596216440200806,0.03596216440200806,0.03596216440200806,0.03596216440200806,0.03596216440200806,0.03596216440200806,0.03596216440200806,0.03596216440200806,0.03596216440200806,0.03596216440200806,0.03596216440200806,0.03596216440200806,0.03596216440200806,0.03916133567690849,0.03596216440200806,0.03596216440200806
2020-12-23,0.03619830682873726,0.03619830682873726,0.03619830682873726,0.045568451285362244,0.03619830682873726,0.04515562951564789,0.03619830682873726,0.03619830682873726,0.03619830682873726,0.03619830682873726,0.03619830682873726,0.03619830682873726,0.03619830682873726,0.03619830682873726,0.03619830682873726,0.03619830682873726,0.03619830682873726,0.03619830682873726,0.03619830682873726,0.03619830682873726,0.03619830682873726,0.03619830682873726,0.0372532457113266,0.03619830682873726,0.03946162387728691,0.03619830682873726,0.03619830682873726
2020-12-24,0.036186035722494125,0.036186035722494125,0.036186035722494125,0.04556453973054886,0.036186035722494125,0.04524123668670654,0.036186035722494125,0.036186035722494125,0.036186035722494125,0.036186035722494125,0.036186035722494125,0.036186035722494125,0.036186035722494125,0.036186035722494125,0.036186035722494125,0.036186035722494125,0.036186035722494125,0.036186035722494125,0.036186035722494125,0.036186035722494125,0.036186035722494125,0.036186035722494125,0.03755607083439827,0.036186035722494125,0.03935936465859413,0.036186035722494125,0.036186035722494125
2020-12-28,0.03619340807199478,0.03619340807199478,0.03619340807199478,0.0455656573176384,0.03619340807199478,0.045188382267951965,0.03619340807199478,0.03619340807199478,0.03619340807199478,0.03619340807199478,0.03619340807199478,0.03619340807199478,0.03619340807199478,0.03619340807199478,0.03619340807199478,0.03619340807199478,0.03619340807199478,0.03619340807199478,0.03619340807199478,0.03619340807199478,0.03619340807199478,0.03619340807199478,0.03737583011388779,0.03619340807199478,0.03942175209522247,0.03619340807199478,0.03619340807199478
2020-12-29,0.03602024167776108,0.03602024167776108,0.03602024167776108,0.04902814328670502,0.03602024167776108,0.04100988805294037,0.03602024167776108,0.03602024167776108,0.03602024167776108,0.03602024167776108,0.03602024167776108,0.03755362704396248,0.03602024167776108,0.03602024167776108,0.03602024167776108,0.03602024167776108,0.03602024167776108,0.03602024167776108,0.03602024167776108,0.03602024167776108,0.03602024167776108,0.03602024167776108,0.036200910806655884,0.037025336176157,0.042756978422403336,0.03602024167776108,0.03602024167776108
2020-12-30,0.03615182265639305,0.03615182265639305,0.03615182265639305,0.04651634395122528,0.03615182265639305,0.043755266815423965,0.03615182265639305,0.03615182265639305,0.03615182265639305,0.03615182265639305,0.03615182265639305,0.03615182265639305,0.03615182265639305,0.03615182265639305,0.03615182265639305,0.03615182265639305,0.03615182265639305,0.03615182265639305,0.03615182265639305,0.03615182265639305,0.03615182265639305,0.03615182265639305,0.03615182265639305,0.03615182265639305,0.0420847162604332,0.03615182265639305,0.03615182265639305
2020-12-31,0.03614984452724457,0.03614984452724457,0.03614984452724457,0.04642464593052864,0.03614984452724457,0.04398359730839729,0.03614984452724457,0.03614984452724457,0.03614984452724457,0.03614984452724457,0.03614984452724457,0.03614984452724457,0.03614984452724457,0.03614984452724457,0.03614984452724457,0.03614984452724457,0.03614984452724457,0.03614984452724457,0.03614984452724457,0.03614984452724457,0.03614984452724457,0.03614984452724457,0.03614984452724457,0.03614984452724457,0.04199543967843056,0.03614984452724457,0.03614984452724457
2021-01-04,0.037037037037037035,0.037037037037037035,0.037037037037037035,0.037037037037037035,0.037037037037037035,0.037037037037037035,0.037037037037037035,0.037037037037037035,0.037037037037037035,0.037037037037037035,0.037037037037037035,0.037037037037037035,0.037037037037037035,0.037037037037037035,0.037037037037037035,0.037037037037037035,0.037037037037037035,0.037037037037037035,0.037037037037037035,0.037037037037037035,0.037037037037037035,0.037037037037037035,0.037037037037037035,0.037037037037037035,0.037037037037037035,0.037037037037037035,0.037037037037037035
2021-01-05,0.041911207139492035,0.03582371771335602,0.03582371771335602,0.036614108830690384,0.03707475960254669,0.03586610406637192,0.03582371771335602,0.03582371771335602,0.03879035636782646,0.04402552917599678,0.03582371771335602,0.036665309220552444,0.03582371771335602,0.03582371771335602,0.03582371771335602,0.03582371771335602,0.03582371771335602,0.03772379830479622,0.03582371771335602,0.03582371771335602,0.03849202021956444,0.03582371771335602,0.03582371771335602,0.038966525346040726,0.03582371771335602,0.04069075733423233,0.03582371771335602
2021-01-06,0.0398925244808197,0.036081645637750626,0.036081645637750626,0.03959260880947113,0.036081645637750626,0.036081645637750626,0.036081645637750626,0.036081645637750626,0.03938675671815872,0.04199904948472977,0.036081645637750626,0.036081645637750626,0.036081645637750626,0.036081645637750626,0.036081645637750626,0.036081645637750626,0.036081645637750626,0.03762336075305939,0.036081645637750626,0.036081645637750626,0.038033850491046906,0.036081645637750626,0.036081645637750626,0.038988206535577774,0.036081645637750626,0.03893235698342323,0.036081645637750626
2021-01-07,0.03605552390217781,0.03605552390217781,0.03605552390217781,0.042750392109155655,0.042376331984996796,0.03605552390217781,0.03605552390217781,0.03605552390217781,0.03790576383471489,0.0395657978951931,0.03605552390217781,0.03649427741765976,0.03605552390217781,0.03605552390217781,0.03605552390217781,0.038095634430646896,0.03605552390217781,0.03605552390217781,0.03605552390217781,0.03605552390217781,0.04063459858298302,0.03605552390217781,0.03605552390217781,0.037122201174497604,0.03605552390217781,0.03605552390217781,0.03605552390217781
2021-01-08,0.03604675829410553,0.03604675829410553,0.03604675829410553,0.04572999104857445,0.04297221451997757,0.03604675829410553,0.03604675829410553,0.03604675829410553,0.03604675829410553,0.03875688090920448,0.03604675829410553,0.03604675829410553,0.03604675829410553,0.03604675829410553,0.03604675829410553,0.039798032492399216,0.03604675829410553,0.03604675829410553,0.03604675829410553,0.03604675829410553,0.03971414268016815,0.03604675829410553,0.03604675829410553,0.03604675829410553,0.03604675829410553,0.03604675829410553,0.03604675829410553
2021-01-11,0.03628670051693916,0.03628670051693916,0.03628670051693916,0.04529178887605667,0.039710305631160736,0.03628670051693916,0.03628670051693916,0.03628670051693916,0.03628670051693916,0.03705792874097824,0.03628670051693916,0.03628670051693916,0.03628670051693916,0.03628670051693916,0.03628670051693916,0.03850040212273598,0.03628670051693916,0.03763144090771675,0.03628670051693916,0.03628670051693916,0.038436319679021835,0.03628670051693916,0.03628670051693916,0.03685731068253517,0.03628670051693916,0.037067219614982605,0.03628670051693916
2021-01-12,0.036316610872745514,0.036316610872745514,0.036316610872745514,0.0434190034866333,0.03951282054185867,0.036316610872745514,0.036316610872745514,0.036316610872745514,0.036316610872745514,0.03775440901517868,0.036316610872745514,0.036316610872745514,0.036316610872745514,0.036316610872745514,0.036316610872745514,0.03707507997751236,0.036316610872745514,0.03936021402478218,0.036316610872745514,0.036316610872745514,0.038354866206645966,0.036316610872745514,0.036316610872745514,0.036755599081516266,0.036316610872745514,0.037752438336610794,0.036316610872745514
2021-01-13,0.03621673211455345,0.03621673211455345,0.03621673211455345,0.04380740225315094,0.03953079506754875,0.03621673211455345,0.03621673211455345,0.03621673211455345,0.036405984312295914,0.038502372801303864,0.03621673211455345,0.03621673211455345,0.03621673211455345,0.03621673211455345,0.03621673211455345,0.03671855852007866,0.03621673211455345,0.03722650930285454,0.03621673211455345,0.03621673211455345,0.03839359059929848,0.03621673211455345,0.03621673211455345,0.038694702088832855,0.03621673211455345,0.038818903267383575,0.03621673211455345
2021-01-14,0.03621673583984375,0.03621673583984375,0.03621673583984375,0.04380736127495766,0.03953077271580696,0.03621673583984375,0.03621673583984375,0.03621673583984375,0.03640599176287651,0.03850238770246506,0.03621673583984375,0.03621673583984375,0.03621673583984375,0.03621673583984375,0.03621673583984375,0.036718521267175674,0.03621673583984375,0.03722655400633812,0.03621673583984375,0.03621673583984375,0.038393571972846985,0.03621673583984375,0.03621673583984375,0.038694705814123154,0.03621673583984375,0.03881891816854477,0.03621673583984375
2021-01-15,0.03606753796339035,0.03606753796339035,0.03606753796339035,0.044547129422426224,0.04200252518057823,0.03606753796339035,0.03606753796339035,0.03606753796339035,0.03606753796339035,0.03946434706449509,0.03606753796339035,0.03606753796339035,0.03606753796339035,0.03606753796339035,0.03606753796339035,0.03796849772334099,0.03606753796339035,0.0370185486972332,0.03606753796339035,0.03606753796339035,0.039055537432432175,0.03606753796339035,0.03606753796339035,0.03688066080212593,0.03606753796339035,0.037779539823532104,0.03606753796339035
2021-01-19,0.03614063933491707,0.03614063933491707,0.03614063933491707,0.042195264250040054,0.03891326114535332,0.03614063933491707,0.03614063933491707,0.03614063933491707,0.03702326864004135,0.03924751281738281,0.03614063933491707,0.03614063933491707,0.03614063933491707,0.03614063933491707,0.03614063933491707,0.03657516464591026,0.03614063933491707,0.03729410842061043,0.03614063933491707,0.03614063933491707,0.03853033110499382,0.03614063933491707,0.03614063933491707,0.039492931216955185,0.03614063933491707,0.04019671678543091,0.03614063933491707
2021-01-20,0.03621673583984375,0.03621673583984375,0.03621673583984375,0.04380736127495766,0.03953077271580696,0.03621673583984375,0.03621673583984375,0.03621673583984375,0.03640599176287651,0.03850238770246506,0.03621673583984375,0.03621673583984375,0.03621673583984375,0.03621673583984375,0.03621673583984375,0.036718521267175674,0.03621673583984375,0.03722655400633812,0.03621673583984375,0.03621673583984375,0.038393571972846985,0.03621673583984375,0.03621673583984375,0.038694705814123154,0.03621673583984375,0.03881891816854477,0.03621673583984375
2021-01-21,0.03621673583984375,0.03621673583984375,0.03621673583984375,0.04380736127495766,0.03953077271580696,0.03621673583984375,0.03621673583984375,0.03621673583984375,0.03640599176287651,0.03850238770246506,0.03621673583984375,0.03621673583984375,0.03621673583984375,0.03621673583984375,0.03621673583984375,0.036718521267175674,0.03621673583984375,0.03722655400633812,0.03621673583984375,0.03621673583984375,0.038393571972846985,0.03621673583984375,0.03621673583984375,0.038694705814123154,0.03621673583984375,0.03881891816854477,0.03621673583984375
2021-01-22,0.03621673583984375,0.03621673583984375,0.03621673583984375,0.04380736127495766,0.03953077271580696,0.03621673583984375,0.03621673583984375,0.03621673583984375,0.03640599176287651,0.03850238770246506,0.03621673583984375,0.03621673583984375,0.03621673583984375,0.03621673583984375,0.03621673583984375,0.036718521267175674,0.03621673583984375,0.03722655400633812,0.03621673583984375,0.03621673583984375,0.038393571972846985,0.03621673583984375,0.03621673583984375,0.038694705814123154,0.03621673583984375,0.03881891816854477,0.03621673583984375
2021-01-25,0.035817019641399384,0.035817019641399384,0.035817019641399384,0.040659669786691666,0.03727887570858002,0.035817019641399384,0.035817019641399384,0.035817019641399384,0.037103790789842606,0.040278736501932144,0.035817019641399384,0.035817019641399384,0.035817019641399384,0.035817019641399384,0.035817019641399384,0.035817019641399384,0.035817019641399384,0.039547745138406754,0.035817019641399384,0.035817019641399384,0.03981423377990723,0.035817019641399384,0.035817019641399384,0.04394001141190529,0.035817019641399384,0.040853604674339294,0.035817019641399384
2021-01-26,0.03591449186205864,0.03591449186205864,0.03591449186205864,0.04114915803074837,0.037915170192718506,0.03591449186205864,0.03591449186205864,0.03591449186205864,0.036870550364255905,0.039864469319581985,0.03591449186205864,0.03591449186205864,0.03591449186205864,0.03591449186205864,0.03591449186205864,0.03591449186205864,0.03591449186205864,0.039610717445611954,0.03591449186205864,0.03591449186205864,0.03942961245775223,0.03591449186205864,0.03591449186205864,0.04234690219163895,0.03591449186205864,0.040438082069158554,0.03591449186205864
2021-01-27,0.03601537272334099,0.03601537272334099,0.03601537272334099,0.041713614016771317,0.038406483829021454,0.03601537272334099,0.03601537272334099,0.03601537272334099,0.0366537943482399,0.039441194385290146,0.03601537272334099,0.03601537272334099,0.03601537272334099,0.03601537272334099,0.03601537272334099,0.03601537272334099,0.03601537272334099,0.039516136050224304,0.03601537272334099,0.03601537272334099,0.03905419632792473,0.03601537272334099,0.03601537272334099,0.040950678288936615,0.03601537272334099,0.03997185453772545,0.03601537272334099
2021-01-28,0.037385549396276474,0.03560914099216461,0.03560914099216461,0.03560914099216461,0.038514889776706696,0.03560914099216461,0.03560914099216461,0.03560914099216461,0.04231598228216171,0.038309406489133835,0.03560914099216461,0.040642544627189636,0.03560914099216461,0.03560914099216461,0.03560914099216461,0.03560914099216461,0.03560914099216461,0.03781231865286827,0.03560914099216461,0.03560914099216461,0.03888893127441406,0.03560914099216461,0.03560914099216461,0.04585131257772446,0.036772724241018295,0.03815096989274025,0.03560914099216461
2021-01-29,0.037387456744909286,0.03560877591371536,0.03560877591371536,0.03560877591371536,0.03851311281323433,0.03560877591371536,0.03560877591371536,0.03560877591371536,0.0423152782022953,0.0383102223277092,0.03560877591371536,0.040643468499183655,0.03560877591371536,0.03560877591371536,0.03560877591371536,0.03560877591371536,0.03560877591371536,0.037812739610672,0.03560877591371536,0.03560877591371536,0.038889069110155106,0.03560877591371536,0.03560877591371536,0.045854467898607254,0.03677323833107948,0.03815177455544472,0.03560877591371536
2021-02-01,0.04111141711473465,0.03482605889439583,0.03482605889439583,0.03482605889439583,0.036865442991256714,0.03846191614866257,0.03482605889439583,0.03676164150238037,0.043484877794981,0.03925561159849167,0.03482605889439583,0.040729206055402756,0.03482605889439583,0.03559808433055878,0.03482605889439583,0.03482605889439583,0.03482605889439583,0.03645515441894531,0.03482605889439583,0.03482605889439583,0.03705234453082085,0.03534852713346481,0.035868722945451736,0.04577365517616272,0.040895428508520126,0.038425274193286896,0.03482605889439583
2021-02-02,0.04113413393497467,0.03482212498784065,0.03482212498784065,0.03482212498784065,0.036864932626485825,0.03845808282494545,0.03482212498784065,0.036743439733982086,0.04350021854043007,0.039247866719961166,0.03482212498784065,0.040736109018325806,0.03482212498784065,0.03560204803943634,0.03482212498784065,0.03482212498784065,0.03482212498784065,0.036432188004255295,0.03482212498784065,0.03482212498784065,0.03707188740372658,0.03534592688083649,0.0358404666185379,0.04578837379813194,0.04093395173549652,0.038434773683547974,0.03482212498784065
2021-02-03,0.042142003774642944,0.03524789214134216,0.03524789214134216,0.04277236387133598,0.03673182800412178,0.03524789214134216,0.03524789214134216,0.03524789214134216,0.04338295757770538,0.03895139694213867,0.03524789214134216,0.0382825993001461,0.03524789214134216,0.03524789214134216,0.03524789214134216,0.03524789214134216,0.03524789214134216,0.03524789214134216,0.03524789214134216,0.03524789214134216,0.039791662245988846,0.036336500197649,0.03524789214134216,0.04276777431368828,0.03794772922992706,0.03692697361111641,0.03524789214134216
2021-02-04,0.04048676788806915,0.03562888503074646,0.03562888503074646,0.044446058571338654,0.03780597820878029,0.03562888503074646,0.03562888503074646,0.03562888503074646,0.04319404810667038,0.038032062351703644,0.03562888503074646,0.037303369492292404,0.03562888503074646,0.03562888503074646,0.03562888503074646,0.03562888503074646,0.03562888503074646,0.03562888503074646,0.03562888503074646,0.03562888503074646,0.038670796900987625,0.03629918023943901,0.03562888503074646,0.039245642721652985,0.038026176393032074,0.036427777260541916,0.03562888503074646
2021-02-05,0.042051807045936584,0.035582978278398514,0.035582978278398514,0.04805060103535652,0.037053219974040985,0.035582978278398514,0.035582978278398514,0.035582978278398514,0.04149560630321503,0.036873459815979004,0.035582978278398514,0.035582978278398514,0.035582978278398514,0.035582978278398514,0.035582978278398514,0.035582978278398514,0.035582978278398514,0.035582978278398514,0.035582978278398514,0.035582978278398514,0.038874879479408264,0.03817562386393547,0.035582978278398514,0.035685013979673386,0.04124618321657181,0.035582978278398514,0.035582978278398514
2021-02-08,0.04205174744129181,0.035582974553108215,0.035582974553108215,0.048050787299871445,0.03705305978655815,0.035582974553108215,0.035582974553108215,0.035582974553108215,0.04149487987160683,0.036873601377010345,0.035582974553108215,0.035582974553108215,0.035582974553108215,0.035582974553108215,0.035582974553108215,0.035582974553108215,0.035582974553108215,0.035582974553108215,0.035582974553108215,0.035582974553108215,0.03887509927153587,0.038175519555807114,0.035582974553108215,0.03568429499864578,0.04124748706817627,0.035582974553108215,0.035582974553108215
2021-02-09,0.03720872104167938,0.035678841173648834,0.035678841173648834,0.049650486558675766,0.03797032684087753,0.035678841173648834,0.035678841173648834,0.035678841173648834,0.04107290506362915,0.03619200363755226,0.035678841173648834,0.035678841173648834,0.035678841173648834,0.035678841173648834,0.035678841173648834,0.040097758173942566,0.035678841173648834,0.035678841173648834,0.035678841173648834,0.035678841173648834,0.03820441663265228,0.03690388426184654,0.035678841173648834,0.035678841173648834,0.04048041254281998,0.035678841173648834,0.035678841173648834
2021-02-10,0.03720924258232117,0.03567882254719734,0.03567882254719734,0.049650609493255615,0.037969984114170074,0.03567882254719734,0.03567882254719734,0.03567882254719734,0.04107292369008064,0.03619243577122688,0.03567882254719734,0.03567882254719734,0.03567882254719734,0.03567882254719734,0.03567882254719734,0.04009716585278511,0.03567882254719734,0.03567882254719734,0.03567882254719734,0.03567882254719734,0.038204681128263474,0.03690388426184654,0.03567882254719734,0.03567882254719734,0.04048030450940132,0.03567882254719734,0.03567882254719734
2021-02-11,0.03999362140893936,0.03563129901885986,0.03563129901885986,0.04952068626880646,0.03634079545736313,0.03563129901885986,0.03563129901885986,0.03563129901885986,0.04097812995314598,0.0385451465845108,0.03563129901885986,0.03563129901885986,0.03563129901885986,0.03563129901885986,0.03564839065074921,0.036951515823602676,0.03563129901885986,0.03563129901885986,0.03563129901885986,0.03563129901885986,0.03938089311122894,0.03688579797744751,0.03563129901885986,0.03563129901885986,0.04002286493778229,0.03563129901885986,0.03563129901885986
2021-02-12,0.039996981620788574,0.03563099354505539,0.03563099354505539,0.04952044412493706,0.036340370774269104,0.03563099354505539,0.03563099354505539,0.03563099354505539,0.04097910597920418,0.0385451503098011,0.03563099354505539,0.03563099354505539,0.03563099354505539,0.03563099354505539,0.0356481671333313,0.03694958612322807,0.03563099354505539,0.03563099354505539,0.03563099354505539,0.03563099354505539,0.03938208520412445,0.036886345595121384,0.03563099354505539,0.03563099354505539,0.04002488777041435,0.03563099354505539,0.03563099354505539
2021-02-16,0.04000813513994217,0.03563441336154938,0.03563441336154938,0.04955622926354408,0.03633618354797363,0.03563441336154938,0.03563441336154938,0.03563441336154938,0.04080832377076149,0.038608841598033905,0.03563441336154938,0.03563441336154938,0.03563441336154938,0.03563441336154938,0.03563441336154938,0.03693573921918869,0.03563441336154938,0.03563441336154938,0.03563441336154938,0.03563441336154938,0.03947649896144867,0.03685266524553299,0.03563441336154938,0.03563441336154938,0.039997946470975876,0.03563441336154938,0.03563441336154938
2021-02-17,0.03855464607477188,0.035755548626184464,0.035755548626184464,0.050150416791439056,0.03647056967020035,0.035755548626184464,0.035755548626184464,0.035755548626184464,0.03883810713887215,0.03891544044017792,0.035755548626184464,0.035755548626184464,0.035755548626184464,0.035755548626184464,0.035755548626184464,0.038062889128923416,0.035755548626184464,0.035755548626184464,0.035755548626184464,0.035755548626184464,0.03996254503726959,0.03612850606441498,0.035755548626184464,0.035755548626184464,0.03931700065732002,0.035755548626184464,0.035755548626184464
2021-02-18,0.03609064593911171,0.03609064593911171,0.03609064593911171,0.05171867087483406,0.036663711071014404,0.03609064593911171,0.03609064593911171,0.03609064593911171,0.036303430795669556,0.03877101093530655,0.03609064593911171,0.03609064593911171,0.03609064593911171,0.03609064593911171,0.03609064593911171,0.03826293721795082,0.03609064593911171,0.03609064593911171,0.03609064593911171,0.03609064593911171,0.040376659482717514,0.03609064593911171,0.03609064593911171,0.03609064593911171,0.03609064593911171,0.03609064593911171,0.03609064593911171
2021-02-19,0.03653908148407936,0.03594827651977539,0.03594827651977539,0.05058722943067551,0.03684214502573013,0.03594827651977539,0.03594827651977539,0.03594827651977539,0.03698911517858505,0.038278453052043915,0.03594827651977539,0.03594827651977539,0.03594827651977539,0.03594827651977539,0.03594827651977539,0.03594827651977539,0.03594827651977539,0.03594827651977539,0.03594827651977539,0.03594827651977539,0.041675325483083725,0.03594827651977539,0.03594827651977539,0.03653584420681,0.037742260843515396,0.03774164617061615,0.03594827651977539
2021-02-22,0.04168674722313881,0.03574339300394058,0.03574339300394058,0.04820363596081734,0.03742142394185066,0.03574339300394058,0.03574339300394058,0.03574339300394058,0.03691588714718819,0.040078695863485336,0.03574339300394058,0.03574339300394058,0.03574339300394058,0.03574339300394058,0.03574339300394058,0.03574339300394058,0.03574339300394058,0.03574339300394058,0.03574339300394058,0.03574339300394058,0.04255745932459831,0.03574339300394058,0.03574339300394058,0.03574339300394058,0.03826824575662613,0.03574339300394058,0.03574339300394058
2021-02-23,0.045185282826423645,0.03532631695270538,0.03532631695270538,0.04698295518755913,0.039614446461200714,0.03532631695270538,0.03532631695270538,0.03532631695270538,0.03779105097055435,0.040324289351701736,0.03532631695270538,0.03532631695270538,0.03532631695270538,0.03532631695270538,0.03532631695270538,0.03532631695270538,0.03532631695270538,0.03532631695270538,0.03532631695270538,0.03532631695270538,0.042422499507665634,0.036136776208877563,0.03532631695270538,0.03532631695270538,0.04014424979686737,0.03552476689219475,0.03532631695270538
2021-02-24,0.04546418413519859,0.03549681231379509,0.03549681231379509,0.04378896951675415,0.03904654458165169,0.03549681231379509,0.03549681231379509,0.03549681231379509,0.03640354797244072,0.04163985326886177,0.03549681231379509,0.03549681231379509,0.03549681231379509,0.03549681231379509,0.03549681231379509,0.03549681231379509,0.03549681231379509,0.03549681231379509,0.03549681231379509,0.03549681231379509,0.041600365191698074,0.03596261516213417,0.03549681231379509,0.03549681231379509,0.040219996124506,0.036931369453668594,0.03549681231379509
2021-02-25,0.03828880935907364,0.0360383465886116,0.0360383465886116,0.0453047901391983,0.03893952816724777,0.0360383465886116,0.0360383465886116,0.0360383465886116,0.0360383465886116,0.04204671457409859,0.0360383465886116,0.0360383465886116,0.0360383465886116,0.0360383465886116,0.0360383465886116,0.03851601108908653,0.0360383465886116,0.0360383465886116,0.0360383465886116,0.0360383465886116,0.03928432613611221,0.0360383465886116,0.0360383465886116,0.0360383465886116,0.03623250126838684,0.0360383465886116,0.03665865585207939
2021-02-26,0.04074054956436157,0.036027368158102036,0.036027368158102036,0.04334587603807449,0.038729991763830185,0.036027368158102036,0.036027368158102036,0.036027368158102036,0.036027368158102036,0.04278135299682617,0.036027368158102036,0.036027368158102036,0.036027368158102036,0.036027368158102036,0.036027368158102036,0.036027368158102036,0.036027368158102036,0.036027368158102036,0.036027368158102036,0.036027368158102036,0.03884337842464447,0.036870114505290985,0.036027368158102036,0.036027368158102036,0.03602924197912216,0.036102768033742905,0.0380641371011734
2021-03-01,0.04270579665899277,0.035927023738622665,0.035927023738622665,0.04270676150918007,0.040022969245910645,0.035927023738622665,0.035927023738622665,0.035927023738622665,0.04009929299354553,0.03904495760798454,0.035927023738622665,0.035927023738622665,0.035927023738622665,0.035927023738622665,0.03632421791553497,0.035927023738622665,0.035927023738622665,0.035927023738622665,0.035927023738622665,0.035927023738622665,0.037734366953372955,0.035927023738622665,0.035927023738622665,0.035927023738622665,0.03779451921582222,0.035927023738622665,0.03688068687915802
2021-03-02,0.04236897453665733,0.035933010280132294,0.035933010280132294,0.044265370815992355,0.03976423293352127,0.035933010280132294,0.035933010280132294,0.035933010280132294,0.03695163130760193,0.04064776748418808,0.035933010280132294,0.035933010280132294,0.035933010280132294,0.035933010280132294,0.035933010280132294,0.035933010280132294,0.035933010280132294,0.035933010280132294,0.035933010280132294,0.035933010280132294,0.03940828889608383,0.035933010280132294,0.035933010280132294,0.035933010280132294,0.03667809069156647,0.035933010280132294,0.03718848526477814
2021-03-03,0.042112745344638824,0.03608182817697525,0.03608182817697525,0.04198833182454109,0.03960888832807541,0.03608182817697525,0.03608182817697525,0.03608182817697525,0.03608182817697525,0.04184885323047638,0.03608182817697525,0.03608182817697525,0.03608182817697525,0.03608182817697525,0.03608182817697525,0.03608182817697525,0.03608182817697525,0.03608182817697525,0.03608182817697525,0.03608182817697525,0.03883834928274155,0.03608182817697525,0.03608182817697525,0.03608182817697525,0.036507315933704376,0.03608182817697525,0.037458837032318115
2021-03-04,0.04269754886627197,0.03593401238322258,0.03593401238322258,0.04282880574464798,0.039985541254282,0.03593401238322258,0.03593401238322258,0.03593401238322258,0.04013337567448616,0.039107322692871094,0.03593401238322258,0.03593401238322258,0.03593401238322258,0.03593401238322258,0.036234211176633835,0.03593401238322258,0.03593401238322258,0.03593401238322258,0.03593401238322258,0.03593401238322258,0.037631209939718246,0.03593401238322258,0.03593401238322258,0.03593401238322258,0.03765244036912918,0.03593401238322258,0.03691739961504936
2021-03-05,0.04236804321408272,0.036160215735435486,0.036160215735435486,0.03910757228732109,0.039674680680036545,0.036160215735435486,0.036160215735435486,0.036160215735435486,0.038674402981996536,0.03989102691411972,0.036160215735435486,0.036160215735435486,0.036160215735435486,0.036160215735435486,0.03706677630543709,0.036160215735435486,0.036160215735435486,0.036160215735435486,0.036160215735435486,0.036160215735435486,0.03710945323109627,0.036160215735435486,0.036160215735435486,0.036160215735435486,0.03859591484069824,0.036160215735435486,0.03662816062569618
2021-03-08,0.04203438758850098,0.03617219626903534,0.03617219626903534,0.038092970848083496,0.03995091840624809,0.03617219626903534,0.03617219626903534,0.03617219626903534,0.03764002025127411,0.03994143381714821,0.03617219626903534,0.03617219626903534,0.03617219626903534,0.03617219626903534,0.03786858543753624,0.03617219626903534,0.03617219626903534,0.03617219626903534,0.03617219626903534,0.03617219626903534,0.037599142640829086,0.03650201857089996,0.03617219626903534,0.03617219626903534,0.03898338973522186,0.03617219626903534,0.03645981475710869
2021-03-09,0.03699318692088127,0.03617052733898163,0.03617052733898163,0.03951496258378029,0.04136233404278755,0.03617052733898163,0.03617052733898163,0.03617052733898163,0.03667677566409111,0.039850205183029175,0.03617052733898163,0.03617052733898163,0.03617052733898163,0.03617052733898163,0.036439988762140274,0.0393550805747509,0.03617052733898163,0.03617052733898163,0.03617052733898163,0.03617052733898163,0.038475655019283295,0.03617052733898163,0.03617052733898163,0.03617052733898163,0.038293227553367615,0.03813963755965233,0.03617052733898163
2021-03-10,0.03683614730834961,0.0361766591668129,0.0361766591668129,0.03971033915877342,0.041303157806396484,0.0361766591668129,0.0361766591668129,0.0361766591668129,0.0366746224462986,0.03993738815188408,0.0361766591668129,0.0361766591668129,0.0361766591668129,0.0361766591668129,0.03630927577614784,0.03942473605275154,0.0361766591668129,0.0361766591668129,0.0361766591668129,0.0361766591668129,0.03847619518637657,0.0361766591668129,0.0361766591668129,0.0361766591668129,0.03826539218425751,0.038059476763010025,0.0361766591668129
2021-03-11,0.03621836379170418,0.03621836379170418,0.03621836379170418,0.041471488773822784,0.04045947641134262,0.03621836379170418,0.03621836379170418,0.03621836379170418,0.03638596460223198,0.040894199162721634,0.03621836379170418,0.03621836379170418,0.03621836379170418,0.03621836379170418,0.03621836379170418,0.039985913783311844,0.03621836379170418,0.03621836379170418,0.03621836379170418,0.03621836379170418,0.03803841769695282,0.03621836379170418,0.03621836379170418,0.03621836379170418,0.037502773106098175,0.037112802267074585,0.03621836379170418
2021-03-12,0.037335868924856186,0.03627946600317955,0.03627946600317955,0.04176437854766846,0.040819089859724045,0.03627946600317955,0.03627946600317955,0.03627946600317955,0.03707893565297127,0.040507011115550995,0.03627946600317955,0.03627946600317955,0.03627946600317955,0.03627946600317955,0.03627946600317955,0.03756216540932655,0.03627946600317955,0.03627946600317955,0.03627946600317955,0.03627946600317955,0.038359642028808594,0.03627946600317955,0.03627946600317955,0.03627946600317955,0.03726303204894066,0.03627946600317955,0.03627946600317955
2021-03-15,0.037232935428619385,0.03610746189951897,0.03610746189951897,0.043777719140052795,0.04099885746836662,0.03610746189951897,0.03610746189951897,0.03610746189951897,0.03762095421552658,0.039817411452531815,0.03610746189951897,0.03610746189951897,0.03610746189951897,0.03610746189951897,0.03610746189951897,0.03873798996210098,0.03610746189951897,0.03610746189951897,0.03610746189951897,0.03610746189951897,0.03887169808149338,0.03610746189951897,0.03610746189951897,0.03610746189951897,0.03690069541335106,0.03610746189951897,0.03610746189951897
2021-03-16,0.03757002204656601,0.036342013627290726,0.036342013627290726,0.042315755039453506,0.04005996882915497,0.036342013627290726,0.036342013627290726,0.036342013627290726,0.03711933270096779,0.04109954461455345,0.036342013627290726,0.036342013627290726,0.036342013627290726,0.036342013627290726,0.036342013627290726,0.036925058811903,0.036342013627290726,0.036342013627290726,0.036342013627290726,0.036342013627290726,0.038070060312747955,0.036342013627290726,0.036342013627290726,0.036342013627290726,0.036342013627290726,0.036342013627290726,0.036342013627290726
2021-03-17,0.03641947731375694,0.03641947731375694,0.03641947731375694,0.04099716618657112,0.042459484189748764,0.03641947731375694,0.03641947731375694,0.03641947731375694,0.03641947731375694,0.03991890326142311,0.03641947731375694,0.03641947731375694,0.03641947731375694,0.03641947731375694,0.03641947731375694,0.037199072539806366,0.03641947731375694,0.03641947731375694,0.03641947731375694,0.03641947731375694,0.03819684684276581,0.03641947731375694,0.03641947731375694,0.03641947731375694,0.03641947731375694,0.03641947731375694,0.03641947731375694
2021-03-18,0.0364200621843338,0.0364200621843338,0.0364200621843338,0.04096033424139023,0.042490243911743164,0.0364200621843338,0.0364200621843338,0.0364200621843338,0.0364200621843338,0.03990170359611511,0.0364200621843338,0.0364200621843338,0.0364200621843338,0.0364200621843338,0.0364200621843338,0.037214942276477814,0.0364200621843338,0.0364200621843338,0.0364200621843338,0.0364200621843338,0.03819142282009125,0.0364200621843338,0.0364200621843338,0.0364200621843338,0.0364200621843338,0.0364200621843338,0.0364200621843338
2021-03-19,0.03642003610730171,0.03642003610730171,0.03642003610730171,0.04096021503210068,0.04249044135212898,0.03642003610730171,0.03642003610730171,0.03642003610730171,0.03642003610730171,0.03990181162953377,0.03642003610730171,0.03642003610730171,0.03642003610730171,0.03642003610730171,0.03642003610730171,0.0372152179479599,0.03642003610730171,0.03642003610730171,0.03642003610730171,0.03642003610730171,0.03819151967763901,0.03642003610730171,0.03642003610730171,0.03642003610730171,0.03642003610730171,0.03642003610730171,0.03642003610730171
2021-03-22,0.03660787269473076,0.03660787269473076,0.03660787269473076,0.04210400953888893,0.04006011784076691,0.03660787269473076,0.03660787269473076,0.03660787269473076,0.03660787269473076,0.03898726403713226,0.03660787269473076,0.03660787269473076,0.03660787269473076,0.03660787269473076,0.03660787269473076,0.03660787269473076,0.03660787269473076,0.03660787269473076,0.03660787269473076,0.03660787269473076,0.03686751052737236,0.03660787269473076,0.03660787269473076,0.03660787269473076,0.03660787269473076,0.03660787269473076,0.03660787269473076
2021-03-23,0.0365753099322319,0.0365753099322319,0.0365753099322319,0.04422992095351219,0.038790568709373474,0.0365753099322319,0.0365753099322319,0.0365753099322319,0.0365753099322319,0.039172012358903885,0.0365753099322319,0.0365753099322319,0.0365753099322319,0.0365753099322319,0.0365753099322319,0.0365753099322319,0.0365753099322319,0.0365753099322319,0.0365753099322319,0.0365753099322319,0.0365753099322319,0.0365753099322319,0.0365753099322319,0.0365753099322319,0.0365753099322319,0.0365753099322319,0.0365753099322319
2021-03-24,0.036590661853551865,0.036590661853551865,0.036590661853551865,0.043498896062374115,0.03910590708255768,0.036590661853551865,0.036590661853551865,0.036590661853551865,0.036590661853551865,0.03921933472156525,0.036590661853551865,0.036590661853551865,0.036590661853551865,0.036590661853551865,0.036590661853551865,0.036590661853551865,0.036590661853551865,0.036590661853551865,0.036590661853551865,0.036590661853551865,0.036590661853551865,0.036590661853551865,0.036590661853551865,0.036590661853551865,0.036590661853551865,0.036590661853551865,0.036590661853551865
2021-03-25,0.03658556565642357,0.03658556565642357,0.03658556565642357,0.043967459350824356,0.03881651908159256,0.03658556565642357,0.03658556565642357,0.03658556565642357,0.03658556565642357,0.03916247561573982,0.03658556565642357,0.03658556565642357,0.03658556565642357,0.03658556565642357,0.03658556565642357,0.03658556565642357,0.03658556565642357,0.03658556565642357,0.03658556565642357,0.03658556565642357,0.03658556565642357,0.03658556565642357,0.03658556565642357,0.03658556565642357,0.03658556565642357,0.03658556565642357,0.03658556565642357
2021-03-26,0.03647226840257645,0.03647226840257645,0.03647226840257645,0.039678093045949936,0.03841134533286095,0.03647226840257645,0.03647226840257645,0.03647226840257645,0.038842592388391495,0.039257749915122986,0.03647226840257645,0.03647226840257645,0.03647226840257645,0.03647226840257645,0.03647226840257645,0.036855753511190414,0.03647226840257645,0.03647226840257645,0.03647226840257645,0.03647226840257645,0.03647226840257645,0.03647226840257645,0.03647226840257645,0.03787248581647873,0.03963666036725044,0.03647226840257645,0.03647226840257645
2021-03-29,0.03626376390457153,0.03626376390457153,0.03626376390457153,0.040873900055885315,0.04089123010635376,0.03626376390457153,0.03626376390457153,0.03626376390457153,0.03626376390457153,0.039748698472976685,0.03626376390457153,0.03626376390457153,0.03626376390457153,0.03626376390457153,0.03626376390457153,0.04054582118988037,0.03626376390457153,0.03626376390457153,0.03626376390457153,0.03626376390457153,0.03823520988225937,0.03626376390457153,0.03626376390457153,0.03725239261984825,0.03626376390457153,0.0371774323284626,0.03626376390457153
2021-03-30,0.03625742346048355,0.03625742346048355,0.03625742346048355,0.04191429913043976,0.03804686293005943,0.03625742346048355,0.03625742346048355,0.03625742346048355,0.03625742346048355,0.040102433413267136,0.03625742346048355,0.03625742346048355,0.03625742346048355,0.03625742346048355,0.03625742346048355,0.039263766258955,0.03625742346048355,0.03625742346048355,0.03625742346048355,0.03625742346048355,0.038676440715789795,0.03625742346048355,0.03625742346048355,0.038582414388656616,0.03625742346048355,0.03826531022787094,0.03625742346048355
2021-03-31,0.03626181557774544,0.03626181557774544,0.03626181557774544,0.040874939411878586,0.04086770489811897,0.03626181557774544,0.03626181557774544,0.03626181557774544,0.03626181557774544,0.039735324680805206,0.03626181557774544,0.03626181557774544,0.03626181557774544,0.03626181557774544,0.03626181557774544,0.0405629426240921,0.03626181557774544,0.03626181557774544,0.03626181557774544,0.03626181557774544,0.03822880610823631,0.03626181557774544,0.03626181557774544,0.03726821765303612,0.03626181557774544,0.03722575306892395,0.03626181557774544
2021-04-01,0.03649718314409256,0.03649718314409256,0.03649718314409256,0.03892092406749725,0.03964167833328247,0.03649718314409256,0.03649718314409256,0.03649718314409256,0.03649718314409256,0.03913560509681702,0.03649718314409256,0.03649718314409256,0.03649718314409256,0.03649718314409256,0.03649718314409256,0.03649718314409256,0.03649718314409256,0.03649718314409256,0.03649718314409256,0.03649718314409256,0.037223923951387405,0.03649718314409256,0.03649718314409256,0.03916870802640915,0.03649718314409256,0.03946833685040474,0.03649718314409256
2021-04-05,0.03647848218679428,0.03647848218679428,0.03647848218679428,0.03737533092498779,0.03988571837544441,0.03647848218679428,0.03647848218679428,0.03647848218679428,0.03647848218679428,0.0384034588932991,0.03647848218679428,0.03647848218679428,0.03647848218679428,0.03647848218679428,0.03647848218679428,0.03647848218679428,0.03647848218679428,0.03647848218679428,0.03647848218679428,0.03647848218679428,0.037830252200365067,0.03647848218679428,0.03647848218679428,0.03941258788108826,0.03647848218679428,0.041044533252716064,0.03647848218679428
2021-04-06,0.03654412180185318,0.03654412180185318,0.03654412180185318,0.03985355794429779,0.03974591940641403,0.03654412180185318,0.03654412180185318,0.03654412180185318,0.03654412180185318,0.03865401819348335,0.03654412180185318,0.03654412180185318,0.03654412180185318,0.03654412180185318,0.03654412180185318,0.03760107234120369,0.03654412180185318,0.03654412180185318,0.03654412180185318,0.03654412180185318,0.03795766457915306,0.03654412180185318,0.03654412180185318,0.03725600615143776,0.03654412180185318,0.03804931044578552,0.03654412180185318
2021-04-07,0.0366392619907856,0.0366392619907856,0.0366392619907856,0.039893507957458496,0.03917735815048218,0.0366392619907856,0.0366392619907856,0.0366392619907856,0.0366392619907856,0.03744921460747719,0.0366392619907856,0.0366392619907856,0.0366392619907856,0.0366392619907856,0.0366392619907856,0.038401614874601364,0.0366392619907856,0.0366392619907856,0.0366392619907856,0.0366392619907856,0.037934403866529465,0.0366392619907856,0.0366392619907856,0.0366392619907856,0.0366392619907856,0.03771939128637314,0.0366392619907856
2021-04-08,0.0366542749106884,0.0366542749106884,0.0366542749106884,0.03998947888612747,0.03912946581840515,0.0366542749106884,0.0366542749106884,0.0366542749106884,0.0366542749106884,0.037307802587747574,0.0366542749106884,0.0366542749106884,0.0366542749106884,0.0366542749106884,0.0366542749106884,0.03842254355549812,0.0366542749106884,0.0366542749106884,0.0366542749106884,0.0366542749106884,0.03788980469107628,0.0366542749106884,0.0366542749106884,0.0366542749106884,0.0366542749106884,0.0375211201608181,0.0366542749106884
2021-04-09,0.03664863482117653,0.03664863482117653,0.03664863482117653,0.0413585864007473,0.039444975554943085,0.03664863482117653,0.03664863482117653,0.03664863482117653,0.03664863482117653,0.037575025111436844,0.03664863482117653,0.03664863482117653,0.03664863482117653,0.03664863482117653,0.03664863482117653,0.03664863482117653,0.03664863482117653,0.037596654146909714,0.03664863482117653,0.03664863482117653,0.03664863482117653,0.03664863482117653,0.03664863482117653,0.03664863482117653,0.03664863482117653,0.0377548411488533,0.03664863482117653
2021-04-12,0.036742985248565674,0.036742985248565674,0.036742985248565674,0.04091238975524902,0.04026024416089058,0.036742985248565674,0.036742985248565674,0.036742985248565674,0.036742985248565674,0.036742985248565674,0.036742985248565674,0.036742985248565674,0.036742985248565674,0.036742985248565674,0.036995723843574524,0.036742985248565674,0.036742985248565674,0.036742985248565674,0.036742985248565674,0.036742985248565674,0.036742985248565674,0.036742985248565674,0.036742985248565674,0.036742985248565674,0.036742985248565674,0.036742985248565674,0.036742985248565674
2021-04-13,0.03681667521595955,0.037022825330495834,0.03681667521595955,0.03871963173151016,0.039016421884298325,0.03681667521595955,0.03681667521595955,0.03681667521595955,0.03681667521595955,0.03750638663768768,0.03681667521595955,0.03681667521595955,0.03681667521595955,0.03681667521595955,0.03776786848902702,0.03681667521595955,0.03681667521595955,0.03681667521595955,0.03681667521595955,0.03681667521595955,0.03681667521595955,0.03681667521595955,0.03681667521595955,0.03681667521595955,0.03681667521595955,0.03681667521595955,0.03681667521595955
2021-04-14,0.04009615257382393,0.03925076872110367,0.03640584275126457,0.0370643250644207,0.03792188689112663,0.03640584275126457,0.03640584275126457,0.03640584275126457,0.03773070499300957,0.037471652030944824,0.03640584275126457,0.03640584275126457,0.03640584275126457,0.03640584275126457,0.038089558482170105,0.03640584275126457,0.03640584275126457,0.03640584275126457,0.03640584275126457,0.03640584275126457,0.03640584275126457,0.03640584275126457,0.03640584275126457,0.03640584275126457,0.03984379768371582,0.03640584275126457,0.037225935608148575
2021-04-15,0.04164174571633339,0.03695475310087204,0.03645406290888786,0.03958837687969208,0.037477005273103714,0.03645406290888786,0.03645406290888786,0.03645406290888786,0.03882182016968727,0.03791648894548416,0.03645406290888786,0.03645406290888786,0.03645406290888786,0.03645406290888786,0.03681402653455734,0.03645406290888786,0.03645406290888786,0.03645406290888786,0.03645406290888786,0.03645406290888786,0.03645406290888786,0.03645406290888786,0.03645406290888786,0.03645406290888786,0.03815857693552971,0.03645406290888786,0.03645406290888786
2021-04-16,0.03665574640035629,0.03665574640035629,0.03665574640035629,0.04065891355276108,0.03911858797073364,0.03665574640035629,0.03665574640035629,0.03665574640035629,0.03665574640035629,0.03874470293521881,0.03665574640035629,0.03665574640035629,0.03665574640035629,0.03665574640035629,0.03665574640035629,0.03665574640035629,0.03665574640035629,0.03665574640035629,0.03665574640035629,0.03665574640035629,0.03839568793773651,0.03665574640035629,0.03665574640035629,0.03665574640035629,0.03665574640035629,0.03665574640035629,0.03665574640035629
2021-04-19,0.03665977343916893,0.03665977343916893,0.03665977343916893,0.04228450357913971,0.0399634912610054,0.03665977343916893,0.03665977343916893,0.03665977343916893,0.03665977343916893,0.03773289546370506,0.03665977343916893,0.03665977343916893,0.03665977343916893,0.03665977343916893,0.03665977343916893,0.03665977343916893,0.03665977343916893,0.03665977343916893,0.03665977343916893,0.03665977343916893,0.03684432804584503,0.03665977343916893,0.03665977343916893,0.03665977343916893,0.03665977343916893,0.03665977343916893,0.03665977343916893
2021-04-20,0.036547381430864334,0.036547381430864334,0.036547381430864334,0.03813708946108818,0.04128303751349449,0.036547381430864334,0.036547381430864334,0.036547381430864334,0.036547381430864334,0.038963738828897476,0.036547381430864334,0.036547381430864334,0.036547381430864334,0.036547381430864334,0.036547381430864334,0.03988822177052498,0.036547381430864334,0.036547381430864334,0.036547381430864334,0.036547381430864334,0.037508513778448105,0.036547381430864334,0.036547381430864334,0.036547381430864334,0.036547381430864334,0.03672436997294426,0.036547381430864334
2021-04-21,0.03643238916993141,0.03643238916993141,0.03643238916993141,0.03721893951296806,0.03976431488990784,0.03643238916993141,0.03643238916993141,0.03643238916993141,0.0378107912838459,0.03715954348444939,0.03643238916993141,0.03643238916993141,0.03643238916993141,0.03643238916993141,0.03643238916993141,0.03643238916993141,0.03643238916993141,0.04084280878305435,0.03643238916993141,0.03643238916993141,0.037261202931404114,0.03643238916993141,0.03643238916993141,0.03891647607088089,0.03643238916993141,0.038810618221759796,0.03643238916993141
2021-04-22,0.0363357849419117,0.0363357849419117,0.0363357849419117,0.0363357849419117,0.041249342262744904,0.0363357849419117,0.0363357849419117,0.0363357849419117,0.0363357849419117,0.038411807268857956,0.0363357849419117,0.0363357849419117,0.0363357849419117,0.0363357849419117,0.0363357849419117,0.037195514887571335,0.0363357849419117,0.040139421820640564,0.0363357849419117,0.0363357849419117,0.037303753197193146,0.0363357849419117,0.0363357849419117,0.03913012892007828,0.0363357849419117,0.03985433652997017,0.0363357849419117
2021-04-23,0.03653857856988907,0.03653857856988907,0.03653857856988907,0.03750438615679741,0.039163995534181595,0.03653857856988907,0.03653857856988907,0.03653857856988907,0.03922015056014061,0.037585724145174026,0.03653857856988907,0.03653857856988907,0.03653857856988907,0.03653857856988907,0.03653857856988907,0.03671246021986008,0.03653857856988907,0.03894234821200371,0.03653857856988907,0.03653857856988907,0.03653857856988907,0.03653857856988907,0.03653857856988907,0.038473498076200485,0.03653857856988907,0.03816443681716919,0.03653857856988907
2021-04-26,0.03649184852838516,0.03649184852838516,0.03649184852838516,0.03677821904420853,0.039234135299921036,0.03649184852838516,0.03649184852838516,0.03649184852838516,0.03948631510138512,0.0374663844704628,0.03649184852838516,0.03649184852838516,0.03649184852838516,0.03649184852838516,0.03649184852838516,0.03649184852838516,0.03649184852838516,0.039729002863168716,0.03649184852838516,0.03649184852838516,0.03649184852838516,0.03649184852838516,0.03649184852838516,0.03890468552708626,0.03649184852838516,0.038564350455999374,0.03649184852838516
2021-04-27,0.03660585731267929,0.03660585731267929,0.03660585731267929,0.038576796650886536,0.03881748765707016,0.03660585731267929,0.03660585731267929,0.03660585731267929,0.03874869644641876,0.037863194942474365,0.03660585731267929,0.03660585731267929,0.03660585731267929,0.03660585731267929,0.03660585731267929,0.03820043057203293,0.03660585731267929,0.036803897470235825,0.03660585731267929,0.03660585731267929,0.03660585731267929,0.03660585731267929,0.03660585731267929,0.037249282002449036,0.037787675857543945,0.037047117948532104,0.03660585731267929
2021-04-28,0.038435086607933044,0.03612830117344856,0.03612830117344856,0.03615082800388336,0.037960510700941086,0.03612830117344856,0.03612830117344856,0.03612830117344856,0.040232110768556595,0.03831416368484497,0.03612830117344856,0.0365116223692894,0.03612830117344856,0.03612830117344856,0.03612830117344856,0.03612830117344856,0.03612830117344856,0.040835656225681305,0.03612830117344856,0.03612830117344856,0.036864448338747025,0.03612830117344856,0.03612830117344856,0.041480664163827896,0.03612830117344856,0.03903384134173393,0.03612830117344856
2021-04-29,0.041560351848602295,0.036382678896188736,0.036382678896188736,0.03830103203654289,0.036706458777189255,0.03717657923698425,0.036382678896188736,0.036382678896188736,0.03872016817331314,0.040584977716207504,0.036382678896188736,0.036382678896188736,0.036382678896188736,0.036723606288433075,0.036382678896188736,0.036382678896188736,0.036382678896188736,0.036382678896188736,0.036382678896188736,0.036382678896188736,0.038058243691921234,0.03728041797876358,0.036382678896188736,0.036382678896188736,0.036382678896188736,0.036382678896188736,0.036382678896188736
2021-04-30,0.038186900317668915,0.03652399033308029,0.03652399033308029,0.037293773144483566,0.03868637606501579,0.038240667432546616,0.03652399033308029,0.03652399033308029,0.03652399033308029,0.03986387699842453,0.03652399033308029,0.03652399033308029,0.03652399033308029,0.03652399033308029,0.03803319111466408,0.03652399033308029,0.03652399033308029,0.03652399033308029,0.03652399033308029,0.03652399033308029,0.03652399033308029,0.03652399033308029,0.03652399033308029,0.03652399033308029,0.03652399033308029,0.03652399033308029,0.039215389639139175
2021-05-03,0.03957756608724594,0.03635752946138382,0.03635752946138382,0.03712095692753792,0.036976102739572525,0.0364365316927433,0.03635752946138382,0.03635752946138382,0.038377903401851654,0.038657046854496,0.03635752946138382,0.03635752946138382,0.03635752946138382,0.03635752946138382,0.03893914818763733,0.03635752946138382,0.03635752946138382,0.0380454882979393,0.03635752946138382,0.03635752946138382,0.03635752946138382,0.03715002164244652,0.03635752946138382,0.03674433007836342,0.03635752946138382,0.040254462510347366,0.03635752946138382
2021-05-04,0.03668873384594917,0.03668873384594917,0.03668873384594917,0.038457758724689484,0.038402870297431946,0.03668873384594917,0.03668873384594917,0.03668873384594917,0.03668873384594917,0.03790438175201416,0.03668873384594917,0.03668873384594917,0.03668873384594917,0.03668873384594917,0.03668873384594917,0.03668873384594917,0.03668873384594917,0.03668873384594917,0.03668873384594917,0.03668873384594917,0.036969657987356186,0.03668873384594917,0.03668873384594917,0.03668873384594917,0.03668873384594917,0.04111316800117493,0.03668873384594917
2021-05-05,0.036469005048274994,0.036469005048274994,0.036469005048274994,0.036469005048274994,0.040764447301626205,0.036469005048274994,0.036469005048274994,0.036469005048274994,0.036469005048274994,0.04013708233833313,0.036469005048274994,0.036469005048274994,0.036469005048274994,0.036469005048274994,0.036469005048274994,0.036469005048274994,0.036469005048274994,0.036469005048274994,0.036469005048274994,0.036469005048274994,0.036859121173620224,0.036469005048274994,0.036469005048274994,0.039323072880506516,0.036469005048274994,0.04059814289212227,0.036469005048274994
2021-05-06,0.03608926758170128,0.03608926758170128,0.03608926758170128,0.03753283619880676,0.04365342855453491,0.03608926758170128,0.03608926758170128,0.03608926758170128,0.03608926758170128,0.03931320831179619,0.03608926758170128,0.03608926758170128,0.03608926758170128,0.03608926758170128,0.03608926758170128,0.038227736949920654,0.03608926758170128,0.03608926758170128,0.03608926758170128,0.03608926758170128,0.03988240659236908,0.03608926758170128,0.03608926758170128,0.03948738053441048,0.03608926758170128,0.04011761397123337,0.03608926758170128
2021-05-07,0.03608044981956482,0.03608044981956482,0.03608044981956482,0.03748004138469696,0.043718427419662476,0.03608044981956482,0.03608044981956482,0.03608044981956482,0.03608044981956482,0.03940612077713013,0.03608044981956482,0.03608044981956482,0.03608044981956482,0.03608044981956482,0.03608044981956482,0.03832573443651199,0.03608044981956482,0.03608044981956482,0.03608044981956482,0.03608044981956482,0.039879683405160904,0.03608044981956482,0.03608044981956482,0.03955334797501564,0.03608044981956482,0.040027644485235214,0.03608044981956482
2021-05-10,0.03627368435263634,0.03627368435263634,0.03627368435263634,0.03926945477724075,0.04348982498049736,0.03627368435263634,0.03627368435263634,0.03627368435263634,0.03629390522837639,0.03947262465953827,0.03627368435263634,0.03627368435263634,0.03627368435263634,0.03627368435263634,0.03627368435263634,0.03697450831532478,0.03627368435263634,0.03862510994076729,0.03627368435263634,0.03627368435263634,0.039122845977544785,0.03627368435263634,0.03627368435263634,0.037177134305238724,0.03627368435263634,0.036648228764534,0.03627368435263634
2021-05-11,0.036204587668180466,0.036204587668180466,0.036204587668180466,0.043128155171871185,0.040516212582588196,0.036204587668180466,0.036204587668180466,0.036204587668180466,0.03624800592660904,0.03985578194260597,0.036204587668180466,0.036204587668180466,0.036204587668180466,0.036204587668180466,0.036204587668180466,0.03809281066060066,0.036204587668180466,0.036204587668180466,0.036204587668180466,0.036204587668180466,0.039948590099811554,0.036204587668180466,0.036204587668180466,0.037280041724443436,0.036204587668180466,0.03704328462481499,0.036204587668180466
2021-05-12,0.03601638600230217,0.03601638600230217,0.03601638600230217,0.03748356178402901,0.04262728616595268,0.03601638600230217,0.03601638600230217,0.03601638600230217,0.03601638600230217,0.0395376943051815,0.03601638600230217,0.03601638600230217,0.03601638600230217,0.03601638600230217,0.03601638600230217,0.03901316970586777,0.03601638600230217,0.036455072462558746,0.03601638600230217,0.03601638600230217,0.039459630846977234,0.03601638600230217,0.03601638600230217,0.039573803544044495,0.03601638600230217,0.04153842851519585,0.03601638600230217
2021-05-13,0.03592776879668236,0.03592776879668236,0.03592776879668236,0.03729991614818573,0.04279414936900139,0.03592776879668236,0.03592776879668236,0.03592776879668236,0.03689108416438103,0.040699418634176254,0.03592776879668236,0.03592776879668236,0.03592776879668236,0.03592776879668236,0.03592776879668236,0.03861555457115173,0.03592776879668236,0.03592776879668236,0.03592776879668236,0.03592776879668236,0.04023853316903114,0.03592776879668236,0.03592776879668236,0.03986082971096039,0.03592776879668236,0.040972888469696045,0.03592776879668236
2021-05-14,0.03580043464899063,0.03580043464899063,0.03580043464899063,0.03859441727399826,0.04219738766551018,0.03580043464899063,0.03580043464899063,0.03580043464899063,0.0377277135848999,0.039915669709444046,0.03580043464899063,0.03580043464899063,0.03580043464899063,0.03580043464899063,0.03580043464899063,0.03998890519142151,0.03580043464899063,0.03580043464899063,0.03580043464899063,0.03580043464899063,0.040673162788152695,0.03580043464899063,0.03580043464899063,0.039973922073841095,0.03580043464899063,0.040720533579587936,0.03580043464899063
2021-05-17,0.03582986071705818,0.03582986071705818,0.03582986071705818,0.03959943354129791,0.04365832731127739,0.03582986071705818,0.03582986071705818,0.03582986071705818,0.03755901753902435,0.03854386880993843,0.03582986071705818,0.03585311770439148,0.03582986071705818,0.03582986071705818,0.03582986071705818,0.040589604526758194,0.03582986071705818,0.03582986071705818,0.03582986071705818,0.03582986071705818,0.04054257646203041,0.03582986071705818,0.03582986071705818,0.03996044769883156,0.03582986071705818,0.0387561097741127,0.03582986071705818
2021-05-18,0.03581763803958893,0.03581763803958893,0.03581763803958893,0.04064323008060455,0.04271996021270752,0.03581763803958893,0.03581763803958893,0.03581763803958893,0.0379132479429245,0.03974795714020729,0.03581763803958893,0.0362517312169075,0.03581763803958893,0.03581763803958893,0.03581763803958893,0.039172813296318054,0.03581763803958893,0.03581763803958893,0.03581763803958893,0.03581763803958893,0.040919382125139236,0.03581763803958893,0.03581763803958893,0.039760392159223557,0.03581763803958893,0.03815381973981857,0.03581763803958893
2021-05-19,0.03680122643709183,0.035922300070524216,0.035922300070524216,0.040822334587574005,0.04156966134905815,0.035922300070524216,0.035922300070524216,0.035922300070524216,0.04078461974859238,0.03858542814850807,0.035922300070524216,0.03743734210729599,0.035922300070524216,0.035922300070524216,0.035922300070524216,0.035922300070524216,0.035922300070524216,0.03622635826468468,0.035922300070524216,0.035922300070524216,0.039730947464704514,0.035922300070524216,0.035922300070524216,0.04090024530887604,0.035922300070524216,0.03646272420883179,0.035922300070524216
2021-05-20,0.04079658165574074,0.035382263362407684,0.035382263362407684,0.035382263362407684,0.03775734454393387,0.0361471101641655,0.035382263362407684,0.035382263362407684,0.04358308017253876,0.04041365906596184,0.035382263362407684,0.039289772510528564,0.035382263362407684,0.035382263362407684,0.035382263362407684,0.035382263362407684,0.035382263362407684,0.036292292177677155,0.035382263362407684,0.035382263362407684,0.0387645959854126,0.035382263362407684,0.035382263362407684,0.043905459344387054,0.035382263362407684,0.04155166074633598,0.035382263362407684
2021-05-21,0.03728296607732773,0.035874951630830765,0.035874951630830765,0.035874951630830765,0.040964800864458084,0.035874951630830765,0.035874951630830765,0.035874951630830765,0.036392536014318466,0.04240511730313301,0.035874951630830765,0.036180831491947174,0.035874951630830765,0.035874951630830765,0.035874951630830765,0.035874951630830765,0.035874951630830765,0.035874951630830765,0.035874951630830765,0.035874951630830765,0.04070642217993736,0.035874951630830765,0.035874951630830765,0.041705794632434845,0.035874951630830765,0.042737457901239395,0.035874951630830765
2021-05-24,0.03649333119392395,0.03597528487443924,0.03597528487443924,0.0410396084189415,0.04110253229737282,0.03597528487443924,0.03597528487443924,0.03597528487443924,0.037469085305929184,0.04148237779736519,0.03597528487443924,0.03650395944714546,0.03597528487443924,0.03597528487443924,0.03597528487443924,0.04097343981266022,0.03597528487443924,0.03597528487443924,0.03597528487443924,0.03597528487443924,0.03944399207830429,0.03597528487443924,0.03597528487443924,0.03707199916243553,0.03597528487443924,0.036839790642261505,0.03597528487443924
2021-05-25,0.03808675706386566,0.03596299886703491,0.03596299886703491,0.046136386692523956,0.03957381844520569,0.03596299886703491,0.03596299886703491,0.03596299886703491,0.038107141852378845,0.03966623172163963,0.03596299886703491,0.03596299886703491,0.03596299886703491,0.03596299886703491,0.03596299886703491,0.039548609405756,0.03596299886703491,0.03596299886703491,0.03596299886703491,0.03596299886703491,0.03962104767560959,0.03596299886703491,0.03596299886703491,0.03596299886703491,0.03596299886703491,0.03596299886703491,0.03596299886703491
2021-05-26,0.042316537350416183,0.03607809916138649,0.03607809916138649,0.040352750569581985,0.03962261974811554,0.03607809916138649,0.03607809916138649,0.03607809916138649,0.04083368927240372,0.037722378969192505,0.03607809916138649,0.03607809916138649,0.03607809916138649,0.03607809916138649,0.03607809916138649,0.03607809916138649,0.03607809916138649,0.03607809916138649,0.03607809916138649,0.03607809916138649,0.03841604292392731,0.03607809916138649,0.03607809916138649,0.037243761122226715,0.03769940510392189,0.036386970430612564,0.03607809916138649
2021-05-27,0.04351484030485153,0.03595442324876785,0.03595442324876785,0.044733043760061264,0.0382014736533165,0.03595442324876785,0.03595442324876785,0.03595442324876785,0.040684428066015244,0.03895890340209007,0.03595442324876785,0.03595442324876785,0.03595442324876785,0.03595442324876785,0.03595442324876785,0.03595442324876785,0.03595442324876785,0.03595442324876785,0.03595442324876785,0.03595442324876785,0.037860482931137085,0.03634686768054962,0.03595442324876785,0.03595442324876785,0.03656593710184097,0.03595442324876785,0.03595442324876785
2021-05-28,0.042800989001989365,0.03595586121082306,0.03595586121082306,0.0454007089138031,0.03830187767744064,0.03595586121082306,0.03595586121082306,0.03595586121082306,0.03708094730973244,0.04151009023189545,0.03595586121082306,0.03595586121082306,0.03595586121082306,0.03595586121082306,0.03595586121082306,0.03595586121082306,0.03595586121082306,0.03595586121082306,0.03595586121082306,0.03595586121082306,0.039724770933389664,0.03595586121082306,0.03595586121082306,0.03595586121082306,0.03595586121082306,0.03595586121082306,0.036063384264707565
2021-06-01,0.043494414538145065,0.035954710096120834,0.035954710096120834,0.04477730393409729,0.038215331733226776,0.035954710096120834,0.035954710096120834,0.035954710096120834,0.04056135565042496,0.03903937712311745,0.035954710096120834,0.035954710096120834,0.035954710096120834,0.035954710096120834,0.035954710096120834,0.035954710096120834,0.035954710096120834,0.035954710096120834,0.035954710096120834,0.035954710096120834,0.03793390095233917,0.036326684057712555,0.035954710096120834,0.035954710096120834,0.03651215508580208,0.035954710096120834,0.035954710096120834
2021-06-02,0.04347182810306549,0.035951822996139526,0.035951822996139526,0.0446099154651165,0.03837311267852783,0.035951822996139526,0.035951822996139526,0.035951822996139526,0.04066157713532448,0.03894854709506035,0.035951822996139526,0.035951822996139526,0.035951822996139526,0.035951822996139526,0.035951822996139526,0.035951822996139526,0.035951822996139526,0.035951822996139526,0.035951822996139526,0.035951822996139526,0.03785066679120064,0.03630527853965759,0.035951822996139526,0.035951822996139526,0.03669440746307373,0.035951822996139526,0.035951822996139526
2021-06-03,0.04272865131497383,0.03591971844434738,0.03591971844434738,0.04301537945866585,0.03998526185750961,0.03591971844434738,0.03591971844434738,0.03591971844434738,0.04024830460548401,0.039028581231832504,0.03591971844434738,0.03591971844434738,0.03591971844434738,0.03591971844434738,0.03621429577469826,0.03591971844434738,0.03591971844434738,0.03591971844434738,0.03591971844434738,0.03591971844434738,0.0376887246966362,0.03591971844434738,0.03591971844434738,0.03591971844434738,0.03764292597770691,0.03591971844434738,0.03689299896359444
2021-06-04,0.04274566471576691,0.03592059016227722,0.03592059016227722,0.043049056082963943,0.039958205074071884,0.03592059016227722,0.03592059016227722,0.03592059016227722,0.04025806486606598,0.03902600705623627,0.03592059016227722,0.03592059016227722,0.03592059016227722,0.03592059016227722,0.036203403025865555,0.03592059016227722,0.03592059016227722,0.03592059016227722,0.03592059016227722,0.03592059016227722,0.037693459540605545,0.03592059016227722,0.03592059016227722,0.03592059016227722,0.037628982216119766,0.03592059016227722,0.03686650097370148
2021-06-07,0.037833720445632935,0.03603002429008484,0.03603002429008484,0.04343421384692192,0.041372086852788925,0.03603002429008484,0.03603002429008484,0.03603002429008484,0.03963017463684082,0.03920886665582657,0.03603002429008484,0.03603002429008484,0.03603002429008484,0.03603002429008484,0.03603002429008484,0.038431230932474136,0.03603002429008484,0.03603002429008484,0.03603002429008484,0.03603002429008484,0.03816214203834534,0.03603002429008484,0.03603002429008484,0.03603002429008484,0.03735708072781563,0.03603002429008484,0.03603002429008484
2021-06-08,0.0388740636408329,0.03590928018093109,0.03590928018093109,0.04538903757929802,0.04033137857913971,0.03590928018093109,0.03590928018093109,0.03590928018093109,0.04042341932654381,0.038974862545728683,0.03590928018093109,0.03590928018093109,0.03590928018093109,0.03590928018093109,0.03605322539806366,0.03839676082134247,0.03590928018093109,0.03590928018093109,0.03590928018093109,0.03590928018093109,0.038085613399744034,0.03590928018093109,0.03590928018093109,0.03590928018093109,0.03691575676202774,0.03590928018093109,0.03609811142086983
2021-06-09,0.04272868111729622,0.03591971844434738,0.03591971844434738,0.04301537945866585,0.039985254406929016,0.03591971844434738,0.03591971844434738,0.03591971844434738,0.04024830460548401,0.03902857005596161,0.03591971844434738,0.03591971844434738,0.03591971844434738,0.03591971844434738,0.03621428459882736,0.03591971844434738,0.03591971844434738,0.03591971844434738,0.03591971844434738,0.03591971844434738,0.0376887246966362,0.03591971844434738,0.03591971844434738,0.03591971844434738,0.037642914801836014,0.03591971844434738,0.03689299523830414
2021-06-10,0.043561819940805435,0.03599268198013306,0.03599268198013306,0.041883017867803574,0.040036216378211975,0.03599268198013306,0.03599268198013306,0.03599268198013306,0.04082055389881134,0.0377405546605587,0.03599268198013306,0.03684762492775917,0.03599268198013306,0.03599268198013306,0.03599268198013306,0.03599268198013306,0.03599268198013306,0.03599268198013306,0.03599268198013306,0.03599268198013306,0.03752479702234268,0.03599268198013306,0.03599268198013306,0.03599268198013306,0.03772444650530815,0.03599268198013306,0.03599268198013306
2021-06-11,0.037143316119909286,0.038020454347133636,0.036594584584236145,0.038757555186748505,0.03987123444676399,0.036594584584236145,0.036594584584236145,0.036594584584236145,0.0398617647588253,0.03785939887166023,0.036594584584236145,0.036594584584236145,0.036594584584236145,0.036594584584236145,0.036594584584236145,0.036594584584236145,0.036594584584236145,0.036594584584236145,0.036594584584236145,0.036594584584236145,0.036594584584236145,0.036594584584236145,0.036594584584236145,0.036594584584236145,0.036594584584236145,0.036594584584236145,0.036594584584236145
2021-06-14,0.039894215762615204,0.036485057324171066,0.036485057324171066,0.03949132189154625,0.03919420391321182,0.036485057324171066,0.036485057324171066,0.036485057324171066,0.0398501381278038,0.036485057324171066,0.036485057324171066,0.036485057324171066,0.036485057324171066,0.036485057324171066,0.036485057324171066,0.036485057324171066,0.036485057324171066,0.036485057324171066,0.036485057324171066,0.036485057324171066,0.036485057324171066,0.036485057324171066,0.036485057324171066,0.03745930269360542,0.036485057324171066,0.036485057324171066,0.03792461007833481
2021-06-15,0.03843589872121811,0.03643025830388069,0.03643025830388069,0.03878439962863922,0.03767770901322365,0.03643025830388069,0.03643025830388069,0.03643025830388069,0.03792038559913635,0.03682343289256096,0.03643025830388069,0.03643025830388069,0.03643025830388069,0.03643025830388069,0.038871828466653824,0.03643025830388069,0.03643025830388069,0.039743050932884216,0.03643025830388069,0.03643025830388069,0.03643025830388069,0.03643025830388069,0.03643025830388069,0.03806525468826294,0.03643025830388069,0.03643025830388069,0.03793333098292351
2021-06-16,0.03823838755488396,0.03914988413453102,0.03628154098987579,0.039769094437360764,0.03689588978886604,0.03628154098987579,0.03628154098987579,0.03628154098987579,0.03891507163643837,0.038669805973768234,0.03628154098987579,0.03628154098987579,0.03628154098987579,0.03628154098987579,0.03641659766435623,0.03628154098987579,0.03628154098987579,0.03827369213104248,0.03628154098987579,0.03628154098987579,0.03628154098987579,0.03628154098987579,0.03628154098987579,0.0404975488781929,0.03628154098987579,0.03628154098987579,0.0363878570497036
2021-06-17,0.04337366670370102,0.036175601184368134,0.036175601184368134,0.03724103793501854,0.03719428554177284,0.036175601184368134,0.036175601184368134,0.036175601184368134,0.03967605158686638,0.03871699050068855,0.036175601184368134,0.036175601184368134,0.036175601184368134,0.036175601184368134,0.03618350252509117,0.036175601184368134,0.036175601184368134,0.03872830793261528,0.036175601184368134,0.036175601184368134,0.03635038435459137,0.036175601184368134,0.036175601184368134,0.04045373946428299,0.036175601184368134,0.03709682822227478,0.036175601184368134
2021-06-18,0.04102649539709091,0.03539901226758957,0.03539901226758957,0.03539901226758957,0.03539901226758957,0.03705064579844475,0.03539901226758957,0.03539901226758957,0.041495777666568756,0.03908924385905266,0.03539901226758957,0.038496535271406174,0.03539901226758957,0.03539901226758957,0.03539901226758957,0.03539901226758957,0.03539901226758957,0.0437333844602108,0.03539901226758957,0.03539901226758957,0.03539901226758957,0.03539901226758957,0.03564252704381943,0.046462636440992355,0.03709286078810692,0.03812674060463905,0.03539901226758957
2021-06-21,0.04340677708387375,0.03504638001322746,0.03504638001322746,0.03504638001322746,0.03504638001322746,0.039704687893390656,0.03504638001322746,0.03504638001322746,0.0408780537545681,0.03981778770685196,0.03504638001322746,0.038685593754053116,0.03504638001322746,0.03504638001322746,0.03504638001322746,0.03504638001322746,0.03504638001322746,0.041634246706962585,0.03504638001322746,0.03504638001322746,0.03730659559369087,0.0356680229306221,0.03708827123045921,0.0432557612657547,0.03778202459216118,0.03907648101449013,0.03504638001322746
2021-06-22,0.04335533827543259,0.035075243562459946,0.035075243562459946,0.035075243562459946,0.035075243562459946,0.03963601216673851,0.035075243562459946,0.035075243562459946,0.040837761014699936,0.03987031802535057,0.035075243562459946,0.03856583684682846,0.035075243562459946,0.035075243562459946,0.035075243562459946,0.035075243562459946,0.035075243562459946,0.04166509211063385,0.035075243562459946,0.035075243562459946,0.03731745108962059,0.03569135069847107,0.036972228437662125,0.043165095150470734,0.03763270378112793,0.03916207328438759,0.035075243562459946
2021-06-23,0.04053768143057823,0.035444505512714386,0.035444505512714386,0.035444505512714386,0.03626429662108421,0.036586396396160126,0.035444505512714386,0.035444505512714386,0.04134667292237282,0.03930028900504112,0.035444505512714386,0.036944903433322906,0.035444505512714386,0.035444505512714386,0.035444505512714386,0.035444505512714386,0.035444505512714386,0.041664935648441315,0.035444505512714386,0.035444505512714386,0.03739793226122856,0.035444505512714386,0.035444505512714386,0.04584750905632973,0.035444505512714386,0.04155285283923149,0.035444505512714386
2021-06-24,0.041220199316740036,0.035942427814006805,0.035942427814006805,0.035942427814006805,0.035942427814006805,0.036140963435173035,0.035942427814006805,0.035942427814006805,0.039841990917921066,0.040131472051143646,0.035942427814006805,0.037249159067869186,0.035942427814006805,0.035942427814006805,0.035942427814006805,0.035942427814006805,0.035942427814006805,0.0413861945271492,0.035942427814006805,0.035942427814006805,0.03733363002538681,0.036434877663850784,0.035942427814006805,0.040987271815538406,0.035942427814006805,0.03825300931930542,0.035942427814006805
2021-06-25,0.04139022156596184,0.03602662310004234,0.03602662310004234,0.03799748793244362,0.03602662310004234,0.03602662310004234,0.03602662310004234,0.03602662310004234,0.03978494927287102,0.04057640582323074,0.03602662310004234,0.036551520228385925,0.03602662310004234,0.03602662310004234,0.03602662310004234,0.03602662310004234,0.03602662310004234,0.041831448674201965,0.03602662310004234,0.03602662310004234,0.03645118325948715,0.036565281450748444,0.03602662310004234,0.03976266831159592,0.03602662310004234,0.036636289209127426,0.03602662310004234
2021-06-28,0.04028364643454552,0.0374378077685833,0.035994753241539,0.04540440812706947,0.035994753241539,0.035994753241539,0.035994753241539,0.035994753241539,0.03989551216363907,0.03907296806573868,0.035994753241539,0.035994753241539,0.035994753241539,0.035994753241539,0.035994753241539,0.035994753241539,0.035994753241539,0.035994753241539,0.035994753241539,0.035994753241539,0.040707167237997055,0.035994753241539,0.035994753241539,0.0373033732175827,0.035994753241539,0.035994753241539,0.035994753241539
2021-06-29,0.040030475705862045,0.035847410559654236,0.035847410559654236,0.04470977187156677,0.03705332800745964,0.035847410559654236,0.035847410559654236,0.035847410559654236,0.042639121413230896,0.03754248470067978,0.035847410559654236,0.035847410559654236,0.035847410559654236,0.035847410559654236,0.035847410559654236,0.035847410559654236,0.035847410559654236,0.035847410559654236,0.035847410559654236,0.035847410559654236,0.039540279656648636,0.035847410559654236,0.035847410559654236,0.041536346077919006,0.035847410559654236,0.035847410559654236,0.035847410559654236
2021-06-30,0.0374886691570282,0.036200061440467834,0.036200061440467834,0.04185427725315094,0.036911021918058395,0.036200061440467834,0.036200061440467834,0.036200061440467834,0.04126385599374771,0.03773011267185211,0.036200061440467834,0.036200061440467834,0.036200061440467834,0.036200061440467834,0.036200061440467834,0.036200061440467834,0.036200061440467834,0.038928329944610596,0.036200061440467834,0.036200061440467834,0.03755728155374527,0.036200061440467834,0.036200061440467834,0.040465280413627625,0.036200061440467834,0.036200061440467834,0.036200061440467834
2021-07-01,0.03722988814115524,0.03618258237838745,0.03618258237838745,0.0430862158536911,0.03659414127469063,0.03618258237838745,0.03618258237838745,0.03618258237838745,0.04060479626059532,0.037386782467365265,0.03618258237838745,0.03618258237838745,0.03618258237838745,0.03618258237838745,0.03618258237838745,0.03618258237838745,0.03618258237838745,0.03939642757177353,0.03618258237838745,0.03618258237838745,0.03861790895462036,0.03618258237838745,0.03618258237838745,0.03954393044114113,0.03618258237838745,0.036253422498703,0.03618258237838745
2021-07-02,0.03702510520815849,0.037214938551187515,0.03624776750802994,0.038124993443489075,0.03624776750802994,0.03624776750802994,0.03624776750802994,0.03624776750802994,0.04075757786631584,0.03863248601555824,0.03624776750802994,0.03624776750802994,0.03624776750802994,0.03624776750802994,0.03624776750802994,0.03624776750802994,0.03624776750802994,0.039208948612213135,0.03624776750802994,0.03624776750802994,0.03747167810797691,0.03624776750802994,0.03624776750802994,0.041884373873472214,0.03624776750802994,0.03722014278173447,0.03624776750802994
2021-07-06,0.03876141086220741,0.039498671889305115,0.03577602282166481,0.03764268755912781,0.03577602282166481,0.03577602282166481,0.03577602282166481,0.03577602282166481,0.041035499423742294,0.039378583431243896,0.03577602282166481,0.03589162603020668,0.03577602282166481,0.03577602282166481,0.03577602282166481,0.03577602282166481,0.03577602282166481,0.03919408842921257,0.03577602282166481,0.03577602282166481,0.03776012361049652,0.03577602282166481,0.03625946119427681,0.04441679269075394,0.03577602282166481,0.03774474188685417,0.03577602282166481
2021-07-07,0.03965555503964424,0.03565061464905739,0.03565061464905739,0.03822009637951851,0.03565061464905739,0.03565061464905739,0.03565061464905739,0.03565061464905739,0.0407111719250679,0.03981493413448334,0.03565061464905739,0.03565061464905739,0.03565061464905739,0.03565061464905739,0.03565061464905739,0.03565061464905739,0.03565061464905739,0.03972792997956276,0.03565061464905739,0.03565061464905739,0.0382721945643425,0.03565061464905739,0.03752898797392845,0.043389927595853806,0.03565061464905739,0.04096813127398491,0.03565061464905739
2021-07-08,0.03961772844195366,0.03565715253353119,0.03565715253353119,0.03819817304611206,0.03565715253353119,0.03565715253353119,0.03565715253353119,0.03565715253353119,0.040691155940294266,0.03979671001434326,0.03565715253353119,0.0356815904378891,0.03565715253353119,0.03565715253353119,0.03565715253353119,0.03565715253353119,0.03565715253353119,0.03967977687716484,0.03565715253353119,0.03565715253353119,0.03832675889134407,0.03565715253353119,0.03744314983487129,0.04339247941970825,0.03565715253353119,0.04100089520215988,0.03565715253353119
2021-07-09,0.04091280698776245,0.03533729165792465,0.03533729165792465,0.03533729165792465,0.03533729165792465,0.03712248429656029,0.03533729165792465,0.03533729165792465,0.04165827855467796,0.040162667632102966,0.03533729165792465,0.037388164550065994,0.03533729165792465,0.03533729165792465,0.03533729165792465,0.03533729165792465,0.03533729165792465,0.03880477696657181,0.03533729165792465,0.03533729165792465,0.038571156561374664,0.03533729165792465,0.03627246618270874,0.045201703906059265,0.03533729165792465,0.04317150264978409,0.03533729165792465
2021-07-12,0.0407603420317173,0.03728557378053665,0.03567393869161606,0.03863253816962242,0.03567393869161606,0.035891588777303696,0.03567393869161606,0.03567393869161606,0.039694540202617645,0.04092976078391075,0.03567393869161606,0.03636202961206436,0.03567393869161606,0.03567393869161606,0.03567393869161606,0.03567393869161606,0.03567393869161606,0.038295820355415344,0.03567393869161606,0.03567393869161606,0.03761085867881775,0.03567393869161606,0.035909995436668396,0.04237774387001991,0.03567393869161606,0.04114006087183952,0.03567393869161606
2021-07-13,0.03720582276582718,0.03613988682627678,0.03613988682627678,0.04008951038122177,0.03613988682627678,0.03613988682627678,0.03613988682627678,0.03613988682627678,0.03833097219467163,0.04172111675143242,0.03613988682627678,0.03613988682627678,0.03613988682627678,0.03613988682627678,0.03613988682627678,0.03613988682627678,0.03613988682627678,0.03613988682627678,0.03613988682627678,0.03613988682627678,0.03817268833518028,0.03613988682627678,0.03613988682627678,0.040087684988975525,0.03613988682627678,0.04159447178244591,0.03613988682627678
2021-07-14,0.036870166659355164,0.036246806383132935,0.036246806383132935,0.04232211783528328,0.036246806383132935,0.036246806383132935,0.036246806383132935,0.036246806383132935,0.038049884140491486,0.04136503115296364,0.036246806383132935,0.036246806383132935,0.036246806383132935,0.036246806383132935,0.036246806383132935,0.036246806383132935,0.036246806383132935,0.036246806383132935,0.036246806383132935,0.036246806383132935,0.03817936033010483,0.036246806383132935,0.036411408334970474,0.03837281093001366,0.036246806383132935,0.0397399440407753,0.036246806383132935
2021-07-15,0.036487385630607605,0.03910887613892555,0.036487385630607605,0.04477716237306595,0.036487385630607605,0.036487385630607605,0.036487385630607605,0.036487385630607605,0.036487385630607605,0.03866349905729294,0.036487385630607605,0.036487385630607605,0.036487385630607605,0.036487385630607605,0.038240619003772736,0.036487385630607605,0.036487385630607605,0.036487385630607605,0.036487385630607605,0.036487385630607605,0.036487385630607605,0.036487385630607605,0.036487385630607605,0.036487385630607605,0.036487385630607605,0.036487385630607605,0.036487385630607605
2021-07-16,0.039495840668678284,0.038090210407972336,0.03628583624958992,0.03983743116259575,0.03628583624958992,0.03628583624958992,0.03628583624958992,0.03628583624958992,0.03628583624958992,0.041259296238422394,0.03628583624958992,0.03656622767448425,0.03628583624958992,0.03628583624958992,0.037773508578538895,0.03628583624958992,0.03628583624958992,0.03628583624958992,0.03628583624958992,0.03628583624958992,0.03628583624958992,0.03628583624958992,0.03756888583302498,0.03678807616233826,0.03628583624958992,0.03947552293539047,0.03628583624958992
2021-07-19,0.038313958793878555,0.035501472651958466,0.035501472651958466,0.035501472651958466,0.035501472651958466,0.035501472651958466,0.035501472651958466,0.035501472651958466,0.03799942880868912,0.039950497448444366,0.035501472651958466,0.038331493735313416,0.035501472651958466,0.035501472651958466,0.03558174893260002,0.035501472651958466,0.035501472651958466,0.03872887045145035,0.035501472651958466,0.035501472651958466,0.03864484280347824,0.035501472651958466,0.03649120777845383,0.045257993042469025,0.03987204283475876,0.0428042896091938,0.035501472651958466
2021-07-20,0.039544157683849335,0.035286277532577515,0.035286277532577515,0.035286277532577515,0.035286277532577515,0.040267571806907654,0.035286277532577515,0.035286277532577515,0.03853464871644974,0.04133123904466629,0.035286277532577515,0.03803061321377754,0.035286277532577515,0.035286277532577515,0.035286277532577515,0.035286277532577515,0.035286277532577515,0.04014972597360611,0.035286277532577515,0.035286277532577515,0.037113986909389496,0.035286277532577515,0.0356953963637352,0.04669630900025368,0.035286277532577515,0.04276964068412781,0.035286277532577515
2021-07-21,0.03968939185142517,0.03568311780691147,0.03568311780691147,0.03568311780691147,0.03568311780691147,0.036653921008110046,0.03568311780691147,0.03568311780691147,0.03756539151072502,0.040192462503910065,0.03568311780691147,0.038597472012043,0.03568311780691147,0.03568311780691147,0.03610443323850632,0.03568311780691147,0.03568311780691147,0.036203499883413315,0.03568311780691147,0.03568311780691147,0.036838505417108536,0.03568311780691147,0.039156366139650345,0.04208429530262947,0.039593156427145004,0.04207427799701691,0.03568311780691147
2021-07-22,0.036689408123493195,0.036689408123493195,0.036689408123493195,0.03975258022546768,0.03724583610892296,0.036689408123493195,0.036689408123493195,0.036689408123493195,0.036689408123493195,0.04061565920710564,0.036689408123493195,0.036689408123493195,0.036689408123493195,0.036689408123493195,0.0369214303791523,0.036689408123493195,0.036689408123493195,0.037425342947244644,0.036689408123493195,0.036689408123493195,0.036689408123493195,0.036689408123493195,0.036689408123493195,0.03685840219259262,0.036691442131996155,0.036854490637779236,0.03722548112273216
2021-07-23,0.03811006247997284,0.039318908005952835,0.03635100647807121,0.04391311854124069,0.03635100647807121,0.03635100647807121,0.03635100647807121,0.03635100647807121,0.03674612566828728,0.036356158554553986,0.03635100647807121,0.03635100647807121,0.03635100647807121,0.03635100647807121,0.04032421484589577,0.03635100647807121,0.03635100647807121,0.03635100647807121,0.03635100647807121,0.03635100647807121,0.03635100647807121,0.03635100647807121,0.03635100647807121,0.03635100647807121,0.03821130096912384,0.03635100647807121,0.03635100647807121
2021-07-26,0.03917551413178444,0.039278656244277954,0.03618823364377022,0.04317661374807358,0.03618823364377022,0.03618823364377022,0.03618823364377022,0.03618823364377022,0.04069247469305992,0.03885621950030327,0.03618823364377022,0.037035226821899414,0.03618823364377022,0.03618823364377022,0.03618823364377022,0.03618823364377022,0.03618823364377022,0.03618823364377022,0.03618823364377022,0.03618823364377022,0.036319661885499954,0.03618823364377022,0.03618823364377022,0.037821102887392044,0.03618823364377022,0.03625631704926491,0.03618823364377022
2021-07-27,0.036554187536239624,0.03866121172904968,0.03644093498587608,0.044311393052339554,0.03644093498587608,0.03644093498587608,0.03644093498587608,0.03644093498587608,0.03998630866408348,0.03878633677959442,0.03644093498587608,0.03644093498587608,0.03644093498587608,0.03644093498587608,0.03644093498587608,0.03644093498587608,0.03644093498587608,0.03644093498587608,0.03644093498587608,0.03644093498587608,0.03644093498587608,0.03644093498587608,0.03644093498587608,0.03644093498587608,0.03644093498587608,0.03644093498587608,0.03644093498587608
2021-07-28,0.0387459434568882,0.03612950071692467,0.03612950071692467,0.04096951708197594,0.03612950071692467,0.03612950071692467,0.03612950071692467,0.03612950071692467,0.040454886853694916,0.03858351707458496,0.03612950071692467,0.037837907671928406,0.03612950071692467,0.03612950071692467,0.03612950071692467,0.03612950071692467,0.03612950071692467,0.03612950071692467,0.03612950071692467,0.03612950071692467,0.03780703246593475,0.03612950071692467,0.03612950071692467,0.03934227675199509,0.03733575716614723,0.03859211876988411,0.03612950071692467
2021-07-29,0.03895900771021843,0.03696151822805405,0.03616899996995926,0.041755031794309616,0.03616899996995926,0.03616899996995926,0.03616899996995926,0.03616899996995926,0.040618956089019775,0.038771361112594604,0.03616899996995926,0.037582073360681534,0.03616899996995926,0.03616899996995926,0.03616899996995926,0.03616899996995926,0.03616899996995926,0.03616899996995926,0.03616899996995926,0.03616899996995926,0.03730561211705208,0.03616899996995926,0.03616899996995926,0.038747187703847885,0.03662170097231865,0.03780451416969299,0.03616899996995926
2021-07-30,0.03967910259962082,0.03738147020339966,0.0362398587167263,0.04335759952664375,0.0362398587167263,0.0362398587167263,0.0362398587167263,0.0362398587167263,0.03898630663752556,0.03740447014570236,0.0362398587167263,0.0362398587167263,0.0362398587167263,0.0362398587167263,0.03741417080163956,0.0362398587167263,0.0362398587167263,0.0362398587167263,0.0362398587167263,0.0362398587167263,0.036585696041584015,0.0362398587167263,0.0362398587167263,0.03704205900430679,0.03883962705731392,0.03723188489675522,0.0362398587167263
2021-08-02,0.037056513130664825,0.03686149790883064,0.03626638650894165,0.044265322387218475,0.03626638650894165,0.03626638650894165,0.03626638650894165,0.03626638650894165,0.038051288574934006,0.03813639283180237,0.03626638650894165,0.03626638650894165,0.03626638650894165,0.03626638650894165,0.03857272118330002,0.03626638650894165,0.03626638650894165,0.03626638650894165,0.03626638650894165,0.03626638650894165,0.03626638650894165,0.03626638650894165,0.03626638650894165,0.03816330060362816,0.03715787082910538,0.03894021362066269,0.03626638650894165
2021-08-03,0.03801523894071579,0.03635236993432045,0.03635236993432045,0.03839617967605591,0.03635236993432045,0.03635236993432045,0.03635236993432045,0.03635236993432045,0.038412872701883316,0.03917020931839943,0.03635236993432045,0.03635236993432045,0.03635236993432045,0.036370668560266495,0.038395121693611145,0.03635236993432045,0.03635236993432045,0.03635236993432045,0.03635236993432045,0.03635236993432045,0.03635236993432045,0.0365922749042511,0.03635236993432045,0.039593592286109924,0.03740527480840683,0.03965837135910988,0.03635236993432045
2021-08-04,0.037451133131980896,0.036245591938495636,0.036245591938495636,0.036245591938495636,0.036245591938495636,0.037841714918613434,0.036245591938495636,0.036245591938495636,0.03954459726810455,0.04196879267692566,0.036245591938495636,0.036245591938495636,0.036245591938495636,0.036245591938495636,0.036833953112363815,0.036245591938495636,0.036245591938495636,0.036245591938495636,0.036245591938495636,0.036245591938495636,0.036245591938495636,0.036245591938495636,0.036245591938495636,0.04113314673304558,0.037700820714235306,0.03885957971215248,0.036245591938495636
2021-08-05,0.037495385855436325,0.03620465472340584,0.03620465472340584,0.03620465472340584,0.03620465472340584,0.03831944242119789,0.03620465472340584,0.03620465472340584,0.038386270403862,0.04052256792783737,0.03620465472340584,0.03620465472340584,0.03620465472340584,0.03620465472340584,0.037996623665094376,0.03620465472340584,0.03620465472340584,0.037454936653375626,0.03620465472340584,0.03620465472340584,0.03620465472340584,0.03620465472340584,0.03620465472340584,0.04067087173461914,0.03620465472340584,0.04126550629734993,0.03620465472340584
2021-08-06,0.03882534056901932,0.036258213222026825,0.036258213222026825,0.04326389357447624,0.036258213222026825,0.036258213222026825,0.036258213222026825,0.036258213222026825,0.03861202299594879,0.038720302283763885,0.036258213222026825,0.036258213222026825,0.036258213222026825,0.036258213222026825,0.04092790186405182,0.036258213222026825,0.036258213222026825,0.036258213222026825,0.036258213222026825,0.036258213222026825,0.036258213222026825,0.03737293556332588,0.036258213222026825,0.036258213222026825,0.03711337223649025,0.036258213222026825,0.036258213222026825
2021-08-09,0.041926056146621704,0.03617308288812637,0.03617308288812637,0.04478943347930908,0.03617308288812637,0.03617308288812637,0.03617308288812637,0.03617308288812637,0.039326123893260956,0.038810137659311295,0.03617308288812637,0.03617308288812637,0.03617308288812637,0.03617308288812637,0.03815291449427605,0.03617308288812637,0.03617308288812637,0.03617308288812637,0.03617308288812637,0.03617308288812637,0.03617308288812637,0.03617308288812637,0.03617308288812637,0.03617308288812637,0.0373605340719223,0.03617308288812637,0.03617308288812637
2021-08-10,0.040822502225637436,0.03607693687081337,0.03607693687081337,0.044949594885110855,0.03607693687081337,0.03607693687081337,0.03607693687081337,0.03607693687081337,0.04111328721046448,0.03907141089439392,0.03607693687081337,0.03607693687081337,0.03607693687081337,0.03607693687081337,0.036103278398513794,0.03607693687081337,0.03607693687081337,0.03607693687081337,0.03607693687081337,0.03607693687081337,0.037043455988168716,0.03822152316570282,0.03607693687081337,0.03607693687081337,0.03607693687081337,0.03721316531300545,0.03607693687081337
2021-08-11,0.039543744176626205,0.03604225441813469,0.03604225441813469,0.04540013149380684,0.03604225441813469,0.03642027825117111,0.03604225441813469,0.03604225441813469,0.0371859148144722,0.04122181236743927,0.03604225441813469,0.03604225441813469,0.03604225441813469,0.03604225441813469,0.03604225441813469,0.03604225441813469,0.03604225441813469,0.03604225441813469,0.03604225441813469,0.03604225441813469,0.03852901607751846,0.037307266145944595,0.03604225441813469,0.03604225441813469,0.03604225441813469,0.03938625380396843,0.03624507784843445
2021-08-12,0.037674203515052795,0.03603985905647278,0.03603985905647278,0.04724820703268051,0.037482891231775284,0.03603985905647278,0.03603985905647278,0.03603985905647278,0.037842847406864166,0.04053237661719322,0.03603985905647278,0.03603985905647278,0.03603985905647278,0.03603985905647278,0.03603985905647278,0.03603985905647278,0.03603985905647278,0.03603985905647278,0.03603985905647278,0.03603985905647278,0.039658453315496445,0.03603985905647278,0.03603985905647278,0.03603985905647278,0.03603985905647278,0.03876384347677231,0.03603985905647278
2021-08-13,0.03638593107461929,0.036111243069171906,0.036111243069171906,0.04677221179008484,0.0389690138399601,0.036111243069171906,0.036111243069171906,0.036111243069171906,0.03752627596259117,0.039742011576890945,0.036111243069171906,0.036111243069171906,0.036111243069171906,0.036111243069171906,0.036111243069171906,0.03674869239330292,0.036111243069171906,0.036111243069171906,0.036111243069171906,0.036111243069171906,0.03902781754732132,0.036111243069171906,0.036111243069171906,0.036111243069171906,0.036111243069171906,0.038141220808029175,0.036684442311525345
2021-08-16,0.03637473285198212,0.03637473285198212,0.03637473285198212,0.04535200446844101,0.037415552884340286,0.03637473285198212,0.03637473285198212,0.03637473285198212,0.03728979080915451,0.03865798935294151,0.03637473285198212,0.03637473285198212,0.03637473285198212,0.03637473285198212,0.03637473285198212,0.03637473285198212,0.03637473285198212,0.03637473285198212,0.03637473285198212,0.03637473285198212,0.037315353751182556,0.03637473285198212,0.03637473285198212,0.03637473285198212,0.03637473285198212,0.03904400393366814,0.03743063285946846
2021-08-17,0.03620067238807678,0.03620067238807678,0.03620067238807678,0.03951695188879967,0.04013168066740036,0.03620067238807678,0.03620067238807678,0.03620067238807678,0.03620067238807678,0.037557363510131836,0.03620067238807678,0.03620067238807678,0.03620067238807678,0.03620067238807678,0.03620067238807678,0.03924316540360451,0.03620067238807678,0.038845788687467575,0.03620067238807678,0.03620067238807678,0.03903713449835777,0.03620067238807678,0.03620067238807678,0.037925202399492264,0.03620067238807678,0.039929959923028946,0.03620067238807678
2021-08-18,0.03644469007849693,0.03644469007849693,0.03644469007849693,0.03751339763402939,0.038926780223846436,0.03644469007849693,0.03644469007849693,0.03644469007849693,0.03644469007849693,0.03969082981348038,0.03644469007849693,0.03644469007849693,0.03644469007849693,0.03644469007849693,0.03644469007849693,0.03644469007849693,0.03644469007849693,0.03644469007849693,0.03644469007849693,0.03644469007849693,0.03977208584547043,0.03644469007849693,0.03644469007849693,0.03821549564599991,0.03644469007849693,0.04054290056228638,0.03644469007849693
2021-08-19,0.036723628640174866,0.03603074699640274,0.03603074699640274,0.03603074699640274,0.03717736527323723,0.036372214555740356,0.03603074699640274,0.03603074699640274,0.03682541474699974,0.04171852394938469,0.03603074699640274,0.03603074699640274,0.03603074699640274,0.03603074699640274,0.03603074699640274,0.03603074699640274,0.03603074699640274,0.038458455353975296,0.03603074699640274,0.03603074699640274,0.0390649251639843,0.03603074699640274,0.03603074699640274,0.04093943163752556,0.03603074699640274,0.044166550040245056,0.03603074699640274
2021-08-20,0.036371778696775436,0.03575103357434273,0.03575103357434273,0.03575103357434273,0.03575103357434273,0.04036539047956467,0.03575103357434273,0.03575103357434273,0.036031369119882584,0.04452228918671608,0.03575103357434273,0.03575103357434273,0.03575103357434273,0.03575103357434273,0.03626679629087448,0.03575103357434273,0.03575103357434273,0.03816347196698189,0.03575103357434273,0.03575103357434273,0.03886612132191658,0.03575103357434273,0.035774558782577515,0.04207266867160797,0.03575103357434273,0.043797969818115234,0.03575103357434273
2021-08-23,0.036624666303396225,0.03585457801818848,0.03585457801818848,0.03585457801818848,0.03585457801818848,0.03599068149924278,0.03585457801818848,0.03585457801818848,0.037090882658958435,0.04125906527042389,0.03585457801818848,0.03585457801818848,0.03585457801818848,0.03585457801818848,0.03585457801818848,0.03585457801818848,0.03585457801818848,0.03960144519805908,0.03585457801818848,0.03585457801818848,0.03900478407740593,0.03585457801818848,0.03585457801818848,0.044721513986587524,0.03585457801818848,0.04446990787982941,0.03585457801818848
2021-08-24,0.036799900233745575,0.03608871251344681,0.03608871251344681,0.036292560398578644,0.03608871251344681,0.03608871251344681,0.03608871251344681,0.03608871251344681,0.036619365215301514,0.04040249437093735,0.03608871251344681,0.03608871251344681,0.03608871251344681,0.03608871251344681,0.03608871251344681,0.03608871251344681,0.03608871251344681,0.038347162306308746,0.03608871251344681,0.03608871251344681,0.04005268216133118,0.03608871251344681,0.03608871251344681,0.0405331514775753,0.03608871251344681,0.04526708275079727,0.03608871251344681
2021-08-25,0.03879242017865181,0.03737219423055649,0.03607551008462906,0.04052450880408287,0.03607551008462906,0.03607551008462906,0.03607551008462906,0.03607551008462906,0.038811732083559036,0.04090886935591698,0.03607551008462906,0.03607551008462906,0.03607551008462906,0.03607551008462906,0.03607551008462906,0.03607551008462906,0.03607551008462906,0.03827372193336487,0.03607551008462906,0.03607551008462906,0.03856844827532768,0.03607551008462906,0.04010866582393646,0.0363909937441349,0.03607551008462906,0.03696480765938759,0.03607551008462906
2021-08-26,0.04289615899324417,0.03580871596932411,0.03580871596932411,0.037314608693122864,0.037086423486471176,0.03813635930418968,0.03580871596932411,0.03580871596932411,0.042149871587753296,0.042713411152362823,0.03580871596932411,0.0373259112238884,0.03580871596932411,0.03580871596932411,0.03580871596932411,0.03580871596932411,0.03580871596932411,0.03751179948449135,0.03580871596932411,0.03580871596932411,0.03702179342508316,0.03580871596932411,0.03580871596932411,0.03893408924341202,0.03580871596932411,0.035970184952020645,0.03580871596932411
2021-08-27,0.042241498827934265,0.03610306978225708,0.03610306978225708,0.03953469172120094,0.037771254777908325,0.037032224237918854,0.03610306978225708,0.03610306978225708,0.041770778596401215,0.04011806845664978,0.03610306978225708,0.03610306978225708,0.03610306978225708,0.03610306978225708,0.03610306978225708,0.03610306978225708,0.03610306978225708,0.03610306978225708,0.03610306978225708,0.03610306978225708,0.03623397648334503,0.036563437432050705,0.03610306978225708,0.03681044653058052,0.03666628152132034,0.036272935569286346,0.037438325583934784
2021-08-30,0.04304660111665726,0.036055631935596466,0.036055631935596466,0.039175208657979965,0.036950286477804184,0.037700340151786804,0.036055631935596466,0.036055631935596466,0.04141368344426155,0.04104587808251381,0.036055631935596466,0.036055631935596466,0.036055631935596466,0.036055631935596466,0.036055631935596466,0.036055631935596466,0.036055631935596466,0.0362023189663887,0.036055631935596466,0.036055631935596466,0.03673659265041351,0.03678981214761734,0.036055631935596466,0.036686744540929794,0.036212317645549774,0.036862537264823914,0.036398857831954956
2021-08-31,0.04303388297557831,0.036327432841062546,0.036327432841062546,0.03754258155822754,0.036327432841062546,0.03787796199321747,0.036327432841062546,0.036327432841062546,0.03911292925477028,0.040350958704948425,0.036327432841062546,0.036327432841062546,0.036327432841062546,0.036327432841062546,0.036327432841062546,0.036327432841062546,0.036327432841062546,0.03889109939336777,0.036327432841062546,0.036327432841062546,0.036327432841062546,0.036327432841062546,0.036327432841062546,0.036327432841062546,0.036327432841062546,0.036425769329071045,0.0365435853600502
2021-09-01,0.041583746671676636,0.036235518753528595,0.036235518753528595,0.03851687163114548,0.036235518753528595,0.03706470876932144,0.036235518753528595,0.036235518753528595,0.03935004770755768,0.04003236070275307,0.036235518753528595,0.036235518753528595,0.036235518753528595,0.036235518753528595,0.036278072744607925,0.036235518753528595,0.036235518753528595,0.040155693888664246,0.036235518753528595,0.036235518753528595,0.036235518753528595,0.0364144966006279,0.036235518753528595,0.036235518753528595,0.036235518753528595,0.03836464136838913,0.036235518753528595
2021-09-02,0.041094209998846054,0.036318667232990265,0.036318667232990265,0.0386536531150341,0.036318667232990265,0.03676005080342293,0.036318667232990265,0.036318667232990265,0.03949024900794029,0.03958806023001671,0.036318667232990265,0.036318667232990265,0.036318667232990265,0.036318667232990265,0.036318667232990265,0.036318667232990265,0.036318667232990265,0.039860088378190994,0.036318667232990265,0.036318667232990265,0.036318667232990265,0.03634687885642052,0.036318667232990265,0.036318667232990265,0.036318667232990265,0.03815217688679695,0.036318667232990265
2021-09-03,0.03760523721575737,0.03626127541065216,0.03626127541065216,0.04052814096212387,0.03626127541065216,0.03951079770922661,0.03626127541065216,0.03626127541065216,0.03626127541065216,0.043072108179330826,0.03626127541065216,0.03626127541065216,0.03626127541065216,0.03626127541065216,0.03626127541065216,0.03626127541065216,0.03626127541065216,0.037934403866529465,0.03626127541065216,0.03626127541065216,0.03626127541065216,0.03626127541065216,0.03626127541065216,0.03626127541065216,0.03626127541065216,0.03927013278007507,0.03685372322797775
2021-09-07,0.03621431440114975,0.03621431440114975,0.03621431440114975,0.03701183199882507,0.03626179322600365,0.03804057464003563,0.03621431440114975,0.03621431440114975,0.03673247992992401,0.043166112154722214,0.03621431440114975,0.03621431440114975,0.03621431440114975,0.03621431440114975,0.03621431440114975,0.03621431440114975,0.03621431440114975,0.04080994799733162,0.03621431440114975,0.03621431440114975,0.03621431440114975,0.03621431440114975,0.03621431440114975,0.040084801614284515,0.03621431440114975,0.03982042148709297,0.03621431440114975
2021-09-08,0.039742376655340195,0.03565100207924843,0.03565100207924843,0.03705976530909538,0.03565100207924843,0.0416359081864357,0.03565100207924843,0.03565100207924843,0.03932049497961998,0.044115517288446426,0.03565100207924843,0.03565100207924843,0.03565100207924843,0.03565100207924843,0.03565100207924843,0.03565100207924843,0.03565100207924843,0.038902148604393005,0.03565100207924843,0.03565100207924843,0.036187272518873215,0.0357838049530983,0.03565100207924843,0.042665980756282806,0.03565100207924843,0.03851965442299843,0.03565100207924843
2021-09-09,0.03956744819879532,0.03566816449165344,0.03566816449165344,0.037250496447086334,0.03566816449165344,0.04170920327305794,0.03566816449165344,0.03566816449165344,0.03922063484787941,0.04424140602350235,0.03566816449165344,0.03566816449165344,0.03566816449165344,0.03566816449165344,0.03566816449165344,0.03566816449165344,0.03566816449165344,0.038750115782022476,0.03566816449165344,0.03566816449165344,0.0361795537173748,0.03571523353457451,0.03566816449165344,0.042634107172489166,0.03566816449165344,0.038372963666915894,0.03566816449165344
2021-09-10,0.0395733118057251,0.0356682687997818,0.0356682687997818,0.037254590541124344,0.0356682687997818,0.04171081259846687,0.0356682687997818,0.0356682687997818,0.039219435304403305,0.04423525556921959,0.0356682687997818,0.0356682687997818,0.0356682687997818,0.0356682687997818,0.0356682687997818,0.0356682687997818,0.0356682687997818,0.038745321333408356,0.0356682687997818,0.0356682687997818,0.03617865964770317,0.035720281302928925,0.0356682687997818,0.042625054717063904,0.0356682687997818,0.03837677463889122,0.0356682687997818
2021-09-13,0.041461165994405746,0.03555475175380707,0.03555475175380707,0.0408170185983181,0.03555475175380707,0.04027211666107178,0.03555475175380707,0.03555475175380707,0.04098633676767349,0.04275914281606674,0.03555475175380707,0.03555475175380707,0.03555475175380707,0.03555475175380707,0.03555475175380707,0.03555475175380707,0.03555475175380707,0.03636091202497482,0.03555475175380707,0.03555475175380707,0.036943092942237854,0.03682273253798485,0.03555475175380707,0.04083483666181564,0.03555475175380707,0.038311880081892014,0.03555475175380707
2021-09-14,0.040824081748723984,0.03571978583931923,0.03571978583931923,0.038336995989084244,0.03571978583931923,0.04173494130373001,0.03571978583931923,0.03571978583931923,0.039128001779317856,0.042842473834753036,0.03571978583931923,0.03571978583931923,0.03571978583931923,0.03571978583931923,0.03571978583931923,0.03571978583931923,0.03571978583931923,0.03738291561603546,0.03571978583931923,0.03571978583931923,0.03606991842389107,0.03679217770695686,0.03571978583931923,0.04050720855593681,0.03571978583931923,0.03914492949843407,0.03571978583931923
2021-09-15,0.04257352277636528,0.036323171108961105,0.03552078455686569,0.03552078455686569,0.03552078455686569,0.04350217059254646,0.03552078455686569,0.03552078455686569,0.039773035794496536,0.042293865233659744,0.03552078455686569,0.03552078455686569,0.03552078455686569,0.03552078455686569,0.03552078455686569,0.03552078455686569,0.03552078455686569,0.03788470849394798,0.03552078455686569,0.03552078455686569,0.03615774214267731,0.036840278655290604,0.03552078455686569,0.04159688204526901,0.03634900599718094,0.038373056799173355,0.03552078455686569
2021-09-16,0.04258650541305542,0.03632152080535889,0.03552013263106346,0.03552013263106346,0.03552013263106346,0.04351375252008438,0.03552013263106346,0.03552013263106346,0.0397762767970562,0.042297232896089554,0.03552013263106346,0.03552013263106346,0.03552013263106346,0.03552013263106346,0.03552013263106346,0.03552013263106346,0.03552013263106346,0.037874024361371994,0.03552013263106346,0.03552013263106346,0.036163777112960815,0.036832716315984726,0.03552013263106346,0.04158814623951912,0.036344029009342194,0.03837989270687103,0.03552013263106346
2021-09-17,0.04258619248867035,0.03632077947258949,0.03552025556564331,0.03552025556564331,0.03552025556564331,0.04351320490241051,0.03552025556564331,0.03552025556564331,0.03977610543370247,0.04229754954576492,0.03552025556564331,0.03552025556564331,0.03552025556564331,0.03552025556564331,0.03552025556564331,0.03552025556564331,0.03552025556564331,0.03787413239479065,0.03552025556564331,0.03552025556564331,0.03616386651992798,0.03683289512991905,0.03552025556564331,0.04158772528171539,0.03634309768676758,0.03838040307164192,0.03552025556564331
2021-09-20,0.04258628562092781,0.03632126748561859,0.03552008047699928,0.03552008047699928,0.03552008047699928,0.0435139536857605,0.03552008047699928,0.03552008047699928,0.039776407182216644,0.04229770973324776,0.03552008047699928,0.03552008047699928,0.03552008047699928,0.03552008047699928,0.03552008047699928,0.03552008047699928,0.03552008047699928,0.03787471726536751,0.03552008047699928,0.03552008047699928,0.03616378456354141,0.036832209676504135,0.03552008047699928,0.04158914461731911,0.036343540996313095,0.038379646837711334,0.03552008047699928
2021-09-21,0.0403142049908638,0.035056404769420624,0.035056404769420624,0.035056404769420624,0.03804444149136543,0.03982609882950783,0.035056404769420624,0.035056404769420624,0.04240278899669647,0.03938914090394974,0.035056404769420624,0.03823476284742355,0.035056404769420624,0.03618322312831879,0.035056404769420624,0.035056404769420624,0.035056404769420624,0.03673002868890762,0.035056404769420624,0.035056404769420624,0.03694319352507591,0.035716090351343155,0.035056404769420624,0.046068884432315826,0.039872657507658005,0.03948480635881424,0.035056404769420624
2021-09-22,0.04325518012046814,0.03504061698913574,0.03504061698913574,0.03504061698913574,0.03517149016261101,0.04165098816156387,0.03504061698913574,0.03504061698913574,0.041128009557724,0.04141557216644287,0.03504061698913574,0.03642251342535019,0.03504061698913574,0.03504061698913574,0.03504061698913574,0.03504061698913574,0.03504061698913574,0.04026975855231285,0.03504061698913574,0.03504061698913574,0.036411501467227936,0.03623756021261215,0.03691896051168442,0.04393398389220238,0.03739214316010475,0.039223745465278625,0.03504061698913574
2021-09-23,0.04301241412758827,0.03557693585753441,0.03557693585753441,0.03650109842419624,0.03557693585753441,0.04063637554645538,0.03557693585753441,0.03557693585753441,0.04009827598929405,0.0416087843477726,0.03557693585753441,0.03557693585753441,0.03557693585753441,0.03557693585753441,0.035782769322395325,0.03557693585753441,0.03557693585753441,0.0383031889796257,0.03557693585753441,0.03557693585753441,0.03614240139722824,0.03766090050339699,0.03557693585753441,0.04026026651263237,0.03587343916296959,0.040466081351041794,0.03557693585753441
2021-09-24,0.042597558349370956,0.03579813614487648,0.03579813614487648,0.04172072559595108,0.03579813614487648,0.03655915707349777,0.03579813614487648,0.03579813614487648,0.040597524493932724,0.0403771810233593,0.03579813614487648,0.03579813614487648,0.03579813614487648,0.03579813614487648,0.0362599715590477,0.03579813614487648,0.03579813614487648,0.03695278614759445,0.03579813614487648,0.03579813614487648,0.03734599053859711,0.03814460709691048,0.03579813614487648,0.0388106107711792,0.03579813614487648,0.03786371648311615,0.03579813614487648
2021-09-27,0.04371465742588043,0.03596118092536926,0.03596118092536926,0.039976563304662704,0.036844853311777115,0.03713725507259369,0.03596118092536926,0.03596118092536926,0.0397309735417366,0.040767256170511246,0.03596118092536926,0.03596118092536926,0.03596118092536926,0.03596118092536926,0.036312077194452286,0.03596118092536926,0.03596118092536926,0.03640592843294144,0.03596118092536926,0.03596118092536926,0.0372212789952755,0.0375945009291172,0.03596118092536926,0.0382021889090538,0.03596118092536926,0.03667469322681427,0.03596118092536926
2021-09-28,0.04156719520688057,0.03614151477813721,0.03614151477813721,0.04158639535307884,0.03808100149035454,0.03614151477813721,0.03614151477813721,0.03614151477813721,0.039785537868738174,0.03924282267689705,0.03614151477813721,0.03614151477813721,0.03614151477813721,0.03614151477813721,0.036541104316711426,0.03614151477813721,0.03614151477813721,0.03614151477813721,0.03614151477813721,0.03614151477813721,0.03658512234687805,0.0375947505235672,0.03614151477813721,0.03614151477813721,0.03614151477813721,0.03614151477813721,0.038468796759843826
2021-09-29,0.039860792458057404,0.03606996312737465,0.03606996312737465,0.04337550699710846,0.03606996312737465,0.03606996312737465,0.03606996312737465,0.03606996312737465,0.040153611451387405,0.03962940722703934,0.03606996312737465,0.03606996312737465,0.03606996312737465,0.03606996312737465,0.03631384298205376,0.03606996312737465,0.03606996312737465,0.03676893189549446,0.03606996312737465,0.03606996312737465,0.03643731772899628,0.039117246866226196,0.03606996312737465,0.03606996312737465,0.03606996312737465,0.03729042038321495,0.03786347061395645
2021-09-30,0.04003981500864029,0.036085858941078186,0.036085858941078186,0.043436966836452484,0.036085858941078186,0.036085858941078186,0.036085858941078186,0.036085858941078186,0.0401880219578743,0.03951354697346687,0.036085858941078186,0.036085858941078186,0.036085858941078186,0.036085858941078186,0.036435626447200775,0.036085858941078186,0.036085858941078186,0.03688229247927666,0.036085858941078186,0.036085858941078186,0.0363958477973938,0.03882315382361412,0.036085858941078186,0.036085858941078186,0.036085858941078186,0.037164147943258286,0.03766098991036415
2021-10-01,0.04062554985284805,0.036130115389823914,0.036130115389823914,0.04332423210144043,0.03622620552778244,0.036130115389823914,0.036130115389823914,0.036130115389823914,0.040583688765764236,0.039238207042217255,0.036130115389823914,0.036130115389823914,0.036130115389823914,0.036130115389823914,0.036649927496910095,0.036130115389823914,0.036130115389823914,0.037006158381700516,0.036130115389823914,0.036130115389823914,0.03638347238302231,0.03799591585993767,0.036130115389823914,0.036130115389823914,0.036130115389823914,0.03688995912671089,0.0369948111474514
2021-10-04,0.04268066585063934,0.03601538762450218,0.03601538762450218,0.04160277172923088,0.04096503555774689,0.03601538762450218,0.03601538762450218,0.03601538762450218,0.040160685777664185,0.03913233429193497,0.03601538762450218,0.03601538762450218,0.03601538762450218,0.03601538762450218,0.03601538762450218,0.03601538762450218,0.03601538762450218,0.03601538762450218,0.03601538762450218,0.03601538762450218,0.03755798935890198,0.03616514801979065,0.03601538762450218,0.03601538762450218,0.03601538762450218,0.03601538762450218,0.03744301572442055
2021-10-05,0.04121736064553261,0.03614874929189682,0.03614874929189682,0.03700745478272438,0.041512809693813324,0.03614874929189682,0.03614874929189682,0.03614874929189682,0.040162380784749985,0.038905005902051926,0.03614874929189682,0.03614874929189682,0.03614874929189682,0.03614874929189682,0.03614874929189682,0.03614874929189682,0.03614874929189682,0.036346811801195145,0.03614874929189682,0.03614874929189682,0.036625854671001434,0.03614874929189682,0.03614874929189682,0.039183713495731354,0.03653343394398689,0.03797648847103119,0.03614874929189682
2021-10-06,0.04121624678373337,0.03614862263202667,0.03614862263202667,0.03700656443834305,0.04151349142193794,0.03614862263202667,0.03614862263202667,0.03614862263202667,0.0401630625128746,0.038904089480638504,0.03614862263202667,0.03614862263202667,0.03614862263202667,0.03614862263202667,0.03614862263202667,0.03614862263202667,0.03614862263202667,0.03634627163410187,0.03614862263202667,0.03614862263202667,0.03662564978003502,0.03614862263202667,0.03614862263202667,0.039186567068099976,0.03653429076075554,0.03797711804509163,0.03614862263202667
2021-10-07,0.04213566333055496,0.03622860834002495,0.03622860834002495,0.03824425861239433,0.04035745561122894,0.03622860834002495,0.03622860834002495,0.03622860834002495,0.039016980677843094,0.03994045406579971,0.03622860834002495,0.03622860834002495,0.03622860834002495,0.03622860834002495,0.03635137900710106,0.03622860834002495,0.03622860834002495,0.03675292804837227,0.03622860834002495,0.03622860834002495,0.03681957721710205,0.036464691162109375,0.03622860834002495,0.03622860834002495,0.03622860834002495,0.036960419267416,0.03729850798845291
2021-10-08,0.03690885007381439,0.036473192274570465,0.036473192274570465,0.03833708167076111,0.03913151100277901,0.036473192274570465,0.036473192274570465,0.036473192274570465,0.037453752011060715,0.037958718836307526,0.036473192274570465,0.036473192274570465,0.036473192274570465,0.036473192274570465,0.03705737739801407,0.036473192274570465,0.036473192274570465,0.03900129720568657,0.036473192274570465,0.036473192274570465,0.03679993003606796,0.036473192274570465,0.036473192274570465,0.03923964872956276,0.036473192274570465,0.03806760162115097,0.036473192274570465
2021-10-11,0.04110874608159065,0.03627162426710129,0.03627162426710129,0.03824152424931526,0.03788142651319504,0.036637626588344574,0.03627162426710129,0.03627162426710129,0.03845449164509773,0.039797522127628326,0.03627162426710129,0.03627162426710129,0.03627162426710129,0.03627162426710129,0.037188224494457245,0.03627162426710129,0.03627162426710129,0.0375097431242466,0.03627162426710129,0.03627162426710129,0.03627162426710129,0.03765726834535599,0.03627162426710129,0.03627162426710129,0.03627162426710129,0.036849841475486755,0.03832757845520973
2021-10-12,0.0433429516851902,0.035985179245471954,0.035985179245471954,0.044474173337221146,0.03821741044521332,0.035985179245471954,0.035985179245471954,0.035985179245471954,0.040768641978502274,0.03893102705478668,0.035985179245471954,0.035985179245471954,0.035985179245471954,0.035985179245471954,0.035985179245471954,0.035985179245471954,0.035985179245471954,0.035985179245471954,0.035985179245471954,0.035985179245471954,0.037799444049596786,0.036547787487506866,0.035985179245471954,0.035985179245471954,0.036200083792209625,0.035985179245471954,0.035985179245471954
2021-10-13,0.04250079020857811,0.03609504923224449,0.03609504923224449,0.04507312551140785,0.03648824617266655,0.03609504923224449,0.03609504923224449,0.03609504923224449,0.04050838574767113,0.03911549597978592,0.03609504923224449,0.03609504923224449,0.03609504923224449,0.03609504923224449,0.03609504923224449,0.03609504923224449,0.03609504923224449,0.03609504923224449,0.03609504923224449,0.03609504923224449,0.03724493831396103,0.03716804459691048,0.03609504923224449,0.03609504923224449,0.03609504923224449,0.03609504923224449,0.03609504923224449
2021-10-14,0.04100622236728668,0.036065421998500824,0.036065421998500824,0.04629567265510559,0.036065421998500824,0.036065421998500824,0.036065421998500824,0.036065421998500824,0.04119635745882988,0.039170507341623306,0.036065421998500824,0.036065421998500824,0.036065421998500824,0.036065421998500824,0.03608782961964607,0.036065421998500824,0.036065421998500824,0.036065421998500824,0.036065421998500824,0.036065421998500824,0.03699659928679466,0.03793837130069733,0.036065421998500824,0.036065421998500824,0.036065421998500824,0.036065421998500824,0.036065421998500824
2021-10-15,0.03898290917277336,0.037136781960725784,0.036475930362939835,0.043753478676080704,0.036475930362939835,0.036475930362939835,0.036475930362939835,0.036475930362939835,0.03710067644715309,0.039062850177288055,0.036475930362939835,0.036475930362939835,0.036475930362939835,0.036475930362939835,0.03713499382138252,0.036475930362939835,0.036475930362939835,0.036475930362939835,0.036475930362939835,0.036475930362939835,0.03730970248579979,0.036475930362939835,0.036475930362939835,0.036475930362939835,0.036475930362939835,0.036475930362939835,0.036475930362939835
2021-10-18,0.036498717963695526,0.036498717963695526,0.036498717963695526,0.04019859805703163,0.03850864991545677,0.036498717963695526,0.036498717963695526,0.036498717963695526,0.03826720640063286,0.03895412012934685,0.036498717963695526,0.036498717963695526,0.036498717963695526,0.036498717963695526,0.036498717963695526,0.036498717963695526,0.036498717963695526,0.03770308569073677,0.036498717963695526,0.036498717963695526,0.036498717963695526,0.036498717963695526,0.036498717963695526,0.03984901309013367,0.036498717963695526,0.03654500097036362,0.036498717963695526
2021-10-19,0.037616897374391556,0.03632098808884621,0.03632098808884621,0.043053802102804184,0.037654608488082886,0.03632098808884621,0.03632098808884621,0.03632098808884621,0.039509862661361694,0.0372697114944458,0.03632098808884621,0.03632098808884621,0.03632098808884621,0.03632098808884621,0.03632098808884621,0.03632098808884621,0.03632098808884621,0.03632098808884621,0.03632098808884621,0.03632098808884621,0.03887433186173439,0.03632098808884621,0.03632098808884621,0.038946617394685745,0.03632098808884621,0.036975450813770294,0.03632098808884621
2021-10-20,0.037571147084236145,0.036318209022283554,0.036318209022283554,0.042955055832862854,0.03769811615347862,0.036318209022283554,0.036318209022283554,0.036318209022283554,0.039514511823654175,0.03721887990832329,0.036318209022283554,0.036318209022283554,0.036318209022283554,0.036318209022283554,0.036318209022283554,0.036318209022283554,0.036318209022283554,0.036318209022283554,0.036318209022283554,0.036318209022283554,0.03886360302567482,0.036318209022283554,0.036318209022283554,0.0390978679060936,0.036318209022283554,0.03703486919403076,0.036318209022283554
2021-10-21,0.037183672189712524,0.03638441488146782,0.03638441488146782,0.040785860270261765,0.03760528936982155,0.03638441488146782,0.03638441488146782,0.03638441488146782,0.03638441488146782,0.039954815059900284,0.03638441488146782,0.03638441488146782,0.03638441488146782,0.03638441488146782,0.03638441488146782,0.03638441488146782,0.03638441488146782,0.03638441488146782,0.03638441488146782,0.03638441488146782,0.03870764002203941,0.03638441488146782,0.03638441488146782,0.03807631880044937,0.03638441488146782,0.039998121559619904,0.03638441488146782
2021-10-22,0.036293886601924896,0.036293886601924896,0.036293886601924896,0.03874484822154045,0.03871597722172737,0.036293886601924896,0.036293886601924896,0.036293886601924896,0.036293886601924896,0.041929151862859726,0.036293886601924896,0.036293886601924896,0.036293886601924896,0.036293886601924896,0.036293886601924896,0.036293886601924896,0.036293886601924896,0.03693493828177452,0.036293886601924896,0.036293886601924896,0.03849288448691368,0.036293886601924896,0.036293886601924896,0.03997951000928879,0.036293886601924896,0.039325013756752014,0.036293886601924896
2021-10-25,0.036899469792842865,0.03628110513091087,0.03628110513091087,0.03863663971424103,0.03783245384693146,0.03628110513091087,0.03628110513091087,0.03628110513091087,0.03628110513091087,0.03956540301442146,0.03628110513091087,0.03628110513091087,0.03628110513091087,0.03628110513091087,0.03628110513091087,0.03628110513091087,0.03628110513091087,0.037030771374702454,0.03628110513091087,0.03628110513091087,0.04099945351481438,0.03628110513091087,0.03628110513091087,0.039158549159765244,0.03628110513091087,0.04053625464439392,0.03628110513091087
2021-10-26,0.037412840873003006,0.03638838231563568,0.03638838231563568,0.03800877183675766,0.03840770944952965,0.03638838231563568,0.03638838231563568,0.03638838231563568,0.03638838231563568,0.04110829904675484,0.03638838231563568,0.03638838231563568,0.03638838231563568,0.03638838231563568,0.03638838231563568,0.03638838231563568,0.03638838231563568,0.037422750145196915,0.03638838231563568,0.03638838231563568,0.0402255542576313,0.03638838231563568,0.03638838231563568,0.03745340183377266,0.03638838231563568,0.03858135640621185,0.03638838231563568
2021-10-27,0.036846984177827835,0.03627452254295349,0.03627452254295349,0.038481391966342926,0.03794236481189728,0.03627452254295349,0.03627452254295349,0.03627452254295349,0.03627452254295349,0.03944955766201019,0.03627452254295349,0.03627452254295349,0.03627452254295349,0.03627452254295349,0.03627452254295349,0.03627452254295349,0.03627452254295349,0.03703954443335533,0.03627452254295349,0.03627452254295349,0.04096170887351036,0.03627452254295349,0.03627452254295349,0.03941245749592781,0.03627452254295349,0.040650155395269394,0.03627452254295349
2021-10-28,0.036874666810035706,0.03634757548570633,0.03634757548570633,0.04079827293753624,0.03739931806921959,0.03634757548570633,0.03634757548570633,0.03634757548570633,0.03634757548570633,0.03953460603952408,0.03634757548570633,0.03634757548570633,0.03634757548570633,0.03634757548570633,0.03634757548570633,0.03634757548570633,0.03634757548570633,0.037142202258110046,0.03634757548570633,0.03634757548570633,0.04020034149289131,0.03634757548570633,0.03634757548570633,0.038444675505161285,0.03634757548570633,0.039001982659101486,0.03634757548570633
2021-10-29,0.03688347712159157,0.03637346625328064,0.03637346625328064,0.04147273674607277,0.03719466179609299,0.03637346625328064,0.03637346625328064,0.03637346625328064,0.03637346625328064,0.039565809071063995,0.03637346625328064,0.03637346625328064,0.03637346625328064,0.03637346625328064,0.03637346625328064,0.03637346625328064,0.03637346625328064,0.037181589752435684,0.03637346625328064,0.03637346625328064,0.039918892085552216,0.03637346625328064,0.03637346625328064,0.03816049546003342,0.03637346625328064,0.03852645307779312,0.03637346625328064
