,PPO,MinVariance,DJIA
2015-01-02,1000000.0,1000000.0,1000000.0
2015-01-05,983336.9196466097,988648.8424996515,981419.8382102343
2015-01-06,977008.0429096243,990895.7221103783,974129.4307173622
2015-01-07,989576.5192484622,1003346.252563562,986066.7953125413
2015-01-08,1007973.0504310989,1020934.7063253515,1004198.8979563093
2015-01-09,999112.209113211,1012578.6706257248,994637.9663481405
2015-01-12,993283.3896238193,1009099.0263730707,989225.0044384251
2015-01-13,992516.3078763107,1008078.3179273265,987701.9757206923
2015-01-14,983553.6687445852,999257.2062152802,977238.7925249584
2015-01-15,974225.4270820529,994679.9719736242,971273.5054445594
2015-01-16,985900.2383065895,1006484.2529540998,981976.1062137842
2015-01-20,986878.031454951,1008930.87607293,982181.3525691007
2015-01-21,989143.3242454875,1007062.2318992469,984371.0486106388
2015-01-22,1004217.706771903,1021923.0604285528,998934.0113253493
2015-01-23,998494.8906402923,1012891.878381304,991005.960139493
2015-01-26,998901.8314163954,1013816.2946539264,991348.0008906422
2015-01-27,978154.3959715377,995613.0054055558,975002.5491509712
2015-01-28,969374.4628237362,987109.5762351577,964020.554863917
2015-01-29,983695.5622176905,1002591.0575539183,976664.56272724
2015-01-30,962523.6030796979,983975.1142051581,962539.0354144153
2015-02-02,974583.4589892223,996837.9050997326,973534.9391396366
2015-02-03,988658.4168111568,1009848.0809660688,990658.33370845
2015-02-04,988087.1029076894,1007800.010853383,991029.5076135554
2015-02-05,997286.60811488,1014787.2391839761,1002909.8106553087
2015-02-06,994588.2360450722,1013979.2315669848,999512.0744327989
2015-02-09,989151.0384009631,1006440.1488154682,994180.4882125178
2015-02-10,1000844.9978311196,1018350.1804227567,1002005.8066975807
2015-02-11,1001032.1281318509,1018904.7637509134,1001634.6327924752
2015-02-12,1009172.911391963,1025516.9785771113,1007816.4471111137
2015-02-13,1012912.2246601463,1028336.6534507484,1010450.2594657834
2015-02-17,1013824.0660103799,1026608.8460643068,1012033.3068615916
2015-02-18,1015013.8538066094,1027572.8562827923,1011039.05584048
2015-02-19,1011865.2896013842,1023665.0455568004,1008567.228202733
2015-02-20,1019987.8866342917,1026915.8378124957,1017240.4748003148
2015-02-23,1019132.9095050737,1025593.0323241645,1015917.1067580046
2015-02-24,1024068.325874357,1029839.5709833609,1021095.6891584473
2015-02-25,1024762.6356100586,1030265.3329439466,1021958.1838479441
2015-02-26,1030652.9883428976,1034059.8869036848,1021388.9921144439
2015-02-27,1025428.7154361703,1033597.8633736882,1016806.4346156191
2015-03-02,1032662.0974154482,1037560.0098937164,1025550.4331585234
2015-03-03,1027941.0643063181,1034788.9769651706,1020769.3102156281
2015-03-04,1021012.2778405253,1027970.9345448362,1014798.9850710111
2015-03-05,1022410.9012892259,1028941.5839137995,1016975.8669057338
2015-03-06,1006437.4240037968,1012969.4750091122,1001333.9917864219
2015-03-09,1013450.5824721074,1018623.0734592198,1009125.2485764457
2015-03-10,995246.4922883149,1002727.6461500402,990464.2587129213
2015-03-11,992281.7597107148,997158.8444452344,988919.434891289
2015-03-12,1004576.0406453732,1011045.4540205544,1003489.626132921
2015-03-13,998553.7608536213,1005020.245308834,995307.5907965957
2015-03-16,1014137.7183448707,1019645.0071893914,1008099.0167998631
2015-03-17,1010695.8200984373,1016375.6937786463,1000902.2515875652
2015-03-18,1023462.1304313191,1027394.2704261162,1013637.6017456234
2015-03-19,1019190.517957578,1020239.972678002,1007067.7469590628
2015-03-20,1029920.3436049938,1031636.0883859219,1016523.3173111938
2015-03-23,1027572.4387867067,1033284.592785134,1015872.2022725833
2015-03-24,1021396.4737280556,1027588.0537579713,1009989.9337286463
2015-03-25,1003696.3966574555,1014238.483314207,993582.0538019259
2015-03-26,1001295.4506847502,1011206.5075279307,991321.7153382003
2015-03-27,1005181.7072239438,1009612.4815573147,993252.3891650514
2015-03-30,1018044.1786455204,1024612.2265626532,1008036.8076590842
2015-03-31,1008072.3310984763,1014910.904295499,996810.9053499971
2015-04-01,1002862.0428264046,1009392.8491839361,992440.3846408698
2015-04-02,1005930.6568506898,1012723.6315277597,996088.7097966583
2015-04-06,1012942.5216943874,1019069.6327057438,1002683.754904309
2015-04-07,1012880.2625865263,1017953.1265338653,1002379.2805885248
2015-04-08,1015741.1114386612,1019820.4792866299,1003898.3664733912
2015-04-09,1018176.3911714918,1021103.8687705658,1007050.9899193811
2015-04-10,1023295.3293510029,1024625.0459396192,1012598.0081465498
2015-04-13,1018955.2700167621,1020905.3543510691,1008077.6597885041
2015-04-14,1021191.6036673974,1023131.8196761344,1011423.153475536
2015-04-15,1027425.029497234,1024544.959116851,1015679.8796472173
2015-04-16,1028899.9855311558,1023073.2532473928,1015296.329627837
2015-04-17,1012053.0858092363,1009129.3822722799,999624.8832620282
2015-04-20,1024315.3347543639,1020894.0157052295,1011323.9255150681
2015-04-21,1020739.6564970929,1014754.1890276673,1006538.4216467657
2015-04-22,1025759.5734072204,1020141.6023486183,1011511.210076216
2015-04-23,1027475.0717409292,1021103.682052803,1012656.2744544625
2015-04-24,1030945.4818486128,1023991.2020349453,1013859.1670480809
2015-04-27,1027228.4961037784,1019474.5505778554,1011494.4530365344
2015-04-28,1032374.793216234,1024839.8051744822,1015541.4424043569
2015-04-29,1032073.012937585,1019636.4399895805,1011357.5491175666
2015-04-30,1021845.1301182887,1012377.0738869398,1000422.2116860966
2015-05-01,1032388.6579580416,1019885.4619200137,1010714.4292678236
2015-05-04,1033984.4306520127,1019541.538047084,1013312.9751729673
2015-05-05,1026454.0677957648,1013897.8802070151,1005338.9242703377
2015-05-06,1022797.80650203,1011262.2184294199,1000504.1349912069
2015-05-07,1026449.5992634257,1013206.726911925,1005106.8447469036
2015-05-08,1038727.8661696817,1025141.2150121991,1020081.8334961395
2015-05-11,1034168.7448493507,1017806.2718071743,1015262.7060253385
2015-05-12,1031785.1620202152,1016703.3365793322,1013191.2949697885
2015-05-13,1034567.1777612157,1016707.7683387471,1012757.2547850931
2015-05-14,1045886.7805836247,1025136.6344953068,1023509.7981039573
2015-05-15,1047974.6550893618,1027566.0591995685,1024649.2768023099
2015-05-18,1049869.5017969252,1027079.2827354914,1026125.2105719178
2015-05-19,1048613.3190246997,1025732.0304717215,1026882.7820979179
2015-05-20,1047286.12125464,1023802.2421559459,1025369.2818929454
2015-05-21,1048719.405507316,1022842.5306368979,1025388.3389184657
2015-05-22,1046076.1492552097,1017000.5462262288,1022375.9050854986
2015-05-26,1034635.5627973798,1007603.8773165398,1011694.5518044977
2015-05-27,1042119.9418900904,1011810.9403014698,1018505.0289190363
2015-05-28,1039284.4730949515,1009626.4220568256,1016437.4511732173
2015-05-29,1034299.8148612481,1003867.5319243921,1009964.0862687451
2015-06-01,1035253.2791514246,1005120.8638542513,1011628.9474465284
2015-06-02,1033310.1976922477,1004034.5430595342,1010034.7286909324
2015-06-03,1036226.0558741034,1005548.4592209472,1013642.0921941658
2015-06-04,1026316.8090343064,995651.3855610942,1004070.536841885
2015-06-05,1022766.2970901495,987357.2681958429,1000923.6085989241
2015-06-08,1016889.0387101128,983806.9590813919,996274.3515107785
2015-06-09,1016602.3282866181,983840.0386256557,996133.5047589445
2015-06-10,1029618.4082886975,992927.1238501692,1009387.6660083232
2015-06-11,1032200.4161411136,995481.166716678,1011572.871601319
2015-06-12,1023503.2970577809,987969.1946675756,1003692.5725023989
2015-06-15,1018977.6194080715,981481.5591451892,997654.8906296496
2015-06-16,1025945.9456148101,988822.3360660373,1004008.8753167819
2015-06-17,1028963.846926457,992873.2316731227,1005761.7930952454
2015-06-18,1040680.4231179088,1003309.5928357418,1015861.0309127953
2015-06-19,1035205.6670705874,997011.2380795716,1010259.5796874452
2015-06-22,1040599.8544514062,1001219.7170858923,1016081.9390764417
2015-06-23,1040995.8094445093,1000388.6701931308,1017444.0783086036
2015-06-24,1032160.8363616501,993185.497929065,1007462.5778613657
2015-06-25,1028305.2633148808,988922.5407025327,1003217.0230494724
2015-06-26,1029759.1432430209,992480.5424407051,1006375.2321753561
2015-06-29,1008726.0035526728,975220.7608166991,986730.1769422914
2015-06-30,1009430.6860395157,973919.5428835489,988028.9022791873
2015-07-01,1018328.2897418222,985477.9351534906,995789.8211607678
2015-07-02,1017366.8421847586,986127.6292714409,994230.8688546979
2015-07-06,1014438.7134396868,985084.8749944845,991621.6992054426
2015-07-07,1021001.4760003939,997011.3329429646,996855.2622197426
2015-07-08,1006812.4256186681,986360.4868945801,982191.9763132125
2015-07-09,1007901.1592067608,988101.0013643468,984053.6505649039
2015-07-10,1019950.8682582272,998199.1152368316,995930.0107737909
2015-07-13,1031846.383971031,1007413.7684386483,1008113.5833768413
2015-07-14,1037439.1564179639,1010712.7618192619,1012369.7619328466
2015-07-15,1037632.8479297146,1009761.0789896279,1012178.5345388326
2015-07-16,1043508.7919128507,1015000.2697424042,1016108.3341520188
2015-07-17,1041436.3176842491,1010078.6904375958,1014212.9267746938
2015-07-20,1042085.1912109746,1011547.5769280101,1014995.7981449191
2015-07-21,1036479.4395445118,1005252.4559434553,1004839.2797276728
2015-07-22,1032158.9228908021,1003630.543531418,1001012.1032921451
2015-07-23,1026194.9607262008,1001100.6302424687,994332.3968010045
2015-07-24,1016987.8577492535,991906.1537146871,985170.12940487
2015-07-27,1011801.7626735833,986779.6266519999,977995.8164352827
2015-07-28,1024177.5992118785,994448.8778481887,988632.2652308622
2015-07-29,1031151.9721665059,1002383.6212186195,995424.2329355562
2015-07-30,1030292.7090571789,998804.155952086,995120.8538511237
2015-07-31,1030559.3916954752,997331.8926231519,991973.8160850276
2015-08-03,1026476.2941234955,996180.9362291871,986833.8953513015
2015-08-04,1024165.065304923,993975.6034944023,984169.7450881886
2015-08-05,1026229.4695610852,990793.5147945907,983596.720044957
2015-08-06,1017631.0531615673,985806.6000534412,976827.2045829736
2015-08-07,1016993.6923793535,979864.8173991344,974227.0158308025
2015-08-10,1030254.9412822973,990288.7423978203,987785.5418728302
2015-08-11,1018989.3270331855,985871.3774116904,975878.9532786353
2015-08-12,1019557.4208578102,985702.8163451147,975860.4438687909
2015-08-13,1019962.4134038112,987192.173937301,976182.3323630679
2015-08-14,1024281.7035443055,988934.7400997896,980059.9989639112
2015-08-17,1028559.5563584307,990679.5277229262,983860.7803238621
2015-08-18,1025379.2970287008,984766.2093019299,981963.1824838335
2015-08-19,1015929.8810049433,976520.1546939202,972844.7243417688
2015-08-20,992975.9402680135,960746.2481141057,952767.2717710362
2015-08-21,963922.638726289,935117.0982207999,922994.393182141
2015-08-24,928707.7903863963,901297.8673227356,889999.3439564203
2015-08-25,915533.2051018293,886788.4378775894,878508.8885143198
2015-08-26,953493.6983927265,917870.6430489342,913223.7247701137
2015-08-27,974012.7203296607,934480.770787931,933930.2782292869
2015-08-28,975105.1605982146,931024.5245578885,933270.839432403
2015-08-31,968525.6977225547,925037.392766347,926823.2124646966
2015-09-01,941355.0193122812,905044.2031910988,900485.5270105408
2015-09-02,959247.5158594492,918714.6077739275,916917.4472654318
2015-09-03,960476.1967900913,920409.5145807063,918228.4939550348
2015-09-04,944583.7952049064,906125.0913752443,902954.5618083408
2015-09-08,969822.962744339,927649.5080796337,924840.9532411784
2015-09-09,954951.0577071862,912785.567212357,911432.6929406096
2015-09-10,960101.9682525932,913168.4463221654,915741.0045089578
2015-09-11,965149.0881348276,919382.0092110079,921499.4023870128
2015-09-14,961528.6050248338,916763.5697746413,918015.4166955535
2015-09-15,975387.4792257998,928675.3867340132,930850.5971913231
2015-09-16,982498.4578001912,935362.1945809473,938706.801200505
2015-09-17,979896.7839755162,931620.5349603847,935050.1522864433
2015-09-18,963078.0098880138,917701.078799593,918779.1762786908
2015-09-21,967705.0365654794,923261.9024995903,925822.8281480153
2015-09-22,958012.0129561316,915576.8678628923,915744.8925802566
2015-09-23,955381.0493209836,912255.0091691369,912908.5719486498
2015-09-24,950482.8640217722,910570.3157107208,908502.730028429
2015-09-25,955154.5723450314,914167.1405803025,914858.9051782647
2015-09-28,936969.182041172,904709.9780786734,897319.486980492
2015-09-29,939704.1892123863,910794.2245080976,899968.5230509508
2015-09-30,954945.9531095503,919292.342345791,913178.3274305839
2015-10-01,955251.0235657664,914164.6124590086,912466.7008597894
2015-10-02,966898.6194210668,923244.2241990177,923702.0221585017
2015-10-05,985449.2935728416,940699.6521263008,940752.4743192891
2015-10-06,984531.5311718658,939582.42092512,941524.0648065915
2015-10-07,993264.2177916236,946538.619701916,948370.9036020078
2015-10-08,1001867.2806755182,955865.7124936834,956135.2177007786
2015-10-09,1002706.4788737121,956442.7921958005,958027.2298609132
2015-10-12,1005666.3823315246,958931.8608378405,960683.4944582935
2015-10-13,1000953.2171919722,955772.6649520718,957881.4545679964
2015-10-14,992154.4946534998,942033.0688136555,949069.6612044193
2015-10-15,1004434.8192905932,951557.2296691553,961238.1196148159
2015-10-16,1007914.5408029531,955242.6748206301,965400.1082745715
2015-10-19,1009599.4553816064,955827.4477256126,966217.041339836
2015-10-20,1008278.5114758068,956608.0699357386,965463.960262378
2015-10-21,1004649.0774889834,955333.6231633835,962744.2817697318
2015-10-22,1024084.958663396,976834.251989655,980719.4377607951
2015-10-23,1036258.3754254866,983929.125357289,989553.5738439477
2015-10-26,1035045.9461609541,983501.1841993608,988227.4677232582
2015-10-27,1033024.1211882341,981467.1877463032,985893.5297126956
2015-10-28,1043838.6484469812,986494.2897327554,997001.5851283354
2015-10-29,1041607.9376980565,988133.8317789081,995671.5361747796
2015-10-30,1036208.6922289444,982290.5987054503,990497.8823154198
2015-11-02,1046533.8530087178,988450.1498729291,999762.7728892127
2015-11-03,1049530.8271281195,989308.5103888471,1004775.4277398664
2015-11-04,1046924.7092887488,987144.7419241024,1001939.6547239354
2015-11-05,1046434.8787266978,987661.0800601136,1001706.9180616902
2015-11-06,1048367.3105702542,986610.6294388804,1004336.8971066286
2015-11-09,1037779.0939430185,979635.428729462,994251.678250381
2015-11-10,1038451.7553576517,983388.7518009114,995806.6877235846
2015-11-11,1035030.7034316821,982057.3789796156,992666.9880075452
2015-11-12,1019700.7354338721,968073.4090683309,978415.2900429999
2015-11-13,1007217.0194472885,959868.1438781845,967041.4219782924
2015-11-16,1022306.8613884987,972879.6419666769,980374.5494081315
2015-11-17,1024808.2370943343,974590.1260077097,980738.4947863155
2015-11-18,1040172.8083798325,987944.0757580358,994626.2473726769
2015-11-19,1043945.0872271501,993682.7824374333,994378.9441334535
2015-11-20,1048932.393994293,993503.1433656636,999485.2412646812
2015-11-23,1047894.4295958441,993679.6952282164,997739.5520131392
2015-11-24,1047533.867830454,991808.3210491167,998833.5786103946
2015-11-25,1048031.9784750675,991299.0489959763,998900.9353385267
2015-11-27,1048000.737177966,989551.5485953414,998900.9353385267
2015-11-30,1043796.1981127766,982886.90270834,993659.486658494
2015-12-01,1053981.8533636383,990495.7389481607,1003104.323743378
2015-12-02,1046153.921369716,983264.1394674258,994206.7737649595
2015-12-03,1030815.5175593399,973693.4311925023,980075.1131565651
2015-12-04,1054317.5732043355,993639.514333181,1000820.9854212659
2015-12-07,1048434.2932014612,994256.3827894783,994253.3210974088
2015-12-08,1040673.7914749234,985654.5209457878,985140.4486352376
2015-12-09,1032003.9719256253,980196.0919634851,980895.5509621553
2015-12-10,1037056.5742397066,983238.5185986542,985518.9605903998
2015-12-11,1018403.7209955277,972065.0110294777,968161.2960354487
2015-12-14,1026827.3887520485,980161.5017334584,973953.3175160021
2015-12-15,1037290.1408599342,990250.4434517033,982724.149227024
2015-12-16,1053300.899592641,1003200.2943838165,995295.2146823211
2015-12-17,1037540.7487149411,990564.223582555,981094.0068830911
2015-12-18,1017164.7144442486,972013.3407168556,960497.9622673085
2015-12-21,1024372.9573242423,977713.3150201091,967399.1245377713
2015-12-22,1035568.7267896077,987832.9569379662,976688.1102013025
2015-12-23,1045451.4533489642,996412.5620289822,987081.1985905248
2015-12-24,1042456.8063439205,995316.7416906824,984252.7636246507
2015-12-28,1040826.8416717497,995277.5364465346,982912.5290195238
2015-12-29,1052474.2148590763,1004515.2962487426,993718.9577208937
2015-12-30,1045471.1623362314,999519.7506926378,987151.8410127122
2015-12-31,1034493.6437951843,989147.9480171548,977123.2456173496
2016-01-04,1034493.6437951843,974468.0064011208,961641.2742753923
2016-01-05,1035361.9009656732,978043.3794830334,962186.3709191543
2016-01-06,1021814.4613614974,968790.8600551728,948046.8246450273
2016-01-07,998240.5872433219,957363.7016097461,926042.093464634
2016-01-08,987668.4472166132,949409.3042513935,916641.0108722522
2016-01-11,990319.66134914,953551.639025002,919563.6904959438
2016-01-12,998662.5568563401,958082.9596697337,926161.0355894333
2016-01-13,976158.2043305859,941300.8658269692,905703.9758321869
2016-01-14,991511.6973985843,952423.4302501186,918469.061521445
2016-01-15,968629.2975116315,936130.8292424089,896545.1036532427
2016-01-19,971533.4633779472,943665.9901407269,898111.8321019099
2016-01-20,960058.3972779396,932116.959720588,884133.2848364891
2016-01-21,965302.18410243,940343.1270402881,890634.6876635659
2016-01-22,978041.6311073607,939745.106249356,902457.1624899472
2016-01-25,966527.0716256525,936129.2205303356,890777.12250086
2016-01-26,982099.4183373735,953912.9390350413,906591.113227098
2016-01-27,968896.5507683108,953519.2156663296,894099.0687138293
2016-01-28,973975.620426671,958783.529149144,901118.6254934154
2016-01-29,999766.3153443935,978031.2210118123,923361.7337775154
2016-02-01,1000400.4176321743,983999.7738964846,922401.6539745781
2016-02-02,978902.1317878686,971358.575418703,905823.4108110945
2016-02-03,987663.073382283,977560.7418459732,916092.0261571914
2016-02-04,991970.8810359857,977964.8990490146,920573.6033253853
2016-02-05,973865.2228889405,967942.9867335471,908707.3740065019
2016-02-08,962945.4559155316,965018.3675734908,898730.3640078064
2016-02-09,963911.3065860291,965379.3957705649,898019.8874299312
2016-02-10,960159.3679516071,958889.145972657,892432.5099274508
2016-02-11,950331.3640784683,948176.8114308416,878157.8121045189
2016-02-12,969150.3951552188,964243.2339687957,895746.5704746875
2016-02-16,983447.882087795,971777.3605314018,908227.3888666009
2016-02-17,1001041.5141761244,979823.6082998906,922662.428559428
2016-02-18,997342.5496591092,979073.82528846,920396.9425083492
2016-02-19,996900.4350738208,980401.2153986768,919194.7070535418
2016-02-22,1008327.5586108742,990600.6000861758,932017.5661966044
2016-02-23,996138.2542200556,984990.1022463659,921425.912363311
2016-02-24,998570.9092325364,987451.1379405141,924409.7606579976
2016-02-25,1012474.1191116322,997660.7684464619,936314.5968820297
2016-02-26,1009179.9169766143,989288.0480580428,933100.4214340718
2016-02-29,1000403.9501134261,985170.0353546976,926176.6973977633
2016-03-01,1025576.3216732321,1001013.287090262,945723.6199017117
2016-03-02,1028344.9297056937,1003159.988794538,947643.669984451
2016-03-03,1031267.8094603005,1004465.6031252623,950143.5355448026
2016-03-04,1034301.0993589727,1007753.9016101199,953668.9757429255
2016-03-07,1038086.0675440438,1011287.6420556672,957436.133500378
2016-03-08,1033377.4038522867,1013635.9487956308,951276.2238087744
2016-03-09,1037089.1718940558,1014836.944359394,953309.5208132837
2016-03-10,1037349.0374391472,1014955.6765481114,953016.3273804224
2016-03-11,1050654.79584007,1023177.8442344264,965250.9377644642
2016-03-14,1051634.4171397358,1024607.4161877246,966138.0751593753
2016-03-15,1052919.5712893002,1026917.7957453905,967394.0864735533
2016-03-16,1058129.0244938273,1029273.4112907797,971556.6227489847
2016-03-17,1066035.8693952747,1034893.6929477421,980289.340408966
2016-03-18,1073022.888950616,1038211.5388838548,987063.8939351673
2016-03-21,1075274.588694375,1039952.8144493118,988273.3579168963
2016-03-22,1074828.3559393103,1037028.97414349,985957.4912236374
2016-03-23,1067156.9575586384,1035571.6515334076,981472.518838253
2016-03-24,1068381.5613115164,1036590.1662149315,982209.3904917052
2016-03-28,1068098.5789293249,1038369.423173174,983311.8503703689
2016-03-29,1074623.4883440544,1043080.2259656987,988791.5118694055
2016-03-30,1080257.819229272,1048021.3349687661,993476.6925458884
2016-03-31,1078692.969130245,1047091.7362427781,991706.3605889322
2016-04-01,1086975.5782025517,1053284.8443374909,997743.4948460056
2016-04-04,1082999.2656230382,1051408.438160935,994617.2664755925
2016-04-05,1074057.9798870669,1045394.5636055389,987121.0650117282
2016-04-06,1083229.1177595835,1049015.684244052,993442.521327714
2016-04-07,1070797.8474576767,1039534.0606756473,983680.2861970951
2016-04-08,1072255.0295641413,1041308.6316887466,985642.940779417
2016-04-11,1069699.8679018302,1036895.6903853476,984490.5383511139
2016-04-12,1079644.4383788197,1044931.4612983561,993734.0719135477
2016-04-13,1091818.7171885562,1047442.4861750668,1004221.8978146957
2016-04-14,1092385.5904708605,1046885.5436577096,1005239.6963098698
2016-04-15,1090313.8984255532,1049045.3890898298,1003615.2491689658
2016-04-18,1097515.8372286223,1056766.3774277742,1009598.4980435335
2016-04-19,1101485.667923492,1063754.9644454222,1012370.8571641985
2016-04-20,1101888.985412242,1058504.1706101706,1014763.6090983496
2016-04-21,1095544.8321100378,1043281.925694454,1008384.9817058031
2016-04-22,1094171.0791590812,1048543.2728577084,1009575.4981851468
2016-04-25,1093011.3083570686,1052380.9181438726,1008088.9406714273
2016-04-26,1093413.1918858262,1048039.7971185478,1008822.417107689
2016-04-27,1095473.230964971,1052783.6318059077,1011695.2089433087
2016-04-28,1083097.8016165965,1046439.910580178,999874.924579631
2016-04-29,1077828.6443422672,1042024.7697210399,996671.9204914611
2016-05-02,1085297.6882485177,1049928.0993960556,1003261.9275348937
2016-05-03,1076250.9876766286,1045333.1939923039,995397.2902443033
2016-05-04,1069344.3988476575,1045211.9891928169,989809.3103645795
2016-05-05,1068939.4422734054,1046578.1741562465,990339.2928156876
2016-05-06,1073857.248213471,1053665.081061047,994820.8699838815
2016-05-09,1071889.643220952,1055020.724846188,992873.8772098894
2016-05-10,1085221.603345967,1063710.3733448233,1005347.3575517462
2016-05-11,1073806.896145333,1051569.5771147842,993165.975411399
2016-05-12,1073813.3816816746,1054640.8800233789,993692.0150296408
2016-05-13,1064771.906532515,1043621.7082404401,983307.9075375026
2016-05-16,1075157.111456604,1050243.080143922,993143.0850761476
2016-05-17,1064563.3589959925,1037106.1134649409,983008.4712859363
2016-05-18,1065005.7253200787,1031452.1239589087,982819.9819703015
2016-05-19,1063395.4402804992,1034746.6119289136,977704.8134651247
2016-05-20,1068361.3856385944,1037222.2634316979,981379.9717890308
2016-05-23,1067146.3096387906,1034826.9001636647,980930.8174116813
2016-05-24,1081565.9493664848,1046800.0952767597,992881.7628756219
2016-05-25,1091543.3029370948,1051046.6933363504,1001038.4983677218
2016-05-26,1090812.2217279163,1051812.5160236736,999736.3778136356
2016-05-27,1094014.1708648158,1054421.73839476,1002255.9575383186
2016-05-31,1091677.6158804237,1052146.8558440146,997432.2300958404
2016-06-01,1090993.9072641348,1052716.029307988,997570.7768618359
2016-06-02,1094834.879087429,1057276.6125987133,1000312.359981517
2016-06-03,1092742.344706328,1057779.7095023189,998545.970857427
2016-06-06,1099318.7880707725,1062535.2480973164,1004897.6555587208
2016-06-07,1099703.6391766984,1063927.6660449463,1005904.1731709719
2016-06-08,1103252.3694343476,1067668.688344743,1009648.4405931729
2016-06-09,1102373.6139642238,1069498.4834724984,1008534.6998315863
2016-06-10,1096008.3348887428,1067857.8863272816,1001814.0316878905
2016-06-13,1087900.7554223877,1060728.7174535277,994363.8299407994
2016-06-14,1083876.827358961,1058290.2680023876,991130.4879441861
2016-06-15,1081994.9729527964,1057058.4689304298,989187.4380030603
2016-06-16,1086993.8284502362,1063688.220175835,994398.5487746497
2016-06-17,1082803.2045957728,1059700.5852872818,991149.5449697064
2016-06-20,1089997.0619321666,1065906.4249734334,998423.0858997615
2016-06-21,1092138.3957905958,1066909.3856234942,999817.2058873941
2016-06-22,1089453.7129016465,1063561.602044266,997075.0751520373
2016-06-23,1103782.7175422339,1074469.572619274,1009985.9908957798
2016-06-24,1065070.5536010107,1051068.9413026294,975761.7635239989
2016-06-27,1048174.8463407734,1040402.2774424948,961153.4582313263
2016-06-28,1065310.5749077564,1053341.1118262315,976264.8032838542
2016-06-29,1083560.6911433756,1068042.0599390997,992244.1191826375
2016-06-30,1099030.8789751725,1082384.020170977,1005439.3569852924
2016-07-01,1101220.5503036762,1083074.2801291763,1006526.0455324912
2016-07-05,1094781.6552012828,1084207.453169827,1000427.7973659905
2016-07-06,1101792.8024582572,1086851.17488509,1004801.7132923082
2016-07-07,1101017.6850476435,1083288.6214156328,1003526.6449526099
2016-07-08,1118535.4602604597,1093799.0963040057,1017593.7964343866
2016-07-11,1123257.895614299,1096967.9115913433,1022090.4877952345
2016-07-12,1130078.5533362152,1097287.2275622664,1028861.0984885697
2016-07-13,1130998.9350973172,1100480.0179008937,1030232.1090946806
2016-07-14,1138048.9843893084,1103763.3484860742,1037762.5912998545
2016-07-15,1138231.5648988832,1103982.0106136822,1038331.2354176791
2016-07-18,1139082.1517782253,1104184.5923107006,1039256.4868636309
2016-07-19,1139743.8626456968,1109020.4572245383,1040712.1588532316
2016-07-20,1144499.7706973492,1108505.5562498746,1042731.9845121143
2016-07-21,1138625.470935727,1105080.7347342477,1038369.3494687196
2016-07-22,1142186.235435436,1111177.8088407626,1041376.0880986576
2016-07-25,1139087.1192017558,1108310.8643389521,1037014.0006709388
2016-07-26,1138198.2897014352,1097669.2823381203,1035931.1454334712
2016-07-27,1138520.106366729,1090803.4701925798,1035842.5412171152
2016-07-28,1138002.2041674668,1092084.907877341,1034955.4038222042
2016-07-29,1138258.679758255,1092110.1729050681,1033603.4502416136
2016-08-01,1137107.2224815073,1092448.1716832311,1032048.4407684099
2016-08-02,1131363.5814055838,1088489.5396501152,1026960.1054313509
2016-08-03,1134200.4451283948,1087558.454925711,1029272.1388148787
2016-08-04,1134535.1923936917,1087781.1942783955,1029106.7588807656
2016-08-05,1147951.9557272978,1092974.6830169188,1039844.0784838406
2016-08-08,1147181.4644500078,1090374.0592369516,1039045.5453052854
2016-08-09,1146849.2188359208,1090178.8394394866,1039256.4868636309
2016-08-10,1144957.3165067744,1092581.8408918425,1037159.7759638556
2016-08-11,1152597.5760869856,1097881.0583598146,1043768.8400328087
2016-08-12,1150861.5441892557,1097277.3266973891,1041691.295681689
2016-08-15,1153763.8214675628,1095146.1169376872,1045032.2989201786
2016-08-16,1148053.829610307,1086306.60286724,1040320.1755524429
2016-08-17,1149368.369456189,1090584.7255522802,1041549.3536985032
2016-08-18,1150495.6240990786,1091896.3496067228,1042881.7026378976
2016-08-19,1149180.7047366237,1086350.5146557218,1040351.061076562
2016-08-22,1148021.5905627226,1083886.5288420497,1039052.8833553421
2016-08-23,1150557.0455328852,1085417.4669808298,1040055.567657862
2016-08-24,1146359.4862374978,1081957.1574948917,1036364.6380024906
2016-08-25,1145686.0046649394,1079373.9279014496,1034510.1922777209
2016-08-26,1143155.991909018,1074561.3051825552,1031537.6248659573
2016-08-29,1148752.1987732796,1081151.6173421815,1037570.8162901645
2016-08-30,1145989.7745976446,1078091.8893992484,1034840.5140534063
2016-08-31,1143556.3229830046,1077412.4887579842,1031844.9467832563
2016-09-01,1143149.7748239245,1080317.4512543576,1032877.8594710843
2016-09-02,1146270.3995315956,1083618.360019834,1036952.3391458357
2016-09-06,1149969.8414115054,1087818.997448215,1039540.6993994081
2016-09-07,1148802.4802341189,1085271.4678361395,1038868.9940113844
2016-09-08,1144984.3357574125,1082741.4140676053,1036276.5814018106
2016-09-09,1121443.3205879582,1060822.3744208175,1014156.8509294845
2016-09-12,1137723.6556055702,1077580.0374979721,1027593.8062914689
2016-09-13,1122530.2224718397,1063636.111465878,1013108.2764333265
2016-09-14,1122841.7733408774,1062844.056466701,1011314.9446179839
2016-09-15,1134792.2025510538,1072797.1644026502,1021280.2356412158
2016-09-16,1131431.320825617,1072274.841043553,1016307.4472117655
2016-09-19,1129325.0200457077,1070070.0415572007,1016103.8437034766
2016-09-20,1131336.5601293908,1072248.3033641023,1016652.8831801049
2016-09-21,1141357.133470229,1078927.6850619568,1025834.6456943006
2016-09-22,1148332.2606913068,1085883.4033353396,1031372.7925475203
2016-09-23,1138345.2331138486,1079642.5689310585,1024026.1996863039
2016-09-26,1128008.7878340508,1071180.34729827,1014682.8905477263
2016-09-27,1136102.2797552072,1079776.9724794105,1022167.373036127
2016-09-28,1140854.1672035973,1076609.118235794,1028388.3966371579
2016-09-29,1129103.9845867786,1065595.0562505813,1017409.249951618
2016-09-30,1139108.9659015818,1075237.5817931783,1026645.0073714546
2016-10-03,1135406.4266966786,1070143.9379351984,1023600.045167341
2016-10-04,1132544.9449797042,1064234.5132064754,1018811.1460818481
2016-10-05,1136191.7639341773,1065251.627982055,1025124.1691164254
2016-10-06,1135915.5395516795,1057282.154998763,1024421.5782042827
2016-10-07,1132245.3453613033,1055514.4924449457,1022850.9069227494
2016-10-10,1139260.8764355043,1056937.08122851,1027816.3573021428
2016-10-11,1125395.7612254834,1045478.1365994764,1016579.940772079
2016-10-12,1126489.2694735525,1048511.4955005783,1017451.3068355251
2016-10-13,1123788.9819149787,1048753.3585755245,1014913.3272241328
2016-10-14,1126738.280817649,1046948.3039813164,1017125.0374158411
2016-10-17,1122989.6827275984,1044308.1144953582,1014210.1886963145
2016-10-18,1127012.0375727878,1048776.0622984248,1018446.1054723124
2016-10-19,1127289.5584405707,1050221.1917601353,1020727.2533317211
2016-10-20,1126248.755338523,1056003.940814034,1018469.1053306991
2016-10-21,1126629.0504183574,1056227.738964864,1017536.0777421498
2016-10-24,1131441.6013616964,1059419.3898167475,1021871.7700942917
2016-10-25,1128704.6941493063,1056612.3764567822,1018857.1457986213
2016-10-26,1130229.2621972612,1056145.3192098413,1020542.8163720878
2016-10-27,1128370.236060833,1057549.946918638,1018880.145657008
2016-10-28,1124034.8288093577,1055314.7316450803,1018404.0485884056
2016-10-31,1121675.6840044998,1055431.9350100905,1017351.5312593812
2016-11-01,1115359.98726178,1048611.3232136006,1011445.6057182465
2016-11-02,1110066.8050329906,1045832.1832835132,1007102.0277003724
2016-11-03,1106970.5540671288,1045872.607771297,1005477.471036333
2016-11-04,1104325.7553111003,1041564.7326913906,1003100.380910512
2016-11-07,1127838.343087251,1059530.8138028444,1023922.4812772938
2016-11-08,1133183.1366968527,1065627.5875854003,1028023.9036432981
2016-11-09,1150055.550961083,1070579.51403108,1042432.5482605482
2016-11-10,1155326.574963715,1067320.2920800159,1054667.8157834008
2016-11-11,1158633.5757158413,1070290.38837316,1056898.4734774942
2016-11-14,1159421.8310960263,1072535.9041461793,1058077.7090739151
2016-11-15,1165252.9968273412,1079006.229077284,1061126.614110895
2016-11-16,1163529.1928169834,1079868.6603153213,1058046.9330729311
2016-11-17,1164381.3255293856,1077661.1655233977,1060047.7017062937
2016-11-18,1162375.9758379196,1073195.1413079363,1058035.1045743325
2016-11-21,1166358.1569256512,1077442.302829487,1063012.383452325
2016-11-22,1170493.3158126094,1081749.529908054,1066779.5412097771
2016-11-23,1173126.5110062545,1086521.7600046135,1070105.4302556128
2016-11-25,1177637.7051071096,1092802.422803155,1073972.473112344
2016-11-28,1174581.746122391,1092025.6799296704,1070930.906125421
2016-11-29,1175684.2159392613,1093028.719091544,1072259.859847625
2016-11-30,1171542.9261315293,1083939.7823380781,1072370.9163066915
2016-12-01,1171257.0631557002,1084688.0776902218,1076203.6784221134
2016-12-02,1170717.0426895937,1085375.4860492267,1074997.5001344397
2016-12-05,1175898.8803278618,1084980.0253483136,1077566.9128856268
2016-12-06,1177351.7343852397,1086906.4955163694,1079559.795853257
2016-12-07,1194743.4645109863,1102602.238647009,1096261.4168285145
2016-12-08,1196797.7663019537,1102182.907036126,1099917.0800343596
2016-12-09,1205598.2279251325,1112260.7886574236,1107882.0405167695
2016-12-12,1209214.726007204,1118116.0242763383,1110101.5268510752
2016-12-13,1218519.4621631198,1122447.6726374086,1116537.9824589938
2016-12-14,1211233.7888386308,1115181.2619414686,1109882.8091501324
2016-12-15,1214897.083847954,1118125.1375948451,1113231.1504386785
2016-12-16,1213632.8051520016,1122579.013355461,1112735.9963445559
2016-12-19,1216124.1626570015,1124219.607909516,1114959.4255117276
2016-12-20,1220977.2676088735,1126161.5974256068,1120093.6510424248
2016-12-21,1218731.244357867,1123864.5933967545,1118262.3146991767
2016-12-22,1217669.8590111171,1122832.650695934,1116968.0798108228
2016-12-23,1218752.238175601,1124330.6153680237,1117805.2746560946
2016-12-27,1219292.3582770114,1123920.489977682,1118434.9231602114
2016-12-28,1211518.201274312,1117444.9817570029,1112190.352085118
2016-12-29,1211533.2879582404,1119074.3245023487,1111410.8759320828
2016-12-30,1206808.621905012,1115105.5408945158,1108204.4766267226
2017-01-03,1206808.621905012,1120644.2148601173,1114886.4831037018
2017-01-04,1212198.7965537158,1123935.6219827146,1118273.4860589644
2017-01-05,1210519.4516753133,1125130.073184375,1115869.4532418903
2017-01-06,1215798.601639556,1124621.4794548373,1119487.0023966949
2017-01-09,1213368.307528874,1121014.5638645925,1115201.690686733
2017-01-10,1212448.811861003,1118058.4479389102,1113415.5873983118
2017-01-11,1217734.559202786,1119681.9746293772,1118953.0771127206
2017-01-12,1213390.0412770275,1118725.3240787284,1115404.637056211
2017-01-13,1214529.3532757636,1116210.8786410063,1115109.143637511
2017-01-17,1212450.7539666204,1122449.4467626319,1111802.8592328716
2017-01-18,1213218.157936495,1121579.0039969208,1110566.4525598898
2017-01-19,1208246.1904244956,1118262.2175588263,1106511.0299106587
2017-01-20,1215130.2713886672,1122713.4934061933,1111829.8019241244
2017-01-23,1213240.011685404,1119704.1465961793,1110293.3018607653
2017-01-24,1218314.8481550284,1117133.3583905345,1116622.0962268075
2017-01-25,1226519.8183740997,1118334.4349856882,1125358.64719652
2017-01-26,1226273.2128270534,1115427.6222015705,1127175.526485925
2017-01-27,1229786.0317880216,1118214.6311349394,1126775.6575194038
2017-01-30,1224086.1851006341,1118580.4143086434,1119898.0427230035
2017-01-31,1219719.6572161037,1118142.472427095,1113895.6272997805
2017-02-01,1220770.476682305,1118988.5412564215,1115401.2418390205
2017-02-02,1222844.6256434207,1118764.908957311,1115063.1439207378
2017-02-03,1233367.2647086703,1122240.2044889492,1125524.1366537681
2017-02-06,1231403.0030670064,1119492.4643829684,1124456.3956089546
2017-02-07,1234004.8584950771,1122350.595018165,1126579.9396768478
2017-02-08,1236055.659144275,1126785.4776007193,1124564.0568508308
2017-02-09,1242688.0869241261,1132050.0600029852,1131184.401802707
2017-02-10,1246377.7337888477,1131887.5924137598,1136622.0064178368
2017-02-13,1254513.0666341183,1134949.794121398,1144629.1333072886
2017-02-14,1260354.0896590687,1138903.2779729427,1149802.1300278376
2017-02-15,1268012.2232293074,1146233.3774289098,1155827.435786312
2017-02-16,1270044.8936469483,1150116.60896604,1156271.0044837676
2017-02-17,1272868.81613507,1150423.2210469244,1156511.0791960696
2017-02-21,1280725.368184215,1159912.925553167,1163181.25717445
2017-02-22,1281691.3411618872,1162394.2289764509,1165009.3078236429
2017-02-23,1283053.7017331282,1167108.4560951425,1166956.3005976349
2017-02-24,1285875.7485749787,1172634.018374892,1167597.7776003503
2017-02-27,1286628.6626084791,1170583.7696572416,1168477.029329529
2017-02-28,1285025.0189174672,1169507.8423817924,1167063.961839511
2017-03-01,1302495.9117697424,1181888.6585571878,1184072.3571163916
2017-03-02,1295094.9322257824,1179256.1492975443,1177759.3340818144
2017-03-03,1295315.8988857274,1178965.1162351426,1177912.995040464
2017-03-06,1291770.4534926605,1176948.3369145242,1175032.3175391115
2017-03-07,1290193.2528262814,1175094.018802993,1173373.589656898
2017-03-08,1287656.9815030422,1174621.144544863,1169502.7134904354
2017-03-09,1287527.7898088442,1177279.8110039313,1169640.6031176199
2017-03-10,1291250.187667598,1182025.5162606211,1172152.2971765704
2017-03-13,1289232.8301300963,1183003.61737468,1170946.6665045724
2017-03-14,1287902.4389220509,1181860.9606324085,1168473.0864966626
2017-03-15,1294412.3300553632,1189599.7246427673,1174794.5428126482
2017-03-16,1292869.1105299138,1188155.499379556,1173922.6291335262
2017-03-17,1288663.655988957,1187350.394824295,1172804.9455390736
2017-03-20,1289745.8327618681,1188156.3146450387,1172313.734277817
2017-03-21,1276806.6297648153,1183771.850633958,1158976.1163994356
2017-03-22,1275645.6837113695,1183273.374577554,1158599.9044301123
2017-03-23,1274012.4465219139,1180305.6943599363,1158335.187012396
2017-03-24,1272291.1203384441,1178792.681216625,1154978.5219655766
2017-03-27,1269656.5058596903,1176605.6372112317,1152413.5996629316
2017-03-28,1277748.480708502,1182025.99783393,1160854.109598268
2017-03-29,1275285.4974252533,1179046.718329267,1158488.8479710456
2017-03-30,1279157.7219855858,1181749.21923056,1162367.6098032405
2017-03-31,1276809.255721363,1180210.0738685245,1158707.5656719885
2017-04-03,1275539.018424632,1181161.5977323013,1157978.032068593
2017-04-04,1278486.4552163207,1181931.806551481,1160166.6328787794
2017-04-05,1275835.5428164557,1182292.1958162254,1157862.4851609843
2017-04-06,1276667.9058425135,1181519.6423122413,1158692.3419561991
2017-04-07,1276949.575931251,1182599.357726517,1158308.2443211433
2017-04-10,1276454.318309489,1182247.6780718341,1158415.9055630197
2017-04-11,1276521.6188070646,1184336.992648508,1158039.1459780203
2017-04-12,1273955.2086349675,1186035.5435386188,1154705.918882128
2017-04-13,1265166.2847876397,1180383.1540818012,1146933.281025084
2017-04-17,1275888.2009550207,1188069.0256327624,1157232.7271337323
2017-04-18,1271001.7373414016,1188304.8513462262,1150860.2330367556
2017-04-19,1265382.090955986,1184600.6518683601,1144199.0359554596
2017-04-20,1275965.1860787438,1190805.4491820931,1153968.609136135
2017-04-21,1274019.4341656377,1188038.0377503051,1152232.9960130292
2017-04-24,1287383.1734191652,1194938.4175238544,1164352.7166282733
2017-04-25,1299735.5164247835,1206450.8155018971,1177375.1269236233
2017-04-26,1299621.255538294,1205904.2570197396,1176195.8913272023
2017-04-27,1299893.8610708627,1205377.2924580118,1176545.8177440842
2017-04-28,1296953.4519464164,1202140.401208363,1174256.7842189427
2017-05-01,1295880.671666956,1201733.7780704615,1172739.9983199153
2017-05-02,1298204.227747011,1201917.8717419398,1174782.8238371846
2017-05-03,1298503.4662830504,1200907.9803664163,1175231.9782145342
2017-05-04,1297398.5134364075,1202462.7258900406,1174871.4280535406
2017-05-05,1300312.8746481782,1208175.5276891585,1177981.8850924883
2017-05-08,1300655.4098373677,1210063.6092870277,1178281.3213440548
2017-05-09,1299232.866074165,1208920.2802291557,1176234.5529939188
2017-05-10,1298590.6413742541,1207418.6033548126,1174402.5595118597
2017-05-11,1295875.7708966203,1205204.974173091,1173074.1534053318
2017-05-12,1294339.3415952746,1205901.479179224,1171795.032709632
2017-05-15,1300096.1733375187,1209931.6359933666,1176579.9889622584
2017-05-16,1300284.801416921,1206462.1692044758,1176457.213527728
2017-05-17,1279233.2008796958,1196141.6329891528,1155550.9993931323
2017-05-18,1281169.1823236702,1204363.0930078416,1158696.2847890656
2017-05-19,1287524.376863437,1211940.6811740159,1166648.978680336
2017-05-22,1292086.533045532,1214734.3958206829,1171695.2571334883
2017-05-23,1295205.0650864064,1213635.1416013194,1174111.008926026
2017-05-24,1299100.1455515625,1216798.5806201338,1178289.2070097872
2017-05-25,1305858.3805819668,1222540.7640484874,1182244.1969440635
2017-05-26,1305637.0442765956,1221932.5141337807,1182094.4788182804
2017-05-30,1304356.0333968312,1223601.7521597892,1179245.3439798583
2017-05-31,1302457.9344974728,1226299.496938075,1178077.827358901
2017-06-01,1310351.1749707067,1236254.4922959418,1185677.7472317754
2017-06-02,1315566.6090648228,1238628.7143181583,1189160.5829303155
2017-06-05,1315345.8787626538,1237604.756361966,1187912.895374411
2017-06-06,1311743.2987829915,1234357.5622190125,1185231.9880716163
2017-06-07,1315022.9097256693,1236880.1980963303,1187332.5322811226
2017-06-08,1314920.5310798334,1229553.656529942,1187828.2339909212
2017-06-09,1317404.7472470189,1233949.4894501194,1192843.7364430896
2017-06-12,1316202.9948440704,1232075.3844879393,1190808.1394527415
2017-06-13,1321051.5741272327,1235188.7214851263,1196012.0216974092
2017-06-14,1323285.1179787742,1239746.8334015156,1198596.5486412505
2017-06-15,1320795.481962045,1238590.854767143,1197774.4679886329
2017-06-16,1318778.3924823317,1235812.609971479,1199141.5357618774
2017-06-19,1328999.9037930465,1240568.9452770595,1207256.3238932057
2017-06-20,1324920.962884067,1237144.7781147081,1203788.0547716438
2017-06-21,1324624.7796830446,1236746.9024626454,1200585.4887760144
2017-06-22,1324786.2049993563,1235887.5315793199,1199871.069365273
2017-06-23,1324661.872749979,1233858.7888713349,1199729.2369052223
2017-06-26,1326553.0523960867,1235867.327992008,1200558.6556078966
2017-06-27,1318595.217672477,1228850.7750975797,1195013.2802277557
2017-06-28,1328308.362318496,1233909.5963719462,1203085.354336366
2017-06-29,1316320.9176018334,1222007.0841557523,1193688.1598152826
2017-06-30,1323747.1809798654,1225842.9410171483,1197198.5953438869
2017-07-03,1328934.43677684,1231211.605397903,1204468.1934410757
2017-07-05,1330807.4585801251,1228941.0525067234,1204406.5319159725
2017-07-06,1320201.574894833,1221299.5853461307,1195539.2103228623
2017-07-07,1326527.0964906362,1226822.0355492234,1200827.206335344
2017-07-10,1325214.6928823704,1220701.473343839,1200500.8273925246
2017-07-11,1324498.7361467786,1218547.5422066133,1200531.7129166438
2017-07-12,1332294.6078808154,1225603.24620802,1207432.984710242
2017-07-13,1335112.9130679637,1226172.3623987148,1208607.7298581204
2017-07-14,1341344.7703710801,1232650.913545694,1213354.5720597063
2017-07-17,1340589.831292614,1232229.6176458085,1212904.870066681
2017-07-18,1338672.1135113246,1234631.3382749036,1209821.246195851
2017-07-19,1343563.748845417,1239279.9024474774,1213523.3472110098
2017-07-20,1343936.0528181572,1240873.4206573,1211898.7905469707
2017-07-21,1342701.8175803998,1239137.1142258996,1210120.6824474172
2017-07-24,1339745.2955651341,1235274.8596244678,1206369.1864982946
2017-07-25,1349131.188428442,1244208.5917981134,1211991.3375961927
2017-07-26,1350376.6113657875,1243907.3592081391,1217463.222952632
2017-07-27,1356534.4630531785,1251941.118671079,1222260.0077038573
2017-07-28,1360618.6972879858,1253531.6069612673,1224153.1150953437
2017-07-31,1364362.185320489,1256415.997632466,1227563.008385858
2017-08-01,1370365.9611909494,1261313.4028569534,1231645.3737263416
2017-08-02,1371329.9039220419,1264520.6926374994,1234579.2794713888
2017-08-03,1373080.817937334,1266701.303305488,1235132.1522577484
2017-08-04,1376085.1865789131,1264614.863870008,1238873.0244627588
2017-08-07,1378128.2811072066,1265318.7953662956,1240309.0918111631
2017-08-08,1376692.75676433,1265622.6797069544,1238454.0984707174
2017-08-09,1376163.93606556,1264620.9919139638,1236399.4444548492
2017-08-10,1361431.7773476033,1257339.4276361214,1224921.3103654557
2017-08-11,1362445.435960592,1256725.3203420234,1225723.7863768772
2017-08-14,1373162.9936925627,1261175.013930837,1233315.9301071542
2017-08-15,1372821.0270403917,1262915.3422382292,1233611.9711415302
2017-08-16,1376164.9440823868,1267107.0554828518,1235063.1526825884
2017-08-17,1357123.0153788878,1254326.4472980234,1219690.5949526702
2017-08-18,1350199.9876543935,1249094.7838457008,1215416.4546024962
2017-08-21,1352406.1167117907,1252607.069161955,1217056.1254591893
2017-08-22,1363646.5627018823,1260964.3913190262,1228054.8767859254
2017-08-23,1358165.7852448048,1255085.1871116832,1223131.3737673035
2017-08-24,1358474.048949782,1252085.6741294498,1221522.5884347295
2017-08-25,1361585.447436093,1256116.0625812095,1223219.9779836594
2017-08-28,1361300.706742081,1254104.0536054133,1222924.4845649593
2017-08-29,1363351.5506852164,1256364.4555349417,1226119.055371721
2017-08-30,1366289.9088092605,1255026.5725492563,1227636.4984095597
2017-08-31,1370914.6932574941,1256697.515759562,1230758.2363314307
2017-09-01,1373857.1252779397,1257533.664904913,1232971.0417544905
2017-09-05,1364423.5302090712,1253123.7732677413,1219835.2750142352
2017-09-06,1369027.5661541964,1257805.23028083,1222881.8800653764
2017-09-07,1368142.6743357317,1256448.2091412167,1221599.9117681624
2017-09-08,1367314.3567648102,1254825.6797481757,1222329.445371558
2017-09-11,1384898.4396890104,1268691.3776843518,1236885.6176518875
2017-09-12,1389781.1869844084,1265927.031399006,1240333.7345165776
2017-09-13,1391068.9438060203,1269244.7148757067,1242538.6542739049
2017-09-14,1390982.6130458075,1268220.9682908445,1245078.9338711356
2017-09-15,1396535.392373173,1272031.4652131435,1248715.9781440012
2017-09-18,1399197.8431875992,1271513.6017028443,1252249.3040078569
2017-09-19,1402435.7668516294,1273583.900742183,1254461.561815241
2017-09-20,1404913.02766596,1274953.9658744615,1256804.9188154284
2017-09-21,1400491.315089378,1267558.6679759112,1253812.7467624687
2017-09-22,1401105.1163821078,1266508.7763738148,1253272.140567249
2017-09-25,1398388.2279338792,1266385.0456923018,1250272.0828485566
2017-09-26,1397844.3766556573,1263081.961598379,1249612.0964359967
2017-09-27,1397708.1255220622,1258375.7646227716,1252774.2483947468
2017-09-28,1399437.799611445,1260948.1695523714,1255044.6629869083
2017-09-29,1401462.894070261,1261485.15271394,1256384.3499763594
2017-10-02,1409725.0946208532,1268449.727451446,1264936.4639864385
2017-10-03,1415761.3082090355,1275620.9923359673,1269650.7778168775
2017-10-04,1417964.9483604352,1278471.0506560395,1270770.651874034
2017-10-05,1423365.275835975,1281095.8437401121,1277149.2792665807
2017-10-06,1423538.66676205,1280324.5511652515,1277052.789384492
2017-10-09,1423303.262495144,1282302.5775063634,1276346.2556394832
2017-10-10,1428368.527807234,1289785.7715078788,1280249.6601770923
2017-10-11,1429339.7549456642,1295365.1838686843,1282616.6741744776
2017-10-12,1427134.7555256705,1294526.1194479698,1280828.9280390288
2017-10-13,1430307.2713805821,1297986.8429554156,1282551.069816508
2017-10-16,1435238.294086018,1301352.0682747369,1287330.9880049166
2017-10-17,1439347.7650819963,1309225.6351821506,1289600.8549814024
2017-10-18,1447643.244346497,1312338.3386484473,1298581.9711119588
2017-10-19,1449498.6236775767,1316053.426665451,1298886.993043419
2017-10-20,1458235.9422347343,1317529.5785178198,1308172.693012895
2017-10-23,1456150.2138001337,1315537.1225025945,1305107.0309362335
2017-10-24,1463014.973321915,1317963.933550465,1314516.492048456
2017-10-25,1457786.1714427543,1315805.0114332987,1308219.240345344
2017-10-26,1463315.6543230515,1317483.6154550484,1312222.9680747727
2017-10-27,1467675.6448394454,1312203.92206231,1314091.9803765207
2017-10-30,1458609.5692868258,1304700.8461056594,1309300.3432126488
2017-10-31,1461934.1495093028,1307506.284561446,1310898.5048011108
2017-11-01,1466246.1066402227,1309847.770021199,1314137.980093294
2017-11-02,1468924.9214495493,1312123.6628812873,1318694.1425165415
2017-11-03,1471669.710893425,1315320.415331759,1319979.944123487
2017-11-06,1470465.7644538311,1317093.169155641,1320497.5504603202
2017-11-07,1471667.1033694237,1322750.199663275,1320991.609323091
2017-11-08,1474744.2810490786,1325393.9431290403,1321335.292921268
2017-11-09,1469481.6088201266,1323749.6861529308,1315648.085081076
2017-11-10,1468564.46244042,1326501.178710218,1313420.2749884974
2017-11-13,1470307.0832962033,1330305.357714614,1314400.9451408475
2017-11-14,1469626.931250501,1331765.4200767684,1312705.855577756
2017-11-15,1461811.5504461257,1323127.988870905,1304956.6556716391
2017-11-16,1478299.7185704017,1334434.5465831887,1315447.3291743018
2017-11-17,1473433.8167622024,1326553.5842615138,1309833.0637421361
2017-11-20,1476820.1455241954,1327464.1462814407,1313875.5626614164
2017-11-21,1486004.8869726777,1336464.4822911439,1322875.7358174932
2017-11-22,1482700.0503870568,1334170.7195837577,1319250.4105200914
2017-11-24,1484109.2217225074,1336560.2655808802,1321034.2138226738
2017-11-27,1486811.837100394,1339638.046652904,1322312.1297638866
2017-11-28,1502449.3337790852,1351502.4591460843,1336663.712827711
2017-11-29,1508052.8180143624,1357212.6364223093,1342493.8483593052
2017-11-30,1525649.5081422979,1370464.4541528,1361092.5195589152
2017-12-01,1527037.003986917,1373048.7898849947,1358806.8812509645
2017-12-04,1530605.644887489,1379294.3863610574,1362085.1277329994
2017-12-05,1523623.3575071795,1375843.3028567536,1355949.8607468097
2017-12-06,1519969.633625987,1373919.9777518525,1353721.9411310959
2017-12-07,1520402.3838628544,1370057.0147885317,1357679.2310512108
2017-12-08,1527874.4969359038,1371816.4761560361,1364278.2189917278
2017-12-11,1534872.4780143332,1377941.4256251918,1367467.2041185955
2017-12-12,1540118.5483202343,1378138.5709769223,1374127.4154916753
2017-12-13,1546189.916931904,1386227.5709779,1378648.7495579373
2017-12-14,1540441.3398399537,1384995.7036242418,1374343.8332067796
2017-12-15,1551719.8861221932,1392968.0125009129,1382367.169520237
2017-12-18,1559795.4222114522,1394041.3136027264,1390243.5257862913
2017-12-19,1558706.2849173348,1394769.308235292,1388143.5291924607
2017-12-20,1557150.2165592094,1390848.6591878247,1386567.8198467093
2017-12-21,1559638.3149089525,1391341.6314718933,1389687.8053984172
2017-12-22,1556627.9510261978,1389101.2089653024,1388104.867525744
2017-12-26,1556420.8047668452,1391537.9955022756,1387664.6940454792
2017-12-27,1557422.248760948,1392455.528370786,1389239.8557755547
2017-12-28,1560285.3984968239,1393566.9881900167,1392784.3529991978
2017-12-29,1552701.767668006,1388983.4486429458,1386151.1938405065
2018-01-02,1552701.767668006,1393585.7660508011,1392027.329088874
2018-01-03,1555216.676512409,1398037.9070962584,1397560.3283547403
2018-01-04,1564555.161751281,1406231.7128332981,1406109.1566707639
2018-01-05,1574470.2445384453,1412383.5312320625,1418487.2423618839
2018-01-08,1574721.4404214257,1411153.773485133,1417765.594424221
2018-01-09,1577453.0752795092,1414132.3460043813,1423530.2351209808
2018-01-10,1576008.587212356,1411990.7221680162,1422595.455162269
2018-01-11,1586129.9829454068,1421180.2047438151,1434124.6270326534
2018-01-12,1599364.5853710666,1430869.8444216182,1446935.6576771173
2018-01-16,1599027.5289196707,1430169.7864840394,1446356.3898151808
2018-01-17,1617108.437529431,1444840.5388002954,1464457.168842289
2018-01-18,1614580.035117263,1441994.8188334787,1458970.7169088717
2018-01-19,1620067.7874894887,1447949.9531287528,1461993.7744859504
2018-01-22,1631510.8194157232,1454723.4969704796,1470005.8299164854
2018-01-23,1632250.6588646672,1449504.9514867996,1469793.3550342473
2018-01-24,1634537.166326969,1450214.1948026568,1472109.7693431822
2018-01-25,1637941.206604257,1454280.4796695476,1479997.954107835
2018-01-26,1661735.527567122,1469672.2219350755,1492554.5625092888
2018-01-29,1651704.8054067125,1455171.6735007814,1482616.2141773098
2018-01-30,1629177.394586833,1436163.8512846658,1462283.6822247566
2018-01-31,1627571.7663018482,1431562.9748756317,1466349.1810024236
2018-02-01,1627675.4006597088,1432251.6388884196,1468441.9490693326
2018-02-02,1592097.7417972607,1402285.609867874,1431109.4551213072
2018-02-05,1522022.6790274286,1343876.2370506483,1365208.5085018976
2018-02-06,1551125.8023872043,1356980.09978882,1397004.607966866
2018-02-07,1550080.276988535,1355682.745836589,1395915.6194338289
2018-02-08,1487949.4136873097,1307703.4637773766,1337995.5141514295
2018-02-09,1512556.7508421096,1321484.724423722,1356525.18577588
2018-02-12,1534946.1445761467,1338772.7682701575,1379536.9821842
2018-02-13,1537445.0079516042,1338537.526784226,1381734.016275795
2018-02-14,1554102.3676269713,1344137.9750502603,1395923.5050995615
2018-02-15,1576830.215595538,1363171.3186669382,1413131.9991444054
2018-02-16,1578681.0419263677,1367088.3566056788,1414198.097342191
2018-02-20,1563593.9181140373,1343926.8956929243,1399919.456686393
2018-02-21,1551417.3400986462,1334509.7929027514,1390556.433383484
2018-02-22,1555655.14599815,1337611.9093331818,1399792.1908033204
2018-02-23,1580083.868297293,1354953.7001218458,1419279.0946291937
2018-02-26,1604856.2988345288,1372406.8934236323,1441669.0186759946
2018-02-27,1585151.0329542249,1350914.3563376996,1424888.869612817
2018-02-28,1563106.8889211817,1332873.7534121857,1403533.5011008717
2018-03-01,1545698.7575615423,1323967.2329991136,1379969.379521868
2018-03-02,1547377.9559618658,1325124.2922751366,1375992.484960557
2018-03-05,1565326.3767165304,1335588.6496189584,1394873.1782332407
2018-03-06,1567985.2678946422,1339146.650063186,1395398.0130969957
2018-03-07,1564216.1399245146,1337167.9099891696,1390757.1892902583
2018-03-08,1572194.3286676384,1348407.964298131,1396019.9949816498
2018-03-09,1598940.9812281283,1366405.3636049773,1420723.0476433306
2018-03-12,1591134.274978288,1363191.128938142,1411911.8018954294
2018-03-13,1583509.9630671404,1360152.666303201,1402290.3039935094
2018-03-14,1573902.692457745,1353647.525556319,1388332.4566006362
2018-03-15,1578026.5638555416,1357977.9066616595,1394811.5167081377
2018-03-16,1581625.154695143,1360365.5564871235,1398896.6201270008
2018-03-19,1560277.3265250095,1343199.9742897423,1380077.58837942
2018-03-20,1565499.9840660742,1344391.2261883004,1386602.5386805595
2018-03-21,1561080.5427891146,1338637.739652949,1384081.425631984
2018-03-22,1520551.5362317646,1315016.2204943162,1343458.9662264604
2018-03-23,1492766.0757185803,1292357.0308663584,1319644.0366679076
2018-03-26,1535608.1982760234,1319418.3506254011,1357181.2293555737
2018-03-27,1513824.5123568599,1309964.1071980859,1337841.3055771042
2018-03-28,1513264.66924397,1315927.3589544876,1337320.3040230805
2018-03-29,1529935.056059708,1322618.5770591835,1351602.2303729341
2018-04-02,1496420.9243682222,1299692.2524375897,1325867.9078704529
2018-04-03,1519842.9304288395,1318825.0386522976,1347690.9401695922
2018-04-04,1538836.367733434,1335878.9965126053,1360641.1747188622
2018-04-05,1551046.7269439055,1343658.751232904,1374150.9629657376
2018-04-06,1516488.8491729258,1319883.799810615,1342049.7320461737
2018-04-09,1523828.5225317092,1328541.5258435258,1344648.2779513171
2018-04-10,1549234.0553803146,1344519.9770165673,1368699.2298661703
2018-04-11,1538101.5352608024,1339071.341749261,1356443.8100864457
2018-04-12,1554468.0317461928,1344208.7388761137,1372907.765858375
2018-04-13,1547812.2437622317,1345007.7365346088,1366015.4749618613
2018-04-16,1559646.4020597402,1354175.5425676317,1377953.934788392
2018-04-17,1576910.4135750984,1366390.8112523924,1389931.2753279095
2018-04-18,1572282.4425374947,1356689.9434278312,1387768.9600701649
2018-04-19,1566514.2830291353,1345202.462782937,1383104.5887893653
2018-04-20,1553602.840366131,1336983.8141946937,1371780.006135486
2018-04-23,1554644.351996192,1339091.9845001234,1370980.9253412548
2018-04-24,1534543.3294942887,1324228.295383914,1347173.443355894
2018-04-25,1535224.749073715,1322254.3512085942,1350521.1275056293
2018-04-26,1549141.1933913182,1329380.0090231425,1363895.7642036995
2018-04-27,1553287.2306368602,1333302.080249856,1363270.4966249897
2018-04-30,1542314.8270130141,1333223.4200966305,1354969.0810713246
2018-05-01,1540021.3891319612,1325201.3850877788,1351374.641298042
2018-05-02,1526862.5224460254,1311786.8391381095,1341613.5013987746
2018-05-03,1526282.5029518579,1310874.4919277402,1341903.4091375808
2018-05-04,1546609.385556969,1329879.3233823378,1360540.7420039074
2018-05-07,1550437.4307042512,1328152.6262006431,1365857.3235546697
2018-05-08,1549629.5299771647,1324511.0883584162,1366019.4177947275
2018-05-09,1558965.9567121807,1329804.249398347,1376243.6215095113
2018-05-10,1572479.9049567147,1341808.9214442235,1387290.015400048
2018-05-11,1580750.104576126,1350359.8194824154,1392428.8409024223
2018-05-14,1582174.7247036162,1347191.372061107,1396255.4697222745
2018-05-15,1570656.0685570042,1341987.4477857673,1385432.8315968988
2018-05-16,1577973.2127948315,1349115.4314719457,1388938.6671538255
2018-05-17,1572954.6705593623,1346787.9690503667,1385857.343268834
2018-05-18,1570932.364530409,1343889.5078245508,1385919.552409613
2018-05-21,1584679.3687482548,1350868.5323136323,1402641.3256417424
2018-05-22,1578632.3479832632,1346611.5378839285,1392610.5397836766
2018-05-23,1583629.11305374,1351531.2762402531,1395548.9359772657
2018-05-24,1579382.0032542862,1347899.2538837353,1391340.399985061
2018-05-25,1576740.2632046754,1345531.0824585075,1388050.4345275627
2018-05-29,1555485.13184377,1330776.8180095763,1366088.855462428
2018-05-30,1575877.9961536543,1348767.3695313213,1383266.573506288
2018-05-31,1560829.5979115642,1335254.3581364704,1369138.8557307597
2018-06-01,1577325.4921127055,1344141.7248289927,1381440.275227258
2018-06-04,1589347.9407562618,1354965.4222236613,1391448.6088426132
2018-06-05,1586842.9775882324,1352161.9711023225,1390679.8659568254
2018-06-06,1604823.8500600175,1363848.1265332012,1410105.1082575952
2018-06-07,1609706.1210890925,1378107.5043884139,1415433.4087838212
2018-06-08,1613766.6377492342,1386011.8912757686,1419645.7780857568
2018-06-11,1613720.206108275,1385147.1730029886,1419969.9665658725
2018-06-12,1614915.552245536,1386342.7175197415,1419881.3623495165
2018-06-13,1609514.9126927787,1384065.0163659141,1413178.5464768542
2018-06-14,1610706.9081030984,1384419.2666704128,1411726.81732012
2018-06-15,1607682.97390345,1386963.073221902,1406969.8989900982
2018-06-18,1598302.8491681393,1376449.8914599763,1401193.5393178745
2018-06-19,1587736.7994416812,1373256.0696822978,1385085.2051658558
2018-06-20,1584654.0342667145,1366550.0975159672,1382707.0198086828
2018-06-21,1573300.6664472667,1357148.0401481658,1371710.4589446506
2018-06-22,1577888.533691962,1366619.6090700533,1378394.2177917922
2018-06-25,1562304.6748485018,1356171.391654951,1359996.3024989564
2018-06-26,1562162.631840347,1357817.5977055228,1361695.8825105901
2018-06-27,1550520.5634389804,1348564.1196139036,1352414.2348971155
2018-06-28,1560724.601690681,1356431.1872866303,1357935.5151875182
2018-06-29,1568766.2100398345,1361275.2636267403,1361039.8389308965
2018-07-02,1572179.866327641,1363526.3512883068,1363045.6456284772
2018-07-03,1564314.4513739895,1360786.6298011933,1355623.4818039904
2018-07-05,1578043.7155857366,1372772.1167206361,1365824.7951835229
2018-07-06,1586450.196488811,1380435.374603794,1371417.8131274648
2018-07-09,1603385.2030846921,1386403.721634781,1389368.2168899789
2018-07-10,1612876.1672803215,1397482.410314181,1397391.0055877608
2018-07-11,1600937.9533604954,1388686.6728939498,1385098.566988347
2018-07-12,1616006.874536649,1398543.8638962638,1397684.3085437573
2018-07-13,1617605.741701303,1402076.4365503064,1402984.5711473785
2018-07-16,1619845.8786647825,1401079.9567882973,1405505.1365802782
2018-07-17,1623296.1253096045,1406995.1177708409,1408619.0983595515
2018-07-18,1625824.9777873731,1406756.6359196529,1413071.432850654
2018-07-19,1619058.574369849,1401851.2983912537,1405513.0222460106
2018-07-20,1620293.6851966404,1406656.2346082048,1405155.2101633963
2018-07-23,1621852.3961392425,1405351.2408328755,1404379.6768432278
2018-07-24,1630422.8035382032,1412288.8367112887,1415463.0895534535
2018-07-25,1644771.448502981,1426191.8916173787,1425117.1158265201
2018-07-26,1650298.8470652667,1429819.1623098226,1431452.043488132
2018-07-27,1640831.8204219225,1428971.2276955945,1427189.7316365573
2018-07-30,1632337.065685243,1428347.5019800486,1419101.8861964818
2018-07-31,1639178.8602490744,1431539.2432007142,1425178.2297359474
2018-08-01,1634569.3084619783,1428211.9276763573,1420615.3864014542
2018-08-02,1639341.6010597465,1431344.9350857697,1420185.836665301
2018-08-03,1649162.7616390353,1440131.1067700365,1427835.6990878147
2018-08-06,1653201.3801288004,1446309.44074895,1430056.280653472
2018-08-07,1662344.7100678778,1449837.9803052903,1437162.7988023865
2018-08-08,1659684.7338526023,1446898.85881161,1434630.404870888
2018-08-09,1656830.587669598,1444612.7673196108,1430451.6591714509
2018-08-10,1646005.373468511,1439738.3253602602,1419455.7554462296
2018-08-13,1638670.6241667897,1435668.073006636,1412421.5225665302
2018-08-14,1645301.9890356748,1444116.394489699,1418714.3933442351
2018-08-15,1638623.3418411657,1444030.3867744296,1411003.4170122943
2018-08-16,1664298.8430742095,1464741.4601908047,1433227.4135093063
2018-08-17,1670533.7747463123,1469240.1630735588,1439428.832469141
2018-08-20,1675032.411736878,1471817.1617696034,1444440.2825653078
2018-08-21,1678674.692573312,1470806.3282988938,1448006.684415986
2018-08-22,1673766.6479335555,1464711.3129420895,1443033.3483708596
2018-08-23,1671631.994571674,1465037.9780740328,1438736.8653011103
2018-08-24,1680283.7704363163,1471601.8024518979,1446215.652586482
2018-08-27,1694217.8268147921,1477214.398823117,1460755.615442806
2018-08-28,1696860.6932529758,1479260.2913451744,1461561.9247639584
2018-08-29,1701963.9629686568,1483932.326862964,1464957.3610006296
2018-08-30,1692930.2045780607,1477990.9182171368,1457238.499002956
2018-08-31,1692893.3464975944,1475850.6972612368,1455999.2447284597
2018-09-04,1688295.770692306,1470481.481500811,1455307.2775604292
2018-09-05,1690111.922735725,1475557.8452595258,1456569.531693312
2018-09-06,1690915.751168756,1477458.7100112166,1457740.3340083244
2018-09-07,1686468.835255297,1474440.624795043,1453291.8328269531
2018-09-10,1688987.948850518,1476096.6245103795,1449957.0724071683
2018-09-11,1692074.3908413409,1478041.641605326,1456349.1711453416
2018-09-12,1694682.3961824265,1484132.0448406346,1457911.4091454665
2018-09-13,1706937.062510914,1494320.7973327353,1466158.5012240855
2018-09-14,1704643.4115616023,1489373.708979934,1466645.2220367996
2018-09-17,1700975.0290803397,1486516.7109659193,1461455.358753434
2018-09-18,1711296.2270437358,1487563.2795735293,1471820.518743187
2018-09-19,1715735.7799707877,1485520.2644227846,1480725.297248527
2018-09-20,1734003.8517829792,1501932.3408936304,1494812.710510311
2018-09-21,1738728.9659698461,1508355.5736806663,1499664.3663522587
2018-09-24,1730256.7039637726,1503735.6664630186,1489489.4480483031
2018-09-25,1724874.9828476042,1503082.4976106568,1485573.1197807433
2018-09-26,1719369.5118460332,1501415.7020205173,1479576.83765309
2018-09-27,1723786.031578586,1508273.0459529473,1482641.4044984
2018-09-28,1725448.0898043453,1511757.0766671547,1483672.1267235244
2018-10-01,1734398.9596589294,1517976.9786356702,1494489.1791690062
2018-10-02,1741930.7115495324,1522019.7431539588,1501371.284413949
2018-10-03,1743137.760946611,1516909.3712347304,1504424.6798994709
2018-10-04,1730417.310632281,1511184.7923582548,1493158.4730766397
2018-10-05,1720797.5503218947,1507246.1644814615,1483040.725849245
2018-10-08,1722381.3429789145,1510233.1318413564,1485268.5359418239
2018-10-09,1722198.4474899354,1515916.506710037,1482116.569634645
2018-10-10,1668069.9103118763,1475624.8094737604,1435470.9949333502
2018-10-11,1632874.0989234431,1443099.1646530973,1404858.6215133448
2018-10-12,1653652.9298366227,1460936.915297743,1420961.3699854696
2018-10-15,1645363.606895189,1457465.5728494828,1415945.9770564365
2018-10-16,1681337.8986484862,1480165.0043920004,1446668.2021810217
2018-10-17,1678226.403978256,1487176.4645371898,1441523.7909987534
2018-10-18,1658482.323317064,1476485.1211998693,1423174.0658853943
2018-10-19,1663926.2026117495,1496719.2233327744,1426812.8625284226
2018-10-22,1658742.1656810222,1491969.3957080417,1419695.1730197205
2018-10-23,1650369.7618293378,1502844.8458088506,1412630.7117547127
2018-10-24,1611089.5241344124,1479153.9585280928,1378536.050251843
2018-10-25,1634891.8327237552,1486221.5433359328,1401029.8022307893
2018-10-26,1616726.1203394784,1470588.025814144,1384417.8807032392
2018-10-29,1608095.084511047,1470564.4800280798,1370657.3939999503
2018-10-30,1637260.8182878292,1498552.6931721773,1394866.497321995
2018-10-31,1650341.4291729564,1501328.3053108202,1408387.456928658
2018-11-01,1661253.535840353,1500854.079595186,1423246.4606777444
2018-11-02,1654420.8241638308,1501996.6322369934,1417083.1557689505
2018-11-05,1672096.7276165283,1522025.6478820662,1427786.304153851
2018-11-06,1680942.9388787828,1532114.4877386466,1437504.8395535355
2018-11-07,1717513.686511684,1552419.0754126986,1468082.4941396909
2018-11-08,1720089.657089202,1554309.7398143148,1468694.83798845
2018-11-09,1705385.777431492,1555942.3091280563,1457372.0077047334
2018-11-12,1670710.17685048,1538515.8075458303,1423607.558454414
2018-11-13,1668961.227457202,1536479.1692177104,1417961.3122667773
2018-11-14,1656116.124902693,1529838.1875851369,1406410.2357693578
2018-11-15,1674707.3358810197,1539356.3058485948,1418117.1636881302
2018-11-16,1684746.6438400454,1552683.3952692202,1425067.830415692
2018-11-19,1662324.1657605327,1542327.624471233,1402874.062303988
2018-11-20,1627659.2764023675,1509183.4646501574,1371931.4766314318
2018-11-21,1628576.3278793965,1507835.4833421635,1371878.1388646022
2018-11-23,1616178.1933956773,1499809.8669230372,1361855.1291491333
2018-11-26,1640573.0733518703,1511991.319760519,1381722.2973003313
2018-11-27,1651469.9535610694,1524493.8408847046,1387805.9788898537
2018-11-28,1692979.0452187385,1550679.249894295,1422443.984666323
2018-11-29,1688902.3482463057,1550976.6230464636,1420896.8608588518
2018-11-30,1708653.337621075,1566871.7671064206,1432090.7824124682
2018-12-03,1719234.0532669825,1561489.8403839916,1448238.8734625552
2018-12-04,1669458.9285925033,1535419.5253459662,1403414.1208835319
2018-12-06,1669665.2724343287,1535877.4070868324,1398961.6768692944
2018-12-07,1631424.1694389416,1513903.8034024732,1367630.941205681
2018-12-10,1636251.8333958986,1519380.8904240853,1369554.9341212865
2018-12-11,1635994.0205332485,1520413.8019324748,1366581.8190938472
2018-12-12,1645376.7328073608,1520721.9291574624,1375387.3696387194
2018-12-13,1651116.0178235974,1532104.6180771384,1379318.9216220682
2018-12-14,1620324.7601383587,1507176.4634705633,1351456.455080017
2018-12-17,1584925.0796482558,1478642.1000700232,1322996.3207893202
2018-12-18,1588554.3743470302,1472657.695664058,1327631.5589161634
2018-12-19,1566611.9406823572,1461847.5389007078,1307893.9566338765
2018-12-20,1540007.8098884406,1435728.6056583687,1281871.3692396171
2018-12-21,1517828.1143785329,1425171.808532049,1258643.0455930573
2018-12-24,1474128.1631185985,1380404.6661208782,1222015.9901586892
2018-12-26,1547144.774812365,1434377.883561819,1282928.3770171832
2018-12-27,1567369.3652130072,1454210.5178342438,1297528.9061672587
2018-12-28,1563311.1718442068,1451390.971819161,1293243.5944572971
2018-12-31,1581974.721948481,1467900.4853342595,1308107.0886549256
2019-01-02,1581974.721948481,1461534.7775422633,1309160.1535996257
2019-01-03,1543123.7404109281,1442651.422270386,1272149.0005302015
2019-01-04,1593775.0691327178,1476405.9853954434,1314034.2616842838
2019-01-07,1601371.169411657,1479178.5350549808,1319540.3182588976
2019-01-08,1616780.6131953802,1489903.9389424971,1333901.3203123468
2019-01-09,1619151.00113933,1484969.6320926775,1339041.7886617489
2019-01-10,1627216.8232449424,1492035.9089832506,1345927.9462626928
2019-01-11,1627439.3771611662,1494783.0040851643,1345593.1340384653
2019-01-14,1620036.437264705,1488737.7490913435,1340764.4780549041
2019-01-15,1633453.2171231958,1496995.3670156873,1349498.2909462373
2019-01-16,1638455.7385112313,1489591.371614154,1357436.9658762054
2019-01-17,1649093.0641780617,1496730.0164733105,1366573.9334281145
2019-01-18,1671864.839961489,1510718.353745339,1385429.4363797083
2019-01-22,1653141.7904378076,1502783.0450454988,1368501.8691765864
2019-01-23,1665055.0841827197,1521380.5103701884,1378098.6148499572
2019-01-24,1663119.1144722274,1514892.0703496241,1376843.698767131
2019-01-25,1670175.856995417,1509516.0256579285,1387159.354299785
2019-01-28,1654694.7032773483,1503011.024095281,1375440.7074055492
2019-01-29,1654779.3764794818,1499553.8278102605,1378342.0847794495
2019-01-30,1675846.3559941154,1505758.1902991114,1402729.3822424228
2019-01-31,1683309.2254788317,1516499.2707273448,1401877.6208201728
2019-02-01,1688581.5190761092,1523438.8676788644,1405478.851027836
2019-02-04,1700727.9416532188,1532536.806870724,1415318.9571075642
2019-02-05,1709473.8911685122,1534979.110051054,1424972.4357649551
2019-02-06,1709127.843059577,1531339.715912318,1423782.5764244222
2019-02-07,1694538.9537128934,1525694.2569272835,1411402.6288400043
2019-02-08,1694207.8047388145,1527450.4711208083,1407858.679232037
2019-02-11,1693255.300616454,1522429.7534461315,1404874.2833216744
2019-02-12,1717551.7139669973,1536623.8746220535,1425770.9689435102
2019-02-13,1724181.903596015,1544661.8909275692,1432360.4283712672
2019-02-14,1715328.8806892005,1529123.5011105523,1426535.330903891
2019-02-15,1740391.8726428845,1551191.2804835106,1451425.1205110438
2019-02-19,1740402.9071075406,1553560.7847921706,1451877.6701055835
2019-02-20,1743682.3243025239,1557439.7077273459,1455417.129265009
2019-02-21,1741631.6722539796,1562619.6918778862,1449595.9746304993
2019-02-22,1753611.8040385323,1568871.760795861,1459755.7787418005
2019-02-25,1757804.4651242818,1563903.6861706486,1463128.1055969498
2019-02-26,1757082.004311615,1562627.883694422,1461223.2792299998
2019-02-27,1753525.2528993902,1558743.0764724568,1457139.818658164
2019-02-28,1750364.1034654477,1563462.9484945377,1453261.604441645
2019-03-01,1760027.1174487218,1569557.9903076969,1459447.9092088258
2019-03-04,1747930.6809185403,1563286.189275886,1447858.7186603656
2019-03-05,1747010.8559869323,1565340.3166274219,1447128.6374412943
2019-03-06,1739129.797858005,1562711.0518955523,1439661.0215157105
2019-03-07,1726020.2336053308,1554868.6511164014,1428432.9287439196
2019-03-08,1723872.3823286653,1550006.9480305868,1427143.7319197839
2019-03-11,1746441.0814857928,1570497.8885441336,1438394.8245499611
2019-03-12,1747178.156606683,1572935.980034479,1432999.1672956033
2019-03-13,1758785.4822791521,1578854.3858697808,1441311.3161165155
2019-03-14,1761176.4570887466,1581738.6545327413,1441706.5851113594
2019-03-15,1771011.1343055405,1588901.1346455277,1449497.184762572
2019-03-18,1776472.3698618615,1587894.8599267688,1453155.0384311206
2019-03-19,1774642.7758518402,1583055.4316675854,1451656.7619419373
2019-03-20,1764709.6696114696,1579872.3487492353,1443710.2013462365
2019-03-21,1781029.0903044117,1588719.1357750255,1455869.6788595486
2019-03-22,1750425.634152083,1582059.3559558126,1430064.1663192045
2019-03-25,1750060.115596166,1581581.6060310542,1430877.813690414
2019-03-26,1761211.3807015072,1597249.3977391287,1438778.922185017
2019-03-27,1755531.7247772543,1594106.7528909822,1436976.6094725903
2019-03-28,1760938.5827700687,1596424.244588105,1442128.3587049153
2019-03-29,1774185.1813240598,1602858.5050406302,1453972.6286351962
2019-04-01,1795129.3853750592,1612280.06909846,1472463.090977254
2019-04-02,1791905.187732339,1606607.8919136294,1468016.8897817214
2019-04-03,1796782.8946423233,1607838.3164328514,1470203.8477448802
2019-04-04,1802360.7326852593,1615323.4131377232,1479540.4759722122
2019-04-05,1806887.6958063697,1619332.0073111302,1481803.6620374525
2019-04-08,1805496.1100065196,1622572.8867932581,1477094.933886907
2019-04-09,1794493.2225211188,1619694.419268995,1466415.8805917446
2019-04-10,1799361.4698297577,1620554.9747443625,1466784.8640341468
2019-04-11,1798847.54577226,1623391.936600747,1465993.6689056482
2019-04-12,1815735.0582173052,1652844.4012958978,1481092.0902282253
2019-04-15,1814719.0165482657,1655338.4594180295,1479548.2521148096
2019-04-16,1817445.6910580746,1658022.523814895,1483355.2762934654
2019-04-17,1813981.7058732053,1654115.3529962667,1483180.258323457
2019-04-18,1822558.4889693893,1662989.1643585693,1489348.601296469
2019-04-22,1820279.0028187453,1661997.7887938,1486629.5799426339
2019-04-23,1832476.3645177665,1668496.3266735924,1494779.6345234883
2019-04-24,1828612.7999900829,1668758.7727064404,1491452.1026306252
2019-04-25,1824123.1664133258,1668459.1811519144,1483883.5063744106
2019-04-26,1829940.2001674618,1676567.2487664039,1488439.6687976583
2019-04-29,1828965.8321335027,1677686.599100375,1489059.8983121498
2019-04-30,1833669.504062309,1693473.1409607471,1491219.9135840558
2019-05-01,1818535.1640667655,1674244.1615344242,1482092.4745449068
2019-05-02,1813913.7553877565,1675184.3172254283,1475231.5072650528
2019-05-03,1828793.4812249374,1686370.8969311698,1486287.4296683497
2019-05-06,1824125.7358902988,1684813.6467739907,1482560.1383321006
2019-05-07,1794239.4590066145,1665776.5029527044,1456014.358921114
2019-05-08,1790902.7311768571,1664387.4098932156,1456139.9819571588
2019-05-09,1782942.809373071,1662359.1474906928,1448347.0823201074
2019-05-10,1794218.2886918508,1678331.6754264054,1454740.2762896323
2019-05-13,1754166.623341903,1658889.0769723305,1420120.2323073316
2019-05-14,1768504.4458542345,1665406.3679741048,1431731.3274828265
2019-05-15,1775664.8534208024,1672618.3652814126,1438234.373156931
2019-05-16,1795085.2741615188,1687963.59307243,1450271.6228513888
2019-05-17,1787862.4342293278,1685621.4926026338,1444738.0759698465
2019-05-20,1781564.0707610154,1687407.5878713015,1440022.1192923798
2019-05-21,1792748.6366136882,1689033.8008002492,1451093.1558883307
2019-05-22,1790214.5230999421,1694494.679744333,1445445.1573305314
2019-05-23,1774465.1132745156,1688170.14007197,1429399.6894581025
2019-05-24,1779207.4227957397,1692464.3243757826,1434739.161344116
2019-05-28,1761462.566447515,1676168.5976693085,1421397.6006328685
2019-05-29,1746727.260904704,1660227.9634156395,1408984.686584763
2019-05-30,1752043.5423932478,1664044.3936985643,1411422.3430043359
2019-05-31,1727191.7761147215,1646036.1675868626,1391524.2893290184
2019-06-03,1732692.73945299,1663093.2520659606,1391790.1019780864
2019-06-04,1766671.459045105,1680319.4231450427,1420523.386967908
2019-06-05,1785100.7718761542,1698697.443057117,1432152.9915532472
2019-06-06,1796883.2960625836,1711977.4655665956,1442307.7576003305
2019-06-07,1815275.9648604325,1722827.4904175973,1457071.3666986802
2019-06-10,1818379.6544708111,1719562.4157168434,1461486.7918932291
2019-06-11,1821402.8212077976,1723618.9070928458,1460692.20154754
2019-06-12,1818768.259764217,1730832.5599758876,1458242.8261525037
2019-06-13,1826877.0780233056,1738350.2177379683,1463959.1671466518
2019-06-14,1824849.8633047966,1745561.0602736839,1462996.8968810113
2019-06-17,1825658.651112853,1740745.514295233,1464282.1508722806
2019-06-18,1848094.3393839162,1744180.4215069779,1484077.4718468045
2019-06-19,1853687.8540156945,1751757.4893091642,1486234.201424655
2019-06-20,1869299.5377826332,1760082.52920104,1500206.6153945061
2019-06-21,1868493.5789454663,1757805.441364335,1498297.8461946899
2019-06-24,1866462.664357839,1761210.5554451197,1498769.343291615
2019-06-25,1852174.1661063165,1758383.0560394113,1488713.9147281346
2019-06-26,1850029.7074474068,1740974.9939552578,1488074.6281881225
2019-06-27,1850141.2296263361,1742821.2987759388,1487500.3983904042
2019-06-28,1854340.282690914,1748080.3121877292,1491615.292102035
2019-07-01,1866992.7687989266,1757942.2194673757,1498202.451543953
2019-07-02,1873838.3336894736,1771926.5458605892,1502085.7038246903
2019-07-03,1888796.7257530126,1787194.0412005433,1512141.2419113058
2019-07-05,1883809.2497490267,1782164.3011110516,1509680.5856333466
2019-07-08,1875467.6510479972,1779832.6926636766,1503176.9923435664
2019-07-09,1872819.8347601264,1775815.408173772,1501906.8525449508
2019-07-10,1879282.6490311383,1783208.764574331,1506208.3736789182
2019-07-11,1889906.7738103005,1783785.8848803425,1518986.9854753704
2019-07-12,1903390.3980704325,1787211.573918334,1532666.6441049008
2019-07-15,1907074.5643923513,1792021.7789334657,1534188.029975606
2019-07-16,1904043.4559451384,1789808.014668216,1532868.604766162
2019-07-17,1894437.2985912266,1782809.092763676,1526376.0733130344
2019-07-18,1900496.9381954055,1786074.6437138165,1526551.0912830427
2019-07-19,1889660.3682504508,1768951.3146205018,1522694.6721704232
2019-07-22,1891352.638530469,1763761.2017557006,1523687.2803445072
2019-07-23,1903835.513948268,1775210.8437265845,1533628.9143705415
2019-07-24,1901998.4988021592,1774163.4608451333,1529186.656007875
2019-07-25,1895969.2507856826,1774728.8597292204,1521953.419591564
2019-07-26,1900364.9857463066,1787191.684024862,1524839.573249675
2019-07-29,1905716.6294596395,1792775.4090875713,1526460.187080848
2019-07-30,1903226.080576705,1791921.5621817133,1525151.933231192
2019-07-31,1882956.7660087757,1769162.4461982087,1506436.6198926214
2019-08-01,1863461.0190106349,1755908.993973102,1490687.7406702444
2019-08-02,1853612.4932482846,1762985.6733949832,1485169.307981356
2019-08-05,1803898.6546746031,1726938.1019784196,1442144.0205132451
2019-08-06,1825436.5869586298,1745800.2661011775,1459627.308104241
2019-08-07,1821083.651125713,1746260.992865071,1458368.4491885484
2019-08-08,1847447.3634554034,1769336.2578561543,1479179.2686724076
2019-08-09,1843992.542268387,1770351.9289948232,1474090.3857196728
2019-08-12,1824497.774917406,1751698.770586511,1452164.7302428754
2019-08-13,1853094.794410538,1772026.079761627,1473668.174033576
2019-08-14,1801620.9080924569,1732065.9612701018,1428780.0075592867
2019-08-15,1805711.9993009935,1753097.3152506948,1434385.9492331792
2019-08-16,1829563.574257399,1769937.6035668605,1451579.8767010449
2019-08-19,1846168.188375725,1782742.054473294,1465586.4618890705
2019-08-20,1832132.013458407,1766087.6336020553,1455865.7360266824
2019-08-21,1848226.6993361397,1777374.7688745707,1469340.2578240316
2019-08-22,1848916.333780729,1779103.7297729147,1472116.559777563
2019-08-23,1806030.9014405606,1744687.0185510907,1437162.2511867105
2019-08-26,1827733.8437433708,1766194.932239818,1452298.7865603284
2019-08-27,1823408.3096482707,1768906.7884957409,1445517.5521228814
2019-08-28,1837768.1125671726,1781034.232730345,1459996.291546643
2019-08-29,1861046.8290804578,1791504.6571727665,1478285.4503662507
2019-08-30,1864438.9067066682,1791515.2146436647,1480586.2028668558
2019-09-03,1847090.8178535518,1789189.5206580719,1464590.0204052553
2019-09-04,1865153.0915377613,1802198.0999951889,1477905.295564061
2019-09-05,1889713.772511641,1807699.4662200597,1498803.6240329244
2019-09-06,1892722.6075396107,1812241.6900637834,1502690.271530852
2019-09-09,1891349.3908949255,1802715.4331723887,1504823.891727181
2019-09-10,1893279.545779642,1797110.8099373358,1508969.0138241197
2019-09-11,1909020.360124099,1805774.6001433483,1521732.4019047827
2019-09-12,1913163.111518363,1815203.6858721802,1524278.8147975833
2019-09-13,1913670.0896897921,1812959.2268198344,1526357.56390319
2019-09-16,1902277.863759647,1799802.1365116544,1518355.584601091
2019-09-17,1905834.6747236724,1808244.1852281783,1520261.068106852
2019-09-18,1908689.8126212172,1812659.0390054365,1522295.4603427132
2019-09-19,1905983.216606013,1813443.5760698998,1519363.1974446937
2019-09-20,1900267.2924673278,1814028.596378375,1510406.833542687
2019-09-23,1902159.2891541733,1818616.3020134862,1511243.4807722827
2019-09-24,1890344.909216888,1816381.3234828091,1503268.3346383015
2019-09-25,1900656.7057263218,1814426.10443675,1512405.4117133461
2019-09-26,1894736.0668496385,1810181.032404822,1507942.2344318614
2019-09-27,1889009.0480213002,1807701.6667238846,1503968.1874720647
2019-09-30,1897759.1469511187,1814246.3527367068,1509383.9969832948
2019-10-01,1872759.8241293249,1797101.1466248364,1490105.6252067934
2019-10-02,1838859.655885336,1767171.199851432,1462380.6101993858
2019-10-03,1848778.6448227726,1775205.8275601855,1469245.4107889708
2019-10-04,1875390.717383048,1803909.2885059076,1490143.8487809694
2019-10-07,1869772.2982293945,1796226.7022578553,1484777.3246805675
2019-10-08,1845232.4148005545,1779280.2214419504,1467170.6045162303
2019-10-09,1858119.2965659362,1787923.5099293883,1477374.7654972773
2019-10-10,1868126.9541723535,1794245.8638418843,1485823.161098346
2019-10-11,1889420.2388762827,1800575.7009453652,1503762.9411167484
2019-10-14,1887404.8704006409,1795962.9226820152,1502123.8178757308
2019-10-15,1907656.100929683,1808329.80175769,1515438.5454188609
2019-10-16,1902990.2532021052,1808403.3029417463,1514158.8771074852
2019-10-17,1904722.7543458971,1810561.7333243177,1515499.1117126122
2019-10-18,1893993.553461831,1807435.0219057205,1501161.54761009
2019-10-21,1902970.880141467,1814872.9680183013,1504382.623015564
2019-10-22,1897824.0277832337,1800139.1142312388,1502165.3271439618
2019-10-23,1901070.4378219692,1806979.1326789164,1504736.3827421768
2019-10-24,1895478.4115419607,1798869.8919729828,1503142.7116022566
2019-10-25,1910376.6372641334,1794645.392795556,1511696.0303668226
2019-10-28,1920139.058819721,1793300.707045509,1519135.060754126
2019-10-29,1919934.7505375026,1794571.063491743,1518055.0531181728
2019-10-30,1932055.642682298,1811790.4538633032,1524516.5895240465
2019-10-31,1923784.4511720925,1809830.4855654757,1516640.2332579924
2019-11-01,1939690.2618548179,1809194.8171166359,1533526.2911928834
2019-11-04,1944987.8597689548,1795842.9223432443,1539960.994430639
2019-11-05,1945525.4791035354,1797394.4927925905,1541672.5124640064
2019-11-06,1949948.8583742823,1805575.5027160766,1541668.5696311402
2019-11-07,1961782.486150343,1811688.9990821243,1551887.844804841
2019-11-08,1966445.5661835189,1813596.4459242292,1552248.9425815106
2019-11-11,1961137.9144112556,1807388.860896751,1552823.7199949052
2019-11-12,1963196.1015008104,1807459.004607684,1552823.7199949052
2019-11-13,1972280.9487362818,1823899.3288927574,1557988.2834340453
2019-11-14,1966580.807533933,1822454.6338493365,1557896.94113931
2019-11-15,1980451.8481783045,1830578.2106997038,1570397.9117880955
2019-11-18,1983102.9568355253,1836516.7209214193,1572154.772399425
2019-11-19,1981132.2523120488,1833043.4430072412,1566423.7553051638
2019-11-20,1973965.6421935905,1836268.0682812778,1560091.1276293902
2019-11-21,1971598.3153571428,1835521.8679131952,1557018.127502672
2019-11-22,1978505.6835846016,1840765.6353988205,1563148.9040403194
2019-11-25,1991537.449207991,1842158.305560676,1573851.0667170035
2019-11-26,1997919.1994097535,1853801.7086362129,1576946.9571789731
2019-11-27,2000220.6874252076,1857378.369504406,1579320.1044719282
2019-11-29,1995977.0718391044,1854819.0651397207,1573006.533821675
2019-12-02,1979936.4061157305,1852993.457580834,1557957.3979099263
2019-12-03,1962828.3633891274,1844862.4255195647,1542243.3470445347
2019-12-04,1972161.543793779,1861078.4726781694,1550484.7439201244
2019-12-05,1974617.919296852,1861395.0974037205,1552055.415201658
2019-12-06,1995445.9477021552,1873721.6139659465,1570968.1987529476
2019-12-09,1988660.5990770913,1869896.366890453,1565054.3875460804
2019-12-10,1988274.215682225,1869770.0955217117,1563491.0543146036
2019-12-11,1990971.5205790163,1867002.4391756293,1565149.7821968172
2019-12-12,2008863.1927705025,1881765.8813420872,1577528.5250267484
2019-12-13,2011566.506111432,1883603.1163784943,1577715.2619722204
2019-12-16,2022027.9954591813,1894902.9826378622,1583351.4320314208
2019-12-17,2025462.433283911,1897969.021766775,1585104.89742556
2019-12-18,2021433.389133119,1888233.460721188,1583541.454670948
2019-12-19,2032864.4244386167,1896353.3694124103,1591262.0690387844
2019-12-20,2041688.0365367257,1907692.2454060782,1595643.2134920235
2019-12-23,2045194.790321963,1903728.8855985703,1601051.1373375212
2019-12-24,2042565.7711488663,1903305.1271959394,1599027.9164614475
2019-12-26,2049403.2254292374,1906596.9054684173,1604968.6703595677
2019-12-27,2052364.2345302112,1910232.3663587326,1606307.152594532
2019-12-30,2039308.7888184444,1899510.4502385613,1596038.5920100024
2019-12-31,2045535.8438485507,1904302.84305735,1600317.1132855834
2020-01-02,2045535.8438485507,1908631.919344995,1618842.403984627
2020-01-03,2028099.0537954145,1895223.717797398,1605725.146654216
2020-01-06,2033819.2576468778,1897921.8929714728,1609566.3420510464
2020-01-07,2022609.487195235,1886644.9082563808,1602853.997665624
2020-01-08,2033215.2458330244,1891728.3910549462,1611905.2086026918
2020-01-09,2047905.1091851362,1903625.7454887284,1623782.6640429306
2020-01-10,2040282.5447996547,1896093.0379116856,1616317.2385800502
2020-01-13,2049650.319551989,1895115.4405751685,1620987.305063879
2020-01-14,2051352.1452891154,1900012.9857105096,1622816.4509444234
2020-01-15,2056370.009839529,1909404.5528307625,1627894.1625373706
2020-01-16,2073927.9542083722,1921137.8767781144,1642889.9606822897
2020-01-17,2078065.1368532022,1921575.2727957587,1645719.4908795157
2020-01-21,2069626.1103626674,1914188.7314478182,1637192.5671905268
2020-01-22,2071760.877604053,1914126.040880369,1636644.7324683852
2020-01-23,2068029.3830055199,1911805.6114655253,1635176.6843645102
2020-01-24,2057095.6072645271,1896297.887911864,1625623.638422074
2020-01-27,2027924.0619268762,1883874.4914480709,1600169.1475299632
2020-01-28,2042527.526115181,1894287.4421014697,1610658.068662463
2020-01-29,2037836.3975151284,1891894.3663913053,1611308.5265622626
2020-01-30,2048923.6219643776,1903100.0646544467,1618317.4595977368
2020-01-31,2012091.4472992094,1870827.678606952,1584480.7250782023
2020-02-03,2024220.2971017305,1873483.4454391007,1592543.3801971877
2020-02-04,2052710.094536192,1888190.1364082517,1615412.2489141054
2020-02-05,2083313.485838387,1920828.6529116847,1642509.1487412888
2020-02-06,2087402.3953754124,1922369.3615534464,1647495.4085163656
2020-02-07,2069676.247255706,1913564.177261243,1631947.832816439
2020-02-10,2082766.3069704352,1921836.5687454066,1641722.4440613324
2020-02-11,2084182.8190186846,1919102.316933744,1641695.5013700796
2020-02-12,2095717.021702328,1919977.9680606162,1657120.849251152
2020-02-13,2088643.956783467,1921648.8360383168,1649937.0077688044
2020-02-14,2089265.4318921755,1923592.0220590925,1648522.187908624
2020-02-18,2077425.892713256,1917662.8646625723,1639219.7308994664
2020-02-19,2085190.332100263,1918568.0708727655,1645715.5480466494
2020-02-20,2080224.0341661586,1916441.935802475,1638535.1017814924
2020-02-21,2066504.3807847176,1917726.553014129,1625773.904163533
2020-02-24,2003148.9045488092,1870950.2814715598,1567925.5365346726
2020-02-25,1947269.5612821255,1834250.2276800575,1518610.1163672358
2020-02-26,1936783.683770653,1819842.4352833284,1511669.6352912455
2020-02-27,1853788.8955511868,1746188.5386447106,1444886.151248602
2020-02-28,1829203.6996146794,1709267.1920508004,1424851.3031774524
2020-03-02,1916275.6101373949,1796388.9645907804,1497411.2564154544
2020-03-03,1861109.3223207237,1754551.1023710999,1453340.6801452409
2020-03-04,1945345.4767804274,1835244.1770175886,1519142.8368967231
2020-03-05,1885096.271489767,1788152.7195075557,1464772.8145178612
2020-03-06,1864757.6459075317,1783774.4297252249,1450389.360221701
2020-03-09,1730137.344902941,1674816.0017078104,1337466.0793159974
2020-03-10,1814994.1208607096,1747244.1225672797,1402914.476340867
2020-03-11,1718579.6852433844,1661883.976178489,1320766.7583265784
2020-03-12,1547334.646591535,1521311.6190081355,1188842.6372689046
2020-03-13,1696148.705504539,1627091.5796850815,1300153.1900091683
2020-03-16,1494668.016822985,1461502.2137479777,1132088.2962372997
2020-03-17,1577128.5069044116,1554311.2593853385,1190904.081719154
2020-03-18,1485061.3081519564,1525220.054582432,1115848.7533693423
2020-03-19,1495098.2970848363,1511906.2375941188,1126406.1264613261
2020-03-20,1433781.6636766808,1436328.0099470892,1075197.1608098622
2020-03-23,1399904.9390320908,1369561.8780018792,1042558.171296593
2020-03-24,1553382.7186665547,1478800.6618487742,1161045.3369922822
2020-03-25,1579746.1131914635,1470422.646474539,1188838.8039591738
2020-03-26,1678656.9668802891,1543695.9483015952,1264631.989670654
2020-03-27,1617527.4081784426,1518075.9230647692,1213300.6866772007
2020-03-30,1675813.1249481228,1592148.7813905254,1252032.3386770766
2020-03-31,1643327.3872789252,1563458.016420409,1229023.2803471356
2020-04-01,1574287.4808610026,1521366.5368825626,1174425.0117545705
2020-04-02,1621900.095599136,1580112.0122933853,1200776.7161700286
2020-04-03,1596477.5257257752,1570141.2631673608,1180538.3741137253
2020-04-06,1710319.2757578064,1655901.4600384934,1271799.6217289958
2020-04-07,1706731.2754286323,1638234.1053907503,1270334.3117034996
2020-04-08,1761227.1989678717,1682163.6212954363,1314057.2615426707
2020-04-09,1783716.3371944113,1690459.6667627385,1330083.672389579
2020-04-13,1758243.4987795607,1669022.747482008,1311657.1715584628
2020-04-14,1798535.4927931358,1724238.406545485,1343003.0214147302
2020-04-15,1762333.4681703527,1695909.3533393042,1318026.270438249
2020-04-16,1763074.4378657285,1714984.2888306342,1319895.2827399971
2020-04-17,1821974.6507472484,1746903.1023600032,1359418.1298683719
2020-04-20,1783494.7069578015,1720485.518872975,1326218.3819030104
2020-04-21,1731485.1192837965,1680855.3662930946,1290803.199959345
2020-04-22,1762674.5898233668,1707750.9184953263,1316426.4660027593
2020-04-23,1763734.0259003043,1705564.679482899,1318638.0666713323
2020-04-24,1780403.1331390005,1717853.5881595039,1333218.3340414003
2020-04-27,1809558.5434441252,1742065.3485826175,1353322.0721645746
2020-04-28,1806804.8791171478,1732436.421203929,1351514.830911065
2020-04-29,1843898.3335202343,1730915.1857858035,1381364.4852177172
2020-04-30,1818323.2104876977,1712502.862920235,1365206.8656548702
2020-05-01,1771456.228689184,1684814.0917782788,1330325.9375645844
2020-05-04,1770969.1346636445,1676372.7325847014,1331787.8523728899
2020-05-05,1779745.5376301457,1685559.2903386774,1339264.4491955582
2020-05-06,1762269.6758354714,1667743.2509150368,1327014.7246188622
2020-05-07,1778498.4336493835,1663949.0921574815,1338860.746919306
2020-05-08,1816708.3754764004,1693881.0298602125,1364399.3515792305
2020-05-11,1809560.495664555,1695926.0957020025,1358268.5750415833
2020-05-12,1771398.5551941462,1667827.694554801,1332630.0852823795
2020-05-13,1732205.5392422394,1649661.628126699,1303649.60657647
2020-05-14,1760306.8686052717,1658385.5932583893,1324810.9000928865
2020-05-15,1765105.9630365088,1670358.963569602,1328179.9412539809
2020-05-18,1830980.0121367276,1706617.7648963924,1379318.2644832574
2020-05-19,1802518.81855065,1679793.576340607,1357420.0993133886
2020-05-20,1833634.1741701765,1692363.0096724005,1378114.3861814223
2020-05-21,1825264.1866316814,1679711.0538953978,1372406.9165612233
2020-05-22,1825466.0636818793,1679556.1824221734,1371904.5339401793
2020-05-26,1861362.393236317,1692091.6490373905,1401621.884299541
2020-05-27,1903553.1160440033,1713711.0900905346,1432640.807597313
2020-05-28,1894310.2671764344,1726338.167725544,1424362.3919020346
2020-05-29,1897102.9637359336,1736917.4889529091,1423379.3122407107
2020-06-01,1902147.7003190883,1730246.0842076326,1428533.2519357393
2020-06-02,1918849.520390077,1737683.4085243966,1443540.878579257
2020-06-03,1959578.8297097771,1756838.894310466,1473106.3203501322
2020-06-04,1963056.6712852744,1746009.2511825627,1473775.2876597764
2020-06-05,2017476.1411085273,1771856.7328840336,1520271.144235288
2020-06-08,2048295.2051661129,1783847.6098090517,1546147.8468134955
2020-06-09,2023728.4601353381,1770640.621181986,1529317.317108138
2020-06-10,2005887.4969181186,1771530.0057059964,1513486.5145806507
2020-06-11,1875754.8805797254,1693437.0777843194,1409083.366929555
2020-06-12,1906572.3292927535,1697545.5373617825,1435852.2449668918
2020-06-15,1919475.8271686516,1702770.6373833944,1444690.9810217216
2020-06-16,1958597.7688991728,1732541.715515046,1474232.8753185342
2020-06-17,1945722.7861756918,1727622.0969201417,1464679.1722372873
2020-06-18,1947458.3952257163,1733975.8657182567,1462463.628735848
2020-06-19,1934689.5898659828,1734556.6089108535,1450764.038867132
2020-06-22,1939555.775270595,1731305.7347725383,1459371.6811067446
2020-06-23,1944045.1792531908,1730535.6850381503,1466725.392971747
2020-06-24,1895174.2466350566,1700217.70923542,1426902.5619761304
2020-06-25,1917767.678318179,1710711.954579324,1443706.2585133703
2020-06-26,1867257.2435654574,1674511.429943691,1402768.1534322742
2020-06-29,1903931.4886847832,1697500.8340902627,1435306.162614913
2020-06-30,1924458.4893369442,1717438.3212255717,1447479.1114738516
2020-07-01,1925399.0178673822,1734160.7734201448,1443110.233611752
2020-07-02,1932856.7131042734,1741509.5538174142,1448291.0064748982
2020-07-06,1962513.2993016404,1757594.7578684245,1474067.385861286
2020-07-07,1936150.128633321,1756542.6436189266,1451813.7085946419
2020-07-08,1946973.2670872093,1755354.2108903357,1461744.7188765642
2020-07-09,1923369.8272021906,1742536.7961159071,1441490.715011931
2020-07-10,1951086.2346471515,1755181.2987646274,1462194.5303927248
2020-07-13,1948484.7199905554,1755141.6419801444,1462783.3267674213
2020-07-14,1985754.9708075055,1783706.8355860864,1494005.7440503472
2020-07-15,2001629.5717194122,1789180.2234655255,1506763.5464511164
2020-07-16,1995220.1835350145,1791754.1614747096,1499171.5122439745
2020-07-17,1996155.9373550713,1800622.163196344,1495652.095818286
2020-07-20,1994978.6280771552,1796782.638742405,1496152.287976627
2020-07-21,2009583.8489793807,1801023.2409847686,1505098.137657657
2020-07-22,2019877.1724819299,1814006.5453183278,1514375.2948225895
2020-07-23,2002011.4759216963,1805494.2969795438,1494551.9359254611
2020-07-24,1980612.9073116542,1803362.07423966,1484321.4893919725
2020-07-27,1988323.97203873,1817893.694151769,1490763.42115665
2020-07-28,1975591.7217284464,1809337.3039721407,1479240.3825818347
2020-07-29,1984184.3824992513,1806036.7727091745,1488228.8367624478
2020-07-30,1965104.9779916662,1798795.1934481752,1475560.1861937107
2020-07-31,1964783.5270827438,1796084.5520883906,1481990.3989829244
2020-08-03,1980014.0602967234,1806134.7181983378,1495228.7889008378
2020-08-04,1988132.0507377235,1815369.0373492718,1504429.170348013
2020-08-05,2012815.3698602708,1821444.7384092403,1525348.1986894242
2020-08-06,2022175.523277272,1825925.2650458498,1535748.0775130275
2020-08-07,2029682.837771134,1834228.8914223271,1538355.6043152553
2020-08-10,2053166.916603748,1839939.4643942476,1558428.4569143106
2020-08-11,2047751.4282058422,1831047.550952226,1552566.8882429213
2020-08-12,2066277.9702300127,1853871.110967483,1568824.9405207234
2020-08-13,2054375.2404084317,1858072.6123327345,1564332.1919927418
2020-08-14,2056569.2991259082,1859869.781600144,1566255.5277695362
2020-08-17,2050049.2675796757,1871288.4025599496,1561426.871785975
2020-08-18,2047732.1489700268,1879573.364242361,1557678.771054043
2020-08-19,2039997.6875193028,1872025.4543610653,1552901.700467149
2020-08-20,2040754.2175697926,1871651.6379458285,1555528.8319105732
2020-08-21,2046620.7852233325,1876561.4423340778,1566216.8661028198
2020-08-24,2073013.6886621895,1887177.0095443823,1587420.8736419543
2020-08-25,2079804.2059859107,1899496.8866031049,1584055.1181749152
2020-08-26,2102547.656857225,1927366.5363065135,1588736.3560185316
2020-08-27,2120596.8468071613,1938364.2562580958,1597728.0958932
2020-08-28,2132716.8634003787,1956382.604447673,1606789.9305743799
2020-08-31,2119503.071950392,1948181.4654335326,1594239.1268990901
2020-09-01,2132685.43680937,1958852.7031638292,1606329.6048372427
2020-09-02,2169879.885513674,1999774.0334548862,1631835.1335103447
2020-09-03,2116162.5544570195,1959688.2130574281,1586538.774311261
2020-09-04,2110663.899662991,1951793.0488553317,1577599.1674489356
2020-09-08,2065203.4384878522,1920732.580177559,1542135.6858026586
2020-09-09,2094809.0533796693,1947024.5923954765,1566785.5102206443
2020-09-10,2065597.6125396215,1925539.675572936,1544024.8503612785
2020-09-11,2079334.3999516729,1944421.68118556,1551374.181300874
2020-09-14,2101307.181615572,1959064.5409267256,1569749.6443509993
2020-09-15,2098716.795730418,1963791.0876877047,1569876.9102340718
2020-09-16,2103378.387231649,1966152.165909124,1571939.4499156727
2020-09-17,2093806.512023131,1962666.6915799323,1564627.137795766
2020-09-18,2075629.7607753149,1954345.7457623659,1550913.1984249258
2020-09-21,2037928.807598643,1918753.512257921,1522330.1791765636
2020-09-22,2048750.5538739895,1932649.3143921965,1530207.7401971044
2020-09-23,2011188.416248999,1916709.272821458,1500765.1833838946
2020-09-24,2014659.0423233,1920941.8939457089,1503698.4319901308
2020-09-25,2038877.292493164,1929224.1615304435,1523802.827252116
2020-09-28,2070364.7320755443,1940404.5366107575,1546799.5094677822
2020-09-29,2058415.1806415934,1935104.6393640111,1539431.121502666
2020-09-30,2081054.3132098566,1954320.8328197883,1557882.2650391965
2020-10-01,2080975.8991893933,1954007.0980587746,1559856.2005044415
2020-10-02,2071506.6402967249,1941543.7056157992,1552336.9991821907
2020-10-05,2104546.628417601,1966650.688284339,1578458.814536918
2020-10-06,2079233.0015833697,1950891.3871023208,1557380.9776495043
2020-10-07,2116161.0420454545,1974503.4521932448,1587140.4944159081
2020-10-08,2133448.621359396,1970225.0422156642,1593984.48560981
2020-10-09,2141277.6246753526,1978971.1413986085,1603034.601315526
2020-10-12,2161750.339386253,1987240.867650072,1617088.2814516765
2020-10-13,2146991.4094642387,1980187.1944752862,1608244.6168557638
2020-10-14,2137828.040304741,1970791.7382019695,1598946.6502951484
2020-10-15,2137706.927984118,1966487.1384764463,1597836.3047507522
2020-10-16,2144512.6447040164,1971882.3840885472,1604123.0422328876
2020-10-19,2114353.614825881,1943988.4702971985,1581082.003147476
2020-10-20,2121380.8892366933,1952297.8586992328,1587439.2735286634
2020-10-21,2115070.5035298197,1947671.1746202512,1581945.5930683245
2020-10-22,2131878.8518034196,1955583.4307343843,1590516.216488248
2020-10-23,2123223.8311241576,1958109.3612333066,1588941.0547581725
2020-10-26,2076290.3083674158,1933291.187910595,1552481.13162808
2020-10-27,2056802.4540375012,1923912.1080089493,1540021.5607243904
2020-10-28,1989918.8510110446,1866621.6524824114,1487128.567346488
2020-10-29,2001510.760775111,1867935.3111574466,1494932.0907276508
2020-10-30,1993215.030861654,1860011.454552975,1486099.5974915258
2020-11-02,2023662.7398158764,1882776.8045294874,1509844.9798592431
2020-11-03,2060919.1703458994,1903029.6680495641,1540965.8691958624
2020-11-04,2077998.3118554796,1915803.5665260432,1561581.0803603006
2020-11-05,2116918.8740359214,1935096.4192303924,1592003.3216176433
2020-11-06,2113260.215333072,1942700.4661446102,1588258.6161029018
2020-11-09,2190709.2934716595,1955439.0771701988,1635057.851762846
2020-11-10,2213115.1599234003,1984332.474437283,1649802.9514513512
2020-11-11,2210594.387721887,1992458.8687253338,1648496.997587534
2020-11-12,2186980.0717353197,1975754.3331188445,1630695.1071963164
2020-11-13,2223315.0817740364,1996480.868674159,1653105.2930231246
2020-11-16,2261388.8939186037,2006126.1558835548,1679496.206720975
2020-11-17,2250758.15081495,2000653.4591907738,1670126.5025068205
2020-11-18,2223956.795883708,1978495.2632243684,1650784.2787425122
2020-11-19,2230078.4441302205,1984399.2024830887,1653297.0680328144
2020-11-20,2217052.0681700315,1977833.6958057978,1640974.4010480926
2020-11-23,2242487.229563852,1980768.0621809405,1659355.4497781117
2020-11-24,2279453.2316596243,1989151.9043759827,1684868.3165012703
2020-11-25,2267487.056492584,1986343.5668475279,1675124.04316482
2020-11-27,2269132.374790108,1987091.392669923,1677249.2300797405
2020-11-30,2252522.5838263556,1981584.7567180037,1662011.8238986272
2020-12-01,2270643.681254136,1990162.3902532966,1672401.5170706592
2020-12-02,2280614.8062874246,1985134.336489147,1675758.7297331546
2020-12-03,2287432.802648627,1988643.7622020494,1680566.1382284919
2020-12-04,2308250.982642036,1998008.8964790578,1694514.4571086045
2020-12-07,2294615.6922060093,1988389.3240552046,1686188.836942066
2020-12-08,2303938.4432042725,2001694.6384391873,1692025.8724311758
2020-12-09,2297723.5028702375,2004003.9100151653,1686133.9658513437
2020-12-10,2293835.901420618,1990068.3722234808,1682233.8470077896
2020-12-11,2299261.0324723017,1992322.102880694,1684875.5450281918
2020-12-14,2282436.2901943317,1981322.4753843138,1674511.6993160609
2020-12-15,2309623.872830419,1997847.060626715,1693451.863651144
2020-12-16,2305260.1350084185,1988115.7791152492,1690941.2648235455
2020-12-17,2313832.315905208,2003957.9326163272,1699287.0372469565
2020-12-18,2302482.84771436,2003277.2046438477,1692315.7801699822
2020-12-21,2301211.6807106948,1994585.119160444,1694412.929162298
2020-12-22,2287954.6380759124,1981539.3531376754,1683145.0794924393
2020-12-23,2297429.3854136127,1980365.4549371386,1689555.6876404565
2020-12-24,2302575.7663923823,1984873.081196176,1693483.187267804
2020-12-28,2317649.829911087,1997546.3318437876,1704928.3548935102
2020-12-29,2314266.597976989,1998184.0370480027,1701098.3308564676
2020-12-30,2316607.968620299,1995869.5162108182,1705241.8101063787
2020-12-31,2332695.109517724,2012015.6923920042,1716284.2611640492
2021-01-04,2332695.109517724,1990686.3255007844,1694830.2123073118
2021-01-05,2347683.180604192,1993804.45724979,1704234.6353553166
2021-01-06,2378692.8391301674,2005867.6504195682,1728784.6841971588
2021-01-07,2393699.834003172,2005668.0347102126,1740657.6491888552
2021-01-08,2396912.587660686,2010941.4651482478,1743844.9914686952
2021-01-11,2389542.9710072833,2005762.1125156013,1738838.4699136114
2021-01-12,2396766.0396933295,1995379.6373416581,1742203.0206261633
2021-01-13,2400355.140896724,1990554.4828054737,1741742.1472733503
2021-01-14,2402587.9807356405,1984759.2167633104,1737875.6520322948
2021-01-15,2387472.9706782056,1983994.7335251947,1727935.6608532881
2021-01-19,2400164.4843059084,1986113.580165989,1734455.0254745337
2021-01-20,2419530.1989450366,1999905.0728789421,1748914.81739591
2021-01-21,2420990.737454595,1994657.93901014,1748221.0978577167
2021-01-22,2401207.8611538317,1993014.5221175202,1738181.8787182418
2021-01-25,2398770.2043255186,2006514.147207541,1736108.1676768532
2021-01-26,2396433.7791908747,2015420.3092818926,1734820.6136997454
2021-01-27,2352724.003098851,1977384.5253628748,1699275.8658871686
2021-01-28,2377045.986362682,1985877.2268472514,1716109.2431940408
2021-01-29,2329255.713313681,1948622.2270316333,1681300.7098961053
2021-02-01,2347066.091922674,1949148.8693988665,1694158.397396153
2021-02-02,2381101.962284636,1960518.9238459584,1720826.4046259944
2021-02-03,2383157.3861382236,1955429.2791023913,1722851.8159647712
2021-02-04,2411145.982284532,1965028.9608197121,1741483.563151204
2021-02-05,2422145.9078754364,1981806.858837928,1746663.8979218095
2021-02-08,2443437.923655884,1981088.2813931657,1759983.0063903462
2021-02-09,2440555.7758367294,1983386.0191050258,1759426.1907711206
2021-02-10,2441484.798852413,1981025.2733515166,1762901.2503270633
2021-02-11,2443890.0721295276,1979145.7597632029,1762503.0242075701
2021-02-12,2448130.969865702,1981548.5316787881,1764056.390833746
2021-02-16,2453787.275349737,1974317.9768538666,1767664.849568331
2021-02-17,2463496.854833505,1994318.5177230681,1772726.7898298132
2021-02-18,2454967.0404561963,1988649.9997022524,1766015.6501988776
2021-02-19,2453703.779905201,1965220.827567461,1766070.630812735
2021-02-22,2452344.251985047,1959546.0192367234,1767605.3785059315
2021-02-23,2454345.1446834146,1955277.6803171625,1768483.5350037583
2021-02-24,2482851.292908456,1957651.8200000618,1792288.27891074
2021-02-25,2444101.653709541,1945419.1798297353,1760894.238874996
2021-02-26,2406108.8619455574,1905948.1271498976,1734558.7438835436
2021-03-01,2452902.5676557175,1922153.7288976754,1768380.364210424
2021-03-02,2440207.4587035035,1918664.9706554534,1760305.9901159753
2021-03-03,2431045.112319561,1905068.9495588725,1753496.7177559235
2021-03-04,2404602.194330664,1888768.236202056,1734097.3229150546
2021-03-05,2452668.262565895,1923876.2876921354,1766181.6872718018
2021-03-08,2473431.896019013,1939966.6296435492,1783348.6720484144
2021-03-09,2478513.5532501857,1935218.400890539,1785047.8139675073
2021-03-10,2511579.8565966473,1961165.8673941134,1811082.6679529063
2021-03-11,2521245.968992276,1956610.2192209302,1821656.907607707
2021-03-12,2539469.8133494174,1962391.6460866127,1838089.9778555173
2021-03-15,2558445.3566072527,1991504.3502181778,1847893.1746386914
2021-03-16,2550841.4000425604,1995658.7761566741,1840742.8472357073
2021-03-17,2564632.7506041797,2003295.6885127074,1851364.8389774438
2021-03-18,2549412.739559178,1996807.404235473,1842781.29182757
2021-03-19,2536776.294388299,1990265.1110322655,1829641.0346387723
2021-03-22,2549376.9420150267,2004476.324822476,1835429.6609021355
2021-03-23,2527653.813486623,2002093.7558596628,1818155.5624993225
2021-03-24,2526835.063721289,2003994.5652137878,1817982.2968994768
2021-03-25,2542940.1134414184,2007983.0084216734,1829164.9375701703
2021-03-26,2583807.6292374004,2038520.4100098258,1854589.6381695135
2021-03-29,2591810.014291269,2055028.9102610177,1860112.6708300791
2021-03-30,2579713.61831251,2036288.6107869218,1854257.7830699356
2021-03-31,2571838.3291792227,2031767.3046527682,1849468.3363687668
2021-04-01,2583628.7790513635,2034069.2953104333,1859094.3247192292
2021-04-05,2613913.027194439,2061185.51775321,1880065.5955961186
2021-04-06,2607022.038342617,2061021.8265176285,1874628.8671660703
2021-04-07,2610071.805081565,2061548.0543752052,1875527.3949670393
2021-04-08,2612295.0111631057,2054718.405157236,1878741.0227993215
2021-04-09,2634060.7862904593,2063633.6980978968,1895397.301196617
2021-04-12,2626071.30856554,2063504.5593535074,1892301.7393040527
2021-04-13,2620358.6856198944,2056518.6193243505,1888481.3533029056
2021-04-14,2621461.971802852,2054980.7474748169,1891488.2014559787
2021-04-15,2640064.3747531464,2071829.5835671723,1908596.8104015435
2021-04-16,2654318.000702824,2085162.727485207,1917831.5821131635
2021-04-19,2645032.5054881494,2081933.692359765,1910931.8436434579
2021-04-20,2627600.2445578836,2090815.3713051695,1896558.0273831931
2021-04-21,2650403.2994707515,2097386.820560471,1914278.4325618413
2021-04-22,2625797.229753925,2079005.164727946,1896255.0863913014
2021-04-23,2636066.053605862,2083528.549957323,1909017.3792406127
2021-04-26,2629652.284003854,2065156.177459112,1905545.2768093196
2021-04-27,2626954.4903799156,2059344.0722951994,1905733.656601819
2021-04-28,2615568.164815086,2040390.7027540402,1896506.3324633911
2021-04-29,2632584.2884676657,2051080.5780738923,1909963.4400822474
2021-04-30,2619348.3039315785,2054618.5043736647,1899560.9327034
2021-05-03,2637142.6012674705,2075372.3564794764,1912928.2313514135
2021-05-04,2636006.769061354,2075090.426939436,1914038.57689581
2021-05-05,2645075.029800882,2081232.5545227618,1919495.2385364599
2021-05-06,2670474.254908261,2096518.9792157377,1937338.0905802327
2021-05-07,2688443.9312148523,2103164.969421818,1950192.3828630904
2021-05-10,2687361.7750164066,2115158.586851184,1948233.0139748233
2021-05-11,2652519.196033233,2094347.5201768342,1921672.1203711827
2021-05-12,2605368.3589239544,2065390.9726646892,1883456.4318611124
2021-05-13,2638299.236981464,2088411.9449935453,1907781.5201833067
2021-05-14,2665776.1449771,2099022.1758467983,1928006.9385096596
2021-05-17,2662125.0533176707,2099470.3359944783,1924959.7858428424
2021-05-18,2641079.3800845006,2092497.9501738271,1909980.3066450641
2021-05-19,2630957.6203138437,2087148.9013213965,1900749.03967377
2021-05-20,2647752.1175961737,2099372.275348232,1911297.4318686696
2021-05-21,2653475.9234210555,2095438.8472692987,1918233.532019253
2021-05-24,2670433.6378666386,2099755.8759879144,1928671.524893897
2021-05-25,2661982.16865886,2091654.0698431279,1924100.2482779953
2021-05-26,2663643.5501711383,2089960.1345540422,1924694.0827169097
2021-05-27,2672243.1091632997,2083692.4696802185,1932633.8528782297
2021-05-28,2678456.3744281055,2089335.49661037,1936268.0495495806
2021-06-01,2679359.0879687257,2072622.8545730268,1938839.6527634712
2021-06-02,2684248.1333710593,2078283.5689699901,1940245.4917265677
2021-06-03,2682262.570972844,2085508.3185518454,1938936.6902612357
2021-06-04,2699471.520054542,2095618.5404483282,1948993.9807180138
2021-06-07,2689647.3161573284,2085087.3246276784,1941919.881417111
2021-06-08,2686780.4506397103,2076817.90493128,1940214.1681099078
2021-06-09,2678078.665736632,2079226.9476925875,1931652.5255870686
2021-06-10,2683781.9592076144,2098602.549545424,1932723.4428028022
2021-06-11,2684801.7555820188,2099349.9250463927,1933472.8000936643
2021-06-14,2680401.1314217565,2095885.9223702475,1928658.601163946
2021-06-15,2674213.1401397367,2088707.059189207,1923363.8147170837
2021-06-16,2655423.1092158547,2073962.313753997,1908466.915963227
2021-06-17,2639205.3788913907,2073521.4805487185,1896678.502831885
2021-06-18,2595911.4767012857,2042803.6043576575,1866769.267939698
2021-06-21,2638605.3894254235,2065973.4019331469,1899679.655781929
2021-06-22,2642655.179708305,2069617.4447555514,1903526.984474329
2021-06-23,2635352.4593986417,2058698.1225317223,1899526.5424389553
2021-06-24,2658935.164039707,2069149.184335777,1917615.6024906
2021-06-25,2682461.1109871976,2101013.2122792797,1930906.6730365322
2021-06-28,2673834.5776601303,2099676.6587798335,1922463.3154996813
2021-06-29,2671484.2631311007,2097694.2889766986,1922969.0933379158
2021-06-30,2687853.795108081,2111902.684342431,1934757.5064692576
2021-07-01,2700737.8994175936,2118971.3389317496,1942104.5374230149
2021-07-02,2712526.4236636544,2133687.620552602,1950674.0656115864
2021-07-06,2694853.1798752393,2122733.9149947786,1938955.3091942153
2021-07-07,2704253.4078659834,2133755.557591866,1944810.6350468996
2021-07-08,2687471.8620977383,2122797.9442413733,1930238.80095824
2021-07-09,2721047.98307701,2138298.6284703524,1955373.7033419122
2021-07-12,2729378.8265253343,2140058.2785594454,1962440.3550696233
2021-07-13,2720961.9850044046,2140053.9474090915,1956418.335005204
2021-07-14,2726734.6054503857,2151668.3953421195,1958910.4244229582
2021-07-15,2727647.536099115,2152979.6768403174,1961926.691565656
2021-07-16,2703987.5127573228,2143841.247536325,1945150.5948584802
2021-07-19,2652966.62806548,2119494.1768982387,1904450.0454575773
2021-07-20,2691518.467374645,2134404.4106279877,1935288.912721123
2021-07-21,2714315.80891106,2143969.664291134,1951327.2615897655
2021-07-22,2713507.393738504,2147812.9184808373,1952748.871884327
2021-07-23,2726152.5622653305,2167393.9730540738,1966106.0944039044
2021-07-26,2735743.88638579,2169022.395559178,1970746.8086875065
2021-07-27,2729572.2707931926,2172397.816612201,1965936.114498114
2021-07-28,2720817.6717100595,2158323.145720452,1958781.406169723
2021-07-29,2732125.9596429365,2162732.2194359214,1967394.7436123644
2021-07-30,2722846.6147245625,2164150.4829852246,1959035.937935868
2021-08-02,2717157.665635798,2159427.4390335134,1953579.2762952177
2021-08-03,2739898.8787363535,2174196.5879717027,1969181.7230858668
2021-08-04,2712872.278402831,2155815.582697486,1951028.4824770102
2021-08-05,2734811.178925631,2167547.305443325,1966257.4553767152
2021-08-06,2742074.686560359,2167282.165802764,1974347.0531869535
2021-08-09,2735412.3063358585,2165190.705828902,1968365.9947750894
2021-08-10,2747279.94361848,2173819.9534926033,1977496.281415753
2021-08-11,2764643.284272688,2182161.6151332217,1989849.6148783236
2021-08-12,2770197.4418887864,2187557.5414457642,1990684.181168351
2021-08-13,2772730.3643511366,2196532.8473056816,1991554.8900929862
2021-08-16,2780675.9615551736,2211895.718173776,1997724.32829735
2021-08-17,2761122.7592564034,2207193.7647763933,1981904.368560245
2021-08-18,2729520.23165657,2183512.188174651,1960450.3197035077
2021-08-19,2724825.503693185,2189203.2685107524,1956717.3331642295
2021-08-20,2740536.449831506,2199199.6522095418,1969388.0646725353
2021-08-23,2759293.76814735,2199861.1514604343,1981479.8568883096
2021-08-24,2761753.2281839345,2188634.3253004756,1983193.017768705
2021-08-25,2766589.1670310823,2184637.052243539,1985393.337554355
2021-08-26,2751580.2046834417,2173249.50915626,1974605.5277859645
2021-08-27,2767989.6907448634,2175407.4064502893,1988213.9963776318
2021-08-30,2766270.588025073,2180118.8826843025,1985075.9395086202
2021-08-31,2765114.868083063,2178511.615587746,1982882.8482498915
2021-09-01,2760893.4507071855,2181941.385807913,1980180.0363200621
2021-09-02,2773668.645410679,2191205.165189415,1987542.181466473
2021-09-03,2767478.5984089663,2191987.4052292723,1983351.6072684373
2021-09-07,2742797.1077613,2162576.9469243223,1968262.166842944
2021-09-08,2738994.996875388,2165583.749602454,1964396.8763563754
2021-09-09,2726415.031880007,2148679.20806314,1955890.6525399347
2021-09-10,2708799.5743504623,2140714.4637855794,1940657.0796685524
2021-09-13,2728506.0965090217,2144913.039991303,1955343.913049145
2021-09-14,2705766.4704154474,2134402.761389857,1938966.480554003
2021-09-15,2724018.636339574,2142062.0329459757,1952246.3797401476
2021-09-16,2716164.33924792,2138019.2390185883,1948709.6586591017
2021-09-17,2702988.6286132997,2128974.8584580435,1939376.316125825
2021-09-20,2658414.646585949,2108968.526598349,1904922.747308989
2021-09-21,2652854.8282428402,2108730.4331750376,1902083.688599003
2021-09-22,2679940.964494812,2117634.8778983494,1921064.2669709655
2021-09-23,2719179.6791943265,2140047.0304781296,1949466.6825694258
2021-09-24,2720181.6196682355,2139586.4118398796,1951327.2615897655
2021-09-27,2723960.941104797,2134368.2085052207,1955329.455995302
2021-09-28,2685888.933374099,2108372.970952502,1923400.8335367725
2021-09-29,2694262.4406618844,2119410.4386150837,1928488.6212581557
2021-09-30,2656429.5588482656,2093743.4144405234,1897826.524334781
2021-10-01,2697067.422810297,2117384.396857371,1924885.310110924
2021-10-04,2679637.580152445,2111017.8560300134,1906742.583723044
2021-10-05,2700909.29266229,2120938.703995378,1924224.2284670123
2021-10-06,2706399.3890938913,2129814.0751927984,1929961.707426249
2021-10-07,2729618.2701108875,2144857.909170441,1948912.7145517147
2021-10-08,2727911.5186766433,2135831.873578557,1948425.3366001893
2021-10-11,2709518.5081270784,2125941.5917469976,1934395.6420306421
2021-10-12,2696948.1475424753,2117115.9739574813,1927794.4636274215
2021-10-13,2697459.436625676,2120990.266665099,1927764.6733346542
2021-10-14,2734429.467760477,2144040.6768079717,1957751.2315602743
2021-10-15,2757688.751852693,2155572.407310045,1979183.5948362472
2021-10-18,2749329.380115617,2149211.8427918945,1977156.3216041722
2021-10-19,2770028.965501734,2167335.448968364,1988298.5482379862
2021-10-20,2787540.6949376715,2177797.8078311947,1996823.8290799477
2021-10-21,2780974.31159799,2180789.2565680137,1996472.6979085791
2021-10-22,2775814.325642427,2179587.952578021,2000619.0247600046
2021-10-25,2778607.051000647,2184623.4356639716,2004215.1073803152
2021-10-26,2779771.624921946,2192202.6632274194,2005097.206711008
2021-10-27,2764059.1986138253,2187765.3179119816,1990170.517664384
2021-10-28,2790868.0817393526,2212690.1110087517,2003616.8920159936
2021-10-29,2796950.4530546963,2223660.179687469,2008612.023165019
