date,AAPL,AMGN,AXP,BA,CAT,CRM,CSCO,CVX,DIS,GS,HD,HON,IBM,INTC,JNJ,JPM,KO,MCD,MMM,MRK,MSFT,NKE,PG,TRV,UNH,VZ,WMT
2015-01-02,0.037037037037037035,0.037037037037037035,0.037037037037037035,0.037037037037037035,0.037037037037037035,0.037037037037037035,0.037037037037037035,0.037037037037037035,0.037037037037037035,0.037037037037037035,0.037037037037037035,0.037037037037037035,0.037037037037037035,0.037037037037037035,0.037037037037037035,0.037037037037037035,0.037037037037037035,0.037037037037037035,0.037037037037037035,0.037037037037037035,0.037037037037037035,0.037037037037037035,0.037037037037037035,0.037037037037037035,0.037037037037037035,0.037037037037037035,0.037037037037037035
2015-01-05,0.03673197329044342,0.03728792071342468,0.03521811217069626,0.037465937435626984,0.040569204837083817,0.03521811217069626,0.03521811217069626,0.041335199028253555,0.03521811217069626,0.03521811217069626,0.03650016337633133,0.03521811217069626,0.0406409427523613,0.0357104167342186,0.03521811217069626,0.03521811217069626,0.04025939851999283,0.03521811217069626,0.03892909735441208,0.03521811217069626,0.03521811217069626,0.03521811217069626,0.03521811217069626,0.04247017949819565,0.043827831745147705,0.03521811217069626,0.03521811217069626
2015-01-06,0.03915919363498688,0.0370192788541317,0.03520121052861214,0.03678569570183754,0.04428260028362274,0.03520121052861214,0.03536277636885643,0.039193738251924515,0.03520121052861214,0.03520121052861214,0.03520121052861214,0.03555013984441757,0.044284701347351074,0.036456961184740067,0.03520121052861214,0.036618512123823166,0.04131752625107765,0.03520121052861214,0.037260543555021286,0.03520121052861214,0.03520121052861214,0.03520121052861214,0.035447366535663605,0.03765663132071495,0.04118986800312996,0.03520121052861214,0.03520121052861214
2015-01-07,0.03811556100845337,0.035548433661460876,0.035373933613300323,0.035373933613300323,0.04315895959734917,0.035373933613300323,0.037305302917957306,0.03791620582342148,0.035373933613300323,0.035373933613300323,0.035373933613300323,0.03757134824991226,0.04794441908597946,0.035373933613300323,0.035373933613300323,0.035373933613300323,0.04184069484472275,0.035373933613300323,0.035373933613300323,0.035373933613300323,0.035373933613300323,0.035373933613300323,0.035373933613300323,0.04064667224884033,0.038595590740442276,0.035373933613300323,0.035373933613300323
2015-01-08,0.03577069193124771,0.044663406908512115,0.03577069193124771,0.03577069193124771,0.03763773664832115,0.03577069193124771,0.03577069193124771,0.03577069193124771,0.03577069193124771,0.038387686014175415,0.03577069193124771,0.03577069193124771,0.03792731091380119,0.03577069193124771,0.03577069193124771,0.03577069193124771,0.044326867908239365,0.03577069193124771,0.03577069193124771,0.03577069193124771,0.03577069193124771,0.03577069193124771,0.03577069193124771,0.040667932480573654,0.03577069193124771,0.04064660891890526,0.03609926998615265
2015-01-09,0.03724610432982445,0.04501885548233986,0.035717569291591644,0.035717569291591644,0.035717569291591644,0.035717569291591644,0.035717569291591644,0.035717569291591644,0.035717569291591644,0.035717569291591644,0.035717569291591644,0.035717569291591644,0.037417441606521606,0.035717569291591644,0.035717569291591644,0.035717569291591644,0.04899440333247185,0.035717569291591644,0.035717569291591644,0.035717569291591644,0.035717569291591644,0.035717569291591644,0.035717569291591644,0.04144946485757828,0.035717569291591644,0.03914410248398781,0.03637825325131416
2015-01-12,0.037392742931842804,0.04483778402209282,0.03571351617574692,0.03571351617574692,0.03571351617574692,0.03571351617574692,0.03571351617574692,0.03571351617574692,0.03571351617574692,0.03571351617574692,0.03571351617574692,0.03571351617574692,0.03748556599020958,0.03571351617574692,0.03571351617574692,0.03571351617574692,0.0489572249352932,0.03571351617574692,0.03571351617574692,0.03571351617574692,0.03571351617574692,0.03571351617574692,0.03571351617574692,0.04149641469120979,0.03571351617574692,0.039041269570589066,0.03651869297027588
2015-01-13,0.03743364289402962,0.04617488756775856,0.035774532705545425,0.035774532705545425,0.03786109760403633,0.035774532705545425,0.035774532705545425,0.035774532705545425,0.035774532705545425,0.035774532705545425,0.035774532705545425,0.035774532705545425,0.036432892084121704,0.035774532705545425,0.035774532705545425,0.035774532705545425,0.04698026180267334,0.035774532705545425,0.035774532705545425,0.035774532705545425,0.035774532705545425,0.03763207793235779,0.035774532705545425,0.03799969702959061,0.035774532705545425,0.03918187692761421,0.03636195510625839
2015-01-14,0.038259655237197876,0.046214018017053604,0.035702843219041824,0.035702843219041824,0.035702843219041824,0.035702843219041824,0.035702843219041824,0.035702843219041824,0.036224495619535446,0.035702843219041824,0.035702843219041824,0.035702843219041824,0.0357816107571125,0.035702843219041824,0.035702843219041824,0.035702843219041824,0.04898504167795181,0.035702843219041824,0.035702843219041824,0.035702843219041824,0.035702843219041824,0.035702843219041824,0.035702843219041824,0.03968948498368263,0.035702843219041824,0.0388469398021698,0.03764474391937256
2015-01-15,0.03509599342942238,0.04794307425618172,0.03509599342942238,0.03509599342942238,0.03509599342942238,0.03509599342942238,0.03509599342942238,0.03509599342942238,0.03509599342942238,0.03882554918527603,0.03509599342942238,0.03838510438799858,0.04032420739531517,0.035332873463630676,0.03610764071345329,0.03509599342942238,0.040879469364881516,0.039964161813259125,0.03509599342942238,0.03509599342942238,0.03509599342942238,0.042396217584609985,0.03509599342942238,0.03827548772096634,0.03509599342942238,0.039724111557006836,0.035402245819568634
2015-01-16,0.03540449216961861,0.04597210884094238,0.03540449216961861,0.03540449216961861,0.03540449216961861,0.03540449216961861,0.03540449216961861,0.03540449216961861,0.03540449216961861,0.03819042444229126,0.03540449216961861,0.039541684091091156,0.038665398955345154,0.03540449216961861,0.03583012521266937,0.03540449216961861,0.04070984944701195,0.03625309839844704,0.03540449216961861,0.03540449216961861,0.03540449216961861,0.04288819059729576,0.03540449216961861,0.04049072042107582,0.03540449216961861,0.03958199545741081,0.03540449216961861
2015-01-20,0.03535472974181175,0.04491506516933441,0.03535472974181175,0.03535472974181175,0.03535472974181175,0.03535472974181175,0.03535472974181175,0.03535472974181175,0.03535472974181175,0.04196243733167648,0.03535472974181175,0.03604164719581604,0.037117332220077515,0.03535472974181175,0.03535472974181175,0.03535472974181175,0.044708386063575745,0.03632785379886627,0.03535472974181175,0.03535472974181175,0.03535472974181175,0.041253797709941864,0.03535472974181175,0.04054464027285576,0.03535472974181175,0.040743693709373474,0.03535472974181175
2015-01-21,0.03593931347131729,0.042808834463357925,0.035667020827531815,0.035667020827531815,0.035667020827531815,0.035667020827531815,0.035667020827531815,0.035667020827531815,0.035667020827531815,0.04189508408308029,0.035667020827531815,0.03577873110771179,0.03808028623461723,0.03708678111433983,0.0373055599629879,0.035667020827531815,0.044976525008678436,0.03571882098913193,0.035667020827531815,0.035667020827531815,0.035667020827531815,0.03856533765792847,0.035667020827531815,0.03849364072084427,0.035667020827531815,0.0383458286523819,0.035667020827531815
2015-01-22,0.0362883023917675,0.04467817395925522,0.03563552349805832,0.03563552349805832,0.03563552349805832,0.03563552349805832,0.03563552349805832,0.03563552349805832,0.03563552349805832,0.03715362772345543,0.03563552349805832,0.035781148821115494,0.03640711307525635,0.03563552349805832,0.03563552349805832,0.03563552349805832,0.04689126834273338,0.03563552349805832,0.03563552349805832,0.03563552349805832,0.03563552349805832,0.039913762360811234,0.03563552349805832,0.04200746864080429,0.03563552349805832,0.03923383355140686,0.03584138676524162
2015-01-23,0.037756841629743576,0.04244028404355049,0.03541696444153786,0.03541696444153786,0.03541696444153786,0.03541696444153786,0.03541696444153786,0.03541696444153786,0.03541696444153786,0.03541696444153786,0.037991251796483994,0.03766342252492905,0.03541696444153786,0.03541696444153786,0.03541696444153786,0.03541696444153786,0.04567113518714905,0.03541696444153786,0.03557376563549042,0.03541696444153786,0.03541696444153786,0.036765601485967636,0.03541696444153786,0.04225999489426613,0.03541696444153786,0.04637227579951286,0.03541696444153786
2015-01-26,0.03814056143164635,0.0469362847507,0.03565240278840065,0.03565240278840065,0.03565240278840065,0.03565240278840065,0.03565240278840065,0.03565240278840065,0.03783038631081581,0.03565240278840065,0.03565240278840065,0.03565240278840065,0.03583120182156563,0.03565240278840065,0.03565240278840065,0.03565240278840065,0.04878833889961243,0.03565240278840065,0.03565240278840065,0.03565240278840065,0.03565240278840065,0.03565240278840065,0.03565240278840065,0.038841988891363144,0.03565240278840065,0.04029552638530731,0.035940077155828476
2015-01-27,0.038133032619953156,0.04733537510037422,0.03590591624379158,0.03590591624379158,0.03590591624379158,0.03590591624379158,0.03590591624379158,0.03640943765640259,0.03849761560559273,0.03590591624379158,0.03590591624379158,0.03613574430346489,0.03632642328739166,0.03590591624379158,0.03590591624379158,0.03590591624379158,0.04246920347213745,0.03590591624379158,0.03590591624379158,0.03590591624379158,0.03590591624379158,0.03590591624379158,0.03590591624379158,0.041873883455991745,0.03590591624379158,0.03590591624379158,0.03651277348399162
2015-01-28,0.03581094741821289,0.043504778295755386,0.0353425107896328,0.036820266395807266,0.03798796609044075,0.0353425107896328,0.038260333240032196,0.03708985820412636,0.0353425107896328,0.0353425107896328,0.0353425107896328,0.0353425107896328,0.039321236312389374,0.0353425107896328,0.0353425107896328,0.0353425107896328,0.04882311820983887,0.03854558989405632,0.0353425107896328,0.0353425107896328,0.0353425107896328,0.0353425107896328,0.0353425107896328,0.043006815016269684,0.0353425107896328,0.0353425107896328,0.035348836332559586
2015-01-29,0.03553406149148941,0.04803968593478203,0.03553406149148941,0.03553406149148941,0.03553406149148941,0.03553406149148941,0.038127169013023376,0.040453746914863586,0.037129126489162445,0.03553406149148941,0.03553406149148941,0.03553406149148941,0.03878762573003769,0.03553406149148941,0.037710219621658325,0.03619943931698799,0.04279940575361252,0.03834959492087364,0.03553406149148941,0.03553406149148941,0.03568873181939125,0.03553406149148941,0.03553406149148941,0.03678811341524124,0.03553406149148941,0.03553406149148941,0.036916233599185944
2015-01-30,0.035638127475976944,0.047958262264728546,0.035638127475976944,0.035638127475976944,0.03619496524333954,0.035638127475976944,0.03982255607843399,0.03774744272232056,0.03856268525123596,0.035638127475976944,0.035638127475976944,0.035638127475976944,0.03895865008234978,0.035638127475976944,0.04002731293439865,0.035638127475976944,0.03834192454814911,0.03715541213750839,0.035638127475976944,0.035638127475976944,0.035638127475976944,0.035638127475976944,0.035638127475976944,0.035847749561071396,0.035638127475976944,0.035638127475976944,0.03917299211025238
2015-02-02,0.035438865423202515,0.04607628658413887,0.035438865423202515,0.035438865423202515,0.03600532189011574,0.035438865423202515,0.04042007774114609,0.03641628473997116,0.035527318716049194,0.035438865423202515,0.035438865423202515,0.035438865423202515,0.04238498955965042,0.035438865423202515,0.04026317968964577,0.035438865423202515,0.0381128191947937,0.04145439341664314,0.035438865423202515,0.035438865423202515,0.036391522735357285,0.035438865423202515,0.035438865423202515,0.035438865423202515,0.035438865423202515,0.035438865423202515,0.0399259515106678
2015-02-03,0.03553198277950287,0.044438544660806656,0.03553198277950287,0.03553198277950287,0.03553198277950287,0.03553198277950287,0.037873558700084686,0.038686249405145645,0.03670619800686836,0.03553198277950287,0.03553198277950287,0.03553198277950287,0.04526596888899803,0.03553198277950287,0.037693943828344345,0.0357850082218647,0.0373532697558403,0.04263167455792427,0.03553198277950287,0.03553198277950287,0.035908132791519165,0.03553198277950287,0.03553198277950287,0.03555942699313164,0.03553198277950287,0.03553198277950287,0.03911828622221947
2015-02-04,0.03590274602174759,0.04640256613492966,0.03590274602174759,0.03590274602174759,0.03590274602174759,0.03590274602174759,0.03590274602174759,0.03853810206055641,0.03950373828411102,0.03590274602174759,0.03590274602174759,0.03590274602174759,0.03943595290184021,0.03590274602174759,0.03590274602174759,0.03866906836628914,0.040290575474500656,0.03590274602174759,0.03590274602174759,0.03590274602174759,0.03590274602174759,0.03590274602174759,0.03700123727321625,0.03590274602174759,0.03590274602174759,0.03590274602174759,0.03800656273961067
2015-02-05,0.035907093435525894,0.04525909945368767,0.035907093435525894,0.035907093435525894,0.03602949529886246,0.035907093435525894,0.035907093435525894,0.03864041715860367,0.036019664257764816,0.035907093435525894,0.03599195554852486,0.035907093435525894,0.040635090321302414,0.03806592524051666,0.035907093435525894,0.03709602728486061,0.04242333397269249,0.035907093435525894,0.0386759415268898,0.035907093435525894,0.035907093435525894,0.035907093435525894,0.03639565035700798,0.036160971969366074,0.035907093435525894,0.035907093435525894,0.035907093435525894
2015-02-06,0.03587808832526207,0.04519880935549736,0.03587808832526207,0.037831343710422516,0.03587808832526207,0.03587808832526207,0.03587808832526207,0.03587808832526207,0.03969564661383629,0.03587808832526207,0.03587808832526207,0.03629563748836517,0.03960934281349182,0.03703870624303818,0.03603408858180046,0.03587808832526207,0.043167594820261,0.03587808832526207,0.039323270320892334,0.03587808832526207,0.03587808832526207,0.03587808832526207,0.03587808832526207,0.03587808832526207,0.03587808832526207,0.03587808832526207,0.03587808832526207
2015-02-09,0.035543497651815414,0.04315344616770744,0.035543497651815414,0.039891134947538376,0.035543497651815414,0.035543497651815414,0.035543497651815414,0.03616613894701004,0.04175557196140289,0.035543497651815414,0.04071923345327377,0.035543497651815414,0.039380673319101334,0.03826930746436119,0.035543497651815414,0.03820455074310303,0.04210245981812477,0.035543497651815414,0.035543497651815414,0.035543497651815414,0.035543497651815414,0.035543497651815414,0.035543497651815414,0.035543497651815414,0.035543497651815414,0.0361180417239666,0.035543497651815414
2015-02-10,0.03549695387482643,0.039926595985889435,0.03549695387482643,0.038934580981731415,0.03549695387482643,0.03549695387482643,0.03549695387482643,0.03549695387482643,0.04121124744415283,0.03549695387482643,0.040666673332452774,0.03549695387482643,0.04144242778420448,0.0377151221036911,0.03549695387482643,0.04031800851225853,0.044394589960575104,0.03549695387482643,0.03549695387482643,0.03549695387482643,0.03549695387482643,0.03549695387482643,0.03549695387482643,0.03571634739637375,0.03549695387482643,0.03622622415423393,0.03549695387482643
2015-02-11,0.034709829837083817,0.041114192456007004,0.034709829837083817,0.04007083922624588,0.034709829837083817,0.034709829837083817,0.034709829837083817,0.0410802848637104,0.042780835181474686,0.034709829837083817,0.042041778564453125,0.03696710243821144,0.04322425276041031,0.037854306399822235,0.034709829837083817,0.03831935673952103,0.03905139118432999,0.034709829837083817,0.03997721150517464,0.034709829837083817,0.034709829837083817,0.034709829837083817,0.034709829837083817,0.034709829837083817,0.034709829837083817,0.03687096759676933,0.034709829837083817
2015-02-12,0.03506917133927345,0.040173113346099854,0.03506917133927345,0.04124358668923378,0.03506917133927345,0.03506917133927345,0.03506917133927345,0.04182155057787895,0.040568798780441284,0.03506917133927345,0.04196655750274658,0.037237729877233505,0.040378984063863754,0.037339549511671066,0.03506917133927345,0.04070897027850151,0.03791021183133125,0.03506917133927345,0.03764323145151138,0.03506917133927345,0.03506917133927345,0.03506917133927345,0.03506917133927345,0.03506917133927345,0.03506917133927345,0.03697013109922409,0.03506917133927345
2015-02-13,0.03577356040477753,0.038229480385780334,0.03577356040477753,0.041576873511075974,0.039267491549253464,0.03577356040477753,0.03577356040477753,0.03577356040477753,0.04129550978541374,0.03577356040477753,0.03827527537941933,0.03577356040477753,0.03826595097780228,0.03968489542603493,0.03577356040477753,0.03849794343113899,0.04087349399924278,0.03577356040477753,0.03577356040477753,0.03577356040477753,0.03588256239891052,0.03577356040477753,0.03577356040477753,0.03577356040477753,0.03577356040477753,0.03577356040477753,0.03577356040477753
2015-02-17,0.03611352667212486,0.036441363394260406,0.03611352667212486,0.04218123108148575,0.04286899045109749,0.03611352667212486,0.03611352667212486,0.03611352667212486,0.03998846188187599,0.03611352667212486,0.036323431879282,0.03611352667212486,0.037255123257637024,0.037478867918252945,0.03611352667212486,0.03721185773611069,0.03870835155248642,0.03611352667212486,0.03611352667212486,0.03611352667212486,0.03761235624551773,0.03611352667212486,0.03611352667212486,0.03611352667212486,0.03611352667212486,0.03611352667212486,0.03611352667212486
2015-02-18,0.03635689243674278,0.036759957671165466,0.03635689243674278,0.039254751056432724,0.04231290519237518,0.03635689243674278,0.03635689243674278,0.03635689243674278,0.04158642515540123,0.03635689243674278,0.036991775035858154,0.03635689243674278,0.03646033629775047,0.03892946615815163,0.03635689243674278,0.03635689243674278,0.0369233712553978,0.03635689243674278,0.03635689243674278,0.03635689243674278,0.03635689243674278,0.03635689243674278,0.03635689243674278,0.03635689243674278,0.03635689243674278,0.03635689243674278,0.03635689243674278
2015-02-19,0.03592529892921448,0.036971770226955414,0.03592529892921448,0.03891166299581528,0.038214948028326035,0.03592529892921448,0.03592529892921448,0.03592529892921448,0.045053791254758835,0.03592529892921448,0.04076990485191345,0.03592529892921448,0.03738944232463837,0.04060377925634384,0.03592529892921448,0.037271007895469666,0.03815830126404762,0.03592529892921448,0.03592529892921448,0.03592529892921448,0.03592529892921448,0.03592529892921448,0.03592529892921448,0.03592529892921448,0.03592529892921448,0.03592529892921448,0.03592529892921448
2015-02-20,0.036257557570934296,0.03985459357500076,0.036257557570934296,0.03990417346358299,0.03810366615653038,0.036257557570934296,0.036257557570934296,0.036257557570934296,0.04399322345852852,0.036257557570934296,0.037611138075590134,0.036257557570934296,0.036257557570934296,0.0379534587264061,0.036257557570934296,0.036257557570934296,0.037428539246320724,0.036257557570934296,0.036257557570934296,0.036257557570934296,0.036257557570934296,0.036257557570934296,0.036257557570934296,0.036257557570934296,0.036257557570934296,0.036257557570934296,0.036257557570934296
2015-02-23,0.03621756657958031,0.040232397615909576,0.03621756657958031,0.03874986246228218,0.037370361387729645,0.03621756657958031,0.03621756657958031,0.03621756657958031,0.04528975859284401,0.03621756657958031,0.037511181086301804,0.03621756657958031,0.03621756657958031,0.03798868507146835,0.03621756657958031,0.03621756657958031,0.03821755200624466,0.03621756657958031,0.03621756657958031,0.03650641441345215,0.03621756657958031,0.03621756657958031,0.03621756657958031,0.03621756657958031,0.03621756657958031,0.03621756657958031,0.03621756657958031
2015-02-24,0.03567668795585632,0.04413269832730293,0.03567668795585632,0.036671362817287445,0.03567668795585632,0.03567668795585632,0.03567668795585632,0.03567668795585632,0.05028809607028961,0.03567668795585632,0.038030073046684265,0.03567668795585632,0.03567668795585632,0.04024516046047211,0.03567668795585632,0.03642380237579346,0.03948606923222542,0.03567668795585632,0.03567668795585632,0.036865659058094025,0.03567668795585632,0.03567668795585632,0.03567668795585632,0.03567668795585632,0.03567668795585632,0.03567668795585632,0.03567668795585632
2015-02-25,0.035875074565410614,0.0434308759868145,0.035875074565410614,0.037712838500738144,0.035875074565410614,0.035875074565410614,0.035875074565410614,0.035875074565410614,0.04581226781010628,0.035875074565410614,0.03752743825316429,0.035875074565410614,0.035875074565410614,0.04019937291741371,0.035875074565410614,0.03865523636341095,0.038186971098184586,0.035875074565410614,0.035875074565410614,0.03684864565730095,0.035875074565410614,0.035875074565410614,0.035875074565410614,0.035875074565410614,0.035875074565410614,0.035875074565410614,0.035875074565410614
2015-02-26,0.03615568205714226,0.04065738990902901,0.03615568205714226,0.03980505093932152,0.036205749958753586,0.03615568205714226,0.03615568205714226,0.03615568205714226,0.04268784075975418,0.03615568205714226,0.03615568205714226,0.03615568205714226,0.03615568205714226,0.039630498737096786,0.03615568205714226,0.03615568205714226,0.037037767469882965,0.03615568205714226,0.03615568205714226,0.03806781768798828,0.03615568205714226,0.03615568205714226,0.03615568205714226,0.03615568205714226,0.0389498770236969,0.03615568205714226,0.03615568205714226
2015-02-27,0.03621592000126839,0.03929397836327553,0.03621592000126839,0.03969298303127289,0.03621592000126839,0.03621592000126839,0.03621592000126839,0.03621592000126839,0.04470885917544365,0.03621592000126839,0.03621592000126839,0.03621592000126839,0.03621592000126839,0.040238019078969955,0.03621592000126839,0.03621592000126839,0.0365711972117424,0.03621592000126839,0.03621592000126839,0.038960643112659454,0.03621592000126839,0.03621592000126839,0.03621592000126839,0.03621592000126839,0.03621592000126839,0.03621592000126839,0.03621592000126839
2015-03-02,0.0362468957901001,0.04029538109898567,0.0362468957901001,0.03891461715102196,0.0362468957901001,0.0362468957901001,0.0362468957901001,0.0362468957901001,0.04472162947058678,0.0362468957901001,0.0362468957901001,0.0362468957901001,0.0362468957901001,0.03846270591020584,0.0362468957901001,0.0362468957901001,0.037958722561597824,0.0362468957901001,0.0362468957901001,0.038462135940790176,0.0362468957901001,0.0362468957901001,0.0362468957901001,0.0362468957901001,0.0362468957901001,0.0362468957901001,0.0362468957901001
2015-03-03,0.03608299791812897,0.04418133944272995,0.03608299791812897,0.03651796653866768,0.037851907312870026,0.03608299791812897,0.03608299791812897,0.03608299791812897,0.04445480555295944,0.03608299791812897,0.03608299791812897,0.03608299791812897,0.03608299791812897,0.03654997795820236,0.03608299791812897,0.03608299791812897,0.040929023176431656,0.03608299791812897,0.03608299791812897,0.03785504028201103,0.03608299791812897,0.03608299791812897,0.03608299791812897,0.03608299791812897,0.03608299791812897,0.03608299791812897,0.03608299791812897
2015-03-04,0.0361950509250164,0.04005279764533043,0.0361950509250164,0.03823263943195343,0.03929288312792778,0.0361950509250164,0.0361950509250164,0.0361950509250164,0.04420900344848633,0.0361950509250164,0.0361950509250164,0.0361950509250164,0.0361950509250164,0.0361950509250164,0.0361950509250164,0.0361950509250164,0.040716156363487244,0.0361950509250164,0.0361950509250164,0.037400469183921814,0.0361950509250164,0.0361950509250164,0.0361950509250164,0.0361950509250164,0.0361950509250164,0.0361950509250164,0.0361950509250164
2015-03-05,0.03619314357638359,0.04074688255786896,0.03619314357638359,0.037593480199575424,0.04111974313855171,0.03619314357638359,0.03619314357638359,0.03619314357638359,0.04172373563051224,0.03619314357638359,0.03619314357638359,0.03619314357638359,0.03619314357638359,0.03619314357638359,0.03619314357638359,0.03619314357638359,0.04256698116660118,0.03619314357638359,0.03619314357638359,0.03619314357638359,0.03619314357638359,0.03619314357638359,0.03619314357638359,0.03619314357638359,0.03619314357638359,0.03619314357638359,0.03619314357638359
2015-03-06,0.036151427775621414,0.040670622140169144,0.036151427775621414,0.03660154342651367,0.03632247820496559,0.036151427775621414,0.036151427775621414,0.036151427775621414,0.04747667908668518,0.03684752807021141,0.036151427775621414,0.036151427775621414,0.036151427775621414,0.036151427775621414,0.036151427775621414,0.036151427775621414,0.04193030297756195,0.036151427775621414,0.036151427775621414,0.03712228313088417,0.036151427775621414,0.036151427775621414,0.036151427775621414,0.036151427775621414,0.036151427775621414,0.036151427775621414,0.036151427775621414
2015-03-09,0.03737844154238701,0.04113784804940224,0.03585303574800491,0.03585303574800491,0.03585303574800491,0.03585303574800491,0.03585303574800491,0.03585303574800491,0.04813036695122719,0.03696440905332565,0.03585303574800491,0.03585303574800491,0.03693216294050217,0.03585303574800491,0.03585303574800491,0.036588847637176514,0.04368669539690018,0.03585303574800491,0.03585303574800491,0.03585303574800491,0.03797345608472824,0.03585303574800491,0.03585303574800491,0.03585303574800491,0.03585303574800491,0.03585303574800491,0.03585303574800491
2015-03-10,0.0369550958275795,0.04210310056805611,0.035830654203891754,0.03616804629564285,0.035830654203891754,0.035830654203891754,0.035830654203891754,0.035830654203891754,0.04889240860939026,0.03707616776227951,0.035830654203891754,0.035830654203891754,0.03630278259515762,0.035830654203891754,0.035830654203891754,0.03696636110544205,0.04362381622195244,0.035830654203891754,0.035830654203891754,0.035830654203891754,0.03696046397089958,0.035830654203891754,0.035830654203891754,0.035830654203891754,0.035830654203891754,0.035830654203891754,0.035830654203891754
2015-03-11,0.03593407943844795,0.04389496147632599,0.03593407943844795,0.03593407943844795,0.0363696813583374,0.03593407943844795,0.03593407943844795,0.03593407943844795,0.04363905265927315,0.03593407943844795,0.03593407943844795,0.03593407943844795,0.03838392719626427,0.03593407943844795,0.03593407943844795,0.03593407943844795,0.04200590029358864,0.03619039058685303,0.03593407943844795,0.03593407943844795,0.03593407943844795,0.03593407943844795,0.03593407943844795,0.03593407943844795,0.03593407943844795,0.03593407943844795,0.04083449766039848
2015-03-12,0.03594519570469856,0.0391208715736866,0.03594519570469856,0.03594519570469856,0.03594519570469856,0.03594519570469856,0.03594519570469856,0.03594519570469856,0.04378855973482132,0.03594519570469856,0.03594519570469856,0.03594519570469856,0.03960157185792923,0.03594519570469856,0.03594519570469856,0.037050001323223114,0.04254462569952011,0.03594519570469856,0.03594519570469856,0.03594519570469856,0.03727523982524872,0.03594519570469856,0.03594519570469856,0.03594519570469856,0.036731939762830734,0.03594519570469856,0.04092850536108017
2015-03-13,0.03543783351778984,0.04242308437824249,0.03543783351778984,0.035849377512931824,0.03543783351778984,0.03543783351778984,0.03543783351778984,0.03793364390730858,0.04626639932394028,0.03543783351778984,0.04053768888115883,0.03543783351778984,0.038060445338487625,0.03543783351778984,0.03543783351778984,0.04009658098220825,0.04137318581342697,0.03543783351778984,0.03543783351778984,0.03543783351778984,0.03543783351778984,0.03543783351778984,0.03543783351778984,0.03543783351778984,0.03543783351778984,0.03545361012220383,0.03956283628940582
2015-03-16,0.035443611443042755,0.038776520639657974,0.035443611443042755,0.038444600999355316,0.035443611443042755,0.035443611443042755,0.035443611443042755,0.036612216383218765,0.043567556887865067,0.035443611443042755,0.03725779429078102,0.035443611443042755,0.040342945605516434,0.035443611443042755,0.035443611443042755,0.03716786578297615,0.04574400931596756,0.035443611443042755,0.035443611443042755,0.035443611443042755,0.038613878190517426,0.035443611443042755,0.035443611443042755,0.035443611443042755,0.03717891871929169,0.035443611443042755,0.03919596970081329
2015-03-17,0.036015722900629044,0.040023721754550934,0.036015722900629044,0.039668332785367966,0.036015722900629044,0.036015722900629044,0.036015722900629044,0.036015722900629044,0.040846891701221466,0.036015722900629044,0.036015722900629044,0.036015722900629044,0.03884964808821678,0.036015722900629044,0.036015722900629044,0.037718482315540314,0.04262087494134903,0.036015722900629044,0.036015722900629044,0.036015722900629044,0.036015722900629044,0.036015722900629044,0.036015722900629044,0.036015722900629044,0.036015722900629044,0.036015722900629044,0.03995758295059204
2015-03-18,0.03576347604393959,0.040059611201286316,0.03576347604393959,0.04003346338868141,0.03576347604393959,0.03576347604393959,0.03576347604393959,0.03576347604393959,0.04267612844705582,0.03576347604393959,0.03576347604393959,0.03576347604393959,0.04071367159485817,0.03647177293896675,0.03576347604393959,0.03847712650895119,0.04305208846926689,0.03576347604393959,0.03576347604393959,0.03576347604393959,0.03576347604393959,0.03576347604393959,0.03576347604393959,0.03641809895634651,0.03576347604393959,0.03576347604393959,0.038355421274900436
2015-03-19,0.03619734197854996,0.03888285905122757,0.03619734197854996,0.040039319545030594,0.03619734197854996,0.03619734197854996,0.03619734197854996,0.03619734197854996,0.042165130376815796,0.03679288178682327,0.03724785894155502,0.03619734197854996,0.03659728541970253,0.03619734197854996,0.03619734197854996,0.03979974985122681,0.037774622440338135,0.03619734197854996,0.03619734197854996,0.03619734197854996,0.03619734197854996,0.03619734197854996,0.03619734197854996,0.03619734197854996,0.03619734197854996,0.03619734197854996,0.039148081094026566
2015-03-20,0.036249980330467224,0.03909052163362503,0.036249980330467224,0.03773828595876694,0.036249980330467224,0.036249980330467224,0.036249980330467224,0.036249980330467224,0.04142862185835838,0.03931765630841255,0.038526542484760284,0.036249980330467224,0.03647815063595772,0.036249980330467224,0.036249980330467224,0.036834608763456345,0.038609761744737625,0.036249980330467224,0.036249980330467224,0.036249980330467224,0.036249980330467224,0.036249980330467224,0.036277592182159424,0.036249980330467224,0.036249980330467224,0.036249980330467224,0.03944859653711319
2015-03-23,0.035936061292886734,0.04363153502345085,0.03729049488902092,0.038554057478904724,0.035936061292886734,0.035936061292886734,0.035936061292886734,0.035936061292886734,0.042022425681352615,0.035936061292886734,0.038752827793359756,0.035936061292886734,0.035936061292886734,0.042127229273319244,0.035936061292886734,0.036863796412944794,0.036446668207645416,0.035936061292886734,0.035936061292886734,0.035936061292886734,0.035936061292886734,0.035936061292886734,0.03691984713077545,0.03647805377840996,0.035936061292886734,0.035936061292886734,0.035936061292886734
2015-03-24,0.03568476438522339,0.04132608324289322,0.03568476438522339,0.035751987248659134,0.03568476438522339,0.03568476438522339,0.03568476438522339,0.03568476438522339,0.03996621444821358,0.03568476438522339,0.041519034653902054,0.03568476438522339,0.03568476438522339,0.04773073270916939,0.03568476438522339,0.03568476438522339,0.03568476438522339,0.03568476438522339,0.03568476438522339,0.03645589202642441,0.03568476438522339,0.03568476438522339,0.03840284422039986,0.03656540811061859,0.03568476438522339,0.03995601087808609,0.03568476438522339
2015-03-25,0.03582500293850899,0.042462799698114395,0.03582500293850899,0.03582500293850899,0.03582500293850899,0.03582500293850899,0.03582500293850899,0.03582500293850899,0.04127514362335205,0.03654591366648674,0.03935965895652771,0.03582500293850899,0.03582500293850899,0.04501359537243843,0.03582500293850899,0.03582500293850899,0.03582500293850899,0.03582500293850899,0.03582500293850899,0.03582500293850899,0.03582500293850899,0.03582500293850899,0.038503535091876984,0.03636332228779793,0.03582500293850899,0.0398009829223156,0.03582500293850899
2015-03-26,0.035745762288570404,0.03873981535434723,0.035745762288570404,0.035745762288570404,0.04023442417383194,0.035745762288570404,0.035745762288570404,0.035745762288570404,0.03580651804804802,0.035745762288570404,0.03714504465460777,0.035745762288570404,0.03898128122091293,0.03718728572130203,0.035745762288570404,0.035745762288570404,0.04251055046916008,0.03681378439068794,0.036071859300136566,0.035745762288570404,0.03896395117044449,0.035745762288570404,0.041693784296512604,0.035745762288570404,0.035745762288570404,0.035745762288570404,0.03966521844267845
2015-03-27,0.03540628030896187,0.039022285491228104,0.03540628030896187,0.03540628030896187,0.03548404574394226,0.03540628030896187,0.03540628030896187,0.03560078889131546,0.036849554628133774,0.03910792991518974,0.04167627915740013,0.03540628030896187,0.03975079208612442,0.038364477455616,0.03540628030896187,0.03653869032859802,0.039956022053956985,0.038273073732852936,0.03540628030896187,0.03540628030896187,0.04501281678676605,0.03540628030896187,0.03540628030896187,0.03540628030896187,0.03540628030896187,0.03554549068212509,0.038536109030246735
2015-03-30,0.035649556666612625,0.039282239973545074,0.035649556666612625,0.035649556666612625,0.03748040646314621,0.035649556666612625,0.035649556666612625,0.035649556666612625,0.037786222994327545,0.035649556666612625,0.036054253578186035,0.035649556666612625,0.03991774097084999,0.035649556666612625,0.035649556666612625,0.03658781573176384,0.04228547215461731,0.04112103581428528,0.035649556666612625,0.035649556666612625,0.04499557241797447,0.035649556666612625,0.035649556666612625,0.037077389657497406,0.035649556666612625,0.035649556666612625,0.03701891005039215
2015-03-31,0.03568973392248154,0.04427464306354523,0.03568973392248154,0.03568973392248154,0.03779797628521919,0.03568973392248154,0.03568973392248154,0.03568973392248154,0.03761768713593483,0.03568973392248154,0.03680365905165672,0.03568973392248154,0.03568973392248154,0.03748033568263054,0.03568973392248154,0.03568973392248154,0.03910646215081215,0.03568973392248154,0.037869326770305634,0.03568973392248154,0.03568973392248154,0.03568973392248154,0.043694112449884415,0.0411660261452198,0.03568973392248154,0.035794857889413834,0.03735922649502754
2015-04-01,0.03527049720287323,0.04062482714653015,0.03527049720287323,0.03527049720287323,0.037425752729177475,0.03527049720287323,0.03652434051036835,0.03933623805642128,0.04066626727581024,0.03527049720287323,0.03571894392371178,0.03527049720287323,0.04156654328107834,0.03527049720287323,0.03527049720287323,0.03527049720287323,0.04111659899353981,0.0379948765039444,0.04041704535484314,0.03527049720287323,0.03527049720287323,0.03527049720287323,0.03971277177333832,0.03717438504099846,0.03527049720287323,0.03527049720287323,0.03793441876769066
2015-04-02,0.03524012491106987,0.03750111535191536,0.03470752760767937,0.03654010221362114,0.03470752760767937,0.03470752760767937,0.03470752760767937,0.043453648686409,0.04073775187134743,0.03470752760767937,0.0394032783806324,0.03503846749663353,0.045199617743492126,0.03470752760767937,0.03470752760767937,0.039091166108846664,0.03979889675974846,0.03729547932744026,0.03874148800969124,0.03470752760767937,0.03839953988790512,0.03470752760767937,0.03470752760767937,0.03697414696216583,0.03563152253627777,0.03835640847682953,0.03552192449569702
2015-04-06,0.03489211946725845,0.03822106868028641,0.03479691967368126,0.03644738718867302,0.03479691967368126,0.03479691967368126,0.03479691967368126,0.042839109897613525,0.04312804713845253,0.03479691967368126,0.043704498559236526,0.03479691967368126,0.04312697798013687,0.036523036658763885,0.03479691967368126,0.03979812189936638,0.037225253880023956,0.03479691967368126,0.03697488456964493,0.03479691967368126,0.04009271040558815,0.03479691967368126,0.03479691967368126,0.03479691967368126,0.03664517030119896,0.03802160173654556,0.03479691967368126
2015-04-07,0.03485242277383804,0.04061204195022583,0.03547506034374237,0.03721988573670387,0.03485242277383804,0.03485242277383804,0.03485242277383804,0.03933463990688324,0.04338977858424187,0.03485242277383804,0.04469040408730507,0.03993046283721924,0.039216943085193634,0.038075193762779236,0.03485242277383804,0.03608829900622368,0.03693489357829094,0.03485242277383804,0.04343295097351074,0.03485242277383804,0.03485242277383804,0.03485242277383804,0.03485242277383804,0.03485242277383804,0.03485242277383804,0.03568745031952858,0.03683045506477356
2015-04-08,0.035643819719552994,0.0430363230407238,0.035643819719552994,0.035643819719552994,0.038183849304914474,0.035643819719552994,0.035643819719552994,0.035643819719552994,0.04377871751785278,0.039167214184999466,0.035643819719552994,0.035643819719552994,0.0363815501332283,0.035643819719552994,0.036958012729883194,0.035643819719552994,0.035643819719552994,0.035643819719552994,0.03579184040427208,0.035643819719552994,0.038738787174224854,0.035643819719552994,0.038843829184770584,0.035643819719552994,0.035643819719552994,0.035643819719552994,0.043174903839826584
2015-04-09,0.035828277468681335,0.040457624942064285,0.035828277468681335,0.03654021769762039,0.039298806339502335,0.035828277468681335,0.035828277468681335,0.035828277468681335,0.04388277232646942,0.03828766196966171,0.035828277468681335,0.035828277468681335,0.03864504396915436,0.035828277468681335,0.03824780136346817,0.035828277468681335,0.035828277468681335,0.035828277468681335,0.035828277468681335,0.035828277468681335,0.036892712116241455,0.035828277468681335,0.03597692772746086,0.035828277468681335,0.03772135078907013,0.035828277468681335,0.040796611458063126
2015-04-10,0.03597134351730347,0.04177882522344589,0.03597134351730347,0.03597134351730347,0.03835359960794449,0.03597134351730347,0.03597134351730347,0.03597134351730347,0.04487122595310211,0.038893379271030426,0.03597134351730347,0.03597134351730347,0.03758953884243965,0.03597134351730347,0.03746091574430466,0.03597134351730347,0.03597134351730347,0.03597134351730347,0.03597134351730347,0.03597134351730347,0.0361701175570488,0.03597134351730347,0.03681451454758644,0.03597134351730347,0.03597134351730347,0.03597134351730347,0.040583666414022446
2015-04-13,0.03613663837313652,0.03984866663813591,0.03613663837313652,0.03776102513074875,0.036143843084573746,0.03613663837313652,0.03613663837313652,0.03613663837313652,0.04241831600666046,0.03613663837313652,0.038197532296180725,0.03613663837313652,0.03741447627544403,0.03697861358523369,0.037958722561597824,0.03613663837313652,0.03613663837313652,0.03613663837313652,0.03613663837313652,0.03613663837313652,0.0389503613114357,0.03613663837313652,0.03743371367454529,0.03613663837313652,0.03613663837313652,0.03613663837313652,0.038708511739969254
2015-04-14,0.036021530628204346,0.04059797152876854,0.036830175668001175,0.036237675696611404,0.036021530628204346,0.036021530628204346,0.036021530628204346,0.036021530628204346,0.039799097925424576,0.03698897734284401,0.03818641975522041,0.036021530628204346,0.036021530628204346,0.039772965013980865,0.03792766109108925,0.03637798875570297,0.036021530628204346,0.036021530628204346,0.036021530628204346,0.036021530628204346,0.039275627583265305,0.036021530628204346,0.03988620266318321,0.036021530628204346,0.036021530628204346,0.036021530628204346,0.037796225398778915
2015-04-15,0.035675399005413055,0.035675399005413055,0.035675399005413055,0.03866419568657875,0.03943183645606041,0.035675399005413055,0.035675399005413055,0.03598538786172867,0.03749384731054306,0.035675399005413055,0.03626280277967453,0.035675399005413055,0.03664538636803627,0.03611817955970764,0.03830455243587494,0.035675399005413055,0.035675399005413055,0.035675399005413055,0.035675399005413055,0.035675399005413055,0.041361089795827866,0.035675399005413055,0.040077101439237595,0.035675399005413055,0.04307803511619568,0.035675399005413055,0.04144661873579025
2015-04-16,0.03537749871611595,0.03537749871611595,0.03537749871611595,0.03537749871611595,0.03885197639465332,0.03537749871611595,0.03537749871611595,0.03537749871611595,0.04043548181653023,0.03537749871611595,0.037253107875585556,0.03537749871611595,0.03591819107532501,0.043010178953409195,0.03910735249519348,0.03537749871611595,0.03537749871611595,0.03537749871611595,0.03537749871611595,0.03537749871611595,0.04010997712612152,0.03537749871611595,0.04146281257271767,0.03537749871611595,0.040631312876939774,0.03537749871611595,0.04180199280381203
2015-04-17,0.03562415763735771,0.03562415763735771,0.03562415763735771,0.035661373287439346,0.03593768924474716,0.03562415763735771,0.03562415763735771,0.03562415763735771,0.040193721652030945,0.0388961136341095,0.038338709622621536,0.03562415763735771,0.03562415763735771,0.04108094796538353,0.03763784468173981,0.039693500846624374,0.03578852862119675,0.03562415763735771,0.03562415763735771,0.03562415763735771,0.03677882254123688,0.03562415763735771,0.045048389583826065,0.03562415763735771,0.03750374913215637,0.03562415763735771,0.03870242089033127
2015-04-20,0.037136152386665344,0.03605813533067703,0.03605813533067703,0.03605813533067703,0.04077795892953873,0.03605813533067703,0.03605813533067703,0.03605813533067703,0.03605813533067703,0.03605813533067703,0.037666041404008865,0.03605813533067703,0.03605813533067703,0.039182450622320175,0.03605813533067703,0.041347142308950424,0.03850554674863815,0.03605813533067703,0.03605813533067703,0.03605813533067703,0.03605813533067703,0.03605813533067703,0.04187401756644249,0.03605813533067703,0.0384061336517334,0.03605813533067703,0.03605813533067703
2015-04-21,0.03601587191224098,0.03601587191224098,0.03601587191224098,0.03601587191224098,0.03657859191298485,0.03601587191224098,0.03601587191224098,0.03601587191224098,0.03954221308231354,0.03601587191224098,0.037170786410570145,0.03601587191224098,0.03601587191224098,0.0478951632976532,0.03601587191224098,0.038654834032058716,0.03601587191224098,0.03601587191224098,0.03601587191224098,0.03601587191224098,0.03641039505600929,0.03601587191224098,0.04343057796359062,0.03601587191224098,0.03601587191224098,0.03601587191224098,0.03601587191224098
2015-04-22,0.03618515655398369,0.03618515655398369,0.03618515655398369,0.03618515655398369,0.03861655294895172,0.03618515655398369,0.03618515655398369,0.03618515655398369,0.04095180332660675,0.03618515655398369,0.037281885743141174,0.03618515655398369,0.03618515655398369,0.046875037252902985,0.03618515655398369,0.03653056547045708,0.03826483339071274,0.03618515655398369,0.03618515655398369,0.03618515655398369,0.03618515655398369,0.03618515655398369,0.03708833083510399,0.03618515655398369,0.03618515655398369,0.03687303885817528,0.03618515655398369
2015-04-23,0.03600020334124565,0.036603979766368866,0.03600020334124565,0.03600020334124565,0.03981746360659599,0.03600020334124565,0.03600020334124565,0.03600020334124565,0.04260506480932236,0.03945164754986763,0.03600020334124565,0.03600020334124565,0.03600020334124565,0.044613488018512726,0.03600020334124565,0.03600020334124565,0.03734913840889931,0.03600020334124565,0.03600020334124565,0.03955512121319771,0.03600020334124565,0.03600020334124565,0.03600020334124565,0.03600020334124565,0.03600020334124565,0.03600020334124565,0.03600020334124565
2015-04-24,0.036281850188970566,0.036281850188970566,0.036281850188970566,0.036281850188970566,0.039197325706481934,0.036281850188970566,0.036281850188970566,0.036281850188970566,0.041043054312467575,0.03780188784003258,0.036281850188970566,0.036281850188970566,0.036281850188970566,0.042693041265010834,0.036281850188970566,0.036281850188970566,0.036281850188970566,0.036281850188970566,0.036281850188970566,0.03993338719010353,0.036281850188970566,0.036281850188970566,0.036281850188970566,0.036281850188970566,0.036281850188970566,0.03741239011287689,0.036281850188970566
2015-04-27,0.036179520189762115,0.038180723786354065,0.036179520189762115,0.036179520189762115,0.03895449638366699,0.036179520189762115,0.036179520189762115,0.036179520189762115,0.03945871815085411,0.040623828768730164,0.036179520189762115,0.036179520189762115,0.036179520189762115,0.04403318464756012,0.03667326644062996,0.036179520189762115,0.037358351051807404,0.03624828904867172,0.036179520189762115,0.037237752228975296,0.036179520189762115,0.036179520189762115,0.036179520189762115,0.036179520189762115,0.036179520189762115,0.036179520189762115,0.036179520189762115
2015-04-28,0.03614683076739311,0.03614683076739311,0.03614683076739311,0.03614683076739311,0.03711223602294922,0.03614683076739311,0.03614683076739311,0.03614683076739311,0.043541133403778076,0.04381980001926422,0.03614683076739311,0.03614683076739311,0.03614683076739311,0.04020428657531738,0.03614683076739311,0.03614683076739311,0.04009233042597771,0.03614683076739311,0.03614683076739311,0.03614683076739311,0.03614683076739311,0.03614683076739311,0.03614683076739311,0.03614683076739311,0.03614683076739311,0.03614683076739311,0.03614683076739311
2015-04-29,0.036239732056856155,0.036239732056856155,0.036239732056856155,0.036239732056856155,0.03967496007680893,0.036239732056856155,0.036239732056856155,0.036239732056856155,0.041777562350034714,0.04022425040602684,0.036239732056856155,0.036239732056856155,0.036239732056856155,0.042280204594135284,0.036239732056856155,0.036239732056856155,0.03818095847964287,0.036239732056856155,0.036239732056856155,0.036239732056856155,0.036239732056856155,0.036239732056856155,0.036827679723501205,0.036239732056856155,0.036239732056856155,0.036239732056856155,0.036239732056856155
2015-04-30,0.03519676625728607,0.03519676625728607,0.03549543768167496,0.03519676625728607,0.04531998932361603,0.03519676625728607,0.03519676625728607,0.03519676625728607,0.04579686000943184,0.03519676625728607,0.03519676625728607,0.03519676625728607,0.03990725427865982,0.03951071575284004,0.036205168813467026,0.03519676625728607,0.03544723987579346,0.03519676625728607,0.03519676625728607,0.03519676625728607,0.04330926015973091,0.03519676625728607,0.03519676625728607,0.03519676625728607,0.04278101399540901,0.03519676625728607,0.037882063537836075
2015-05-01,0.03498619794845581,0.03498619794845581,0.03498619794845581,0.03604903817176819,0.04532787576317787,0.03498619794845581,0.03498619794845581,0.03498619794845581,0.04307079687714577,0.03502858057618141,0.03498619794845581,0.03498619794845581,0.043614476919174194,0.04010378569364548,0.03638777881860733,0.03498619794845581,0.03594024479389191,0.03681052103638649,0.03498619794845581,0.03498619794845581,0.046984583139419556,0.03498619794845581,0.03498619794845581,0.03498619794845581,0.03903667628765106,0.03498619794845581,0.03685259819030762
2015-05-04,0.03532420098781586,0.03532420098781586,0.03532420098781586,0.03532420098781586,0.045409467071294785,0.03532420098781586,0.03532420098781586,0.03532420098781586,0.04402058199048042,0.03532420098781586,0.03532420098781586,0.03532420098781586,0.04386573284864426,0.0392770878970623,0.03549483045935631,0.03532420098781586,0.036050718277692795,0.03722020238637924,0.03532420098781586,0.03532420098781586,0.040945954620838165,0.03532420098781586,0.0369403250515461,0.03532420098781586,0.038127362728118896,0.03532420098781586,0.03746046870946884
2015-05-05,0.035628873854875565,0.035628873854875565,0.035628873854875565,0.035628873854875565,0.04179680347442627,0.035628873854875565,0.035628873854875565,0.035628873854875565,0.04161083698272705,0.035628873854875565,0.035628873854875565,0.035628873854875565,0.04067865386605263,0.04484106972813606,0.035628873854875565,0.035628873854875565,0.03601484373211861,0.035857491195201874,0.035628873854875565,0.035628873854875565,0.035628873854875565,0.035628873854875565,0.0421312116086483,0.035628873854875565,0.0401204414665699,0.035628873854875565,0.035628873854875565
2015-05-06,0.035576291382312775,0.035576291382312775,0.035576291382312775,0.035576291382312775,0.04243779554963112,0.035576291382312775,0.035576291382312775,0.035576291382312775,0.04303448274731636,0.035576291382312775,0.035576291382312775,0.035576291382312775,0.04558911919593811,0.04135644808411598,0.03593086823821068,0.035576291382312775,0.0363917201757431,0.03759690746665001,0.035576291382312775,0.035576291382312775,0.036766018718481064,0.035576291382312775,0.037617042660713196,0.035576291382312775,0.038390036672353745,0.035576291382312775,0.03566894680261612
2015-05-07,0.03636275604367256,0.035373471677303314,0.035373471677303314,0.03631589934229851,0.04252767190337181,0.035373471677303314,0.035373471677303314,0.035373471677303314,0.04396402835845947,0.035373471677303314,0.035373471677303314,0.035373471677303314,0.04640129208564758,0.04047590494155884,0.035406649112701416,0.035373471677303314,0.037697385996580124,0.03804582357406616,0.035373471677303314,0.035373471677303314,0.0397404320538044,0.035373471677303314,0.035373471677303314,0.035373471677303314,0.03708665445446968,0.035373471677303314,0.035373471677303314
2015-05-08,0.035222508013248444,0.04036358743906021,0.035222508013248444,0.035222508013248444,0.03733561560511589,0.035222508013248444,0.035222508013248444,0.035222508013248444,0.04797285795211792,0.035222508013248444,0.035222508013248444,0.035222508013248444,0.04470863565802574,0.0359557680785656,0.035222508013248444,0.035222508013248444,0.03818853944540024,0.03603495657444,0.0366213284432888,0.03662659600377083,0.03939471393823624,0.035222508013248444,0.035222508013248444,0.035222508013248444,0.038769759237766266,0.035222508013248444,0.03968998044729233
2015-05-11,0.03501351922750473,0.04197099059820175,0.03501351922750473,0.03501351922750473,0.03776665776968002,0.03501351922750473,0.03501351922750473,0.03501351922750473,0.04384151101112366,0.03501351922750473,0.03501351922750473,0.03501351922750473,0.0376557819545269,0.04350379854440689,0.03654273599386215,0.03501351922750473,0.03622617945075035,0.03501351922750473,0.03676407039165497,0.03599606081843376,0.037385132163763046,0.03501351922750473,0.04118197783827782,0.03501351922750473,0.03706631436944008,0.03501351922750473,0.04390956461429596
2015-05-12,0.03482797369360924,0.038988713175058365,0.03482797369360924,0.03482797369360924,0.03839964047074318,0.03482797369360924,0.03482797369360924,0.03482797369360924,0.04575970396399498,0.03482797369360924,0.03482797369360924,0.03482797369360924,0.041997820138931274,0.042023904621601105,0.03482797369360924,0.03482797369360924,0.03733928129076958,0.03482797369360924,0.04214669391512871,0.03710878640413284,0.03824017941951752,0.03482797369360924,0.03744320943951607,0.03482797369360924,0.0378282368183136,0.03482797369360924,0.04030422493815422
2015-05-13,0.035386864095926285,0.04046168178319931,0.035386864095926285,0.035386864095926285,0.03959062322974205,0.035386864095926285,0.035386864095926285,0.035386864095926285,0.045225292444229126,0.035386864095926285,0.035386864095926285,0.035386864095926285,0.04029941186308861,0.03658940643072128,0.03630394861102104,0.035386864095926285,0.039346132427453995,0.035386864095926285,0.04071826860308647,0.035386864095926285,0.03682410717010498,0.035386864095926285,0.036709968000650406,0.035386864095926285,0.03606807440519333,0.035386864095926285,0.041060131043195724
2015-05-14,0.03919181600213051,0.037082914263010025,0.035054296255111694,0.035307757556438446,0.03570423647761345,0.035054296255111694,0.035054296255111694,0.0380251519382,0.049224648624658585,0.035054296255111694,0.035054296255111694,0.035054296255111694,0.041371721774339676,0.03791024908423424,0.035054296255111694,0.035054296255111694,0.036606498062610626,0.035054296255111694,0.0428391695022583,0.035054296255111694,0.03741968050599098,0.035054296255111694,0.03813236579298973,0.035054296255111694,0.03886314108967781,0.035054296255111694,0.03661484271287918
2015-05-15,0.037890661507844925,0.04018774256110191,0.03554180637001991,0.03554180637001991,0.03801700472831726,0.03554180637001991,0.03554180637001991,0.03554180637001991,0.0460379533469677,0.03554180637001991,0.03554180637001991,0.03554180637001991,0.03694254904985428,0.03660896420478821,0.03554180637001991,0.03554180637001991,0.03889760002493858,0.03554180637001991,0.04024672135710716,0.03554180637001991,0.035588908940553665,0.03554180637001991,0.0434935986995697,0.03554180637001991,0.03554180637001991,0.03554180637001991,0.03741946071386337
2015-05-18,0.03656493127346039,0.04317452386021614,0.035038113594055176,0.035038113594055176,0.037964481860399246,0.035038113594055176,0.035038113594055176,0.035038113594055176,0.047058962285518646,0.035038113594055176,0.035038113594055176,0.035777680575847626,0.03657691180706024,0.035038113594055176,0.035038113594055176,0.035038113594055176,0.04090258106589317,0.035038113594055176,0.04420454800128937,0.03843803331255913,0.036246612668037415,0.035038113594055176,0.03961711749434471,0.035038113594055176,0.035038113594055176,0.035038113594055176,0.03790198639035225
2015-05-19,0.03685002028942108,0.04330287501215935,0.034437600523233414,0.034437600523233414,0.03673688322305679,0.034437600523233414,0.034437600523233414,0.034437600523233414,0.04840600863099098,0.034437600523233414,0.034437600523233414,0.034437600523233414,0.034437600523233414,0.03809017688035965,0.034437600523233414,0.034437600523233414,0.047194454818964005,0.034437600523233414,0.046716924756765366,0.039816197007894516,0.034437600523233414,0.034437600523233414,0.04205077514052391,0.034437600523233414,0.034437600523233414,0.03475978225469589,0.03507435321807861
2015-05-20,0.03842629864811897,0.0418630912899971,0.0351526215672493,0.0351526215672493,0.0351526215672493,0.0351526215672493,0.0351526215672493,0.0351526215672493,0.04776773229241371,0.0351526215672493,0.0351526215672493,0.03543110564351082,0.035411130636930466,0.0351526215672493,0.0351526215672493,0.0351526215672493,0.043616849929094315,0.0351526215672493,0.043951693922281265,0.04292858764529228,0.0351526215672493,0.0351526215672493,0.03753943368792534,0.0351526215672493,0.0351526215672493,0.0351526215672493,0.03546951711177826
2015-05-21,0.0383845679461956,0.04014585167169571,0.034784894436597824,0.034784894436597824,0.034784894436597824,0.034784894436597824,0.034784894436597824,0.034784894436597824,0.049950677901506424,0.034784894436597824,0.034784894436597824,0.03508206456899643,0.037878140807151794,0.034784894436597824,0.034784894436597824,0.034784894436597824,0.04190808907151222,0.034784894436597824,0.049478039145469666,0.04219178482890129,0.034784894436597824,0.034784894436597824,0.0384850800037384,0.034784894436597824,0.034784894436597824,0.034784894436597824,0.03515250235795975
2015-05-22,0.03686673194169998,0.04022481292486191,0.03488258272409439,0.03488258272409439,0.03488258272409439,0.03488258272409439,0.03488258272409439,0.03488258272409439,0.049349840730428696,0.03488258272409439,0.036978792399168015,0.0348898321390152,0.03700794652104378,0.03794564679265022,0.03488258272409439,0.03488258272409439,0.040772683918476105,0.03488258272409439,0.04609561339020729,0.04511456564068794,0.03488258272409439,0.03488258272409439,0.03663216903805733,0.03488258272409439,0.03488258272409439,0.03488258272409439,0.03488258272409439
2015-05-26,0.035637710243463516,0.04142216965556145,0.03498413413763046,0.03498413413763046,0.03498413413763046,0.03498413413763046,0.03498413413763046,0.03498413413763046,0.054658547043800354,0.03498413413763046,0.03627942502498627,0.03498413413763046,0.03644907474517822,0.03556797280907631,0.03498413413763046,0.03498413413763046,0.040813758969306946,0.03498413413763046,0.042453307658433914,0.04686524346470833,0.03498413413763046,0.03498413413763046,0.03498413413763046,0.03498413413763046,0.03498413413763046,0.03498413413763046,0.03512246161699295
2015-05-27,0.03496391698718071,0.042180489748716354,0.03496391698718071,0.03496391698718071,0.035035815089941025,0.03496391698718071,0.03496391698718071,0.03496391698718071,0.055771104991436005,0.03496391698718071,0.03549705073237419,0.03496391698718071,0.03581146523356438,0.03757619112730026,0.03496391698718071,0.03496391698718071,0.037888165563344955,0.03496391698718071,0.042461544275283813,0.04322925955057144,0.036535631865262985,0.03496391698718071,0.03584926575422287,0.03496391698718071,0.03496391698718071,0.03496391698718071,0.03770529106259346
2015-05-28,0.03559713810682297,0.04122403636574745,0.035035453736782074,0.035035453736782074,0.035035453736782074,0.035035453736782074,0.035035453736782074,0.035035453736782074,0.054242126643657684,0.035035453736782074,0.036247383803129196,0.035035453736782074,0.0363488495349884,0.035818297415971756,0.035035453736782074,0.035035453736782074,0.04078806936740875,0.035035453736782074,0.04206108674407005,0.0470348559319973,0.035035453736782074,0.035035453736782074,0.035035453736782074,0.035035453736782074,0.035035453736782074,0.035035453736782074,0.035035453736782074
2015-05-29,0.03643803298473358,0.04202273115515709,0.03459250554442406,0.03459250554442406,0.03459250554442406,0.03459250554442406,0.03459250554442406,0.03459250554442406,0.05058186873793602,0.034744568169116974,0.03678768873214722,0.03459250554442406,0.03648078069090843,0.03890524059534073,0.03459250554442406,0.03459250554442406,0.040147047489881516,0.03459250554442406,0.04379015788435936,0.050257597118616104,0.03459250554442406,0.03459250554442406,0.035568881779909134,0.03459250554442406,0.03459250554442406,0.03538786619901657,0.03459250554442406
2015-06-01,0.03732234984636307,0.04064461588859558,0.034215159714221954,0.034215159714221954,0.034215159714221954,0.034215159714221954,0.034215159714221954,0.034215159714221954,0.050728604197502136,0.03852946683764458,0.041358839720487595,0.034215159714221954,0.035194799304008484,0.03793742507696152,0.034215159714221954,0.034215159714221954,0.043425679206848145,0.034215159714221954,0.04352203384041786,0.04312592372298241,0.034215159714221954,0.034215159714221954,0.034215159714221954,0.035636045038700104,0.034215159714221954,0.039346881210803986,0.034215159714221954
2015-06-02,0.0387129932641983,0.038632601499557495,0.03492137789726257,0.03492137789726257,0.035169702023267746,0.03492137789726257,0.03492137789726257,0.03832598403096199,0.048218533396720886,0.03492137789726257,0.037836309522390366,0.03492137789726257,0.03984217345714569,0.03492137789726257,0.03492137789726257,0.03492137789726257,0.04442372918128967,0.03492137789726257,0.04128288850188255,0.03956039622426033,0.03553077578544617,0.03492137789726257,0.03492137789726257,0.03679996728897095,0.03492137789726257,0.03492137789726257,0.03676464408636093
2015-06-03,0.039849650114774704,0.03911245986819267,0.03520714491605759,0.03520714491605759,0.03520714491605759,0.03520714491605759,0.03520714491605759,0.03746077045798302,0.05089598521590233,0.03520714491605759,0.03602924570441246,0.03520714491605759,0.038438986986875534,0.03520714491605759,0.03520714491605759,0.03520714491605759,0.04343191161751747,0.03520714491605759,0.04155859723687172,0.03715381398797035,0.03520714491605759,0.03520714491605759,0.03520714491605759,0.03520714491605759,0.03520714491605759,0.03520714491605759,0.037547092884778976
2015-06-04,0.03806256130337715,0.038482341915369034,0.03515222296118736,0.03515222296118736,0.03515222296118736,0.03515222296118736,0.03515222296118736,0.036123618483543396,0.05144214257597923,0.03515222296118736,0.035355016589164734,0.03515222296118736,0.03905865177512169,0.036982495337724686,0.03515222296118736,0.03515222296118736,0.041325848549604416,0.03515222296118736,0.04281071200966835,0.03908742964267731,0.03515222296118736,0.03515222296118736,0.03593664616346359,0.03753817826509476,0.03515222296118736,0.03515222296118736,0.03566324710845947
2015-06-05,0.03574574366211891,0.03703565150499344,0.03554685041308403,0.03554685041308403,0.036472585052251816,0.03554685041308403,0.03731130063533783,0.037599340081214905,0.051077987998723984,0.03554685041308403,0.03603552654385567,0.03554685041308403,0.03881002590060234,0.03554685041308403,0.03554685041308403,0.03554685041308403,0.04218186065554619,0.03554685041308403,0.03745267540216446,0.03554685041308403,0.03554685041308403,0.03554685041308403,0.03554685041308403,0.03846331685781479,0.03554685041308403,0.03554685041308403,0.03861119970679283
2015-06-08,0.035293761640787125,0.035312142223119736,0.035293761640787125,0.035293761640787125,0.03829668089747429,0.035293761640787125,0.038216255605220795,0.04226439818739891,0.046581123024225235,0.035293761640787125,0.03752496838569641,0.035293761640787125,0.04268600419163704,0.035293761640787125,0.035293761640787125,0.035981450229883194,0.041911881417036057,0.035293761640787125,0.036894723773002625,0.035293761640787125,0.035697050392627716,0.035293761640787125,0.035293761640787125,0.037214722484350204,0.035293761640787125,0.035293761640787125,0.037305936217308044
2015-06-09,0.03502335399389267,0.03692944347858429,0.03502335399389267,0.035143621265888214,0.03634774684906006,0.036519311368465424,0.03915701061487198,0.046117354184389114,0.043526727706193924,0.03502335399389267,0.03502335399389267,0.03502335399389267,0.04444478824734688,0.03502335399389267,0.03502335399389267,0.035464316606521606,0.040206339210271835,0.03502335399389267,0.03502335399389267,0.03502335399389267,0.035637546330690384,0.03502335399389267,0.03502335399389267,0.03898908942937851,0.03604089096188545,0.03502335399389267,0.04017225280404091
2015-06-10,0.03492124006152153,0.03782883286476135,0.03492124006152153,0.03492124006152153,0.03676283359527588,0.03514867275953293,0.03648354485630989,0.04688521847128868,0.042620640248060226,0.03492124006152153,0.03540739417076111,0.03492124006152153,0.045496512204408646,0.03492124006152153,0.03492124006152153,0.03492124006152153,0.04037564992904663,0.03567475080490112,0.03492124006152153,0.03492124006152153,0.03606623783707619,0.03492124006152153,0.03492124006152153,0.037678126245737076,0.03492124006152153,0.03746456280350685,0.042130935937166214
2015-06-11,0.03533223271369934,0.04101394861936569,0.03533223271369934,0.03533223271369934,0.03676167130470276,0.03533223271369934,0.04154033213853836,0.03944241255521774,0.04523966833949089,0.03533223271369934,0.03533223271369934,0.03533223271369934,0.04114241898059845,0.03533223271369934,0.03592753782868385,0.03533223271369934,0.03868826478719711,0.03533223271369934,0.03540748357772827,0.03533223271369934,0.03536488488316536,0.03533223271369934,0.03533223271369934,0.03698337823152542,0.03533223271369934,0.03533223271369934,0.042504530400037766
2015-06-12,0.0352974459528923,0.042609695345163345,0.0352974459528923,0.0352974459528923,0.037774741649627686,0.0352974459528923,0.03863665834069252,0.04015929996967316,0.044204674661159515,0.0352974459528923,0.0352974459528923,0.0352974459528923,0.03687458485364914,0.0352974459528923,0.03656850755214691,0.0352974459528923,0.0394914411008358,0.0352974459528923,0.0352974459528923,0.0352974459528923,0.0352974459528923,0.0352974459528923,0.03551764041185379,0.04007822275161743,0.0352974459528923,0.0352974459528923,0.04332535341382027
2015-06-15,0.0349227674305439,0.03903377428650856,0.0349227674305439,0.0349227674305439,0.0349227674305439,0.0349227674305439,0.04096539318561554,0.043902598321437836,0.044766493141651154,0.0349227674305439,0.0382847860455513,0.0349227674305439,0.04099372401833534,0.0349227674305439,0.0349227674305439,0.0349227674305439,0.03947873413562775,0.0349227674305439,0.0349227674305439,0.0349227674305439,0.0349227674305439,0.0349227674305439,0.0349227674305439,0.042360320687294006,0.0349227674305439,0.03687595576047897,0.03965113312005997
2015-06-16,0.034996043890714645,0.03872625529766083,0.034996043890714645,0.036157310009002686,0.034996043890714645,0.034996043890714645,0.03525293990969658,0.04552597552537918,0.04292553290724754,0.0353735089302063,0.037861548364162445,0.034996043890714645,0.04458088427782059,0.034996043890714645,0.03695375844836235,0.03525158017873764,0.03649381920695305,0.034996043890714645,0.034996043890714645,0.034996043890714645,0.037645742297172546,0.034996043890714645,0.034996043890714645,0.03664311021566391,0.03629530221223831,0.03771241381764412,0.04164380580186844
2015-06-17,0.035514313727617264,0.04149762913584709,0.035514313727617264,0.035514313727617264,0.035568322986364365,0.035514313727617264,0.035514313727617264,0.035514313727617264,0.0486915297806263,0.03806965425610542,0.03846205398440361,0.035514313727617264,0.03730084002017975,0.035514313727617264,0.035514313727617264,0.03582432121038437,0.0395260751247406,0.035514313727617264,0.035514313727617264,0.035514313727617264,0.03857697919011116,0.035514313727617264,0.035514313727617264,0.03741137683391571,0.036989446729421616,0.035514313727617264,0.03936706855893135
2015-06-18,0.03500891104340553,0.04070156067609787,0.03500891104340553,0.03866857290267944,0.03593708202242851,0.03500891104340553,0.03500891104340553,0.04031919315457344,0.04226038232445717,0.035660725086927414,0.035305991768836975,0.03500891104340553,0.03834858909249306,0.03500891104340553,0.03500891104340553,0.041478242725133896,0.0417657345533371,0.03500891104340553,0.03500891104340553,0.03500891104340553,0.03764970600605011,0.03500891104340553,0.03500891104340553,0.03500891104340553,0.04130560904741287,0.03500891104340553,0.04047391936182976
2015-06-19,0.035548485815525055,0.043231554329395294,0.035548485815525055,0.03847526013851166,0.04057195037603378,0.035548485815525055,0.035548485815525055,0.035548485815525055,0.04469512030482292,0.035548485815525055,0.035548485815525055,0.035548485815525055,0.03855432569980621,0.035548485815525055,0.035548485815525055,0.035548485815525055,0.04064411669969559,0.035548485815525055,0.035548485815525055,0.035548485815525055,0.035548485815525055,0.035548485815525055,0.035548485815525055,0.035548485815525055,0.041656579822301865,0.035548485815525055,0.036749906837940216
2015-06-22,0.03566510230302811,0.043393563479185104,0.03566510230302811,0.03760651499032974,0.03983934968709946,0.03566510230302811,0.03566510230302811,0.03566510230302811,0.04438082128763199,0.03566510230302811,0.03566510230302811,0.03566510230302811,0.037360791116952896,0.03566510230302811,0.03566510230302811,0.03566510230302811,0.0415160097181797,0.03566510230302811,0.03566510230302811,0.03566510230302811,0.03566510230302811,0.03566510230302811,0.03566510230302811,0.03566510230302811,0.04130569100379944,0.03566510230302811,0.036960311233997345
2015-06-23,0.035490915179252625,0.0435476191341877,0.035490915179252625,0.0398775115609169,0.037584904581308365,0.035490915179252625,0.035490915179252625,0.035490915179252625,0.0442400760948658,0.035490915179252625,0.035490915179252625,0.035490915179252625,0.037581562995910645,0.036279331892728806,0.035490915179252625,0.035490915179252625,0.041372768580913544,0.035490915179252625,0.035490915179252625,0.035490915179252625,0.035490915179252625,0.035490915179252625,0.035490915179252625,0.03619649261236191,0.040471117943525314,0.035490915179252625,0.039503082633018494
2015-06-24,0.035061873495578766,0.042662568390369415,0.035061873495578766,0.03753569349646568,0.035061873495578766,0.035061873495578766,0.035061873495578766,0.04253796860575676,0.04206201806664467,0.03724566847085953,0.039184898138046265,0.035061873495578766,0.03618914633989334,0.03604728728532791,0.037325985729694366,0.03568113222718239,0.0402853861451149,0.035061873495578766,0.035061873495578766,0.035061873495578766,0.035061873495578766,0.035061873495578766,0.035061873495578766,0.03521757200360298,0.03748036548495293,0.0383322611451149,0.041469525545835495
2015-06-25,0.03489764407277107,0.04180341958999634,0.03489764407277107,0.03489764407277107,0.03489764407277107,0.03489764407277107,0.03489764407277107,0.04094397649168968,0.04427512362599373,0.036482565104961395,0.0377219058573246,0.03489764407277107,0.040583282709121704,0.03675989434123039,0.037068016827106476,0.03489764407277107,0.040210336446762085,0.03489764407277107,0.03999646008014679,0.03489764407277107,0.03489764407277107,0.03489764407277107,0.03564528748393059,0.035192351788282394,0.03625781834125519,0.03565290570259094,0.04263487830758095
2015-06-26,0.03441030532121658,0.0384821854531765,0.03441030532121658,0.03441030532121658,0.03441030532121658,0.03441030532121658,0.03441030532121658,0.044713281095027924,0.043700262904167175,0.03441030532121658,0.0430789552628994,0.03441030532121658,0.0411350317299366,0.0383109524846077,0.03441030532121658,0.035823918879032135,0.03993745520710945,0.03441030532121658,0.03775462135672569,0.03441030532121658,0.03721485286951065,0.03441030532121658,0.03441030532121658,0.03569072484970093,0.03463353216648102,0.040990687906742096,0.04119959473609924
2015-06-29,0.03539322316646576,0.04251110181212425,0.03539322316646576,0.03539322316646576,0.03539322316646576,0.03539322316646576,0.03539322316646576,0.03954770416021347,0.04031332954764366,0.036938101053237915,0.037692952901124954,0.03539322316646576,0.03744969516992569,0.03539322316646576,0.03907475247979164,0.03551767021417618,0.041917040944099426,0.03539322316646576,0.03539322316646576,0.03539322316646576,0.037481870502233505,0.03539322316646576,0.03539322316646576,0.03539322316646576,0.037382904440164566,0.03618414327502251,0.04248359054327011
2015-06-30,0.03504350408911705,0.04220782220363617,0.03504350408911705,0.036564163863658905,0.03504350408911705,0.03504350408911705,0.03504350408911705,0.03987203910946846,0.03526141494512558,0.038684066385030746,0.03504350408911705,0.03504350408911705,0.04237227514386177,0.035606712102890015,0.03985810652375221,0.03504350408911705,0.0433134101331234,0.03555629402399063,0.03504350408911705,0.03504350408911705,0.04376672953367233,0.03504350408911705,0.03504350408911705,0.03504350408911705,0.03775978833436966,0.035825472325086594,0.03778606653213501
2015-07-01,0.03468887880444527,0.040967755019664764,0.03468887880444527,0.036439552903175354,0.03468887880444527,0.03468887880444527,0.03468887880444527,0.04242460057139397,0.038157057017087936,0.03707320615649223,0.03602050617337227,0.03468887880444527,0.04249189421534538,0.03694022819399834,0.03822394832968712,0.0364496186375618,0.04177727922797203,0.03468887880444527,0.03468887880444527,0.03468887880444527,0.042611416429281235,0.03468887880444527,0.03468887880444527,0.03554974123835564,0.0364750400185585,0.040011074393987656,0.03680944815278053
2015-07-02,0.034633222967386246,0.041352804750204086,0.034633222967386246,0.03557972609996796,0.034633222967386246,0.034633222967386246,0.034633222967386246,0.04434933513402939,0.03781084343791008,0.035848043859004974,0.03628910705447197,0.034633222967386246,0.04098623991012573,0.03628087043762207,0.038092806935310364,0.036095865070819855,0.04131702706217766,0.034633222967386246,0.03708523511886597,0.034633222967386246,0.038679059594869614,0.034633222967386246,0.034633222967386246,0.03586204722523689,0.03746427968144417,0.0400574617087841,0.04051700979471207
2015-07-06,0.035149771720170975,0.040002062916755676,0.0351470448076725,0.03635115176439285,0.0351470448076725,0.0351470448076725,0.0351470448076725,0.03983291611075401,0.03530853986740112,0.0351470448076725,0.03775130957365036,0.0351470448076725,0.04068945348262787,0.038975805044174194,0.03996202349662781,0.0356493778526783,0.04079073667526245,0.0351470448076725,0.0382244810461998,0.0351470448076725,0.04189269244670868,0.0351470448076725,0.0351470448076725,0.0351470448076725,0.03562350943684578,0.03639170527458191,0.04078691080212593
2015-07-07,0.03499088063836098,0.042325180023908615,0.03499088063836098,0.03499088063836098,0.03499088063836098,0.03499088063836098,0.03499088063836098,0.03990365192294121,0.03499088063836098,0.04091951623558998,0.03499088063836098,0.03499088063836098,0.04303397238254547,0.03499088063836098,0.03864356502890587,0.03499088063836098,0.042538173496723175,0.03499088063836098,0.03499088063836098,0.03499088063836098,0.04329419881105423,0.03499088063836098,0.03499088063836098,0.03528846800327301,0.03769504278898239,0.0375666581094265,0.03893754258751869
2015-07-08,0.035219691693782806,0.038659024983644485,0.035219691693782806,0.035945430397987366,0.03579937666654587,0.035219691693782806,0.035219691693782806,0.035664331167936325,0.035219691693782806,0.0380658321082592,0.035219691693782806,0.038306351751089096,0.042751245200634,0.03656357526779175,0.03662212938070297,0.035219691693782806,0.042403604835271835,0.035346467047929764,0.035219691693782806,0.035219691693782806,0.041569437831640244,0.03756018728017807,0.035219691693782806,0.03598223626613617,0.0399937704205513,0.03852081671357155,0.03804926946759224
2015-07-09,0.034971512854099274,0.04030114784836769,0.034971512854099274,0.034971512854099274,0.03635118156671524,0.034971512854099274,0.034971512854099274,0.034971512854099274,0.034971512854099274,0.04134714603424072,0.034971512854099274,0.03529908135533333,0.042864397168159485,0.034971512854099274,0.034971512854099274,0.034971512854099274,0.041028931736946106,0.037174880504608154,0.034971512854099274,0.034971512854099274,0.042472053319215775,0.038590166717767715,0.034971512854099274,0.03966639190912247,0.040702421218156815,0.03580119460821152,0.038799870759248734
2015-07-10,0.03580944240093231,0.04097180813550949,0.03580944240093231,0.03580944240093231,0.03660484403371811,0.03580944240093231,0.03580944240093231,0.03580944240093231,0.03747442364692688,0.0362495519220829,0.03580944240093231,0.03693782165646553,0.04319854453206062,0.03580944240093231,0.03580944240093231,0.03580944240093231,0.042626749724149704,0.03819391876459122,0.03580944240093231,0.03580944240093231,0.03851565346121788,0.03580944240093231,0.037053052335977554,0.03580944240093231,0.03580944240093231,0.03580944240093231,0.03922257199883461
2015-07-13,0.035932257771492004,0.044070370495319366,0.035932257771492004,0.035932257771492004,0.03909477964043617,0.035932257771492004,0.03658314049243927,0.035932257771492004,0.03701071813702583,0.035932257771492004,0.035932257771492004,0.035932257771492004,0.038778211921453476,0.035932257771492004,0.035932257771492004,0.035932257771492004,0.0419885516166687,0.03898891806602478,0.035932257771492004,0.035932257771492004,0.03621959686279297,0.035932257771492004,0.03716173768043518,0.035932257771492004,0.035932257771492004,0.035932257771492004,0.039255622774362564
2015-07-14,0.03613375872373581,0.04525730758905411,0.03613375872373581,0.03613375872373581,0.03672703728079796,0.03613375872373581,0.03613375872373581,0.03613375872373581,0.03693503886461258,0.03663600981235504,0.03613375872373581,0.03613375872373581,0.036678411066532135,0.03835452347993851,0.036518462002277374,0.03613375872373581,0.040674325078725815,0.03739716112613678,0.03613375872373581,0.03613375872373581,0.03613375872373581,0.038689564913511276,0.03613375872373581,0.03613375872373581,0.03613375872373581,0.037991952151060104,0.03613375872373581
2015-07-15,0.03615061193704605,0.04495629668235779,0.03615061193704605,0.03615061193704605,0.03680030629038811,0.03615061193704605,0.03615061193704605,0.03615061193704605,0.03977954015135765,0.03686968609690666,0.03615061193704605,0.03615061193704605,0.03615061193704605,0.03965914994478226,0.03615061193704605,0.03615061193704605,0.03815148025751114,0.03615061193704605,0.037142377346754074,0.03615061193704605,0.03615061193704605,0.038201212882995605,0.03615061193704605,0.03615061193704605,0.03615061193704605,0.037729013711214066,0.03615061193704605
2015-07-16,0.03609027341008186,0.04475715756416321,0.03609027341008186,0.03609027341008186,0.03609027341008186,0.03609027341008186,0.03609027341008186,0.03609027341008186,0.03880656138062477,0.03731054067611694,0.03609027341008186,0.03648706525564194,0.03609027341008186,0.043134089559316635,0.03609027341008186,0.03609027341008186,0.03709205612540245,0.03609027341008186,0.03609027341008186,0.03609027341008186,0.03609027341008186,0.03665875270962715,0.03683473542332649,0.03609027341008186,0.03609027341008186,0.038879506289958954,0.03650486841797829
2015-07-17,0.035860154777765274,0.04579503834247589,0.035860154777765274,0.035860154777765274,0.035860154777765274,0.035860154777765274,0.035860154777765274,0.035860154777765274,0.038322046399116516,0.035860154777765274,0.035860154777765274,0.035860154777765274,0.035860154777765274,0.046313587576150894,0.03662155568599701,0.035860154777765274,0.03788460046052933,0.035860154777765274,0.035860154777765274,0.03833530843257904,0.035860154777765274,0.035860154777765274,0.03700612112879753,0.035860154777765274,0.035860154777765274,0.03837883844971657,0.035860154777765274
2015-07-20,0.03582258149981499,0.04592818766832352,0.03582258149981499,0.03582258149981499,0.03582258149981499,0.03582258149981499,0.03582258149981499,0.03582258149981499,0.03829739987850189,0.03582258149981499,0.03582258149981499,0.03582258149981499,0.03582258149981499,0.046236731112003326,0.036891814321279526,0.03582258149981499,0.037978220731019974,0.03582258149981499,0.03582258149981499,0.03865046799182892,0.03582258149981499,0.03582258149981499,0.03686957433819771,0.036073293536901474,0.03582258149981499,0.03826792165637016,0.03582258149981499
2015-07-21,0.035370077937841415,0.0429825633764267,0.035370077937841415,0.035370077937841415,0.035370077937841415,0.035370077937841415,0.035370077937841415,0.035370077937841415,0.0408630333840847,0.035370077937841415,0.040185604244470596,0.035370077937841415,0.035370077937841415,0.04506043717265129,0.035370077937841415,0.035370077937841415,0.038704853504896164,0.035370077937841415,0.035370077937841415,0.04179471731185913,0.035370077937841415,0.035370077937841415,0.0373416393995285,0.03674032911658287,0.035370077937841415,0.039665430784225464,0.035370077937841415
2015-07-22,0.03583924472332001,0.04926786944270134,0.03583924472332001,0.03583924472332001,0.03932811692357063,0.03583924472332001,0.03583924472332001,0.03583924472332001,0.043450772762298584,0.03583924472332001,0.03583924472332001,0.036727890372276306,0.03583924472332001,0.03660912066698074,0.03583924472332001,0.03583924472332001,0.040831439197063446,0.03583924472332001,0.03583924472332001,0.03583924472332001,0.03583924472332001,0.03583924472332001,0.03583924472332001,0.03583924472332001,0.03583924472332001,0.03583924472332001,0.0369998961687088
2015-07-23,0.03817286342382431,0.04195988178253174,0.035516560077667236,0.035516560077667236,0.039117418229579926,0.035516560077667236,0.0403536818921566,0.035516560077667236,0.0412820465862751,0.035516560077667236,0.035516560077667236,0.035976748913526535,0.03614257648587227,0.035516560077667236,0.035516560077667236,0.03633994981646538,0.043369926512241364,0.035516560077667236,0.042559463530778885,0.035516560077667236,0.035516560077667236,0.035516560077667236,0.036460455507040024,0.035516560077667236,0.035516560077667236,0.035516560077667236,0.035516560077667236
2015-07-24,0.03580423444509506,0.041935067623853683,0.03580423444509506,0.03580423444509506,0.037450406700372696,0.03580423444509506,0.03580423444509506,0.03580423444509506,0.042390890419483185,0.03880733996629715,0.03580423444509506,0.03580423444509506,0.036009855568408966,0.03623682260513306,0.03580423444509506,0.03580423444509506,0.04309556260704994,0.03580423444509506,0.03580423444509506,0.03635508567094803,0.03580423444509506,0.03580423444509506,0.03969194367527962,0.03580423444509506,0.03814908117055893,0.03580423444509506,0.037010155618190765
2015-07-27,0.035210881382226944,0.04245418682694435,0.035210881382226944,0.035210881382226944,0.035210881382226944,0.035210881382226944,0.03634254261851311,0.035210881382226944,0.04384627938270569,0.04404554143548012,0.035210881382226944,0.035210881382226944,0.040040865540504456,0.035210881382226944,0.035210881382226944,0.035210881382226944,0.03936557099223137,0.03570885956287384,0.035210881382226944,0.03838656097650528,0.036641642451286316,0.035210881382226944,0.035210881382226944,0.035210881382226944,0.03742444887757301,0.035210881382226944,0.042369354516267776
2015-07-28,0.03451463580131531,0.04153720289468765,0.03451463580131531,0.03451463580131531,0.03483482822775841,0.03451463580131531,0.039378490298986435,0.03451463580131531,0.04373656213283539,0.039545632898807526,0.03451463580131531,0.0365840345621109,0.04799498990178108,0.03451463580131531,0.03451463580131531,0.03451463580131531,0.03651595488190651,0.041601624339818954,0.03781985864043236,0.04128187894821167,0.036064717918634415,0.03624597191810608,0.03451463580131531,0.03451463580131531,0.03485281020402908,0.03451463580131531,0.037829846143722534
2015-07-29,0.03473029285669327,0.04093628749251366,0.03473029285669327,0.03473029285669327,0.0374850332736969,0.03473029285669327,0.03643694147467613,0.03473029285669327,0.040897853672504425,0.04045896232128143,0.03473029285669327,0.03473029285669327,0.0450463704764843,0.03473029285669327,0.03473029285669327,0.03473029285669327,0.0404948890209198,0.04181217774748802,0.035376109182834625,0.04116338491439819,0.039925795048475266,0.03625430166721344,0.03473029285669327,0.03473029285669327,0.03711015358567238,0.03473029285669327,0.03510802611708641
2015-07-30,0.03498176857829094,0.04297953099012375,0.03498176857829094,0.03560603782534599,0.038677047938108444,0.03498176857829094,0.03864435851573944,0.03498176857829094,0.03780522570014,0.039641913026571274,0.03498176857829094,0.03498176857829094,0.0407685786485672,0.03498176857829094,0.03498176857829094,0.03498176857829094,0.039953455328941345,0.042414575815200806,0.03498176857829094,0.03788476437330246,0.038326967507600784,0.03864914923906326,0.03498176857829094,0.03498176857829094,0.03783705458045006,0.03498176857829094,0.03604840487241745
2015-07-31,0.03827071189880371,0.04162707179784775,0.0357198603451252,0.03768650442361832,0.04177303984761238,0.0357198603451252,0.0357198603451252,0.0357198603451252,0.038542237132787704,0.036562900990247726,0.0357198603451252,0.0357198603451252,0.0357198603451252,0.0357198603451252,0.03601245582103729,0.0357198603451252,0.04396970942616463,0.03586523234844208,0.0357198603451252,0.0357198603451252,0.03669384494423866,0.036348842084407806,0.0357198603451252,0.0357198603451252,0.03913180157542229,0.0357198603451252,0.03743753209710121
2015-08-03,0.03917905315756798,0.043442562222480774,0.035593632608652115,0.035593632608652115,0.0372515432536602,0.035593632608652115,0.035593632608652115,0.035593632608652115,0.03981620818376541,0.036552149802446365,0.035593632608652115,0.035593632608652115,0.03838422894477844,0.035593632608652115,0.035593632608652115,0.035593632608652115,0.04192637279629707,0.03930249065160751,0.036676011979579926,0.04080786183476448,0.035593632608652115,0.037163395434617996,0.035593632608652115,0.035593632608652115,0.035593632608652115,0.035593632608652115,0.035593632608652115
2015-08-04,0.03855714946985245,0.042345769703388214,0.03556511923670769,0.03556511923670769,0.0381244532763958,0.03556511923670769,0.03556511923670769,0.03556511923670769,0.03894837573170662,0.03705349192023277,0.03556511923670769,0.03556511923670769,0.038717273622751236,0.03556511923670769,0.035802409052848816,0.03556511923670769,0.04110793024301529,0.04039914533495903,0.036408860236406326,0.040324654430150986,0.036235444247722626,0.03767069801688194,0.03556511923670769,0.03556511923670769,0.03595784679055214,0.03556511923670769,0.03556511923670769
2015-08-05,0.040908221155405045,0.04138357564806938,0.0355943962931633,0.0355943962931633,0.03754745051264763,0.0355943962931633,0.0355943962931633,0.0355943962931633,0.03921689838171005,0.03756190091371536,0.0355943962931633,0.0355943962931633,0.03804617375135422,0.0355943962931633,0.0355943962931633,0.0355943962931633,0.04143204540014267,0.037765469402074814,0.03963258117437363,0.039654333144426346,0.0355943962931633,0.03734106570482254,0.0355943962931633,0.0355943962931633,0.0355943962931633,0.0355943962931633,0.0355943962931633
2015-08-06,0.03566524013876915,0.04420125484466553,0.03566524013876915,0.03566524013876915,0.03566524013876915,0.03566524013876915,0.03594315052032471,0.03566524013876915,0.04070719704031944,0.0408773235976696,0.03566524013876915,0.03566524013876915,0.0367647148668766,0.03566524013876915,0.03566524013876915,0.03566524013876915,0.03972460329532623,0.03566524013876915,0.037310246378183365,0.04335891082882881,0.03566524013876915,0.03566524013876915,0.03566524013876915,0.037336498498916626,0.03584105521440506,0.03729117289185524,0.03566524013876915
2015-08-07,0.035499218851327896,0.04344434291124344,0.035603687167167664,0.035499218851327896,0.035499218851327896,0.035499218851327896,0.0416080579161644,0.035499218851327896,0.042850811034440994,0.035499218851327896,0.035499218851327896,0.03836774080991745,0.03798385336995125,0.035499218851327896,0.035499218851327896,0.035499218851327896,0.03995538875460625,0.036223918199539185,0.04177400469779968,0.03783569484949112,0.035499218851327896,0.035499218851327896,0.035499218851327896,0.03636498749256134,0.035499218851327896,0.035499218851327896,0.035499218851327896
2015-08-10,0.036085959523916245,0.04231937974691391,0.03481061011552811,0.03481061011552811,0.03481061011552811,0.03481061011552811,0.035604219883680344,0.03481061011552811,0.04702433571219444,0.03878238797187805,0.03481061011552811,0.03815335035324097,0.039753563702106476,0.03481061011552811,0.03481061011552811,0.03672823682427406,0.03978566452860832,0.03481061011552811,0.044723737984895706,0.04305721074342728,0.03481061011552811,0.03481061011552811,0.03481061011552811,0.035638224333524704,0.034995172172784805,0.03481061011552811,0.03481061011552811
2015-08-11,0.038216400891542435,0.04336452856659889,0.03557634726166725,0.03557634726166725,0.03557634726166725,0.03557634726166725,0.03557634726166725,0.03557634726166725,0.04442263022065163,0.04041793569922447,0.03557634726166725,0.03557634726166725,0.03689024597406387,0.03557634726166725,0.03557634726166725,0.03557634726166725,0.03906579315662384,0.03557634726166725,0.03905920684337616,0.04132069647312164,0.03557634726166725,0.03557634726166725,0.03557634726166725,0.03557634726166725,0.03557634726166725,0.03686833754181862,0.03557634726166725
2015-08-12,0.036096006631851196,0.04629950970411301,0.03532865643501282,0.03532865643501282,0.03532865643501282,0.03532865643501282,0.03532865643501282,0.03532865643501282,0.03881752863526344,0.03959563747048378,0.03532865643501282,0.03532865643501282,0.04259328544139862,0.03532865643501282,0.03532865643501282,0.03532865643501282,0.04103028401732445,0.035888466984033585,0.039373476058244705,0.03675949200987816,0.03532865643501282,0.03672053664922714,0.036402974277734756,0.03575943410396576,0.03532865643501282,0.04006221890449524,0.03532865643501282
2015-08-13,0.035064052790403366,0.04186195135116577,0.035064052790403366,0.035064052790403366,0.035064052790403366,0.035064052790403366,0.035064052790403366,0.035064052790403366,0.03888007625937462,0.04532543942332268,0.03782368078827858,0.03663415089249611,0.03896821662783623,0.035064052790403366,0.035064052790403366,0.035064052790403366,0.03751066327095032,0.035064052790403366,0.03713361546397209,0.03809862583875656,0.035064052790403366,0.03584631532430649,0.035064052790403366,0.04239963740110397,0.035064052790403366,0.04327288642525673,0.03534794971346855
2015-08-14,0.03584182262420654,0.04186880588531494,0.03559242561459541,0.03559242561459541,0.03683232516050339,0.03559242561459541,0.03559242561459541,0.03559242561459541,0.03748241811990738,0.03559242561459541,0.03559242561459541,0.03559242561459541,0.043022070080041885,0.03662252053618431,0.03559242561459541,0.03559242561459541,0.04236084967851639,0.03559242561459541,0.03559242561459541,0.03964974731206894,0.03559242561459541,0.03704610466957092,0.03559242561459541,0.03559242561459541,0.04091019183397293,0.03773762285709381,0.03673918917775154
2015-08-17,0.03675718605518341,0.041754644364118576,0.03560269623994827,0.03560269623994827,0.03730180487036705,0.03560269623994827,0.03560269623994827,0.03560269623994827,0.037141941487789154,0.03560269623994827,0.03560269623994827,0.03560269623994827,0.042917024344205856,0.0367206335067749,0.03560269623994827,0.03560269623994827,0.04281679913401604,0.03560269623994827,0.03560269623994827,0.03924941271543503,0.03560269623994827,0.03690309077501297,0.03560269623994827,0.03560269623994827,0.040449973195791245,0.03754592314362526,0.036401115357875824
2015-08-18,0.035871636122465134,0.0427631251513958,0.035871636122465134,0.035871636122465134,0.03747899830341339,0.035871636122465134,0.035871636122465134,0.035871636122465134,0.03817569464445114,0.035871636122465134,0.035871636122465134,0.035871636122465134,0.04105426371097565,0.03667439892888069,0.03629090264439583,0.035871636122465134,0.041984010487794876,0.035871636122465134,0.035871636122465134,0.0380408875644207,0.035871636122465134,0.035871636122465134,0.035871636122465134,0.035871636122465134,0.04081914201378822,0.03615065664052963,0.036621734499931335
2015-08-19,0.03606179729104042,0.04168941080570221,0.03599923849105835,0.03640744090080261,0.03599923849105835,0.03599923849105835,0.03599923849105835,0.03599923849105835,0.03936516493558884,0.03599923849105835,0.03599923849105835,0.03599923849105835,0.04061013087630272,0.03646813705563545,0.03599923849105835,0.03599923849105835,0.04243917763233185,0.03599923849105835,0.03599923849105835,0.03767327591776848,0.03599923849105835,0.03599923849105835,0.03599923849105835,0.03599923849105835,0.0381997749209404,0.03909862041473389,0.03599923849105835
2015-08-20,0.03607066348195076,0.036857832223176956,0.03607066348195076,0.03607066348195076,0.03607066348195076,0.03607066348195076,0.03607066348195076,0.03607066348195076,0.038031235337257385,0.03990695998072624,0.03607066348195076,0.03607066348195076,0.040358539670705795,0.03652041405439377,0.0365804024040699,0.03771471232175827,0.041049279272556305,0.03632817044854164,0.03607066348195076,0.03607066348195076,0.0386052280664444,0.03607066348195076,0.03607066348195076,0.03607066348195076,0.038999322801828384,0.03607066348195076,0.03798787295818329
2015-08-21,0.034759521484375,0.03907226026058197,0.034759521484375,0.034759521484375,0.034759521484375,0.034759521484375,0.034759521484375,0.038181405514478683,0.037120480090379715,0.038800422102212906,0.043279390782117844,0.0380791574716568,0.04550802707672119,0.04005995765328407,0.036547914147377014,0.03518848121166229,0.0413915291428566,0.034759521484375,0.03962405398488045,0.034759521484375,0.03609069436788559,0.034759521484375,0.034759521484375,0.034759521484375,0.034759521484375,0.03587576374411583,0.03806625306606293
2015-08-24,0.033975109457969666,0.03798864781856537,0.033975109457969666,0.033975109457969666,0.033975109457969666,0.039213113486766815,0.0347641222178936,0.037251267582178116,0.03490371257066727,0.0375995934009552,0.03804972767829895,0.037867795675992966,0.048926759511232376,0.03861391544342041,0.03863930329680443,0.033975109457969666,0.03827565163373947,0.040890034288167953,0.03627566620707512,0.033975109457969666,0.038771409541368484,0.033975109457969666,0.033975109457969666,0.040282778441905975,0.033975109457969666,0.033975109457969666,0.04193536937236786
2015-08-25,0.0328226238489151,0.0339202806353569,0.0328226238489151,0.03337983414530754,0.0328226238489151,0.03988631069660187,0.0328226238489151,0.04285300150513649,0.034248944371938705,0.03782634437084198,0.042483992874622345,0.038735002279281616,0.05235414206981659,0.038009531795978546,0.03611890226602554,0.0328226238489151,0.03398633003234863,0.042179640382528305,0.037519119679927826,0.0328226238489151,0.04383284971117973,0.0328226238489151,0.0328226238489151,0.04149622842669487,0.0328226238489151,0.035355087369680405,0.040410831570625305
2015-08-26,0.03318793699145317,0.03310513496398926,0.03310513496398926,0.03594072908163071,0.03310513496398926,0.04067704454064369,0.033225689083337784,0.041738592088222504,0.03358769416809082,0.03853742033243179,0.038489051163196564,0.0342317670583725,0.05338500812649727,0.03672677278518677,0.03894433379173279,0.03310513496398926,0.03427373245358467,0.04532782733440399,0.035553980618715286,0.03310513496398926,0.048298388719558716,0.033176638185977936,0.03310513496398926,0.037471871823072433,0.03310513496398926,0.03413507342338562,0.04135450720787048
2015-08-27,0.03431214019656181,0.03580451011657715,0.03431214019656181,0.03447050601243973,0.03431214019656181,0.03648107871413231,0.03431214019656181,0.03955170139670372,0.03827416151762009,0.0411866270005703,0.03920761123299599,0.034519344568252563,0.05290079116821289,0.03832872584462166,0.0359165333211422,0.03431214019656181,0.036909669637680054,0.037503909319639206,0.03444597125053406,0.03431214019656181,0.0450824573636055,0.03431214019656181,0.03431214019656181,0.03829878941178322,0.03431214019656181,0.03656388074159622,0.03574448823928833
2015-08-28,0.03437109291553497,0.038218818604946136,0.03437109291553497,0.03437109291553497,0.03437109291553497,0.03545291721820831,0.03437109291553497,0.03820941969752312,0.04118362069129944,0.0426463708281517,0.04001767188310623,0.03437109291553497,0.04785483703017235,0.040294449776411057,0.03655330836772919,0.03437109291553497,0.03717827796936035,0.03519207239151001,0.03437109291553497,0.03437109291553497,0.045522529631853104,0.03437109291553497,0.03437109291553497,0.037445079535245895,0.03437109291553497,0.03653455525636673,0.03524293377995491
2015-08-31,0.034298770129680634,0.03910517692565918,0.034298770129680634,0.034298770129680634,0.034298770129680634,0.034298770129680634,0.034298770129680634,0.041932154446840286,0.04143907129764557,0.039884552359580994,0.04097231477499008,0.037289418280124664,0.05341508984565735,0.038897786289453506,0.03561980277299881,0.034298770129680634,0.0369953028857708,0.034298770129680634,0.03436138480901718,0.034514427185058594,0.04244591295719147,0.034298770129680634,0.034298770129680634,0.034298770129680634,0.034298770129680634,0.03724359720945358,0.034298770129680634
2015-09-01,0.03409026935696602,0.03846919164061546,0.03409026935696602,0.03409026935696602,0.03409026935696602,0.03409026935696602,0.034264497458934784,0.04340521618723869,0.043158065527677536,0.04002440720796585,0.04320279136300087,0.038617558777332306,0.05189088359475136,0.03877725452184677,0.034968554973602295,0.03409026935696602,0.034621670842170715,0.03409026935696602,0.03478021174669266,0.03565133735537529,0.03992609679698944,0.03409026935696602,0.03409026935696602,0.0357506237924099,0.03409026935696602,0.03749873861670494,0.03409026935696602
2015-09-02,0.03434693440794945,0.039262376725673676,0.03434693440794945,0.03434693440794945,0.03434693440794945,0.03434693440794945,0.03434693440794945,0.04060124605894089,0.04186057671904564,0.0437491312623024,0.03775393217802048,0.035950761288404465,0.05184731259942055,0.03685864806175232,0.03647051379084587,0.03434693440794945,0.03573146089911461,0.03569536656141281,0.03434693440794945,0.03434693440794945,0.044081125408411026,0.03434693440794945,0.03434693440794945,0.03434693440794945,0.03434693440794945,0.037874914705753326,0.03575250133872032
2015-09-03,0.034445423632860184,0.038848455995321274,0.034445423632860184,0.034445423632860184,0.034445423632860184,0.034445423632860184,0.034445423632860184,0.04122179001569748,0.03925194963812828,0.039047177881002426,0.04057355970144272,0.03781578689813614,0.05229192227125168,0.04077478498220444,0.03636900335550308,0.034445423632860184,0.03615928813815117,0.034445423632860184,0.034445423632860184,0.034666698426008224,0.04359319806098938,0.034445423632860184,0.034445423632860184,0.034445423632860184,0.034445423632860184,0.03715047985315323,0.034445423632860184
2015-09-04,0.03404912352561951,0.03718048334121704,0.03404912352561951,0.03404912352561951,0.03404912352561951,0.03404912352561951,0.03404912352561951,0.04180019348859787,0.04242803901433945,0.039289508014917374,0.043895162642002106,0.039910897612571716,0.051565542817115784,0.03838977590203285,0.03404912352561951,0.03404912352561951,0.03648951277136803,0.03404912352561951,0.03690819442272186,0.035280704498291016,0.037750523537397385,0.03404912352561951,0.03404912352561951,0.0384407602250576,0.03404912352561951,0.03800320252776146,0.034078020602464676
2015-09-08,0.034290142357349396,0.03914938122034073,0.034290142357349396,0.034290142357349396,0.034290142357349396,0.034290142357349396,0.034290142357349396,0.041935719549655914,0.04148790240287781,0.03994841128587723,0.04095058515667915,0.03740188479423523,0.053372886031866074,0.03878692910075188,0.03553811460733414,0.034290142357349396,0.036983609199523926,0.034290142357349396,0.03443318232893944,0.034593936055898666,0.04234566539525986,0.034290142357349396,0.034290142357349396,0.034290142357349396,0.034290142357349396,0.03729987144470215,0.034290142357349396
2015-09-09,0.03412169590592384,0.04008208215236664,0.03412169590592384,0.03412169590592384,0.03412169590592384,0.03412169590592384,0.03412169590592384,0.045601289719343185,0.04393096640706062,0.04000991955399513,0.041836585849523544,0.03655681386590004,0.04747556895017624,0.03412169590592384,0.03412169590592384,0.03524632379412651,0.03412169590592384,0.03412169590592384,0.03632053732872009,0.03801485523581505,0.039208244532346725,0.03412169590592384,0.03412169590592384,0.03775700181722641,0.03412169590592384,0.03988233581185341,0.03449537977576256
2015-09-10,0.03406877443194389,0.04035387933254242,0.03406877443194389,0.03406877443194389,0.03406877443194389,0.03406877443194389,0.03406877443194389,0.04482632502913475,0.042871586978435516,0.040051668882369995,0.04080268368124962,0.03881516680121422,0.04554238170385361,0.03406877443194389,0.03406877443194389,0.035265784710645676,0.03448008373379707,0.03406877443194389,0.036593273282051086,0.038579389452934265,0.03983040526509285,0.03406877443194389,0.03406877443194389,0.036758631467819214,0.034961916506290436,0.04083940014243126,0.034670908004045486
2015-09-11,0.03391186520457268,0.03988005593419075,0.03391186520457268,0.03391186520457268,0.03391186520457268,0.03391186520457268,0.03391186520457268,0.04566682130098343,0.04102305695414543,0.03994874656200409,0.04117859527468681,0.037373136729002,0.045061852782964706,0.03391186520457268,0.03391186520457268,0.03569395840167999,0.03725665435194969,0.03391186520457268,0.03735588863492012,0.03712913393974304,0.04006125405430794,0.03391186520457268,0.03391186520457268,0.03644711524248123,0.036866456270217896,0.04200713708996773,0.0340195931494236
2015-09-14,0.033880218863487244,0.040131088346242905,0.033880218863487244,0.033880218863487244,0.033880218863487244,0.033880218863487244,0.033880218863487244,0.04573581740260124,0.040656790137290955,0.040138691663742065,0.04192851856350899,0.0375453419983387,0.04441143199801445,0.033880218863487244,0.033880218863487244,0.03589887171983719,0.037841517478227615,0.033880218863487244,0.037586528807878494,0.03631112724542618,0.039939723908901215,0.033880218863487244,0.033880218863487244,0.03668126463890076,0.03628862649202347,0.04212668165564537,0.034095510840415955
2015-09-15,0.03410870209336281,0.04216385632753372,0.03410870209336281,0.03410870209336281,0.03410870209336281,0.03410870209336281,0.03410870209336281,0.04078570008277893,0.045054830610752106,0.044466543942689896,0.04171615093946457,0.040026698261499405,0.04194342717528343,0.034907687455415726,0.03410870209336281,0.03530675172805786,0.03492886945605278,0.03410870209336281,0.03858381509780884,0.03867920860648155,0.03810092806816101,0.03410870209336281,0.03410870209336281,0.03498212993144989,0.0344075970351696,0.03753873333334923,0.035320114344358444
2015-09-16,0.035264309495687485,0.04352284595370293,0.037239253520965576,0.035264309495687485,0.035264309495687485,0.035264309495687485,0.035264309495687485,0.04046766832470894,0.04402221739292145,0.035264309495687485,0.039486005902290344,0.03933517262339592,0.040472693741321564,0.038457196205854416,0.035264309495687485,0.035264309495687485,0.035264309495687485,0.035264309495687485,0.03821846842765808,0.03636328503489494,0.037559207528829575,0.035264309495687485,0.035264309495687485,0.035264309495687485,0.035264309495687485,0.0354454442858696,0.035710256546735764
2015-09-17,0.03569646552205086,0.04412486404180527,0.03569646552205086,0.03569646552205086,0.03569646552205086,0.03569646552205086,0.03569646552205086,0.03729958459734917,0.0401262566447258,0.03569646552205086,0.03569646552205086,0.03569646552205086,0.03940213471651077,0.03815571591258049,0.03773174807429314,0.03569646552205086,0.03844210505485535,0.03569646552205086,0.036512937396764755,0.03569646552205086,0.03790763020515442,0.03569646552205086,0.0388590469956398,0.03569646552205086,0.0382809154689312,0.03569646552205086,0.03771006315946579
2015-09-18,0.035541024059057236,0.04676548019051552,0.03628700226545334,0.035541024059057236,0.036648016422986984,0.035541024059057236,0.035541024059057236,0.03622784465551376,0.041174352169036865,0.035541024059057236,0.035541024059057236,0.035541024059057236,0.03708772733807564,0.035541024059057236,0.035541024059057236,0.035541024059057236,0.04180220142006874,0.035541024059057236,0.038036905229091644,0.035541024059057236,0.03650038689374924,0.035541024059057236,0.04112718254327774,0.035541024059057236,0.036894794553518295,0.035541024059057236,0.03833279013633728
2015-09-21,0.034848470240831375,0.047456614673137665,0.034848470240831375,0.034848470240831375,0.034848470240831375,0.034848470240831375,0.034848470240831375,0.038265157490968704,0.04445367678999901,0.039772797375917435,0.034848470240831375,0.036616455763578415,0.03951595351099968,0.034848470240831375,0.034848470240831375,0.034848470240831375,0.038983020931482315,0.034848470240831375,0.040495723485946655,0.036933548748493195,0.03548729419708252,0.034848470240831375,0.040369246155023575,0.034848470240831375,0.034848470240831375,0.035189274698495865,0.03858274593949318
2015-09-22,0.03447156772017479,0.04803827404975891,0.03447156772017479,0.03447156772017479,0.03447156772017479,0.03447156772017479,0.03447156772017479,0.037779923528432846,0.04644737020134926,0.04215385392308235,0.036128006875514984,0.037363577634096146,0.038843169808387756,0.035207945853471756,0.03447156772017479,0.03447156772017479,0.03627469390630722,0.03447156772017479,0.04142458364367485,0.03812636807560921,0.03494016453623772,0.03447156772017479,0.040126752108335495,0.03447156772017479,0.03447156772017479,0.03498592972755432,0.03850056231021881
2015-09-23,0.034372590482234955,0.0453999899327755,0.034372590482234955,0.034372590482234955,0.034372590482234955,0.034372590482234955,0.034372590482234955,0.040416814386844635,0.043526407331228256,0.04469176381826401,0.03622045740485191,0.034372590482234955,0.04165928438305855,0.03650254011154175,0.034372590482234955,0.034372590482234955,0.03720087558031082,0.034372590482234955,0.03864376246929169,0.039018768817186356,0.03805844113230705,0.034372590482234955,0.035139188170433044,0.034372590482234955,0.037500202655792236,0.035436857491731644,0.0381135456264019
2015-09-24,0.034029487520456314,0.044157661497592926,0.034029487520456314,0.034029487520456314,0.034029487520456314,0.034029487520456314,0.034029487520456314,0.04102052003145218,0.04285043850541115,0.04377671703696251,0.037029802799224854,0.03586692735552788,0.04344549775123596,0.03883549943566322,0.03523440286517143,0.034029487520456314,0.038604896515607834,0.034029487520456314,0.03927213326096535,0.03888664022088051,0.037485651671886444,0.034029487520456314,0.034029487520456314,0.034029487520456314,0.03612720966339111,0.034430406987667084,0.03865130618214607
2015-09-25,0.034243300557136536,0.04522686079144478,0.034243300557136536,0.034243300557136536,0.034243300557136536,0.034243300557136536,0.034243300557136536,0.03912924602627754,0.04302453622221947,0.04429827257990837,0.03752443939447403,0.03827831149101257,0.03999515250325203,0.034858014434576035,0.034243300557136536,0.034243300557136536,0.03994300216436386,0.034243300557136536,0.03958047181367874,0.03513098880648613,0.034243300557136536,0.034243300557136536,0.034243300557136536,0.04182109981775284,0.034243300557136536,0.03671756014227867,0.0393090583384037
2015-09-28,0.03521835803985596,0.04253897815942764,0.03521835803985596,0.03521835803985596,0.035566188395023346,0.03521835803985596,0.03521835803985596,0.037910982966423035,0.04155769199132919,0.039529263973236084,0.03521835803985596,0.035685762763023376,0.04414811357855797,0.03578118234872818,0.03521835803985596,0.03521835803985596,0.03941507264971733,0.03521835803985596,0.03885464370250702,0.03719832003116608,0.03521835803985596,0.03521835803985596,0.03521835803985596,0.03763112053275108,0.0384095124900341,0.03521835803985596,0.03793445602059364
2015-09-29,0.034918490797281265,0.042254529893398285,0.034918490797281265,0.034918490797281265,0.034918490797281265,0.034918490797281265,0.034918490797281265,0.0393902026116848,0.04169515520334244,0.041267067193984985,0.034918490797281265,0.036686889827251434,0.04792493209242821,0.03980645537376404,0.034918490797281265,0.034918490797281265,0.03706718981266022,0.034918490797281265,0.036871884018182755,0.03614154830574989,0.03668271750211716,0.034918490797281265,0.034918490797281265,0.03645706921815872,0.0371820367872715,0.03499527648091316,0.03655513748526573
2015-09-30,0.03648940846323967,0.04218771681189537,0.0350729376077652,0.0350729376077652,0.038869116455316544,0.0350729376077652,0.0350729376077652,0.0350729376077652,0.0350729376077652,0.04028560221195221,0.0350729376077652,0.03779216110706329,0.05081877484917641,0.03717167302966118,0.0350729376077652,0.0350729376077652,0.045259926468133926,0.0350729376077652,0.03588801249861717,0.0350729376077652,0.037854526191949844,0.0350729376077652,0.0350729376077652,0.03562609851360321,0.0350729376077652,0.03566291928291321,0.0350729376077652
2015-10-01,0.03917359933257103,0.041262079030275345,0.035284701734781265,0.035284701734781265,0.03676411136984825,0.035284701734781265,0.035284701734781265,0.035284701734781265,0.035284701734781265,0.03785182163119316,0.035284701734781265,0.03874172642827034,0.04762757942080498,0.03781143203377724,0.035284701734781265,0.035284701734781265,0.044578760862350464,0.035284701734781265,0.03753773495554924,0.035284701734781265,0.035284701734781265,0.035284701734781265,0.035284701734781265,0.035284701734781265,0.035284701734781265,0.038811251521110535,0.035284701734781265
2015-10-02,0.035063937306404114,0.04288984835147858,0.035063937306404114,0.035063937306404114,0.038020309060811996,0.035063937306404114,0.035063937306404114,0.035063937306404114,0.036884088069200516,0.03884967043995857,0.035063937306404114,0.036649610847234726,0.046234533190727234,0.04164610058069229,0.035063937306404114,0.035063937306404114,0.04253411293029785,0.035063937306404114,0.035667940974235535,0.035063937306404114,0.041146330535411835,0.03524219989776611,0.035063937306404114,0.035063937306404114,0.035063937306404114,0.035063937306404114,0.03827614709734917
2015-10-05,0.035270314663648605,0.042842693626880646,0.035270314663648605,0.035270314663648605,0.04184533283114433,0.035270314663648605,0.035270314663648605,0.035270314663648605,0.04080089554190636,0.035270314663648605,0.035270314663648605,0.0356685146689415,0.04163718596100807,0.0373556986451149,0.035270314663648605,0.035270314663648605,0.04577568545937538,0.035270314663648605,0.038880687206983566,0.035270314663648605,0.036364492028951645,0.035270314663648605,0.035270314663648605,0.035270314663648605,0.035270314663648605,0.035270314663648605,0.0392334870994091
2015-10-06,0.038592081516981125,0.03527776524424553,0.03527776524424553,0.03527776524424553,0.03794421628117561,0.03527776524424553,0.03527776524424553,0.03527776524424553,0.04280287027359009,0.03527776524424553,0.036884136497974396,0.03672514855861664,0.03849445655941963,0.045537639409303665,0.03527776524424553,0.03527776524424553,0.039441924542188644,0.03527776524424553,0.038814857602119446,0.035872235894203186,0.03527776524424553,0.03527776524424553,0.03667382895946503,0.03527776524424553,0.04043994098901749,0.03788793087005615,0.03527776524424553
2015-10-07,0.03652828931808472,0.03558773919939995,0.03759723901748657,0.03558773919939995,0.041732899844646454,0.03558773919939995,0.03558773919939995,0.03558773919939995,0.04455448314547539,0.03558773919939995,0.03558773919939995,0.03558773919939995,0.0393422432243824,0.04060610383749008,0.03558773919939995,0.03558773919939995,0.04153156653046608,0.03558773919939995,0.03558773919939995,0.03558773919939995,0.03558773919939995,0.03558773919939995,0.03586054965853691,0.03558773919939995,0.04166731610894203,0.03558773919939995,0.03558773919939995
2015-10-08,0.0372171513736248,0.03546876832842827,0.04149281978607178,0.03569658100605011,0.04906807467341423,0.03546876832842827,0.03546876832842827,0.03546876832842827,0.03987140953540802,0.03546876832842827,0.03546876832842827,0.03546876832842827,0.03546876832842827,0.043108634650707245,0.03546876832842827,0.03546876832842827,0.037162333726882935,0.03546876832842827,0.03880779817700386,0.03546876832842827,0.03546876832842827,0.03546876832842827,0.036432716995477676,0.03546876832842827,0.03817347064614296,0.03546876832842827,0.03546876832842827
2015-10-09,0.035461243242025375,0.035461243242025375,0.04223913699388504,0.035461243242025375,0.05183260515332222,0.035461243242025375,0.035461243242025375,0.035461243242025375,0.035461243242025375,0.035461243242025375,0.035461243242025375,0.035461243242025375,0.035461243242025375,0.04504704847931862,0.035461243242025375,0.035461243242025375,0.035461243242025375,0.035461243242025375,0.037118423730134964,0.035461243242025375,0.035461243242025375,0.035461243242025375,0.039409007877111435,0.035461243242025375,0.03966773301362991,0.035461243242025375,0.035461243242025375
2015-10-12,0.03548658639192581,0.03548658639192581,0.04164574667811394,0.03548658639192581,0.048822853714227676,0.03548658639192581,0.03548658639192581,0.03548658639192581,0.03640628606081009,0.03548658639192581,0.03548658639192581,0.03548658639192581,0.03548658639192581,0.04562763124704361,0.03548658639192581,0.03548658639192581,0.03558840602636337,0.03548658639192581,0.03867792338132858,0.03548658639192581,0.03548658639192581,0.03548658639192581,0.038481876254081726,0.03548658639192581,0.04050411656498909,0.03548658639192581,0.03548658639192581
2015-10-13,0.03632122650742531,0.03518263250589371,0.04373442009091377,0.03711733594536781,0.04304900020360947,0.03518263250589371,0.03518263250589371,0.03518263250589371,0.03719450160861015,0.03518263250589371,0.03832891955971718,0.03783193975687027,0.03518263250589371,0.04667385667562485,0.03518263250589371,0.03518263250589371,0.03518263250589371,0.03518263250589371,0.0378761850297451,0.03791285678744316,0.03518263250589371,0.03518263250589371,0.03518263250589371,0.03518263250589371,0.04103756323456764,0.03518263250589371,0.03518263250589371
2015-10-14,0.035730890929698944,0.04001271352171898,0.03729360178112984,0.03733118996024132,0.03921784460544586,0.035730890929698944,0.035730890929698944,0.035730890929698944,0.03865872323513031,0.035730890929698944,0.03603585436940193,0.038853682577610016,0.040261831134557724,0.040020011365413666,0.035730890929698944,0.035730890929698944,0.039491161704063416,0.035730890929698944,0.037526123225688934,0.03831298276782036,0.035730890929698944,0.035730890929698944,0.035730890929698944,0.035730890929698944,0.03675170987844467,0.035730890929698944,0.035730890929698944
2015-10-15,0.03603744134306908,0.040275055915117264,0.03603744134306908,0.03603744134306908,0.03943211957812309,0.03603744134306908,0.03603744134306908,0.03603744134306908,0.03603744134306908,0.03603744134306908,0.03603744134306908,0.03797704726457596,0.03934572637081146,0.04691890999674797,0.036496978253126144,0.03603744134306908,0.03796962648630142,0.03603744134306908,0.03603744134306908,0.03603744134306908,0.03603744134306908,0.03603744134306908,0.03654579818248749,0.03603744134306908,0.03636481240391731,0.03603744134306908,0.03603744134306908
2015-10-16,0.036011550575494766,0.03850230947136879,0.036011550575494766,0.036011550575494766,0.038000479340553284,0.036011550575494766,0.036011550575494766,0.036011550575494766,0.040688421577215195,0.036011550575494766,0.036011550575494766,0.036011550575494766,0.039783596992492676,0.041761793196201324,0.036011550575494766,0.03907736763358116,0.03838047757744789,0.036011550575494766,0.036011550575494766,0.036011550575494766,0.036011550575494766,0.036011550575494766,0.036817848682403564,0.036011550575494766,0.03810019791126251,0.036011550575494766,0.03669121488928795
2015-10-19,0.03575902059674263,0.04349364712834358,0.03575902059674263,0.03575902059674263,0.03575902059674263,0.03575902059674263,0.03575902059674263,0.03575902059674263,0.04458148777484894,0.03575902059674263,0.03575902059674263,0.03575902059674263,0.03594466298818588,0.04076433554291725,0.03575902059674263,0.03575902059674263,0.03821350634098053,0.03575902059674263,0.03575902059674263,0.03820209205150604,0.03575902059674263,0.03575902059674263,0.03747415542602539,0.03575902059674263,0.03737763687968254,0.03575902059674263,0.040286123752593994
2015-10-20,0.036007266491651535,0.04276246950030327,0.036007266491651535,0.036007266491651535,0.036007266491651535,0.036007266491651535,0.036007266491651535,0.036007266491651535,0.040734242647886276,0.036096762865781784,0.036007266491651535,0.036007266491651535,0.03772846609354019,0.03954426199197769,0.036007266491651535,0.036007266491651535,0.040308550000190735,0.036007266491651535,0.036007266491651535,0.03815816715359688,0.037103891372680664,0.036007266491651535,0.03644249215722084,0.036007266491651535,0.0363791324198246,0.036007266491651535,0.03862528130412102
2015-10-21,0.035615988075733185,0.04369055852293968,0.035615988075733185,0.036443792283535004,0.037283074110746384,0.035615988075733185,0.035615988075733185,0.035615988075733185,0.043515246361494064,0.035615988075733185,0.035615988075733185,0.035615988075733185,0.035615988075733185,0.040348805487155914,0.035615988075733185,0.038959383964538574,0.04046807438135147,0.035615988075733185,0.035615988075733185,0.035615988075733185,0.035615988075733185,0.035615988075733185,0.035615988075733185,0.035615988075733185,0.039100803434848785,0.03570101782679558,0.0390174575150013
2015-10-22,0.03737632557749748,0.036928243935108185,0.03562965244054794,0.03562965244054794,0.038023389875888824,0.03562965244054794,0.03562965244054794,0.03562965244054794,0.041167858988046646,0.03562965244054794,0.03562965244054794,0.03562965244054794,0.03863798454403877,0.04215739667415619,0.03562965244054794,0.038187891244888306,0.04432513937354088,0.03562965244054794,0.03868698328733444,0.03562965244054794,0.03562965244054794,0.03562965244054794,0.03562965244054794,0.03562965244054794,0.037124596536159515,0.03562965244054794,0.03730977326631546
2015-10-23,0.03744819387793541,0.03602626174688339,0.035791777074337006,0.042629972100257874,0.048015084117650986,0.035791777074337006,0.035791777074337006,0.035791777074337006,0.036088939756155014,0.035791777074337006,0.035791777074337006,0.035791777074337006,0.03917434439063072,0.04146143049001694,0.035791777074337006,0.035791777074337006,0.039112016558647156,0.035791777074337006,0.035791777074337006,0.035791777074337006,0.035791777074337006,0.035791777074337006,0.035791777074337006,0.035791777074337006,0.035791777074337006,0.035791777074337006,0.035791777074337006
2015-10-26,0.03643472492694855,0.039095450192689896,0.03561507910490036,0.03879423066973686,0.04561330005526543,0.03561507910490036,0.03561507910490036,0.03561507910490036,0.038468632847070694,0.03561507910490036,0.03561507910490036,0.03561507910490036,0.03561507910490036,0.046431705355644226,0.03561507910490036,0.03561507910490036,0.04101366549730301,0.03561507910490036,0.03561507910490036,0.03746179863810539,0.03561507910490036,0.03561507910490036,0.03561507910490036,0.03561507910490036,0.03561507910490036,0.03561507910490036,0.03561507910490036
2015-10-27,0.0358458049595356,0.038145892322063446,0.0358458049595356,0.039137329906225204,0.043597981333732605,0.0358458049595356,0.0358458049595356,0.0358458049595356,0.03977590426802635,0.0358458049595356,0.0358458049595356,0.0358458049595356,0.0358458049595356,0.04608115181326866,0.0358458049595356,0.0358458049595356,0.03902725502848625,0.0358458049595356,0.0358458049595356,0.03731834143400192,0.0358458049595356,0.0358458049595356,0.0358458049595356,0.0358458049595356,0.0358458049595356,0.0358458049595356,0.0358458049595356
2015-10-28,0.036069221794605255,0.04061098396778107,0.03577659651637077,0.04166850075125694,0.04240730404853821,0.03577659651637077,0.03577659651637077,0.03577659651637077,0.04277895390987396,0.03577659651637077,0.03577659651637077,0.03577659651637077,0.03577659651637077,0.039715901017189026,0.03577659651637077,0.03577659651637077,0.04082421213388443,0.03577659651637077,0.03577659651637077,0.03616955503821373,0.03577659651637077,0.03577659651637077,0.03577659651637077,0.03577659651637077,0.03577659651637077,0.03577659651637077,0.03577659651637077
2015-10-29,0.036170005798339844,0.03876855596899986,0.036170005798339844,0.03782012313604355,0.04296347126364708,0.036170005798339844,0.036170005798339844,0.036170005798339844,0.040323253720998764,0.036170005798339844,0.036170005798339844,0.036170005798339844,0.036170005798339844,0.036170005798339844,0.036170005798339844,0.036170005798339844,0.04363493621349335,0.036170005798339844,0.036170005798339844,0.036919549107551575,0.036170005798339844,0.036170005798339844,0.036170005798339844,0.036170005798339844,0.036170005798339844,0.036170005798339844,0.036170005798339844
2015-10-30,0.036077458411455154,0.04090354964137077,0.036077458411455154,0.036077458411455154,0.04335477948188782,0.036077458411455154,0.036077458411455154,0.036077458411455154,0.04293348640203476,0.036077458411455154,0.036077458411455154,0.036077458411455154,0.036077458411455154,0.036077458411455154,0.036077458411455154,0.036077458411455154,0.04251844808459282,0.036077458411455154,0.036077458411455154,0.036077458411455154,0.036077458411455154,0.036077458411455154,0.036585647612810135,0.036077458411455154,0.036077458411455154,0.036077458411455154,0.036077458411455154
2015-11-02,0.036196138709783554,0.038195181638002396,0.036196138709783554,0.036196138709783554,0.04263861104846001,0.036196138709783554,0.036196138709783554,0.036196138709783554,0.04404505342245102,0.036196138709783554,0.036196138709783554,0.036196138709783554,0.036196138709783554,0.03758436068892479,0.036196138709783554,0.036196138709783554,0.04118207097053528,0.036196138709783554,0.036196138709783554,0.036196138709783554,0.036196138709783554,0.036196138709783554,0.036235786974430084,0.036196138709783554,0.036196138709783554,0.036196138709783554,0.036196138709783554
2015-11-03,0.036399997770786285,0.03745109960436821,0.036399997770786285,0.036399997770786285,0.04224417731165886,0.036399997770786285,0.036399997770786285,0.036399997770786285,0.04174285754561424,0.036399997770786285,0.036399997770786285,0.036399997770786285,0.036399997770786285,0.036399997770786285,0.036399997770786285,0.036399997770786285,0.03996418043971062,0.036399997770786285,0.036399997770786285,0.036399997770786285,0.036399997770786285,0.036399997770786285,0.03779781982302666,0.036399997770786285,0.036399997770786285,0.036399997770786285,0.036399997770786285
2015-11-04,0.036262147128582,0.036262147128582,0.036262147128582,0.036262147128582,0.04239897057414055,0.036262147128582,0.036262147128582,0.036262147128582,0.04253494739532471,0.036262147128582,0.036262147128582,0.036262147128582,0.036262147128582,0.03867204487323761,0.036262147128582,0.036262147128582,0.040069613605737686,0.036262147128582,0.036262147128582,0.036262147128582,0.036262147128582,0.036262147128582,0.038557130843400955,0.036262147128582,0.036262147128582,0.036262147128582,0.036262147128582
2015-11-05,0.03627894073724747,0.03627894073724747,0.03627894073724747,0.03627894073724747,0.04411425441503525,0.03627894073724747,0.03627894073724747,0.03627894073724747,0.0413077287375927,0.03627894073724747,0.03627894073724747,0.03627894073724747,0.038299959152936935,0.03883740305900574,0.03627894073724747,0.03627894073724747,0.03777753934264183,0.03627894073724747,0.03688432648777962,0.03627894073724747,0.03627894073724747,0.03627894073724747,0.037199992686510086,0.03627894073724747,0.03627894073724747,0.03627894073724747,0.03627894073724747
2015-11-06,0.035913944244384766,0.035913944244384766,0.035913944244384766,0.03700276464223862,0.046445343643426895,0.035913944244384766,0.035913944244384766,0.035913944244384766,0.04464314505457878,0.035913944244384766,0.035913944244384766,0.035913944244384766,0.0400562547147274,0.035913944244384766,0.035913944244384766,0.035913944244384766,0.03815092146396637,0.035913944244384766,0.03950870409607887,0.035913944244384766,0.035913944244384766,0.035913944244384766,0.035913944244384766,0.035913944244384766,0.035913944244384766,0.035913944244384766,0.035913944244384766
2015-11-09,0.03825116530060768,0.039233531802892685,0.0353081077337265,0.039147574454545975,0.04022643342614174,0.0353081077337265,0.0353081077337265,0.0353081077337265,0.04512525349855423,0.0353081077337265,0.0353081077337265,0.03604280576109886,0.03850632533431053,0.03628009930253029,0.0353081077337265,0.0353081077337265,0.0362485907971859,0.0353081077337265,0.04414932057261467,0.03907102718949318,0.0353081077337265,0.0353081077337265,0.0353081077337265,0.0353081077337265,0.037154365330934525,0.0353081077337265,0.03624996170401573
2015-11-10,0.03598140552639961,0.03687635809183121,0.035699278116226196,0.035699278116226196,0.042988285422325134,0.035699278116226196,0.0385100357234478,0.035699278116226196,0.04345247149467468,0.035699278116226196,0.035699278116226196,0.035699278116226196,0.04212764650583267,0.035699278116226196,0.035699278116226196,0.035699278116226196,0.040164291858673096,0.035699278116226196,0.041116755455732346,0.035699278116226196,0.035699278116226196,0.035699278116226196,0.036195702850818634,0.035699278116226196,0.035699278116226196,0.035699278116226196,0.035699278116226196
2015-11-11,0.03590841963887215,0.03693895787000656,0.03590841963887215,0.03590841963887215,0.041079070419073105,0.03590841963887215,0.04196223244071007,0.03590841963887215,0.03964255005121231,0.03590841963887215,0.03590841963887215,0.03590841963887215,0.039334334433078766,0.03590841963887215,0.03590841963887215,0.03590841963887215,0.04071131721138954,0.03590841963887215,0.03934170678257942,0.03590841963887215,0.03590841963887215,0.03590841963887215,0.038729872554540634,0.03590841963887215,0.03590841963887215,0.03590841963887215,0.03590841963887215
2015-11-12,0.03674359619617462,0.03580859303474426,0.03580859303474426,0.03580859303474426,0.04258750006556511,0.03580859303474426,0.04031721130013466,0.03756393492221832,0.038334887474775314,0.03580859303474426,0.03580859303474426,0.03691890835762024,0.04330569878220558,0.03580859303474426,0.03580859303474426,0.03580859303474426,0.038977958261966705,0.03580859303474426,0.03957461193203926,0.03580859303474426,0.03580859303474426,0.03580859303474426,0.03664260730147362,0.03580859303474426,0.036095574498176575,0.03580859303474426,0.03580859303474426
2015-11-13,0.03603384271264076,0.040073685348033905,0.03603384271264076,0.03603384271264076,0.04164781793951988,0.03603384271264076,0.03605734184384346,0.03603384271264076,0.04026593640446663,0.03603384271264076,0.03603384271264076,0.03603384271264076,0.042862046509981155,0.03603384271264076,0.03603384271264076,0.03603384271264076,0.03765996918082237,0.03603384271264076,0.03725709766149521,0.03603384271264076,0.03603384271264076,0.03603384271264076,0.03603384271264076,0.03603384271264076,0.03953305631875992,0.03603384271264076,0.03603384271264076
2015-11-16,0.03908265754580498,0.03603209927678108,0.03552236780524254,0.036727942526340485,0.03886396810412407,0.03552236780524254,0.03989477455615997,0.03740914165973663,0.03552236780524254,0.03552236780524254,0.03552236780524254,0.03989556431770325,0.047077640891075134,0.037599168717861176,0.03552236780524254,0.03552236780524254,0.04235218092799187,0.03552236780524254,0.03670705854892731,0.03552236780524254,0.03552236780524254,0.03552236780524254,0.03552236780524254,0.03552236780524254,0.03552236780524254,0.03552236780524254,0.03552236780524254
2015-11-17,0.03556593880057335,0.03556593880057335,0.03556593880057335,0.03614706173539162,0.043427564203739166,0.03556593880057335,0.043777767568826675,0.03556593880057335,0.03556593880057335,0.03556593880057335,0.03556593880057335,0.03556593880057335,0.046368636190891266,0.03556593880057335,0.03556593880057335,0.03556593880057335,0.04271401837468147,0.03706054389476776,0.03556593880057335,0.03556593880057335,0.03556593880057335,0.03556593880057335,0.036185845732688904,0.03556593880057335,0.03856572136282921,0.03556593880057335,0.03556593880057335
2015-11-18,0.03585738316178322,0.04024222865700722,0.03585738316178322,0.03585738316178322,0.03973560780286789,0.03585738316178322,0.043279629200696945,0.03914504870772362,0.03789619356393814,0.03585738316178322,0.03585738316178322,0.03712690249085426,0.04294031113386154,0.03585738316178322,0.0359429195523262,0.03585738316178322,0.03778156265616417,0.03585738316178322,0.03585738316178322,0.03585738316178322,0.03585738316178322,0.03585738316178322,0.03585738316178322,0.03585738316178322,0.03624634072184563,0.03585738316178322,0.035945046693086624
2015-11-19,0.03560715913772583,0.041771452873945236,0.03560715913772583,0.03560715913772583,0.037707097828388214,0.03560715913772583,0.042356617748737335,0.03956318274140358,0.037557538598775864,0.03560715913772583,0.03560715913772583,0.04038333147764206,0.03641515225172043,0.03560715913772583,0.03560715913772583,0.03560715913772583,0.04218415543437004,0.03560715913772583,0.038723383098840714,0.03560715913772583,0.03560715913772583,0.03560715913772583,0.03598767891526222,0.03649993985891342,0.03560715913772583,0.03560715913772583,0.036743100732564926
2015-11-20,0.038851507008075714,0.03750782087445259,0.03636215627193451,0.03954262658953667,0.043085500597953796,0.035125892609357834,0.035125892609357834,0.035125892609357834,0.03663798049092293,0.035125892609357834,0.035125892609357834,0.043158918619155884,0.040360599756240845,0.036228377372026443,0.035125892609357834,0.035125892609357834,0.0390356071293354,0.035125892609357834,0.042496535927057266,0.039844002574682236,0.035125892609357834,0.035125892609357834,0.035125892609357834,0.035125892609357834,0.035125892609357834,0.035125892609357834,0.035125892609357834
2015-11-23,0.03841890022158623,0.037002068012952805,0.0358443409204483,0.04066526144742966,0.04204026609659195,0.034750282764434814,0.034750282764434814,0.034750282764434814,0.03719809651374817,0.034750282764434814,0.03673825040459633,0.03838380426168442,0.04008614644408226,0.03937279433012009,0.034750282764434814,0.034750282764434814,0.04128026217222214,0.034750282764434814,0.04365929961204529,0.038592591881752014,0.034750282764434814,0.034750282764434814,0.034750282764434814,0.03896421194076538,0.034750282764434814,0.034750282764434814,0.034750282764434814
2015-11-24,0.03695230558514595,0.03616431728005409,0.03532351180911064,0.040809471160173416,0.043010059744119644,0.03517954796552658,0.03517954796552658,0.03517954796552658,0.03517954796552658,0.03517954796552658,0.03656819462776184,0.03716244548559189,0.0386568158864975,0.04282385855913162,0.03517954796552658,0.03549308329820633,0.040591441094875336,0.03517954796552658,0.039561208337545395,0.03971674293279648,0.03517954796552658,0.03517954796552658,0.03517954796552658,0.03779439255595207,0.035669561475515366,0.03672756627202034,0.03517954796552658
2015-11-25,0.03506249934434891,0.037487223744392395,0.037240661680698395,0.039370469748973846,0.04106589034199715,0.03506249934434891,0.03506249934434891,0.03506249934434891,0.03506249934434891,0.03506249934434891,0.03506249934434891,0.042517226189374924,0.039947666227817535,0.0450260266661644,0.03506249934434891,0.03506249934434891,0.03714887797832489,0.03506249934434891,0.036821264773607254,0.04095449671149254,0.03506249934434891,0.03642560541629791,0.03506249934434891,0.03506249934434891,0.03673255816102028,0.03838707506656647,0.03506249934434891
2015-11-27,0.03519292175769806,0.040580395609140396,0.03519101440906525,0.03709430992603302,0.041700996458530426,0.03519101440906525,0.03519101440906525,0.035758525133132935,0.03519101440906525,0.03519101440906525,0.03519101440906525,0.04091235622763634,0.03734564408659935,0.04209069535136223,0.03519101440906525,0.03519101440906525,0.03928239643573761,0.03519101440906525,0.0376109816133976,0.040871694684028625,0.03519101440906525,0.037362657487392426,0.03519101440906525,0.03519101440906525,0.03519101440906525,0.041522201150655746,0.03519101440906525
2015-11-30,0.03550833463668823,0.04129767417907715,0.03537306189537048,0.03571895882487297,0.04196450859308243,0.03537306189537048,0.03537306189537048,0.03537306189537048,0.03537306189537048,0.03537306189537048,0.03537306189537048,0.03833380341529846,0.038004320114851,0.03928549960255623,0.03537306189537048,0.03537306189537048,0.03932970389723778,0.03537306189537048,0.03831050917506218,0.039799854159355164,0.03537306189537048,0.0385715551674366,0.03537306189537048,0.03537306189537048,0.037846069782972336,0.04080630838871002,0.03537306189537048
2015-12-01,0.03601852431893349,0.039812732487916946,0.03509579598903656,0.03509579598903656,0.0365573987364769,0.03509579598903656,0.03509579598903656,0.03509579598903656,0.043010689318180084,0.03509579598903656,0.037347204983234406,0.038688383996486664,0.039037518203258514,0.03616827726364136,0.03509579598903656,0.03509579598903656,0.044110070914030075,0.03509579598903656,0.045175209641456604,0.04254123941063881,0.03509579598903656,0.03509579598903656,0.03509579598903656,0.03509579598903656,0.03509579598903656,0.03509579598903656,0.03509579598903656
2015-12-02,0.03576420992612839,0.03774510324001312,0.03546717017889023,0.03546717017889023,0.040890976786613464,0.03546717017889023,0.03546717017889023,0.03546717017889023,0.039798300713300705,0.03546717017889023,0.03546717017889023,0.037256643176078796,0.03843123838305473,0.04099763557314873,0.03546717017889023,0.03546717017889023,0.04116690158843994,0.03546717017889023,0.04130086675286293,0.04346925765275955,0.03546717017889023,0.03546717017889023,0.03546717017889023,0.03546717017889023,0.0357041209936142,0.03546717017889023,0.03546717017889023
2015-12-03,0.03742291405797005,0.040932826697826385,0.03608012944459915,0.03608012944459915,0.03961506858468056,0.03608012944459915,0.03608012944459915,0.03608012944459915,0.03662826120853424,0.03608012944459915,0.03608012944459915,0.03684309124946594,0.03778329864144325,0.039381757378578186,0.03608012944459915,0.03608012944459915,0.04153362661600113,0.03608012944459915,0.03825642168521881,0.03824051097035408,0.03608012944459915,0.03608012944459915,0.03608012944459915,0.03608012944459915,0.03608012944459915,0.03608012944459915,0.03608012944459915
2015-12-04,0.035091813653707504,0.044616829603910446,0.035091813653707504,0.035091813653707504,0.035091813653707504,0.035091813653707504,0.035091813653707504,0.03881318122148514,0.03840378299355507,0.041440315544605255,0.035091813653707504,0.040252119302749634,0.04034360125660896,0.035091813653707504,0.035091813653707504,0.035091813653707504,0.03886475786566734,0.035091813653707504,0.03990403562784195,0.03826728090643883,0.03835749626159668,0.035091813653707504,0.035091813653707504,0.035091813653707504,0.035091813653707504,0.037436142563819885,0.03692330792546272
2015-12-07,0.037395283579826355,0.0438540056347847,0.035825151950120926,0.035825151950120926,0.0369764007627964,0.035825151950120926,0.035825151950120926,0.035825151950120926,0.039221931248903275,0.03741179034113884,0.035825151950120926,0.040322210639715195,0.0376446507871151,0.03671692684292793,0.035825151950120926,0.035825151950120926,0.038462668657302856,0.035825151950120926,0.039173636585474014,0.03762445226311684,0.035825151950120926,0.035825151950120926,0.035825151950120926,0.035825151950120926,0.035825151950120926,0.03686608001589775,0.036777861416339874
2015-12-08,0.03565393388271332,0.043444689363241196,0.03565393388271332,0.03565393388271332,0.03565393388271332,0.03565393388271332,0.03565393388271332,0.03565393388271332,0.03944162651896477,0.03801604360342026,0.03565393388271332,0.037930842489004135,0.03565393388271332,0.041176460683345795,0.03565393388271332,0.03565393388271332,0.040734920650720596,0.03565393388271332,0.0374901257455349,0.04106922447681427,0.03565393388271332,0.03565393388271332,0.03567848727107048,0.03565393388271332,0.03565393388271332,0.038900766521692276,0.03565393388271332
2015-12-09,0.03480501472949982,0.04190255329012871,0.03480501472949982,0.03480501472949982,0.03480501472949982,0.03480501472949982,0.03480501472949982,0.03480501472949982,0.03489747643470764,0.03960008919239044,0.036394596099853516,0.04109242931008339,0.03937064856290817,0.03933198004961014,0.03480501472949982,0.03480501472949982,0.04086553305387497,0.03480501472949982,0.03650662302970886,0.04349125176668167,0.03480501472949982,0.037837833166122437,0.03480501472949982,0.0356912836432457,0.04009212180972099,0.040460292249917984,0.03480501472949982
2015-12-10,0.034633517265319824,0.0392129085958004,0.034633517265319824,0.034633517265319824,0.034633517265319824,0.034633517265319824,0.034633517265319824,0.03693608194589615,0.034633517265319824,0.03957851231098175,0.03767642006278038,0.03819073736667633,0.04435616731643677,0.03994642570614815,0.034633517265319824,0.034633517265319824,0.04164384305477142,0.034633517265319824,0.036770861595869064,0.040464792400598526,0.03659869357943535,0.034633517265319824,0.034633517265319824,0.035465169697999954,0.04008946195244789,0.042834214866161346,0.034633517265319824
2015-12-11,0.03566891327500343,0.04638921096920967,0.03566891327500343,0.03566891327500343,0.03566891327500343,0.03566891327500343,0.03566891327500343,0.03566891327500343,0.0359133742749691,0.04147842526435852,0.03566891327500343,0.040694233030080795,0.036906979978084564,0.0400485098361969,0.03566891327500343,0.03566891327500343,0.03694168105721474,0.03566891327500343,0.03566891327500343,0.03747929632663727,0.03566891327500343,0.03723127767443657,0.03566891327500343,0.03616604208946228,0.03566891327500343,0.038928914815187454,0.036788392812013626
2015-12-14,0.03489825502038002,0.045362357050180435,0.03489825502038002,0.03489825502038002,0.03489825502038002,0.03489825502038002,0.03489825502038002,0.03489825502038002,0.03489825502038002,0.04223116487264633,0.03489825502038002,0.03816501423716545,0.041608162224292755,0.04037655517458916,0.03816712647676468,0.03489825502038002,0.04099290445446968,0.03489825502038002,0.03489825502038002,0.03489825502038002,0.03865419700741768,0.03553853556513786,0.03489825502038002,0.035148344933986664,0.03489825502038002,0.041264329105615616,0.0390174426138401
2015-12-15,0.03521329537034035,0.040820930153131485,0.03521329537034035,0.03521329537034035,0.03521329537034035,0.03521329537034035,0.03521329537034035,0.03521329537034035,0.03521329537034035,0.04172741249203682,0.038266319781541824,0.03827933222055435,0.04027703404426575,0.041517555713653564,0.03521329537034035,0.03521329537034035,0.039476893842220306,0.03521329537034035,0.03591079264879227,0.03706641495227814,0.037426989525556564,0.03521329537034035,0.03521329537034035,0.03569639101624489,0.035457078367471695,0.043003007769584656,0.037301018834114075
2015-12-16,0.03512343764305115,0.04950987920165062,0.037616655230522156,0.03512343764305115,0.03512343764305115,0.03512343764305115,0.03512343764305115,0.03512343764305115,0.03536088764667511,0.04346291720867157,0.03512343764305115,0.03923950344324112,0.03512343764305115,0.04191925749182701,0.03512343764305115,0.03637101128697395,0.03512343764305115,0.03512343764305115,0.03512343764305115,0.03739365562796593,0.03512343764305115,0.03768552094697952,0.04040832445025444,0.03512343764305115,0.03512343764305115,0.037997350096702576,0.03618349879980087
2015-12-17,0.035819537937641144,0.04737403616309166,0.035819537937641144,0.035819537937641144,0.03792206943035126,0.035819537937641144,0.035819537937641144,0.035819537937641144,0.036887552589178085,0.03750889003276825,0.035819537937641144,0.04115498065948486,0.035819537937641144,0.04063142091035843,0.035819537937641144,0.035819537937641144,0.035819537937641144,0.035819537937641144,0.035819537937641144,0.037001289427280426,0.035819537937641144,0.035819537937641144,0.03800942376255989,0.035819537937641144,0.035819537937641144,0.03875868022441864,0.035819537937641144
2015-12-18,0.035734035074710846,0.048446010798215866,0.035734035074710846,0.035734035074710846,0.035734035074710846,0.035734035074710846,0.035734035074710846,0.035734035074710846,0.037327490746974945,0.039686523377895355,0.035734035074710846,0.037766292691230774,0.035734035074710846,0.04304904118180275,0.035734035074710846,0.035734035074710846,0.035734035074710846,0.035734035074710846,0.035734035074710846,0.03734976425766945,0.035734035074710846,0.035734035074710846,0.04017195105552673,0.035734035074710846,0.035734035074710846,0.036103490740060806,0.03688671812415123
2015-12-21,0.03552171587944031,0.04415414109826088,0.03552171587944031,0.03552171587944031,0.03752700239419937,0.03552171587944031,0.03552171587944031,0.03552171587944031,0.03552171587944031,0.03980531170964241,0.03552171587944031,0.04045582935214043,0.035797540098428726,0.04028800502419472,0.03552171587944031,0.036105137318372726,0.036007512360811234,0.03552171587944031,0.03552171587944031,0.03552171587944031,0.03552171587944031,0.0399213507771492,0.03552171587944031,0.03552171587944031,0.03673572838306427,0.0439240001142025,0.03645270690321922
2015-12-22,0.034899622201919556,0.04200370982289314,0.034899622201919556,0.034899622201919556,0.034899622201919556,0.034899622201919556,0.034899622201919556,0.034899622201919556,0.034899622201919556,0.040791451930999756,0.03952151536941528,0.0408671535551548,0.03860069438815117,0.040429048240184784,0.034899622201919556,0.034899622201919556,0.03648819401860237,0.03532518073916435,0.0365055650472641,0.03648677468299866,0.03586460277438164,0.0402289442718029,0.034899622201919556,0.03684748336672783,0.034899622201919556,0.04634462669491768,0.034899622201919556
2015-12-23,0.035225361585617065,0.041916437447071075,0.03735882416367531,0.035225361585617065,0.03637455403804779,0.035225361585617065,0.035225361585617065,0.035225361585617065,0.035225361585617065,0.03790150582790375,0.035225361585617065,0.041871096938848495,0.035225361585617065,0.04406129941344261,0.035225361585617065,0.03576172515749931,0.03566994145512581,0.035225361585617065,0.0363897979259491,0.035225361585617065,0.035225361585617065,0.03800702095031738,0.04228813573718071,0.035225361585617065,0.035871125757694244,0.043373577296733856,0.035225361585617065
2015-12-24,0.03550507500767708,0.0419260635972023,0.03550507500767708,0.03550507500767708,0.03860669210553169,0.03550507500767708,0.03550507500767708,0.03550507500767708,0.03550507500767708,0.03641660511493683,0.03550507500767708,0.03908277302980423,0.03550507500767708,0.04544153809547424,0.03550507500767708,0.03558647632598877,0.03550507500767708,0.03550507500767708,0.03550507500767708,0.03550507500767708,0.03550507500767708,0.03550507500767708,0.04431610926985741,0.03550507500767708,0.03730122745037079,0.04223119840025902,0.03550507500767708
2015-12-28,0.03559478744864464,0.04180118814110756,0.03559478744864464,0.03559478744864464,0.03827977925539017,0.03559478744864464,0.03559478744864464,0.03559478744864464,0.03559478744864464,0.03581630438566208,0.03559478744864464,0.039445456117391586,0.03559478744864464,0.04571768641471863,0.03559478744864464,0.03615148738026619,0.03559478744864464,0.03559478744864464,0.03559478744864464,0.03559478744864464,0.03559478744864464,0.03559478744864464,0.043375466018915176,0.03559478744864464,0.03736889734864235,0.041337545961141586,0.03559478744864464
2015-12-29,0.03589525446295738,0.04192809760570526,0.03589525446295738,0.03589525446295738,0.039040520787239075,0.03589525446295738,0.03589525446295738,0.03589525446295738,0.03589525446295738,0.03596017137169838,0.03589525446295738,0.03893560543656349,0.03589525446295738,0.04155885800719261,0.03589525446295738,0.03612426668405533,0.035926274955272675,0.03589525446295738,0.03589525446295738,0.03589525446295738,0.03589525446295738,0.037443675100803375,0.039824411273002625,0.03596268594264984,0.03721077740192413,0.04165572673082352,0.03589525446295738
2015-12-30,0.035702284425497055,0.04192885756492615,0.038169778883457184,0.035702284425497055,0.038303930312395096,0.035702284425497055,0.035702284425497055,0.035702284425497055,0.035702284425497055,0.035702284425497055,0.035702284425497055,0.03729899972677231,0.035702284425497055,0.04568466544151306,0.035702284425497055,0.035702284425497055,0.035702284425497055,0.035702284425497055,0.035702284425497055,0.035702284425497055,0.035702284425497055,0.03646410256624222,0.04433581233024597,0.035702284425497055,0.03573258966207504,0.03944021090865135,0.035702284425497055
2015-12-31,0.035810377448797226,0.04259013757109642,0.035810377448797226,0.035810377448797226,0.0380716547369957,0.035810377448797226,0.035810377448797226,0.035810377448797226,0.035810377448797226,0.035810377448797226,0.035810377448797226,0.03766169026494026,0.035810377448797226,0.04671197384595871,0.035810377448797226,0.035810377448797226,0.035810377448797226,0.035810377448797226,0.035810377448797226,0.035810377448797226,0.035810377448797226,0.03735717386007309,0.041561100631952286,0.035810377448797226,0.035810377448797226,0.039838649332523346,0.035810377448797226
2016-01-04,0.037037037037037035,0.037037037037037035,0.037037037037037035,0.037037037037037035,0.037037037037037035,0.037037037037037035,0.037037037037037035,0.037037037037037035,0.037037037037037035,0.037037037037037035,0.037037037037037035,0.037037037037037035,0.037037037037037035,0.037037037037037035,0.037037037037037035,0.037037037037037035,0.037037037037037035,0.037037037037037035,0.037037037037037035,0.037037037037037035,0.037037037037037035,0.037037037037037035,0.037037037037037035,0.037037037037037035,0.037037037037037035,0.037037037037037035,0.037037037037037035
2016-01-05,0.03792209178209305,0.046573199331760406,0.03537049517035484,0.03537049517035484,0.04708489403128624,0.03537049517035484,0.03537049517035484,0.03537049517035484,0.03537049517035484,0.03537049517035484,0.03537049517035484,0.037752415984869,0.038354989141225815,0.03537049517035484,0.03913354501128197,0.03808588907122612,0.038023173809051514,0.03537049517035484,0.03537049517035484,0.03537049517035484,0.03537049517035484,0.03537049517035484,0.03537049517035484,0.03537049517035484,0.039199814200401306,0.03537049517035484,0.036571551114320755
2016-01-06,0.037690985947847366,0.048954736441373825,0.03521601855754852,0.03521601855754852,0.04386036470532417,0.03521601855754852,0.03630659729242325,0.03521601855754852,0.03521601855754852,0.035875994712114334,0.0353168323636055,0.04182266443967819,0.03727825731039047,0.03521601855754852,0.03984969109296799,0.03800279274582863,0.04036160930991173,0.03521601855754852,0.03536919876933098,0.03521601855754852,0.03521601855754852,0.03521601855754852,0.03521601855754852,0.03521601855754852,0.03628602996468544,0.03521601855754852,0.03521601855754852
2016-01-07,0.035392485558986664,0.049006376415491104,0.035392485558986664,0.035392485558986664,0.04618185758590698,0.035392485558986664,0.035392485558986664,0.035392485558986664,0.035392485558986664,0.035392485558986664,0.035392485558986664,0.03935065120458603,0.03952933847904205,0.035392485558986664,0.03756098821759224,0.038600049912929535,0.03911600634455681,0.035392485558986664,0.035392485558986664,0.035392485558986664,0.035392485558986664,0.035392485558986664,0.035392485558986664,0.035392485558986664,0.03819746896624565,0.035392485558986664,0.035392485558986664
2016-01-08,0.03567716106772423,0.04500626027584076,0.03567716106772423,0.03567716106772423,0.04489671066403389,0.03567716106772423,0.038914334028959274,0.03567716106772423,0.03567716106772423,0.03567716106772423,0.03567716106772423,0.03588014468550682,0.037208691239356995,0.03567716106772423,0.041221607476472855,0.040317051112651825,0.03805483877658844,0.03567716106772423,0.03567716106772423,0.03631151095032692,0.03567716106772423,0.03567716106772423,0.03567716106772423,0.03567716106772423,0.03567716106772423,0.03567716106772423,0.03567716106772423
2016-01-11,0.03563171997666359,0.0449964813888073,0.03563171997666359,0.03563171997666359,0.045279115438461304,0.03563171997666359,0.03856430947780609,0.03563171997666359,0.03563171997666359,0.03563171997666359,0.03563171997666359,0.03577708080410957,0.03732886537909508,0.03563171997666359,0.041589632630348206,0.04051320627331734,0.03738899901509285,0.03563171997666359,0.03563171997666359,0.03668554499745369,0.03563171997666359,0.03563171997666359,0.03563171997666359,0.03563171997666359,0.036137547343969345,0.03563171997666359,0.03563171997666359
2016-01-12,0.035474181175231934,0.04632316529750824,0.035474181175231934,0.035474181175231934,0.04637611657381058,0.035474181175231934,0.035474181175231934,0.035474181175231934,0.037518929690122604,0.035474181175231934,0.035474181175231934,0.03616443648934364,0.037502534687519073,0.035474181175231934,0.04091925919055939,0.03853457048535347,0.035474181175231934,0.035474181175231934,0.036604903638362885,0.037330951541662216,0.035474181175231934,0.035474181175231934,0.035474181175231934,0.035474181175231934,0.0394614152610302,0.035474181175231934,0.03567683324217796
2016-01-13,0.035159915685653687,0.04608388617634773,0.035159915685653687,0.035159915685653687,0.046477269381284714,0.035159915685653687,0.035159915685653687,0.035159915685653687,0.035159915685653687,0.035159915685653687,0.035159915685653687,0.03531433269381523,0.03738914802670479,0.035159915685653687,0.041260652244091034,0.039561305195093155,0.03584376722574234,0.035159915685653687,0.037645526230335236,0.03775198757648468,0.035159915685653687,0.035159915685653687,0.035159915685653687,0.035159915685653687,0.043069809675216675,0.035159915685653687,0.03704363852739334
2016-01-14,0.03539328649640083,0.0437554232776165,0.03539328649640083,0.03539328649640083,0.046048253774642944,0.03539328649640083,0.03539328649640083,0.03539328649640083,0.03539328649640083,0.03539328649640083,0.03539328649640083,0.03539328649640083,0.0369793064892292,0.03539328649640083,0.04281383752822876,0.04036623612046242,0.03539328649640083,0.03539328649640083,0.03796731308102608,0.03812357783317566,0.03539328649640083,0.03539328649640083,0.03539328649640083,0.03568278253078461,0.039131563156843185,0.03539328649640083,0.0374457873404026
2016-01-15,0.035353656858205795,0.047621916979551315,0.035353656858205795,0.035353656858205795,0.04548180103302002,0.035353656858205795,0.035353656858205795,0.035353656858205795,0.03536483645439148,0.035353656858205795,0.035353656858205795,0.035353656858205795,0.035353656858205795,0.035353656858205795,0.04283422604203224,0.036672767251729965,0.035353656858205795,0.035353656858205795,0.03944840654730797,0.038846299052238464,0.035353656858205795,0.035353656858205795,0.035353656858205795,0.035353656858205795,0.04099785163998604,0.035353656858205795,0.0363660603761673
2016-01-19,0.035410698503255844,0.046290118247270584,0.035410698503255844,0.035410698503255844,0.04548860341310501,0.035410698503255844,0.035410698503255844,0.035410698503255844,0.03625519573688507,0.035410698503255844,0.035410698503255844,0.036374788731336594,0.038514960557222366,0.035410698503255844,0.04147138074040413,0.040051937103271484,0.035410698503255844,0.035410698503255844,0.03654676675796509,0.036470986902713776,0.035410698503255844,0.035410698503255844,0.035410698503255844,0.035410698503255844,0.039957400411367416,0.035410698503255844,0.036006733775138855
2016-01-20,0.035179466009140015,0.047267619520425797,0.035179466009140015,0.035179466009140015,0.04516944661736488,0.035179466009140015,0.035830672830343246,0.035179466009140015,0.035179466009140015,0.035179466009140015,0.035179466009140015,0.03708358481526375,0.03886870667338371,0.035179466009140015,0.04164707288146019,0.04128380864858627,0.036925289779901505,0.035179466009140015,0.03636036068201065,0.03541593253612518,0.035179466009140015,0.035179466009140015,0.035179466009140015,0.035179466009140015,0.041276078671216965,0.035179466009140015,0.035179466009140015
2016-01-21,0.035318147391080856,0.04246998205780983,0.035318147391080856,0.035318147391080856,0.04916387423872948,0.035318147391080856,0.03805282711982727,0.035318147391080856,0.035318147391080856,0.035318147391080856,0.03601716086268425,0.035318147391080856,0.03913627937436104,0.035318147391080856,0.038917701691389084,0.04044806584715843,0.03634285926818848,0.035318147391080856,0.03559565171599388,0.036607127636671066,0.035318147391080856,0.035318147391080856,0.035318147391080856,0.035318147391080856,0.04215818643569946,0.035318147391080856,0.035318147391080856
2016-01-22,0.03521309047937393,0.04750334843993187,0.03521309047937393,0.03521309047937393,0.04500037431716919,0.03521309047937393,0.03532189503312111,0.03521309047937393,0.03521309047937393,0.03521309047937393,0.03521309047937393,0.03714412450790405,0.039151132106781006,0.03521309047937393,0.04134731739759445,0.04135991260409355,0.03690125048160553,0.03521309047937393,0.036402612924575806,0.035388536751270294,0.03521309047937393,0.03521309047937393,0.03521309047937393,0.03521309047937393,0.04107004776597023,0.03521309047937393,0.03521309047937393
2016-01-25,0.036292802542448044,0.0467202290892601,0.03569069132208824,0.0356014184653759,0.04347240924835205,0.0356014184653759,0.035672616213560104,0.0356014184653759,0.0356014184653759,0.0356014184653759,0.0356014184653759,0.03741849213838577,0.03721010312438011,0.0356014184653759,0.04074038937687874,0.036247652024030685,0.037589702755212784,0.0356014184653759,0.03622555732727051,0.0356014184653759,0.0356014184653759,0.0356014184653759,0.0356014184653759,0.0356014184653759,0.04124096781015396,0.03705860301852226,0.0356014184653759
2016-01-26,0.03579741716384888,0.04366862773895264,0.03757859021425247,0.03579741716384888,0.04605096951127052,0.03579741716384888,0.03579741716384888,0.03579741716384888,0.03579741716384888,0.03579741716384888,0.0380181185901165,0.04130495712161064,0.03579741716384888,0.03579741716384888,0.03850880265235901,0.03579741716384888,0.03787149488925934,0.03579741716384888,0.03579741716384888,0.03579741716384888,0.03579741716384888,0.03579741716384888,0.03579741716384888,0.03579741716384888,0.03684750944375992,0.03579741716384888,0.03579741716384888
2016-01-27,0.03534562140703201,0.04591182619333267,0.03570229932665825,0.03631424531340599,0.043065737932920456,0.03534562140703201,0.03534562140703201,0.036186762154102325,0.03534562140703201,0.03534562140703201,0.03795561566948891,0.0414251871407032,0.03534562140703201,0.03534562140703201,0.04433109611272812,0.03727325424551964,0.03780040517449379,0.03534562140703201,0.03534562140703201,0.03534562140703201,0.03534562140703201,0.03534562140703201,0.03534562140703201,0.03534562140703201,0.03850360959768295,0.03534562140703201,0.03534562140703201
2016-01-28,0.03529846668243408,0.04826207458972931,0.0370195247232914,0.03529846668243408,0.044206615537405014,0.03529846668243408,0.03575857728719711,0.03529846668243408,0.03529846668243408,0.03529846668243408,0.037858810275793076,0.0403740368783474,0.03529846668243408,0.03529846668243408,0.043588392436504364,0.0380118228495121,0.03631389141082764,0.03529846668243408,0.03529846668243408,0.03529846668243408,0.03529846668243408,0.03529846668243408,0.03529846668243408,0.03529846668243408,0.038532327860593796,0.03529846668243408,0.03529846668243408
2016-01-29,0.03532176464796066,0.043595705181360245,0.03755680471658707,0.03890104591846466,0.040509361773729324,0.03532176464796066,0.03532176464796066,0.035619862377643585,0.03532176464796066,0.03588035702705383,0.03553462773561478,0.036283157765865326,0.03532176464796066,0.03532176464796066,0.04988900572061539,0.040700316429138184,0.03559136390686035,0.03532176464796066,0.03746643662452698,0.03532176464796066,0.03532176464796066,0.03532176464796066,0.03532176464796066,0.03532176464796066,0.037967272102832794,0.03532176464796066,0.03532176464796066
2016-02-01,0.035251010209321976,0.04184592515230179,0.03810575604438782,0.03865889832377434,0.0358918271958828,0.0351620577275753,0.03656470775604248,0.037235647439956665,0.0351620577275753,0.036929357796907425,0.0351620577275753,0.0351620577275753,0.0351620577275753,0.0351620577275753,0.04933924600481987,0.03963576629757881,0.0351620577275753,0.0351620577275753,0.03885531425476074,0.0351620577275753,0.0351620577275753,0.0351620577275753,0.0351620577275753,0.03536297380924225,0.03805483505129814,0.041162025183439255,0.0351620577275753
2016-02-02,0.03635590150952339,0.040781401097774506,0.03869552165269852,0.03882431238889694,0.03574800118803978,0.03512340784072876,0.03711941838264465,0.03765684738755226,0.03512340784072876,0.0380089245736599,0.03512340784072876,0.03512340784072876,0.03512340784072876,0.03512340784072876,0.04726735129952431,0.03951004147529602,0.03512340784072876,0.03512340784072876,0.03892996162176132,0.03512340784072876,0.03512340784072876,0.03512340784072876,0.03512340784072876,0.03512340784072876,0.038012366741895676,0.04136214777827263,0.03512340784072876
2016-02-03,0.0348077267408371,0.0443483367562294,0.0358533039689064,0.03511858358979225,0.03916526585817337,0.0348077267408371,0.04117250815033913,0.0348077267408371,0.0348077267408371,0.03927769139409065,0.0348077267408371,0.0348077267408371,0.0348077267408371,0.0348077267408371,0.045897699892520905,0.04236200451850891,0.0348077267408371,0.0348077267408371,0.03821051865816116,0.036045707762241364,0.0348077267408371,0.0348077267408371,0.0348077267408371,0.0348077267408371,0.0393981896340847,0.04103430360555649,0.0348077267408371
2016-02-04,0.035444896668195724,0.044685255736112595,0.037065137177705765,0.03845818340778351,0.037935514003038406,0.035444896668195724,0.03763185441493988,0.035444896668195724,0.035444896668195724,0.0370749793946743,0.035444896668195724,0.035444896668195724,0.035444896668195724,0.035444896668195724,0.045617491006851196,0.03971579670906067,0.035444896668195724,0.035444896668195724,0.04004296287894249,0.03610532730817795,0.035444896668195724,0.035444896668195724,0.035444896668195724,0.035444896668195724,0.03821336477994919,0.03578067198395729,0.035444896668195724
2016-02-05,0.03530983254313469,0.044089823961257935,0.03530983254313469,0.03885017707943916,0.04144890606403351,0.03530983254313469,0.03565003350377083,0.03530983254313469,0.03530983254313469,0.03607310727238655,0.03530983254313469,0.03530983254313469,0.03530983254313469,0.03530983254313469,0.04742123931646347,0.040440112352371216,0.03530983254313469,0.03530983254313469,0.037902455776929855,0.03742608800530434,0.03530983254313469,0.03530983254313469,0.03530983254313469,0.03608184680342674,0.039658889174461365,0.03530983254313469,0.03530983254313469
2016-02-08,0.03511735424399376,0.047273147851228714,0.03511735424399376,0.03751884028315544,0.040497422218322754,0.03511735424399376,0.03732891380786896,0.03511735424399376,0.03511735424399376,0.03742597624659538,0.03511735424399376,0.03511735424399376,0.03511735424399376,0.03511735424399376,0.04629987105727196,0.04136815667152405,0.03511735424399376,0.03511735424399376,0.03904988244175911,0.03711695224046707,0.03511735424399376,0.03511735424399376,0.03511735424399376,0.03511735424399376,0.039125826209783554,0.03511735424399376,0.03511735424399376
2016-02-09,0.03519756346940994,0.04640685021877289,0.03519756346940994,0.036852773278951645,0.04398557171225548,0.03519756346940994,0.03594185411930084,0.03519756346940994,0.03519756346940994,0.036158520728349686,0.03519756346940994,0.03519756346940994,0.03519756346940994,0.03519756346940994,0.04366689547896385,0.03918558731675148,0.03519756346940994,0.03519756346940994,0.04033829644322395,0.03887329250574112,0.03519756346940994,0.03519756346940994,0.03519756346940994,0.03519756346940994,0.04023181274533272,0.03519756346940994,0.03519756346940994
2016-02-10,0.035160522907972336,0.048019204288721085,0.035160522907972336,0.0374821200966835,0.040296632796525955,0.035160522907972336,0.03640406206250191,0.035160522907972336,0.035160522907972336,0.03789035603404045,0.035160522907972336,0.035160522907972336,0.035160522907972336,0.035160522907972336,0.04676191881299019,0.04181210324168205,0.035160522907972336,0.035160522907972336,0.039151743054389954,0.0369408056139946,0.035160522907972336,0.035160522907972336,0.035160522907972336,0.035160522907972336,0.03751209005713463,0.035160522907972336,0.035160522907972336
2016-02-11,0.035072166472673416,0.047394510358572006,0.035072166472673416,0.037536829710006714,0.04038328304886818,0.035072166472673416,0.037539396435022354,0.035072166472673416,0.035072166472673416,0.03771142289042473,0.035072166472673416,0.035072166472673416,0.035072166472673416,0.035072166472673416,0.04629739746451378,0.04146774485707283,0.035072166472673416,0.035072166472673416,0.038972873240709305,0.0371553897857666,0.035072166472673416,0.035072166472673416,0.035072166472673416,0.035072166472673416,0.03931432589888573,0.035072166472673416,0.035072166472673416
2016-02-12,0.035057466477155685,0.047871194779872894,0.035057466477155685,0.03507601097226143,0.0437740720808506,0.035057466477155685,0.03710463270545006,0.035057466477155685,0.035057466477155685,0.03796158358454704,0.035057466477155685,0.035057466477155685,0.035057466477155685,0.035057466477155685,0.04631193354725838,0.04146407172083855,0.035057466477155685,0.035057466477155685,0.03728244826197624,0.036190543323755264,0.035057466477155685,0.035057466477155685,0.035057466477155685,0.03620968014001846,0.039834391325712204,0.035057466477155685,0.035057466477155685
2016-02-16,0.03476713225245476,0.0507892407476902,0.036460991948843,0.040264517068862915,0.03769166022539139,0.03476713225245476,0.03632579371333122,0.03476713225245476,0.03476713225245476,0.03967830166220665,0.03476713225245476,0.03514287993311882,0.03476713225245476,0.03621656447649002,0.05090423673391342,0.04217543825507164,0.03559252247214317,0.03476713225245476,0.035855982452631,0.03476713225245476,0.03476713225245476,0.03476713225245476,0.03476713225245476,0.03476713225245476,0.03616202250123024,0.03476713225245476,0.03476713225245476
2016-02-17,0.0343957282602787,0.04822571203112602,0.03912430256605148,0.038782715797424316,0.04033462703227997,0.0343957282602787,0.040250033140182495,0.0343957282602787,0.0343957282602787,0.04362952336668968,0.03560636192560196,0.0358111597597599,0.0343957282602787,0.03599714860320091,0.04612823203206062,0.0416199266910553,0.03760910779237747,0.0343957282602787,0.0343957282602787,0.0343957282602787,0.035340942442417145,0.0343957282602787,0.0343957282602787,0.0343957282602787,0.0343957282602787,0.0343957282602787,0.0343957282602787
2016-02-18,0.034322332590818405,0.04570695385336876,0.0398721918463707,0.04096820205450058,0.03472347557544708,0.034322332590818405,0.04000920429825783,0.034322332590818405,0.034322332590818405,0.04604530707001686,0.036044005304574966,0.037503328174352646,0.034322332590818405,0.03724001720547676,0.04611969366669655,0.040545664727687836,0.035449374467134476,0.034322332590818405,0.036254581063985825,0.034322332590818405,0.034961409866809845,0.034322332590818405,0.034322332590818405,0.034322332590818405,0.034322332590818405,0.03526781499385834,0.03574309125542641
2016-02-19,0.034810274839401245,0.0465162992477417,0.037488263100385666,0.04187128692865372,0.034810274839401245,0.034810274839401245,0.03848832845687866,0.034810274839401245,0.034810274839401245,0.04085152596235275,0.038394007831811905,0.036974549293518066,0.034810274839401245,0.04146333411335945,0.045313797891139984,0.03936883062124252,0.034810274839401245,0.034810274839401245,0.035524193197488785,0.034810274839401245,0.034810274839401245,0.034810274839401245,0.034810274839401245,0.034810274839401245,0.034810274839401245,0.03559152036905289,0.034810274839401245
2016-02-22,0.034958478063344955,0.04332935810089111,0.03643394261598587,0.040738463401794434,0.036524698138237,0.034958478063344955,0.03939702361822128,0.034958478063344955,0.034958478063344955,0.0461059994995594,0.03749728947877884,0.03814937174320221,0.034958478063344955,0.03690152242779732,0.04022008180618286,0.039449796080589294,0.034958478063344955,0.034958478063344955,0.04049675911664963,0.03533696383237839,0.034958478063344955,0.034958478063344955,0.034958478063344955,0.034958478063344955,0.034958478063344955,0.034958478063344955,0.034958478063344955
2016-02-23,0.034784309566020966,0.04070119932293892,0.037403471767902374,0.04129664599895477,0.03513680025935173,0.034784309566020966,0.038613174110651016,0.03480183705687523,0.034784309566020966,0.04381323233246803,0.0382036454975605,0.041015248745679855,0.034784309566020966,0.038737595081329346,0.0400194376707077,0.039852987974882126,0.034784309566020966,0.034784309566020966,0.03935307636857033,0.03595639765262604,0.034784309566020966,0.034784309566020966,0.034784309566020966,0.034784309566020966,0.034784309566020966,0.03754624351859093,0.03492164611816406
2016-02-24,0.03435349836945534,0.04533996060490608,0.03668477013707161,0.03807573765516281,0.037115082144737244,0.03435349836945534,0.04642296954989433,0.03435349836945534,0.03435349836945534,0.045468706637620926,0.03435349836945534,0.03766804561018944,0.03435349836945534,0.03738616034388542,0.03878885880112648,0.040404144674539566,0.03435349836945534,0.03435349836945534,0.03977464511990547,0.03628624603152275,0.03435349836945534,0.03435349836945534,0.03435349836945534,0.03435349836945534,0.03435349836945534,0.03963569551706314,0.03435349836945534
2016-02-25,0.034084051847457886,0.04530258849263191,0.03728625923395157,0.0362098291516304,0.03702956810593605,0.034084051847457886,0.04738114774227142,0.034084051847457886,0.034084051847457886,0.04578898102045059,0.034084051847457886,0.036736860871315,0.034084051847457886,0.03712121397256851,0.04281613603234291,0.04223993048071861,0.034084051847457886,0.034084051847457886,0.03973884508013725,0.03696480020880699,0.034084051847457886,0.034084051847457886,0.034084051847457886,0.034084051847457886,0.034084051847457886,0.038207102566957474,0.034084051847457886
2016-02-26,0.03413611650466919,0.04278463497757912,0.036993540823459625,0.03762046620249748,0.036207202821969986,0.03413611650466919,0.047180041670799255,0.03507519140839577,0.03413611650466919,0.048081375658512115,0.03413611650466919,0.03678949549794197,0.03413611650466919,0.0377451591193676,0.04181618243455887,0.0407414510846138,0.03413611650466919,0.03413611650466919,0.04030480235815048,0.03621046990156174,0.03413611650466919,0.03413611650466919,0.03413611650466919,0.03413611650466919,0.03413611650466919,0.03868045285344124,0.03413611650466919
2016-02-29,0.035061292350292206,0.04353414475917816,0.035551320761442184,0.040652722120285034,0.035061292350292206,0.035061292350292206,0.040875136852264404,0.035061292350292206,0.035061292350292206,0.04192857816815376,0.03619556501507759,0.03916361182928085,0.035061292350292206,0.035061292350292206,0.03739970177412033,0.04039786383509636,0.0359540618956089,0.035061292350292206,0.0418013371527195,0.03688345476984978,0.035061292350292206,0.035061292350292206,0.035061292350292206,0.035061292350292206,0.035061292350292206,0.03880443796515465,0.035061292350292206
2016-03-01,0.03528117015957832,0.04534619674086571,0.035358887165784836,0.03842858970165253,0.037919268012046814,0.03528117015957832,0.04023450240492821,0.03528117015957832,0.03528117015957832,0.04026804864406586,0.03528117015957832,0.03596799448132515,0.03528117015957832,0.03528117015957832,0.03716663643717766,0.04175644367933273,0.03712443262338638,0.03528117015957832,0.0410475917160511,0.03896736353635788,0.03528117015957832,0.03528117015957832,0.03528117015957832,0.03528117015957832,0.03580710291862488,0.03595171123743057,0.03528117015957832
2016-03-02,0.035446349531412125,0.035446349531412125,0.035446349531412125,0.04638255387544632,0.035446349531412125,0.035446349531412125,0.03765392675995827,0.03873220086097717,0.035446349531412125,0.03720799833536148,0.035446349531412125,0.035446349531412125,0.035446349531412125,0.035446349531412125,0.03820072114467621,0.03771604597568512,0.035446349531412125,0.035446349531412125,0.04283590987324715,0.035446349531412125,0.035446349531412125,0.035446349531412125,0.035446349531412125,0.03933671861886978,0.035446349531412125,0.04294658452272415,0.03639944642782211
2016-03-03,0.0357566699385643,0.03531816229224205,0.03531816229224205,0.047600697726011276,0.03531816229224205,0.03531816229224205,0.035556014627218246,0.03887426108121872,0.03531816229224205,0.03641669452190399,0.03531816229224205,0.03531816229224205,0.03531816229224205,0.03531816229224205,0.04064834490418434,0.03531816229224205,0.03531816229224205,0.03531816229224205,0.045752573758363724,0.03531816229224205,0.03531816229224205,0.03531816229224205,0.03531816229224205,0.04090937599539757,0.036751776933670044,0.038570500910282135,0.038072481751441956
2016-03-04,0.03651231527328491,0.035363346338272095,0.035363346338272095,0.04743474721908569,0.035363346338272095,0.035363346338272095,0.03631642088294029,0.03915968909859657,0.035363346338272095,0.036167703568935394,0.035363346338272095,0.035363346338272095,0.035363346338272095,0.035363346338272095,0.040936488658189774,0.035363346338272095,0.035363346338272095,0.035363346338272095,0.04568737745285034,0.035363346338272095,0.035363346338272095,0.035363346338272095,0.035363346338272095,0.04042169451713562,0.03618933632969856,0.03736789524555206,0.03799281641840935
2016-03-07,0.03752681985497475,0.03518934175372124,0.035611342638731,0.04756885766983032,0.03518934175372124,0.03518934175372124,0.03672783449292183,0.0384792685508728,0.03518934175372124,0.0369284525513649,0.03518934175372124,0.03518934175372124,0.03518934175372124,0.03518934175372124,0.03981314226984978,0.03518934175372124,0.03518934175372124,0.03518934175372124,0.046731166541576385,0.03518934175372124,0.03518934175372124,0.03518934175372124,0.03518934175372124,0.03865344077348709,0.035679157823324203,0.03990621864795685,0.03853411599993706
2016-03-08,0.03589596599340439,0.036791715770959854,0.03506956622004509,0.04711209610104561,0.03506956622004509,0.03506956622004509,0.03952828422188759,0.035605285316705704,0.03506956622004509,0.03790014982223511,0.03506956622004509,0.03506956622004509,0.03506956622004509,0.03506956622004509,0.04060985520482063,0.0373845174908638,0.03506956622004509,0.03506956622004509,0.04415857419371605,0.03591376915574074,0.03506956622004509,0.03506956622004509,0.03506956622004509,0.038388319313526154,0.03839682415127754,0.03904110938310623,0.03736923262476921
2016-03-09,0.037365686148405075,0.040824394673109055,0.035187575966119766,0.04541260749101639,0.035158220678567886,0.035158220678567886,0.04007052630186081,0.035158220678567886,0.035158220678567886,0.036862779408693314,0.035158220678567886,0.035158220678567886,0.035158220678567886,0.035158220678567886,0.041045136749744415,0.03622046858072281,0.035158220678567886,0.035158220678567886,0.044880419969558716,0.03589446470141411,0.035158220678567886,0.035158220678567886,0.035158220678567886,0.03518477454781532,0.038683343678712845,0.04015272483229637,0.035158220678567886
2016-03-10,0.035009998828172684,0.040568757802248,0.03658884018659592,0.048854295164346695,0.034803006798028946,0.034803006798028946,0.03809789568185806,0.03539041802287102,0.034803006798028946,0.03822902962565422,0.036014433950185776,0.034803006798028946,0.034803006798028946,0.034803006798028946,0.04765456169843674,0.03624505549669266,0.034803006798028946,0.034803006798028946,0.044820595532655716,0.034803006798028946,0.034803006798028946,0.034803006798028946,0.034803006798028946,0.034803006798028946,0.035732418298721313,0.03767314553260803,0.03668148070573807
2016-03-11,0.03512417525053024,0.043517209589481354,0.036639366298913956,0.04559221863746643,0.034841302782297134,0.034841302782297134,0.04080517962574959,0.035138290375471115,0.034841302782297134,0.03747200965881348,0.03595402091741562,0.03537410870194435,0.034841302782297134,0.034841302782297134,0.04932263121008873,0.03826427832245827,0.034841302782297134,0.034841302782297134,0.0398409478366375,0.034841302782297134,0.034841302782297134,0.034841302782297134,0.034841302782297134,0.034841302782297134,0.034841302782297134,0.03814360871911049,0.03587492182850838
2016-03-14,0.03495204448699951,0.04017534479498863,0.037416648119688034,0.046826913952827454,0.03495204448699951,0.03495204448699951,0.03910230100154877,0.03611525520682335,0.03495204448699951,0.03506428748369217,0.03495204448699951,0.03495204448699951,0.03495204448699951,0.03495204448699951,0.049809809774160385,0.03693051263689995,0.03495204448699951,0.03495204448699951,0.038562119007110596,0.03495204448699951,0.03495204448699951,0.03495204448699951,0.03495204448699951,0.037639070302248,0.03495204448699951,0.038576822727918625,0.03950028121471405
2016-03-15,0.03992477059364319,0.03685002028942108,0.035960424691438675,0.04259982332587242,0.0352272130548954,0.0352272130548954,0.041934747248888016,0.03664955496788025,0.0352272130548954,0.03535108640789986,0.0352272130548954,0.0352272130548954,0.0352272130548954,0.0352272130548954,0.04284036159515381,0.0352272130548954,0.0352272130548954,0.0352272130548954,0.04128133878111839,0.0352272130548954,0.0352272130548954,0.0352272130548954,0.0352272130548954,0.040938396006822586,0.03575713559985161,0.04036711901426315,0.03636425733566284
2016-03-16,0.03748740628361702,0.03536667674779892,0.03536667674779892,0.04387623071670532,0.03536667674779892,0.03536667674779892,0.04010927304625511,0.03799863159656525,0.03536667674779892,0.03640791401267052,0.03536667674779892,0.03536667674779892,0.03536667674779892,0.03536667674779892,0.0437048114836216,0.03536667674779892,0.03536667674779892,0.03536667674779892,0.04136848449707031,0.03536667674779892,0.03536667674779892,0.03536667674779892,0.03536667674779892,0.04338750243186951,0.03536667674779892,0.03536667674779892,0.03905951604247093
2016-03-17,0.03900664299726486,0.03552817180752754,0.03520427644252777,0.043957896530628204,0.03529749810695648,0.03520427644252777,0.03919954597949982,0.037028588354587555,0.03520427644252777,0.03602986037731171,0.03520427644252777,0.03520427644252777,0.03520427644252777,0.03520427644252777,0.04635293781757355,0.03520427644252777,0.03520427644252777,0.03520427644252777,0.04015997797250748,0.03528708592057228,0.03520427644252777,0.03520427644252777,0.03520427644252777,0.044772882014513016,0.03674260526895523,0.0363447442650795,0.036635901778936386
2016-03-18,0.03765639290213585,0.035758569836616516,0.035147495567798615,0.04613189771771431,0.035147495567798615,0.035147495567798615,0.035843946039676666,0.036235250532627106,0.035147495567798615,0.037794698029756546,0.035147495567798615,0.035147495567798615,0.035147495567798615,0.035147495567798615,0.04814877361059189,0.035147495567798615,0.035147495567798615,0.035147495567798615,0.04555448889732361,0.035147495567798615,0.035147495567798615,0.035147495567798615,0.035147495567798615,0.04159312695264816,0.036355871707201004,0.035147495567798615,0.03656711429357529
2016-03-21,0.03819137066602707,0.03519038110971451,0.03519038110971451,0.04758501797914505,0.03519038110971451,0.03519038110971451,0.03519038110971451,0.03722502291202545,0.03519038110971451,0.03682297095656395,0.03519038110971451,0.03519038110971451,0.03519038110971451,0.03519038110971451,0.04412190988659859,0.03519038110971451,0.03519038110971451,0.03519038110971451,0.04473308473825455,0.03519038110971451,0.03519038110971451,0.03519038110971451,0.03519038110971451,0.0413803830742836,0.03713931888341904,0.03833825886249542,0.03622615709900856
2016-03-22,0.0393090695142746,0.03674674779176712,0.03729557991027832,0.04692991450428963,0.03506648167967796,0.03506648167967796,0.0363280363380909,0.03673236817121506,0.03506648167967796,0.0364856943488121,0.03506648167967796,0.03506648167967796,0.03506648167967796,0.03506648167967796,0.04181794822216034,0.03506648167967796,0.03506648167967796,0.03506648167967796,0.0473070926964283,0.03506648167967796,0.03506648167967796,0.03506648167967796,0.03506648167967796,0.03722661733627319,0.03506648167967796,0.04155990481376648,0.036263786256313324
2016-03-23,0.04044875130057335,0.039257459342479706,0.03722973167896271,0.041600301861763,0.03645586222410202,0.03487629443407059,0.04422241821885109,0.03696288540959358,0.03487629443407059,0.03783166781067848,0.03487629443407059,0.03487629443407059,0.03487629443407059,0.03487629443407059,0.0349184051156044,0.03487629443407059,0.03504021093249321,0.03487629443407059,0.042115285992622375,0.035502269864082336,0.03708712384104729,0.03487629443407059,0.03487629443407059,0.03487629443407059,0.03487629443407059,0.04793578013777733,0.03487629443407059
2016-03-24,0.03689610958099365,0.03668531775474548,0.03622540831565857,0.0423896349966526,0.03535647690296173,0.03535647690296173,0.043102994561195374,0.03702307492494583,0.03535647690296173,0.04086126387119293,0.03535647690296173,0.03730363771319389,0.03535647690296173,0.03535647690296173,0.036897268146276474,0.03554321080446243,0.035653647035360336,0.03535647690296173,0.04305052384734154,0.03598775714635849,0.03535647690296173,0.03535647690296173,0.03535647690296173,0.03544488176703453,0.03535647690296173,0.04265758767724037,0.03535647690296173
2016-03-28,0.03508862853050232,0.03729413077235222,0.03738831356167793,0.04212461784482002,0.03508862853050232,0.03508862853050232,0.04204044118523598,0.03804711997509003,0.03508862853050232,0.0405748076736927,0.03508862853050232,0.03512942045927048,0.03508862853050232,0.03508862853050232,0.0377374142408371,0.03819616511464119,0.03508862853050232,0.03508862853050232,0.04536278545856476,0.03587980568408966,0.03508862853050232,0.03508862853050232,0.03508862853050232,0.035241756588220596,0.03508862853050232,0.043742403388023376,0.03508862853050232
2016-03-29,0.035453569144010544,0.03613858297467232,0.03682372346520424,0.0433882474899292,0.03529131039977074,0.03529131039977074,0.04009406268596649,0.03939037397503853,0.03529131039977074,0.038730379194021225,0.03529131039977074,0.03553395718336105,0.03529131039977074,0.03529131039977074,0.037613581866025925,0.0384611152112484,0.03529131039977074,0.03529131039977074,0.04554184153676033,0.03545987233519554,0.03529131039977074,0.03529131039977074,0.03529131039977074,0.03640920668840408,0.03529131039977074,0.04217452555894852,0.03529131039977074
2016-03-30,0.03531947359442711,0.03759030997753143,0.03581922501325607,0.041987039148807526,0.03660610690712929,0.03531947359442711,0.043807271867990494,0.03616257384419441,0.03531947359442711,0.04219341650605202,0.03531947359442711,0.03799867257475853,0.03531947359442711,0.03531947359442711,0.03799271956086159,0.03531947359442711,0.03531947359442711,0.03531947359442711,0.04152929037809372,0.03656723350286484,0.03531947359442711,0.03531947359442711,0.03531947359442711,0.03651057556271553,0.03531947359442711,0.040762968361377716,0.03531947359442711
2016-03-31,0.03530137985944748,0.03530137985944748,0.036307405680418015,0.042810339480638504,0.03695360943675041,0.03530137985944748,0.04456327110528946,0.036908842623233795,0.03530137985944748,0.04295269772410393,0.03530137985944748,0.03530137985944748,0.03530137985944748,0.03530137985944748,0.03530137985944748,0.03530137985944748,0.03530137985944748,0.03530137985944748,0.039878495037555695,0.03931689262390137,0.03616245463490486,0.03530137985944748,0.03530137985944748,0.03923717886209488,0.03530137985944748,0.04008665308356285,0.03530137985944748
2016-04-01,0.03549792990088463,0.03606044873595238,0.038645341992378235,0.04188530519604683,0.03549792990088463,0.03549792990088463,0.042472872883081436,0.0363311693072319,0.03549792990088463,0.04200095683336258,0.03549792990088463,0.03554565832018852,0.03549792990088463,0.03595205396413803,0.03617267310619354,0.03549792990088463,0.03549792990088463,0.03549792990088463,0.03927565738558769,0.039226923137903214,0.03549792990088463,0.03549792990088463,0.03549792990088463,0.03951295092701912,0.03549792990088463,0.03994693234562874,0.03549792990088463
2016-04-04,0.03532573580741882,0.03505407273769379,0.037245627492666245,0.03926517441868782,0.040481969714164734,0.03505407273769379,0.04281342029571533,0.038740165531635284,0.03505407273769379,0.04145711660385132,0.03505407273769379,0.03532293811440468,0.03505407273769379,0.03640139847993851,0.039882056415081024,0.03505407273769379,0.03505407273769379,0.03505407273769379,0.040021684020757675,0.040124062448740005,0.03505407273769379,0.03505407273769379,0.03505407273769379,0.03669644892215729,0.03615623340010643,0.0394170805811882,0.03505407273769379
2016-04-05,0.035336729139089584,0.03733450174331665,0.0382499136030674,0.03623662143945694,0.04259287193417549,0.034805282950401306,0.04397285357117653,0.036794811487197876,0.034805282950401306,0.041659604758024216,0.034805282950401306,0.036792319267988205,0.034805282950401306,0.034805282950401306,0.042589325457811356,0.03688035160303116,0.034805282950401306,0.034805282950401306,0.04076284170150757,0.03686126694083214,0.034805282950401306,0.034805282950401306,0.034805282950401306,0.034805282950401306,0.035001207143068314,0.04127136617898941,0.034805282950401306
2016-04-06,0.03999996930360794,0.03859805688261986,0.03570689260959625,0.03722584992647171,0.04192936420440674,0.03487866371870041,0.04071587696671486,0.03800621256232262,0.03487866371870041,0.03743641451001167,0.03487866371870041,0.03883233666419983,0.03487866371870041,0.03487866371870041,0.04526843875646591,0.03487866371870041,0.03650946542620659,0.03487866371870041,0.03726760298013687,0.0351015143096447,0.03487866371870041,0.03487866371870041,0.03487866371870041,0.03487866371870041,0.03759811446070671,0.04125991836190224,0.03487866371870041
2016-04-07,0.03989782929420471,0.039896950125694275,0.03769000619649887,0.03515907749533653,0.04085514694452286,0.03437658026814461,0.04313721880316734,0.03504795581102371,0.03437658026814461,0.03966909274458885,0.03437658026814461,0.03505668789148331,0.03437658026814461,0.03437658026814461,0.04460740089416504,0.03580956906080246,0.03738570585846901,0.03437658026814461,0.0374857559800148,0.03437658026814461,0.03437658026814461,0.03437658026814461,0.03437658026814461,0.03437658026814461,0.03760606423020363,0.0481765978038311,0.03437658026814461
2016-04-08,0.041221633553504944,0.03882791846990585,0.03640099987387657,0.03379494324326515,0.04513807222247124,0.03379494324326515,0.044763367623090744,0.036693405359983444,0.03379494324326515,0.040633928030729294,0.03379494324326515,0.03602656349539757,0.03379494324326515,0.03493005409836769,0.03852720931172371,0.03517533093690872,0.03860822319984436,0.03379494324326515,0.03569500520825386,0.036981455981731415,0.033938318490982056,0.03379494324326515,0.03379494324326515,0.03379494324326515,0.04175209999084473,0.0467369481921196,0.03379494324326515
2016-04-11,0.04010220989584923,0.040078770369291306,0.037371307611465454,0.03417058289051056,0.04199124500155449,0.03417058289051056,0.044356390833854675,0.03557365760207176,0.03417058289051056,0.042023710906505585,0.03417058289051056,0.03673601523041725,0.03417058289051056,0.03417058289051056,0.03700327128171921,0.03701108694076538,0.03760780021548271,0.03417058289051056,0.03592416271567345,0.036552026867866516,0.03419772908091545,0.03417058289051056,0.03417058289051056,0.03417058289051056,0.040315743535757065,0.04727843776345253,0.03417058289051056
2016-04-12,0.04194013774394989,0.03997551277279854,0.03664720803499222,0.03696476295590401,0.040520377457141876,0.03487371280789375,0.04053495079278946,0.03487371280789375,0.03487371280789375,0.03944459185004234,0.03487371280789375,0.03661752864718437,0.03487371280789375,0.03487371280789375,0.03861658275127411,0.03767555579543114,0.03916309028863907,0.03487371280789375,0.036044199019670486,0.03487371280789375,0.03487371280789375,0.03487371280789375,0.03487371280789375,0.03487371280789375,0.03753145784139633,0.044965777546167374,0.03487371280789375
2016-04-13,0.042506005614995956,0.03614705428481102,0.03576142340898514,0.03880112245678902,0.03814368695020676,0.035263948142528534,0.0407133623957634,0.038387641310691833,0.035263948142528534,0.03760993108153343,0.035263948142528534,0.035263948142528534,0.03651832044124603,0.035263948142528534,0.03531050309538841,0.035429634153842926,0.03738074377179146,0.035263948142528534,0.036928609013557434,0.03703140839934349,0.035263948142528534,0.035263948142528534,0.035263948142528534,0.035263948142528534,0.04189406707882881,0.0435330756008625,0.035263948142528534
2016-04-14,0.04275628179311752,0.035206664353609085,0.03740557283163071,0.037163615226745605,0.03926042094826698,0.034860581159591675,0.048649631440639496,0.03600529953837395,0.034860581159591675,0.038997817784547806,0.034860581159591675,0.034860581159591675,0.034860581159591675,0.034860581159591675,0.034860581159591675,0.034860581159591675,0.035647835582494736,0.034860581159591675,0.039247360080480576,0.034860581159591675,0.04018482193350792,0.034860581159591675,0.034860581159591675,0.034860581159591675,0.03572137653827667,0.045705102384090424,0.034860581159591675
2016-04-15,0.043106671422719955,0.03471086919307709,0.03624868392944336,0.03826703503727913,0.03974633663892746,0.03471086919307709,0.047581106424331665,0.03527623787522316,0.03471086919307709,0.04065360873937607,0.03471086919307709,0.03471086919307709,0.03471086919307709,0.03471086919307709,0.03471086919307709,0.03471086919307709,0.035723522305488586,0.03471086919307709,0.03824922442436218,0.03622717410326004,0.04199371486902237,0.03471086919307709,0.03471086919307709,0.03503038361668587,0.03585454076528549,0.04480054974555969,0.03471086919307709
2016-04-18,0.04332999885082245,0.034702032804489136,0.036267492920160294,0.038134682923555374,0.03970558941364288,0.034702032804489136,0.04769933223724365,0.03532213345170021,0.034702032804489136,0.040550991892814636,0.034702032804489136,0.034702032804489136,0.034702032804489136,0.034702032804489136,0.034702032804489136,0.034702032804489136,0.03567646071314812,0.034702032804489136,0.03813432902097702,0.036146484315395355,0.04208238422870636,0.034702032804489136,0.034702032804489136,0.035159483551979065,0.03587571904063225,0.04478846490383148,0.034702032804489136
2016-04-19,0.04197677969932556,0.03536820039153099,0.03450494259595871,0.03850864991545677,0.03963382542133331,0.03450494259595871,0.05099106580018997,0.03450494259595871,0.03450494259595871,0.04380140081048012,0.03450494259595871,0.03450494259595871,0.03450494259595871,0.03450494259595871,0.03450494259595871,0.03450494259595871,0.0358121432363987,0.03450494259595871,0.03860870748758316,0.03550567477941513,0.0417773462831974,0.03450494259595871,0.03450494259595871,0.03450494259595871,0.03450494259595871,0.04593702033162117,0.03450494259595871
2016-04-20,0.03872547671198845,0.0369422473013401,0.03532293438911438,0.03929345682263374,0.03858780115842819,0.03481372818350792,0.05280397832393646,0.03481372818350792,0.03481372818350792,0.04166701063513756,0.03481372818350792,0.03481372818350792,0.03481372818350792,0.03481372818350792,0.03481372818350792,0.03481372818350792,0.03481372818350792,0.03481372818350792,0.03636614605784416,0.03481372818350792,0.0422319732606411,0.03481372818350792,0.03481372818350792,0.03672535717487335,0.035430967807769775,0.04369679093360901,0.03481372818350792
2016-04-21,0.03876208886504173,0.0373900942504406,0.03549790009856224,0.03785973787307739,0.040835749357938766,0.03477982059121132,0.05395643040537834,0.03477982059121132,0.03477982059121132,0.042455509305000305,0.03477982059121132,0.03477982059121132,0.03477982059121132,0.03477982059121132,0.03477982059121132,0.03477982059121132,0.03718143329024315,0.03477982059121132,0.03482460603117943,0.03477982059121132,0.04049745574593544,0.03477982059121132,0.03477982059121132,0.03477982059121132,0.03477982059121132,0.0442618653178215,0.03477982059121132
2016-04-22,0.04111821949481964,0.04115986451506615,0.03462320566177368,0.0366685725748539,0.046360235661268234,0.03462320566177368,0.04975800961256027,0.03462320566177368,0.03462320566177368,0.04009437933564186,0.03462320566177368,0.03462320566177368,0.03462320566177368,0.03462320566177368,0.03462320566177368,0.03462320566177368,0.03836994618177414,0.03462320566177368,0.035464078187942505,0.03462320566177368,0.040612779557704926,0.03462320566177368,0.03462320566177368,0.03523685038089752,0.03470510616898537,0.04110386595129967,0.03462320566177368
2016-04-25,0.03478768467903137,0.04430142045021057,0.0373443104326725,0.03960181772708893,0.04186783730983734,0.03478768467903137,0.050827715545892715,0.03478768467903137,0.03478768467903137,0.04131641238927841,0.03478768467903137,0.03663737699389458,0.03478768467903137,0.03478768467903137,0.03478768467903137,0.03658387437462807,0.038954198360443115,0.03478768467903137,0.03478768467903137,0.03478768467903137,0.03609515726566315,0.03478768467903137,0.03478768467903137,0.03478768467903137,0.03478768467903137,0.039866939187049866,0.03478768467903137
2016-04-26,0.03487495332956314,0.04315008595585823,0.036127835512161255,0.03932652249932289,0.0437033474445343,0.03487495332956314,0.0481686070561409,0.03487495332956314,0.03487495332956314,0.04108460620045662,0.03487495332956314,0.036923348903656006,0.03487495332956314,0.03487495332956314,0.03566281124949455,0.037200313061475754,0.04072580114006996,0.03487495332956314,0.03487495332956314,0.03487495332956314,0.036114808171987534,0.03487495332956314,0.03487495332956314,0.03487495332956314,0.03579912707209587,0.03776347637176514,0.03487495332956314
2016-04-27,0.03785786032676697,0.040673527866601944,0.0347319021821022,0.035223543643951416,0.047688450664281845,0.034581538289785385,0.0514383390545845,0.034581538289785385,0.034581538289785385,0.04219384863972664,0.034581538289785385,0.03583112731575966,0.034581538289785385,0.0350206196308136,0.034581538289785385,0.034581538289785385,0.039869874715805054,0.034581538289785385,0.034581538289785385,0.034581538289785385,0.04030204936861992,0.034581538289785385,0.034581538289785385,0.034581538289785385,0.034581538289785385,0.040445808321237564,0.034581538289785385
2016-04-28,0.03560473024845123,0.040449146181344986,0.03560473024845123,0.03579235449433327,0.044859278947114944,0.03560473024845123,0.04716154932975769,0.03560473024845123,0.03560473024845123,0.037491630762815475,0.03560473024845123,0.03560473024845123,0.03560473024845123,0.03687473386526108,0.03560473024845123,0.038527924567461014,0.03981676325201988,0.03560473024845123,0.03560473024845123,0.03560473024845123,0.03814150393009186,0.03560473024845123,0.03560473024845123,0.03560473024845123,0.03560473024845123,0.03560473024845123,0.03560473024845123
2016-04-29,0.0358518548309803,0.04040312021970749,0.0358518548309803,0.0358518548309803,0.04644686356186867,0.0358518548309803,0.04284914210438728,0.0358518548309803,0.0358518548309803,0.035965949296951294,0.0358518548309803,0.0358518548309803,0.038242146372795105,0.0358518548309803,0.0358518548309803,0.037080585956573486,0.03971297666430473,0.0358518548309803,0.0358518548309803,0.0358518548309803,0.03811396658420563,0.0358518548309803,0.0358518548309803,0.0358518548309803,0.0358518548309803,0.0358518548309803,0.0358518548309803
2016-05-02,0.03503987938165665,0.039361611008644104,0.03503987938165665,0.03503987938165665,0.04353474825620651,0.03503987938165665,0.03719468042254448,0.03503987938165665,0.03503987938165665,0.03503987938165665,0.03503987938165665,0.03503987938165665,0.04007067158818245,0.03503987938165665,0.05005570873618126,0.03526189923286438,0.03878239169716835,0.03503987938165665,0.03503987938165665,0.03503987938165665,0.03503987938165665,0.03898809477686882,0.03503987938165665,0.03856990113854408,0.04250238463282585,0.03503987938165665,0.03503987938165665
2016-05-03,0.03503654524683952,0.03626267984509468,0.03503654524683952,0.03503654524683952,0.043790701776742935,0.03503654524683952,0.03503654524683952,0.03503654524683952,0.03503654524683952,0.03503654524683952,0.03503654524683952,0.03503654524683952,0.04147282615303993,0.03503654524683952,0.05025447905063629,0.03503654524683952,0.03839067369699478,0.039002273231744766,0.03503654524683952,0.03503654524683952,0.03503654524683952,0.0401194803416729,0.03503654524683952,0.03657212108373642,0.0434768907725811,0.03503654524683952,0.03503654524683952
2016-05-04,0.03464989736676216,0.04033888131380081,0.03464989736676216,0.03464989736676216,0.04721826687455177,0.03464989736676216,0.04103430360555649,0.03464989736676216,0.03464989736676216,0.035891007632017136,0.03464989736676216,0.035638779401779175,0.03711266070604324,0.03464989736676216,0.04840216413140297,0.03464989736676216,0.0389857217669487,0.03464989736676216,0.03464989736676216,0.03464989736676216,0.03464989736676216,0.036982461810112,0.03464989736676216,0.036976058036088943,0.047021329402923584,0.03464989736676216,0.03464989736676216
2016-05-05,0.03621275722980499,0.039888426661491394,0.035106245428323746,0.035106245428323746,0.04605438560247421,0.035106245428323746,0.040039293467998505,0.035106245428323746,0.035106245428323746,0.035665109753608704,0.035106245428323746,0.03590182214975357,0.038681868463754654,0.035106245428323746,0.04450272023677826,0.036241404712200165,0.03639007732272148,0.035106245428323746,0.035106245428323746,0.035106245428323746,0.035106245428323746,0.035735130310058594,0.035106245428323746,0.03780779987573624,0.04539169743657112,0.035106245428323746,0.035106245428323746
2016-05-06,0.03491247072815895,0.03859611973166466,0.03491247072815895,0.03491247072815895,0.04835556074976921,0.03491247072815895,0.0436679869890213,0.03491247072815895,0.03491247072815895,0.03537072241306305,0.03491247072815895,0.03795499727129936,0.037926703691482544,0.03491247072815895,0.04223660007119179,0.03491247072815895,0.03968815505504608,0.03669871389865875,0.03491247072815895,0.03491247072815895,0.03580866754055023,0.035264551639556885,0.03491247072815895,0.0355234257876873,0.04413319379091263,0.03491247072815895,0.03491247072815895
2016-05-09,0.035125888884067535,0.03883092850446701,0.03507198020815849,0.03507198020815849,0.049562156200408936,0.03507198020815849,0.04315243288874626,0.03507198020815849,0.03507198020815849,0.03597019240260124,0.03507198020815849,0.03621959313750267,0.03686728700995445,0.03507198020815849,0.04196813330054283,0.03507198020815849,0.0383082777261734,0.03507198020815849,0.03507198020815849,0.03509153425693512,0.0371827706694603,0.03507198020815849,0.03507198020815849,0.03691593557596207,0.04379716515541077,0.03507198020815849,0.03507198020815849
2016-05-10,0.03614546358585358,0.03807384520769119,0.03543823957443237,0.03543823957443237,0.04746877774596214,0.03543823957443237,0.0417671762406826,0.03543823957443237,0.03543823957443237,0.03618767485022545,0.03543823957443237,0.03543823957443237,0.03543823957443237,0.03543823957443237,0.04168382287025452,0.035764146596193314,0.03543823957443237,0.03543823957443237,0.037971626967191696,0.036525070667266846,0.03662405163049698,0.03543823957443237,0.03543823957443237,0.03915710002183914,0.04105763882398605,0.03543823957443237,0.03543823957443237
2016-05-11,0.04039632901549339,0.0350632481276989,0.0350632481276989,0.035305436700582504,0.04615286737680435,0.0350632481276989,0.04198342189192772,0.040354080498218536,0.0350632481276989,0.03567151352763176,0.0350632481276989,0.0354996956884861,0.040044642984867096,0.0350632481276989,0.03928153216838837,0.0350632481276989,0.03774695843458176,0.0350632481276989,0.03658547252416611,0.03544248268008232,0.03526947647333145,0.03578396886587143,0.0350632481276989,0.0359409861266613,0.042788147926330566,0.03512042388319969,0.0350632481276989
2016-05-12,0.03482714295387268,0.03668903186917305,0.03400284796953201,0.038149066269397736,0.04821411520242691,0.03400284796953201,0.03906731680035591,0.03400284796953201,0.03400284796953201,0.037106115370988846,0.03820301219820976,0.03489680588245392,0.03400284796953201,0.03400284796953201,0.05016947537660599,0.03400284796953201,0.03701500967144966,0.04414443299174309,0.03400284796953201,0.03400284796953201,0.03400284796953201,0.035869743674993515,0.03400284796953201,0.0388486385345459,0.044763099402189255,0.03400284796953201,0.03400284796953201
2016-05-13,0.03727934882044792,0.041163600981235504,0.034442704170942307,0.03623756766319275,0.045315925031900406,0.034442704170942307,0.034442704170942307,0.034442704170942307,0.034442704170942307,0.034442704170942307,0.03645944222807884,0.03782042860984802,0.039320655167102814,0.034442704170942307,0.052146002650260925,0.034442704170942307,0.03556329756975174,0.03646737337112427,0.03502461314201355,0.034442704170942307,0.034442704170942307,0.03614623844623566,0.034442704170942307,0.037137456238269806,0.04616294056177139,0.034442704170942307,0.034442704170942307
2016-05-16,0.034327540546655655,0.03858017176389694,0.03379900008440018,0.03379900008440018,0.04910886660218239,0.03379900008440018,0.038500186055898666,0.03379900008440018,0.03379900008440018,0.03518876060843468,0.0387045294046402,0.03833160921931267,0.034938499331474304,0.03379900008440018,0.05613921210169792,0.03379900008440018,0.037219852209091187,0.04033477231860161,0.03379900008440018,0.03379900008440018,0.03379900008440018,0.03885011002421379,0.03379900008440018,0.03542516008019447,0.044963687658309937,0.03379900008440018,0.03379900008440018
2016-05-17,0.03518078848719597,0.03889850154519081,0.03400343656539917,0.03578723594546318,0.04662271589040756,0.03400343656539917,0.03453441709280014,0.03400343656539917,0.03400343656539917,0.034242983907461166,0.03947078436613083,0.0386756993830204,0.036904994398355484,0.03400343656539917,0.053681664168834686,0.03400343656539917,0.03729100152850151,0.0398457907140255,0.03400343656539917,0.03400343656539917,0.03400343656539917,0.03774562105536461,0.03400343656539917,0.03739357367157936,0.04568291828036308,0.03400343656539917,0.03400343656539917
2016-05-18,0.034384362399578094,0.04382258281111717,0.034384362399578094,0.034384362399578094,0.046682946383953094,0.034384362399578094,0.03815633803606033,0.034384362399578094,0.034384362399578094,0.03501012176275253,0.03661096841096878,0.03974834457039833,0.034384362399578094,0.034384362399578094,0.054245300590991974,0.037264809012413025,0.0356229692697525,0.035764429718256,0.034384362399578094,0.034384362399578094,0.034384362399578094,0.036963287740945816,0.034384362399578094,0.03558122366666794,0.043145596981048584,0.034384362399578094,0.034384362399578094
2016-05-19,0.03563794121146202,0.03790939226746559,0.03400631994009018,0.03400631994009018,0.04765157774090767,0.03400631994009018,0.035912249237298965,0.03400631994009018,0.03400631994009018,0.03400631994009018,0.0390608124434948,0.03847455605864525,0.03864017501473427,0.03400631994009018,0.055717144161462784,0.03400631994009018,0.03758195415139198,0.039630405604839325,0.03400631994009018,0.03400631994009018,0.03400631994009018,0.04023459553718567,0.03400631994009018,0.03509728983044624,0.042363472282886505,0.03400631994009018,0.03400631994009018
2016-05-20,0.03697681427001953,0.04220912978053093,0.03521671146154404,0.03521671146154404,0.047603949904441833,0.03521671146154404,0.038279879838228226,0.03521671146154404,0.03521671146154404,0.03796561062335968,0.03639481961727142,0.04234382510185242,0.039866287261247635,0.03521671146154404,0.037484731525182724,0.037413738667964935,0.03751448914408684,0.03521671146154404,0.03540315479040146,0.03521671146154404,0.03521671146154404,0.03521671146154404,0.036169297993183136,0.03521671146154404,0.03631441667675972,0.03521671146154404,0.035459354519844055
2016-05-23,0.039139024913311005,0.04235111549496651,0.03495359793305397,0.03495359793305397,0.04676435515284538,0.03495359793305397,0.04404773935675621,0.03495359793305397,0.03495359793305397,0.03873979672789574,0.03495359793305397,0.039110489189624786,0.03849676996469498,0.03495359793305397,0.03691554814577103,0.03495359793305397,0.039389606565237045,0.03495359793305397,0.035980284214019775,0.03495359793305397,0.03495359793305397,0.03495359793305397,0.03755101561546326,0.03495359793305397,0.03573967516422272,0.0364241749048233,0.03495359793305397
2016-05-24,0.04054001718759537,0.042029328644275665,0.034881170839071274,0.034881170839071274,0.047120265662670135,0.034881170839071274,0.04227909818291664,0.034881170839071274,0.034881170839071274,0.03748356178402901,0.034881170839071274,0.039601054042577744,0.03902522101998329,0.034881170839071274,0.037611693143844604,0.034881170839071274,0.039352040737867355,0.034881170839071274,0.035734180361032486,0.034881170839071274,0.034881170839071274,0.03513670712709427,0.037079669535160065,0.034881170839071274,0.036867380142211914,0.03668457642197609,0.034881170839071274
2016-05-25,0.03939264267683029,0.04043056443333626,0.034652482718229294,0.034652482718229294,0.04851957783102989,0.034652482718229294,0.04692957177758217,0.034652482718229294,0.034652482718229294,0.03888360783457756,0.03635915368795395,0.03992285579442978,0.0363350585103035,0.034652482718229294,0.034652482718229294,0.034652482718229294,0.04357962682843208,0.034652482718229294,0.034652482718229294,0.034652482718229294,0.03618694469332695,0.034652482718229294,0.034652482718229294,0.034652482718229294,0.03603670746088028,0.037636447697877884,0.034652482718229294
2016-05-26,0.03831467032432556,0.04224379360675812,0.034627385437488556,0.034627385437488556,0.048373956233263016,0.034627385437488556,0.05001062527298927,0.034627385437488556,0.034627385437488556,0.0393235981464386,0.03545135632157326,0.03942997753620148,0.034627385437488556,0.03713500127196312,0.034627385437488556,0.03547326847910881,0.04152582213282585,0.034627385437488556,0.034627385437488556,0.034627385437488556,0.034627385437488556,0.034627385437488556,0.034627385437488556,0.034627385437488556,0.034627385437488556,0.038679808378219604,0.034627385437488556
2016-05-27,0.03499840199947357,0.04211585968732834,0.03483552485704422,0.03483552485704422,0.050760287791490555,0.03483552485704422,0.04724687337875366,0.03483552485704422,0.03483552485704422,0.040605343878269196,0.03738994896411896,0.03780769929289818,0.03483552485704422,0.03807016462087631,0.035588338971138,0.038827989250421524,0.037157971411943436,0.03483552485704422,0.03483552485704422,0.03627124801278114,0.03483552485704422,0.03483552485704422,0.03483552485704422,0.03483552485704422,0.03483552485704422,0.03546258062124252,0.03483552485704422
2016-05-31,0.03484949842095375,0.04296382516622543,0.03614276647567749,0.03484949842095375,0.047142237424850464,0.03484949842095375,0.04509608820080757,0.03484949842095375,0.03484949842095375,0.04150133207440376,0.03566589951515198,0.03484949842095375,0.03484949842095375,0.037912968546152115,0.03819877281785011,0.041047487407922745,0.03525690734386444,0.03484949842095375,0.038667045533657074,0.037032172083854675,0.03484949842095375,0.03484949842095375,0.03484949842095375,0.03484949842095375,0.03484949842095375,0.035479508340358734,0.03484949842095375
2016-06-01,0.0348457470536232,0.04282209649682045,0.03600996732711792,0.0348457470536232,0.04723677784204483,0.0348457470536232,0.04525050148367882,0.0348457470536232,0.0348457470536232,0.041506387293338776,0.035704296082258224,0.0348457470536232,0.0348457470536232,0.037945136427879333,0.03812698647379875,0.04105900600552559,0.03521250560879707,0.0348457470536232,0.0386810228228569,0.03711046278476715,0.0348457470536232,0.0348457470536232,0.0348457470536232,0.0348457470536232,0.0348457470536232,0.03549434617161751,0.0348457470536232
2016-06-02,0.035111069679260254,0.042267054319381714,0.035111069679260254,0.035111069679260254,0.047892749309539795,0.035111069679260254,0.046312399208545685,0.035111069679260254,0.035111069679260254,0.040751878172159195,0.03699468821287155,0.035111069679260254,0.035111069679260254,0.03617200255393982,0.04189746081829071,0.03756043687462807,0.03526654839515686,0.035111069679260254,0.03725018724799156,0.035111069679260254,0.035111069679260254,0.035582005977630615,0.035111069679260254,0.035111069679260254,0.035111069679260254,0.03538654372096062,0.035111069679260254
2016-06-03,0.03642318770289421,0.038711633533239365,0.0348769836127758,0.0348769836127758,0.05043036490678787,0.0348769836127758,0.05235739052295685,0.0350969173014164,0.0348769836127758,0.04041418805718422,0.03633381426334381,0.0348769836127758,0.0348769836127758,0.0348769836127758,0.039015721529722214,0.0348769836127758,0.03605356439948082,0.0348769836127758,0.03660761937499046,0.035517748445272446,0.03632937744259834,0.0348769836127758,0.0348769836127758,0.0348769836127758,0.0348769836127758,0.03843078017234802,0.0348769836127758
2016-06-06,0.03661903738975525,0.042954571545124054,0.038970500230789185,0.034085486084222794,0.04405580088496208,0.03471216559410095,0.04846976324915886,0.03504421189427376,0.034085486084222794,0.04494720324873924,0.034085486084222794,0.03551921993494034,0.034085486084222794,0.04014115035533905,0.034085486084222794,0.04200447350740433,0.03605020046234131,0.034085486084222794,0.036650583148002625,0.034559156745672226,0.034599419683218,0.034506022930145264,0.03477735444903374,0.034085486084222794,0.034085486084222794,0.0386497788131237,0.034085486084222794
2016-06-07,0.03481767699122429,0.04356713220477104,0.040684767067432404,0.03416559845209122,0.04013519361615181,0.03446372598409653,0.04914992302656174,0.03416559845209122,0.03416559845209122,0.04555051028728485,0.03416559845209122,0.03624004125595093,0.03416559845209122,0.04045576602220535,0.03577691316604614,0.04099692031741142,0.0361286960542202,0.03416559845209122,0.03603677079081535,0.03416559845209122,0.03416559845209122,0.035015422850847244,0.03506527468562126,0.03416559845209122,0.03416559845209122,0.04009363055229187,0.03416559845209122
2016-06-08,0.03500419482588768,0.048090629279613495,0.040021881461143494,0.03500501811504364,0.03671843558549881,0.03412358835339546,0.04615521430969238,0.03412358835339546,0.03412358835339546,0.04406919330358505,0.036127690225839615,0.03799257054924965,0.03412358835339546,0.04095029830932617,0.03672762215137482,0.039914168417453766,0.03654498979449272,0.03412358835339546,0.035992152988910675,0.03412358835339546,0.03412358835339546,0.034989893436431885,0.03412358835339546,0.03412358835339546,0.03412358835339546,0.040336571633815765,0.03412358835339546
2016-06-09,0.03504490107297897,0.048120878636837006,0.03991086035966873,0.03528440371155739,0.036748550832271576,0.03415164351463318,0.04598237946629524,0.03415164351463318,0.03415164351463318,0.04403255507349968,0.036224815994501114,0.03815174102783203,0.03415164351463318,0.04088188335299492,0.036497071385383606,0.039596959948539734,0.03673765808343887,0.03415164351463318,0.0360688641667366,0.03415164351463318,0.03415164351463318,0.03474044054746628,0.03415164351463318,0.03415164351463318,0.03415164351463318,0.04030802473425865,0.03415164351463318
2016-06-10,0.03408697247505188,0.04659388214349747,0.04066656902432442,0.03694916144013405,0.03431526571512222,0.03408697247505188,0.04461441934108734,0.03408697247505188,0.03408697247505188,0.04639704152941704,0.03461068868637085,0.03870866820216179,0.03408697247505188,0.039287447929382324,0.041899893432855606,0.041319943964481354,0.03470573574304581,0.03408697247505188,0.03752587363123894,0.03408697247505188,0.03408697247505188,0.03408697247505188,0.03408697247505188,0.03408697247505188,0.03408697247505188,0.0366298072040081,0.03673195838928223
2016-06-13,0.0337129607796669,0.04998987540602684,0.03966965526342392,0.036841653287410736,0.0337129607796669,0.0337129607796669,0.04480397328734398,0.0337129607796669,0.0337129607796669,0.045857980847358704,0.03424655646085739,0.039591968059539795,0.0337129607796669,0.04102437570691109,0.043914273381233215,0.04159725457429886,0.03524339199066162,0.0337129607796669,0.035125989466905594,0.0337129607796669,0.0337129607796669,0.0337129607796669,0.0337129607796669,0.0337129607796669,0.0337129607796669,0.037030696868896484,0.03679386526346207
2016-06-14,0.03385261818766594,0.0512993223965168,0.03704368323087692,0.034838467836380005,0.03813370317220688,0.03385261818766594,0.04110114276409149,0.03385261818766594,0.03385261818766594,0.04263163357973099,0.036335866898298264,0.04012437164783478,0.03385261818766594,0.041060809046030045,0.04618963226675987,0.044312912970781326,0.03562141954898834,0.03385261818766594,0.03385261818766594,0.03576357290148735,0.03385261818766594,0.03385261818766594,0.03385261818766594,0.03385261818766594,0.03385261818766594,0.03385261818766594,0.03545939549803734
2016-06-15,0.03435162454843521,0.04713345319032669,0.03654642403125763,0.037584803998470306,0.03946495056152344,0.03435162454843521,0.04092151299118996,0.03435162454843521,0.03435162454843521,0.03937211632728577,0.0367368720471859,0.04062710702419281,0.03435162454843521,0.03685309737920761,0.04142143949866295,0.04450065270066261,0.03435162454843521,0.03435162454843521,0.03541744500398636,0.0384269542992115,0.03435162454843521,0.03435162454843521,0.03435162454843521,0.03435162454843521,0.0361051931977272,0.03435162454843521,0.03666843846440315
2016-06-16,0.03453051671385765,0.04866292327642441,0.03714774176478386,0.03821228817105293,0.04017770662903786,0.03453051671385765,0.042453039437532425,0.03453051671385765,0.03453051671385765,0.039141833782196045,0.03453051671385765,0.03818589076399803,0.03453051671385765,0.03494102135300636,0.037499282509088516,0.043498311191797256,0.03530843183398247,0.03453051671385765,0.03815322741866112,0.03827226534485817,0.03453051671385765,0.03453051671385765,0.03453051671385765,0.03453051671385765,0.03648984059691429,0.03749002888798714,0.03453051671385765
2016-06-17,0.03462905436754227,0.048784803599119186,0.03462905436754227,0.035695284605026245,0.040380965918302536,0.03462905436754227,0.04085443541407585,0.03462905436754227,0.03462905436754227,0.04209006205201149,0.03462905436754227,0.03462905436754227,0.03462905436754227,0.03462905436754227,0.04437391087412834,0.04326678812503815,0.03498467803001404,0.03462905436754227,0.03797709569334984,0.03841707110404968,0.03462905436754227,0.03462905436754227,0.03462905436754227,0.03462905436754227,0.03911009058356285,0.03462905436754227,0.03462905436754227
2016-06-20,0.035101305693387985,0.04996868595480919,0.03530408814549446,0.037726517766714096,0.03742368891835213,0.035101305693387985,0.037277739495038986,0.035101305693387985,0.035101305693387985,0.037184931337833405,0.035101305693387985,0.03572060912847519,0.035101305693387985,0.035101305693387985,0.0442078597843647,0.04623773694038391,0.03543452173471451,0.035101305693387985,0.03872811794281006,0.03706754744052887,0.035101305693387985,0.035101305693387985,0.035101305693387985,0.035101305693387985,0.03615908697247505,0.035101305693387985,0.03524190932512283
2016-06-21,0.034712810069322586,0.05066169053316116,0.038821976631879807,0.0405435673892498,0.03545358031988144,0.034712810069322586,0.04137389361858368,0.034712810069322586,0.034712810069322586,0.03904169052839279,0.034712810069322586,0.03822791203856468,0.034712810069322586,0.034712810069322586,0.041876837611198425,0.04358229786157608,0.03473644703626633,0.034712810069322586,0.03780490905046463,0.03510824590921402,0.034712810069322586,0.034712810069322586,0.034712810069322586,0.034712810069322586,0.034712810069322586,0.03678753599524498,0.034712810069322586
2016-06-22,0.03479348123073578,0.0500953383743763,0.03868074342608452,0.03896162658929825,0.03479348123073578,0.03479348123073578,0.040532488375902176,0.03479348123073578,0.03479348123073578,0.03817886859178543,0.035637322813272476,0.037250131368637085,0.03479348123073578,0.035942401736974716,0.041443295776844025,0.04338332638144493,0.03731698542833328,0.03479348123073578,0.03830830380320549,0.0350375771522522,0.03479348123073578,0.03479348123073578,0.03479348123073578,0.03479348123073578,0.03479348123073578,0.036916282027959824,0.03479348123073578
2016-06-23,0.03479014337062836,0.050139833241701126,0.038670677691698074,0.03899044543504715,0.03479014337062836,0.03479014337062836,0.04053942859172821,0.03479014337062836,0.03479014337062836,0.03820895031094551,0.03559096157550812,0.03735240176320076,0.03479014337062836,0.03585704043507576,0.04143155738711357,0.04335646331310272,0.03730275481939316,0.03479014337062836,0.03831520676612854,0.03500043973326683,0.03479014337062836,0.03479014337062836,0.03479014337062836,0.03479014337062836,0.03479014337062836,0.0369720458984375,0.03479014337062836
2016-06-24,0.03476782143115997,0.048319533467292786,0.03873017057776451,0.041514746844768524,0.03476782143115997,0.03476782143115997,0.040362559258937836,0.03476782143115997,0.03476782143115997,0.0397367887198925,0.03483380004763603,0.038398999720811844,0.03476782143115997,0.03476782143115997,0.040925756096839905,0.041974298655986786,0.03543991595506668,0.03476782143115997,0.04025162383913994,0.03476782143115997,0.03476782143115997,0.03476782143115997,0.03476782143115997,0.03476782143115997,0.03476782143115997,0.03799448162317276,0.03476782143115997
2016-06-27,0.035168085247278214,0.04824148118495941,0.04021381959319115,0.035168085247278214,0.03991691768169403,0.035168085247278214,0.03642263263463974,0.035168085247278214,0.035168085247278214,0.03624333068728447,0.035168085247278214,0.035168085247278214,0.035168085247278214,0.0384049266576767,0.042572006583213806,0.04589886963367462,0.03784480318427086,0.035168085247278214,0.035168085247278214,0.035582736134529114,0.035168085247278214,0.035168085247278214,0.035168085247278214,0.035168085247278214,0.03596910461783409,0.035168085247278214,0.035168085247278214
2016-06-28,0.03435336798429489,0.043366048485040665,0.03921499103307724,0.03435336798429489,0.043353255838155746,0.03435336798429489,0.03787057101726532,0.03435336798429489,0.03435336798429489,0.03787744790315628,0.0362543910741806,0.03435336798429489,0.03435336798429489,0.03702309727668762,0.04717947170138359,0.03922750800848007,0.03628578409552574,0.03435336798429489,0.03435336798429489,0.037620384246110916,0.03435336798429489,0.04205372929573059,0.03435336798429489,0.03435336798429489,0.03992237150669098,0.03435336798429489,0.036157138645648956
2016-06-29,0.03463342785835266,0.04491887986660004,0.04317289963364601,0.03463342785835266,0.043205782771110535,0.03463342785835266,0.04197106510400772,0.03463342785835266,0.03463342785835266,0.03870445489883423,0.03463342785835266,0.03463342785835266,0.03463342785835266,0.0386267751455307,0.04480311647057533,0.04206870496273041,0.03530082851648331,0.03463342785835266,0.03463342785835266,0.03588610142469406,0.03463342785835266,0.03720654919743538,0.03463342785835266,0.03463342785835266,0.03463342785835266,0.03463342785835266,0.03463342785835266
2016-06-30,0.03459364175796509,0.049192462116479874,0.03474727272987366,0.03445214778184891,0.039052702486515045,0.03445214778184891,0.04504311457276344,0.03445214778184891,0.03445214778184891,0.042704660445451736,0.03445214778184891,0.03506224602460861,0.03445214778184891,0.039458438754081726,0.050184931606054306,0.03959804028272629,0.03498004376888275,0.03445214778184891,0.035848043859004974,0.03596457839012146,0.03445214778184891,0.03483838960528374,0.03445214778184891,0.03445214778184891,0.03530567139387131,0.03445214778184891,0.03445214778184891
2016-07-01,0.03440830856561661,0.04810912534594536,0.036286938935518265,0.03572672978043556,0.03861889988183975,0.03542838245630264,0.047575801610946655,0.03440830856561661,0.03440830856561661,0.03924320265650749,0.03440830856561661,0.03440830856561661,0.03440830856561661,0.040184274315834045,0.047276683151721954,0.03945307433605194,0.03440830856561661,0.03440830856561661,0.03852275386452675,0.03487493097782135,0.03440830856561661,0.03440830856561661,0.03440830856561661,0.03440830856561661,0.03440830856561661,0.03698291629552841,0.03440830856561661
2016-07-05,0.0343131460249424,0.04629356041550636,0.03764941915869713,0.03515416011214256,0.037141792476177216,0.03468878194689751,0.04587249085307121,0.0343131460249424,0.0343131460249424,0.04030754044651985,0.0343131460249424,0.03568049892783165,0.0343131460249424,0.040565941482782364,0.04103777930140495,0.0418771356344223,0.0343131460249424,0.0343131460249424,0.040483180433511734,0.03758137673139572,0.0343131460249424,0.0343131460249424,0.0343131460249424,0.0343131460249424,0.0343131460249424,0.03959547355771065,0.0343131460249424
2016-07-06,0.034262917935848236,0.0474218875169754,0.0367276705801487,0.035448573529720306,0.03842507302761078,0.034262917935848236,0.04676573723554611,0.034262917935848236,0.034262917935848236,0.04080074653029442,0.034262917935848236,0.034262917935848236,0.034262917935848236,0.03994520753622055,0.04116448014974594,0.0409587137401104,0.034262917935848236,0.034262917935848236,0.04003603383898735,0.03763652965426445,0.034262917935848236,0.034262917935848236,0.034262917935848236,0.034262917935848236,0.034262917935848236,0.04072555527091026,0.034262917935848236
2016-07-07,0.03403214365243912,0.047542497515678406,0.03731565922498703,0.035953421145677567,0.03860602155327797,0.03403214365243912,0.048411883413791656,0.03403214365243912,0.03403214365243912,0.04127006232738495,0.03403214365243912,0.034452930092811584,0.03403214365243912,0.03850092366337776,0.040746476501226425,0.040688540786504745,0.03403214365243912,0.03403214365243912,0.03991397097706795,0.03756340965628624,0.03403214365243912,0.03403214365243912,0.03403214365243912,0.03403214365243912,0.03403214365243912,0.04258418828248978,0.03403214365243912
2016-07-08,0.03404224291443825,0.048496827483177185,0.03762554004788399,0.03749169036746025,0.039050135761499405,0.03404224291443825,0.04883332923054695,0.03404224291443825,0.03404224291443825,0.041407305747270584,0.03404224291443825,0.0352216474711895,0.03404224291443825,0.03829377889633179,0.03845931217074394,0.03817775472998619,0.03552059084177017,0.03404224291443825,0.039095453917980194,0.03643190115690231,0.03404224291443825,0.03404224291443825,0.03404224291443825,0.03404224291443825,0.03404224291443825,0.04334555193781853,0.03404224291443825
2016-07-11,0.03525383025407791,0.04013463854789734,0.03841255605220795,0.039400018751621246,0.03492920473217964,0.034711480140686035,0.04668993875384331,0.036439694464206696,0.034711480140686035,0.040627483278512955,0.034711480140686035,0.03577461093664169,0.034711480140686035,0.034711480140686035,0.034711480140686035,0.034711480140686035,0.034711480140686035,0.034711480140686035,0.044702496379613876,0.035544514656066895,0.03534100577235222,0.034711480140686035,0.034711480140686035,0.034711480140686035,0.034711480140686035,0.05078925937414169,0.034711480140686035
2016-07-12,0.03543868660926819,0.03752171993255615,0.035980068147182465,0.04218614101409912,0.03495434299111366,0.03495434299111366,0.04678620025515556,0.03495434299111366,0.03495434299111366,0.04068787395954132,0.03495434299111366,0.03495434299111366,0.03495434299111366,0.03544843569397926,0.03495434299111366,0.03495434299111366,0.03495434299111366,0.03495434299111366,0.036881737411022186,0.03640736639499664,0.03973963484168053,0.03495434299111366,0.03495434299111366,0.03495434299111366,0.03495434299111366,0.05365267023444176,0.03495434299111366
2016-07-13,0.03878619149327278,0.03474768251180649,0.03623444586992264,0.044908009469509125,0.03474768251180649,0.03576323762536049,0.04339219257235527,0.03474768251180649,0.03474768251180649,0.041093964129686356,0.03474768251180649,0.03474768251180649,0.03474768251180649,0.03474768251180649,0.03474768251180649,0.03474768251180649,0.03474768251180649,0.03474768251180649,0.039719533175230026,0.03474768251180649,0.040683355182409286,0.03474768251180649,0.03667827695608139,0.03474768251180649,0.03614797070622444,0.05062989145517349,0.03474768251180649
2016-07-14,0.03861711546778679,0.03480640798807144,0.03569966182112694,0.04483407735824585,0.03480640798807144,0.03517749160528183,0.04397427290678024,0.03480640798807144,0.03480640798807144,0.041783031076192856,0.03480640798807144,0.03480640798807144,0.03515502065420151,0.03480640798807144,0.03480640798807144,0.03480640798807144,0.03480640798807144,0.03480640798807144,0.03987396880984306,0.03480640798807144,0.03946385905146599,0.03480640798807144,0.03601580858230591,0.03480640798807144,0.037034954875707626,0.05027460306882858,0.03480640798807144
2016-07-15,0.03747650980949402,0.035130955278873444,0.035581279546022415,0.04377514496445656,0.035130955278873444,0.03528350219130516,0.04256611317396164,0.035379473119974136,0.035130955278873444,0.04107307270169258,0.035130955278873444,0.035130955278873444,0.035130955278873444,0.035130955278873444,0.03542797639966011,0.035130955278873444,0.035130955278873444,0.035130955278873444,0.04214973375201225,0.035130955278873444,0.03925991430878639,0.035130955278873444,0.035130955278873444,0.036818020045757294,0.03720145300030708,0.04617441073060036,0.035130955278873444
2016-07-18,0.037416305392980576,0.035112932324409485,0.03565840795636177,0.04355578497052193,0.035112932324409485,0.03593536466360092,0.042637407779693604,0.035673171281814575,0.035112932324409485,0.041317831724882126,0.035112932324409485,0.035112932324409485,0.035112932324409485,0.035112932324409485,0.035112932324409485,0.035112932324409485,0.035112932324409485,0.035112932324409485,0.04275752976536751,0.035112932324409485,0.03945927321910858,0.035112932324409485,0.035112932324409485,0.036866445094347,0.03666163235902786,0.045366816222667694,0.035112932324409485
2016-07-19,0.03829175978899002,0.03500838205218315,0.03585174307227135,0.043811142444610596,0.03677968680858612,0.03578924760222435,0.04323484003543854,0.03599113970994949,0.03500838205218315,0.042154233902692795,0.03500838205218315,0.03500838205218315,0.03500838205218315,0.03500838205218315,0.03524237871170044,0.03500838205218315,0.03500838205218315,0.03500838205218315,0.04222176969051361,0.03500838205218315,0.0393546000123024,0.03500838205218315,0.03500838205218315,0.03799421712756157,0.035961493849754333,0.042212747037410736,0.03500838205218315
2016-07-20,0.04247733950614929,0.03487308695912361,0.03487308695912361,0.044833697378635406,0.03653676062822342,0.035390499979257584,0.03756821155548096,0.036115631461143494,0.03487308695912361,0.041349973529577255,0.03487308695912361,0.03487308695912361,0.03487308695912361,0.03487308695912361,0.03831480070948601,0.03487308695912361,0.03487308695912361,0.03487308695912361,0.04384424909949303,0.03523371368646622,0.03640083223581314,0.03487308695912361,0.03487308695912361,0.03945405036211014,0.03965849056839943,0.03947163745760918,0.03487308695912361
2016-07-21,0.03503407537937164,0.035498470067977905,0.03577219322323799,0.04148322716355324,0.03525037690997124,0.0359671413898468,0.04808102548122406,0.03503407537937164,0.03503407537937164,0.042042769491672516,0.03503407537937164,0.03503407537937164,0.03503407537937164,0.03661385923624039,0.03503407537937164,0.03503407537937164,0.03503407537937164,0.03503407537937164,0.03554527461528778,0.03503407537937164,0.04468488320708275,0.03503407537937164,0.03503407537937164,0.039209622889757156,0.03503407537937164,0.044339969754219055,0.03503407537937164
2016-07-22,0.03825182467699051,0.03509289771318436,0.03509289771318436,0.040183987468481064,0.0387614406645298,0.03548227995634079,0.046606916934251785,0.036239515990018845,0.03509289771318436,0.03974136337637901,0.03509289771318436,0.03509289771318436,0.03509289771318436,0.03509289771318436,0.03509289771318436,0.03509289771318436,0.03509289771318436,0.03509289771318436,0.03851458430290222,0.03566258028149605,0.03945739567279816,0.03509289771318436,0.03509289771318436,0.03822969272732735,0.03509289771318436,0.046474870294332504,0.03509289771318436
2016-07-25,0.0364149771630764,0.03519095107913017,0.03742477670311928,0.04193291440606117,0.039062563329935074,0.03519095107913017,0.0393463596701622,0.03825480863451958,0.03519095107913017,0.038695525377988815,0.03519095107913017,0.03519095107913017,0.03519095107913017,0.03691837191581726,0.040504779666662216,0.03519095107913017,0.03519095107913017,0.03519095107913017,0.04279117286205292,0.03590492531657219,0.03774894401431084,0.03519095107913017,0.03519095107913017,0.03885357454419136,0.03519095107913017,0.038663968443870544,0.03519095107913017
2016-07-26,0.0418173223733902,0.0348086915910244,0.0348086915910244,0.04031926393508911,0.04458038881421089,0.0348086915910244,0.037431858479976654,0.039951588958501816,0.0348086915910244,0.037121646106243134,0.0348086915910244,0.0348086915910244,0.039235614240169525,0.0348086915910244,0.039201460778713226,0.0348086915910244,0.0348086915910244,0.0348086915910244,0.04215516522526741,0.036558426916599274,0.0348086915910244,0.0348086915910244,0.0348086915910244,0.03727113455533981,0.03950199857354164,0.03753245249390602,0.0348086915910244
2016-07-27,0.03978746011853218,0.03459940105676651,0.03459940105676651,0.04109697788953781,0.04231567680835724,0.03459940105676651,0.04235561564564705,0.038860026746988297,0.03459940105676651,0.03919705003499985,0.03459940105676651,0.03459940105676651,0.03459940105676651,0.03495193272829056,0.035164862871170044,0.03459940105676651,0.03459940105676651,0.03459940105676651,0.0417163260281086,0.03952033072710037,0.03838416934013367,0.03459940105676651,0.03459940105676651,0.037004534155130386,0.03889309987425804,0.040959637612104416,0.03459940105676651
2016-07-28,0.050100699067115784,0.03322341665625572,0.03322341665625572,0.03952664136886597,0.04687076061964035,0.03322341665625572,0.03432583808898926,0.044530585408210754,0.03381867706775665,0.03322341665625572,0.03322341665625572,0.03322341665625572,0.04938580095767975,0.03322341665625572,0.03763206675648689,0.03322341665625572,0.03322341665625572,0.03322341665625572,0.04094740003347397,0.036331430077552795,0.03371712565422058,0.03322341665625572,0.03322341665625572,0.03717885538935661,0.04536869004368782,0.038360949605703354,0.03322341665625572
2016-07-29,0.04621438309550285,0.033833056688308716,0.033833056688308716,0.036725569516420364,0.054563969373703,0.033833056688308716,0.037085700780153275,0.042473867535591125,0.033833056688308716,0.033833056688308716,0.033833056688308716,0.033833056688308716,0.03870529308915138,0.033833056688308716,0.03944149613380432,0.033833056688308716,0.033833056688308716,0.03618740662932396,0.0390874519944191,0.03614659607410431,0.033833056688308716,0.033833056688308716,0.033833056688308716,0.041144270449876785,0.04238491132855415,0.03617630898952484,0.033833056688308716
2016-08-01,0.04682132601737976,0.033753182739019394,0.033753182739019394,0.03750721737742424,0.05301579833030701,0.033753182739019394,0.036794889718294144,0.04438672214746475,0.033753182739019394,0.034391459077596664,0.033753182739019394,0.033753182739019394,0.039144568145275116,0.033753182739019394,0.03845137357711792,0.033753182739019394,0.033753182739019394,0.03656543046236038,0.03940152749419212,0.0357331819832325,0.033753182739019394,0.033753182739019394,0.033753182739019394,0.04009096696972847,0.04197964817285538,0.03692447021603584,0.033753182739019394
2016-08-02,0.0473209023475647,0.03401704505085945,0.03401704505085945,0.03581814467906952,0.05178488418459892,0.03401704505085945,0.04170330986380577,0.04524886608123779,0.03401704505085945,0.03459027037024498,0.03401704505085945,0.03401704505085945,0.03909727931022644,0.03401704505085945,0.03419595956802368,0.03401704505085945,0.0361877977848053,0.03401704505085945,0.03759104013442993,0.03557518869638443,0.03537596017122269,0.03401704505085945,0.03401704505085945,0.03645383566617966,0.037865132093429565,0.0429869219660759,0.03401704505085945
2016-08-03,0.04585760086774826,0.03392646461725235,0.03392646461725235,0.036472804844379425,0.051388200372457504,0.03392646461725235,0.039043575525283813,0.04403787478804588,0.03502647206187248,0.03483546897768974,0.03392646461725235,0.03392646461725235,0.04158516228199005,0.03392646461725235,0.03392646461725235,0.03392646461725235,0.03432835638523102,0.03392646461725235,0.03848688676953316,0.03752286359667778,0.03392646461725235,0.03392646461725235,0.03392646461725235,0.03764171525835991,0.03994201496243477,0.04278697073459625,0.03392646461725235
2016-08-04,0.04653739184141159,0.034389428794384,0.034389428794384,0.03666306287050247,0.04841022938489914,0.03470552712678909,0.0413937047123909,0.04270092025399208,0.03452843800187111,0.03553544357419014,0.034389428794384,0.034389428794384,0.034389428794384,0.034389428794384,0.035141851752996445,0.034389428794384,0.034389428794384,0.034389428794384,0.03491218760609627,0.036379165947437286,0.036905039101839066,0.034389428794384,0.034389428794384,0.044021863490343094,0.038816940039396286,0.0406750813126564,0.034389428794384
2016-08-05,0.04427221789956093,0.03477604314684868,0.03477604314684868,0.037585094571113586,0.04454892501235008,0.03482896462082863,0.03865274414420128,0.041941214352846146,0.03504759445786476,0.036361392587423325,0.03477604314684868,0.03477604314684868,0.035290561616420746,0.03477604314684868,0.0377347432076931,0.03477604314684868,0.03477604314684868,0.03477604314684868,0.03671179339289665,0.03611515462398529,0.03763308376073837,0.03477604314684868,0.03477604314684868,0.041400276124477386,0.039879780262708664,0.0394599623978138,0.03477604314684868
2016-08-08,0.045012641698122025,0.03452495113015175,0.03452495113015175,0.03520800918340683,0.04343082755804062,0.03452495113015175,0.046454425901174545,0.03945049270987511,0.03452495113015175,0.03569217398762703,0.03452495113015175,0.03452495113015175,0.03452495113015175,0.03452495113015175,0.03452495113015175,0.03452495113015175,0.03452495113015175,0.03452495113015175,0.038990557193756104,0.036497563123703,0.03920038044452667,0.03452495113015175,0.03452495113015175,0.03460235521197319,0.0384632907807827,0.049123045057058334,0.03452495113015175
2016-08-09,0.04586932063102722,0.034821778535842896,0.034821778535842896,0.034821778535842896,0.04337213933467865,0.034821778535842896,0.04283325746655464,0.03593088686466217,0.03554500639438629,0.034821778535842896,0.034821778535842896,0.034821778535842896,0.03540395572781563,0.034821778535842896,0.034821778535842896,0.034821778535842896,0.03570038080215454,0.034821778535842896,0.037940751761198044,0.03702833503484726,0.041733913123607635,0.034821778535842896,0.034821778535842896,0.034821778535842896,0.04019635543227196,0.046119049191474915,0.034821778535842896
2016-08-10,0.04478127881884575,0.03462793678045273,0.03462793678045273,0.03462793678045273,0.04393132030963898,0.03462793678045273,0.04502435401082039,0.03504336625337601,0.035461559891700745,0.03614107146859169,0.03462793678045273,0.03462793678045273,0.03511584922671318,0.03462793678045273,0.03462793678045273,0.03462793678045273,0.037637658417224884,0.03462793678045273,0.03607683256268501,0.036852262914180756,0.04186331853270531,0.03462793678045273,0.03462793678045273,0.03462793678045273,0.04135728254914284,0.04592275246977806,0.03462793678045273
2016-08-11,0.042099729180336,0.03589750453829765,0.0350942425429821,0.037320155650377274,0.043479859828948975,0.0350942425429821,0.0443471223115921,0.03640099987387657,0.0350942425429821,0.03568039461970329,0.0350942425429821,0.0350942425429821,0.0350942425429821,0.0350942425429821,0.0350942425429821,0.0350942425429821,0.035542283207178116,0.0350942425429821,0.04018622264266014,0.0350942425429821,0.03738754987716675,0.0350942425429821,0.0350942425429821,0.0350942425429821,0.03782449662685394,0.04742000624537468,0.0350942425429821
2016-08-12,0.03989662602543831,0.03745689243078232,0.03681986778974533,0.03711128234863281,0.04161595180630684,0.03484977409243584,0.04770937189459801,0.036206845194101334,0.03484977409243584,0.037578657269477844,0.03484977409243584,0.03484977409243584,0.03484977409243584,0.03484977409243584,0.03484977409243584,0.03484977409243584,0.03514353185892105,0.03484977409243584,0.04063687101006508,0.03484977409243584,0.03853562846779823,0.03484977409243584,0.03484977409243584,0.03484977409243584,0.03604397922754288,0.04734766110777855,0.03484977409243584
2016-08-15,0.04140232503414154,0.036400407552719116,0.03502294793725014,0.03726746514439583,0.04293687269091606,0.03502294793725014,0.045533034950494766,0.03637140989303589,0.03502294793725014,0.036269575357437134,0.03502294793725014,0.03502294793725014,0.03502294793725014,0.03502294793725014,0.03502294793725014,0.03502294793725014,0.03544091433286667,0.03502294793725014,0.0404750294983387,0.03502294793725014,0.03779648244380951,0.03502294793725014,0.03502294793725014,0.03502294793725014,0.03720248118042946,0.04755982756614685,0.03502294793725014
2016-08-16,0.04304253309965134,0.03488854691386223,0.03488854691386223,0.04001133143901825,0.03755871579051018,0.035361092537641525,0.03695070743560791,0.03488854691386223,0.04007275030016899,0.03488854691386223,0.03488854691386223,0.03488854691386223,0.03488854691386223,0.03488854691386223,0.03488854691386223,0.03488854691386223,0.03488854691386223,0.03488854691386223,0.040041469037532806,0.037074778228998184,0.04112375155091286,0.03488854691386223,0.03488854691386223,0.03616989031434059,0.03830934315919876,0.050955384969711304,0.03488854691386223
2016-08-17,0.04177771508693695,0.03532075881958008,0.03532075881958008,0.04292619228363037,0.0355910025537014,0.03532075881958008,0.03532075881958008,0.03532075881958008,0.037036966532468796,0.03532075881958008,0.03532075881958008,0.03532075881958008,0.03852694109082222,0.03532075881958008,0.04263453930616379,0.03532075881958008,0.03532075881958008,0.03532075881958008,0.04151567071676254,0.03532075881958008,0.03626931086182594,0.03532075881958008,0.03532075881958008,0.03868158534169197,0.040660105645656586,0.03924775496125221,0.03532075881958008
2016-08-18,0.041842713952064514,0.035252802073955536,0.035252802073955536,0.041955962777137756,0.03660603240132332,0.035889655351638794,0.035252802073955536,0.035252802073955536,0.03771770000457764,0.035252802073955536,0.035252802073955536,0.035252802073955536,0.036275457590818405,0.035252802073955536,0.03984277322888374,0.035252802073955536,0.035252802073955536,0.035252802073955536,0.04244831204414368,0.036558378487825394,0.03814850375056267,0.035252802073955536,0.035252802073955536,0.037929974496364594,0.04018111154437065,0.04106425866484642,0.035252802073955536
2016-08-19,0.0453646257519722,0.034958988428115845,0.034958988428115845,0.03906687721610069,0.037874095141887665,0.03766321763396263,0.03769315406680107,0.037061434239149094,0.03560025617480278,0.034958988428115845,0.034958988428115845,0.034958988428115845,0.035571541637182236,0.034958988428115845,0.034958988428115845,0.034958988428115845,0.034958988428115845,0.034958988428115845,0.0421404168009758,0.03700126335024834,0.04160885885357857,0.034958988428115845,0.035571783781051636,0.03553866595029831,0.03808972239494324,0.04464622214436531,0.034958988428115845
2016-08-22,0.0426962785422802,0.0350785031914711,0.0350785031914711,0.040785081684589386,0.03658920153975487,0.037449926137924194,0.03613721579313278,0.03684151545166969,0.035251639783382416,0.0350785031914711,0.0350785031914711,0.0350785031914711,0.0350785031914711,0.0350785031914711,0.036019086837768555,0.0350785031914711,0.0350785031914711,0.0350785031914711,0.04342050850391388,0.03845807537436485,0.040815580636262894,0.0350785031914711,0.0350785031914711,0.036120813339948654,0.03964229300618172,0.04375222697854042,0.0350785031914711
2016-08-23,0.04047970846295357,0.03553776070475578,0.03553776070475578,0.03950713947415352,0.03624041751027107,0.036448393017053604,0.03553776070475578,0.03674406558275223,0.03553776070475578,0.03553776070475578,0.03553776070475578,0.03553776070475578,0.03553776070475578,0.03553776070475578,0.03627985715866089,0.03553776070475578,0.03553776070475578,0.03553776070475578,0.042788732796907425,0.03945878893136978,0.0412011481821537,0.03553776070475578,0.03553776070475578,0.03656270354986191,0.0399763286113739,0.04124635085463524,0.03553776070475578
2016-08-24,0.0416824072599411,0.034841325134038925,0.034841325134038925,0.04425537958741188,0.034841325134038925,0.03618936613202095,0.034841325134038925,0.034841325134038925,0.03922513127326965,0.034841325134038925,0.034841325134038925,0.034841325134038925,0.034841325134038925,0.034841325134038925,0.0381958894431591,0.034841325134038925,0.034841325134038925,0.034841325134038925,0.041949398815631866,0.034841325134038925,0.04234689474105835,0.034841325134038925,0.03554188832640648,0.04326705262064934,0.03839930146932602,0.041486021131277084,0.034841325134038925
2016-08-25,0.04589805752038956,0.03540242090821266,0.03540242090821266,0.04133414104580879,0.03997720032930374,0.03540242090821266,0.03540242090821266,0.03540242090821266,0.03540242090821266,0.03540242090821266,0.03540242090821266,0.03540242090821266,0.04150021821260452,0.03540242090821266,0.0358382984995842,0.03540242090821266,0.03540242090821266,0.03540242090821266,0.03785816207528114,0.03540242090821266,0.03724206984043121,0.03540242090821266,0.03677234798669815,0.036983802914619446,0.036433976143598557,0.04372302070260048,0.03540242090821266
2016-08-26,0.04177779331803322,0.03546175733208656,0.03546175733208656,0.04159959405660629,0.036656204611063004,0.03546175733208656,0.03546175733208656,0.03546175733208656,0.03915507718920708,0.03546175733208656,0.03546175733208656,0.03605423495173454,0.04549909010529518,0.03546175733208656,0.03901507332921028,0.03546175733208656,0.0366586372256279,0.03546175733208656,0.03546175733208656,0.03546175733208656,0.03546175733208656,0.03546175733208656,0.036617837846279144,0.03969187289476395,0.03681815043091774,0.03853007033467293,0.03546175733208656
2016-08-29,0.043006736785173416,0.03525549918413162,0.03525549918413162,0.041303180158138275,0.038871392607688904,0.03525549918413162,0.03525549918413162,0.03525549918413162,0.0382688082754612,0.03525549918413162,0.03525549918413162,0.037626639008522034,0.04459813982248306,0.03525549918413162,0.039789360016584396,0.03525549918413162,0.038442570716142654,0.03590557351708412,0.03525549918413162,0.03525549918413162,0.03525549918413162,0.03525549918413162,0.03525549918413162,0.03797338902950287,0.03659885376691818,0.03878287225961685,0.03525549918413162
2016-08-30,0.04872171953320503,0.03497619181871414,0.03497619181871414,0.04105452075600624,0.041338976472616196,0.03497619181871414,0.03497619181871414,0.03497619181871414,0.0371554009616375,0.03497619181871414,0.03497619181871414,0.03497619181871414,0.04379808157682419,0.03497619181871414,0.037121593952178955,0.03497619181871414,0.03709539398550987,0.03497619181871414,0.035466939210891724,0.03497619181871414,0.03646188974380493,0.03497619181871414,0.036345288157463074,0.03839050978422165,0.036451615393161774,0.04093138501048088,0.03497619181871414
2016-08-31,0.044493209570646286,0.03516573831439018,0.03516573831439018,0.041772328317165375,0.035743597894907,0.03746500611305237,0.03516573831439018,0.03516573831439018,0.03720897063612938,0.03516573831439018,0.03516573831439018,0.03516573831439018,0.04271765425801277,0.03516573831439018,0.03928760439157486,0.03516573831439018,0.03516573831439018,0.03516573831439018,0.035870201885700226,0.03516573831439018,0.036556173115968704,0.03516573831439018,0.04067768529057503,0.0422094389796257,0.036703288555145264,0.036974601447582245,0.03516573831439018
2016-09-01,0.04230102524161339,0.035324856638908386,0.035324856638908386,0.04280145838856697,0.03545846417546272,0.037531670182943344,0.035324856638908386,0.035324856638908386,0.0381125807762146,0.035324856638908386,0.035324856638908386,0.035324856638908386,0.035324856638908386,0.035324856638908386,0.046268563717603683,0.035324856638908386,0.035324856638908386,0.035324856638908386,0.035324856638908386,0.035324856638908386,0.03623811528086662,0.035324856638908386,0.038797955960035324,0.043872423470020294,0.038095176219940186,0.035324856638908386,0.035324856638908386
2016-09-02,0.03818808123469353,0.03604978695511818,0.03604978695511818,0.04054085910320282,0.0367962047457695,0.03604978695511818,0.03604978695511818,0.03604978695511818,0.03604978695511818,0.03604978695511818,0.03604978695511818,0.03604978695511818,0.03604978695511818,0.03604978695511818,0.04302918165922165,0.03604978695511818,0.03604978695511818,0.03604978695511818,0.037962909787893295,0.03604978695511818,0.03719467669725418,0.03604978695511818,0.03604978695511818,0.044096238911151886,0.03676114231348038,0.03653448820114136,0.03604978695511818
2016-09-06,0.035824231803417206,0.03623342514038086,0.03632901981472969,0.042161453515291214,0.035824231803417206,0.03879489004611969,0.035824231803417206,0.035824231803417206,0.035824231803417206,0.0370241217315197,0.035824231803417206,0.035824231803417206,0.035824231803417206,0.03589769825339317,0.035824231803417206,0.035824231803417206,0.035824231803417206,0.035824231803417206,0.03881955146789551,0.035824231803417206,0.042666759341955185,0.035824231803417206,0.03955276682972908,0.03809405490756035,0.035824231803417206,0.04123854637145996,0.035824231803417206
2016-09-07,0.03712870180606842,0.03486010059714317,0.03486010059714317,0.046137675642967224,0.03486010059714317,0.03486010059714317,0.03486010059714317,0.03486010059714317,0.03486010059714317,0.03486010059714317,0.03486010059714317,0.03486010059714317,0.03486010059714317,0.03486010059714317,0.053559139370918274,0.03486010059714317,0.03486010059714317,0.03486010059714317,0.03648832440376282,0.03486010059714317,0.03486010059714317,0.03486010059714317,0.04104417935013771,0.04717085883021355,0.03821820393204689,0.03486010059714317,0.037910930812358856
2016-09-08,0.03670601174235344,0.03491753712296486,0.03491753712296486,0.044682811945676804,0.03491753712296486,0.03491753712296486,0.03491753712296486,0.03491753712296486,0.03491753712296486,0.03491753712296486,0.03491753712296486,0.03491753712296486,0.03491753712296486,0.03491753712296486,0.05246475338935852,0.03491753712296486,0.03491753712296486,0.03491753712296486,0.038484349846839905,0.03491753712296486,0.03491753712296486,0.03491753712296486,0.041553959250450134,0.04747212678194046,0.036327410489320755,0.03491753712296486,0.03887535259127617
2016-09-09,0.03540400043129921,0.036050375550985336,0.03540400043129921,0.04417531192302704,0.03540400043129921,0.038075290620326996,0.03540400043129921,0.03540400043129921,0.03540400043129921,0.03540400043129921,0.03540400043129921,0.03540400043129921,0.03540400043129921,0.03540400043129921,0.05136493593454361,0.03540400043129921,0.03540400043129921,0.03540400043129921,0.03540400043129921,0.03540400043129921,0.03540400043129921,0.03540400043129921,0.039555907249450684,0.045754555612802505,0.03540400043129921,0.03540400043129921,0.03694360703229904
2016-09-12,0.03570447117090225,0.03745679184794426,0.03570447117090225,0.03570447117090225,0.04124986752867699,0.03570447117090225,0.03570447117090225,0.03570447117090225,0.03570447117090225,0.03570447117090225,0.03570447117090225,0.03570447117090225,0.03570447117090225,0.03570447117090225,0.04759296402335167,0.03570447117090225,0.03570447117090225,0.03570447117090225,0.03570447117090225,0.03570447117090225,0.03570447117090225,0.037276946008205414,0.041808292269706726,0.03763484209775925,0.04289087653160095,0.03570447117090225,0.03570447117090225
2016-09-13,0.03553038835525513,0.04284517839550972,0.03553038835525513,0.03553038835525513,0.04014959558844566,0.03553038835525513,0.03600247949361801,0.03553038835525513,0.03553038835525513,0.03553038835525513,0.03553038835525513,0.03553038835525513,0.03553038835525513,0.03553038835525513,0.04808078333735466,0.0376327820122242,0.03553038835525513,0.03553038835525513,0.03553038835525513,0.03553038835525513,0.038497187197208405,0.03553038835525513,0.0373777411878109,0.040155839174985886,0.03971140831708908,0.03553038835525513,0.03553038835525513
2016-09-14,0.035353709012269974,0.039306893944740295,0.035353709012269974,0.035353709012269974,0.04318176582455635,0.035353709012269974,0.035353709012269974,0.035353709012269974,0.036642804741859436,0.035353709012269974,0.035353709012269974,0.035353709012269974,0.04043135792016983,0.035353709012269974,0.044577620923519135,0.035353709012269974,0.035425104200839996,0.035353709012269974,0.03617814555764198,0.035353709012269974,0.035353709012269974,0.035353709012269974,0.0369507372379303,0.03634074330329895,0.045299507677555084,0.035353709012269974,0.04000592231750488
2016-09-15,0.0358135811984539,0.04125279560685158,0.03546223044395447,0.03546223044395447,0.044932421296834946,0.03546223044395447,0.03546223044395447,0.03546223044395447,0.039490923285484314,0.03546223044395447,0.03546223044395447,0.03546223044395447,0.039057739078998566,0.03546223044395447,0.04121314361691475,0.03546223044395447,0.03546223044395447,0.03546223044395447,0.03546223044395447,0.03546223044395447,0.03554801642894745,0.03546223044395447,0.03546223044395447,0.03688627481460571,0.04236670583486557,0.03719161078333855,0.03885107859969139
2016-09-16,0.03543759137392044,0.044856488704681396,0.03738829493522644,0.03507234901189804,0.0418708510696888,0.03507234901189804,0.03507234901189804,0.03507234901189804,0.03943341597914696,0.03507234901189804,0.03507234901189804,0.03800714388489723,0.04103025421500206,0.03507234901189804,0.03741784766316414,0.03745696321129799,0.037876762449741364,0.03507234901189804,0.03507234901189804,0.03507234901189804,0.03507234901189804,0.03507234901189804,0.03507234901189804,0.03507234901189804,0.03854745626449585,0.03854675963521004,0.04111727699637413
2016-09-19,0.04306628927588463,0.03908870741724968,0.041081082075834274,0.03414422646164894,0.048646230250597,0.03414422646164894,0.03435716778039932,0.037452761083841324,0.042378999292850494,0.03414422646164894,0.03414422646164894,0.03414422646164894,0.03836285322904587,0.03414422646164894,0.03414422646164894,0.03414422646164894,0.040579065680503845,0.03545786440372467,0.03552555665373802,0.037199608981609344,0.03414422646164894,0.03414422646164894,0.03414422646164894,0.03414422646164894,0.038017187267541885,0.04077398031949997,0.038281865417957306
2016-09-20,0.03579036146402359,0.047569405287504196,0.0353083498775959,0.0351698063313961,0.04553830623626709,0.0351698063313961,0.0351698063313961,0.0351698063313961,0.04192899540066719,0.0351698063313961,0.0351698063313961,0.03765067830681801,0.03643132373690605,0.0351698063313961,0.03699737787246704,0.0351698063313961,0.03544897958636284,0.0351698063313961,0.03727502375841141,0.03685804083943367,0.0351698063313961,0.0351698063313961,0.0351698063313961,0.0351698063313961,0.039749693125486374,0.039017919450998306,0.03722807765007019
2016-09-21,0.03520645573735237,0.0481618233025074,0.035380247980356216,0.03520645573735237,0.04588775336742401,0.03520645573735237,0.03520645573735237,0.03520645573735237,0.03520645573735237,0.03520645573735237,0.03520645573735237,0.04156056046485901,0.03715899586677551,0.03520645573735237,0.03837049752473831,0.03728742152452469,0.03694605827331543,0.03520645573735237,0.036952339112758636,0.035357777029275894,0.03520645573735237,0.03520645573735237,0.03520645573735237,0.03520645573735237,0.03847430646419525,0.038709018379449844,0.03686287999153137
2016-09-22,0.037108756601810455,0.04172506928443909,0.03553900867700577,0.036135442554950714,0.04444129019975662,0.03553900867700577,0.039764489978551865,0.03553900867700577,0.03553900867700577,0.03801218420267105,0.03553900867700577,0.03802047297358513,0.03553900867700577,0.03553900867700577,0.03553900867700577,0.03553900867700577,0.03830604627728462,0.03553900867700577,0.035766810178756714,0.03553900867700577,0.03845341131091118,0.03553900867700577,0.03553900867700577,0.03553900867700577,0.03966953232884407,0.039511457085609436,0.03553900867700577
2016-09-23,0.03670606017112732,0.03996565565466881,0.038014113903045654,0.038997866213321686,0.039132196456193924,0.03545999154448509,0.039431191980838776,0.03545999154448509,0.03545999154448509,0.04130278527736664,0.03545999154448509,0.03876784071326256,0.03545999154448509,0.03545999154448509,0.039245832711458206,0.03545999154448509,0.03778191655874252,0.03545999154448509,0.037551358342170715,0.03545999154448509,0.0358167327940464,0.03545999154448509,0.03545999154448509,0.03545999154448509,0.03545999154448509,0.040846534073352814,0.03545999154448509
2016-09-26,0.03512045368552208,0.04556816816329956,0.03854447603225708,0.03655047342181206,0.03955036774277687,0.03512045368552208,0.0410027876496315,0.03512045368552208,0.03512045368552208,0.042340632528066635,0.03512045368552208,0.03919675201177597,0.03512045368552208,0.03512045368552208,0.03938841447234154,0.0362870953977108,0.03863135352730751,0.03512045368552208,0.03660888969898224,0.03512045368552208,0.03512045368552208,0.03512045368552208,0.03512045368552208,0.03512045368552208,0.03512045368552208,0.03952379897236824,0.03512045368552208
2016-09-27,0.034954983741045,0.045970410108566284,0.034954983741045,0.034954983741045,0.04455193877220154,0.034954983741045,0.034954983741045,0.034954983741045,0.034954983741045,0.034954983741045,0.034954983741045,0.040279243141412735,0.04116436839103699,0.034954983741045,0.04018539562821388,0.03924291208386421,0.036652691662311554,0.034954983741045,0.03660091385245323,0.034954983741045,0.034954983741045,0.034954983741045,0.034954983741045,0.034954983741045,0.040208008140325546,0.034954983741045,0.040909409523010254
2016-09-28,0.03544146195054054,0.04460012540221214,0.03495793417096138,0.03495793417096138,0.04190058261156082,0.03495793417096138,0.038344964385032654,0.03495793417096138,0.03495793417096138,0.039035022258758545,0.03495793417096138,0.04237467795610428,0.036336444318294525,0.03495793417096138,0.04030010849237442,0.04159628599882126,0.035833075642585754,0.03495793417096138,0.03672674670815468,0.03495793417096138,0.03495793417096138,0.03495793417096138,0.03495793417096138,0.03495793417096138,0.039579007774591446,0.03661976009607315,0.03685860335826874
2016-09-29,0.03526925668120384,0.0441531240940094,0.03526925668120384,0.040485940873622894,0.03850378468632698,0.03526925668120384,0.0383756123483181,0.03526925668120384,0.03526925668120384,0.037934381514787674,0.03526925668120384,0.03783305734395981,0.03526925668120384,0.03526925668120384,0.04171539098024368,0.04015402868390083,0.03526925668120384,0.03526925668120384,0.03526925668120384,0.03526925668120384,0.03557406738400459,0.03526925668120384,0.03526925668120384,0.03526925668120384,0.03830588608980179,0.04265657439827919,0.03526925668120384
2016-09-30,0.03850504383444786,0.04329674690961838,0.035214878618717194,0.03867802768945694,0.041519057005643845,0.035214878618717194,0.03542722389101982,0.035214878618717194,0.035214878618717194,0.03590768948197365,0.035214878618717194,0.035214878618717194,0.03574007377028465,0.035214878618717194,0.04131205007433891,0.040100228041410446,0.035214878618717194,0.035214878618717194,0.03825301676988602,0.03949105367064476,0.03734132647514343,0.035214878618717194,0.035214878618717194,0.03657024726271629,0.03966055065393448,0.03561911731958389,0.035214878618717194
2016-10-03,0.03916315361857414,0.04469507932662964,0.034957095980644226,0.039625443518161774,0.03953859210014343,0.034957095980644226,0.03821291774511337,0.034957095980644226,0.034957095980644226,0.03715784475207329,0.034957095980644226,0.03747592866420746,0.034957095980644226,0.034957095980644226,0.0420200377702713,0.04160267114639282,0.034957095980644226,0.034957095980644226,0.03637981042265892,0.037333980202674866,0.037077080458402634,0.034957095980644226,0.034957095980644226,0.035036537796258926,0.03828529641032219,0.0369105339050293,0.034957095980644226
2016-10-04,0.04068126901984215,0.04288995638489723,0.035390518605709076,0.03971431031823158,0.04058867692947388,0.035390518605709076,0.03724223002791405,0.035390518605709076,0.035390518605709076,0.0384182445704937,0.035390518605709076,0.03734038397669792,0.035390518605709076,0.035390518605709076,0.03921367600560188,0.03827773779630661,0.035390518605709076,0.035390518605709076,0.0369206927716732,0.037126101553440094,0.03766772150993347,0.035390518605709076,0.035390518605709076,0.03577735275030136,0.037936531007289886,0.03551885858178139,0.035390518605709076
2016-10-05,0.03973373398184776,0.04074762389063835,0.035664334893226624,0.040247466415166855,0.03934556990861893,0.035664334893226624,0.03716486319899559,0.035664334893226624,0.035664334893226624,0.038864217698574066,0.035664334893226624,0.035664334893226624,0.035664334893226624,0.035664334893226624,0.03883318603038788,0.03601856529712677,0.035664334893226624,0.035664334893226624,0.03697757050395012,0.03614863008260727,0.040626395493745804,0.035664334893226624,0.03655683994293213,0.03664660081267357,0.03843120113015175,0.0356854610145092,0.035664334893226624
2016-10-06,0.04278263822197914,0.04225075989961624,0.034818731248378754,0.04010247811675072,0.037493590265512466,0.034818731248378754,0.037109021097421646,0.034818731248378754,0.034818731248378754,0.037391215562820435,0.034818731248378754,0.034818731248378754,0.034818731248378754,0.034818731248378754,0.04136449098587036,0.034818731248378754,0.034818731248378754,0.034818731248378754,0.03498903661966324,0.03703641891479492,0.04461653530597687,0.034818731248378754,0.034818731248378754,0.03805520758032799,0.041260868310928345,0.03808557987213135,0.034818731248378754
2016-10-07,0.0404604971408844,0.040823038667440414,0.035089172422885895,0.043816689401865005,0.039349570870399475,0.035089172422885895,0.035089172422885895,0.035089172422885895,0.035089172422885895,0.035089172422885895,0.035089172422885895,0.035089172422885895,0.035089172422885895,0.035089172422885895,0.046078749001026154,0.035089172422885895,0.03826155140995979,0.035089172422885895,0.035089172422885895,0.035089172422885895,0.04138756915926933,0.035089172422885895,0.035089172422885895,0.037874653935432434,0.040342554450035095,0.035089172422885895,0.035089172422885895
2016-10-10,0.04429959878325462,0.034642402082681656,0.034642402082681656,0.042460713535547256,0.03916258364915848,0.034908901900053024,0.034642402082681656,0.03847966715693474,0.034642402082681656,0.034642402082681656,0.03478784114122391,0.034642402082681656,0.037226587533950806,0.034642402082681656,0.042672015726566315,0.034642402082681656,0.03548753634095192,0.041153617203235626,0.034642402082681656,0.034642402082681656,0.03637092933058739,0.038876429200172424,0.034642402082681656,0.041442424058914185,0.04231991618871689,0.034642402082681656,0.034642402082681656
2016-10-11,0.052281755954027176,0.0341617651283741,0.03453438729047775,0.035665981471538544,0.046024139970541,0.0341617651283741,0.03883497789502144,0.03919348865747452,0.0341617651283741,0.03454417362809181,0.03584306314587593,0.0341617651283741,0.0398719422519207,0.0341617651283741,0.0341617651283741,0.0341617651283741,0.0382007472217083,0.03923199325799942,0.0341617651283741,0.0341617651283741,0.03968081995844841,0.038126859813928604,0.0341617651283741,0.0341617651283741,0.041097816079854965,0.03692664951086044,0.0341617651283741
2016-10-12,0.038745906203985214,0.03531903773546219,0.03531903773546219,0.04293432459235191,0.03709528595209122,0.03551361337304115,0.03531903773546219,0.03531903773546219,0.03531903773546219,0.03531903773546219,0.03531903773546219,0.03531903773546219,0.03931419923901558,0.03531903773546219,0.04939165338873863,0.03531903773546219,0.03531903773546219,0.03737396374344826,0.03531903773546219,0.03531903773546219,0.03658163547515869,0.03646261990070343,0.03653346374630928,0.0406818725168705,0.03958594426512718,0.03531903773546219,0.03531903773546219
2016-10-13,0.04260200634598732,0.034704066812992096,0.034704066812992096,0.04080159589648247,0.040069881826639175,0.03511480987071991,0.034704066812992096,0.03670882433652878,0.03632551059126854,0.034704066812992096,0.034704066812992096,0.034704066812992096,0.046289701014757156,0.034704066812992096,0.04596490040421486,0.034704066812992096,0.034704066812992096,0.03593939170241356,0.03521933779120445,0.034704066812992096,0.034704066812992096,0.034704066812992096,0.034704066812992096,0.04008488357067108,0.043724946677684784,0.034704066812992096,0.0352972075343132
2016-10-14,0.042632460594177246,0.03702763840556145,0.03496645390987396,0.03588080406188965,0.035619791597127914,0.035534702241420746,0.03496645390987396,0.03509313985705376,0.0380895733833313,0.03496645390987396,0.03496645390987396,0.03496645390987396,0.04535506293177605,0.03496645390987396,0.04645274579524994,0.036496806889772415,0.03496645390987396,0.03496645390987396,0.0368843749165535,0.03496645390987396,0.03496645390987396,0.03496645390987396,0.03496645390987396,0.036103468388319016,0.04253474250435829,0.03496645390987396,0.041730862110853195
2016-10-17,0.04338831081986427,0.037276770919561386,0.034897807985544205,0.03716588020324707,0.038654718548059464,0.034897807985544205,0.034897807985544205,0.035221464931964874,0.037098221480846405,0.034897807985544205,0.034897807985544205,0.035904090851545334,0.044954363256692886,0.034897807985544205,0.044141460210084915,0.03600058704614639,0.03700430691242218,0.034897807985544205,0.03783848136663437,0.034897807985544205,0.034897807985544205,0.034897807985544205,0.034897807985544205,0.0352066345512867,0.04365692660212517,0.035019196569919586,0.03759261593222618
2016-10-18,0.038024548441171646,0.03604763746261597,0.034850992262363434,0.03609328344464302,0.04023503512144089,0.03570004925131798,0.034850992262363434,0.03560072183609009,0.034850992262363434,0.034850992262363434,0.035701461136341095,0.03642846271395683,0.041251376271247864,0.034850992262363434,0.05150435119867325,0.034850992262363434,0.034850992262363434,0.037539925426244736,0.039095669984817505,0.034850992262363434,0.034850992262363434,0.03670034557580948,0.03624926507472992,0.03532811999320984,0.040291134268045425,0.034850992262363434,0.03969869390130043
2016-10-19,0.03692829981446266,0.04497959092259407,0.036212578415870667,0.035512447357177734,0.04033645987510681,0.035512447357177734,0.035512447357177734,0.035512447357177734,0.035512447357177734,0.035512447357177734,0.035512447357177734,0.03686397150158882,0.0359259657561779,0.035512447357177734,0.0424063466489315,0.04215875267982483,0.03937998786568642,0.035512447357177734,0.035512447357177734,0.035512447357177734,0.03818849101662636,0.035512447357177734,0.035512447357177734,0.035512447357177734,0.035512447357177734,0.035512447357177734,0.03842040151357651
2016-10-20,0.03720233961939812,0.0412711501121521,0.035381980240345,0.0356350801885128,0.04150845482945442,0.03540586680173874,0.035381980240345,0.035381980240345,0.035381980240345,0.035381980240345,0.03880938142538071,0.038504328578710556,0.04031950980424881,0.035381980240345,0.04077700525522232,0.039527568966150284,0.04029620811343193,0.035381980240345,0.03653470799326897,0.035381980240345,0.035381980240345,0.035381980240345,0.035381980240345,0.035381980240345,0.03694600611925125,0.035381980240345,0.03729666396975517
2016-10-21,0.03632521256804466,0.03933820500969887,0.03516159951686859,0.03516159951686859,0.04385611414909363,0.03516159951686859,0.03777399659156799,0.03516159951686859,0.03718103468418121,0.03724869340658188,0.03516159951686859,0.03516159951686859,0.03516159951686859,0.03516159951686859,0.04246695712208748,0.03516159951686859,0.03562236577272415,0.03516159951686859,0.03516159951686859,0.03644329681992531,0.04150176793336868,0.03516159951686859,0.03516159951686859,0.03924783691763878,0.045570529997348785,0.03516159951686859,0.03516159951686859
2016-10-24,0.03871706500649452,0.03560596704483032,0.03496495261788368,0.03496495261788368,0.04871319606900215,0.03496495261788368,0.04065193980932236,0.03496495261788368,0.03496495261788368,0.037192948162555695,0.03496495261788368,0.03496495261788368,0.037883300334215164,0.03496495261788368,0.03684346750378609,0.03496495261788368,0.03852391988039017,0.03496495261788368,0.03496495261788368,0.038949210196733475,0.04320773482322693,0.03496495261788368,0.03496495261788368,0.036535296589136124,0.042701683938503265,0.03496495261788368,0.03496495261788368
2016-10-25,0.04130297899246216,0.03467226400971413,0.03467226400971413,0.0355650968849659,0.0452030673623085,0.03467226400971413,0.038182418793439865,0.03778707981109619,0.035519953817129135,0.03585998713970184,0.03467226400971413,0.03467226400971413,0.039144210517406464,0.03467226400971413,0.037248481065034866,0.03467226400971413,0.03542564436793327,0.03467226400971413,0.03467226400971413,0.03796428069472313,0.04400813579559326,0.03467226400971413,0.035618070513010025,0.042086679488420486,0.042426325380802155,0.03526270389556885,0.03467226400971413
2016-10-26,0.039952393621206284,0.035888995975255966,0.03519519791007042,0.03613767772912979,0.04320167005062103,0.03519519791007042,0.039758604019880295,0.03519519791007042,0.036649107933044434,0.03757677227258682,0.03519519791007042,0.03519519791007042,0.03519519791007042,0.03519519791007042,0.03590647503733635,0.03519519791007042,0.03756381571292877,0.03519519791007042,0.03519519791007042,0.03519519791007042,0.04450210556387901,0.03519519791007042,0.03519519791007042,0.041217442601919174,0.04194670543074608,0.036965545266866684,0.03519519791007042
2016-10-27,0.0401461124420166,0.04157942533493042,0.03466549515724182,0.03466549515724182,0.04891933500766754,0.03466549515724182,0.042520374059677124,0.03466549515724182,0.03770878165960312,0.03466549515724182,0.03466549515724182,0.03548729047179222,0.03466549515724182,0.03466549515724182,0.03895721957087517,0.03466549515724182,0.041302964091300964,0.03466549515724182,0.03466549515724182,0.035011176019907,0.04063694551587105,0.03466549515724182,0.03466549515724182,0.03652618080377579,0.039064671844244,0.03682257607579231,0.03466549515724182
2016-10-28,0.038013167679309845,0.042112499475479126,0.03476688638329506,0.03695522993803024,0.04857896640896797,0.03476688638329506,0.04380156099796295,0.03476688638329506,0.03476688638329506,0.03476688638329506,0.03476688638329506,0.039534792304039,0.03476688638329506,0.03476688638329506,0.039499491453170776,0.03476688638329506,0.04238910600543022,0.03476688638329506,0.03476688638329506,0.03476688638329506,0.03527521714568138,0.03476688638329506,0.03476688638329506,0.03476688638329506,0.04073407128453255,0.036835744976997375,0.03476688638329506
2016-10-31,0.03811989724636078,0.040231458842754364,0.03502950444817543,0.036416105926036835,0.04630720242857933,0.03502950444817543,0.03850958123803139,0.03502950444817543,0.03502950444817543,0.03502950444817543,0.03502950444817543,0.037479888647794724,0.03651638701558113,0.03502950444817543,0.04562155902385712,0.03526380658149719,0.0396510548889637,0.03502950444817543,0.03502950444817543,0.03502950444817543,0.037555452436208725,0.03502950444817543,0.03502950444817543,0.04055698961019516,0.03735757991671562,0.03502950444817543,0.03502950444817543
2016-11-01,0.03878970444202423,0.039851199835538864,0.03506116196513176,0.035605136305093765,0.04413343593478203,0.03565949946641922,0.03506116196513176,0.03506116196513176,0.03506116196513176,0.03506116196513176,0.03506116196513176,0.03621041402220726,0.03798592463135719,0.03506116196513176,0.04947889968752861,0.03717530891299248,0.036234255880117416,0.03506116196513176,0.03506116196513176,0.03506116196513176,0.03580893576145172,0.03506116196513176,0.03506116196513176,0.04176044091582298,0.0382663756608963,0.03506116196513176,0.03724532946944237
2016-11-02,0.03715604543685913,0.04333911091089249,0.03479505702853203,0.03479505702853203,0.04586322233080864,0.03479505702853203,0.038833826780319214,0.03479505702853203,0.03479505702853203,0.03479505702853203,0.03740094229578972,0.037969063967466354,0.036133989691734314,0.03479505702853203,0.047980159521102905,0.035300396382808685,0.04169890284538269,0.03479505702853203,0.03479505702853203,0.03479505702853203,0.03483722358942032,0.03598736599087715,0.03479505702853203,0.03712209686636925,0.038041990250349045,0.03479505702853203,0.03479505702853203
2016-11-03,0.036355677992105484,0.043539226055145264,0.03503992035984993,0.03503992035984993,0.04663395509123802,0.03503992035984993,0.040541358292102814,0.03503992035984993,0.03503992035984993,0.03503992035984993,0.03644751384854317,0.0386977344751358,0.03503992035984993,0.03503992035984993,0.04551266133785248,0.03503992035984993,0.04065946862101555,0.03503992035984993,0.03503992035984993,0.03503992035984993,0.03522457554936409,0.03503992035984993,0.03503992035984993,0.037587106227874756,0.038162048906087875,0.03503992035984993,0.03503992035984993
2016-11-04,0.03573077544569969,0.04360917583107948,0.034709908068180084,0.034709908068180084,0.047574613243341446,0.034709908068180084,0.04195185378193855,0.034709908068180084,0.034709908068180084,0.038053467869758606,0.03546322509646416,0.039296556264162064,0.034709908068180084,0.034709908068180084,0.04403137415647507,0.034709908068180084,0.04038228839635849,0.034709908068180084,0.034709908068180084,0.034709908068180084,0.03611752763390541,0.034709908068180084,0.034709908068180084,0.037044424563646317,0.04009613022208214,0.034709908068180084,0.034709908068180084
2016-11-07,0.03540932387113571,0.03972948342561722,0.035014159977436066,0.03551943972706795,0.04820258170366287,0.035014159977436066,0.039332423359155655,0.035014159977436066,0.035014159977436066,0.037838783115148544,0.03510526567697525,0.03736923262476921,0.035014159977436066,0.035014159977436066,0.047114308923482895,0.035014159977436066,0.03813199698925018,0.03643570467829704,0.035014159977436066,0.035014159977436066,0.035014159977436066,0.035014159977436066,0.035014159977436066,0.03728252649307251,0.04233069717884064,0.035014159977436066,0.035014159977436066
2016-11-08,0.03568052873015404,0.035615332424640656,0.03466511890292168,0.035507380962371826,0.0507160983979702,0.03466511890292168,0.04107872396707535,0.03466511890292168,0.03466511890292168,0.03700040280818939,0.035550251603126526,0.03917296603322029,0.03525245189666748,0.03466511890292168,0.043092962354421616,0.03466511890292168,0.03847390040755272,0.03945270553231239,0.03466511890292168,0.03466511890292168,0.03466511890292168,0.035017892718315125,0.03466511890292168,0.03785884007811546,0.044548094272613525,0.03466511890292168,0.03466511890292168
2016-11-09,0.035929348319768906,0.039468083530664444,0.034969449043273926,0.03909669816493988,0.04586130008101463,0.034969449043273926,0.039527300745248795,0.034969449043273926,0.034969449043273926,0.03672574460506439,0.034969449043273926,0.03579121455550194,0.034969449043273926,0.034969449043273926,0.04591710865497589,0.034969449043273926,0.035514820367097855,0.034969449043273926,0.034969449043273926,0.034969449043273926,0.036203593015670776,0.034969449043273926,0.034969449043273926,0.04554817080497742,0.03987489640712738,0.034969449043273926,0.034969449043273926
2016-11-10,0.04395086318254471,0.042634423822164536,0.034733932465314865,0.037790197879076004,0.04427791386842728,0.03461764007806778,0.04905788227915764,0.03461764007806778,0.03461764007806778,0.03494409844279289,0.03461764007806778,0.03461764007806778,0.03461764007806778,0.03461764007806778,0.03461764007806778,0.03461764007806778,0.03825990855693817,0.03461764007806778,0.035542082041502,0.0350802019238472,0.04078735038638115,0.03461764007806778,0.03461764007806778,0.03508972376585007,0.03747708350419998,0.04034493863582611,0.03461764007806778
2016-11-11,0.045464955270290375,0.03428386151790619,0.03428386151790619,0.038375187665224075,0.046651460230350494,0.03428386151790619,0.047584664076566696,0.03518573194742203,0.03428386151790619,0.036143504083156586,0.03428386151790619,0.03428386151790619,0.03428386151790619,0.03428386151790619,0.03428386151790619,0.03428386151790619,0.03635696694254875,0.03428386151790619,0.035993870347738266,0.03918106108903885,0.04398613050580025,0.03428386151790619,0.03428386151790619,0.03982752189040184,0.03611673414707184,0.03915822505950928,0.03428386151790619
2016-11-14,0.039815474301576614,0.03454810380935669,0.03454810380935669,0.039563968777656555,0.046820323914289474,0.03454810380935669,0.04611126706004143,0.03454810380935669,0.03454810380935669,0.03654179722070694,0.03454810380935669,0.03454810380935669,0.03454810380935669,0.03454810380935669,0.03618638589978218,0.03454810380935669,0.037019725888967514,0.03528876602649689,0.03710212931036949,0.037902627140283585,0.042496997863054276,0.03454810380935669,0.03454810380935669,0.038640595972537994,0.03850072622299194,0.038883913308382034,0.03454810380935669
2016-11-15,0.04090056195855141,0.03481487184762955,0.03481487184762955,0.0397486537694931,0.044934578239917755,0.03481487184762955,0.0432014986872673,0.03481487184762955,0.034970108419656754,0.03755692020058632,0.03481487184762955,0.03481487184762955,0.03481487184762955,0.03481487184762955,0.03837667033076286,0.03481487184762955,0.03682229667901993,0.03481487184762955,0.035856928676366806,0.03524919971823692,0.0426349937915802,0.03481487184762955,0.03481487184762955,0.040029577910900116,0.03979838639497757,0.03732627257704735,0.03481487184762955
2016-11-16,0.03819485753774643,0.041315991431474686,0.035132016986608505,0.03763365373015404,0.04717789217829704,0.035132016986608505,0.04595717415213585,0.035132016986608505,0.035132016986608505,0.035948365926742554,0.035132016986608505,0.035132016986608505,0.035132016986608505,0.035132016986608505,0.0374394990503788,0.035132016986608505,0.03761518746614456,0.035132016986608505,0.035132016986608505,0.035132016986608505,0.038226980715990067,0.035132016986608505,0.035132016986608505,0.03955509513616562,0.03747713938355446,0.03647789731621742,0.035132016986608505
2016-11-17,0.035697367042303085,0.04332252964377403,0.03520747646689415,0.03938056528568268,0.046359434723854065,0.03520747646689415,0.04428088292479515,0.03520747646689415,0.03520747646689415,0.035792868584394455,0.03520747646689415,0.03520747646689415,0.03520747646689415,0.03520747646689415,0.03929492458701134,0.03520747646689415,0.040346406400203705,0.03520747646689415,0.03520747646689415,0.03520747646689415,0.03765501454472542,0.03520747646689415,0.03520747646689415,0.037371739745140076,0.0362713523209095,0.03611471876502037,0.03520747646689415
2016-11-18,0.04353974387049675,0.03470972925424576,0.03470972925424576,0.04071861132979393,0.03995301201939583,0.03470972925424576,0.038481131196022034,0.0356629341840744,0.03659988194704056,0.03470972925424576,0.03470972925424576,0.03470972925424576,0.03470972925424576,0.03470972925424576,0.04416215419769287,0.03470972925424576,0.03470972925424576,0.03470972925424576,0.03854158893227577,0.03470972925424576,0.03470972925424576,0.03470972925424576,0.03470972925424576,0.03966328129172325,0.0470178984105587,0.04030413180589676,0.03470972925424576
2016-11-21,0.04743898659944534,0.034031108021736145,0.034031108021736145,0.038682520389556885,0.047176070511341095,0.034031108021736145,0.034031108021736145,0.038158614188432693,0.034031108021736145,0.034031108021736145,0.034076038748025894,0.03423047438263893,0.04908688738942146,0.034031108021736145,0.0452713817358017,0.034031108021736145,0.03542593494057655,0.034031108021736145,0.034766603261232376,0.034031108021736145,0.034031108021736145,0.034031108021736145,0.034031108021736145,0.040803227573633194,0.044416651129722595,0.034031108021736145,0.034031108021736145
2016-11-22,0.046031538397073746,0.03467540442943573,0.03467540442943573,0.04147559404373169,0.042881835252046585,0.03796858713030815,0.03467540442943573,0.03696389123797417,0.03553560748696327,0.03467540442943573,0.03467540442943573,0.03467540442943573,0.040443237870931625,0.03467540442943573,0.04170132428407669,0.03467540442943573,0.03467540442943573,0.03467540442943573,0.0362105630338192,0.03467540442943573,0.035403404384851456,0.03467540442943573,0.03467540442943573,0.04209410771727562,0.04315923526883125,0.03467540442943573,0.03467540442943573
2016-11-23,0.04374433681368828,0.03473060578107834,0.03473060578107834,0.042814336717128754,0.037971917539834976,0.03661816567182541,0.03473060578107834,0.038513392210006714,0.03560914099216461,0.03473060578107834,0.03473060578107834,0.03473060578107834,0.03517943248152733,0.03473060578107834,0.044090572744607925,0.03473060578107834,0.03473060578107834,0.03473060578107834,0.041968248784542084,0.0353899821639061,0.03473060578107834,0.03473060578107834,0.03473060578107834,0.03991704806685448,0.04659755527973175,0.03535740450024605,0.03473060578107834
2016-11-25,0.041018497198820114,0.035008687525987625,0.035008687525987625,0.04245541989803314,0.03573344275355339,0.03589204326272011,0.035008687525987625,0.03891611471772194,0.035008687525987625,0.035008687525987625,0.035008687525987625,0.035008687525987625,0.035008687525987625,0.035008687525987625,0.044595714658498764,0.035008687525987625,0.035008687525987625,0.035008687525987625,0.04355116933584213,0.03580561280250549,0.035008687525987625,0.035008687525987625,0.035008687525987625,0.04407098889350891,0.04281333461403847,0.035008687525987625,0.035008687525987625
2016-11-28,0.03707798570394516,0.035422295331954956,0.035422295331954956,0.04335371032357216,0.035422295331954956,0.035422295331954956,0.035422295331954956,0.03714235499501228,0.035422295331954956,0.035422295331954956,0.035422295331954956,0.035422295331954956,0.035422295331954956,0.035422295331954956,0.04583790898323059,0.035422295331954956,0.035422295331954956,0.035422295331954956,0.044370923191308975,0.035422295331954956,0.035422295331954956,0.035422295331954956,0.035422295331954956,0.04299330338835716,0.04077784717082977,0.035422295331954956,0.035422295331954956
2016-11-29,0.04132094234228134,0.03508296608924866,0.03508296608924866,0.04284372553229332,0.035737067461013794,0.03508296608924866,0.03508296608924866,0.03812302649021149,0.03508296608924866,0.03508296608924866,0.03508296608924866,0.03508296608924866,0.03508296608924866,0.03508296608924866,0.04535882920026779,0.03508296608924866,0.03508296608924866,0.03508296608924866,0.043939828872680664,0.035261139273643494,0.03508296608924866,0.03508296608924866,0.03508296608924866,0.04379640519618988,0.04212561994791031,0.03508296608924866,0.03508296608924866
2016-11-30,0.041550349444150925,0.03534242510795593,0.03534242510795593,0.03960002586245537,0.03885564208030701,0.03534242510795593,0.03534242510795593,0.03796180337667465,0.03534242510795593,0.03534242510795593,0.03534242510795593,0.03534242510795593,0.03534242510795593,0.03534242510795593,0.042400162667036057,0.03534242510795593,0.03534242510795593,0.03534242510795593,0.04305257275700569,0.03840036317706108,0.03534242510795593,0.03534242510795593,0.03534242510795593,0.04167933017015457,0.03919694200158119,0.0364815779030323,0.03534242510795593
2016-12-01,0.04244735464453697,0.03492434695363045,0.03492434695363045,0.03992404043674469,0.03941195085644722,0.03492434695363045,0.03492434695363045,0.0373477041721344,0.03492434695363045,0.03492434695363045,0.03492434695363045,0.03492434695363045,0.03492434695363045,0.03492434695363045,0.04659833014011383,0.03492434695363045,0.03492434695363045,0.0352136455476284,0.04208500683307648,0.035332415252923965,0.03492434695363045,0.03492434695363045,0.03492434695363045,0.04130800813436508,0.043538354337215424,0.03800356015563011,0.03492434695363045
2016-12-02,0.03589784726500511,0.03589784726500511,0.03589784726500511,0.04173600301146507,0.036121174693107605,0.03589784726500511,0.03772563114762306,0.03729257732629776,0.03589784726500511,0.036311984062194824,0.03589784726500511,0.03589784726500511,0.03589784726500511,0.03589784726500511,0.04273019731044769,0.03651081398129463,0.03589784726500511,0.03589784726500511,0.04066375643014908,0.03661590814590454,0.03589784726500511,0.03589784726500511,0.03589784726500511,0.04111836105585098,0.038808006793260574,0.03589784726500511,0.03589784726500511
2016-12-05,0.03586824610829353,0.03586824610829353,0.03586824610829353,0.04171057045459747,0.03623785451054573,0.03586824610829353,0.03772243857383728,0.03716599568724632,0.03586824610829353,0.03629817068576813,0.03586824610829353,0.03586824610829353,0.03586824610829353,0.03586824610829353,0.042843084782361984,0.036636825650930405,0.03586824610829353,0.03586824610829353,0.0404706709086895,0.03671664744615555,0.03586824610829353,0.03586824610829353,0.03586824610829353,0.041415438055992126,0.038890305906534195,0.03586824610829353,0.03586824610829353
2016-12-06,0.03758113831281662,0.03526417165994644,0.03526417165994644,0.04352112114429474,0.03526417165994644,0.03566402196884155,0.03526417165994644,0.03878680244088173,0.03526417165994644,0.03526417165994644,0.03526417165994644,0.03526417165994644,0.03526417165994644,0.03526417165994644,0.04609096050262451,0.03526417165994644,0.03526417165994644,0.03526417165994644,0.043115001171827316,0.03552469238638878,0.03526417165994644,0.03526417165994644,0.03544244170188904,0.043670687824487686,0.041112180799245834,0.03526417165994644,0.03526417165994644
2016-12-07,0.04202410951256752,0.03471972048282623,0.03471972048282623,0.039953723549842834,0.040828999131917953,0.03471972048282623,0.03482736647129059,0.03734372928738594,0.03471972048282623,0.03471972048282623,0.03471972048282623,0.03471972048282623,0.03471972048282623,0.03471972048282623,0.05046713352203369,0.03471972048282623,0.03471972048282623,0.03565642610192299,0.04258972406387329,0.03471972048282623,0.03471972048282623,0.03471972048282623,0.03471972048282623,0.04244592413306236,0.043147213757038116,0.035200171172618866,0.03471972048282623
2016-12-08,0.04080873727798462,0.03513975441455841,0.03513975441455841,0.04231926053762436,0.03606870397925377,0.03513975441455841,0.03513975441455841,0.03817842900753021,0.03513975441455841,0.03513975441455841,0.03513975441455841,0.03513975441455841,0.03513975441455841,0.03513975441455841,0.04660864919424057,0.03513975441455841,0.03513975441455841,0.03513975441455841,0.045487530529499054,0.03589358180761337,0.03513975441455841,0.03513975441455841,0.03513975441455841,0.041357364505529404,0.04076214134693146,0.03513975441455841,0.03513975441455841
2016-12-09,0.04295741021633148,0.03487692400813103,0.03487692400813103,0.04314319044351578,0.03694750368595123,0.03509598225355148,0.03487692400813103,0.03858336806297302,0.03487692400813103,0.03487692400813103,0.03487692400813103,0.03487692400813103,0.03487692400813103,0.03487692400813103,0.043661780655384064,0.03487692400813103,0.03487692400813103,0.03487692400813103,0.04358045011758804,0.035515427589416504,0.03487692400813103,0.03487692400813103,0.03487692400813103,0.04214085638523102,0.04418976977467537,0.03615346923470497,0.03487692400813103
2016-12-12,0.04109545052051544,0.03488592058420181,0.03488592058420181,0.04628030210733414,0.03488592058420181,0.03488592058420181,0.03488592058420181,0.038583751767873764,0.03488592058420181,0.03488592058420181,0.03488592058420181,0.03488592058420181,0.03488592058420181,0.03488592058420181,0.04401188716292381,0.03488592058420181,0.03488592058420181,0.03488592058420181,0.043379221111536026,0.03488592058420181,0.03488592058420181,0.03488592058420181,0.03488592058420181,0.04486624523997307,0.04201614856719971,0.03693448379635811,0.03488592058420181
2016-12-13,0.038006771355867386,0.035436809062957764,0.035436809062957764,0.04141726717352867,0.03702249377965927,0.035436809062957764,0.0426967591047287,0.036180220544338226,0.035436809062957764,0.038734305649995804,0.035436809062957764,0.035436809062957764,0.035436809062957764,0.035436809062957764,0.03938797861337662,0.035436809062957764,0.035436809062957764,0.035436809062957764,0.038333091884851456,0.035436809062957764,0.035436809062957764,0.035436809062957764,0.035436809062957764,0.041691478341817856,0.0358494408428669,0.04369121417403221,0.035436809062957764
2016-12-14,0.03586677461862564,0.03493376076221466,0.03493376076221466,0.04132232815027237,0.03736153990030289,0.034970350563526154,0.04444895684719086,0.03818354383111,0.03493376076221466,0.04075741767883301,0.03493376076221466,0.03493376076221466,0.03493376076221466,0.03493376076221466,0.03522397205233574,0.03493376076221466,0.03493376076221466,0.03493376076221466,0.03949582576751709,0.039401110261678696,0.03766176849603653,0.03493376076221466,0.03493376076221466,0.037984613329172134,0.036594122648239136,0.04658876731991768,0.03493376076221466
2016-12-15,0.03664611279964447,0.03484068438410759,0.03484068438410759,0.04001932963728905,0.03833731263875961,0.03484068438410759,0.04528943821787834,0.03812669962644577,0.03484068438410759,0.040045373141765594,0.03484068438410759,0.03484068438410759,0.03484068438410759,0.03484068438410759,0.035244137048721313,0.03484068438410759,0.03484068438410759,0.03484068438410759,0.039427176117897034,0.03815627470612526,0.03724906966090202,0.03484068438410759,0.03484068438410759,0.03768070787191391,0.03749057278037071,0.04851821810007095,0.03484068438410759
2016-12-16,0.03638675808906555,0.03529095649719238,0.03511907905340195,0.04018713906407356,0.041233837604522705,0.03511907905340195,0.04451665282249451,0.03562856838107109,0.03511907905340195,0.039493877440690994,0.03511907905340195,0.03511907905340195,0.03511907905340195,0.03511907905340195,0.037541721016168594,0.03511907905340195,0.03511907905340195,0.03511907905340195,0.038351573050022125,0.035148780792951584,0.03511907905340195,0.03511907905340195,0.03511907905340195,0.039536330848932266,0.036303602159023285,0.04871305078268051,0.03511907905340195
2016-12-19,0.03831911459565163,0.03498399630188942,0.03498399630188942,0.03975383937358856,0.041041117161512375,0.03498399630188942,0.04565039649605751,0.036193784326314926,0.03498399630188942,0.03989923745393753,0.03498399630188942,0.03498399630188942,0.03498399630188942,0.03498399630188942,0.04017796739935875,0.03498399630188942,0.03498399630188942,0.03498399630188942,0.035706471651792526,0.03498399630188942,0.03498399630188942,0.03498399630188942,0.03498399630188942,0.04154622182250023,0.036953799426555634,0.04501425102353096,0.03498399630188942
2016-12-20,0.03828155994415283,0.03540267422795296,0.03499910607933998,0.03957574442028999,0.041494954377412796,0.03499910607933998,0.04414141923189163,0.03532511368393898,0.03499910607933998,0.04000941663980484,0.03499910607933998,0.03589903563261032,0.03499910607933998,0.03499910607933998,0.04327862709760666,0.03499910607933998,0.03499910607933998,0.03499910607933998,0.03591108322143555,0.03499910607933998,0.03499910607933998,0.03499910607933998,0.03499910607933998,0.04017064720392227,0.03606931120157242,0.04445290192961693,0.03499910607933998
2016-12-21,0.037870679050683975,0.035413067787885666,0.035413067787885666,0.04167994111776352,0.037818584591150284,0.03555243834853172,0.04307004436850548,0.03714827448129654,0.035413067787885666,0.03965906798839569,0.035413067787885666,0.035413067787885666,0.035413067787885666,0.035413067787885666,0.03983137384057045,0.035413067787885666,0.035413067787885666,0.035413067787885666,0.03716833144426346,0.035413067787885666,0.035413067787885666,0.035413067787885666,0.035413067787885666,0.042599212378263474,0.03627753257751465,0.040128517895936966,0.035413067787885666
2016-12-22,0.03986252844333649,0.0346221923828125,0.0346221923828125,0.042320992797613144,0.03950834646821022,0.0346221923828125,0.03884468227624893,0.04159289970993996,0.0346221923828125,0.038122691214084625,0.03465132415294647,0.0346221923828125,0.0346221923828125,0.0346221923828125,0.04450223594903946,0.0346221923828125,0.0346221923828125,0.0346221923828125,0.04384991154074669,0.0346221923828125,0.0346221923828125,0.0346221923828125,0.0346221923828125,0.0391787588596344,0.039410561323165894,0.03882217779755592,0.0346221923828125
2016-12-23,0.0432555228471756,0.034751344472169876,0.034751344472169876,0.04530308023095131,0.03652730956673622,0.034751344472169876,0.034751344472169876,0.03912924975156784,0.034751344472169876,0.03599201515316963,0.035876620560884476,0.03500182554125786,0.034751344472169876,0.034751344472169876,0.0469219796359539,0.034751344472169876,0.034751344472169876,0.03595734015107155,0.03996974229812622,0.034751344472169876,0.034751344472169876,0.034751344472169876,0.034751344472169876,0.041795842349529266,0.04203954339027405,0.035711128264665604,0.034751344472169876
2016-12-27,0.0409204438328743,0.035152144730091095,0.035152144730091095,0.04521145671606064,0.0358259342610836,0.035152144730091095,0.035152144730091095,0.036475520581007004,0.035152144730091095,0.03701477125287056,0.03663764148950577,0.03579438850283623,0.035152144730091095,0.035152144730091095,0.04715585708618164,0.035152144730091095,0.035152144730091095,0.03524509444832802,0.0404454842209816,0.035152144730091095,0.035152144730091095,0.035152144730091095,0.035152144730091095,0.04242353513836861,0.039540793746709824,0.03517904505133629,0.035152144730091095
2016-12-28,0.03710677847266197,0.03508184477686882,0.03508184477686882,0.04462968930602074,0.03737499937415123,0.03508184477686882,0.038320571184158325,0.03508184477686882,0.03508184477686882,0.040701255202293396,0.035254139453172684,0.03563504293560982,0.03508184477686882,0.03508184477686882,0.051514893770217896,0.03508184477686882,0.03508184477686882,0.03508184477686882,0.03817764297127724,0.03508184477686882,0.03508184477686882,0.03508184477686882,0.03508184477686882,0.04216056317090988,0.03675646334886551,0.03614019602537155,0.03508184477686882
2016-12-29,0.03897174820303917,0.03493660315871239,0.03493660315871239,0.04126443713903427,0.03882009536027908,0.03493660315871239,0.0378425195813179,0.03493660315871239,0.03493660315871239,0.039060961455106735,0.03493660315871239,0.03493660315871239,0.03493660315871239,0.03493660315871239,0.04980722442269325,0.03493660315871239,0.03493660315871239,0.03777102753520012,0.039844024926424026,0.03493660315871239,0.03493660315871239,0.03519412502646446,0.03493660315871239,0.0418291874229908,0.03910791501402855,0.03643772751092911,0.03493660315871239
2016-12-30,0.03717886656522751,0.03497703745961189,0.03497703745961189,0.03969356417655945,0.04049583151936531,0.03497703745961189,0.03497703745961189,0.03513757884502411,0.03497703745961189,0.03691282123327255,0.03517943248152733,0.037574175745248795,0.03497703745961189,0.03497703745961189,0.055962737649679184,0.03497703745961189,0.03524240478873253,0.036018937826156616,0.04041482135653496,0.03497703745961189,0.03497703745961189,0.037970252335071564,0.03497703745961189,0.03858136013150215,0.03893573209643364,0.03497703745961189,0.03497703745961189
2017-01-03,0.037037037037037035,0.037037037037037035,0.037037037037037035,0.037037037037037035,0.037037037037037035,0.037037037037037035,0.037037037037037035,0.037037037037037035,0.037037037037037035,0.037037037037037035,0.037037037037037035,0.037037037037037035,0.037037037037037035,0.037037037037037035,0.037037037037037035,0.037037037037037035,0.037037037037037035,0.037037037037037035,0.037037037037037035,0.037037037037037035,0.037037037037037035,0.037037037037037035,0.037037037037037035,0.037037037037037035,0.037037037037037035,0.037037037037037035,0.037037037037037035
2017-01-04,0.03682120516896248,0.04631752148270607,0.03537401556968689,0.03537401556968689,0.03537401556968689,0.03537401556968689,0.03537401556968689,0.03537401556968689,0.0388948917388916,0.042945586144924164,0.037717897444963455,0.03537401556968689,0.03537401556968689,0.036942776292562485,0.03537401556968689,0.0359417162835598,0.037367697805166245,0.03563183173537254,0.0402168408036232,0.03537401556968689,0.037063002586364746,0.03537401556968689,0.03537401556968689,0.03537401556968689,0.04069353640079498,0.036039579659700394,0.03754373639822006
2017-01-05,0.03938698768615723,0.04655134677886963,0.03517532721161842,0.03517532721161842,0.03517532721161842,0.03517532721161842,0.03517532721161842,0.03534657508134842,0.04080132395029068,0.03792211040854454,0.03862636908888817,0.03742117062211037,0.03517532721161842,0.035770878195762634,0.03517532721161842,0.03585817292332649,0.040416207164525986,0.03720899671316147,0.041237279772758484,0.03517532721161842,0.03517532721161842,0.03517532721161842,0.03517532721161842,0.03517532721161842,0.04099801927804947,0.03517532721161842,0.03517532721161842
2017-01-06,0.039124853909015656,0.046306248754262924,0.03522621467709541,0.03522621467709541,0.03522621467709541,0.03522621467709541,0.03522621467709541,0.03522621467709541,0.04107009992003441,0.037805940955877304,0.0391588918864727,0.03676752373576164,0.03522621467709541,0.035418447107076645,0.03522621467709541,0.036285772919654846,0.04085955768823624,0.03782334178686142,0.04023168981075287,0.03522621467709541,0.03522621467709541,0.03522621467709541,0.03522621467709541,0.03522621467709541,0.04075445607304573,0.03522621467709541,0.03522621467709541
2017-01-09,0.03754452243447304,0.042443178594112396,0.037207186222076416,0.04008111730217934,0.03516429290175438,0.03516429290175438,0.03516429290175438,0.03516429290175438,0.040878619998693466,0.03516429290175438,0.0400938019156456,0.037062399089336395,0.03516429290175438,0.03816744685173035,0.03516429290175438,0.03516429290175438,0.043364688754081726,0.03789495676755905,0.04053403064608574,0.03516429290175438,0.03516429290175438,0.03516429290175438,0.03516429290175438,0.03516429290175438,0.03726368770003319,0.03516429290175438,0.03516429290175438
2017-01-10,0.03739675506949425,0.04053274542093277,0.03568044677376747,0.04081210494041443,0.03664516285061836,0.035323772579431534,0.035323772579431534,0.035323772579431534,0.04127001389861107,0.035323772579431534,0.04202036187052727,0.03650974482297897,0.035323772579431534,0.03703766688704491,0.035323772579431534,0.03712936118245125,0.0417029932141304,0.04031237214803696,0.03807612881064415,0.035323772579431534,0.035323772579431534,0.035323772579431534,0.035323772579431534,0.03566507622599602,0.035323772579431534,0.035323772579431534,0.035323772579431534
2017-01-11,0.036624472588300705,0.042693134397268295,0.03516239672899246,0.039604417979717255,0.03537928685545921,0.03516239672899246,0.03516239672899246,0.03516239672899246,0.0400819405913353,0.037302784621715546,0.0446317121386528,0.036476511508226395,0.03516239672899246,0.03528711944818497,0.03516239672899246,0.036511726677417755,0.04020344093441963,0.0393785685300827,0.03888943791389465,0.03516239672899246,0.03636116534471512,0.03516239672899246,0.035908542573451996,0.03588145226240158,0.036030787974596024,0.03629191592335701,0.03516239672899246
2017-01-12,0.03932593762874603,0.040533654391765594,0.03522118553519249,0.042154911905527115,0.03878149390220642,0.03522118553519249,0.03522118553519249,0.03522118553519249,0.04160778224468231,0.03522118553519249,0.04130394756793976,0.03646397218108177,0.03522118553519249,0.036174483597278595,0.03522118553519249,0.038941968232393265,0.03828978165984154,0.038361962884664536,0.0387994721531868,0.03522118553519249,0.03608909249305725,0.03522118553519249,0.03522118553519249,0.035296157002449036,0.03522118553519249,0.03522118553519249,0.03522118553519249
2017-01-13,0.04034273698925972,0.04060053452849388,0.034849271178245544,0.04376821592450142,0.039616260677576065,0.03505201265215874,0.034849271178245544,0.034849271178245544,0.041506577283144,0.034849271178245544,0.041474349796772,0.03744404762983322,0.034849271178245544,0.03534895181655884,0.034849271178245544,0.039849963039159775,0.037748705595731735,0.038445692509412766,0.037791673094034195,0.034849271178245544,0.03527011722326279,0.034849271178245544,0.034849271178245544,0.03610564023256302,0.034849271178245544,0.034849271178245544,0.036292511969804764
2017-01-17,0.04080977663397789,0.041527651250362396,0.034553442150354385,0.04342808201909065,0.03865613788366318,0.034553442150354385,0.034553442150354385,0.034553442150354385,0.041880808770656586,0.034553442150354385,0.04302002862095833,0.03838306665420532,0.034553442150354385,0.03559846803545952,0.034553442150354385,0.0375896655023098,0.03969533368945122,0.04034130275249481,0.039016690105199814,0.034553442150354385,0.034553442150354385,0.034553442150354385,0.034553442150354385,0.03495634347200394,0.034553442150354385,0.034553442150354385,0.03590188920497894
2017-01-18,0.036161869764328,0.0428287647664547,0.03497130051255226,0.03797067329287529,0.03692825511097908,0.03497130051255226,0.03497130051255226,0.03497130051255226,0.0389508455991745,0.03780071437358856,0.03733781725168228,0.04016485810279846,0.03497130051255226,0.04115237295627594,0.03497130051255226,0.03497130051255226,0.03685466945171356,0.04061936214566231,0.04463477432727814,0.03505117818713188,0.03768639639019966,0.03620188683271408,0.03497130051255226,0.03497130051255226,0.03497130051255226,0.03497130051255226,0.03497130051255226
2017-01-19,0.03524050861597061,0.041850171983242035,0.03524050861597061,0.03572970628738403,0.03524050861597061,0.03524050861597061,0.03524050861597061,0.03524050861597061,0.040597110986709595,0.04327224940061569,0.0388219989836216,0.039313215762376785,0.03524050861597061,0.037817537784576416,0.03524050861597061,0.03542493283748627,0.036871958523988724,0.035683728754520416,0.04782223701477051,0.036108504980802536,0.03731947019696236,0.03524050861597061,0.03524050861597061,0.03524050861597061,0.03524050861597061,0.03524050861597061,0.03524050861597061
2017-01-20,0.03523550182580948,0.04191818833351135,0.03523550182580948,0.035914741456508636,0.035967156291007996,0.03523550182580948,0.03523550182580948,0.03523550182580948,0.04077967256307602,0.04275716468691826,0.038720618933439255,0.03952566161751747,0.03523550182580948,0.03728988766670227,0.03523550182580948,0.03523550182580948,0.037040188908576965,0.035846151411533356,0.04769409820437431,0.03604067489504814,0.037208739668130875,0.03523550182580948,0.03523550182580948,0.03523550182580948,0.03523550182580948,0.03523550182580948,0.03523550182580948
2017-01-23,0.03528730571269989,0.0452459342777729,0.03886635601520538,0.040744394063949585,0.035219259560108185,0.035219259560108185,0.035219259560108185,0.035219259560108185,0.038883235305547714,0.03824441507458687,0.04017297178506851,0.03864338994026184,0.035219259560108185,0.035219259560108185,0.035219259560108185,0.035219259560108185,0.038974110037088394,0.035219259560108185,0.04104804992675781,0.035219259560108185,0.0383494533598423,0.035219259560108185,0.035219259560108185,0.035219259560108185,0.037251539528369904,0.035219259560108185,0.035219259560108185
2017-01-24,0.038245584815740585,0.04504217579960823,0.03557787463068962,0.03836245462298393,0.03557787463068962,0.03557787463068962,0.03557787463068962,0.03557787463068962,0.042784370481967926,0.03557787463068962,0.03637311980128288,0.038058068603277206,0.03557787463068962,0.03557787463068962,0.03557787463068962,0.03557787463068962,0.04149273782968521,0.03557787463068962,0.040516287088394165,0.03557787463068962,0.03780753165483475,0.03557787463068962,0.03557787463068962,0.03557787463068962,0.036493875086307526,0.03557787463068962,0.03557787463068962
2017-01-25,0.036794520914554596,0.043828342109918594,0.03493514284491539,0.03499516099691391,0.03718153387308121,0.03493514284491539,0.03620196506381035,0.03493514284491539,0.03658388927578926,0.043032076209783554,0.045432910323143005,0.03493514284491539,0.03493514284491539,0.03493514284491539,0.03493514284491539,0.03493514284491539,0.03493514284491539,0.03493514284491539,0.04026941955089569,0.03766045719385147,0.04615996778011322,0.03493514284491539,0.03493514284491539,0.03493514284491539,0.03783266991376877,0.03493514284491539,0.03493514284491539
2017-01-26,0.03478243947029114,0.04438666254281998,0.03638971224427223,0.040747325867414474,0.038451071828603745,0.03478243947029114,0.0418245792388916,0.03478243947029114,0.03622822463512421,0.04141879454255104,0.04699115455150604,0.03478243947029114,0.03478243947029114,0.03478243947029114,0.03478243947029114,0.03478243947029114,0.03764979541301727,0.03478243947029114,0.03849991410970688,0.03478243947029114,0.04089370369911194,0.03478243947029114,0.03478243947029114,0.03478243947029114,0.03478243947029114,0.03478243947029114,0.03478243947029114
2017-01-27,0.0367090180516243,0.04479435458779335,0.03479485586285591,0.03855366259813309,0.037115540355443954,0.034663256257772446,0.035870980471372604,0.034663256257772446,0.0366627536714077,0.04297913610935211,0.04911645129323006,0.034663256257772446,0.034663256257772446,0.034663256257772446,0.034663256257772446,0.034663256257772446,0.03484325855970383,0.034663256257772446,0.04052989184856415,0.034663256257772446,0.04485738277435303,0.034663256257772446,0.034663256257772446,0.034663256257772446,0.03547248616814613,0.034862224012613297,0.03687894716858864
2017-01-30,0.038310762494802475,0.0436885841190815,0.039724722504615784,0.041285861283540726,0.034677904099226,0.034677904099226,0.03642776980996132,0.034677904099226,0.03921809047460556,0.04023931920528412,0.044791631400585175,0.035889286547899246,0.034677904099226,0.034677904099226,0.03543104603886604,0.034677904099226,0.039404552429914474,0.034677904099226,0.03704780340194702,0.034677904099226,0.041535116732120514,0.034677904099226,0.034677904099226,0.034677904099226,0.034677904099226,0.03608844056725502,0.03478217497467995
2017-01-31,0.041615862399339676,0.045119814574718475,0.03710160776972771,0.04308977723121643,0.034434136003255844,0.034434136003255844,0.034880131483078,0.034434136003255844,0.03735892474651337,0.04138677567243576,0.046036940068006516,0.039060890674591064,0.034434136003255844,0.034434136003255844,0.034434136003255844,0.034434136003255844,0.03852905333042145,0.034434136003255844,0.03951266407966614,0.034434136003255844,0.038498327136039734,0.034434136003255844,0.034434136003255844,0.034434136003255844,0.034434136003255844,0.03573134168982506,0.034434136003255844
2017-02-01,0.03684299439191818,0.04457329213619232,0.034624259918928146,0.04245535656809807,0.03523573279380798,0.034624259918928146,0.036623142659664154,0.034624259918928146,0.03503292053937912,0.0435684397816658,0.04914555326104164,0.03560695797204971,0.034624259918928146,0.034624259918928146,0.034624259918928146,0.034624259918928146,0.03626035526394844,0.03571593016386032,0.03964463621377945,0.034624259918928146,0.04328715056180954,0.034624259918928146,0.03500987961888313,0.034624259918928146,0.034624259918928146,0.034624259918928146,0.03550652787089348
2017-02-02,0.03492909297347069,0.04408981278538704,0.03599529713392258,0.0395113043487072,0.03492909297347069,0.03492909297347069,0.03492909297347069,0.03580945357680321,0.03902481496334076,0.03931625559926033,0.040201690047979355,0.03895795717835426,0.03492909297347069,0.035158149898052216,0.03492909297347069,0.03492909297347069,0.041705481708049774,0.0388454832136631,0.04243567958474159,0.03492909297347069,0.03492909297347069,0.03492909297347069,0.03492909297347069,0.036783862859010696,0.03525891527533531,0.03775670751929283,0.03492909297347069
2017-02-03,0.035117194056510925,0.04558662325143814,0.03593363240361214,0.039741095155477524,0.03522299602627754,0.035117194056510925,0.035117194056510925,0.035117194056510925,0.037927526980638504,0.043283022940158844,0.03977663815021515,0.0409366749227047,0.035117194056510925,0.035117194056510925,0.035117194056510925,0.035117194056510925,0.03617635369300842,0.035117194056510925,0.04774228483438492,0.035117194056510925,0.035117194056510925,0.035117194056510925,0.035117194056510925,0.035117194056510925,0.03579796850681305,0.035117194056510925,0.035117194056510925
2017-02-06,0.03756280988454819,0.04343026876449585,0.034801285713911057,0.04225164279341698,0.03481198474764824,0.034801285713911057,0.034801285713911057,0.034801285713911057,0.041202086955308914,0.04320402443408966,0.04863936826586723,0.03742803633213043,0.034801285713911057,0.034801285713911057,0.034801285713911057,0.034801285713911057,0.037707261741161346,0.034801285713911057,0.039893604815006256,0.034801285713911057,0.0370483472943306,0.034801285713911057,0.034801285713911057,0.034801285713911057,0.034801285713911057,0.034801285713911057,0.034801285713911057
2017-02-07,0.03805142268538475,0.041623007506132126,0.035221051424741745,0.04294668883085251,0.03688258305191994,0.034990184009075165,0.03514229878783226,0.034990184009075165,0.0414949432015419,0.040975939482450485,0.046990279108285904,0.037494271993637085,0.034990184009075165,0.034990184009075165,0.034990184009075165,0.034990184009075165,0.03806940093636513,0.034990184009075165,0.03906510770320892,0.034990184009075165,0.036180466413497925,0.034990184009075165,0.034990184009075165,0.034990184009075165,0.034990184009075165,0.034990184009075165,0.034990184009075165
2017-02-08,0.03760466352105141,0.04380396381020546,0.034889549016952515,0.03927713632583618,0.03559691458940506,0.034889549016952515,0.034889549016952515,0.034889549016952515,0.04066405072808266,0.0464441142976284,0.04589107260107994,0.03623299300670624,0.034889549016952515,0.034889549016952515,0.034889549016952515,0.034889549016952515,0.03571687638759613,0.034889549016952515,0.03965435177087784,0.034889549016952515,0.04058705270290375,0.034889549016952515,0.034889549016952515,0.034889549016952515,0.03518363833427429,0.034889549016952515,0.034889549016952515
2017-02-09,0.034588586539030075,0.04159171134233475,0.034588586539030075,0.03543804958462715,0.036239027976989746,0.034588586539030075,0.034588586539030075,0.034588586539030075,0.03770598769187927,0.045264944434165955,0.0509689524769783,0.034588586539030075,0.034588586539030075,0.034588586539030075,0.034588586539030075,0.03626258298754692,0.03630607947707176,0.034588586539030075,0.039898697286844254,0.034588586539030075,0.04574209079146385,0.034588586539030075,0.03543529659509659,0.034588586539030075,0.03844965621829033,0.034588586539030075,0.03645670786499977
2017-02-10,0.04175122082233429,0.03877834975719452,0.04047176241874695,0.04665499925613403,0.037715911865234375,0.03509756177663803,0.035792842507362366,0.03509756177663803,0.04100817069411278,0.0369478315114975,0.03978908807039261,0.03756537288427353,0.03509756177663803,0.03509756177663803,0.03509756177663803,0.03509756177663803,0.036392055451869965,0.03509756177663803,0.03724376857280731,0.03509756177663803,0.03509756177663803,0.03509756177663803,0.03509756177663803,0.03509756177663803,0.03573725000023842,0.03509756177663803,0.037883028388023376
2017-02-13,0.04036783427000046,0.04199019446969032,0.04310078173875809,0.04714928939938545,0.03484001010656357,0.03484001010656357,0.03484001010656357,0.03484001010656357,0.03592831641435623,0.03615635260939598,0.04034703969955444,0.0406227633357048,0.03484001010656357,0.035020001232624054,0.03484001010656357,0.03484001010656357,0.03688477724790573,0.03547123447060585,0.0387844443321228,0.03484001010656357,0.03484001010656357,0.03484001010656357,0.03484001010656357,0.03484001010656357,0.03721335157752037,0.03484001010656357,0.03804349526762962
2017-02-14,0.03622376546263695,0.04325481131672859,0.043833307921886444,0.04269610345363617,0.035068079829216,0.035068079829216,0.035068079829216,0.03630613535642624,0.035068079829216,0.03750353306531906,0.03621169552206993,0.041589461266994476,0.035068079829216,0.03772275522351265,0.035068079829216,0.035068079829216,0.037323564291000366,0.03582580387592316,0.041321173310279846,0.035068079829216,0.035068079829216,0.035068079829216,0.035068079829216,0.036421116441488266,0.03757834807038307,0.035068079829216,0.03537151589989662
2017-02-15,0.035875435918569565,0.03971647098660469,0.045757927000522614,0.04080961272120476,0.03526870906352997,0.03526870906352997,0.03526870906352997,0.039936792105436325,0.03811199963092804,0.035276830196380615,0.03526870906352997,0.041381463408470154,0.03526870906352997,0.037945087999105453,0.03526870906352997,0.03526870906352997,0.035863958299160004,0.03526870906352997,0.04011882469058037,0.03526870906352997,0.03526870906352997,0.03526870906352997,0.03526870906352997,0.03549902141094208,0.03934752568602562,0.03526870906352997,0.035865794867277145
2017-02-16,0.035229917615652084,0.03878926858305931,0.04600265622138977,0.041924867779016495,0.03495333343744278,0.0355810672044754,0.03495333343744278,0.03899775817990303,0.03978521376848221,0.03495333343744278,0.03495333343744278,0.041226740926504135,0.03495333343744278,0.03896719589829445,0.03495333343744278,0.03495333343744278,0.036722198128700256,0.03556730970740318,0.03904234617948532,0.03495333343744278,0.03495333343744278,0.03495333343744278,0.03495333343744278,0.036256350576877594,0.03836666792631149,0.03495333343744278,0.038100481033325195
2017-02-17,0.03508304804563522,0.0375167652964592,0.040312331169843674,0.04604527726769447,0.04146536439657211,0.04179428145289421,0.034742921590805054,0.034742921590805054,0.03589761257171631,0.034742921590805054,0.04116324707865715,0.03662584722042084,0.034742921590805054,0.039700910449028015,0.034742921590805054,0.034742921590805054,0.03478226065635681,0.03512479364871979,0.03644576296210289,0.034742921590805054,0.0352703332901001,0.034742921590805054,0.034742921590805054,0.03567077964544296,0.0403854176402092,0.034742921590805054,0.03928673639893532
2017-02-21,0.039924051612615585,0.037561118602752686,0.0369475893676281,0.0455007366836071,0.04243455082178116,0.038456518203020096,0.03441251069307327,0.03441251069307327,0.03441251069307327,0.03441251069307327,0.041769616305828094,0.0374031737446785,0.03441251069307327,0.03960476443171501,0.03441251069307327,0.03458491340279579,0.03441251069307327,0.03639695793390274,0.03608367592096329,0.03441251069307327,0.039617329835891724,0.03441251069307327,0.037907544523477554,0.034729912877082825,0.03441251069307327,0.03441251069307327,0.04253993183374405
2017-02-22,0.03563382476568222,0.0380232110619545,0.036106571555137634,0.04858499392867088,0.04190235957503319,0.039415884763002396,0.03457298502326012,0.03457298502326012,0.03489229828119278,0.03457298502326012,0.04175889119505882,0.03570782393217087,0.03457298502326012,0.039847180247306824,0.03457298502326012,0.03457298502326012,0.03503938764333725,0.03708115220069885,0.03645230457186699,0.03457298502326012,0.036182478070259094,0.03457298502326012,0.037640251219272614,0.037269722670316696,0.03457298502326012,0.03469059616327286,0.04261421039700508
2017-02-23,0.038659993559122086,0.03665695711970329,0.03732738643884659,0.04852182790637016,0.0436718612909317,0.037107959389686584,0.03447280824184418,0.03447280824184418,0.03447280824184418,0.03447280824184418,0.04266452044248581,0.03616126999258995,0.03447280824184418,0.038839876651763916,0.03447280824184418,0.03447280824184418,0.03447280824184418,0.03447280824184418,0.03680247813463211,0.03447280824184418,0.04110627621412277,0.03447280824184418,0.03524158522486687,0.036355458199977875,0.03447280824184418,0.03447280824184418,0.04273592680692673
2017-02-24,0.03704844415187836,0.03519333526492119,0.03836440667510033,0.04106639325618744,0.042030591517686844,0.038752999156713486,0.03492326661944389,0.03492326661944389,0.038106776773929596,0.036416977643966675,0.04243944212794304,0.03492326661944389,0.03492326661944389,0.034960437566041946,0.03492326661944389,0.03492326661944389,0.03492326661944389,0.03492326661944389,0.03492326661944389,0.03492326661944389,0.03969838470220566,0.03492326661944389,0.03492326661944389,0.03492326661944389,0.041438404470682144,0.03492326661944389,0.04555767402052879
2017-02-27,0.03633357584476471,0.036071233451366425,0.039098817855119705,0.040181733667850494,0.040406107902526855,0.03504463657736778,0.03504463657736778,0.03504463657736778,0.03764275461435318,0.040217090398073196,0.043899618089199066,0.03504463657736778,0.03504463657736778,0.03504463657736778,0.03504463657736778,0.03504463657736778,0.03504463657736778,0.03504463657736778,0.03504463657736778,0.03504463657736778,0.03903172165155411,0.03504463657736778,0.03504463657736778,0.03504463657736778,0.0428786538541317,0.03504463657736778,0.04352452605962753
2017-02-28,0.036459922790527344,0.03707016631960869,0.04160109534859657,0.0412658154964447,0.03835644945502281,0.03535059094429016,0.03535059094429016,0.03629674017429352,0.03889690712094307,0.039360906928777695,0.03871830180287361,0.03540383279323578,0.03535059094429016,0.03701505437493324,0.03535059094429016,0.03535059094429016,0.03535059094429016,0.03535059094429016,0.0368720144033432,0.03535059094429016,0.036162372678518295,0.03535059094429016,0.03535059094429016,0.03567292168736458,0.04262562096118927,0.03535059094429016,0.039365340024232864
2017-03-01,0.036723386496305466,0.03522289916872978,0.041589513421058655,0.0415901318192482,0.03712991625070572,0.03522289916872978,0.03777415305376053,0.03550466150045395,0.03588481619954109,0.03582461178302765,0.04448315128684044,0.03827552869915962,0.03522289916872978,0.03879701718688011,0.03522289916872978,0.03522289916872978,0.03842683881521225,0.03758382052183151,0.0361754447221756,0.03522289916872978,0.03522289916872978,0.03522289916872978,0.03522289916872978,0.0367606021463871,0.03972403332591057,0.03522289916872978,0.03552337363362312
2017-03-02,0.04033464565873146,0.0349159836769104,0.04126754775643349,0.047193337231874466,0.036229994148015976,0.03763096407055855,0.0374649316072464,0.03548282012343407,0.03615881875157356,0.035917896777391434,0.0445808507502079,0.03699227049946785,0.03479316830635071,0.036679405719041824,0.03479316830635071,0.03479316830635071,0.03656844422221184,0.03855587914586067,0.03479316830635071,0.03479316830635071,0.03479316830635071,0.03479316830635071,0.03479316830635071,0.03838659077882767,0.0374237522482872,0.03479316830635071,0.03507733717560768
2017-03-03,0.04021422564983368,0.037125688046216965,0.03888198360800743,0.04595106467604637,0.03671205788850784,0.034532684832811356,0.039856333285570145,0.034509506076574326,0.034509506076574326,0.03858460113406181,0.04903929680585861,0.038165464997291565,0.034509506076574326,0.03680757060647011,0.034509506076574326,0.034509506076574326,0.0370517261326313,0.03851523995399475,0.034509506076574326,0.034509506076574326,0.0351913645863533,0.034509506076574326,0.034509506076574326,0.038293562829494476,0.034509506076574326,0.034509506076574326,0.03547252342104912
2017-03-06,0.039275988936424255,0.03468679264187813,0.03786206245422363,0.05007759481668472,0.04086855798959732,0.033974386751651764,0.03633609414100647,0.033974386751651764,0.033974386751651764,0.03703135997056961,0.0479644238948822,0.03936043754220009,0.033974386751651764,0.03799872472882271,0.033974386751651764,0.033974386751651764,0.03406071290373802,0.03954625129699707,0.033974386751651764,0.033974386751651764,0.04153752326965332,0.033974386751651764,0.033974386751651764,0.0378890335559845,0.033974386751651764,0.03408309444785118,0.037703026086091995
2017-03-07,0.03539896011352539,0.03472829610109329,0.038886502385139465,0.04774467647075653,0.037105120718479156,0.03472829610109329,0.03498860448598862,0.03600588068366051,0.03472829610109329,0.03604346513748169,0.04703956097364426,0.03818907588720322,0.03472829610109329,0.04018361493945122,0.03472829610109329,0.03472829610109329,0.03744908794760704,0.0381435863673687,0.03472829610109329,0.03472829610109329,0.03890550136566162,0.03472829610109329,0.03472829610109329,0.03754687309265137,0.03647403419017792,0.03537951782345772,0.03723299130797386
2017-03-08,0.03667081147432327,0.03727319836616516,0.04101894795894623,0.045139290392398834,0.03818275034427643,0.03474011644721031,0.03474011644721031,0.03474011644721031,0.03474011644721031,0.03864539414644241,0.04205020144581795,0.036729298532009125,0.03474011644721031,0.039963897317647934,0.03474011644721031,0.03474011644721031,0.038175541907548904,0.03847738727927208,0.03604278713464737,0.03474011644721031,0.03836873546242714,0.03474011644721031,0.03474011644721031,0.03690364211797714,0.03642236441373825,0.03474011644721031,0.037794508039951324
2017-03-09,0.03706403449177742,0.03555846959352493,0.0392310693860054,0.04375620558857918,0.04059011861681938,0.03496284410357475,0.03496284410357475,0.03496284410357475,0.03810570389032364,0.03991013392806053,0.04055211693048477,0.03496284410357475,0.03496284410357475,0.03496284410357475,0.03496284410357475,0.03496284410357475,0.03496284410357475,0.03496284410357475,0.03496284410357475,0.03496284410357475,0.040015190839767456,0.03496284410357475,0.03496284410357475,0.03496284410357475,0.04014420509338379,0.03496284410357475,0.04566728696227074
2017-03-10,0.0366867296397686,0.035335637629032135,0.03880539909005165,0.0437062606215477,0.04031850025057793,0.034964945167303085,0.034964945167303085,0.034964945167303085,0.03879988193511963,0.039903268218040466,0.04002223536372185,0.034964945167303085,0.034964945167303085,0.034964945167303085,0.034964945167303085,0.034964945167303085,0.034964945167303085,0.034964945167303085,0.034964945167303085,0.034964945167303085,0.04077199101448059,0.034964945167303085,0.034964945167303085,0.034964945167303085,0.04003077745437622,0.034964945167303085,0.04618019983172417
2017-03-13,0.03766914829611778,0.039511293172836304,0.03779413178563118,0.04511430859565735,0.039098769426345825,0.03454739227890968,0.03454739227890968,0.03454739227890968,0.03454739227890968,0.0448797233402729,0.042164504528045654,0.03454739227890968,0.03454739227890968,0.03454739227890968,0.03454739227890968,0.03454739227890968,0.03454739227890968,0.03454739227890968,0.03454739227890968,0.03454739227890968,0.04512706771492958,0.03454739227890968,0.03454739227890968,0.03454739227890968,0.037335801869630814,0.03692711144685745,0.04161986708641052
2017-03-14,0.035807013511657715,0.03480842709541321,0.04194943606853485,0.043893177062273026,0.04107280820608139,0.034881144762039185,0.03480842709541321,0.03480842709541321,0.036693207919597626,0.03926198184490204,0.039357759058475494,0.03480842709541321,0.03480842709541321,0.036761511117219925,0.03480842709541321,0.03480842709541321,0.035748425871133804,0.03480842709541321,0.03480842709541321,0.03480842709541321,0.04026322439312935,0.03480842709541321,0.03480842709541321,0.03681649640202522,0.04031762853264809,0.035647884011268616,0.043827224522829056
2017-03-15,0.03600826486945152,0.034520380198955536,0.04127982631325722,0.042547475546598434,0.0386924147605896,0.036799974739551544,0.034520380198955536,0.0357239693403244,0.0390743687748909,0.04050558805465698,0.03681753948330879,0.034520380198955536,0.034520380198955536,0.035993363708257675,0.034520380198955536,0.034520380198955536,0.034520380198955536,0.034520380198955536,0.034520380198955536,0.034520380198955536,0.03889256715774536,0.034740157425403595,0.034520380198955536,0.04328854754567146,0.03899186849594116,0.037354376167058945,0.04356547072529793
2017-03-16,0.034651223570108414,0.034651223570108414,0.04127407819032669,0.04178328439593315,0.03984933719038963,0.035351965576410294,0.034651223570108414,0.034651223570108414,0.039655428379774094,0.03920868784189224,0.036657027900218964,0.034651223570108414,0.034651223570108414,0.0355609729886055,0.034651223570108414,0.034651223570108414,0.03555126488208771,0.034651223570108414,0.034651223570108414,0.034651223570108414,0.0417720228433609,0.034651223570108414,0.034651223570108414,0.040603987872600555,0.041031867265701294,0.03609367832541466,0.045140497386455536
2017-03-17,0.03783373162150383,0.03639506176114082,0.03724294155836105,0.04428871348500252,0.039814796298742294,0.03454889357089996,0.03454889357089996,0.03454889357089996,0.03492800146341324,0.039686836302280426,0.040608879178762436,0.03454889357089996,0.03454889357089996,0.043274521827697754,0.03454889357089996,0.03454889357089996,0.036963507533073425,0.04110430181026459,0.03454889357089996,0.03454889357089996,0.03824809193611145,0.034908439964056015,0.03454889357089996,0.03798135370016098,0.03454889357089996,0.03777999430894852,0.03890296816825867
2017-03-20,0.0377788245677948,0.04128357768058777,0.03776419535279274,0.037149153649806976,0.03493328019976616,0.03493328019976616,0.03493328019976616,0.03493328019976616,0.03691115975379944,0.04293284937739372,0.03659917041659355,0.03493328019976616,0.03493328019976616,0.03912339359521866,0.03493328019976616,0.03702846169471741,0.038347743451595306,0.036585643887519836,0.03493328019976616,0.03493328019976616,0.03702164441347122,0.03493328019976616,0.03493328019976616,0.036139145493507385,0.03876515477895737,0.03493328019976616,0.04737052321434021
2017-03-21,0.036126136779785156,0.04126732423901558,0.036060821264982224,0.03541888669133186,0.0348329022526741,0.0348329022526741,0.0348329022526741,0.0348329022526741,0.0403328463435173,0.043083347380161285,0.03597945719957352,0.03529374673962593,0.0348329022526741,0.03820156306028366,0.03844073787331581,0.0348329022526741,0.04085635021328926,0.03564172610640526,0.039231862872838974,0.0348329022526741,0.04088263213634491,0.0348329022526741,0.0348329022526741,0.03524763509631157,0.03979969397187233,0.0348329022526741,0.03980619087815285
2017-03-22,0.03480176255106926,0.041708219796419144,0.035198699682950974,0.034960899502038956,0.034791022539138794,0.034791022539138794,0.034791022539138794,0.034791022539138794,0.04015427455306053,0.04675921052694321,0.036282673478126526,0.034791022539138794,0.034791022539138794,0.03506804257631302,0.041915733367204666,0.034791022539138794,0.040728259831666946,0.0357341431081295,0.03606755658984184,0.034791022539138794,0.0439397394657135,0.034791022539138794,0.034791022539138794,0.034791022539138794,0.04044468700885773,0.034791022539138794,0.038743797689676285
2017-03-23,0.03433713689446449,0.039456434547901154,0.03885044530034065,0.03688744083046913,0.03433713689446449,0.03433713689446449,0.03523828834295273,0.03433713689446449,0.03785400837659836,0.03913954645395279,0.03433713689446449,0.03433713689446449,0.03782763332128525,0.03433713689446449,0.04553607851266861,0.03859822452068329,0.043063875287771225,0.03433713689446449,0.03433713689446449,0.03433713689446449,0.047777749598026276,0.03433713689446449,0.03433713689446449,0.03433713689446449,0.03433713689446449,0.03691137209534645,0.04213889688253403
2017-03-24,0.0343867726624012,0.041833583265542984,0.03565005958080292,0.034966230392456055,0.0343867726624012,0.0343867726624012,0.0343867726624012,0.0343867726624012,0.03961240127682686,0.03916254639625549,0.0343867726624012,0.0343867726624012,0.03513796254992485,0.036327850073575974,0.04565732553601265,0.0364190936088562,0.042391594499349594,0.0343867726624012,0.03509597107768059,0.0343867726624012,0.04769527539610863,0.0343867726624012,0.0343867726624012,0.0343867726624012,0.035948868840932846,0.0357353501021862,0.04572470486164093
2017-03-27,0.03412040323019028,0.038455601781606674,0.03719775378704071,0.04099365696310997,0.034249432384967804,0.03412040323019028,0.03412040323019028,0.03412040323019028,0.041143469512462616,0.03604040667414665,0.03412040323019028,0.03412040323019028,0.04051937907934189,0.034232717007398605,0.04248838126659393,0.03474900871515274,0.04456981271505356,0.03543277457356453,0.03412040323019028,0.03412040323019028,0.04872288927435875,0.03412040323019028,0.03412040323019028,0.0349331758916378,0.03412040323019028,0.035762038081884384,0.04518508538603783
2017-03-28,0.03397157043218613,0.04021911323070526,0.04259350150823593,0.03663346916437149,0.03397157043218613,0.03397157043218613,0.03672035411000252,0.03397157043218613,0.037375785410404205,0.03397157043218613,0.03397157043218613,0.03397157043218613,0.039055924862623215,0.03545304015278816,0.04794002324342728,0.037527889013290405,0.04770732298493385,0.036057449877262115,0.03397157043218613,0.03397157043218613,0.04761923849582672,0.03397157043218613,0.03397157043218613,0.03397157043218613,0.03397157043218613,0.034234073013067245,0.03923237696290016
2017-03-29,0.0343952551484108,0.04076690971851349,0.03469797223806381,0.03627330809831619,0.0343952551484108,0.0343952551484108,0.0343952551484108,0.0343952551484108,0.03861605003476143,0.043116163462400436,0.03857427090406418,0.0343952551484108,0.0343952551484108,0.03601332753896713,0.0428113155066967,0.03790954500436783,0.04053345322608948,0.03493510186672211,0.03502969443798065,0.0343952551484108,0.04494306817650795,0.0343952551484108,0.0343952551484108,0.03594052791595459,0.03734133392572403,0.035136181861162186,0.043409183621406555
2017-03-30,0.03438694402575493,0.04614754766225815,0.03438694402575493,0.03438694402575493,0.03438694402575493,0.03438694402575493,0.03438694402575493,0.03438694402575493,0.038824018090963364,0.0484817735850811,0.037828028202056885,0.034785736352205276,0.03438694402575493,0.03709474205970764,0.03855955973267555,0.03707513585686684,0.03939894214272499,0.03472329303622246,0.04094504565000534,0.03438694402575493,0.03840309754014015,0.03438694402575493,0.03438694402575493,0.03593364730477333,0.04051872342824936,0.03438694402575493,0.03863734379410744
2017-03-31,0.03427264094352722,0.04677850753068924,0.03427264094352722,0.03427264094352722,0.03427264094352722,0.03427264094352722,0.03427264094352722,0.03427264094352722,0.03666677325963974,0.04730905964970589,0.03891073539853096,0.03427264094352722,0.03427264094352722,0.036318339407444,0.03763459250330925,0.03915977105498314,0.03908799588680267,0.0346381776034832,0.04076116159558296,0.03427264094352722,0.03866412490606308,0.03427264094352722,0.03427264094352722,0.03624389320611954,0.04052078723907471,0.03427264094352722,0.04176176339387894
2017-04-03,0.03466251492500305,0.044761959463357925,0.03466251492500305,0.03466251492500305,0.03466251492500305,0.03466251492500305,0.03466251492500305,0.03466251492500305,0.03802202269434929,0.03997112810611725,0.03466251492500305,0.03466251492500305,0.03818083927035332,0.03466251492500305,0.04135549068450928,0.03930040821433067,0.039240434765815735,0.03466251492500305,0.04016393795609474,0.03466251492500305,0.04111495614051819,0.03466251492500305,0.03466251492500305,0.03466251492500305,0.0437961183488369,0.03466251492500305,0.039492517709732056
2017-04-04,0.03454577922821045,0.0490850955247879,0.03454577922821045,0.03454577922821045,0.03454577922821045,0.03454577922821045,0.03454577922821045,0.03454577922821045,0.03521927818655968,0.04155353084206581,0.03454577922821045,0.03454577922821045,0.03454577922821045,0.03628885746002197,0.0422828309237957,0.04262470081448555,0.03563408553600311,0.03454577922821045,0.038397204130887985,0.03454577922821045,0.041342586278915405,0.03454577922821045,0.03454577922821045,0.03454577922821045,0.043061356991529465,0.03454577922821045,0.04177800565958023
2017-04-05,0.034417588263750076,0.051193248480558395,0.034417588263750076,0.034417588263750076,0.034417588263750076,0.034417588263750076,0.034417588263750076,0.03626752272248268,0.035220224410295486,0.04310770705342293,0.034417588263750076,0.034417588263750076,0.034417588263750076,0.03668549656867981,0.03984744846820831,0.03950044512748718,0.03532780334353447,0.034417588263750076,0.04057217016816139,0.034417588263750076,0.040529102087020874,0.034417588263750076,0.034417588263750076,0.034417588263750076,0.04396677762269974,0.034417588263750076,0.04151827469468117
2017-04-06,0.03461208567023277,0.0554112084209919,0.03461208567023277,0.03461208567023277,0.03756096586585045,0.03461208567023277,0.03461208567023277,0.038702093064785004,0.03461208567023277,0.038613174110651016,0.03461208567023277,0.03504949435591698,0.03461208567023277,0.03886338695883751,0.03461208567023277,0.03712592273950577,0.03461208567023277,0.03461208567023277,0.045791786164045334,0.03461208567023277,0.039548151195049286,0.03614027425646782,0.03547727316617966,0.03461208567023277,0.04126632213592529,0.03461208567023277,0.035880766808986664
2017-04-07,0.03470864146947861,0.05600717291235924,0.03470864146947861,0.03470864146947861,0.03574450686573982,0.03470864146947861,0.03470864146947861,0.03470864146947861,0.03470864146947861,0.038282278925180435,0.03470864146947861,0.03470864146947861,0.03470864146947861,0.04150738939642906,0.03470864146947861,0.043040063232183456,0.035301875323057175,0.03470864146947861,0.04343964159488678,0.03470864146947861,0.04110121354460716,0.03470864146947861,0.03470864146947861,0.03470864146947861,0.03755646198987961,0.03470864146947861,0.037972480058670044
2017-04-10,0.034592121839523315,0.05014986917376518,0.035096216946840286,0.034592121839523315,0.037021342664957047,0.034592121839523315,0.034592121839523315,0.03523891046643257,0.034592121839523315,0.03793206438422203,0.034592121839523315,0.034592121839523315,0.03835245221853256,0.038381367921829224,0.03623133525252342,0.03890017047524452,0.034592121839523315,0.034592121839523315,0.0416983962059021,0.034592121839523315,0.041763000190258026,0.034592121839523315,0.034592121839523315,0.03680332750082016,0.040939927101135254,0.034592121839523315,0.041794050484895706
2017-04-11,0.03388824313879013,0.04656650871038437,0.03388824313879013,0.034652289003133774,0.036509376019239426,0.03388824313879013,0.03388824313879013,0.039265573024749756,0.03388824313879013,0.04260791838169098,0.03388824313879013,0.03388824313879013,0.03822238743305206,0.03654296323657036,0.03458894416689873,0.03680960834026337,0.03388824313879013,0.03388824313879013,0.041103292256593704,0.03388824313879013,0.0441611222922802,0.03388824313879013,0.035010211169719696,0.037989500910043716,0.041558604687452316,0.03469941392540932,0.04694153368473053
2017-04-12,0.034177377820014954,0.04768703505396843,0.034177377820014954,0.03472017124295235,0.035518545657396317,0.034177377820014954,0.034177377820014954,0.034177377820014954,0.03458084538578987,0.04033549129962921,0.034177377820014954,0.034177377820014954,0.04158008471131325,0.03963002562522888,0.037294548004865646,0.03483956307172775,0.034177377820014954,0.034177377820014954,0.041291702538728714,0.034177377820014954,0.03969478979706764,0.034177377820014954,0.034177377820014954,0.04164353013038635,0.04024987667798996,0.034177377820014954,0.04662790149450302
2017-04-13,0.03477158024907112,0.05119561031460762,0.03507169708609581,0.03477158024907112,0.03477158024907112,0.03477158024907112,0.03477158024907112,0.03477158024907112,0.03477158024907112,0.03933094069361687,0.03477158024907112,0.03477158024907112,0.03477158024907112,0.039297863841056824,0.03758127614855766,0.03905900567770004,0.03786105662584305,0.03477158024907112,0.04270877689123154,0.03477158024907112,0.04236116632819176,0.03553907573223114,0.03477158024907112,0.03697121888399124,0.041372526437044144,0.03477158024907112,0.0348476804792881
2017-04-17,0.034675631672143936,0.05254011228680611,0.03543107211589813,0.034675631672143936,0.034675631672143936,0.03505796566605568,0.03570040687918663,0.034675631672143936,0.034675631672143936,0.03551729395985603,0.034675631672143936,0.034675631672143936,0.03687843680381775,0.04125427454710007,0.0376640260219574,0.04266281798481941,0.03819042816758156,0.034675631672143936,0.041876163333654404,0.034675631672143936,0.03941834717988968,0.035510122776031494,0.034675631672143936,0.03859735652804375,0.035894956439733505,0.034675631672143936,0.0363742932677269
2017-04-18,0.03470669314265251,0.04864010214805603,0.03859391808509827,0.03470669314265251,0.03470669314265251,0.03477330878376961,0.03470669314265251,0.03470669314265251,0.03470669314265251,0.04231693968176842,0.03470669314265251,0.03470669314265251,0.03470669314265251,0.03861574828624725,0.0409160740673542,0.03578798100352287,0.03554810211062431,0.03470669314265251,0.039550986140966415,0.03470669314265251,0.04366166889667511,0.03477337583899498,0.03470669314265251,0.0366029217839241,0.041360870003700256,0.035171154886484146,0.0372064933180809
2017-04-19,0.03434516489505768,0.044993046671152115,0.03849325329065323,0.03434516489505768,0.03434516489505768,0.03508888557553291,0.03434516489505768,0.03434516489505768,0.0370134636759758,0.035648271441459656,0.03434516489505768,0.03434516489505768,0.03647458925843239,0.036849137395620346,0.04363647475838661,0.03623678907752037,0.0367802157998085,0.03434516489505768,0.03862912207841873,0.03434516489505768,0.04988861083984375,0.03434516489505768,0.03434516489505768,0.03434516489505768,0.04203157499432564,0.03434516489505768,0.04174942895770073
2017-04-20,0.03445569425821304,0.04165634140372276,0.04346499964594841,0.03445569425821304,0.03445569425821304,0.03445569425821304,0.03445569425821304,0.03445569425821304,0.03802688792347908,0.03445569425821304,0.03445569425821304,0.03445569425821304,0.0346587598323822,0.040807515382766724,0.04206144064664841,0.036217574030160904,0.04074010252952576,0.03445569425821304,0.03840381279587746,0.03445569425821304,0.04562251269817352,0.03445569425821304,0.03445569425821304,0.03525181859731674,0.038760412484407425,0.034914907068014145,0.04148881509900093
2017-04-21,0.03539536893367767,0.03670569136738777,0.039228711277246475,0.03539536893367767,0.03539536893367767,0.03539536893367767,0.03539536893367767,0.03539536893367767,0.04411061108112335,0.03833019733428955,0.03871017321944237,0.03539536893367767,0.03539536893367767,0.03659268468618393,0.03539536893367767,0.03539536893367767,0.03795835003256798,0.03539536893367767,0.04288240149617195,0.03539536893367767,0.04600506275892258,0.03539536893367767,0.03539536893367767,0.03539536893367767,0.03748488798737526,0.03539536893367767,0.035665370523929596
2017-04-24,0.035047147423028946,0.03640614449977875,0.035047147423028946,0.035047147423028946,0.04122338443994522,0.035047147423028946,0.035047147423028946,0.035047147423028946,0.04037384316325188,0.04003205895423889,0.03918642923235893,0.035047147423028946,0.03717554733157158,0.035047147423028946,0.035047147423028946,0.03550976514816284,0.036219272762537,0.035047147423028946,0.04038602486252785,0.035047147423028946,0.04849932715296745,0.035047147423028946,0.035047147423028946,0.035047147423028946,0.03690178319811821,0.035395484417676926,0.04203079268336296
2017-04-25,0.035217564553022385,0.03758121281862259,0.035217564553022385,0.037933461368083954,0.03978673368692398,0.035217564553022385,0.035217564553022385,0.035217564553022385,0.03966571018099785,0.04531872645020485,0.044156692922115326,0.035217564553022385,0.035217564553022385,0.035217564553022385,0.035217564553022385,0.035217564553022385,0.03572845086455345,0.035217564553022385,0.04141528531908989,0.035217564553022385,0.040417272597551346,0.035217564553022385,0.035217564553022385,0.035217564553022385,0.035217564553022385,0.035217564553022385,0.03929782286286354
2017-04-26,0.034920670092105865,0.03797959163784981,0.03957633301615715,0.03818530961871147,0.04076598957180977,0.034920670092105865,0.034920670092105865,0.03723674267530441,0.03666647523641586,0.04308536276221275,0.03910600394010544,0.036034904420375824,0.034920670092105865,0.034920670092105865,0.034920670092105865,0.034920670092105865,0.034920670092105865,0.034920670092105865,0.04702688008546829,0.034920670092105865,0.03761737048625946,0.034920670092105865,0.034920670092105865,0.034920670092105865,0.034920670092105865,0.038922268897295,0.038907382637262344
2017-04-27,0.03497740998864174,0.03703434392809868,0.03769266977906227,0.036987852305173874,0.041564907878637314,0.03497740998864174,0.03497740998864174,0.039308857172727585,0.036145906895399094,0.04496217891573906,0.03681648150086403,0.036582160741090775,0.03497740998864174,0.03497740998864174,0.03497740998864174,0.03497740998864174,0.03497740998864174,0.03497740998864174,0.04306640475988388,0.03497740998864174,0.041073448956012726,0.03497740998864174,0.03497740998864174,0.035273510962724686,0.03497740998864174,0.037288598716259,0.041496362537145615
2017-04-28,0.034503426402807236,0.039052534848451614,0.03807433322072029,0.039517998695373535,0.04578397423028946,0.034503426402807236,0.034503426402807236,0.034503426402807236,0.035762086510658264,0.042416565120220184,0.03967149183154106,0.034503426402807236,0.034503426402807236,0.034503426402807236,0.034503426402807236,0.034503426402807236,0.03461155667901039,0.034503426402807236,0.04062510281801224,0.034503426402807236,0.042691007256507874,0.035091791301965714,0.034503426402807236,0.03492652624845505,0.03596178814768791,0.03795221075415611,0.04381989687681198
2017-05-01,0.034465089440345764,0.035986240953207016,0.038307901471853256,0.03865944221615791,0.04250221326947212,0.034465089440345764,0.03502717241644859,0.034465089440345764,0.03714948520064354,0.04167665168642998,0.042388834059238434,0.03577486053109169,0.034465089440345764,0.034465089440345764,0.034465089440345764,0.034465089440345764,0.034465089440345764,0.034465089440345764,0.03990809619426727,0.034465089440345764,0.0442998968064785,0.0346466489136219,0.034465089440345764,0.03873974084854126,0.034866344183683395,0.03566786274313927,0.04528265818953514
2017-05-02,0.03447740525007248,0.03848318010568619,0.038973502814769745,0.03616533428430557,0.041712816804647446,0.03447740525007248,0.03689078241586685,0.03447740525007248,0.03650778532028198,0.042366351932287216,0.03734251856803894,0.03569290414452553,0.03447740525007248,0.03447740525007248,0.03447740525007248,0.03447740525007248,0.03574492782354355,0.03447740525007248,0.03879999369382858,0.03447740525007248,0.04822060093283653,0.035491298884153366,0.03447740525007248,0.03602737933397293,0.03742135316133499,0.03478081524372101,0.04460437595844269
2017-05-03,0.034947775304317474,0.041414957493543625,0.03690441697835922,0.03642050549387932,0.04066064953804016,0.034947775304317474,0.036466971039772034,0.034947775304317474,0.03641378507018089,0.04549219086766243,0.039237070828676224,0.034947775304317474,0.034947775304317474,0.034947775304317474,0.034947775304317474,0.034947775304317474,0.035465069115161896,0.034947775304317474,0.03939572349190712,0.034947775304317474,0.046730078756809235,0.034947775304317474,0.034947775304317474,0.034947775304317474,0.03606845438480377,0.034947775304317474,0.040061257779598236
2017-05-04,0.03488006815314293,0.04339493066072464,0.038556452840566635,0.036232661455869675,0.040999267250299454,0.03488006815314293,0.035165395587682724,0.03488006815314293,0.03488006815314293,0.04503554105758667,0.03488006815314293,0.03488006815314293,0.03755395859479904,0.03488006815314293,0.03488006815314293,0.035532549023628235,0.03488006815314293,0.03488006815314293,0.037449803203344345,0.03488006815314293,0.04718480631709099,0.03488006815314293,0.03488006815314293,0.03488006815314293,0.036086518317461014,0.03488006815314293,0.043607160449028015
2017-05-05,0.034007299691438675,0.04119182378053665,0.03908645361661911,0.03965577483177185,0.04034610465168953,0.034007299691438675,0.03767422214150429,0.034007299691438675,0.034007299691438675,0.040047537535429,0.036505717784166336,0.034007299691438675,0.04033531993627548,0.034007299691438675,0.034007299691438675,0.03577885776758194,0.034007299691438675,0.034007299691438675,0.03505340963602066,0.034007299691438675,0.05423388630151749,0.034007299691438675,0.034007299691438675,0.034007299691438675,0.034007299691438675,0.03752712905406952,0.04646162688732147
2017-05-08,0.033750537782907486,0.04155416041612625,0.033750537782907486,0.04164307564496994,0.0403892919421196,0.033750537782907486,0.034173477441072464,0.033750537782907486,0.033750537782907486,0.04395856708288193,0.046868324279785156,0.034687772393226624,0.034887418150901794,0.033750537782907486,0.033750537782907486,0.03725239261984825,0.033750537782907486,0.033750537782907486,0.03624746575951576,0.033750537782907486,0.049185626208782196,0.033750537782907486,0.035643499344587326,0.033750537782907486,0.037072036415338516,0.033750537782907486,0.047679923474788666
2017-05-09,0.03369295224547386,0.040523961186409,0.03369295224547386,0.04121118038892746,0.040083348751068115,0.03369295224547386,0.034086477011442184,0.03369295224547386,0.033989544957876205,0.0441826656460762,0.047859907150268555,0.03448738902807236,0.035044971853494644,0.03369295224547386,0.03369295224547386,0.0374203696846962,0.03369295224547386,0.03369295224547386,0.03594636544585228,0.03369295224547386,0.049541063606739044,0.03369295224547386,0.035984694957733154,0.03377669304609299,0.03744230419397354,0.03369295224547386,0.04779656231403351
2017-05-10,0.03389214724302292,0.04091658070683479,0.03389214724302292,0.035267241299152374,0.038300104439258575,0.03389214724302292,0.03389214724302292,0.03389214724302292,0.03693283349275589,0.04429681599140167,0.04532991722226143,0.03389214724302292,0.03554540127515793,0.03389214724302292,0.03389214724302292,0.03789326921105385,0.03389214724302292,0.03389214724302292,0.03447866439819336,0.03389214724302292,0.050765641033649445,0.03389214724302292,0.03753254935145378,0.03389214724302292,0.042057983577251434,0.03389214724302292,0.04619286581873894
2017-05-11,0.03447533771395683,0.03669095039367676,0.03447533771395683,0.03447533771395683,0.035091400146484375,0.03447533771395683,0.03447533771395683,0.03447533771395683,0.03621600940823555,0.0464053638279438,0.0410505086183548,0.03665371239185333,0.036572135984897614,0.03447533771395683,0.03447533771395683,0.03689032793045044,0.03447533771395683,0.03447533771395683,0.037122294306755066,0.03447533771395683,0.050057776272296906,0.03447533771395683,0.03656505048274994,0.03642895445227623,0.04153478518128395,0.03447533771395683,0.044541336596012115
2017-05-12,0.034541331231594086,0.035410042852163315,0.034541331231594086,0.03673337772488594,0.034541331231594086,0.034541331231594086,0.034541331231594086,0.034541331231594086,0.03799024224281311,0.04498937726020813,0.04594758525490761,0.034541331231594086,0.03631320223212242,0.034541331231594086,0.034541331231594086,0.03845299780368805,0.034541331231594086,0.034541331231594086,0.034541331231594086,0.034541331231594086,0.04588119313120842,0.034541331231594086,0.035674918442964554,0.03718220815062523,0.040414609014987946,0.034541331231594086,0.04689030721783638
2017-05-15,0.03454864025115967,0.03478105366230011,0.03454864025115967,0.03454864025115967,0.03454864025115967,0.03454864025115967,0.03454864025115967,0.03454864025115967,0.03654532507061958,0.043854668736457825,0.04522499069571495,0.03454864025115967,0.04081273078918457,0.03454864025115967,0.03454864025115967,0.0400918684899807,0.03509707748889923,0.03454864025115967,0.03454864025115967,0.03454864025115967,0.043467339128255844,0.03454864025115967,0.03860238939523697,0.036973774433135986,0.0390641950070858,0.03752317652106285,0.04428038001060486
2017-05-16,0.03670390322804451,0.04244660213589668,0.03464295342564583,0.03816971927881241,0.03577747195959091,0.03464295342564583,0.03464295342564583,0.03464295342564583,0.03464295342564583,0.04350869730114937,0.04356515780091286,0.03556181117892265,0.03464295342564583,0.03490348160266876,0.03464295342564583,0.036742113530635834,0.03530280292034149,0.039568934589624405,0.03464295342564583,0.03464295342564583,0.03753865137696266,0.03464295342564583,0.03464295342564583,0.04025689512491226,0.03818291798233986,0.03755202144384384,0.04314635321497917
2017-05-17,0.03873816505074501,0.041852857917547226,0.034715086221694946,0.04005429148674011,0.036580611020326614,0.034715086221694946,0.034715086221694946,0.034715086221694946,0.03497627004981041,0.046343881636857986,0.043114956468343735,0.034715086221694946,0.034715086221694946,0.034715086221694946,0.034715086221694946,0.03725753724575043,0.036869265139102936,0.037581078708171844,0.034715086221694946,0.034715086221694946,0.0369747094810009,0.034715086221694946,0.034715086221694946,0.039616625756025314,0.036663345992565155,0.034715086221694946,0.04208025708794594
2017-05-18,0.038228243589401245,0.03661327064037323,0.03487267345190048,0.04290701448917389,0.03529446944594383,0.03487267345190048,0.03487267345190048,0.03487267345190048,0.03487267345190048,0.03689766675233841,0.03805837407708168,0.03736160695552826,0.03755977004766464,0.03957492858171463,0.03487267345190048,0.03871481493115425,0.04151946306228638,0.04632333293557167,0.03487267345190048,0.03487267345190048,0.03601366654038429,0.03487267345190048,0.03487267345190048,0.03919030725955963,0.03487267345190048,0.03487267345190048,0.03727100044488907
2017-05-19,0.03459811210632324,0.04128101468086243,0.03459811210632324,0.03459811210632324,0.03459811210632324,0.03459811210632324,0.03459811210632324,0.034966133534908295,0.03459811210632324,0.04092896357178688,0.036932382732629776,0.035607196390628815,0.041413888335227966,0.03591669723391533,0.0383516326546669,0.04039895161986351,0.03655850887298584,0.03459811210632324,0.03869442269206047,0.03459811210632324,0.04032646864652634,0.03459811210632324,0.03459811210632324,0.03672865033149719,0.03977532684803009,0.03830523416399956,0.04323527216911316
2017-05-22,0.0349636971950531,0.04118584841489792,0.0349636971950531,0.0349636971950531,0.0349636971950531,0.0349636971950531,0.0349636971950531,0.04048241302371025,0.0349636971950531,0.04439644515514374,0.03896629437804222,0.03771267831325531,0.0349636971950531,0.03597761318087578,0.0349636971950531,0.03663177788257599,0.0349636971950531,0.0349636971950531,0.03919978067278862,0.0349636971950531,0.04019265994429588,0.0349636971950531,0.0349636971950531,0.03792108595371246,0.045560769736766815,0.0349636971950531,0.037317194044589996
2017-05-23,0.03507582098245621,0.042418330907821655,0.03507582098245621,0.03507582098245621,0.03507582098245621,0.03507582098245621,0.03507582098245621,0.0424627959728241,0.03507582098245621,0.041855812072753906,0.03786355257034302,0.04106150195002556,0.036454249173402786,0.03576677665114403,0.03507582098245621,0.03902842849493027,0.0353444442152977,0.03507582098245621,0.039476923644542694,0.03507582098245621,0.03813178464770317,0.03739830479025841,0.03507582098245621,0.03507582098245621,0.04056389257311821,0.03577536344528198,0.03548797219991684
2017-05-24,0.034702546894550323,0.03984419256448746,0.034702546894550323,0.034702546894550323,0.034702546894550323,0.034702546894550323,0.034702546894550323,0.043166812509298325,0.0347069650888443,0.04750611260533333,0.046321235597133636,0.034702546894550323,0.034702546894550323,0.034702546894550323,0.034702546894550323,0.038806408643722534,0.034702546894550323,0.034702546894550323,0.038044240325689316,0.034702546894550323,0.03964715078473091,0.034702546894550323,0.034702546894550323,0.034702546894550323,0.04483204334974289,0.034702546894550323,0.0371815487742424
2017-05-25,0.03494284301996231,0.0390290692448616,0.03494284301996231,0.03494284301996231,0.03494284301996231,0.03494284301996231,0.03494284301996231,0.041925445199012756,0.036310091614723206,0.04688047245144844,0.04518783837556839,0.03494284301996231,0.03494284301996231,0.03494284301996231,0.03563645854592323,0.03666767477989197,0.03494284301996231,0.03494284301996231,0.03698648512363434,0.03494284301996231,0.041151802986860275,0.03494284301996231,0.03494284301996231,0.03494284301996231,0.044053077697753906,0.03494284301996231,0.03708609566092491
2017-05-26,0.03494896739721298,0.038802072405815125,0.034632954746484756,0.034632954746484756,0.034632954746484756,0.034632954746484756,0.03531492128968239,0.039399273693561554,0.03695203363895416,0.047045886516571045,0.04974332079291344,0.034632954746484756,0.034632954746484756,0.034632954746484756,0.03502359613776207,0.03576185181736946,0.034632954746484756,0.034632954746484756,0.03660053759813309,0.034632954746484756,0.043618932366371155,0.034632954746484756,0.034632954746484756,0.034632954746484756,0.04425383731722832,0.034632954746484756,0.03767337277531624
2017-05-30,0.03719533607363701,0.03909377381205559,0.03480352461338043,0.03480352461338043,0.03480352461338043,0.03480352461338043,0.03652232885360718,0.03761579841375351,0.036858923733234406,0.04783596098423004,0.047534286975860596,0.03480352461338043,0.03480352461338043,0.03480352461338043,0.03480352461338043,0.03625901788473129,0.03480352461338043,0.03480352461338043,0.03667209669947624,0.03480352461338043,0.043278392404317856,0.03480352461338043,0.03480352461338043,0.03480352461338043,0.04287385568022728,0.03480352461338043,0.03620739281177521
2017-05-31,0.03809729591012001,0.040766291320323944,0.035023290663957596,0.035023290663957596,0.035023290663957596,0.035023290663957596,0.036799732595682144,0.03606022894382477,0.03696737810969353,0.04823138192296028,0.045249152928590775,0.035023290663957596,0.035023290663957596,0.035023290663957596,0.03503164276480675,0.03528255224227905,0.035023290663957596,0.035023290663957596,0.0387037955224514,0.035023290663957596,0.04235299676656723,0.035023290663957596,0.035023290663957596,0.035023290663957596,0.04042582958936691,0.035023290663957596,0.035705700516700745
2017-06-01,0.03537268564105034,0.043306730687618256,0.036546461284160614,0.03531813621520996,0.03531813621520996,0.03531813621520996,0.03531813621520996,0.03531813621520996,0.039478909224271774,0.04058799892663956,0.03891407325863838,0.0387406162917614,0.03531813621520996,0.03531813621520996,0.03531813621520996,0.03531813621520996,0.038769543170928955,0.03531813621520996,0.04237067326903343,0.03531813621520996,0.03997619450092316,0.03531813621520996,0.03531813621520996,0.03531813621520996,0.0404788963496685,0.03531813621520996,0.03568514436483383
2017-06-02,0.036325808614492416,0.04081225022673607,0.03919098898768425,0.035006292164325714,0.035006292164325714,0.035006292164325714,0.035006292164325714,0.043772049248218536,0.035623759031295776,0.047453250735998154,0.035006292164325714,0.03758225962519646,0.035006292164325714,0.035006292164325714,0.035006292164325714,0.035006292164325714,0.035006292164325714,0.035006292164325714,0.03904004767537117,0.035006292164325714,0.03726905211806297,0.035006292164325714,0.035006292164325714,0.03885863721370697,0.042950816452503204,0.035006292164325714,0.03602670505642891
2017-06-05,0.0346246212720871,0.041501063853502274,0.041114579886198044,0.0346246212720871,0.0346246212720871,0.0346246212720871,0.0346246212720871,0.04121488332748413,0.03637908399105072,0.047671157866716385,0.0346246212720871,0.03668379411101341,0.0346246212720871,0.0346246212720871,0.0346246212720871,0.0346246212720871,0.0346246212720871,0.0346246212720871,0.04234626889228821,0.0346246212720871,0.03914102166891098,0.0346246212720871,0.0346246212720871,0.03716767579317093,0.044454656541347504,0.0346246212720871,0.03833182156085968
2017-06-06,0.03496258705854416,0.04048929736018181,0.04138145223259926,0.03496258705854416,0.03496258705854416,0.03496258705854416,0.0363272950053215,0.044193707406520844,0.035547856241464615,0.044776368886232376,0.03496258705854416,0.03720128908753395,0.03496258705854416,0.03496258705854416,0.03496258705854416,0.03496258705854416,0.03496258705854416,0.03496258705854416,0.04128238186240196,0.03496258705854416,0.03961889445781708,0.03496258705854416,0.03496258705854416,0.03606078401207924,0.04371928051114082,0.03496258705854416,0.03496258705854416
2017-06-07,0.034964777529239655,0.04045617952942848,0.04135540500283241,0.034964777529239655,0.034964777529239655,0.034964777529239655,0.0364130437374115,0.04423941671848297,0.035541072487831116,0.04472741857171059,0.034964777529239655,0.03719576075673103,0.034964777529239655,0.034964777529239655,0.034964777529239655,0.034964777529239655,0.034964777529239655,0.034964777529239655,0.0412474162876606,0.034964777529239655,0.039625342935323715,0.034964777529239655,0.034964777529239655,0.036039091646671295,0.04372335597872734,0.034964777529239655,0.034964777529239655
2017-06-08,0.035270825028419495,0.03916538134217262,0.036035001277923584,0.035270825028419495,0.035270825028419495,0.035270825028419495,0.035270825028419495,0.04358500987291336,0.03747215121984482,0.04509928449988365,0.035270825028419495,0.035270825028419495,0.035270825028419495,0.035270825028419495,0.035270825028419495,0.035270825028419495,0.035270825028419495,0.035270825028419495,0.038381341844797134,0.035270825028419495,0.04052386060357094,0.035270825028419495,0.035270825028419495,0.03556981682777405,0.04745212942361832,0.035270825028419495,0.03711191937327385
2017-06-09,0.034987673163414,0.04635617882013321,0.034987673163414,0.034987673163414,0.034987673163414,0.034987673163414,0.034987673163414,0.03712921589612961,0.03683467581868172,0.046502575278282166,0.04018109291791916,0.034987673163414,0.034987673163414,0.034987673163414,0.036246687173843384,0.034987673163414,0.034987673163414,0.034987673163414,0.037418659776449203,0.034987673163414,0.04211203381419182,0.034987673163414,0.034987673163414,0.034987673163414,0.046232644468545914,0.034987673163414,0.036195848137140274
2017-06-12,0.03761427849531174,0.04221292585134506,0.034781403839588165,0.035011328756809235,0.034781403839588165,0.034781403839588165,0.034781403839588165,0.040274567902088165,0.034781403839588165,0.04660242050886154,0.04102082550525665,0.039392538368701935,0.034781403839588165,0.038551509380340576,0.034781403839588165,0.034781403839588165,0.034781403839588165,0.034781403839588165,0.03887653350830078,0.03487389162182808,0.03682368993759155,0.034781403839588165,0.034781403839588165,0.038216061890125275,0.043555282056331635,0.03481588885188103,0.034781403839588165
2017-06-13,0.03786090761423111,0.04404783248901367,0.04141177237033844,0.03823033720254898,0.03523252159357071,0.03638089448213577,0.039634861052036285,0.03857888653874397,0.03536121919751167,0.03891913965344429,0.03523252159357071,0.03523252159357071,0.03523252159357071,0.03809770196676254,0.03523252159357071,0.03523252159357071,0.03523252159357071,0.03523252159357071,0.04058254137635231,0.03523252159357071,0.03635544702410698,0.03523252159357071,0.03523252159357071,0.036176882684230804,0.04033876955509186,0.03523252159357071,0.03523252159357071
2017-06-14,0.03625614196062088,0.04072585329413414,0.039554838091135025,0.039207056164741516,0.03530224785208702,0.035399314016103745,0.03530224785208702,0.03617377206683159,0.03530224785208702,0.035419076681137085,0.03672625869512558,0.038347743451595306,0.03530224785208702,0.043083179742097855,0.03530224785208702,0.03530224785208702,0.03966151177883148,0.037598270922899246,0.04114581272006035,0.03530224785208702,0.03530224785208702,0.03530224785208702,0.03530224785208702,0.036602288484573364,0.040026336908340454,0.03530224785208702,0.03574787452816963
2017-06-15,0.03654106706380844,0.04392131790518761,0.04024806246161461,0.03927554190158844,0.035459961742162704,0.0379977747797966,0.035459961742162704,0.037568844854831696,0.035780277103185654,0.035838935524225235,0.035459961742162704,0.035459961742162704,0.035459961742162704,0.041326649487018585,0.035459961742162704,0.035872139036655426,0.03826940059661865,0.03571184352040291,0.037321850657463074,0.035459961742162704,0.035459961742162704,0.035459961742162704,0.035459961742162704,0.03791360929608345,0.038403768092393875,0.035459961742162704,0.0379493273794651
2017-06-16,0.03562137112021446,0.0432070717215538,0.04078511521220207,0.03647730126976967,0.03562137112021446,0.03591066971421242,0.03562137112021446,0.03562137112021446,0.03562137112021446,0.03730085492134094,0.03569403290748596,0.03562137112021446,0.03562137112021446,0.04107237234711647,0.03562137112021446,0.03780721500515938,0.03824222460389137,0.03562137112021446,0.03829149529337883,0.03562137112021446,0.03562137112021446,0.03562137112021446,0.03562137112021446,0.03699982538819313,0.03821301460266113,0.03562137112021446,0.041299592703580856
2017-06-19,0.03553955256938934,0.04085535183548927,0.0350818932056427,0.04032381623983383,0.0350818932056427,0.03838835284113884,0.0350818932056427,0.0350818932056427,0.03526626527309418,0.0350818932056427,0.04333057254552841,0.0350818932056427,0.0350818932056427,0.04298827424645424,0.0350818932056427,0.04003845900297165,0.04237882420420647,0.042082529515028,0.0372183732688427,0.0350818932056427,0.0350818932056427,0.0350818932056427,0.0350818932056427,0.03536120057106018,0.0350818932056427,0.0350818932056427,0.0350818932056427
2017-06-20,0.036826565861701965,0.041701000183820724,0.03499941527843475,0.04352269321680069,0.03499941527843475,0.03499941527843475,0.03499941527843475,0.03499941527843475,0.03861295431852341,0.03564693406224251,0.042536377906799316,0.03499941527843475,0.03499941527843475,0.03825593367218971,0.03499941527843475,0.03581635653972626,0.04477396979928017,0.04289095103740692,0.035231903195381165,0.03499941527843475,0.03499941527843475,0.03499941527843475,0.03499941527843475,0.03738552704453468,0.03499941527843475,0.03499941527843475,0.03680700063705444
2017-06-21,0.03813387453556061,0.04118065908551216,0.03543560206890106,0.04414067417383194,0.036695584654808044,0.03473673760890961,0.03473673760890961,0.03473673760890961,0.036019161343574524,0.03661874681711197,0.04437035694718361,0.03473673760890961,0.03473673760890961,0.03625345230102539,0.03473673760890961,0.03616466373205185,0.04141605645418167,0.04162467271089554,0.03473673760890961,0.03473673760890961,0.03473673760890961,0.03473673760890961,0.03473673760890961,0.03851759433746338,0.03500226140022278,0.03473673760890961,0.04158570244908333
2017-06-22,0.04304208979010582,0.034378781914711,0.03977756202220917,0.045417122542858124,0.03547649830579758,0.038216978311538696,0.034378781914711,0.03540515527129173,0.0407852828502655,0.034378781914711,0.04651554673910141,0.03836161643266678,0.034378781914711,0.034378781914711,0.034378781914711,0.034378781914711,0.037751104682683945,0.0402056947350502,0.034378781914711,0.034378781914711,0.034378781914711,0.034378781914711,0.034378781914711,0.038768015801906586,0.035907674580812454,0.034378781914711,0.03744553402066231
2017-06-23,0.040799032896757126,0.03490487113595009,0.04220170900225639,0.04384433850646019,0.03490487113595009,0.038130711764097214,0.03490487113595009,0.03693439066410065,0.042225416749715805,0.03490487113595009,0.04059944301843643,0.03835853561758995,0.03490487113595009,0.03490487113595009,0.03490487113595009,0.03490487113595009,0.03973464295268059,0.0382419116795063,0.03490487113595009,0.03490487113595009,0.03490487113595009,0.03490487113595009,0.03490487113595009,0.03716717287898064,0.038189567625522614,0.03490487113595009,0.03490487113595009
2017-06-26,0.042563192546367645,0.036013249307870865,0.03944515064358711,0.04540715739130974,0.03523891046643257,0.03621036559343338,0.03668304532766342,0.0349288135766983,0.03936871886253357,0.0349288135766983,0.04231727495789528,0.03891528397798538,0.0349288135766983,0.0349288135766983,0.0349288135766983,0.03514556586742401,0.041679609566926956,0.03917519748210907,0.0349288135766983,0.0349288135766983,0.0349288135766983,0.0349288135766983,0.0349288135766983,0.037762679159641266,0.0349288135766983,0.0349288135766983,0.0349288135766983
2017-06-27,0.042558006942272186,0.03601544722914696,0.039460133761167526,0.04540896415710449,0.03524370491504669,0.036210767924785614,0.03670666739344597,0.034928519278764725,0.03935122862458229,0.034928519278764725,0.04231793060898781,0.03892521560192108,0.034928519278764725,0.034928519278764725,0.034928519278764725,0.0351288840174675,0.0416741669178009,0.03915932774543762,0.034928519278764725,0.034928519278764725,0.034928519278764725,0.034928519278764725,0.034928519278764725,0.03776882588863373,0.034928519278764725,0.034928519278764725,0.034928519278764725
2017-06-28,0.04383913055062294,0.03508183732628822,0.04148270934820175,0.051555708050727844,0.035130489617586136,0.036745622754096985,0.034837912768125534,0.037311118096113205,0.035813041031360626,0.03438189998269081,0.040676385164260864,0.038847457617521286,0.03436237946152687,0.036633871495723724,0.03436237946152687,0.03436237946152687,0.03905859589576721,0.04033005237579346,0.03436237946152687,0.03436237946152687,0.03436237946152687,0.03436237946152687,0.03436237946152687,0.040287937968969345,0.03436237946152687,0.03436237946152687,0.03436237946152687
2017-06-29,0.0436883270740509,0.03432299941778183,0.040869154036045074,0.05162878334522247,0.03768055886030197,0.03589969873428345,0.034649744629859924,0.0356731154024601,0.03476342558860779,0.03432299941778183,0.0416887067258358,0.04079392924904823,0.03432299941778183,0.037208713591098785,0.03432299941778183,0.03432299941778183,0.03647153452038765,0.041227273643016815,0.03432299941778183,0.03432299941778183,0.03432299941778183,0.03432299941778183,0.03432299941778183,0.04155809432268143,0.03432299941778183,0.03432299941778183,0.03432299941778183
2017-06-30,0.041131384670734406,0.03614068776369095,0.04191204905509949,0.04923178255558014,0.036190032958984375,0.03648870438337326,0.0344877615571022,0.03606509789824486,0.0344877615571022,0.0344877615571022,0.038200877606868744,0.04267705976963043,0.0344877615571022,0.03871065750718117,0.0344877615571022,0.0344877615571022,0.03626769781112671,0.042783621698617935,0.0344877615571022,0.0344877615571022,0.0344877615571022,0.0344877615571022,0.0344877615571022,0.04122786596417427,0.0344877615571022,0.03463156521320343,0.0344877615571022
2017-07-03,0.04438672214746475,0.04134009778499603,0.03771042823791504,0.03593091294169426,0.03445354849100113,0.03445354849100113,0.03445354849100113,0.03670315071940422,0.03490709885954857,0.03771357983350754,0.036007605493068695,0.04554210230708122,0.03445354849100113,0.037452396005392075,0.03445354849100113,0.03445354849100113,0.03445354849100113,0.03775373846292496,0.04590203985571861,0.04103425517678261,0.03445354849100113,0.03445354849100113,0.03445354849100113,0.03510066494345665,0.03907262161374092,0.03445354849100113,0.03445354849100113
2017-07-05,0.038626279681921005,0.04245436564087868,0.03766932338476181,0.035220496356487274,0.0344582125544548,0.0344582125544548,0.0344582125544548,0.03683147579431534,0.03520757332444191,0.03784830495715141,0.037313297390937805,0.044495075941085815,0.0344582125544548,0.03905733674764633,0.0344582125544548,0.0344582125544548,0.0347076877951622,0.0377814844250679,0.04751884937286377,0.0408504381775856,0.0344582125544548,0.0344582125544548,0.0344582125544548,0.03607230260968208,0.039305396378040314,0.0344582125544548,0.0344582125544548
2017-07-06,0.04518432915210724,0.039426881819963455,0.038085002452135086,0.03927161544561386,0.034427616745233536,0.034427616745233536,0.034427616745233536,0.035273704677820206,0.03624402731657028,0.03698650002479553,0.03907319903373718,0.04613664001226425,0.034427616745233536,0.036686353385448456,0.034427616745233536,0.034427616745233536,0.034427616745233536,0.038690418004989624,0.042939987033605576,0.03981335461139679,0.034427616745233536,0.034427616745233536,0.034427616745233536,0.036074619740247726,0.03698199242353439,0.034427616745233536,0.034427616745233536
2017-07-07,0.04044216126203537,0.04134500026702881,0.03470190614461899,0.03615729510784149,0.03470190614461899,0.03470190614461899,0.03470190614461899,0.03470190614461899,0.040116310119628906,0.0365154929459095,0.03728871047496796,0.03998087719082832,0.03470190614461899,0.04367493838071823,0.03470190614461899,0.03470190614461899,0.03589542955160141,0.04410148784518242,0.042226120829582214,0.03617429733276367,0.03470190614461899,0.03470190614461899,0.03470190614461899,0.03912019357085228,0.03560902550816536,0.03470190614461899,0.03492977097630501
2017-07-10,0.04196900501847267,0.041337162256240845,0.036859527230262756,0.03739963471889496,0.03455834835767746,0.03455834835767746,0.03455834835767746,0.03455834835767746,0.039513979107141495,0.037992093712091446,0.035334181040525436,0.040965914726257324,0.03455834835767746,0.04080846905708313,0.03455834835767746,0.03455834835767746,0.034776050597429276,0.04213552549481392,0.041283879429101944,0.03539083153009415,0.03455834835767746,0.03455834835767746,0.03455834835767746,0.03970731422305107,0.036939214915037155,0.03455834835767746,0.037445396184921265
2017-07-11,0.045116230845451355,0.040970414876937866,0.03947300463914871,0.03865200653672218,0.03466301038861275,0.03466301038861275,0.03466301038861275,0.03466301038861275,0.04347753897309303,0.03835858777165413,0.035892147570848465,0.03845658898353577,0.03466301038861275,0.036536574363708496,0.03466301038861275,0.03466301038861275,0.03900975361466408,0.0374775305390358,0.038654129952192307,0.03466301038861275,0.03478487581014633,0.03466301038861275,0.03466301038861275,0.03540189936757088,0.038009386509656906,0.03466301038861275,0.038436222821474075
2017-07-12,0.04264305531978607,0.04148828238248825,0.03570069745182991,0.03679769113659859,0.03477693349123001,0.03477693349123001,0.03477693349123001,0.03477693349123001,0.044440824538469315,0.03791353851556778,0.03766561672091484,0.03779177740216255,0.03477693349123001,0.03896404057741165,0.03477693349123001,0.03477693349123001,0.04036969691514969,0.03910689428448677,0.0405266098678112,0.03477693349123001,0.036391571164131165,0.03477693349123001,0.03477693349123001,0.03477693349123001,0.03639930859208107,0.03477693349123001,0.036477260291576385
2017-07-13,0.042689550668001175,0.042230039834976196,0.03780262917280197,0.040459971874952316,0.035235244780778885,0.03507547080516815,0.03507547080516815,0.03507547080516815,0.04137758910655975,0.038310177624225616,0.03727971389889717,0.03713337332010269,0.03507547080516815,0.03507547080516815,0.03507547080516815,0.03507547080516815,0.03917352482676506,0.03533421456813812,0.03960610181093216,0.03507547080516815,0.03583229333162308,0.03507547080516815,0.03507547080516815,0.03507547080516815,0.03711583837866783,0.03507547080516815,0.03951406851410866
2017-07-14,0.04318436235189438,0.04100476950407028,0.038369450718164444,0.041130464524030685,0.03610755503177643,0.03517574816942215,0.03517574816942215,0.03517574816942215,0.04188534617424011,0.03705107793211937,0.0359346866607666,0.03692547231912613,0.03517574816942215,0.03517574816942215,0.03517574816942215,0.03517574816942215,0.0391228087246418,0.035363975912332535,0.03912730887532234,0.03517574816942215,0.03542527183890343,0.03517574816942215,0.03517574816942215,0.03517574816942215,0.036591898649930954,0.03517574816942215,0.04066651314496994
2017-07-17,0.04044855758547783,0.042501598596572876,0.037768080830574036,0.0408552922308445,0.03510276973247528,0.03510276973247528,0.03510276973247528,0.03510276973247528,0.04113578051328659,0.04337732121348381,0.039802175015211105,0.03533594682812691,0.03510276973247528,0.03510276973247528,0.03510276973247528,0.03510276973247528,0.03722798079252243,0.03510276973247528,0.04043230414390564,0.03510276973247528,0.03510276973247528,0.03510276973247528,0.03510276973247528,0.03510276973247528,0.0391211099922657,0.03510276973247528,0.03545229509472847
2017-07-18,0.0408383309841156,0.04316563904285431,0.035115037113428116,0.040730517357587814,0.035115037113428116,0.035115037113428116,0.035115037113428116,0.035115037113428116,0.04232555627822876,0.04501766711473465,0.04103590175509453,0.035115037113428116,0.035115037113428116,0.035115037113428116,0.035115037113428116,0.035115037113428116,0.03782752901315689,0.035115037113428116,0.03809557855129242,0.035115037113428116,0.035115037113428116,0.035115037113428116,0.035115037113428116,0.035115037113428116,0.03878713399171829,0.035115037113428116,0.035220492631196976
2017-07-19,0.038549989461898804,0.04217136651277542,0.0352129191160202,0.039189375936985016,0.0352129191160202,0.0352129191160202,0.0352129191160202,0.0352129191160202,0.04207952320575714,0.04244221746921539,0.04329260066151619,0.0352129191160202,0.0352129191160202,0.0352129191160202,0.0352129191160202,0.0352129191160202,0.03945714980363846,0.0352129191160202,0.036319028586149216,0.0352129191160202,0.03938264027237892,0.0352129191160202,0.0352129191160202,0.0352129191160202,0.038262829184532166,0.0352129191160202,0.035446617752313614
2017-07-20,0.04165317490696907,0.03522290661931038,0.03749309107661247,0.03846112638711929,0.03625890240073204,0.03522290661931038,0.03522290661931038,0.03522290661931038,0.04250562563538551,0.03599165007472038,0.04210387170314789,0.037768661975860596,0.03522290661931038,0.03522290661931038,0.03522290661931038,0.03522290661931038,0.03701501712203026,0.03522290661931038,0.03912076726555824,0.03522290661931038,0.03769058734178543,0.03522290661931038,0.03522290661931038,0.041806694120168686,0.036887653172016144,0.03554000332951546,0.03702832758426666
2017-07-21,0.04200567305088043,0.035535432398319244,0.040898315608501434,0.04186086356639862,0.035535432398319244,0.03629041463136673,0.035535432398319244,0.03893337771296501,0.040258754044771194,0.035979676991701126,0.03678996488451958,0.035535432398319244,0.035535432398319244,0.035805005580186844,0.035535432398319244,0.03563334792852402,0.03876630589365959,0.035535432398319244,0.036403506994247437,0.035535432398319244,0.035776324570178986,0.035535432398319244,0.035535432398319244,0.04009705409407616,0.038076259195804596,0.035535432398319244,0.035535432398319244
2017-07-24,0.04098597913980484,0.036250922828912735,0.03750929981470108,0.03971116617321968,0.03548416122794151,0.037445396184921265,0.03548416122794151,0.03548416122794151,0.043028201907873154,0.036764997988939285,0.036697108298540115,0.03548416122794151,0.03548416122794151,0.03696024790406227,0.03548416122794151,0.03548416122794151,0.041910137981176376,0.0372379906475544,0.03558512032032013,0.03548416122794151,0.036841198801994324,0.03548416122794151,0.03548416122794151,0.03769547864794731,0.03956683352589607,0.03548416122794151,0.03548416122794151
2017-07-25,0.04125901311635971,0.04004931077361107,0.03513023629784584,0.036722879856824875,0.03513023629784584,0.03823011741042137,0.03513023629784584,0.03513023629784584,0.043065547943115234,0.03955092281103134,0.03779694437980652,0.035446085035800934,0.03513023629784584,0.03820832818746567,0.03513023629784584,0.03527195379137993,0.03865735977888107,0.03513023629784584,0.03857669234275818,0.03513023629784584,0.03584451973438263,0.03513023629784584,0.03513023629784584,0.03877512365579605,0.040982361882925034,0.03513023629784584,0.03513023629784584
2017-07-26,0.03910012170672417,0.04219914972782135,0.034969646483659744,0.03569294512271881,0.034969646483659744,0.034969646483659744,0.034969646483659744,0.036589451134204865,0.03957158699631691,0.04502607136964798,0.03532573580741882,0.034969646483659744,0.034969646483659744,0.03661128878593445,0.034969646483659744,0.034969646483659744,0.034969646483659744,0.034969646483659744,0.0415656603872776,0.03578092157840729,0.03739282116293907,0.034969646483659744,0.034969646483659744,0.041814662516117096,0.04269972816109657,0.034969646483659744,0.03602442890405655
2017-07-27,0.03582024201750755,0.040204260498285294,0.03501763194799423,0.03501763194799423,0.03501763194799423,0.03501763194799423,0.03501763194799423,0.03629238158464432,0.04066969454288483,0.04288867861032486,0.03986139968037605,0.03607705608010292,0.03501763194799423,0.03589315712451935,0.03501763194799423,0.03501763194799423,0.03501763194799423,0.03546689450740814,0.0463942289352417,0.03749357536435127,0.03795914724469185,0.03501763194799423,0.03501763194799423,0.03814543038606644,0.041604526340961456,0.03501763194799423,0.03501763194799423
2017-07-28,0.03587161749601364,0.040125902742147446,0.034664981067180634,0.03920197859406471,0.03514140471816063,0.034664981067180634,0.034664981067180634,0.03653965890407562,0.04310307651758194,0.04207909479737282,0.04457656666636467,0.034664981067180634,0.034664981067180634,0.03682433441281319,0.034664981067180634,0.034664981067180634,0.036890555173158646,0.03524337336421013,0.04093692824244499,0.034664981067180634,0.03824984282255173,0.034664981067180634,0.034664981067180634,0.03801609203219414,0.04121983423829079,0.034664981067180634,0.034664981067180634
2017-07-31,0.03621021658182144,0.042421869933605194,0.034731943160295486,0.037656065076589584,0.034731943160295486,0.034731943160295486,0.034731943160295486,0.03735926374793053,0.03820301964879036,0.04416578263044357,0.04421963915228844,0.03503906726837158,0.034731943160295486,0.038322243839502335,0.034731943160295486,0.034731943160295486,0.03631415218114853,0.03852182626724243,0.043194375932216644,0.03674758970737457,0.034773778170347214,0.034731943160295486,0.034731943160295486,0.03571048751473427,0.03908926248550415,0.034731943160295486,0.034731943160295486
2017-08-01,0.03769707679748535,0.042614903301000595,0.03420533612370491,0.041798800230026245,0.03420533612370491,0.03420533612370491,0.03420533612370491,0.04133341833949089,0.03605903685092926,0.04335945099592209,0.04610884189605713,0.03568252921104431,0.03420533612370491,0.038731545209884644,0.03420533612370491,0.03450629115104675,0.03420533612370491,0.03420533612370491,0.04358013719320297,0.03574866056442261,0.03498579561710358,0.03420533612370491,0.03692055493593216,0.03472330793738365,0.03989093750715256,0.03420533612370491,0.03420533612370491
2017-08-02,0.035185977816581726,0.04415591433644295,0.03447486460208893,0.04189778491854668,0.03447486460208893,0.03447486460208893,0.03447486460208893,0.04393341764807701,0.036203496158123016,0.03945798799395561,0.043756596744060516,0.03575750067830086,0.03447486460208893,0.0400555394589901,0.03447486460208893,0.03447486460208893,0.03447486460208893,0.03447486460208893,0.041101377457380295,0.034563660621643066,0.034539517015218735,0.03447486460208893,0.03960511088371277,0.03536826744675636,0.040719497948884964,0.03447486460208893,0.03447486460208893
2017-08-03,0.03375551477074623,0.04751439020037651,0.03375551477074623,0.039266232401132584,0.03375551477074623,0.03375551477074623,0.03375551477074623,0.041921354830265045,0.03466732054948807,0.047379251569509506,0.04334915429353714,0.0366983488202095,0.03375551477074623,0.035751137882471085,0.03375551477074623,0.03375551477074623,0.03375551477074623,0.03375551477074623,0.04458187147974968,0.03592357784509659,0.03778749704360962,0.03375551477074623,0.037607189267873764,0.03385661169886589,0.04318128898739815,0.03375551477074623,0.03544860705733299
2017-08-04,0.034219272434711456,0.05028790235519409,0.034219272434711456,0.03548730909824371,0.034219272434711456,0.034219272434711456,0.034219272434711456,0.04191677272319794,0.03631266951560974,0.04883277416229248,0.040332499891519547,0.034219272434711456,0.034219272434711456,0.034219272434711456,0.034219272434711456,0.034219272434711456,0.034219272434711456,0.034219272434711456,0.04601668566465378,0.03599809855222702,0.03636294975876808,0.034219272434711456,0.03428465873003006,0.034219272434711456,0.04602402076125145,0.034219272434711456,0.03485456109046936
2017-08-07,0.038440532982349396,0.047672949731349945,0.03430521488189697,0.03763085603713989,0.03430521488189697,0.03430521488189697,0.03430521488189697,0.041724659502506256,0.03430521488189697,0.048695869743824005,0.04098464548587799,0.03663978725671768,0.03430521488189697,0.037542831152677536,0.03430521488189697,0.03430521488189697,0.03430521488189697,0.03430521488189697,0.042204126715660095,0.036656178534030914,0.034480005502700806,0.03430521488189697,0.03490631282329559,0.034882184118032455,0.041390955448150635,0.03448549285531044,0.03430521488189697
2017-08-08,0.0346425324678421,0.048562925308942795,0.0346425324678421,0.03545533865690231,0.0346425324678421,0.0346425324678421,0.0346425324678421,0.042032450437545776,0.03771006688475609,0.045111797749996185,0.03833061084151268,0.03527822345495224,0.0346425324678421,0.03773147612810135,0.0346425324678421,0.0346425324678421,0.0346425324678421,0.0346425324678421,0.042117826640605927,0.0346425324678421,0.0346425324678421,0.0346425324678421,0.03485175967216492,0.035512831062078476,0.04446565732359886,0.0346425324678421,0.03784359619021416
2017-08-09,0.03445133939385414,0.048298779875040054,0.03445133939385414,0.03445133939385414,0.03445133939385414,0.03445133939385414,0.03445133939385414,0.03943207114934921,0.03534763306379318,0.04676642641425133,0.03930007666349411,0.036287494003772736,0.03445133939385414,0.038372594863176346,0.03445133939385414,0.03445133939385414,0.03445133939385414,0.03445133939385414,0.042323846369981766,0.03445133939385414,0.03651745617389679,0.03445133939385414,0.0357157401740551,0.035025861114263535,0.045370109379291534,0.03445133939385414,0.038923230022192
2017-08-10,0.03410279005765915,0.04672330245375633,0.03410279005765915,0.03410279005765915,0.03410279005765915,0.03410279005765915,0.03410279005765915,0.036661647260189056,0.0354757122695446,0.04597097635269165,0.03953004628419876,0.035427652299404144,0.03410279005765915,0.03920229151844978,0.03410279005765915,0.03454700857400894,0.03410279005765915,0.03410279005765915,0.04156117141246796,0.03410279005765915,0.03828620910644531,0.03410279005765915,0.039219457656145096,0.03541001304984093,0.047642745077610016,0.03410279005765915,0.04100555554032326
2017-08-11,0.034313805401325226,0.04525865241885185,0.034313805401325226,0.034313805401325226,0.034313805401325226,0.034313805401325226,0.034313805401325226,0.034313805401325226,0.034950293600559235,0.0449814610183239,0.03949201479554176,0.03460763022303581,0.034313805401325226,0.03733145818114281,0.034341633319854736,0.03690950199961662,0.034313805401325226,0.034313805401325226,0.039600249379873276,0.034313805401325226,0.04264016076922417,0.034313805401325226,0.03834540396928787,0.034313805401325226,0.04746576398611069,0.034313805401325226,0.043682485818862915
2017-08-14,0.034477923065423965,0.0478033646941185,0.034477923065423965,0.034477923065423965,0.034477923065423965,0.034477923065423965,0.034477923065423965,0.034477923065423965,0.03696349263191223,0.04756615310907364,0.04015884920954704,0.03553656116127968,0.034477923065423965,0.03974725678563118,0.03528213128447533,0.034477923065423965,0.034477923065423965,0.034477923065423965,0.04015796259045601,0.034477923065423965,0.03823218494653702,0.034477923065423965,0.034477923065423965,0.0349649079144001,0.04627415910363197,0.034477923065423965,0.040144093334674835
2017-08-15,0.034639425575733185,0.048138152807950974,0.034639425575733185,0.034639425575733185,0.034639425575733185,0.034639425575733185,0.034639425575733185,0.034639425575733185,0.03668808564543724,0.047284748405218124,0.039208948612213135,0.03519803285598755,0.034639425575733185,0.040010035037994385,0.03534575179219246,0.035003844648599625,0.035030171275138855,0.034639425575733185,0.04054555669426918,0.034639425575733185,0.037665653973817825,0.034639425575733185,0.034639425575733185,0.03465951979160309,0.045560505241155624,0.034639425575733185,0.03934849053621292
2017-08-16,0.03481768071651459,0.04672496020793915,0.03481768071651459,0.03481768071651459,0.03481768071651459,0.03481768071651459,0.03481768071651459,0.03481768071651459,0.03542405739426613,0.05291745066642761,0.04051977023482323,0.03481768071651459,0.03481768071651459,0.03594960272312164,0.03481768071651459,0.035956382751464844,0.03481768071651459,0.03481768071651459,0.03924229368567467,0.03481768071651459,0.038463298231363297,0.03481768071651459,0.03481768071651459,0.03536466881632805,0.044044129550457,0.03481768071651459,0.038310468196868896
2017-08-17,0.03724759817123413,0.04359123110771179,0.03512907400727272,0.03537100926041603,0.03512907400727272,0.03512907400727272,0.03512907400727272,0.03512907400727272,0.0376526415348053,0.052292995154857635,0.038068752735853195,0.03512907400727272,0.03512907400727272,0.03512907400727272,0.03512907400727272,0.03512907400727272,0.03512907400727272,0.03512907400727272,0.03512907400727272,0.03512907400727272,0.03951255604624748,0.03512907400727272,0.03512907400727272,0.038209397345781326,0.04240729287266731,0.03512907400727272,0.038452234119176865
2017-08-18,0.03482838720083237,0.05006856098771095,0.03482838720083237,0.03482838720083237,0.03482838720083237,0.03482838720083237,0.03482838720083237,0.03482838720083237,0.034851159900426865,0.04800763726234436,0.03661254048347473,0.0350947380065918,0.03482838720083237,0.03961031883955002,0.036649398505687714,0.03660261258482933,0.03775262460112572,0.03643842414021492,0.04102831706404686,0.03482838720083237,0.03572913631796837,0.03482838720083237,0.03482838720083237,0.03482838720083237,0.04146962612867355,0.03482838720083237,0.037315841764211655
2017-08-21,0.03412140533328056,0.04867851361632347,0.03412140533328056,0.03412140533328056,0.03412140533328056,0.03412140533328056,0.03412140533328056,0.03412140533328056,0.03804541006684303,0.04105324298143387,0.03561411425471306,0.035942647606134415,0.03412140533328056,0.04414788633584976,0.0387515053153038,0.03798982873558998,0.03938574343919754,0.04194115847349167,0.040104206651449203,0.03412140533328056,0.03412865102291107,0.03682403266429901,0.03412140533328056,0.03653332218527794,0.0368342399597168,0.03412140533328056,0.03869008272886276
2017-08-22,0.034114666283130646,0.04959343746304512,0.034114666283130646,0.034114666283130646,0.034114666283130646,0.034114666283130646,0.034114666283130646,0.034114666283130646,0.037651196122169495,0.041519127786159515,0.03539915755391121,0.03621743246912956,0.034114666283130646,0.043894242495298386,0.039147693663835526,0.037603944540023804,0.03922033682465553,0.040892213582992554,0.040795162320137024,0.034114666283130646,0.034427475184202194,0.036166682839393616,0.034114666283130646,0.036065682768821716,0.03750554099678993,0.034114666283130646,0.038639381527900696
2017-08-23,0.035233963280916214,0.048094093799591064,0.03457104414701462,0.04151034727692604,0.03667782247066498,0.03457104414701462,0.03457104414701462,0.03457104414701462,0.03457104414701462,0.04408480226993561,0.04302312433719635,0.03652342036366463,0.03457104414701462,0.036511749029159546,0.03457104414701462,0.03471456468105316,0.03875023126602173,0.03915043920278549,0.04018157720565796,0.03457104414701462,0.03582414239645004,0.03457104414701462,0.03457104414701462,0.03662033751606941,0.03457104414701462,0.03457104414701462,0.03824688121676445
2017-08-24,0.03555541858077049,0.04666837304830551,0.03403695672750473,0.042863618582487106,0.035639528185129166,0.03403695672750473,0.03403695672750473,0.03403695672750473,0.0355980321764946,0.04691002517938614,0.045494258403778076,0.036224279552698135,0.03403695672750473,0.03637969493865967,0.03403695672750473,0.03403695672750473,0.03668905794620514,0.03941650316119194,0.04071659594774246,0.03403695672750473,0.03541126847267151,0.03403695672750473,0.03403695672750473,0.038158394396305084,0.0348336286842823,0.03403695672750473,0.039034780114889145
2017-08-25,0.03713484853506088,0.0467604324221611,0.03415905311703682,0.04222511127591133,0.03609364479780197,0.03415905311703682,0.03415905311703682,0.03415905311703682,0.035279255360364914,0.04765857756137848,0.04479382559657097,0.03598042204976082,0.03415905311703682,0.03595346212387085,0.03415905311703682,0.03415905311703682,0.036732226610183716,0.03971366211771965,0.04068978130817413,0.03415905311703682,0.03492816910147667,0.03415905311703682,0.03415905311703682,0.037763528525829315,0.03455738723278046,0.03415905311703682,0.03798606991767883
2017-08-28,0.03633587062358856,0.04587778076529503,0.034370169043540955,0.04462719336152077,0.03699810802936554,0.034370169043540955,0.034370169043540955,0.034370169043540955,0.037559133023023605,0.043537650257349014,0.04656509310007095,0.03556056693196297,0.034370169043540955,0.034370169043540955,0.034370169043540955,0.034370169043540955,0.03883631154894829,0.03652437403798103,0.043011702597141266,0.034370169043540955,0.03654550760984421,0.034370169043540955,0.034370169043540955,0.034370169043540955,0.03534737601876259,0.034370169043540955,0.035861074924468994
2017-08-29,0.03697379305958748,0.04512866958975792,0.03449224308133125,0.04417550191283226,0.03632707893848419,0.03449224308133125,0.03449224308133125,0.03449224308133125,0.03980701044201851,0.04115183651447296,0.04301908612251282,0.03858398273587227,0.03449224308133125,0.03449224308133125,0.03449224308133125,0.03449224308133125,0.040007334202528,0.03716934844851494,0.040384240448474884,0.03449224308133125,0.03449224308133125,0.03449224308133125,0.03449224308133125,0.0374799482524395,0.03596993535757065,0.03449224308133125,0.03542308136820793
2017-08-30,0.037069182842969894,0.0443587601184845,0.034560177475214005,0.04525694623589516,0.03807872161269188,0.034560177475214005,0.034560177475214005,0.034560177475214005,0.038603562861680984,0.04135621711611748,0.04097282886505127,0.039288293570280075,0.034560177475214005,0.034560177475214005,0.034560177475214005,0.034560177475214005,0.040375228971242905,0.03909953311085701,0.03903220593929291,0.034560177475214005,0.034560177475214005,0.034560177475214005,0.034560177475214005,0.036886218935251236,0.03523816540837288,0.034560177475214005,0.03510191664099693
2017-08-31,0.03839511051774025,0.04666157439351082,0.03446889668703079,0.04494667798280716,0.03446889668703079,0.03446889668703079,0.03446889668703079,0.03446889668703079,0.040761686861515045,0.04339698329567909,0.04405352100729942,0.0372488759458065,0.03446889668703079,0.03446889668703079,0.03446889668703079,0.03446889668703079,0.039702367037534714,0.03710908815264702,0.041746366769075394,0.03446889668703079,0.03446889668703079,0.03446889668703079,0.03446889668703079,0.03447533771395683,0.03446889668703079,0.03446889668703079,0.03446889668703079
2017-09-01,0.03727471083402634,0.045911937952041626,0.03493540734052658,0.04540669173002243,0.03493540734052658,0.03493540734052658,0.03493540734052658,0.04026172310113907,0.038711220026016235,0.04162099212408066,0.04335476830601692,0.03531799465417862,0.03493540734052658,0.03493540734052658,0.03493540734052658,0.03493540734052658,0.03743688017129898,0.03493540734052658,0.037876080721616745,0.03493540734052658,0.03534390777349472,0.03493540734052658,0.03493540734052658,0.03509947285056114,0.03728792443871498,0.03493540734052658,0.03493540734052658
2017-09-05,0.03465954586863518,0.04476442188024521,0.03465954586863518,0.046395443379879,0.03465954586863518,0.03465954586863518,0.03465954586863518,0.04196120798587799,0.03833068534731865,0.039615679532289505,0.047021493315696716,0.03622625768184662,0.03465954586863518,0.03465954586863518,0.03465954586863518,0.03465954586863518,0.0402967594563961,0.03474651649594307,0.035609856247901917,0.03465954586863518,0.035218946635723114,0.03465954586863518,0.03465954586863518,0.0364927239716053,0.03808632120490074,0.03465954586863518,0.03465954586863518
2017-09-06,0.034833718091249466,0.04922917112708092,0.034833718091249466,0.04594128578901291,0.034833718091249466,0.034833718091249466,0.03672349825501442,0.044550154358148575,0.03781135380268097,0.038598161190748215,0.03706385940313339,0.03727659955620766,0.03694353252649307,0.034833718091249466,0.034833718091249466,0.034833718091249466,0.03877677768468857,0.034833718091249466,0.03768869489431381,0.034833718091249466,0.036891162395477295,0.034833718091249466,0.034833718091249466,0.034833718091249466,0.034833718091249466,0.034833718091249466,0.034833718091249466
2017-09-07,0.03465130925178528,0.04510384425520897,0.03465130925178528,0.04575493559241295,0.038469020277261734,0.03465130925178528,0.03784823790192604,0.04101909324526787,0.03465130925178528,0.038822587579488754,0.04033861309289932,0.03465130925178528,0.039628010243177414,0.03465130925178528,0.03465130925178528,0.03509564697742462,0.03465130925178528,0.03465130925178528,0.03675851598381996,0.03465130925178528,0.04390217736363411,0.03465130925178528,0.03568699210882187,0.03465130925178528,0.0348532609641552,0.03465130925178528,0.036252036690711975
2017-09-08,0.03512156009674072,0.03883920609951019,0.03512156009674072,0.03690711036324501,0.03512156009674072,0.03512156009674072,0.03521309047937393,0.03945101425051689,0.03512156009674072,0.03936144709587097,0.03749464452266693,0.03750045597553253,0.04161366447806358,0.03543281927704811,0.03512156009674072,0.03512156009674072,0.03512156009674072,0.03512156009674072,0.040097448974847794,0.03512156009674072,0.048032913357019424,0.03512156009674072,0.03839113190770149,0.03512156009674072,0.03512156009674072,0.03996317833662033,0.03512156009674072
2017-09-11,0.03486842289566994,0.039225950837135315,0.03486842289566994,0.03989715874195099,0.036485716700553894,0.03486842289566994,0.038865648210048676,0.037103377282619476,0.03486842289566994,0.03751121461391449,0.039761561900377274,0.03977053612470627,0.03907143697142601,0.03486842289566994,0.03486842289566994,0.03486842289566994,0.03486842289566994,0.03486842289566994,0.039862729609012604,0.03486842289566994,0.048277348279953,0.03486842289566994,0.03610982745885849,0.03486842289566994,0.03486842289566994,0.038973696529865265,0.03579423949122429
2017-09-12,0.03504464402794838,0.03989770635962486,0.03511786088347435,0.04406725615262985,0.03504464402794838,0.03504464402794838,0.039402492344379425,0.038727689534425735,0.036107826977968216,0.03874773159623146,0.047386858612298965,0.03504464402794838,0.03504464402794838,0.03504464402794838,0.03504464402794838,0.03504464402794838,0.03596949204802513,0.03504464402794838,0.03596692159771919,0.03504464402794838,0.04484396427869797,0.03504464402794838,0.03504464402794838,0.03504464402794838,0.03656754270195961,0.03599860519170761,0.03561770170927048
2017-09-13,0.03483040630817413,0.036754295229911804,0.03483040630817413,0.048689913004636765,0.037359341979026794,0.03483040630817413,0.03571321815252304,0.03934820368885994,0.03529147058725357,0.03809729218482971,0.044906359165906906,0.03483040630817413,0.03696944937109947,0.03483040630817413,0.03483040630817413,0.03483040630817413,0.03483040630817413,0.03483040630817413,0.03651503100991249,0.03483040630817413,0.05073251575231552,0.03483040630817413,0.03483040630817413,0.03483040630817413,0.03483040630817413,0.03616321086883545,0.035834040492773056
2017-09-14,0.03623645007610321,0.03916287049651146,0.03535863757133484,0.04792653024196625,0.03568849712610245,0.03535863757133484,0.036323290318250656,0.036033447831869125,0.03816649690270424,0.038668133318424225,0.04466081038117409,0.03535863757133484,0.03569028526544571,0.03535863757133484,0.03535863757133484,0.03535863757133484,0.036158572882413864,0.03535863757133484,0.03535863757133484,0.03535863757133484,0.04490497335791588,0.03535863757133484,0.03535863757133484,0.03535863757133484,0.03535863757133484,0.03535863757133484,0.03535863757133484
2017-09-15,0.03765913471579552,0.03931053727865219,0.035704050213098526,0.04543813690543175,0.035704050213098526,0.035704050213098526,0.035704050213098526,0.03952538222074509,0.040121227502822876,0.03825622424483299,0.03931213915348053,0.035704050213098526,0.035704050213098526,0.035704050213098526,0.035704050213098526,0.035704050213098526,0.037924546748399734,0.035704050213098526,0.035704050213098526,0.035704050213098526,0.03977970406413078,0.035704050213098526,0.035704050213098526,0.035704050213098526,0.035704050213098526,0.035704050213098526,0.035704050213098526
2017-09-18,0.039253417402505875,0.035263679921627045,0.035263679921627045,0.045657671988010406,0.035263679921627045,0.035263679921627045,0.035263679921627045,0.03572489693760872,0.04278811812400818,0.03741717338562012,0.04586778208613396,0.035263679921627045,0.035263679921627045,0.035263679921627045,0.035263679921627045,0.035723667591810226,0.040971048176288605,0.03790642321109772,0.035263679921627045,0.035263679921627045,0.03716307133436203,0.035263679921627045,0.035263679921627045,0.037307821214199066,0.035263679921627045,0.035263679921627045,0.035263679921627045
2017-09-19,0.0406770259141922,0.038513489067554474,0.035280901938676834,0.047370754182338715,0.03580006584525108,0.035280901938676834,0.035280901938676834,0.037889063358306885,0.04026399925351143,0.03897571936249733,0.03904197737574577,0.035280901938676834,0.035280901938676834,0.035280901938676834,0.035280901938676834,0.035280901938676834,0.03976951539516449,0.03709215670824051,0.035280901938676834,0.035280901938676834,0.03539697080850601,0.035280901938676834,0.035280901938676834,0.037973981350660324,0.03730263561010361,0.035280901938676834,0.035280901938676834
2017-09-20,0.040427207946777344,0.04099951311945915,0.035488635301589966,0.042764805257320404,0.035488635301589966,0.035488635301589966,0.035488635301589966,0.03622409328818321,0.0403735488653183,0.039604123681783676,0.04047977551817894,0.035488635301589966,0.035488635301589966,0.035488635301589966,0.035488635301589966,0.035488635301589966,0.03923856094479561,0.03570356220006943,0.035488635301589966,0.035488635301589966,0.035488635301589966,0.035488635301589966,0.035488635301589966,0.03803397715091705,0.038332585245370865,0.035488635301589966,0.035488635301589966
2017-09-21,0.04175370931625366,0.03952775523066521,0.0347311869263649,0.04511147364974022,0.038515325635671616,0.0347311869263649,0.0347311869263649,0.0347311869263649,0.04316949471831322,0.035244058817625046,0.04302196949720383,0.036744795739650726,0.0347311869263649,0.0347311869263649,0.0347311869263649,0.0347311869263649,0.036538831889629364,0.037655021995306015,0.0367029644548893,0.0347311869263649,0.03661200776696205,0.0347311869263649,0.03781956434249878,0.036432258784770966,0.035075798630714417,0.0347311869263649,0.03803194314241409
2017-09-22,0.04163708910346031,0.04138728231191635,0.03668191283941269,0.04551877826452255,0.036846112459897995,0.03519299998879433,0.03519299998879433,0.03519299998879433,0.04323630779981613,0.035354867577552795,0.04041239991784096,0.03616528958082199,0.03519299998879433,0.03519299998879433,0.03519299998879433,0.03519299998879433,0.036045484244823456,0.03611204773187637,0.037706322968006134,0.03519299998879433,0.035392940044403076,0.03519299998879433,0.036244798451662064,0.03519299998879433,0.03519299998879433,0.03519299998879433,0.0389423705637455
2017-09-25,0.04181273281574249,0.04039078950881958,0.03774786368012428,0.0459025613963604,0.037568073719739914,0.035241782665252686,0.035241782665252686,0.035241782665252686,0.04286997392773628,0.035241782665252686,0.03945903852581978,0.0362563356757164,0.035241782665252686,0.035241782665252686,0.035241782665252686,0.035241782665252686,0.03630129620432854,0.03648150712251663,0.03750329837203026,0.035241782665252686,0.035241782665252686,0.035241782665252686,0.035241782665252686,0.035241782665252686,0.035241782665252686,0.035241782665252686,0.039079781621694565
2017-09-26,0.038994621485471725,0.0408317930996418,0.04185379296541214,0.04919165372848511,0.03853599727153778,0.0350542813539505,0.0350542813539505,0.0350542813539505,0.04024786502122879,0.0350542813539505,0.0350542813539505,0.0350542813539505,0.038281142711639404,0.0350542813539505,0.0350542813539505,0.0350542813539505,0.035547588020563126,0.0350542813539505,0.0350542813539505,0.0350542813539505,0.04094266891479492,0.0350542813539505,0.0350542813539505,0.0350542813539505,0.0350542813539505,0.0350542813539505,0.03965006023645401
2017-09-27,0.03842483088374138,0.038414400070905685,0.03963378071784973,0.04161406308412552,0.03593927249312401,0.03554718196392059,0.03554718196392059,0.03554718196392059,0.03912249207496643,0.03554718196392059,0.03554718196392059,0.03554718196392059,0.04246469587087631,0.0357334278523922,0.03554718196392059,0.03577318787574768,0.03586217388510704,0.03554718196392059,0.03554718196392059,0.03554718196392059,0.04477133974432945,0.03554718196392059,0.03554718196392059,0.03554718196392059,0.03554718196392059,0.03680506721138954,0.03778065741062164
2017-09-28,0.042482517659664154,0.04253840819001198,0.03495638072490692,0.044913727790117264,0.03776000440120697,0.03495638072490692,0.03495638072490692,0.03899947181344032,0.042000286281108856,0.03495638072490692,0.03495638072490692,0.03495638072490692,0.03756161034107208,0.03495638072490692,0.03495638072490692,0.03784609213471413,0.03495638072490692,0.03495638072490692,0.03495638072490692,0.03495638072490692,0.039150625467300415,0.03495638072490692,0.03495638072490692,0.03495638072490692,0.03495638072490692,0.03495638072490692,0.04248882085084915
2017-09-29,0.041316669434309006,0.043917834758758545,0.03497447445988655,0.04302965849637985,0.036586955189704895,0.03497447445988655,0.03497447445988655,0.03739073872566223,0.04226497933268547,0.03706689924001694,0.03497447445988655,0.03497447445988655,0.0372362844645977,0.03497447445988655,0.03497447445988655,0.036552950739860535,0.03497447445988655,0.03497447445988655,0.03499297425150871,0.03497447445988655,0.03971487283706665,0.03497447445988655,0.03497447445988655,0.03497447445988655,0.03568393364548683,0.03497447445988655,0.04460263252258301
2017-10-02,0.03974528983235359,0.04423775523900986,0.035894542932510376,0.04290454462170601,0.037100035697221756,0.034888822585344315,0.034888822585344315,0.03783296048641205,0.04209595546126366,0.035686902701854706,0.034888822585344315,0.034888822585344315,0.039154671132564545,0.034888822585344315,0.034888822585344315,0.03654841333627701,0.034888822585344315,0.034888822585344315,0.034888822585344315,0.034888822585344315,0.04058801382780075,0.034888822585344315,0.034888822585344315,0.034888822585344315,0.034888822585344315,0.034888822585344315,0.04487859085202217
2017-10-03,0.03520180284976959,0.04447079449892044,0.03520180284976959,0.04302158206701279,0.03693191707134247,0.03520180284976959,0.03520180284976959,0.03550680726766586,0.04419184848666191,0.036976177245378494,0.03694679215550423,0.03520180284976959,0.03750712797045708,0.03520180284976959,0.03520180284976959,0.03639308735728264,0.03728324547410011,0.03551076352596283,0.03791710361838341,0.03520180284976959,0.0381573922932148,0.03520180284976959,0.036252815276384354,0.03520180284976959,0.03520180284976959,0.03520180284976959,0.04051090404391289
2017-10-04,0.034495215862989426,0.040922947227954865,0.034495215862989426,0.04122080281376839,0.041414279490709305,0.034495215862989426,0.034495215862989426,0.034495215862989426,0.03746787831187248,0.03642158955335617,0.03768458217382431,0.034495215862989426,0.04469696432352066,0.036108773201704025,0.034495215862989426,0.038305170834064484,0.03642144054174423,0.034495215862989426,0.037407610565423965,0.034495215862989426,0.0464717261493206,0.034495215862989426,0.034495215862989426,0.034495215862989426,0.034495215862989426,0.034495215862989426,0.04252322390675545
2017-10-05,0.03502601385116577,0.040994469076395035,0.03502601385116577,0.03961055725812912,0.037561360746622086,0.03502601385116577,0.03502601385116577,0.03502601385116577,0.039404481649398804,0.03698703646659851,0.03502601385116577,0.03502601385116577,0.04029390588402748,0.03502601385116577,0.03914177790284157,0.03552793711423874,0.04017617553472519,0.03502601385116577,0.03502601385116577,0.03502601385116577,0.04551108554005623,0.03502601385116577,0.03502601385116577,0.03502601385116577,0.03534342348575592,0.036292992532253265,0.042790643870830536
2017-10-06,0.03516213595867157,0.04387002810835838,0.038529813289642334,0.03816962614655495,0.037043455988168716,0.03516213595867157,0.03516213595867157,0.03516213595867157,0.03782689571380615,0.039387740194797516,0.03516213595867157,0.03516213595867157,0.039407894015312195,0.03516213595867157,0.03516213595867157,0.03516213595867157,0.03713686391711235,0.03516213595867157,0.03516213595867157,0.03516213595867157,0.042878810316324234,0.03516213595867157,0.03516213595867157,0.03516213595867157,0.03858674317598343,0.03516213595867157,0.04456786811351776
2017-10-09,0.035135164856910706,0.04288693517446518,0.03532443195581436,0.03691206872463226,0.03599188104271889,0.035135164856910706,0.035135164856910706,0.035135164856910706,0.03771769255399704,0.045392416417598724,0.04027542844414711,0.035135164856910706,0.0374842993915081,0.035135164856910706,0.035135164856910706,0.036153070628643036,0.03617513179779053,0.035135164856910706,0.035135164856910706,0.035135164856910706,0.04088221490383148,0.035135164856910706,0.035135164856910706,0.035135164856910706,0.038014303892850876,0.035135164856910706,0.04489772021770477
2017-10-10,0.03476642444729805,0.043854665011167526,0.034915413707494736,0.03638695180416107,0.038775719702243805,0.03476642444729805,0.03476642444729805,0.03476642444729805,0.03661167249083519,0.041767287999391556,0.03476642444729805,0.03476642444729805,0.04192183166742325,0.03476642444729805,0.03476642444729805,0.03634554520249367,0.03476642444729805,0.03476642444729805,0.03476642444729805,0.03476642444729805,0.04390691593289375,0.03476642444729805,0.03476642444729805,0.03505789116024971,0.04021315276622772,0.03476642444729805,0.04874667897820473
2017-10-11,0.034634415060281754,0.04388135299086571,0.034634415060281754,0.036117978394031525,0.03958765044808388,0.034634415060281754,0.034634415060281754,0.03477508947253227,0.03569754213094711,0.0420282781124115,0.0348765105009079,0.034634415060281754,0.04275411367416382,0.034634415060281754,0.034634415060281754,0.037170086055994034,0.034634415060281754,0.034634415060281754,0.034634415060281754,0.034634415060281754,0.043477460741996765,0.034634415060281754,0.034634415060281754,0.0352562740445137,0.04053620249032974,0.034634415060281754,0.0489596389234066
2017-10-12,0.03443453460931778,0.0450398251414299,0.03443453460931778,0.03443453460931778,0.03798139467835426,0.03443453460931778,0.03443453460931778,0.03591495752334595,0.03443453460931778,0.0443338006734848,0.03443453460931778,0.03443453460931778,0.04218010604381561,0.03443453460931778,0.03443453460931778,0.03834061324596405,0.03443453460931778,0.03443453460931778,0.035148654133081436,0.03443453460931778,0.04273376986384392,0.03443453460931778,0.03452788293361664,0.03484942764043808,0.04184839129447937,0.03486916422843933,0.05014849454164505
2017-10-13,0.03457744047045708,0.04302172362804413,0.03457744047045708,0.036114901304244995,0.040867459028959274,0.03457744047045708,0.03457744047045708,0.03457744047045708,0.035192180424928665,0.041585180908441544,0.03469087928533554,0.03457744047045708,0.04381109029054642,0.03457744047045708,0.03457744047045708,0.03729235380887985,0.03457744047045708,0.03457744047045708,0.03457744047045708,0.03457744047045708,0.04407612979412079,0.03457744047045708,0.03457744047045708,0.035863276571035385,0.03982936218380928,0.03457744047045708,0.04899384453892708
2017-10-16,0.03478080406785011,0.04556269943714142,0.03672097623348236,0.03652065247297287,0.03769909217953682,0.03478080406785011,0.03478080406785011,0.03478080406785011,0.03478080406785011,0.04361743479967117,0.03478080406785011,0.03478080406785011,0.0407327376306057,0.03518088907003403,0.03478080406785011,0.03478080406785011,0.03478080406785011,0.03478080406785011,0.03552822768688202,0.03478080406785011,0.043833374977111816,0.03478080406785011,0.03478080406785011,0.038538046181201935,0.03717915341258049,0.035309500992298126,0.04664592072367668
2017-10-17,0.034713391214609146,0.044082194566726685,0.034713391214609146,0.034713391214609146,0.035498570650815964,0.034713391214609146,0.034713391214609146,0.034713391214609146,0.034713391214609146,0.04644401744008064,0.034713391214609146,0.034713391214609146,0.03819938749074936,0.034713391214609146,0.034713391214609146,0.03848634660243988,0.034713391214609146,0.034713391214609146,0.035465069115161896,0.034713391214609146,0.043362006545066833,0.034713391214609146,0.034713391214609146,0.03528578579425812,0.040085576474666595,0.03670063987374306,0.05097607523202896
2017-10-18,0.0345919094979763,0.04915359988808632,0.0365171916782856,0.0345919094979763,0.0345919094979763,0.0345919094979763,0.0345919094979763,0.03920520842075348,0.0345919094979763,0.04727030545473099,0.0345919094979763,0.0345919094979763,0.0345919094979763,0.03525593504309654,0.035061344504356384,0.0345919094979763,0.0345919094979763,0.0345919094979763,0.037879712879657745,0.0345919094979763,0.039843976497650146,0.0345919094979763,0.0345919094979763,0.03619332239031792,0.04330544173717499,0.03794911503791809,0.04348618537187576
2017-10-19,0.034727588295936584,0.0406411811709404,0.035061031579971313,0.034727588295936584,0.034727588295936584,0.034727588295936584,0.034727588295936584,0.04162832722067833,0.034727588295936584,0.04263623058795929,0.04176437109708786,0.034727588295936584,0.034727588295936584,0.034727588295936584,0.037114400416612625,0.03503207117319107,0.034727588295936584,0.034727588295936584,0.034727588295936584,0.034727588295936584,0.04022505506873131,0.034727588295936584,0.034727588295936584,0.034727588295936584,0.04729868844151497,0.04069839417934418,0.042258888483047485
2017-10-20,0.035165153443813324,0.045565441250801086,0.0358714759349823,0.035165153443813324,0.035165153443813324,0.035165153443813324,0.038100987672805786,0.03925836458802223,0.035165153443813324,0.04494519531726837,0.03761224076151848,0.035165153443813324,0.035528820008039474,0.035165153443813324,0.03543601185083389,0.038469307124614716,0.035165153443813324,0.035165153443813324,0.03546134755015373,0.035165153443813324,0.041630931198596954,0.035165153443813324,0.035165153443813324,0.035165153443813324,0.04004135727882385,0.03647634759545326,0.038455210626125336
2017-10-23,0.03518923372030258,0.0433347262442112,0.03753172978758812,0.03518923372030258,0.03518923372030258,0.03518923372030258,0.039032161235809326,0.0402192622423172,0.03518923372030258,0.046861402690410614,0.03762605041265488,0.03518923372030258,0.03518923372030258,0.03518923372030258,0.03518923372030258,0.03729703649878502,0.03518923372030258,0.03518923372030258,0.0356726311147213,0.03518923372030258,0.038503825664520264,0.03518923372030258,0.03518923372030258,0.03518923372030258,0.041030459105968475,0.03518923372030258,0.039862919598817825
2017-10-24,0.03545398637652397,0.042568303644657135,0.03632325679063797,0.03545398637652397,0.03545398637652397,0.03545398637652397,0.03545398637652397,0.03812005743384361,0.03545398637652397,0.045232705771923065,0.037718962877988815,0.03545398637652397,0.03545398637652397,0.03545398637652397,0.03545398637652397,0.03653265908360481,0.03545398637652397,0.03545398637652397,0.03545398637652397,0.03545398637652397,0.03898193687200546,0.03545398637652397,0.03545398637652397,0.035959016531705856,0.04210687801241875,0.03545398637652397,0.043738409876823425
2017-10-25,0.034968599677085876,0.04004945233464241,0.038055263459682465,0.038770921528339386,0.038674186915159225,0.034968599677085876,0.034968599677085876,0.034968599677085876,0.034968599677085876,0.045534368604421616,0.035963498055934906,0.034968599677085876,0.03680252283811569,0.034968599677085876,0.034968599677085876,0.034968599677085876,0.034968599677085876,0.034968599677085876,0.034968599677085876,0.034968599677085876,0.04540067911148071,0.034968599677085876,0.034968599677085876,0.035650406032800674,0.03832988440990448,0.034968599677085876,0.04727127403020859
2017-10-26,0.04004739969968796,0.039197888225317,0.036786701530218124,0.03553774580359459,0.03886636719107628,0.03522918373346329,0.03522918373346329,0.03522918373346329,0.03522918373346329,0.04293227940797806,0.03522918373346329,0.03522918373346329,0.037458635866642,0.03563825786113739,0.03522918373346329,0.03522918373346329,0.03522918373346329,0.036664821207523346,0.03522918373346329,0.03522918373346329,0.045226387679576874,0.035886362195014954,0.03522918373346329,0.03522918373346329,0.03822917863726616,0.03522918373346329,0.04431939497590065
2017-10-27,0.03570569306612015,0.04313592612743378,0.03835403546690941,0.03492264077067375,0.03492264077067375,0.03492264077067375,0.03492264077067375,0.03492264077067375,0.03492264077067375,0.0474410355091095,0.03492264077067375,0.03492264077067375,0.03492264077067375,0.03492264077067375,0.03820762783288956,0.03492264077067375,0.03492264077067375,0.03492264077067375,0.03492264077067375,0.03492264077067375,0.04350128769874573,0.03492264077067375,0.03492264077067375,0.03492264077067375,0.043512728065252304,0.03492264077067375,0.046611424535512924
2017-10-30,0.035086121410131454,0.04417987912893295,0.037369683384895325,0.035086121410131454,0.03616122156381607,0.035086121410131454,0.035086121410131454,0.035086121410131454,0.03774212673306465,0.04398375377058983,0.035086121410131454,0.035086121410131454,0.0370895080268383,0.035086121410131454,0.03521455079317093,0.035086121410131454,0.035086121410131454,0.035086121410131454,0.035086121410131454,0.035086121410131454,0.04563840851187706,0.03549887239933014,0.035086121410131454,0.035086121410131454,0.039351943880319595,0.035086121410131454,0.046392131596803665
2017-10-31,0.03471364825963974,0.04138307645916939,0.03471364825963974,0.03471364825963974,0.03471364825963974,0.03471364825963974,0.03471364825963974,0.03471364825963974,0.041838131844997406,0.04287766292691231,0.040000446140766144,0.03471364825963974,0.03471364825963974,0.03471364825963974,0.0403408519923687,0.03471364825963974,0.03563801944255829,0.03471364825963974,0.03471364825963974,0.03471364825963974,0.04615098237991333,0.03509065881371498,0.03471364825963974,0.03471364825963974,0.04104675352573395,0.03471364825963974,0.04550139978528023
2017-11-01,0.03479806333780289,0.04022578150033951,0.03479806333780289,0.03479806333780289,0.035120200365781784,0.03479806333780289,0.03479806333780289,0.03479806333780289,0.03951529040932655,0.045562341809272766,0.042786698788404465,0.03479806333780289,0.03479806333780289,0.03479806333780289,0.03748985007405281,0.03601037710905075,0.03479806333780289,0.03479806333780289,0.03479806333780289,0.03479806333780289,0.04723736271262169,0.03480209410190582,0.03479806333780289,0.03479806333780289,0.04071567580103874,0.03479806333780289,0.043765295296907425
2017-11-02,0.035016272217035294,0.03982836753129959,0.035016272217035294,0.035016272217035294,0.03623613342642784,0.035016272217035294,0.035016272217035294,0.035016272217035294,0.037025198340415955,0.043289914727211,0.04100170359015465,0.035016272217035294,0.037083081901073456,0.035698458552360535,0.035016272217035294,0.03775712847709656,0.035016272217035294,0.03546348214149475,0.035016272217035294,0.035016272217035294,0.04785588011145592,0.035016272217035294,0.03590169921517372,0.035016272217035294,0.03877543658018112,0.035016272217035294,0.04385572671890259
2017-11-03,0.03660845011472702,0.04038304090499878,0.03493773192167282,0.03493773192167282,0.03692591190338135,0.03493773192167282,0.03493773192167282,0.03493773192167282,0.03568103536963463,0.04752225801348686,0.04205332696437836,0.03493773192167282,0.03493773192167282,0.03493773192167282,0.03493773192167282,0.03821692243218422,0.03493773192167282,0.03493773192167282,0.03493773192167282,0.03507126122713089,0.04810856655240059,0.035965703427791595,0.03532467037439346,0.03493773192167282,0.03893568739295006,0.03493773192167282,0.04007485508918762
2017-11-06,0.036622170358896255,0.040385663509368896,0.034936171025037766,0.034936171025037766,0.03693458437919617,0.034936171025037766,0.034936171025037766,0.034936171025037766,0.0356726311147213,0.04754339158535004,0.042055632919073105,0.034936171025037766,0.034936171025037766,0.034936171025037766,0.034936171025037766,0.03821101412177086,0.034936171025037766,0.034936171025037766,0.034936171025037766,0.03508807718753815,0.0481049120426178,0.03597690910100937,0.0353146493434906,0.034936171025037766,0.03893745318055153,0.034936171025037766,0.04004655033349991
2017-11-07,0.03477600961923599,0.04194619506597519,0.03477600961923599,0.03477600961923599,0.04058659076690674,0.03477600961923599,0.03477600961923599,0.03477600961923599,0.03477600961923599,0.04277583211660385,0.038458202034235,0.03477600961923599,0.035353224724531174,0.038731519132852554,0.03477600961923599,0.03538822382688522,0.03477600961923599,0.03673689439892769,0.03721916303038597,0.03576859459280968,0.043625570833683014,0.038248609751462936,0.03477600961923599,0.0348065048456192,0.03742792829871178,0.040069714188575745,0.04032105579972267
2017-11-08,0.034810613840818405,0.04118802398443222,0.034810613840818405,0.03695172816514969,0.038283754140138626,0.034810613840818405,0.034810613840818405,0.034810613840818405,0.034810613840818405,0.04471849650144577,0.044203873723745346,0.035197675228118896,0.034810613840818405,0.03772103413939476,0.034810613840818405,0.034810613840818405,0.035575587302446365,0.0391409657895565,0.03846602141857147,0.034810613840818405,0.0401778407394886,0.034810613840818405,0.034810613840818405,0.03702308610081673,0.036376792937517166,0.038500405848026276,0.03874744102358818
2017-11-09,0.03468818962574005,0.04050971940159798,0.03468818962574005,0.03579515963792801,0.039533816277980804,0.03468818962574005,0.03468818962574005,0.03468818962574005,0.035142045468091965,0.0437568724155426,0.04590797796845436,0.03562375530600548,0.03468818962574005,0.03670085221529007,0.03468818962574005,0.03468818962574005,0.03677977994084358,0.03844219818711281,0.039609771221876144,0.03468818962574005,0.04261770844459534,0.03468818962574005,0.03468818962574005,0.03542736917734146,0.03743297979235649,0.036518506705760956,0.03863142803311348
2017-11-10,0.03489896282553673,0.04686573147773743,0.03489896282553673,0.03489896282553673,0.03489896282553673,0.03489896282553673,0.03489896282553673,0.03489896282553673,0.03996346890926361,0.04660887271165848,0.03929910436272621,0.03489896282553673,0.03489896282553673,0.03704701364040375,0.03489896282553673,0.03489896282553673,0.0378401018679142,0.03489896282553673,0.04316994547843933,0.03489896282553673,0.036685433238744736,0.03489896282553673,0.03489896282553673,0.03489896282553673,0.04433896020054817,0.03489896282553673,0.03489896282553673
2017-11-13,0.03510424122214317,0.04671359807252884,0.03510424122214317,0.03510424122214317,0.03510424122214317,0.03510424122214317,0.03510424122214317,0.03510424122214317,0.03669626638293266,0.04452119395136833,0.041418980807065964,0.03510424122214317,0.03510424122214317,0.037055984139442444,0.03510424122214317,0.03514209762215614,0.03790146857500076,0.03510424122214317,0.044643085449934006,0.03510424122214317,0.0369558222591877,0.03510424122214317,0.03510424122214317,0.03510424122214317,0.04165613278746605,0.035367704927921295,0.03536400571465492
2017-11-14,0.034871261566877365,0.04542098194360733,0.034871261566877365,0.034871261566877365,0.036400459706783295,0.034871261566877365,0.034871261566877365,0.034871261566877365,0.034871261566877365,0.0454399473965168,0.040899839252233505,0.03648931533098221,0.034871261566877365,0.03656806796789169,0.034871261566877365,0.034871261566877365,0.03657955303788185,0.034871261566877365,0.04637852683663368,0.034871261566877365,0.03976324573159218,0.034871261566877365,0.034871261566877365,0.034871261566877365,0.041230034083127975,0.034890517592430115,0.03687061741948128
2017-11-15,0.03467791900038719,0.044992078095674515,0.03467791900038719,0.03467791900038719,0.03467791900038719,0.03467791900038719,0.03467791900038719,0.03467791900038719,0.035262927412986755,0.04718223959207535,0.041992802172899246,0.03648495301604271,0.03467791900038719,0.03844975680112839,0.03467791900038719,0.03503146395087242,0.03598545491695404,0.03467791900038719,0.04634842276573181,0.03628436475992203,0.03955934941768646,0.03467791900038719,0.03467791900038719,0.03467791900038719,0.04225742444396019,0.03467791900038719,0.03467791900038719
2017-11-16,0.034916091710329056,0.04567379131913185,0.034916091710329056,0.034916091710329056,0.034916091710329056,0.034916091710329056,0.034916091710329056,0.034916091710329056,0.035395823419094086,0.04604519158601761,0.03606410324573517,0.03731882572174072,0.034916091710329056,0.03752725571393967,0.03572027012705803,0.034916091710329056,0.03789586201310158,0.034916091710329056,0.04723981022834778,0.034916091710329056,0.040752314031124115,0.034916091710329056,0.034916091710329056,0.034916091710329056,0.03977292776107788,0.034916091710329056,0.036852411925792694
2017-11-17,0.03494976460933685,0.03792450577020645,0.0388467013835907,0.04196160286664963,0.03626250848174095,0.03494976460933685,0.03494976460933685,0.03494976460933685,0.039628926664590836,0.04220268502831459,0.037101101130247116,0.03494976460933685,0.03494976460933685,0.03494976460933685,0.03494976460933685,0.03494976460933685,0.036667756736278534,0.03494976460933685,0.03494976460933685,0.03494976460933685,0.046059686690568924,0.03494976460933685,0.03494976460933685,0.037008143961429596,0.036735545843839645,0.03494976460933685,0.04535438492894173
2017-11-20,0.03516098111867905,0.04132771119475365,0.03516098111867905,0.041718386113643646,0.03516098111867905,0.03516098111867905,0.03516098111867905,0.03516098111867905,0.04161680489778519,0.03833320364356041,0.03516098111867905,0.03516098111867905,0.03516098111867905,0.03741372749209404,0.040451858192682266,0.03516098111867905,0.04059082269668579,0.03516098111867905,0.036266226321458817,0.03516098111867905,0.04372367262840271,0.03516098111867905,0.03516098111867905,0.03516098111867905,0.036121614277362823,0.03516098111867905,0.03986029699444771
2017-11-21,0.03503451868891716,0.04280152544379234,0.03503451868891716,0.04169798642396927,0.03503451868891716,0.03503451868891716,0.03503451868891716,0.03503451868891716,0.04049314558506012,0.04079323261976242,0.03503451868891716,0.03503451868891716,0.038710981607437134,0.03503451868891716,0.04238918423652649,0.03503451868891716,0.03990867733955383,0.03503451868891716,0.035049401223659515,0.03503451868891716,0.04342195764183998,0.03503451868891716,0.03503451868891716,0.03503451868891716,0.03611452504992485,0.03503451868891716,0.038067061454057693
2017-11-22,0.03800559416413307,0.040219929069280624,0.035055045038461685,0.04585165157914162,0.035055045038461685,0.035055045038461685,0.035055045038461685,0.035055045038461685,0.04126409441232681,0.03924480825662613,0.03901155665516853,0.035055045038461685,0.036339301615953445,0.035055045038461685,0.03792281448841095,0.035055045038461685,0.03919210657477379,0.035055045038461685,0.035055045038461685,0.035055045038461685,0.043680544942617416,0.035055045038461685,0.035055045038461685,0.035055045038461685,0.035055045038461685,0.035055045038461685,0.038386885076761246
2017-11-24,0.03515468165278435,0.04082926735281944,0.03535439819097519,0.046281807124614716,0.03574744611978531,0.03515468165278435,0.03515468165278435,0.03515468165278435,0.04091787338256836,0.039843276143074036,0.03823807090520859,0.03515468165278435,0.03552365303039551,0.03515468165278435,0.039168186485767365,0.03515468165278435,0.03937724605202675,0.03515468165278435,0.03515468165278435,0.03515468165278435,0.043256230652332306,0.03515468165278435,0.03515468165278435,0.03515468165278435,0.035527411848306656,0.03515468165278435,0.03776960447430611
2017-11-27,0.035105373710393906,0.04229844734072685,0.035105373710393906,0.0419333390891552,0.035105373710393906,0.035105373710393906,0.035105373710393906,0.035105373710393906,0.041413988918066025,0.04041847214102745,0.035105373710393906,0.035105373710393906,0.03647405654191971,0.035105373710393906,0.04214625433087349,0.035105373710393906,0.04031457379460335,0.035105373710393906,0.035857878625392914,0.035105373710393906,0.041597966104745865,0.035105373710393906,0.035105373710393906,0.035105373710393906,0.03775612264871597,0.035105373710393906,0.038102973252534866
2017-11-28,0.03497617319226265,0.04303247854113579,0.03497617319226265,0.03927129507064819,0.03497617319226265,0.03497617319226265,0.03497617319226265,0.03497617319226265,0.04333458095788956,0.0419921800494194,0.03497617319226265,0.03497617319226265,0.03497617319226265,0.035195425152778625,0.04250630736351013,0.03497617319226265,0.038103848695755005,0.03497617319226265,0.03497617319226265,0.03497617319226265,0.042631469666957855,0.03497617319226265,0.03497617319226265,0.03497617319226265,0.040379319339990616,0.03497617319226265,0.03895818442106247
2017-11-29,0.03510751575231552,0.04366840049624443,0.03510751575231552,0.04553598538041115,0.03510751575231552,0.03510751575231552,0.03510751575231552,0.03510751575231552,0.03853517770767212,0.041119061410427094,0.03834355250000954,0.03510751575231552,0.03510751575231552,0.037886008620262146,0.036677636206150055,0.03510751575231552,0.03828919306397438,0.036711856722831726,0.035124100744724274,0.03510751575231552,0.040584154427051544,0.03510751575231552,0.03510751575231552,0.03510751575231552,0.03607610613107681,0.03510751575231552,0.03994349017739296
2017-11-30,0.03633902221918106,0.03797893598675728,0.043342653661966324,0.0407717265188694,0.034974027425050735,0.034974027425050735,0.034974027425050735,0.03916531428694725,0.04565821588039398,0.0366823747754097,0.034974027425050735,0.037839993834495544,0.034974027425050735,0.034974027425050735,0.034974027425050735,0.034974027425050735,0.03617830201983452,0.036322418600320816,0.034974027425050735,0.034974027425050735,0.034974027425050735,0.034974027425050735,0.034974027425050735,0.0367744117975235,0.04277323931455612,0.034974027425050735,0.040537022054195404
2017-12-01,0.037718549370765686,0.04190630465745926,0.04012395814061165,0.041322339326143265,0.035078417509794235,0.035078417509794235,0.035078417509794235,0.03742165118455887,0.04252878203988075,0.03974185511469841,0.035078417509794235,0.037151999771595,0.035078417509794235,0.035078417509794235,0.035078417509794235,0.035078417509794235,0.03706898167729378,0.036669809371232986,0.035078417509794235,0.035078417509794235,0.035480935126543045,0.035078417509794235,0.035078417509794235,0.03685292974114418,0.04086808115243912,0.035078417509794235,0.039124440401792526
2017-12-04,0.03648630529642105,0.04434366524219513,0.03881874307990074,0.03792107105255127,0.03513148054480553,0.03513148054480553,0.03513148054480553,0.03614853695034981,0.04238635674118996,0.0402720682322979,0.03602773696184158,0.03902825713157654,0.03513148054480553,0.03513148054480553,0.03513148054480553,0.03513148054480553,0.03770669922232628,0.03565475717186928,0.03812435641884804,0.03513148054480553,0.03513148054480553,0.03513148054480553,0.03513148054480553,0.03617248311638832,0.04193412512540817,0.03513148054480553,0.03739698603749275
2017-12-05,0.034727729856967926,0.042259905487298965,0.034727729856967926,0.034727729856967926,0.034727729856967926,0.034727729856967926,0.034727729856967926,0.04015478119254112,0.03634798899292946,0.036972228437662125,0.035532146692276,0.04069985821843147,0.034727729856967926,0.0445103719830513,0.034727729856967926,0.034727729856967926,0.03676029294729233,0.0427398681640625,0.041156694293022156,0.039398085325956345,0.034727729856967926,0.034727729856967926,0.034727729856967926,0.03941850736737251,0.03786104917526245,0.034727729856967926,0.034727729856967926
2017-12-06,0.034592825919389725,0.04279588162899017,0.03508007526397705,0.03575385734438896,0.034592825919389725,0.034592825919389725,0.034592825919389725,0.036683063954114914,0.034592825919389725,0.03711685538291931,0.03756226599216461,0.04313120245933533,0.034592825919389725,0.04624984785914421,0.034592825919389725,0.034592825919389725,0.036248549818992615,0.041448261588811874,0.043870583176612854,0.039322350174188614,0.034592825919389725,0.034592825919389725,0.034592825919389725,0.03658842295408249,0.03820773959159851,0.0348270982503891,0.034592825919389725
2017-12-07,0.03531987965106964,0.04523077234625816,0.03531987965106964,0.03706315532326698,0.03531987965106964,0.03531987965106964,0.03531987965106964,0.03990267962217331,0.03531987965106964,0.0391610823571682,0.04000590741634369,0.03531987965106964,0.03531987965106964,0.039489854127168655,0.03531987965106964,0.03531987965106964,0.04218292608857155,0.03877009451389313,0.037484366446733475,0.03531987965106964,0.03531987965106964,0.03531987965106964,0.03531987965106964,0.036333419382572174,0.03741417080163956,0.036773182451725006,0.035710036754608154
2017-12-08,0.04028606042265892,0.040064338594675064,0.03511568903923035,0.04076933115720749,0.03487603738903999,0.03487603738903999,0.03487603738903999,0.03807933256030083,0.04441605880856514,0.03487603738903999,0.037657059729099274,0.03487603738903999,0.03487603738903999,0.03984837979078293,0.03487603738903999,0.03487603738903999,0.044263508170843124,0.04133739322423935,0.03751859813928604,0.03487603738903999,0.03487603738903999,0.03487603738903999,0.03487603738903999,0.03750370070338249,0.03487603738903999,0.03487603738903999,0.03487603738903999
2017-12-11,0.041486311703920364,0.04124653339385986,0.04037001356482506,0.044586293399333954,0.03502200171351433,0.03502200171351433,0.03502200171351433,0.041525937616825104,0.0408184714615345,0.03588840365409851,0.03615710884332657,0.03552887961268425,0.03502200171351433,0.03587791323661804,0.03502200171351433,0.03502200171351433,0.039941977709531784,0.03683062642812729,0.03613211587071419,0.03502200171351433,0.03502200171351433,0.03502200171351433,0.03502200171351433,0.037752553820610046,0.03502200171351433,0.03502200171351433,0.03559280186891556
2017-12-12,0.03932426869869232,0.037159860134124756,0.04258911311626434,0.04338841512799263,0.03572368249297142,0.03522874042391777,0.035842180252075195,0.04453062638640404,0.041401270776987076,0.03708208352327347,0.036143865436315536,0.03655656799674034,0.03522874042391777,0.03522874042391777,0.03522874042391777,0.03522874042391777,0.03587054833769798,0.03522874042391777,0.03522874042391777,0.03522874042391777,0.03522874042391777,0.03522874042391777,0.03522874042391777,0.03568403050303459,0.040675219148397446,0.03522874042391777,0.03528336435556412
2017-12-13,0.04393812641501427,0.035984691232442856,0.04469882696866989,0.04576978459954262,0.03485048934817314,0.036294981837272644,0.03485048934817314,0.04494120553135872,0.039155688136816025,0.03694986552000046,0.03698929399251938,0.03819650411605835,0.03485048934817314,0.03487647697329521,0.03485048934817314,0.03485048934817314,0.03495897352695465,0.03485048934817314,0.03485048934817314,0.03485048934817314,0.03485048934817314,0.03485048934817314,0.03485048934817314,0.03738434985280037,0.036804813891649246,0.03485048934817314,0.03485048934817314
2017-12-14,0.037288255989551544,0.03999039903283119,0.04186277091503143,0.03913959115743637,0.03517554700374603,0.03517554700374603,0.035370875149965286,0.04863928258419037,0.03821549937129021,0.03855682164430618,0.03517554700374603,0.03517554700374603,0.03517554700374603,0.03517554700374603,0.03517554700374603,0.03517554700374603,0.03542117029428482,0.03517554700374603,0.03701416403055191,0.03517554700374603,0.03517554700374603,0.03517554700374603,0.03517554700374603,0.03517554700374603,0.04417818412184715,0.03517554700374603,0.03668983280658722
2017-12-15,0.04039420932531357,0.039564430713653564,0.04072017967700958,0.042555008083581924,0.03496653959155083,0.03496653959155083,0.03803524747490883,0.04458083584904671,0.03823237493634224,0.03778158873319626,0.037975654006004333,0.03496653959155083,0.03496653959155083,0.03496653959155083,0.03496653959155083,0.03496653959155083,0.03537742421030998,0.03496653959155083,0.035488709807395935,0.03496653959155083,0.03496653959155083,0.03496653959155083,0.03496653959155083,0.03496653959155083,0.04227070137858391,0.03496653959155083,0.0374920517206192
2017-12-18,0.04276329278945923,0.040774866938591,0.03962073102593422,0.0444013848900795,0.03486350178718567,0.03486350178718567,0.0382879376411438,0.04330763965845108,0.03648144379258156,0.03928632289171219,0.03930586576461792,0.03486350178718567,0.03486350178718567,0.03486350178718567,0.03486350178718567,0.03486350178718567,0.03621556982398033,0.03486350178718567,0.03486350178718567,0.03486350178718567,0.03486350178718567,0.03486350178718567,0.03486350178718567,0.036250483244657516,0.03874179720878601,0.03486350178718567,0.03647363930940628
2017-12-19,0.035778168588876724,0.04072276130318642,0.03952356427907944,0.036362044513225555,0.03461737558245659,0.03461737558245659,0.03461737558245659,0.04547373577952385,0.04297328367829323,0.042877987027168274,0.03461737558245659,0.03461737558245659,0.03461737558245659,0.03461737558245659,0.03461737558245659,0.03461737558245659,0.03461737558245659,0.03461737558245659,0.037748727947473526,0.03461737558245659,0.03461737558245659,0.03461737558245659,0.03461737558245659,0.036849088966846466,0.04717051237821579,0.03461737558245659,0.04064211621880531
2017-12-20,0.034949228167533875,0.050373565405607224,0.035226911306381226,0.03496147692203522,0.0347377248108387,0.0347377248108387,0.0347377248108387,0.041566550731658936,0.03583180159330368,0.05270245298743248,0.0347377248108387,0.0347377248108387,0.0347377248108387,0.0347377248108387,0.0347377248108387,0.0347377248108387,0.0347377248108387,0.0347377248108387,0.04247400909662247,0.0347377248108387,0.03486121818423271,0.0347377248108387,0.0347377248108387,0.0347377248108387,0.04584812372922897,0.0347377248108387,0.03540101274847984
2017-12-21,0.034518033266067505,0.050029486417770386,0.034518033266067505,0.034518033266067505,0.034518033266067505,0.034518033266067505,0.034518033266067505,0.03602586314082146,0.03589826822280884,0.05014127865433693,0.039318934082984924,0.0361170619726181,0.034518033266067505,0.03490462899208069,0.034518033266067505,0.034518033266067505,0.034518033266067505,0.034518033266067505,0.04607560113072395,0.03729141876101494,0.03821825236082077,0.034518033266067505,0.034518033266067505,0.034518033266067505,0.04369066283106804,0.034518033266067505,0.034518033266067505
2017-12-22,0.036054614931344986,0.04892353340983391,0.03443862125277519,0.03472117707133293,0.03443862125277519,0.03443862125277519,0.03443862125277519,0.03970153629779816,0.03793197125196457,0.046535953879356384,0.039253007620573044,0.03899921476840973,0.03443862125277519,0.03443862125277519,0.03443862125277519,0.03443862125277519,0.03443862125277519,0.03443862125277519,0.045467257499694824,0.03762710094451904,0.03489204868674278,0.03443862125277519,0.03443862125277519,0.03443862125277519,0.043313272297382355,0.03443862125277519,0.03443862125277519
2017-12-26,0.035630784928798676,0.04868609458208084,0.034390147775411606,0.034390147775411606,0.034390147775411606,0.034390147775411606,0.034390147775411606,0.042252715677022934,0.03935310244560242,0.0461389496922493,0.03865395486354828,0.036644577980041504,0.034390147775411606,0.034390147775411606,0.034390147775411606,0.034390147775411606,0.034390147775411606,0.034390147775411606,0.04586637392640114,0.03662586584687233,0.034390147775411606,0.034390147775411606,0.03451821580529213,0.034390147775411606,0.04538700357079506,0.034390147775411606,0.034390147775411606
2017-12-27,0.036699261516332626,0.04540707543492317,0.03500869497656822,0.037132661789655685,0.03500869497656822,0.03500869497656822,0.03500869497656822,0.04457109794020653,0.03773997724056244,0.042200103402137756,0.03511850908398628,0.03693955019116402,0.03500869497656822,0.036399345844984055,0.03500869497656822,0.03500869497656822,0.03500869497656822,0.03500869497656822,0.04235533997416496,0.03500869497656822,0.03500869497656822,0.03500869497656822,0.03598541393876076,0.03516039252281189,0.04413324594497681,0.03500869497656822,0.03504497930407524
2017-12-28,0.0352497361600399,0.046423040330410004,0.036172546446323395,0.03731977194547653,0.0352497361600399,0.0352497361600399,0.0352497361600399,0.04525242745876312,0.036311075091362,0.04024173319339752,0.0352497361600399,0.0352497361600399,0.0352497361600399,0.03608173877000809,0.0352497361600399,0.0352497361600399,0.0352497361600399,0.0352497361600399,0.04207384213805199,0.0352497361600399,0.03735688328742981,0.0352497361600399,0.0352497361600399,0.0352497361600399,0.04199087619781494,0.0352497361600399,0.036780305206775665
2017-12-29,0.036670245230197906,0.04567263647913933,0.03501766547560692,0.03714340552687645,0.03501766547560692,0.03501766547560692,0.03501766547560692,0.04499730095267296,0.037473101168870926,0.04262237995862961,0.03501766547560692,0.03665004298090935,0.03501766547560692,0.03612806648015976,0.03501766547560692,0.03501766547560692,0.03501766547560692,0.03501766547560692,0.042415741831064224,0.03501766547560692,0.03501766547560692,0.03501766547560692,0.0356534905731678,0.03505311906337738,0.04425552859902382,0.03501766547560692,0.03501766547560692
2018-01-02,0.037037037037037035,0.037037037037037035,0.037037037037037035,0.037037037037037035,0.037037037037037035,0.037037037037037035,0.037037037037037035,0.037037037037037035,0.037037037037037035,0.037037037037037035,0.037037037037037035,0.037037037037037035,0.037037037037037035,0.037037037037037035,0.037037037037037035,0.037037037037037035,0.037037037037037035,0.037037037037037035,0.037037037037037035,0.037037037037037035,0.037037037037037035,0.037037037037037035,0.037037037037037035,0.037037037037037035,0.037037037037037035,0.037037037037037035,0.037037037037037035
2018-01-03,0.035864587873220444,0.035864587873220444,0.038636013865470886,0.035864587873220444,0.03836512565612793,0.04142205789685249,0.035864587873220444,0.035864587873220444,0.035864587873220444,0.035864587873220444,0.035864587873220444,0.035864587873220444,0.03834977746009827,0.04188815504312515,0.035864587873220444,0.035864587873220444,0.035864587873220444,0.038253284990787506,0.035864587873220444,0.0417797826230526,0.03718925639986992,0.035864587873220444,0.035864587873220444,0.035864587873220444,0.03850353881716728,0.035864587873220444,0.03591502085328102
2018-01-04,0.03865118697285652,0.03573106974363327,0.04344905912876129,0.03573106974363327,0.03573106974363327,0.038100700825452805,0.03573106974363327,0.03573106974363327,0.03573106974363327,0.03573106974363327,0.03573106974363327,0.03573106974363327,0.03916267678141594,0.047532230615615845,0.03573106974363327,0.03573106974363327,0.03748128563165665,0.03573106974363327,0.03573106974363327,0.03874757140874863,0.03573106974363327,0.03573106974363327,0.03573106974363327,0.03684724122285843,0.03573106974363327,0.036437343806028366,0.03616262227296829
2018-01-05,0.03520414978265762,0.03545432537794113,0.0479549877345562,0.03520414978265762,0.03520414978265762,0.04073701798915863,0.03520414978265762,0.03520414978265762,0.03520414978265762,0.03520414978265762,0.03520414978265762,0.03520414978265762,0.04131187126040459,0.042111340910196304,0.03520414978265762,0.03520414978265762,0.039007533341646194,0.03520414978265762,0.03703548014163971,0.03520414978265762,0.03657648712396622,0.03520414978265762,0.03520414978265762,0.039099011570215225,0.03520414978265762,0.03772654011845589,0.039719030261039734
2018-01-08,0.03924621641635895,0.03525479882955551,0.04625274986028671,0.03525479882955551,0.03525479882955551,0.04403135925531387,0.03525479882955551,0.03525479882955551,0.03525479882955551,0.03525479882955551,0.03525479882955551,0.03525479882955551,0.04195075482130051,0.043531227856874466,0.03525479882955551,0.03525479882955551,0.037958282977342606,0.03525479882955551,0.03525479882955551,0.03525479882955551,0.03676376864314079,0.03525479882955551,0.03525479882955551,0.036198776215314865,0.03525479882955551,0.038595251739025116,0.03614002466201782
2018-01-09,0.040068887174129486,0.03531080484390259,0.04537434130907059,0.03531080484390259,0.03531080484390259,0.04542761668562889,0.03531080484390259,0.03531080484390259,0.03531080484390259,0.03531080484390259,0.03531080484390259,0.03531080484390259,0.042165424674749374,0.04235602915287018,0.03531080484390259,0.03531080484390259,0.03721193969249725,0.03531080484390259,0.03531080484390259,0.03531080484390259,0.036865219473838806,0.03531080484390259,0.03531080484390259,0.03574706241488457,0.03531080484390259,0.03873121365904808,0.035768549889326096
2018-01-10,0.03762757033109665,0.0385008342564106,0.04188688471913338,0.03503524512052536,0.03503524512052536,0.041945528239011765,0.03503524512052536,0.03503524512052536,0.03503524512052536,0.03503524512052536,0.03503524512052536,0.03503524512052536,0.04618233069777489,0.042242631316185,0.03503524512052536,0.03503524512052536,0.039848487824201584,0.03503524512052536,0.03520119935274124,0.03503524512052536,0.03545680642127991,0.03503524512052536,0.03503524512052536,0.03995756804943085,0.03503524512052536,0.04058622196316719,0.03503524512052536
2018-01-11,0.03748181089758873,0.03543270379304886,0.04469643160700798,0.03543270379304886,0.03543270379304886,0.04395249858498573,0.03543270379304886,0.03543270379304886,0.03543270379304886,0.03543270379304886,0.03543270379304886,0.03543270379304886,0.043205175548791885,0.041696615517139435,0.03543270379304886,0.03543270379304886,0.03706233575940132,0.03543270379304886,0.03543270379304886,0.03543270379304886,0.03543270379304886,0.03543270379304886,0.03543270379304886,0.03737851604819298,0.03543270379304886,0.04130527004599571,0.03543270379304886
2018-01-12,0.036489494144916534,0.03551893308758736,0.0440642312169075,0.03551893308758736,0.03551893308758736,0.04312257468700409,0.03551893308758736,0.03551893308758736,0.03551893308758736,0.03551893308758736,0.03551893308758736,0.03551893308758736,0.04019581153988838,0.04085059463977814,0.03551893308758736,0.03551893308758736,0.03953288495540619,0.03551893308758736,0.036019716411828995,0.03551893308758736,0.03551893308758736,0.03551893308758736,0.03551893308758736,0.03858492150902748,0.03551893308758736,0.04179893806576729,0.03551893308758736
2018-01-16,0.03773605078458786,0.03565939888358116,0.04655962809920311,0.035217996686697006,0.035217996686697006,0.04132643714547157,0.035217996686697006,0.035217996686697006,0.035217996686697006,0.035217996686697006,0.035217996686697006,0.035217996686697006,0.037794217467308044,0.04598301276564598,0.03797111287713051,0.035217996686697006,0.03894927725195885,0.035217996686697006,0.03571739047765732,0.035217996686697006,0.03801940754055977,0.035217996686697006,0.035217996686697006,0.037421658635139465,0.035217996686697006,0.038592442870140076,0.035217996686697006
2018-01-17,0.03515784442424774,0.036644939333200455,0.05238312482833862,0.03454741835594177,0.03985234722495079,0.040622077882289886,0.03454741835594177,0.03454741835594177,0.03454741835594177,0.03454741835594177,0.03648677095770836,0.03454741835594177,0.03454741835594177,0.04786403104662895,0.035363081842660904,0.03454741835594177,0.040153492242097855,0.03454741835594177,0.035998936742544174,0.03454741835594177,0.038233306258916855,0.03454741835594177,0.03454741835594177,0.03864636644721031,0.03454741835594177,0.036831263452768326,0.03664609044790268
2018-01-18,0.036349035799503326,0.036527153104543686,0.05004916340112686,0.03478851169347763,0.03884847089648247,0.0405619852244854,0.03478851169347763,0.03478851169347763,0.03478851169347763,0.03478851169347763,0.036594342440366745,0.03478851169347763,0.03478851169347763,0.04694855585694313,0.036921970546245575,0.03478851169347763,0.039794713258743286,0.03478851169347763,0.035768505185842514,0.03478851169347763,0.03909439221024513,0.03478851169347763,0.03478851169347763,0.03836505115032196,0.03478851169347763,0.03709700331091881,0.03482900559902191
2018-01-19,0.03766263276338577,0.0401151143014431,0.043905001133680344,0.03478836640715599,0.03478836640715599,0.041160307824611664,0.03478836640715599,0.035936009138822556,0.03557869419455528,0.03478836640715599,0.03478836640715599,0.03478836640715599,0.03894606605172157,0.04605792090296745,0.03952394425868988,0.03478836640715599,0.03634559363126755,0.035890910774469376,0.0352412648499012,0.03478836640715599,0.03786051273345947,0.03478836640715599,0.03478836640715599,0.041790205985307693,0.03478836640715599,0.036525458097457886,0.03478836640715599
2018-01-22,0.03935766965150833,0.04162607714533806,0.047857291996479034,0.03455517813563347,0.038136858493089676,0.04350299760699272,0.03455517813563347,0.03455517813563347,0.03766551986336708,0.03455517813563347,0.03524337708950043,0.03455517813563347,0.03455517813563347,0.04376212880015373,0.036706697195768356,0.03455517813563347,0.03614773973822594,0.03455517813563347,0.03455517813563347,0.03777632117271423,0.04228469356894493,0.03455517813563347,0.03455517813563347,0.03507133200764656,0.03455517813563347,0.035644009709358215,0.03455517813563347
2018-01-23,0.03703930228948593,0.04195014014840126,0.04043641313910484,0.03487544134259224,0.0373852513730526,0.038868486881256104,0.03487544134259224,0.03487544134259224,0.042199596762657166,0.03487544134259224,0.03555861860513687,0.03487544134259224,0.03487544134259224,0.04967205971479416,0.03653119131922722,0.03487544134259224,0.035359326750040054,0.03669661656022072,0.03487544134259224,0.03622228279709816,0.04087556153535843,0.03487544134259224,0.03487544134259224,0.03600766882300377,0.03487544134259224,0.03669217228889465,0.03487544134259224
2018-01-24,0.041191842406988144,0.03949716314673424,0.04684874787926674,0.034459859132766724,0.034459859132766724,0.03875473886728287,0.034459859132766724,0.034459859132766724,0.03740885853767395,0.034459859132766724,0.034459859132766724,0.034459859132766724,0.034459859132766724,0.05171312764286995,0.035900603979825974,0.034459859132766724,0.039263319224119186,0.034459859132766724,0.034459859132766724,0.034459859132766724,0.03713730722665787,0.034459859132766724,0.034459859132766724,0.03644232824444771,0.034459859132766724,0.041271090507507324,0.037673015147447586
2018-01-25,0.039098285138607025,0.03624502941966057,0.04705172777175903,0.034359920769929886,0.034359920769929886,0.040945544838905334,0.034359920769929886,0.034359920769929886,0.034359920769929886,0.034359920769929886,0.034359920769929886,0.034359920769929886,0.03494550287723541,0.05428261309862137,0.03480660542845726,0.034359920769929886,0.04402865096926689,0.03586796671152115,0.034359920769929886,0.034359920769929886,0.039257362484931946,0.034359920769929886,0.034359920769929886,0.034359920769929886,0.034359920769929886,0.03974345326423645,0.03832848370075226
2018-01-26,0.03689582273364067,0.035605691373348236,0.04612775519490242,0.034822072833776474,0.034822072833776474,0.03966338559985161,0.034822072833776474,0.034822072833776474,0.034822072833776474,0.034822072833776474,0.034822072833776474,0.034822072833776474,0.03696554899215698,0.053045351058244705,0.034822072833776474,0.034822072833776474,0.04364992678165436,0.034842975437641144,0.034822072833776474,0.03552727773785591,0.03561011329293251,0.034822072833776474,0.034822072833776474,0.034822072833776474,0.034822072833776474,0.04424582049250603,0.0354892797768116
2018-01-29,0.035104963928461075,0.037929534912109375,0.043553631752729416,0.035104963928461075,0.035104963928461075,0.04316817224025726,0.035104963928461075,0.035104963928461075,0.035104963928461075,0.035104963928461075,0.035104963928461075,0.035104963928461075,0.03989334776997566,0.04813433811068535,0.035104963928461075,0.035104963928461075,0.038300011307001114,0.03933641314506531,0.035104963928461075,0.035104963928461075,0.03520757332444191,0.035104963928461075,0.035104963928461075,0.03569081425666809,0.03644038364291191,0.0406663753092289,0.035104963928461075
2018-01-30,0.035238511860370636,0.03940090537071228,0.0442483089864254,0.035238511860370636,0.035238511860370636,0.04291054606437683,0.035238511860370636,0.035238511860370636,0.035238511860370636,0.035238511860370636,0.035238511860370636,0.035238511860370636,0.03626397252082825,0.043737560510635376,0.035238511860370636,0.035238511860370636,0.03759011626243591,0.039870865643024445,0.035238511860370636,0.03632083162665367,0.03876413404941559,0.035238511860370636,0.035238511860370636,0.035238511860370636,0.035238511860370636,0.03994140028953552,0.03713518753647804
2018-01-31,0.0351564884185791,0.03875056281685829,0.04422615095973015,0.0351564884185791,0.0351564884185791,0.0446758046746254,0.0351564884185791,0.0351564884185791,0.0351564884185791,0.0351564884185791,0.0351564884185791,0.03550337255001068,0.04164305329322815,0.042824067175388336,0.035592831671237946,0.0351564884185791,0.03746895492076874,0.0351564884185791,0.03578028827905655,0.0351564884185791,0.0351564884185791,0.0351564884185791,0.0351564884185791,0.03705901280045509,0.0351564884185791,0.04336503893136978,0.035763613879680634
2018-02-01,0.03523736447095871,0.04021437093615532,0.04482155665755272,0.03523736447095871,0.03523736447095871,0.04338464513421059,0.03523736447095871,0.03523736447095871,0.03523736447095871,0.03523736447095871,0.03523736447095871,0.03630607947707176,0.04036328196525574,0.042782723903656006,0.03523736447095871,0.03523736447095871,0.03591560944914818,0.03523736447095871,0.03636689484119415,0.03523736447095871,0.03523736447095871,0.03523736447095871,0.03523736447095871,0.03744025528430939,0.03523736447095871,0.042867716401815414,0.03573901951313019
2018-02-02,0.035431161522865295,0.039495356380939484,0.04669591784477234,0.035431161522865295,0.035637784749269485,0.04208385571837425,0.035431161522865295,0.035431161522865295,0.035431161522865295,0.035431161522865295,0.035431161522865295,0.035431161522865295,0.037933990359306335,0.043149251490831375,0.035431161522865295,0.035431161522865295,0.036794181913137436,0.03565564379096031,0.0354948490858078,0.035431161522865295,0.035431161522865295,0.035431161522865295,0.035431161522865295,0.03624612092971802,0.035431161522865295,0.043914418667554855,0.035431161522865295
2018-02-05,0.03512552008032799,0.03728919103741646,0.045804861932992935,0.03512552008032799,0.03512552008032799,0.04433329030871391,0.03512552008032799,0.03512552008032799,0.03512552008032799,0.03512552008032799,0.03512552008032799,0.036807142198085785,0.039446014910936356,0.04023537412285805,0.03512552008032799,0.03512552008032799,0.038774311542510986,0.03512552008032799,0.037067875266075134,0.03512552008032799,0.03512552008032799,0.03570180758833885,0.03512552008032799,0.03715117275714874,0.03512552008032799,0.04505811259150505,0.03544805571436882
2018-02-06,0.036457303911447525,0.03568204492330551,0.042417433112859726,0.03568204492330551,0.03568204492330551,0.04595912620425224,0.03568204492330551,0.03568204492330551,0.03942268341779709,0.038585152477025986,0.03568204492330551,0.03808332979679108,0.03568204492330551,0.03568204492330551,0.03587561845779419,0.03568204492330551,0.03568204492330551,0.03568204492330551,0.03568204492330551,0.03580160066485405,0.03568204492330551,0.03806969150900841,0.03568204492330551,0.03634657338261604,0.03568204492330551,0.039692774415016174,0.03805803507566452
2018-02-07,0.03584570437669754,0.03584570437669754,0.043758928775787354,0.03584570437669754,0.039248064160346985,0.044826608151197433,0.03584570437669754,0.03584570437669754,0.037228308618068695,0.03584570437669754,0.03584570437669754,0.03584570437669754,0.03584570437669754,0.03584570437669754,0.03584570437669754,0.03584570437669754,0.03584570437669754,0.03584570437669754,0.03584570437669754,0.039134059101343155,0.03584570437669754,0.0361463837325573,0.03584570437669754,0.03584570437669754,0.037811554968357086,0.038421500474214554,0.038201894611120224
2018-02-08,0.03553446754813194,0.03553446754813194,0.04517598822712898,0.03553446754813194,0.04058975726366043,0.04670197516679764,0.03553446754813194,0.03553446754813194,0.03553446754813194,0.03553446754813194,0.036709126085042953,0.03553446754813194,0.03553446754813194,0.03553446754813194,0.03553446754813194,0.03553446754813194,0.03553446754813194,0.03553446754813194,0.03553446754813194,0.03977273777127266,0.03553446754813194,0.03553446754813194,0.03553446754813194,0.03553446754813194,0.03870238736271858,0.03740381821990013,0.039789266884326935
2018-02-09,0.035988595336675644,0.0357607901096344,0.041041288524866104,0.0357607901096344,0.03636472672224045,0.043142374604940414,0.0357607901096344,0.0357607901096344,0.038038305938243866,0.03666895255446434,0.0357607901096344,0.041718337684869766,0.03647933527827263,0.0357607901096344,0.0357607901096344,0.0357607901096344,0.0357607901096344,0.0357607901096344,0.0357607901096344,0.0357607901096344,0.0357607901096344,0.04091725870966911,0.03814368322491646,0.0357607901096344,0.03602704405784607,0.0357607901096344,0.03905821591615677
2018-02-12,0.036689043045043945,0.035595767199993134,0.03871794044971466,0.035595767199993134,0.035595767199993134,0.04257548972964287,0.035595767199993134,0.035595767199993134,0.039284124970436096,0.03815532475709915,0.035595767199993134,0.04269084706902504,0.040037013590335846,0.035595767199993134,0.03681350126862526,0.035595767199993134,0.035595767199993134,0.035595767199993134,0.035595767199993134,0.03631598874926567,0.035595767199993134,0.040571797639131546,0.038065943866968155,0.035595767199993134,0.035595767199993134,0.035595767199993134,0.03614652156829834
2018-02-13,0.03580648824572563,0.03580648824572563,0.038111213594675064,0.03933471441268921,0.03580648824572563,0.04586251080036163,0.03580648824572563,0.03626048192381859,0.03580648824572563,0.03580648824572563,0.03580648824572563,0.03580648824572563,0.040100399404764175,0.03580648824572563,0.039253316819667816,0.03580648824572563,0.03580648824572563,0.03580648824572563,0.03580648824572563,0.039548296481370926,0.03580648824572563,0.037910349667072296,0.03580648824572563,0.03619319200515747,0.03580648824572563,0.038715213537216187,0.03580648824572563
2018-02-14,0.03591277822852135,0.03591277822852135,0.039231911301612854,0.03690752387046814,0.03591277822852135,0.047892436385154724,0.03591277822852135,0.03709181770682335,0.03591277822852135,0.03591277822852135,0.03591277822852135,0.03591277822852135,0.03849548101425171,0.03591277822852135,0.03727467730641365,0.03591277822852135,0.036030251532793045,0.03591277822852135,0.03591277822852135,0.04080205783247948,0.03591277822852135,0.03713887184858322,0.03591277822852135,0.03591277822852135,0.03675489127635956,0.03777565434575081,0.03591277822852135
2018-02-15,0.03585868701338768,0.03585868701338768,0.038314349949359894,0.03598913922905922,0.03585868701338768,0.05004296824336052,0.03585868701338768,0.037251148372888565,0.03585868701338768,0.03585868701338768,0.03585868701338768,0.03585868701338768,0.04058472439646721,0.03585868701338768,0.03585868701338768,0.03585868701338768,0.03585868701338768,0.03585868701338768,0.03585868701338768,0.0377102866768837,0.03585868701338768,0.03822118043899536,0.03585868701338768,0.03585868701338768,0.03699054941534996,0.038941673934459686,0.03635632246732712
2018-02-16,0.03539445251226425,0.03539445251226425,0.03873957321047783,0.03539445251226425,0.03642898052930832,0.0569160059094429,0.03539445251226425,0.03539445251226425,0.03539445251226425,0.03539445251226425,0.03539445251226425,0.03539445251226425,0.03767760843038559,0.03726864233613014,0.03539445251226425,0.03539445251226425,0.03710586577653885,0.03539445251226425,0.03539445251226425,0.03737320005893707,0.03745371475815773,0.03539445251226425,0.03539445251226425,0.03539445251226425,0.03962771221995354,0.039702948182821274,0.03539445251226425
2018-02-20,0.03561998903751373,0.03561998903751373,0.03859049454331398,0.037513915449380875,0.03561998903751373,0.051169417798519135,0.03561998903751373,0.035880472511053085,0.03561998903751373,0.03561998903751373,0.03561998903751373,0.03561998903751373,0.037442646920681,0.036333415657281876,0.03637022525072098,0.03561998903751373,0.03561998903751373,0.03561998903751373,0.03561998903751373,0.04035472497344017,0.03561998903751373,0.03561998903751373,0.03561998903751373,0.03561998903751373,0.037635352462530136,0.0431695431470871,0.03561998903751373
2018-02-21,0.035676829516887665,0.035676829516887665,0.03704317659139633,0.035676829516887665,0.03615988790988922,0.05295487120747566,0.035676829516887665,0.035676829516887665,0.035676829516887665,0.035676829516887665,0.035676829516887665,0.035676829516887665,0.03975680097937584,0.036046020686626434,0.036706555634737015,0.035676829516887665,0.035676829516887665,0.035676829516887665,0.035676829516887665,0.039659589529037476,0.035676829516887665,0.035676829516887665,0.035676829516887665,0.035676829516887665,0.039685141295194626,0.03980501368641853,0.035676829516887665
2018-02-22,0.035669226199388504,0.035669226199388504,0.037413932383060455,0.03635111823678017,0.036139775067567825,0.054104436188936234,0.035669226199388504,0.035669226199388504,0.035669226199388504,0.035669226199388504,0.035669226199388504,0.035669226199388504,0.04045980051159859,0.03631485626101494,0.03598213940858841,0.035669226199388504,0.035669226199388504,0.035669226199388504,0.035669226199388504,0.04075007140636444,0.035669226199388504,0.035669226199388504,0.035669226199388504,0.035669226199388504,0.03789450600743294,0.038212526589632034,0.035669226199388504
2018-02-23,0.03570671007037163,0.03570671007037163,0.038550667464733124,0.03704236447811127,0.03630327060818672,0.05145367607474327,0.03570671007037163,0.03570671007037163,0.03570671007037163,0.03570671007037163,0.03570671007037163,0.03570671007037163,0.03964121267199516,0.03570671007037163,0.03699039667844772,0.03570671007037163,0.03570671007037163,0.03570671007037163,0.03570671007037163,0.04170781001448631,0.03570671007037163,0.03570671007037163,0.03570671007037163,0.03570671007037163,0.0369204618036747,0.03866935893893242,0.03570671007037163
2018-02-26,0.035414282232522964,0.035414282232522964,0.03571321815252304,0.035414282232522964,0.03649776801466942,0.055169105529785156,0.035414282232522964,0.035414282232522964,0.035414282232522964,0.035414282232522964,0.035414282232522964,0.035414282232522964,0.04269542917609215,0.03957739472389221,0.035414282232522964,0.035414282232522964,0.035414282232522964,0.03686242550611496,0.035414282232522964,0.03924556076526642,0.035416677594184875,0.035414282232522964,0.035414282232522964,0.035414282232522964,0.04006325080990791,0.03671647235751152,0.035414282232522964
2018-02-27,0.03568718582391739,0.03568718582391739,0.03579748421907425,0.03568718582391739,0.037109341472387314,0.047344863414764404,0.03568718582391739,0.03568718582391739,0.03568718582391739,0.03568718582391739,0.03568718582391739,0.03568718582391739,0.044134221971035004,0.040643900632858276,0.03568718582391739,0.03568718582391739,0.03568718582391739,0.03592851758003235,0.03568718582391739,0.04197883605957031,0.036352165043354034,0.03568718582391739,0.03568718582391739,0.03568718582391739,0.038341302424669266,0.03568718582391739,0.03568718582391739
2018-02-28,0.0353669598698616,0.0353669598698616,0.03759843483567238,0.0353669598698616,0.037483252584934235,0.047873761504888535,0.0353669598698616,0.0353669598698616,0.0353669598698616,0.0353669598698616,0.0353669598698616,0.0353669598698616,0.04275122284889221,0.042297884821891785,0.0353669598698616,0.0353669598698616,0.0353669598698616,0.03848689794540405,0.0353669598698616,0.040595680475234985,0.03669709712266922,0.0353669598698616,0.0353669598698616,0.035749293863773346,0.03922812640666962,0.0353669598698616,0.0353669598698616
2018-03-01,0.035459429025650024,0.035459429025650024,0.037003565579652786,0.035459429025650024,0.03568211570382118,0.05263847857713699,0.035459429025650024,0.035459429025650024,0.035459429025650024,0.035459429025650024,0.035459429025650024,0.035459429025650024,0.043104905635118484,0.03917680308222771,0.035459429025650024,0.035459429025650024,0.035459429025650024,0.037853747606277466,0.035459429025650024,0.03874129056930542,0.035459429025650024,0.035459429025650024,0.035459429025650024,0.035459429025650024,0.040546853095293045,0.0369824580848217,0.035459429025650024
2018-03-02,0.035189446061849594,0.035189446061849594,0.0421605259180069,0.04444299265742302,0.03957492858171463,0.040445346385240555,0.035189446061849594,0.035189446061849594,0.03609486669301987,0.035189446061849594,0.035189446061849594,0.035189446061849594,0.035189446061849594,0.035189446061849594,0.04134855791926384,0.035189446061849594,0.035189446061849594,0.035189446061849594,0.035189446061849594,0.04325715824961662,0.035189446061849594,0.035189446061849594,0.035189446061849594,0.035189446061849594,0.03713326156139374,0.04213234782218933,0.035189446061849594
2018-03-05,0.03498897701501846,0.03498897701501846,0.04075855389237404,0.04596555978059769,0.04063522815704346,0.039025142788887024,0.03498897701501846,0.03498897701501846,0.03803933784365654,0.03498897701501846,0.03498897701501846,0.03498897701501846,0.03498897701501846,0.03498897701501846,0.04151599854230881,0.03498897701501846,0.03498897701501846,0.03498897701501846,0.03498897701501846,0.04534592851996422,0.03498897701501846,0.03498897701501846,0.03498897701501846,0.03498897701501846,0.036052264273166656,0.042860351502895355,0.03498897701501846
2018-03-06,0.03521163761615753,0.03521163761615753,0.04289664700627327,0.04159317538142204,0.04045258089900017,0.04292374104261398,0.03521163761615753,0.03521163761615753,0.03521163761615753,0.03521163761615753,0.03521163761615753,0.03521163761615753,0.03521163761615753,0.03521163761615753,0.03949393704533577,0.03521163761615753,0.03521163761615753,0.03521163761615753,0.03521163761615753,0.043609071522951126,0.03539053350687027,0.03521163761615753,0.03521163761615753,0.03521163761615753,0.03809773176908493,0.04173307493329048,0.03521163761615753
2018-03-07,0.035392019897699356,0.035392019897699356,0.04318651184439659,0.03602009639143944,0.04342859983444214,0.0406641885638237,0.035392019897699356,0.035392019897699356,0.035392019897699356,0.035392019897699356,0.035527922213077545,0.035392019897699356,0.035392019897699356,0.035392019897699356,0.04068320617079735,0.035392019897699356,0.035392019897699356,0.035392019897699356,0.035392019897699356,0.04524901509284973,0.03573804721236229,0.035392019897699356,0.035392019897699356,0.035392019897699356,0.040335819125175476,0.03750228509306908,0.035392019897699356
2018-03-08,0.03567729890346527,0.03567729890346527,0.04321521520614624,0.03567729890346527,0.040462676435709,0.04281415417790413,0.03567729890346527,0.03567729890346527,0.03567729890346527,0.03567729890346527,0.03567729890346527,0.03567729890346527,0.03667909651994705,0.03567729890346527,0.0387825183570385,0.03567729890346527,0.03567729890346527,0.03567729890346527,0.03567729890346527,0.04326952248811722,0.03567729890346527,0.03567729890346527,0.03567729890346527,0.03567729890346527,0.039431847631931305,0.03747629001736641,0.03567729890346527
2018-03-09,0.03585309907793999,0.0356898233294487,0.040944088250398636,0.0356898233294487,0.037711892277002335,0.04709921032190323,0.0356898233294487,0.0356898233294487,0.0356898233294487,0.0356898233294487,0.0356898233294487,0.0356898233294487,0.03918511047959328,0.03637346252799034,0.037576090544462204,0.0356898233294487,0.0356898233294487,0.0356898233294487,0.0356898233294487,0.04147892817854881,0.0356898233294487,0.0356898233294487,0.0356898233294487,0.0356898233294487,0.040600262582302094,0.03645084798336029,0.0356898233294487
2018-03-12,0.035324472934007645,0.035324472934007645,0.03753414750099182,0.035324472934007645,0.0366935096681118,0.046546753495931625,0.035324472934007645,0.035324472934007645,0.035324472934007645,0.035324472934007645,0.035324472934007645,0.035324472934007645,0.04547366127371788,0.04015778377652168,0.03773539513349533,0.035324472934007645,0.035324472934007645,0.035324472934007645,0.035324472934007645,0.04062478616833687,0.035324472934007645,0.035324472934007645,0.035324472934007645,0.03712189942598343,0.04131436347961426,0.036281656473875046,0.035324472934007645
2018-03-13,0.03542552515864372,0.03542552515864372,0.039397090673446655,0.03542552515864372,0.03797155246138573,0.04595780000090599,0.03542552515864372,0.03542552515864372,0.03542552515864372,0.03542552515864372,0.03542552515864372,0.03542552515864372,0.04285883530974388,0.03943932428956032,0.03740403428673744,0.03542552515864372,0.03542552515864372,0.03542552515864372,0.03542552515864372,0.040456805378198624,0.03542552515864372,0.03542552515864372,0.03542552515864372,0.036169614642858505,0.04268554225564003,0.03542552515864372,0.03542552515864372
2018-03-14,0.035583674907684326,0.035583674907684326,0.038300771266222,0.035583674907684326,0.03803505748510361,0.04443055018782616,0.035583674907684326,0.035583674907684326,0.035583674907684326,0.035583674907684326,0.035583674907684326,0.035583674907684326,0.043421871960163116,0.03739263489842415,0.036617062985897064,0.035583674907684326,0.035583674907684326,0.035583674907684326,0.035583674907684326,0.041470594704151154,0.035583674907684326,0.035583674907684326,0.035583674907684326,0.03846143186092377,0.04077491909265518,0.036172688007354736,0.035583674907684326
2018-03-15,0.0382782444357872,0.0356585793197155,0.040343765169382095,0.0356585793197155,0.03651456907391548,0.0434228889644146,0.0356585793197155,0.0356585793197155,0.035994067788124084,0.0356585793197155,0.0356585793197155,0.0356585793197155,0.039057180285453796,0.03831501677632332,0.0368635393679142,0.0356585793197155,0.0356585793197155,0.0356585793197155,0.0356585793197155,0.04277952387928963,0.036316368728876114,0.0356585793197155,0.0356585793197155,0.037630993872880936,0.03897003456950188,0.03629370778799057,0.0356585793197155
2018-03-16,0.03576892614364624,0.03576892614364624,0.04189423844218254,0.03576892614364624,0.038057997822761536,0.043128177523612976,0.03576892614364624,0.03576892614364624,0.03576892614364624,0.03576892614364624,0.03576892614364624,0.03576892614364624,0.04096207395195961,0.03576892614364624,0.03576892614364624,0.03576892614364624,0.03576892614364624,0.03576892614364624,0.03576892614364624,0.04279825836420059,0.03576892614364624,0.03576892614364624,0.03576892614364624,0.038182493299245834,0.03879384696483612,0.03576892614364624,0.03657335788011551
2018-03-19,0.035684213042259216,0.035807959735393524,0.04337587207555771,0.035684213042259216,0.03673030436038971,0.043092627078294754,0.035684213042259216,0.035684213042259216,0.035684213042259216,0.035684213042259216,0.035684213042259216,0.035684213042259216,0.04250684008002281,0.03597937151789665,0.035684213042259216,0.035684213042259216,0.03637668490409851,0.035684213042259216,0.035684213042259216,0.04125931113958359,0.035684213042259216,0.035684213042259216,0.035684213042259216,0.039839230477809906,0.03648588806390762,0.035684213042259216,0.03759846091270447
2018-03-20,0.03579080104827881,0.03579080104827881,0.03983127698302269,0.03579080104827881,0.03877909108996391,0.042655523866415024,0.03713305667042732,0.03579080104827881,0.03579080104827881,0.03579080104827881,0.03579080104827881,0.03579080104827881,0.037687983363866806,0.03712477907538414,0.03579080104827881,0.03579080104827881,0.037851039320230484,0.03579080104827881,0.03579080104827881,0.04380789399147034,0.03579080104827881,0.03579080104827881,0.03579080104827881,0.03587405011057854,0.040319886058568954,0.03605635091662407,0.0360170379281044
2018-03-21,0.03527314215898514,0.03527314215898514,0.03782061114907265,0.03527314215898514,0.03831005096435547,0.04308034107089043,0.03746204823255539,0.03527314215898514,0.03527314215898514,0.03527314215898514,0.03527314215898514,0.03527314215898514,0.042255621403455734,0.04014291986823082,0.03527314215898514,0.03527314215898514,0.03902041167020798,0.03527314215898514,0.03527314215898514,0.04225204512476921,0.03527314215898514,0.03527314215898514,0.03527314215898514,0.03760898485779762,0.042148083448410034,0.03552863746881485,0.03527314215898514
2018-03-22,0.03533925861120224,0.03533925861120224,0.03721737116575241,0.03533925861120224,0.040249887853860855,0.05020662769675255,0.035401251167058945,0.03533925861120224,0.03533925861120224,0.03533925861120224,0.03533925861120224,0.03533925861120224,0.042002759873867035,0.037285707890987396,0.03533925861120224,0.03533925861120224,0.036016788333654404,0.035725388675928116,0.03533925861120224,0.041110552847385406,0.03533925861120224,0.03533925861120224,0.03533925861120224,0.03644338250160217,0.04203081503510475,0.03543001785874367,0.03612978756427765
2018-03-23,0.03511624410748482,0.03511624410748482,0.03808639571070671,0.043295662850141525,0.04107990860939026,0.04254532605409622,0.03511624410748482,0.03511624410748482,0.03512993082404137,0.03511624410748482,0.03511624410748482,0.03787698224186897,0.03511624410748482,0.03511624410748482,0.03511624410748482,0.03511624410748482,0.03511624410748482,0.03511624410748482,0.03511624410748482,0.045359544456005096,0.03960896283388138,0.03511624410748482,0.03554995730519295,0.03511624410748482,0.037771210074424744,0.03768730163574219,0.03926512971520424
2018-03-26,0.03515489026904106,0.03515489026904106,0.03515489026904106,0.04256754368543625,0.03515489026904106,0.042261429131031036,0.03601287677884102,0.03552326560020447,0.03515489026904106,0.0367678627371788,0.03515489026904106,0.043903179466724396,0.04106359928846359,0.03515489026904106,0.03515489026904106,0.03515489026904106,0.03515489026904106,0.03515489026904106,0.03515489026904106,0.03984702751040459,0.03515489026904106,0.04007996246218681,0.038563989102840424,0.03515489026904106,0.03515489026904106,0.03515489026904106,0.04093097895383835
2018-03-27,0.035361431539058685,0.035361431539058685,0.035361431539058685,0.042942021042108536,0.03759535774588585,0.04151327162981033,0.03572999686002731,0.035361431539058685,0.035361431539058685,0.035361431539058685,0.035361431539058685,0.039935752749443054,0.042001187801361084,0.035361431539058685,0.035361431539058685,0.035361431539058685,0.035361431539058685,0.035361431539058685,0.035361431539058685,0.04372941330075264,0.035361431539058685,0.03764684125781059,0.03641406446695328,0.035361431539058685,0.03800250217318535,0.035361431539058685,0.038706645369529724
2018-03-28,0.03504330292344093,0.03570697084069252,0.03504330292344093,0.041325729340314865,0.03504330292344093,0.039939869195222855,0.03693106025457382,0.03702109679579735,0.03504330292344093,0.03712889179587364,0.03504330292344093,0.043956492096185684,0.04256802052259445,0.03504330292344093,0.03504330292344093,0.03504330292344093,0.03504330292344093,0.03504330292344093,0.03504330292344093,0.04062327370047569,0.035123247653245926,0.040028125047683716,0.037550438195466995,0.03504330292344093,0.03504330292344093,0.03504330292344093,0.0414905771613121
2018-03-29,0.035292189568281174,0.0398663692176342,0.035292189568281174,0.041894856840372086,0.035292189568281174,0.03831891715526581,0.035292189568281174,0.04189418628811836,0.035292189568281174,0.03738539293408394,0.035292189568281174,0.04001906141638756,0.038236815482378006,0.035292189568281174,0.03613431006669998,0.035292189568281174,0.035292189568281174,0.035292189568281174,0.035292189568281174,0.04028690233826637,0.035331301391124725,0.03793910890817642,0.038085516542196274,0.035890091210603714,0.035292189568281174,0.03648563101887703,0.03872532397508621
2018-04-02,0.035296279937028885,0.03987979516386986,0.035296279937028885,0.04181058704853058,0.035296279937028885,0.03838697075843811,0.035296279937028885,0.041855111718177795,0.035296279937028885,0.037293557077646255,0.035296279937028885,0.04001065716147423,0.03830884397029877,0.035296279937028885,0.03618618845939636,0.035296279937028885,0.035296279937028885,0.035296279937028885,0.035296279937028885,0.04028085991740227,0.03532979637384415,0.037888795137405396,0.0380716398358345,0.03592875227332115,0.035296279937028885,0.036509931087493896,0.03870314732193947
2018-04-03,0.034892380237579346,0.0359635204076767,0.034892380237579346,0.04235905036330223,0.034892380237579346,0.04043089598417282,0.0359945073723793,0.03731118142604828,0.034892380237579346,0.03667403757572174,0.034892380237579346,0.04486287757754326,0.043046317994594574,0.034892380237579346,0.034892380237579346,0.034892380237579346,0.034892380237579346,0.034892380237579346,0.034892380237579346,0.039730507880449295,0.0350150428712368,0.03995441272854805,0.03793260455131531,0.034892380237579346,0.034892380237579346,0.034892380237579346,0.042231734842061996
2018-04-04,0.035084616392850876,0.03715085610747337,0.035084616392850876,0.04070805013179779,0.035084616392850876,0.040361061692237854,0.03633207455277443,0.03824593499302864,0.035084616392850876,0.03756370022892952,0.035084616392850876,0.04286133497953415,0.04200061783194542,0.035084616392850876,0.03560876473784447,0.035084616392850876,0.035084616392850876,0.035084616392850876,0.035084616392850876,0.041454434394836426,0.035835981369018555,0.038600027561187744,0.03712339699268341,0.035084616392850876,0.035084616392850876,0.035084616392850876,0.04005372151732445
2018-04-05,0.03573045879602432,0.03723137825727463,0.03705000877380371,0.03719065338373184,0.03573045879602432,0.04114899784326553,0.03573045879602432,0.03986570984125137,0.03573045879602432,0.03629777580499649,0.03573045879602432,0.041240788996219635,0.03997110202908516,0.03573045879602432,0.03734855353832245,0.03573045879602432,0.035743098706007004,0.03573045879602432,0.03573045879602432,0.039178382605314255,0.03573045879602432,0.03733251988887787,0.03573045879602432,0.03618256747722626,0.03573045879602432,0.03573045879602432,0.03972252830862999
2018-04-06,0.035461120307445526,0.03762991726398468,0.03685547411441803,0.035461120307445526,0.035461120307445526,0.0440407432615757,0.035461120307445526,0.035461120307445526,0.035461120307445526,0.035461120307445526,0.035461120307445526,0.04287071153521538,0.040933139622211456,0.04269421473145485,0.035461120307445526,0.035461120307445526,0.035461120307445526,0.035461120307445526,0.035461120307445526,0.035461120307445526,0.035461120307445526,0.035461120307445526,0.035461120307445526,0.04086801037192345,0.035461120307445526,0.035461120307445526,0.04034648835659027
2018-04-09,0.03586212918162346,0.03739243373274803,0.037284307181835175,0.037185389548540115,0.03586212918162346,0.04046906903386116,0.03586212918162346,0.03964497894048691,0.03586212918162346,0.03611261025071144,0.03586212918162346,0.04115144535899162,0.039587028324604034,0.03586212918162346,0.037295542657375336,0.03586212918162346,0.035888295620679855,0.03586212918162346,0.03586212918162346,0.039282068610191345,0.03586212918162346,0.0367710255086422,0.03586212918162346,0.0362212210893631,0.03586212918162346,0.03586212918162346,0.039506930857896805
2018-04-10,0.03598184138536453,0.03695540502667427,0.03598184138536453,0.03598184138536453,0.03598184138536453,0.04228390380740166,0.03598184138536453,0.03598184138536453,0.03598184138536453,0.03598184138536453,0.03598184138536453,0.041354868561029434,0.042148616164922714,0.03700479120016098,0.03598184138536453,0.03598184138536453,0.03598184138536453,0.03598184138536453,0.03598184138536453,0.03841913118958473,0.03598184138536453,0.03598184138536453,0.03682529553771019,0.03914359211921692,0.03598184138536453,0.03598184138536453,0.038191258907318115
2018-04-11,0.03542138636112213,0.03542138636112213,0.04335756227374077,0.03542138636112213,0.03620987758040428,0.04206038638949394,0.03542138636112213,0.03542138636112213,0.03542138636112213,0.03542138636112213,0.03542138636112213,0.03822055086493492,0.03968508914113045,0.040553588420152664,0.03542138636112213,0.03542138636112213,0.03542138636112213,0.03542138636112213,0.03633452206850052,0.03542138636112213,0.03542138636112213,0.03542138636112213,0.03542138636112213,0.042708687484264374,0.03542138636112213,0.03542138636112213,0.0432848297059536
2018-04-12,0.036079440265893936,0.036390822380781174,0.038607776165008545,0.036079440265893936,0.036193251609802246,0.03961145132780075,0.036079440265893936,0.036079440265893936,0.036079440265893936,0.036079440265893936,0.036079440265893936,0.04140649735927582,0.0425877645611763,0.03653671592473984,0.036232441663742065,0.036079440265893936,0.036079440265893936,0.036079440265893936,0.036079440265893936,0.039687905460596085,0.036079440265893936,0.036079440265893936,0.03626929223537445,0.037612978368997574,0.036079440265893936,0.036079440265893936,0.037671517580747604
2018-04-13,0.03490833938121796,0.038073595613241196,0.037459880113601685,0.03490833938121796,0.03490833938121796,0.048867117613554,0.03490833938121796,0.03490833938121796,0.03490833938121796,0.03490833938121796,0.03490833938121796,0.03888287395238876,0.046192556619644165,0.044824954122304916,0.03490833938121796,0.03490833938121796,0.03490833938121796,0.03490833938121796,0.03490833938121796,0.03490833938121796,0.03490833938121796,0.03490833938121796,0.03490833938121796,0.043926846235990524,0.03490833938121796,0.03490833938121796,0.038513705134391785
2018-04-16,0.03522332012653351,0.03562990576028824,0.03713264316320419,0.03522332012653351,0.03522332012653351,0.04726685956120491,0.03522332012653351,0.03522332012653351,0.03522332012653351,0.03522332012653351,0.03522332012653351,0.03826924413442612,0.047896914184093475,0.043806470930576324,0.03522332012653351,0.03522332012653351,0.03522332012653351,0.03522332012653351,0.03561710938811302,0.03522332012653351,0.03522332012653351,0.03522332012653351,0.03522332012653351,0.04302501678466797,0.03522332012653351,0.03522332012653351,0.0373360812664032
2018-04-17,0.036791834980249405,0.036349907517433167,0.040970057249069214,0.03512050211429596,0.03512050211429596,0.04499271884560585,0.03512050211429596,0.03512050211429596,0.03512050211429596,0.03512050211429596,0.03512050211429596,0.03512050211429596,0.04619769752025604,0.04656214639544487,0.03532186895608902,0.03512050211429596,0.03580135107040405,0.03512050211429596,0.03514888882637024,0.03512050211429596,0.03512050211429596,0.03512050211429596,0.03512050211429596,0.04481500759720802,0.03512050211429596,0.03512050211429596,0.03512050211429596
2018-04-18,0.04393646493554115,0.03635378181934357,0.040348540991544724,0.03441857174038887,0.03441857174038887,0.04624729976058006,0.03441857174038887,0.03441857174038887,0.03441857174038887,0.03441857174038887,0.03441857174038887,0.03441857174038887,0.0422961451113224,0.04959820583462715,0.03503457084298134,0.03441857174038887,0.03606276959180832,0.03441857174038887,0.03441857174038887,0.0381593331694603,0.03552812337875366,0.03441857174038887,0.03441857174038887,0.04231772571802139,0.03441857174038887,0.03441857174038887,0.03783844783902168
2018-04-19,0.04421196132898331,0.0380561500787735,0.036516621708869934,0.034347254782915115,0.034347254782915115,0.04694358631968498,0.034347254782915115,0.034347254782915115,0.034347254782915115,0.034347254782915115,0.034347254782915115,0.034347254782915115,0.041393592953681946,0.05388067290186882,0.03473120555281639,0.034347254782915115,0.03497203439474106,0.03500458598136902,0.034347254782915115,0.040054839104413986,0.03599132224917412,0.034347254782915115,0.034347254782915115,0.04113033041357994,0.034347254782915115,0.034347254782915115,0.0362514927983284
2018-04-20,0.03525003790855408,0.03499148413538933,0.03876211494207382,0.03499148413538933,0.03499148413538933,0.044172752648591995,0.03499148413538933,0.03499148413538933,0.03499148413538933,0.03499148413538933,0.03499148413538933,0.03552768751978874,0.04565516486763954,0.0483136810362339,0.03499148413538933,0.03499148413538933,0.04094687104225159,0.03499148413538933,0.03717397525906563,0.03530341014266014,0.03499148413538933,0.03499148413538933,0.03499148413538933,0.03855019435286522,0.03499148413538933,0.03671467676758766,0.038757119327783585
2018-04-23,0.035315774381160736,0.035315774381160736,0.03912347927689552,0.035315774381160736,0.03554260730743408,0.04770643636584282,0.035315774381160736,0.035315774381160736,0.035315774381160736,0.035315774381160736,0.035315774381160736,0.03875874727964401,0.04678928107023239,0.042170200496912,0.03534267097711563,0.035315774381160736,0.039305754005908966,0.03661041706800461,0.035315774381160736,0.035315774381160736,0.035315774381160736,0.035315774381160736,0.035315774381160736,0.035315774381160736,0.035315774381160736,0.03693206608295441,0.0366659015417099
2018-04-24,0.035233013331890106,0.03833210468292236,0.035233013331890106,0.03669016808271408,0.035233013331890106,0.045697420835494995,0.035233013331890106,0.035233013331890106,0.035233013331890106,0.035233013331890106,0.035233013331890106,0.038445018231868744,0.048415657132864,0.03744673728942871,0.036861177533864975,0.035233013331890106,0.03581846132874489,0.035233013331890106,0.035233013331890106,0.03626876696944237,0.035233013331890106,0.035233013331890106,0.03613894805312157,0.0355154424905777,0.035233013331890106,0.04560122266411781,0.035506702959537506
2018-04-25,0.03573912754654884,0.03870578482747078,0.0382625088095665,0.03573912754654884,0.03573912754654884,0.03905792906880379,0.03573912754654884,0.03573912754654884,0.03573912754654884,0.03573912754654884,0.03573912754654884,0.04020683094859123,0.03951038420200348,0.04092521592974663,0.03573912754654884,0.03573912754654884,0.037923190742731094,0.03573912754654884,0.03776860237121582,0.0360354445874691,0.03573912754654884,0.03573912754654884,0.035928696393966675,0.039870258420705795,0.03573912754654884,0.03752310574054718,0.03793421387672424
2018-04-26,0.03570404276251793,0.036383070051670074,0.03684065118432045,0.04058324545621872,0.03570404276251793,0.03980591148138046,0.03634829819202423,0.03941426798701286,0.03570404276251793,0.03570404276251793,0.03570404276251793,0.03756345435976982,0.04026291146874428,0.03570404276251793,0.036214910447597504,0.03570404276251793,0.03570404276251793,0.03570404276251793,0.03570404276251793,0.03834236040711403,0.03570404276251793,0.03819912672042847,0.03570404276251793,0.038963232189416885,0.03570404276251793,0.03776395320892334,0.03916207700967789
2018-04-27,0.03560618311166763,0.03702845796942711,0.03867951035499573,0.03560618311166763,0.03560618311166763,0.04009336978197098,0.03560618311166763,0.03560618311166763,0.03560618311166763,0.03560618311166763,0.03560618311166763,0.0380021333694458,0.04033071920275688,0.045962732285261154,0.03560618311166763,0.03560618311166763,0.03679845854640007,0.035679351538419724,0.03647724539041519,0.0367940254509449,0.03560618311166763,0.03560618311166763,0.03560618311166763,0.040822722017765045,0.03560618311166763,0.03560618311166763,0.0392385758459568
2018-04-30,0.03533133864402771,0.03929093852639198,0.03859943896532059,0.03533133864402771,0.03533133864402771,0.04153298959136009,0.03533133864402771,0.03533133864402771,0.03533133864402771,0.03533133864402771,0.03533133864402771,0.039372768253088,0.04211622104048729,0.04300015792250633,0.03533133864402771,0.03533133864402771,0.03835856541991234,0.035482145845890045,0.03533133864402771,0.03533133864402771,0.03533133864402771,0.03533133864402771,0.03533133864402771,0.04096266254782677,0.03533133864402771,0.038915980607271194,0.037066735327243805
2018-05-01,0.03530271723866463,0.0354246124625206,0.04039200767874718,0.03587700426578522,0.040204957127571106,0.0409407913684845,0.03530271723866463,0.03530271723866463,0.03530271723866463,0.03530271723866463,0.03530271723866463,0.03765103593468666,0.037604618817567825,0.0416867658495903,0.03530271723866463,0.03530271723866463,0.04447326064109802,0.03530271723866463,0.03530271723866463,0.04108349606394768,0.03530271723866463,0.03530271723866463,0.03530271723866463,0.03530271723866463,0.03530271723866463,0.037672314792871475,0.037448421120643616
2018-05-02,0.03572642430663109,0.037751469761133194,0.03576989471912384,0.044570405036211014,0.03880663216114044,0.037959735840559006,0.03572642430663109,0.03572642430663109,0.03572642430663109,0.03572642430663109,0.03572642430663109,0.04263017699122429,0.0367787703871727,0.03572642430663109,0.03572642430663109,0.03572642430663109,0.03572642430663109,0.03572642430663109,0.03572642430663109,0.04224222153425217,0.03572642430663109,0.03572642430663109,0.03917570784687996,0.03572642430663109,0.03572642430663109,0.03601720556616783,0.036674950271844864
2018-05-03,0.03591413050889969,0.03591413050889969,0.03591413050889969,0.046913255006074905,0.037349727004766464,0.03725917264819145,0.03592190891504288,0.03591413050889969,0.03591413050889969,0.03591413050889969,0.03591413050889969,0.0375358983874321,0.03635771945118904,0.03662462532520294,0.03591413050889969,0.03591413050889969,0.03679786995053291,0.03591413050889969,0.03591413050889969,0.047590531408786774,0.03652903810143471,0.03591413050889969,0.03591413050889969,0.03591413050889969,0.0364079587161541,0.03600038215517998,0.03591413050889969
2018-05-04,0.03561416640877724,0.03561416640877724,0.03580407425761223,0.049346923828125,0.038672059774398804,0.03561416640877724,0.036375463008880615,0.03561416640877724,0.03561416640877724,0.03561416640877724,0.03561416640877724,0.03834940120577812,0.03561416640877724,0.03561416640877724,0.03561416640877724,0.03561416640877724,0.03606485202908516,0.03561416640877724,0.03561416640877724,0.04718562588095665,0.03669755905866623,0.03561416640877724,0.036065127700567245,0.03561416640877724,0.03684534132480621,0.03561416640877724,0.03876686841249466
2018-05-07,0.03580126538872719,0.03580126538872719,0.037849992513656616,0.04464533179998398,0.03702986240386963,0.03754450008273125,0.03580126538872719,0.03580126538872719,0.03580126538872719,0.03580126538872719,0.03580126538872719,0.03709864616394043,0.03580126538872719,0.039238885045051575,0.03580126538872719,0.03580126538872719,0.035872962325811386,0.03580126538872719,0.03580126538872719,0.04536280035972595,0.036491118371486664,0.03580126538872719,0.03580126538872719,0.03580126538872719,0.03787963464856148,0.03580126538872719,0.03816605359315872
2018-05-08,0.03525158017873764,0.03525158017873764,0.03525158017873764,0.046211257576942444,0.04649655520915985,0.03525158017873764,0.03525158017873764,0.03525158017873764,0.03525158017873764,0.03525158017873764,0.03525158017873764,0.03525158017873764,0.03525158017873764,0.03525158017873764,0.03525158017873764,0.03525158017873764,0.03525158017873764,0.03525158017873764,0.03525158017873764,0.051215823739767075,0.04128558933734894,0.03525158017873764,0.036568038165569305,0.03525158017873764,0.0370185412466526,0.03617259860038757,0.03525158017873764
2018-05-09,0.03492939472198486,0.03492939472198486,0.03523838892579079,0.04709220305085182,0.04501236230134964,0.035812441259622574,0.03492939472198486,0.03492939472198486,0.036302898079156876,0.03492939472198486,0.03492939472198486,0.03785467892885208,0.03492939472198486,0.03492939472198486,0.03543350100517273,0.03492939472198486,0.03492939472198486,0.03492939472198486,0.03492939472198486,0.04893215373158455,0.03912479057908058,0.03492939472198486,0.03719658777117729,0.03492939472198486,0.0402165912091732,0.03644120693206787,0.036330655217170715
2018-05-10,0.03580344095826149,0.03580344095826149,0.03580344095826149,0.038790199905633926,0.040931180119514465,0.04283612594008446,0.036645885556936264,0.03580344095826149,0.03580344095826149,0.03580344095826149,0.03580344095826149,0.03914397582411766,0.036632344126701355,0.03580344095826149,0.03580344095826149,0.03580344095826149,0.03580344095826149,0.03580344095826149,0.03580344095826149,0.041043721139431,0.037754617631435394,0.03580344095826149,0.03580344095826149,0.03580344095826149,0.041760001331567764,0.03580344095826149,0.03580344095826149
2018-05-11,0.03576865419745445,0.03576865419745445,0.03576865419745445,0.03720064088702202,0.03953876346349716,0.042866822332143784,0.03576865419745445,0.03576865419745445,0.03576865419745445,0.03576865419745445,0.03576865419745445,0.03576865419745445,0.03921876475214958,0.03576865419745445,0.03576865419745445,0.03576865419745445,0.03576865419745445,0.03610151633620262,0.03576865419745445,0.04066358506679535,0.039338935166597366,0.03576865419745445,0.03576865419745445,0.03576865419745445,0.04212629422545433,0.03576865419745445,0.039108820259571075
2018-05-14,0.03593100234866142,0.03593100234866142,0.03593100234866142,0.036357033997774124,0.04273785278201103,0.040787529200315475,0.03593100234866142,0.03593100234866142,0.03593100234866142,0.03593100234866142,0.03593100234866142,0.03593100234866142,0.039595071226358414,0.03593100234866142,0.03593100234866142,0.03593100234866142,0.03593100234866142,0.03593100234866142,0.03593100234866142,0.0439041405916214,0.03886578232049942,0.03593100234866142,0.03593100234866142,0.03593100234866142,0.03913254290819168,0.03593100234866142,0.03593100234866142
2018-05-15,0.035970911383628845,0.035970911383628845,0.03817537799477577,0.035970911383628845,0.0396825447678566,0.04060777649283409,0.035970911383628845,0.035970911383628845,0.035970911383628845,0.035970911383628845,0.035970911383628845,0.035970911383628845,0.03723769634962082,0.04029145836830139,0.035970911383628845,0.035970911383628845,0.035970911383628845,0.035970911383628845,0.035970911383628845,0.046298183500766754,0.03828870877623558,0.035970911383628845,0.035970911383628845,0.035970911383628845,0.035970911383628845,0.035970911383628845,0.035970911383628845
2018-05-16,0.03569407761096954,0.03569407761096954,0.0401366725564003,0.03569407761096954,0.04205785691738129,0.03924174979329109,0.03569407761096954,0.03569407761096954,0.03569407761096954,0.03569407761096954,0.03569407761096954,0.03569407761096954,0.0362311527132988,0.038888633251190186,0.03569407761096954,0.03569407761096954,0.03569407761096954,0.03574828431010246,0.03569407761096954,0.045538272708654404,0.03818085044622421,0.03569407761096954,0.03569407761096954,0.03569407761096954,0.03853101655840874,0.03569407761096954,0.03864622861146927
2018-05-17,0.03565572574734688,0.037442948669195175,0.04052164405584335,0.03565572574734688,0.03804558888077736,0.037752680480480194,0.03565572574734688,0.03565572574734688,0.03565572574734688,0.03565572574734688,0.03565572574734688,0.03565572574734688,0.03657388687133789,0.040662117302417755,0.03565572574734688,0.03565572574734688,0.03670574724674225,0.03565572574734688,0.03565572574734688,0.045220524072647095,0.039246268570423126,0.03565572574734688,0.03565572574734688,0.03565572574734688,0.03565572574734688,0.03663266450166702,0.04070428013801575
2018-05-18,0.03554432466626167,0.035657864063978195,0.03972206264734268,0.03554432466626167,0.03554432466626167,0.04056711122393608,0.03554432466626167,0.03554432466626167,0.03554432466626167,0.03554432466626167,0.03554432466626167,0.03554432466626167,0.04032636061310768,0.0435144267976284,0.03554432466626167,0.03554432466626167,0.03554432466626167,0.03554432466626167,0.03554432466626167,0.04143102839589119,0.038801517337560654,0.03554432466626167,0.03554432466626167,0.03619684278964996,0.03554432466626167,0.03554432466626167,0.043984923511743546
2018-05-21,0.0356842465698719,0.03723382577300072,0.04118593409657478,0.0356842465698719,0.0356842465698719,0.042764175683259964,0.0356842465698719,0.0356842465698719,0.0356842465698719,0.0356842465698719,0.0356842465698719,0.0356842465698719,0.0430387407541275,0.040409136563539505,0.0356842465698719,0.0356842465698719,0.0356842465698719,0.03777366504073143,0.0356842465698719,0.03857770562171936,0.03722091391682625,0.0356842465698719,0.0356842465698719,0.037480901926755905,0.0356842465698719,0.0356842465698719,0.03768278285861015
2018-05-22,0.03862101957201958,0.03700992837548256,0.03981257230043411,0.03545597568154335,0.03545597568154335,0.04024507477879524,0.03545597568154335,0.03545597568154335,0.03545597568154335,0.03545597568154335,0.03545597568154335,0.03545597568154335,0.04302229359745979,0.04271864891052246,0.03683001920580864,0.03545597568154335,0.03545597568154335,0.03885090351104736,0.03545597568154335,0.0382436141371727,0.037124089896678925,0.03545597568154335,0.03545597568154335,0.037975795567035675,0.03545597568154335,0.03545597568154335,0.03770647570490837
2018-05-23,0.03582568094134331,0.03676426783204079,0.04042133316397667,0.03582568094134331,0.03582568094134331,0.04004492610692978,0.03582568094134331,0.03582568094134331,0.03582568094134331,0.03582568094134331,0.03582568094134331,0.03582568094134331,0.04105936363339424,0.042101215571165085,0.036345601081848145,0.03582568094134331,0.03582568094134331,0.039925623685121536,0.03582568094134331,0.04000619798898697,0.03693801164627075,0.03582568094134331,0.03582568094134331,0.03644988685846329,0.03582568094134331,0.03582568094134331,0.036732714623212814
2018-05-24,0.03585798665881157,0.03687390685081482,0.04052013158798218,0.03585798665881157,0.03585798665881157,0.04051283374428749,0.03585798665881157,0.03585798665881157,0.03585798665881157,0.03585798665881157,0.03585798665881157,0.03585798665881157,0.04126788675785065,0.041163764894008636,0.03678176552057266,0.03585798665881157,0.03585798665881157,0.04000415652990341,0.03585798665881157,0.03986983001232147,0.036491166800260544,0.03585798665881157,0.03585798665881157,0.03629966452717781,0.03585798665881157,0.03585798665881157,0.036487169563770294
2018-05-25,0.03591862693428993,0.03591862693428993,0.03855432569980621,0.03591862693428993,0.036595214158296585,0.040338318794965744,0.03591862693428993,0.03591862693428993,0.03591862693428993,0.03591862693428993,0.03591862693428993,0.03591862693428993,0.042242493480443954,0.03994602710008621,0.03785838186740875,0.03591862693428993,0.03591862693428993,0.04008842259645462,0.03591862693428993,0.04113619774580002,0.03591862693428993,0.03591862693428993,0.03591862693428993,0.036705322563648224,0.03591862693428993,0.03591862693428993,0.03591862693428993
2018-05-29,0.035871945321559906,0.03575456887483597,0.037638723850250244,0.03575456887483597,0.03802269324660301,0.04343661293387413,0.03575456887483597,0.03575456887483597,0.03575456887483597,0.03575456887483597,0.03575456887483597,0.03575456887483597,0.0406167209148407,0.039928335696458817,0.03807603940367699,0.03575456887483597,0.03575456887483597,0.03676675632596016,0.03575456887483597,0.044499076902866364,0.03628375753760338,0.03575456887483597,0.03575456887483597,0.03575456887483597,0.03575456887483597,0.0367862731218338,0.03575456887483597
2018-05-30,0.04023563861846924,0.03499747812747955,0.03615821525454521,0.036636415868997574,0.03499747812747955,0.04302089661359787,0.03633086010813713,0.03499747812747955,0.03499747812747955,0.03499747812747955,0.03499747812747955,0.03499747812747955,0.044114839285612106,0.040635015815496445,0.03840035945177078,0.03499747812747955,0.03767051920294762,0.03499747812747955,0.03499747812747955,0.04534037038683891,0.03499747812747955,0.03499747812747955,0.03499747812747955,0.036597076803445816,0.03499747812747955,0.03499747812747955,0.0398976132273674
2018-05-31,0.03936544805765152,0.03773675858974457,0.03933398425579071,0.034856025129556656,0.034856025129556656,0.043975088745355606,0.034856025129556656,0.034856025129556656,0.034856025129556656,0.034856025129556656,0.034856025129556656,0.034856025129556656,0.03841661661863327,0.048258014023303986,0.03708156943321228,0.034856025129556656,0.03702985495328903,0.034856025129556656,0.034856025129556656,0.04228147864341736,0.03681878373026848,0.034856025129556656,0.034856025129556656,0.03749251738190651,0.034856025129556656,0.03638727590441704,0.03783829137682915
2018-06-01,0.03759341314435005,0.036841411143541336,0.03858461230993271,0.035068586468696594,0.035068586468696594,0.04753356799483299,0.035068586468696594,0.035068586468696594,0.035068586468696594,0.035068586468696594,0.035068586468696594,0.035068586468696594,0.04102730751037598,0.04483326897025108,0.037412043660879135,0.035068586468696594,0.035291485488414764,0.035068586468696594,0.035068586468696594,0.0412820503115654,0.03598958998918533,0.035068586468696594,0.035068586468696594,0.03772002458572388,0.035068586468696594,0.036160364747047424,0.038770660758018494
2018-06-04,0.0354679711163044,0.03718936815857887,0.03990516439080238,0.03527389466762543,0.038973547518253326,0.04632044956088066,0.03527389466762543,0.03527389466762543,0.03557050600647926,0.03527389466762543,0.03527389466762543,0.03527389466762543,0.03817625716328621,0.041365399956703186,0.03701326996088028,0.03527389466762543,0.03527389466762543,0.03527389466762543,0.03527389466762543,0.04370032995939255,0.037165358662605286,0.03527389466762543,0.03527389466762543,0.03527389466762543,0.03527389466762543,0.03880378603935242,0.036514054983854294
2018-06-05,0.03695787489414215,0.03774278238415718,0.0412583090364933,0.03525056689977646,0.03989437222480774,0.042650848627090454,0.03525056689977646,0.03525056689977646,0.03525056689977646,0.03525056689977646,0.03525056689977646,0.03525056689977646,0.036693572998046875,0.04356727749109268,0.03525056689977646,0.03525056689977646,0.03525056689977646,0.0369117334485054,0.03525056689977646,0.04456396773457527,0.039511147886514664,0.03525056689977646,0.03525056689977646,0.03525056689977646,0.03525056689977646,0.03525056689977646,0.03623903542757034
2018-06-06,0.036724839359521866,0.03858182951807976,0.040822602808475494,0.035256873816251755,0.03979996591806412,0.03995417430996895,0.035256873816251755,0.035256873816251755,0.035256873816251755,0.035256873816251755,0.035256873816251755,0.035256873816251755,0.035256873816251755,0.04710160940885544,0.035439882427453995,0.035256873816251755,0.035256873816251755,0.03900252282619476,0.035256873816251755,0.04361483082175255,0.03879064321517944,0.035256873816251755,0.035256873816251755,0.035256873816251755,0.035256873816251755,0.03605714440345764,0.035256873816251755
2018-06-07,0.03696739301085472,0.03883569687604904,0.0434662327170372,0.03495057299733162,0.04162595421075821,0.04144186154007912,0.03495057299733162,0.03495057299733162,0.03495057299733162,0.03495057299733162,0.03495057299733162,0.03495057299733162,0.03495057299733162,0.04703862965106964,0.03495057299733162,0.03495057299733162,0.03495057299733162,0.03658120334148407,0.03495057299733162,0.04342590644955635,0.04026574641466141,0.03495057299733162,0.03495057299733162,0.03495057299733162,0.03495057299733162,0.03495057299733162,0.036191727966070175
2018-06-08,0.040813591331243515,0.03962883725762367,0.04303998872637749,0.03456595540046692,0.037277333438396454,0.04164336621761322,0.03456595540046692,0.03456595540046692,0.03456595540046692,0.03456595540046692,0.03456595540046692,0.03456595540046692,0.03456595540046692,0.04881598427891731,0.034807223826646805,0.03456595540046692,0.03456595540046692,0.03700723871588707,0.03456595540046692,0.0452326163649559,0.041894614696502686,0.03456595540046692,0.03456595540046692,0.03456595540046692,0.03456595540046692,0.035149142146110535,0.03620072454214096
2018-06-11,0.03890085592865944,0.03953917324542999,0.045007407665252686,0.03520313650369644,0.03986259549856186,0.037640202790498734,0.03520313650369644,0.03520313650369644,0.03520313650369644,0.03520313650369644,0.03520313650369644,0.03520313650369644,0.03520313650369644,0.04621724411845207,0.03603751212358475,0.03520313650369644,0.03520313650369644,0.036193083971738815,0.03520313650369644,0.0411815382540226,0.039115142077207565,0.03520313650369644,0.03520313650369644,0.03520313650369644,0.03520313650369644,0.037055086344480515,0.03520313650369644
2018-06-12,0.039513856172561646,0.03728165104985237,0.048228535801172256,0.03508622944355011,0.03856617957353592,0.03821999952197075,0.03508622944355011,0.03508622944355011,0.03508622944355011,0.03508622944355011,0.03508622944355011,0.03508622944355011,0.03508622944355011,0.04918238893151283,0.03572237864136696,0.03508622944355011,0.03508622944355011,0.03508622944355011,0.03508622944355011,0.04102107137441635,0.038711994886398315,0.03508622944355011,0.03508622944355011,0.03508622944355011,0.03508622944355011,0.03708600252866745,0.03508622944355011
2018-06-13,0.04021059721708298,0.03593459352850914,0.04493654891848564,0.035422757267951965,0.03626064211130142,0.03777952492237091,0.035422757267951965,0.035422757267951965,0.035422757267951965,0.035422757267951965,0.035422757267951965,0.035422757267951965,0.035430531948804855,0.04694637283682823,0.03607010841369629,0.035422757267951965,0.03576451912522316,0.035422757267951965,0.035422757267951965,0.043541695922613144,0.03949759528040886,0.035422757267951965,0.035422757267951965,0.035422757267951965,0.035422757267951965,0.03628594055771828,0.035422757267951965
2018-06-14,0.03843376412987709,0.03651823103427887,0.041166145354509354,0.03518860787153244,0.03530646488070488,0.04221834987401962,0.03518860787153244,0.03518860787153244,0.03518860787153244,0.03518860787153244,0.03518860787153244,0.03518860787153244,0.03554350510239601,0.047660768032073975,0.03518860787153244,0.03518860787153244,0.03518860787153244,0.03688095510005951,0.03518860787153244,0.04457717761397362,0.04348829388618469,0.03518860787153244,0.03518860787153244,0.03518860787153244,0.03518860787153244,0.03518860787153244,0.03518860787153244
2018-06-15,0.03804558888077736,0.03719708323478699,0.04152778536081314,0.035075973719358444,0.035075973719358444,0.04306771233677864,0.035075973719358444,0.035075973719358444,0.035075973719358444,0.035075973719358444,0.035075973719358444,0.035075973719358444,0.035075973719358444,0.045753251761198044,0.035075973719358444,0.035075973719358444,0.035075973719358444,0.03865805268287659,0.035075973719358444,0.04432307183742523,0.044983938336372375,0.035075973719358444,0.035075973719358444,0.035075973719358444,0.035075973719358444,0.035075973719358444,0.035075973719358444
2018-06-18,0.03849820792675018,0.03518425673246384,0.04703023284673691,0.04250628873705864,0.03805246949195862,0.03677891194820404,0.03518425673246384,0.03518425673246384,0.03518425673246384,0.03518425673246384,0.03520437330007553,0.03518425673246384,0.03518425673246384,0.036875735968351364,0.038703907281160355,0.03518425673246384,0.03518425673246384,0.03616178408265114,0.03518425673246384,0.04530320689082146,0.041936762630939484,0.03518425673246384,0.03518425673246384,0.03518425673246384,0.03518425673246384,0.03518425673246384,0.03518425673246384
2018-06-19,0.03719887509942055,0.03541520610451698,0.04308023676276207,0.04548854008316994,0.036185283213853836,0.04121227562427521,0.03541520610451698,0.03541520610451698,0.03541520610451698,0.03541520610451698,0.03541520610451698,0.03541520610451698,0.03601573035120964,0.03541520610451698,0.038304246962070465,0.03541520610451698,0.03541520610451698,0.03541520610451698,0.03541520610451698,0.0436294749379158,0.037470437586307526,0.03541520610451698,0.037062086164951324,0.03541520610451698,0.03541520610451698,0.03667811304330826,0.036446645855903625
2018-06-20,0.0370572991669178,0.03685091808438301,0.03852583467960358,0.044765789061784744,0.04336858168244362,0.03525214269757271,0.03525214269757271,0.03525214269757271,0.03525214269757271,0.03525214269757271,0.03525214269757271,0.03525214269757271,0.03525214269757271,0.03525214269757271,0.03896450623869896,0.03525214269757271,0.03525214269757271,0.03525214269757271,0.03525214269757271,0.04762766510248184,0.0370933897793293,0.03525214269757271,0.037161994725465775,0.03525214269757271,0.03525214269757271,0.03840728849172592,0.036142535507678986
2018-06-21,0.03815630450844765,0.03671916201710701,0.04124853014945984,0.042038120329380035,0.043403852730989456,0.03550874441862106,0.03540118783712387,0.03540118783712387,0.03658490255475044,0.03573780134320259,0.03540118783712387,0.03540118783712387,0.03540118783712387,0.03540118783712387,0.040168892592191696,0.03540118783712387,0.03540118783712387,0.03540118783712387,0.03540118783712387,0.046322621405124664,0.03679785132408142,0.03540118783712387,0.03540118783712387,0.03540118783712387,0.03540118783712387,0.036295391619205475,0.03540118783712387
2018-06-22,0.03954160213470459,0.035954076796770096,0.040424831211566925,0.04201974719762802,0.04650992900133133,0.035443808883428574,0.03506416454911232,0.03506416454911232,0.03709404543042183,0.03506416454911232,0.03506416454911232,0.03506416454911232,0.03506416454911232,0.03506416454911232,0.03819674625992775,0.03506416454911232,0.03604482486844063,0.03506416454911232,0.03506416454911232,0.04703406244516373,0.03835185244679451,0.03506416454911232,0.03506416454911232,0.03506416454911232,0.03506416454911232,0.03506416454911232,0.037422023713588715
2018-06-25,0.04120516777038574,0.03506401181221008,0.04299693927168846,0.039220914244651794,0.04306476563215256,0.03506401181221008,0.03506401181221008,0.03506401181221008,0.03506401181221008,0.03506401181221008,0.03506401181221008,0.03506401181221008,0.03506401181221008,0.03506401181221008,0.03799687698483467,0.03506401181221008,0.03881535679101944,0.03754917532205582,0.03506401181221008,0.04519601911306381,0.03790311887860298,0.03506401181221008,0.03506401181221008,0.03506401181221008,0.03506401181221008,0.03506401181221008,0.039963461458683014
2018-06-26,0.03971600532531738,0.03656911104917526,0.0418558306992054,0.041150059551000595,0.03803268447518349,0.035191308706998825,0.035191308706998825,0.03837624192237854,0.035191308706998825,0.035191308706998825,0.035191308706998825,0.035191308706998825,0.035191308706998825,0.035191308706998825,0.040999483317136765,0.035191308706998825,0.03800110146403313,0.035191308706998825,0.035191308706998825,0.04390046373009682,0.03563092648983002,0.035254694521427155,0.035191308706998825,0.035191308706998825,0.035191308706998825,0.03773420304059982,0.04010085389018059
2018-06-27,0.04081260412931442,0.037054453045129776,0.0419238805770874,0.039349447935819626,0.03789972513914108,0.03536984696984291,0.03536984696984291,0.037893712520599365,0.03536984696984291,0.03536984696984291,0.03536984696984291,0.03536984696984291,0.03536984696984291,0.03536984696984291,0.0394165925681591,0.03536984696984291,0.038568295538425446,0.03572732210159302,0.03536984696984291,0.043538663536310196,0.03715190291404724,0.03536984696984291,0.03536984696984291,0.03536984696984291,0.03536984696984291,0.03536984696984291,0.04011571407318115
2018-06-28,0.04505620151758194,0.03511449322104454,0.040741048753261566,0.03710491582751274,0.03511449322104454,0.03932206332683563,0.03511449322104454,0.04070752486586571,0.03511449322104454,0.03511449322104454,0.03511449322104454,0.03511449322104454,0.03903887793421745,0.03896380960941315,0.03879682719707489,0.03511449322104454,0.03667834401130676,0.03511449322104454,0.03511449322104454,0.03883438557386398,0.0360029861330986,0.03610653802752495,0.03511449322104454,0.03511449322104454,0.03511449322104454,0.03511449322104454,0.041043564677238464
2018-06-29,0.04059670493006706,0.03561357408761978,0.04151982069015503,0.03953107073903084,0.03561357408761978,0.03694666177034378,0.03561357408761978,0.03771026059985161,0.03561357408761978,0.03561357408761978,0.03561357408761978,0.03561357408761978,0.0391436405479908,0.035680871456861496,0.038878392428159714,0.03561357408761978,0.03750014305114746,0.03561357408761978,0.03561357408761978,0.04236731305718422,0.03561357408761978,0.03561357408761978,0.03561357408761978,0.03561357408761978,0.03561357408761978,0.03617653623223305,0.03974482789635658
2018-07-02,0.04324458912014961,0.04242764413356781,0.04040437564253807,0.03542998433113098,0.03542998433113098,0.038717787712812424,0.03542998433113098,0.03722809627652168,0.03542998433113098,0.03542998433113098,0.03542998433113098,0.03666509687900543,0.03622861206531525,0.038641974329948425,0.03834938257932663,0.03542998433113098,0.03542998433113098,0.03542998433113098,0.03542998433113098,0.03779367357492447,0.03542998433113098,0.03542998433113098,0.03542998433113098,0.03874155133962631,0.03542998433113098,0.036093804985284805,0.03944370150566101
2018-07-03,0.03611881658434868,0.036812976002693176,0.04137984290719032,0.04052843898534775,0.03562634810805321,0.036680590361356735,0.03562634810805321,0.038860730826854706,0.03562634810805321,0.036887820810079575,0.03562634810805321,0.035862065851688385,0.03793051466345787,0.03562634810805321,0.042613305151462555,0.03562634810805321,0.03562634810805321,0.03562634810805321,0.03562634810805321,0.03968781232833862,0.03562634810805321,0.03674117848277092,0.03742779418826103,0.03652612864971161,0.03562634810805321,0.038035064935684204,0.03601706773042679
2018-07-05,0.039917606860399246,0.03829733282327652,0.03942032530903816,0.03580000251531601,0.03580000251531601,0.03953636437654495,0.03580000251531601,0.038678836077451706,0.03580000251531601,0.03580000251531601,0.03580000251531601,0.03580000251531601,0.03738410770893097,0.03671446815133095,0.039618901908397675,0.03580000251531601,0.03580000251531601,0.03580000251531601,0.03580000251531601,0.03961121663451195,0.03580000251531601,0.03580000251531601,0.03632586449384689,0.03848500922322273,0.03580000251531601,0.03808398172259331,0.03672594204545021
2018-07-06,0.04257245734333992,0.040160179138183594,0.03989148139953613,0.035426996648311615,0.035426996648311615,0.038279298692941666,0.035426996648311615,0.03994261100888252,0.035426996648311615,0.035426996648311615,0.035426996648311615,0.035426996648311615,0.036911360919475555,0.03739115595817566,0.04007786884903908,0.035426996648311615,0.035426996648311615,0.03608762100338936,0.035426996648311615,0.03934898599982262,0.038395367562770844,0.035426996648311615,0.035426996648311615,0.038243331015110016,0.035426996648311615,0.035426996648311615,0.036720260977745056
2018-07-09,0.041857942938804626,0.03759457916021347,0.04302051663398743,0.03735940158367157,0.035824671387672424,0.03655721992254257,0.03530285134911537,0.03592989221215248,0.03530285134911537,0.03530285134911537,0.03530285134911537,0.03530285134911537,0.03898095339536667,0.03530285134911537,0.04233222454786301,0.03530285134911537,0.03530285134911537,0.03530285134911537,0.03530285134911537,0.04376237466931343,0.03743525221943855,0.03530285134911537,0.037550076842308044,0.03576359897851944,0.03530285134911537,0.03698732331395149,0.03540971875190735
2018-07-10,0.03843459486961365,0.04156625270843506,0.04267766699194908,0.03537137433886528,0.03575170040130615,0.03887644782662392,0.03537137433886528,0.03934192657470703,0.03567942976951599,0.03537137433886528,0.03537137433886528,0.03537137433886528,0.03776029497385025,0.036162812262773514,0.038356296718120575,0.03537137433886528,0.03537137433886528,0.03705008327960968,0.03537137433886528,0.039866626262664795,0.038217801600694656,0.03537137433886528,0.03537137433886528,0.03937165439128876,0.03537137433886528,0.03642992302775383,0.03537137433886528
2018-07-11,0.03631719946861267,0.042466890066862106,0.04530719295144081,0.0350395143032074,0.0350395143032074,0.041344549506902695,0.0350395143032074,0.03672579675912857,0.0350395143032074,0.035097379237413406,0.0350395143032074,0.0350395143032074,0.042345695197582245,0.040105629712343216,0.03595597296953201,0.0350395143032074,0.0350395143032074,0.03827882930636406,0.03585580736398697,0.0350395143032074,0.0350395143032074,0.0350395143032074,0.0350395143032074,0.04294992610812187,0.0350395143032074,0.035141363739967346,0.03659400716423988
2018-07-12,0.03712807595729828,0.0367756187915802,0.044846754521131516,0.03610594943165779,0.035503461956977844,0.03736645728349686,0.035503461956977844,0.04016493260860443,0.035503461956977844,0.035503461956977844,0.035503461956977844,0.035503461956977844,0.036851443350315094,0.04001220315694809,0.04124857857823372,0.035503461956977844,0.035503461956977844,0.035503461956977844,0.035503461956977844,0.038245122879743576,0.035747066140174866,0.035503461956977844,0.035503461956977844,0.04042176902294159,0.035503461956977844,0.03703591972589493,0.03650505095720291
2018-07-13,0.03527240827679634,0.038717616349458694,0.04448193311691284,0.035994984209537506,0.03527240827679634,0.04054222255945206,0.03527240827679634,0.03837297111749649,0.03610888496041298,0.03527240827679634,0.03527240827679634,0.03527240827679634,0.04008963331580162,0.040498632937669754,0.039244670420885086,0.03527240827679634,0.03527240827679634,0.03527240827679634,0.03527240827679634,0.0355168841779232,0.036297813057899475,0.03527240827679634,0.036519262939691544,0.037845466285943985,0.03527240827679634,0.04122771695256233,0.03527240827679634
2018-07-16,0.045334625989198685,0.036569930613040924,0.04492343217134476,0.03442902863025665,0.03442902863025665,0.03695239499211311,0.03442902863025665,0.035612404346466064,0.034760065376758575,0.03442902863025665,0.03442902863025665,0.03442902863025665,0.03641381114721298,0.047952182590961456,0.03840315341949463,0.03442902863025665,0.035750050097703934,0.03442902863025665,0.03442902863025665,0.03842417150735855,0.03622961789369583,0.03442902863025665,0.03476715087890625,0.04057621955871582,0.03442902863025665,0.03653703257441521,0.04207444563508034
2018-07-17,0.03741650655865669,0.03630313277244568,0.046746544539928436,0.03530115261673927,0.03854581341147423,0.038633640855550766,0.03530115261673927,0.03530115261673927,0.038579508662223816,0.03530115261673927,0.03530115261673927,0.03530115261673927,0.036755599081516266,0.03971819952130318,0.038827888667583466,0.03530115261673927,0.03530115261673927,0.03530115261673927,0.035334691405296326,0.036405790597200394,0.03591977804899216,0.03530115261673927,0.037334050983190536,0.03749324008822441,0.03530115261673927,0.042371850460767746,0.03530115261673927
2018-07-18,0.03707007318735123,0.03644178807735443,0.04582252353429794,0.035341255366802216,0.03801051527261734,0.039454687386751175,0.035341255366802216,0.035341255366802216,0.037688128650188446,0.035341255366802216,0.035341255366802216,0.035341255366802216,0.03778064623475075,0.04168576002120972,0.038180846720933914,0.035341255366802216,0.035341255366802216,0.035341255366802216,0.03561846539378166,0.036018699407577515,0.03589695692062378,0.035341255366802216,0.03676098957657814,0.03775918856263161,0.035341255366802216,0.04171573370695114,0.035341255366802216
2018-07-19,0.03537345677614212,0.03687127307057381,0.045534469187259674,0.03537345677614212,0.03825598582625389,0.04026850312948227,0.03537345677614212,0.03537345677614212,0.03537345677614212,0.03537345677614212,0.03537345677614212,0.03537345677614212,0.03777052462100983,0.04577577859163284,0.03653629124164581,0.03537345677614212,0.036707907915115356,0.03537345677614212,0.03597167879343033,0.035901449620723724,0.036662757396698,0.03537345677614212,0.03537345677614212,0.03626528009772301,0.03537345677614212,0.042249664664268494,0.03537345677614212
2018-07-20,0.040530458092689514,0.035185497254133224,0.043516941368579865,0.03610282018780708,0.037985652685165405,0.04195975139737129,0.035185497254133224,0.035185497254133224,0.035185497254133224,0.035185497254133224,0.035185497254133224,0.035185497254133224,0.036736391484737396,0.046448610723018646,0.035185497254133224,0.035185497254133224,0.035185497254133224,0.035185497254133224,0.035185497254133224,0.042169224470853806,0.039110831916332245,0.035185497254133224,0.035185497254133224,0.035185497254133224,0.035185497254133224,0.03728581592440605,0.035185497254133224
2018-07-23,0.0406079925596714,0.03516751155257225,0.03903313726186752,0.03766918554902077,0.035799771547317505,0.04044356197118759,0.03516751155257225,0.03516751155257225,0.03516751155257225,0.03516751155257225,0.03516751155257225,0.03516751155257225,0.03516751155257225,0.04804295301437378,0.03692010045051575,0.03516751155257225,0.03516751155257225,0.037675611674785614,0.03516751155257225,0.04359443485736847,0.04109944775700569,0.03516751155257225,0.03516751155257225,0.03516751155257225,0.03516751155257225,0.03643359616398811,0.03516751155257225
2018-07-24,0.035889241844415665,0.03557366877794266,0.03950410708785057,0.03557366877794266,0.03721396625041962,0.04109269380569458,0.03557366877794266,0.03557366877794266,0.03557366877794266,0.03557366877794266,0.03557366877794266,0.03557366877794266,0.04156549647450447,0.046741873025894165,0.03557366877794266,0.03557366877794266,0.03557366877794266,0.037791792303323746,0.03557366877794266,0.03961559012532234,0.03751193732023239,0.03557366877794266,0.03557366877794266,0.03557366877794266,0.0360538475215435,0.03557366877794266,0.037840794771909714
2018-07-25,0.03560701012611389,0.03560701012611389,0.042138755321502686,0.03560701012611389,0.037358738481998444,0.0425928458571434,0.03560701012611389,0.03560701012611389,0.03560701012611389,0.03560701012611389,0.03560701012611389,0.03560701012611389,0.03845744580030441,0.045936424285173416,0.03560701012611389,0.03560701012611389,0.03560701012611389,0.039677154272794724,0.03560701012611389,0.03856388479471207,0.03578556701540947,0.03560701012611389,0.03560701012611389,0.03560701012611389,0.03560701012611389,0.03560701012611389,0.038563087582588196
2018-07-26,0.03543988615274429,0.03543988615274429,0.046188320964574814,0.03543988615274429,0.039267078042030334,0.04339328408241272,0.03543988615274429,0.03543988615274429,0.03543988615274429,0.03543988615274429,0.03543988615274429,0.03543988615274429,0.04119882732629776,0.0416315458714962,0.037810519337654114,0.03543988615274429,0.036786921322345734,0.03543988615274429,0.03573252633213997,0.03543988615274429,0.03543988615274429,0.03543988615274429,0.03543988615274429,0.037398818880319595,0.03543988615274429,0.03811408951878548,0.03543988615274429
2018-07-27,0.035334501415491104,0.035308588296175,0.046768397092819214,0.035308588296175,0.0370754599571228,0.041501667350530624,0.035308588296175,0.035308588296175,0.035308588296175,0.035308588296175,0.035308588296175,0.035308588296175,0.03983702138066292,0.04492085799574852,0.03782618045806885,0.035308588296175,0.038409654051065445,0.035308588296175,0.03617977350950241,0.03559160232543945,0.035308588296175,0.035308588296175,0.035308588296175,0.03693518415093422,0.035308588296175,0.03999090567231178,0.035308588296175
2018-07-30,0.03500876575708389,0.03500876575708389,0.045386988669633865,0.03500876575708389,0.03500876575708389,0.04290395230054855,0.03500876575708389,0.03500876575708389,0.03500876575708389,0.03500876575708389,0.03500876575708389,0.03500876575708389,0.043272145092487335,0.04946906864643097,0.03615937754511833,0.03500876575708389,0.04244167357683182,0.035117778927087784,0.03793694078922272,0.03500876575708389,0.03500876575708389,0.0364745631814003,0.03500876575708389,0.03531123325228691,0.03500876575708389,0.035386063158512115,0.03500876575708389
2018-07-31,0.03531557694077492,0.03531557694077492,0.04624836519360542,0.03531557694077492,0.03531557694077492,0.04027660936117172,0.03531557694077492,0.03531557694077492,0.03531557694077492,0.03531557694077492,0.03531557694077492,0.03531557694077492,0.04419132322072983,0.046823278069496155,0.03531557694077492,0.03531557694077492,0.0384066216647625,0.03531557694077492,0.036204587668180466,0.03531557694077492,0.03632593899965286,0.03605049103498459,0.03531557694077492,0.03638279438018799,0.03531557694077492,0.03531557694077492,0.03872518986463547
2018-08-01,0.03470054641366005,0.03567074239253998,0.047432322055101395,0.03470054641366005,0.03470054641366005,0.04207524657249451,0.03470054641366005,0.03470054641366005,0.03470054641366005,0.03470054641366005,0.03470054641366005,0.03470054641366005,0.046114638447761536,0.04539940878748894,0.03470054641366005,0.03470054641366005,0.03621761500835419,0.03470054641366005,0.03688575699925423,0.03470054641366005,0.03513217717409134,0.03583145514130592,0.03470054641366005,0.03888625279068947,0.03470054641366005,0.03772813826799393,0.04211791604757309
2018-08-02,0.03819158673286438,0.034670691937208176,0.04885914549231529,0.034670691937208176,0.034670691937208176,0.0425884984433651,0.034670691937208176,0.034670691937208176,0.034670691937208176,0.034670691937208176,0.034670691937208176,0.034670691937208176,0.040174368768930435,0.05107910558581352,0.034670691937208176,0.034670691937208176,0.03918967768549919,0.034670691937208176,0.037087857723236084,0.03481043502688408,0.03540397807955742,0.034670691937208176,0.034670691937208176,0.035401903092861176,0.034670691937208176,0.03694812208414078,0.04020490124821663
2018-08-03,0.04049281030893326,0.03556261956691742,0.04715690761804581,0.034497588872909546,0.034497588872909546,0.04332956299185753,0.03596091642975807,0.03454063460230827,0.034497588872909546,0.034497588872909546,0.034497588872909546,0.034497588872909546,0.03765687718987465,0.0523616187274456,0.03899747505784035,0.034497588872909546,0.0357317179441452,0.034497588872909546,0.034497588872909546,0.03489231318235397,0.03681711107492447,0.0345345064997673,0.034497588872909546,0.03826524689793587,0.034497588872909546,0.03684605285525322,0.037380021065473557
2018-08-06,0.04162650555372238,0.0350315123796463,0.047296926379203796,0.03467411920428276,0.03467411920428276,0.040871184319257736,0.0348600409924984,0.03469167649745941,0.03467411920428276,0.03467411920428276,0.03467411920428276,0.03467411920428276,0.03699905797839165,0.05429317429661751,0.03833601623773575,0.03467411920428276,0.03649509698152542,0.03467411920428276,0.03467411920428276,0.035479411482810974,0.03768713027238846,0.03467411920428276,0.03467411920428276,0.03715869039297104,0.03467411920428276,0.035360950976610184,0.03772317245602608
2018-08-07,0.04001814126968384,0.034968797117471695,0.047613877803087234,0.034968797117471695,0.034968797117471695,0.03998145833611488,0.034968797117471695,0.034968797117471695,0.034968797117471695,0.034968797117471695,0.034968797117471695,0.034968797117471695,0.03879477456212044,0.051408134400844574,0.03645667806267738,0.034968797117471695,0.03716116026043892,0.034968797117471695,0.034968797117471695,0.03666623681783676,0.036683544516563416,0.034968797117471695,0.034968797117471695,0.03609057515859604,0.034968797117471695,0.03612342104315758,0.03847008943557739
2018-08-08,0.03788948804140091,0.03476198390126228,0.0492863655090332,0.03476198390126228,0.03476198390126228,0.041018009185791016,0.03476198390126228,0.03476198390126228,0.03476198390126228,0.03476198390126228,0.03476198390126228,0.03476198390126228,0.03959082067012787,0.049377940595149994,0.036125969141721725,0.03476198390126228,0.04033474251627922,0.03476198390126228,0.03571270778775215,0.03476198390126228,0.036136746406555176,0.03476198390126228,0.03476198390126228,0.03723083809018135,0.03476198390126228,0.03780477121472359,0.038061901926994324
2018-08-09,0.03614206239581108,0.03535034880042076,0.045226722955703735,0.0368223674595356,0.03520696610212326,0.04020215943455696,0.03520696610212326,0.036828577518463135,0.03520696610212326,0.03520696610212326,0.03520696610212326,0.03520696610212326,0.0363900288939476,0.049853939563035965,0.03520696610212326,0.03520696610212326,0.0377161018550396,0.03520696610212326,0.036679528653621674,0.036454010754823685,0.03725636750459671,0.03520696610212326,0.03520696610212326,0.03622234985232353,0.03520696610212326,0.04063324257731438,0.035738516598939896
2018-08-10,0.03524884954094887,0.035728827118873596,0.04384864494204521,0.0360286682844162,0.03524884954094887,0.04014751687645912,0.03524884954094887,0.03830132260918617,0.03524884954094887,0.03524884954094887,0.03524884954094887,0.03524884954094887,0.039831891655921936,0.04825805127620697,0.03652586787939072,0.03524884954094887,0.03679845482110977,0.03524884954094887,0.03707391768693924,0.03524884954094887,0.03559894487261772,0.03524884954094887,0.03524884954094887,0.03893512487411499,0.03524884954094887,0.03943885490298271,0.03524884954094887
2018-08-13,0.0355752669274807,0.03797994926571846,0.04395587369799614,0.037417586892843246,0.03515852242708206,0.04097653552889824,0.03515852242708206,0.04051830619573593,0.03530998155474663,0.03515852242708206,0.03515852242708206,0.03515852242708206,0.03515852242708206,0.04394926875829697,0.03969370946288109,0.03515852242708206,0.03515852242708206,0.03515852242708206,0.03610086813569069,0.03644823282957077,0.03905889764428139,0.03515852242708206,0.03515852242708206,0.0383736714720726,0.03515852242708206,0.03758106753230095,0.03515852242708206
2018-08-14,0.037195783108472824,0.036485277116298676,0.045046839863061905,0.039708711206912994,0.035389553755521774,0.037923019379377365,0.035389553755521774,0.041235361248254776,0.03802929446101189,0.036590538918972015,0.035389553755521774,0.035389553755521774,0.035389553755521774,0.03955235332250595,0.039480872452259064,0.035389553755521774,0.035389553755521774,0.035389553755521774,0.03637384995818138,0.037386953830718994,0.03589155897498131,0.035389553755521774,0.035515036433935165,0.03855705261230469,0.035389553755521774,0.03574240580201149,0.035389553755521774
2018-08-15,0.03705114498734474,0.03677736222743988,0.04439166933298111,0.038559913635253906,0.03521547466516495,0.03847562149167061,0.03521547466516495,0.040019042789936066,0.038430117070674896,0.03521547466516495,0.03521547466516495,0.03521547466516495,0.03521547466516495,0.04023938253521919,0.040888089686632156,0.03521547466516495,0.03521547466516495,0.03521547466516495,0.03603196516633034,0.03748319670557976,0.037290725857019424,0.03521547466516495,0.0367363765835762,0.03813646733760834,0.03521547466516495,0.03690322861075401,0.03521547466516495
2018-08-16,0.037350233644247055,0.03574329614639282,0.04629902541637421,0.0433163158595562,0.044386062771081924,0.034358736127614975,0.0341779887676239,0.03673843666911125,0.03922603279352188,0.035909492522478104,0.03673155978322029,0.0341779887676239,0.0341779887676239,0.03559887781739235,0.03965247422456741,0.0341779887676239,0.038057226687669754,0.0341779887676239,0.0341779887676239,0.04378129169344902,0.038363974541425705,0.0341779887676239,0.035819053649902344,0.0341779887676239,0.0341779887676239,0.036456961184740067,0.034609101712703705
2018-08-17,0.04080837219953537,0.03418021276593208,0.04513360559940338,0.036705318838357925,0.03418021276593208,0.038751836866140366,0.03418021276593208,0.04123298451304436,0.03418021276593208,0.03418021276593208,0.0370270237326622,0.03418021276593208,0.03418021276593208,0.05108925700187683,0.036569319665431976,0.03418021276593208,0.03949593007564545,0.03418021276593208,0.03418021276593208,0.03892277553677559,0.04309104382991791,0.03418021276593208,0.03418021276593208,0.03418021276593208,0.03418021276593208,0.03583698719739914,0.03681252524256706
2018-08-20,0.03645767644047737,0.037780728191137314,0.04491428658366203,0.03596578538417816,0.03481823205947876,0.04084036126732826,0.03481823205947876,0.041167814284563065,0.03481823205947876,0.03481823205947876,0.03481823205947876,0.03481823205947876,0.03659022971987724,0.0472700372338295,0.03999130427837372,0.03481823205947876,0.03589139133691788,0.03481823205947876,0.03481823205947876,0.03481823205947876,0.03924127668142319,0.03481823205947876,0.03481823205947876,0.03787992522120476,0.03481823205947876,0.03855397179722786,0.03481823205947876
2018-08-21,0.035751357674598694,0.037646111100912094,0.04475308582186699,0.035561393946409225,0.036019716411828995,0.040211617946624756,0.03500047326087952,0.03592919185757637,0.03597128018736839,0.03500047326087952,0.03500047326087952,0.03500047326087952,0.038684237748384476,0.0465230755507946,0.03745204955339432,0.03500047326087952,0.036396291106939316,0.03500047326087952,0.03500047326087952,0.0374315083026886,0.036586787551641464,0.03500047326087952,0.03500047326087952,0.03716551139950752,0.03500047326087952,0.04291160777211189,0.03500047326087952
2018-08-22,0.035330645740032196,0.03633669391274452,0.04553232342004776,0.035330645740032196,0.035330645740032196,0.03846997395157814,0.035330645740032196,0.037025611847639084,0.035330645740032196,0.035330645740032196,0.035330645740032196,0.035330645740032196,0.03695719316601753,0.04964686557650566,0.036266155540943146,0.035330645740032196,0.03771926835179329,0.035330645740032196,0.03654163330793381,0.035330645740032196,0.035330645740032196,0.035330645740032196,0.035330645740032196,0.036223649978637695,0.035330645740032196,0.04399032145738602,0.035330645740032196
2018-08-23,0.03490110859274864,0.03594405949115753,0.04309140145778656,0.03490110859274864,0.03490110859274864,0.0398724302649498,0.03490110859274864,0.03932593762874603,0.03490110859274864,0.03490110859274864,0.03490110859274864,0.03490110859274864,0.04092622548341751,0.05182400718331337,0.03754252567887306,0.03490110859274864,0.03712950646877289,0.03490110859274864,0.0355621837079525,0.03490110859274864,0.03490110859274864,0.03490110859274864,0.03490110859274864,0.03986668586730957,0.03490110859274864,0.040497295558452606,0.03490110859274864
2018-08-24,0.035232607275247574,0.03713132068514824,0.042126286774873734,0.035232607275247574,0.035232607275247574,0.040061645209789276,0.035232607275247574,0.03703375905752182,0.035232607275247574,0.035232607275247574,0.035232607275247574,0.035232607275247574,0.039761774241924286,0.04703076556324959,0.039230961352586746,0.035232607275247574,0.035805217921733856,0.03571112081408501,0.035232607275247574,0.036174386739730835,0.035654570907354355,0.035232607275247574,0.035232607275247574,0.03733950853347778,0.035232607275247574,0.043682195246219635,0.035232607275247574
2018-08-27,0.03672723472118378,0.03673297166824341,0.04341272637248039,0.035268377512693405,0.035268377512693405,0.03862590715289116,0.035268377512693405,0.03636080399155617,0.03543955832719803,0.035268377512693405,0.035268377512693405,0.035268377512693405,0.036467719823122025,0.049733586609363556,0.0374075286090374,0.035268377512693405,0.03722674027085304,0.035268377512693405,0.035268377512693405,0.03690418601036072,0.036193571984767914,0.035268377512693405,0.035268377512693405,0.03609517961740494,0.035268377512693405,0.044183433055877686,0.035268377512693405
2018-08-28,0.0353594608604908,0.03620317578315735,0.04538246989250183,0.0353594608604908,0.0353594608604908,0.038276687264442444,0.0353594608604908,0.037044089287519455,0.0353594608604908,0.0353594608604908,0.0353594608604908,0.0353594608604908,0.03669954463839531,0.04989327862858772,0.03632614016532898,0.0353594608604908,0.03782283142209053,0.0353594608604908,0.03637917712330818,0.0353594608604908,0.0353594608604908,0.0353594608604908,0.0353594608604908,0.03607762232422829,0.0353594608604908,0.04414356127381325,0.0353594608604908
2018-08-29,0.03542787581682205,0.03542787581682205,0.048320185393095016,0.03542787581682205,0.03628735989332199,0.03717630356550217,0.03542787581682205,0.03598344698548317,0.03542787581682205,0.03542787581682205,0.03542787581682205,0.03542787581682205,0.03542787581682205,0.049891043454408646,0.03542787581682205,0.03542787581682205,0.038713790476322174,0.03542787581682205,0.03817996755242348,0.03542787581682205,0.03542787581682205,0.03542787581682205,0.03542787581682205,0.03546035289764404,0.03542787581682205,0.042285751551389694,0.03542787581682205
2018-08-30,0.03839336708188057,0.03516816720366478,0.04876134917140007,0.03516816720366478,0.04016381874680519,0.03845379129052162,0.03516816720366478,0.03516816720366478,0.03587857261300087,0.03516816720366478,0.03582694008946419,0.03516816720366478,0.03516816720366478,0.04984794557094574,0.03516816720366478,0.03516816720366478,0.037893928587436676,0.03516816720366478,0.03516816720366478,0.037120331078767776,0.035930465906858444,0.03516816720366478,0.03516816720366478,0.03516816720366478,0.03527633845806122,0.0388948991894722,0.03520391508936882
2018-08-31,0.04076423868536949,0.03480348363518715,0.04609745368361473,0.03480348363518715,0.04016619548201561,0.039002228528261185,0.03480348363518715,0.03480348363518715,0.03772501274943352,0.03480348363518715,0.03480348363518715,0.03480348363518715,0.03480348363518715,0.04997466132044792,0.03480348363518715,0.03480348363518715,0.037618238478899,0.03480348363518715,0.03480348363518715,0.03917085751891136,0.037234481424093246,0.03480348363518715,0.03480348363518715,0.03480348363518715,0.03539064899086952,0.038844987750053406,0.035958774387836456
2018-09-04,0.04012431204319,0.03394974023103714,0.04489345848560333,0.03725648298859596,0.04156698286533356,0.03675555810332298,0.03394974023103714,0.03394974023103714,0.03555310145020485,0.03394974023103714,0.03882286697626114,0.03394974023103714,0.03394974023103714,0.04639863967895508,0.035142526030540466,0.03394974023103714,0.04215577617287636,0.03394974023103714,0.03394974023103714,0.04551803320646286,0.03753817453980446,0.03394974023103714,0.03394974023103714,0.03394974023103714,0.036557719111442566,0.04000034183263779,0.034319136291742325
2018-09-05,0.03848179429769516,0.03412764519453049,0.04497045651078224,0.036948345601558685,0.04081810638308525,0.039280299097299576,0.03412764519453049,0.03412764519453049,0.03420759737491608,0.03412764519453049,0.03829474374651909,0.03412764519453049,0.03412764519453049,0.04437027499079704,0.03650972992181778,0.03412764519453049,0.03967723995447159,0.03412764519453049,0.03412764519453049,0.04358610138297081,0.037183232605457306,0.03412764519453049,0.03412764519453049,0.03412764519453049,0.0411662757396698,0.04084644466638565,0.03412764519453049
2018-09-06,0.03843402862548828,0.035135041922330856,0.040860071778297424,0.035135041922330856,0.0380609892308712,0.04150811582803726,0.035135041922330856,0.035135041922330856,0.035135041922330856,0.035135041922330856,0.038527317345142365,0.035135041922330856,0.03653494641184807,0.04741603881120682,0.0354776494204998,0.035135041922330856,0.035135041922330856,0.0363679863512516,0.035135041922330856,0.04207881912589073,0.03550153598189354,0.035135041922330856,0.035135041922330856,0.036861952394247055,0.04039669781923294,0.035218242555856705,0.035135041922330856
2018-09-07,0.03834119439125061,0.03539060056209564,0.04135667160153389,0.03539060056209564,0.036539673805236816,0.039800550788640976,0.03539060056209564,0.0356789231300354,0.03539060056209564,0.03539060056209564,0.03831426799297333,0.03539060056209564,0.03588554635643959,0.048208676278591156,0.03620670735836029,0.03539060056209564,0.03539060056209564,0.03629883751273155,0.03539060056209564,0.04093064367771149,0.03787771984934807,0.03539060056209564,0.03539060056209564,0.03539060056209564,0.03691471740603447,0.03756808862090111,0.03539060056209564
2018-09-10,0.03696230426430702,0.03555896878242493,0.04047011584043503,0.037405237555503845,0.03555896878242493,0.03948063403367996,0.03555896878242493,0.03604776784777641,0.03555896878242493,0.03555896878242493,0.04183575138449669,0.03555896878242493,0.03762920945882797,0.04370155557990074,0.03555896878242493,0.03555896878242493,0.03555896878242493,0.03700964152812958,0.03555896878242493,0.03890354558825493,0.03555896878242493,0.03555896878242493,0.03555896878242493,0.0370776392519474,0.03771865740418434,0.037932395935058594,0.03555896878242493
2018-09-11,0.04137051850557327,0.035370901226997375,0.03886451944708824,0.037739623337984085,0.034798745065927505,0.04086504876613617,0.034798745065927505,0.03576751425862312,0.0359157957136631,0.034798745065927505,0.034798745065927505,0.034798745065927505,0.03735969960689545,0.04604760929942131,0.03717077523469925,0.034798745065927505,0.034798745065927505,0.035966768860816956,0.034798745065927505,0.04255488142371178,0.03977550193667412,0.034798745065927505,0.034798745065927505,0.034798745065927505,0.03708404675126076,0.040561892092227936,0.034798745065927505
2018-09-12,0.03897983208298683,0.03572813794016838,0.040070246905088425,0.0378839373588562,0.035011034458875656,0.04410342499613762,0.0349806472659111,0.03516567870974541,0.03613138198852539,0.0349806472659111,0.0349806472659111,0.0349806472659111,0.03763521462678909,0.042801544070243835,0.037556588649749756,0.0349806472659111,0.0349806472659111,0.0349806472659111,0.0349806472659111,0.03927931189537048,0.03833646699786186,0.0349806472659111,0.0349806472659111,0.0349806472659111,0.03726304695010185,0.04428640753030777,0.0349806472659111
2018-09-13,0.03813507780432701,0.03682229667901993,0.04022132605314255,0.03616900369524956,0.03535095602273941,0.04381602630019188,0.03535095602273941,0.03643008694052696,0.03535095602273941,0.03535095602273941,0.03535095602273941,0.03535095602273941,0.03995704650878906,0.04526268690824509,0.036252908408641815,0.03535095602273941,0.03535095602273941,0.03606044128537178,0.03535095602273941,0.03535095602273941,0.03640468791127205,0.03535095602273941,0.03535095602273941,0.036017149686813354,0.03535095602273941,0.04353785514831543,0.03535095602273941
2018-09-14,0.03715377673506737,0.03681182861328125,0.04127117618918419,0.03526786342263222,0.03526786342263222,0.04297741875052452,0.03526786342263222,0.03526786342263222,0.03657907247543335,0.03526786342263222,0.03526786342263222,0.03526786342263222,0.04311636462807655,0.04506947845220566,0.03705401346087456,0.03526786342263222,0.03526786342263222,0.03526786342263222,0.03526786342263222,0.036252461373806,0.0363113209605217,0.03526786342263222,0.03526786342263222,0.038287218660116196,0.03526786342263222,0.04009794443845749,0.03526786342263222
2018-09-17,0.03508448228240013,0.037281252443790436,0.04154442250728607,0.03508448228240013,0.03508448228240013,0.0407763309776783,0.03508448228240013,0.03783361613750458,0.03508448228240013,0.03508448228240013,0.03508448228240013,0.03508448228240013,0.043339796364307404,0.04690954089164734,0.0379822701215744,0.03508448228240013,0.03508448228240013,0.035706594586372375,0.035986628383398056,0.03508448228240013,0.03508448228240013,0.03508448228240013,0.03508448228240013,0.03918031230568886,0.03508448228240013,0.04210750386118889,0.03508448228240013
2018-09-18,0.03466784954071045,0.035830818116664886,0.04139818251132965,0.03466784954071045,0.03466784954071045,0.042606137692928314,0.03466784954071045,0.038954682648181915,0.03466784954071045,0.03466784954071045,0.03466784954071045,0.03466784954071045,0.04385598003864288,0.05093653127551079,0.037936367094516754,0.03466784954071045,0.035442061722278595,0.03466784954071045,0.035928886383771896,0.03466784954071045,0.03466784954071045,0.035235434770584106,0.03466784954071045,0.04132158309221268,0.03466784954071045,0.040535613894462585,0.03466784954071045
2018-09-19,0.03465678542852402,0.035397324711084366,0.0413258895277977,0.03465678542852402,0.03465678542852402,0.04332844540476799,0.03465678542852402,0.03810391575098038,0.03465678542852402,0.03465678542852402,0.03465678542852402,0.03465678542852402,0.04423711076378822,0.050483595579862595,0.037901993840932846,0.03465678542852402,0.03540085628628731,0.03465678542852402,0.03597673773765564,0.03465678542852402,0.03465678542852402,0.035973116755485535,0.03465678542852402,0.04124825447797775,0.03465678542852402,0.0407709926366806,0.03465678542852402
2018-09-20,0.035068776458501816,0.038381051272153854,0.04355072230100632,0.035068776458501816,0.035068776458501816,0.040815357118844986,0.035068776458501816,0.03583931922912598,0.035068776458501816,0.035068776458501816,0.035068776458501816,0.035068776458501816,0.0429706797003746,0.047834400087594986,0.037159908562898636,0.035068776458501816,0.036436840891838074,0.036928899586200714,0.035068776458501816,0.035068776458501816,0.035068776458501816,0.035068776458501816,0.035068776458501816,0.03820990398526192,0.035068776458501816,0.040772419422864914,0.035068776458501816
2018-09-21,0.035346340388059616,0.03764989599585533,0.04608199745416641,0.03513870760798454,0.03513870760798454,0.04617742821574211,0.03513870760798454,0.03513870760798454,0.03513870760798454,0.03513870760798454,0.03513870760798454,0.03513870760798454,0.04177948087453842,0.04410262405872345,0.03513870760798454,0.03513870760798454,0.03593657910823822,0.03612684831023216,0.03513870760798454,0.03513870760798454,0.03903177008032799,0.03513870760798454,0.03513870760798454,0.03732569143176079,0.03513870760798454,0.035716861486434937,0.037643928080797195
2018-09-24,0.03515523299574852,0.03934044390916824,0.04377204179763794,0.03515523299574852,0.03515523299574852,0.042719338089227676,0.03515523299574852,0.03524816408753395,0.03515523299574852,0.03515523299574852,0.03515523299574852,0.03515523299574852,0.04280531033873558,0.04595308005809784,0.03647926449775696,0.03515523299574852,0.03515523299574852,0.037287745624780655,0.035520464181900024,0.03515523299574852,0.03515523299574852,0.03515523299574852,0.03515523299574852,0.03887429088354111,0.03515523299574852,0.03951609507203102,0.03515523299574852
2018-09-25,0.0350869745016098,0.039375580847263336,0.04029235616326332,0.0350869745016098,0.0350869745016098,0.04598719999194145,0.0350869745016098,0.0350869745016098,0.0350869745016098,0.0350869745016098,0.0350869745016098,0.0350869745016098,0.050679005682468414,0.040902361273765564,0.0350869745016098,0.0350869745016098,0.0353083610534668,0.03565575182437897,0.0350869745016098,0.0350869745016098,0.037369780242443085,0.0350869745016098,0.0350869745016098,0.04041261970996857,0.0350869745016098,0.03732356056571007,0.03530189022421837
2018-09-26,0.0352550745010376,0.04138574376702309,0.04053916782140732,0.0352550745010376,0.0352550745010376,0.0427054837346077,0.0352550745010376,0.0352550745010376,0.0352550745010376,0.0352550745010376,0.0352550745010376,0.0352550745010376,0.047746505588293076,0.03884747996926308,0.0352550745010376,0.0352550745010376,0.0352550745010376,0.03577813506126404,0.03547640144824982,0.0352550745010376,0.03637298569083214,0.0352550745010376,0.0352550745010376,0.04095085710287094,0.0352550745010376,0.03656667470932007,0.03954937681555748
2018-09-27,0.03511465713381767,0.04000776261091232,0.03973378986120224,0.03511465713381767,0.03511465713381767,0.04691711813211441,0.03511465713381767,0.03511465713381767,0.03511465713381767,0.03511465713381767,0.03511465713381767,0.03511465713381767,0.04502146691083908,0.03764345124363899,0.03511465713381767,0.03511465713381767,0.03511465713381767,0.03560763970017433,0.03511465713381767,0.03511465713381767,0.04136129468679428,0.03511465713381767,0.03511465713381767,0.03887217119336128,0.03511465713381767,0.03511465713381767,0.042771466076374054
2018-09-28,0.03537799417972565,0.03946186602115631,0.04074394330382347,0.03537799417972565,0.03537799417972565,0.04231344535946846,0.03537799417972565,0.03537799417972565,0.03537799417972565,0.03537799417972565,0.03537799417972565,0.03537799417972565,0.042953550815582275,0.03710766136646271,0.03537799417972565,0.03537799417972565,0.03537799417972565,0.03537799417972565,0.03537799417972565,0.03733992576599121,0.040658507496118546,0.03537799417972565,0.03537799417972565,0.04018969461321831,0.03537799417972565,0.03537799417972565,0.04242753982543945
2018-10-01,0.03606819361448288,0.04088659957051277,0.03864409402012825,0.035503365099430084,0.035503365099430084,0.04038829728960991,0.035503365099430084,0.035503365099430084,0.035503365099430084,0.035503365099430084,0.035503365099430084,0.035503365099430084,0.04080113396048546,0.03803793713450432,0.035503365099430084,0.035503365099430084,0.035503365099430084,0.03566852584481239,0.035503365099430084,0.042403608560562134,0.04201783984899521,0.035503365099430084,0.035503365099430084,0.0371323898434639,0.035503365099430084,0.035568203777074814,0.03983275964856148
2018-10-02,0.04016236215829849,0.035682663321495056,0.04151929169893265,0.03543982282280922,0.03543982282280922,0.04077371954917908,0.03543982282280922,0.03543982282280922,0.03543982282280922,0.03543982282280922,0.03543982282280922,0.03543982282280922,0.04337003827095032,0.04362796992063522,0.036345720291137695,0.03543982282280922,0.03543982282280922,0.03543982282280922,0.03543982282280922,0.04023772105574608,0.03752194344997406,0.03543982282280922,0.03543982282280922,0.03828155994415283,0.03543982282280922,0.03543982282280922,0.03543982282280922
2018-10-03,0.0386844165623188,0.03601953759789467,0.0405857227742672,0.03531450778245926,0.03531450778245926,0.04315357282757759,0.03531450778245926,0.03531450778245926,0.03531450778245926,0.03531450778245926,0.03531450778245926,0.03531450778245926,0.04644011706113815,0.04508775472640991,0.035330306738615036,0.03531450778245926,0.03531450778245926,0.03531450778245926,0.03531450778245926,0.03849184513092041,0.03665504232048988,0.03531450778245926,0.03531450778245926,0.039205096662044525,0.03531450778245926,0.03531450778245926,0.03531450778245926
2018-10-04,0.03827551379799843,0.03558234125375748,0.042992692440748215,0.03558234125375748,0.03558234125375748,0.04284899681806564,0.03558234125375748,0.03558234125375748,0.03558234125375748,0.03558234125375748,0.03558234125375748,0.03558234125375748,0.04009374603629112,0.04531068727374077,0.03558234125375748,0.03558234125375748,0.03558234125375748,0.03558234125375748,0.03558234125375748,0.03974224627017975,0.03704048693180084,0.03558234125375748,0.03558234125375748,0.03763115033507347,0.03558234125375748,0.03558234125375748,0.03558234125375748
2018-10-05,0.03848472982645035,0.03552262485027313,0.04350225254893303,0.03552262485027313,0.0382225327193737,0.04374563321471214,0.03552262485027313,0.03552262485027313,0.03552262485027313,0.03552262485027313,0.03552262485027313,0.03552262485027313,0.03832820802927017,0.0397137813270092,0.03658381849527359,0.03552262485027313,0.03552262485027313,0.03552262485027313,0.03552262485027313,0.041344817727804184,0.03697771579027176,0.03552262485027313,0.03552262485027313,0.03589463606476784,0.03883984312415123,0.03552262485027313,0.03552262485027313
2018-10-08,0.03887683153152466,0.03890915587544441,0.03901726007461548,0.035720694810152054,0.035720694810152054,0.03583117574453354,0.035720694810152054,0.03788481652736664,0.03815837576985359,0.035720694810152054,0.035720694810152054,0.035720694810152054,0.03812861442565918,0.035720694810152054,0.04194922745227814,0.035720694810152054,0.035720694810152054,0.035720694810152054,0.035720694810152054,0.04028167203068733,0.037565380334854126,0.03697521984577179,0.03580295667052269,0.03809649869799614,0.035720694810152054,0.038153763860464096,0.035720694810152054
2018-10-09,0.038303956389427185,0.040154751390218735,0.03626888617873192,0.03572548180818558,0.03572548180818558,0.03750956058502197,0.03572548180818558,0.03809012100100517,0.03572548180818558,0.03572548180818558,0.03572548180818558,0.03572548180818558,0.039285436272621155,0.03572548180818558,0.03962993249297142,0.03572548180818558,0.03572548180818558,0.0376107320189476,0.03572548180818558,0.04187586158514023,0.03952837362885475,0.03712250292301178,0.03572548180818558,0.03647817298769951,0.03572548180818558,0.036622777581214905,0.03708772733807564
2018-10-10,0.04207424074411392,0.03793473169207573,0.0395737886428833,0.03472340106964111,0.03472340106964111,0.04204603657126427,0.03472340106964111,0.03478296473622322,0.03472340106964111,0.03472340106964111,0.03472340106964111,0.03472340106964111,0.03985048830509186,0.042896486818790436,0.03981804847717285,0.03472340106964111,0.03472340106964111,0.035349030047655106,0.03472340106964111,0.037805814296007156,0.04147753491997719,0.03472340106964111,0.03472340106964111,0.038866378366947174,0.03472340106964111,0.03472340106964111,0.04139682278037071
2018-10-11,0.03535200282931328,0.03535200282931328,0.037296000868082047,0.03871377557516098,0.03535200282931328,0.036787889897823334,0.03771870955824852,0.0404529795050621,0.036021776497364044,0.037323612719774246,0.03535200282931328,0.04267643392086029,0.03872169926762581,0.03535200282931328,0.03901541233062744,0.03535200282931328,0.037483472377061844,0.03535200282931328,0.03535200282931328,0.04002415016293526,0.03535200282931328,0.038312967866659164,0.03781687095761299,0.03535200282931328,0.03535200282931328,0.03535200282931328,0.0374101884663105
2018-10-12,0.03680969029664993,0.035191234201192856,0.03748653456568718,0.04116828367114067,0.035191234201192856,0.03649541735649109,0.03860689699649811,0.038575101643800735,0.035191234201192856,0.03950972482562065,0.035191234201192856,0.03853597491979599,0.04032203555107117,0.035191234201192856,0.03734469786286354,0.035191234201192856,0.03691057488322258,0.035191234201192856,0.035191234201192856,0.03954201564192772,0.03524472936987877,0.03657430037856102,0.03602400794625282,0.035191234201192856,0.035191234201192856,0.035191234201192856,0.04374643415212631
2018-10-15,0.036400798708200455,0.03488480672240257,0.03644626587629318,0.04429842531681061,0.03488480672240257,0.04197835177183151,0.037132930010557175,0.03676571324467659,0.03711491823196411,0.03807304427027702,0.03488480672240257,0.03976675495505333,0.03868388012051582,0.03488480672240257,0.03607979789376259,0.03523315116763115,0.03488480672240257,0.03488480672240257,0.03488480672240257,0.040722109377384186,0.03488480672240257,0.036570608615875244,0.03834714740514755,0.03488480672240257,0.03488480672240257,0.0353865921497345,0.04215152561664581
2018-10-16,0.035960108041763306,0.03491174057126045,0.03585590794682503,0.044709641486406326,0.03491174057126045,0.04008086770772934,0.036909185349941254,0.03624216839671135,0.03937226161360741,0.038190729916095734,0.03491174057126045,0.0407848060131073,0.03875669091939926,0.03491174057126045,0.03596295043826103,0.03491174057126045,0.03491174057126045,0.03491174057126045,0.03491174057126045,0.04260597005486488,0.03491174057126045,0.03561118617653847,0.03813238814473152,0.03491174057126045,0.03491174057126045,0.03491174057126045,0.04188431426882744
2018-10-17,0.04090547189116478,0.035305559635162354,0.04220738261938095,0.03821102902293205,0.035305559635162354,0.03955932334065437,0.035305559635162354,0.03909344598650932,0.035305559635162354,0.035305559635162354,0.035305559635162354,0.035305559635162354,0.03811011090874672,0.03850926086306572,0.03876081109046936,0.035305559635162354,0.035320036113262177,0.035305559635162354,0.035305559635162354,0.04034234955906868,0.035305559635162354,0.035490021109580994,0.03650430962443352,0.0368577316403389,0.035305559635162354,0.03593726456165314,0.04052470996975899
2018-10-18,0.03752537816762924,0.0353279784321785,0.04061073437333107,0.04076770693063736,0.0353279784321785,0.04095153510570526,0.03552631661295891,0.03842559829354286,0.03567223623394966,0.0388396792113781,0.0353279784321785,0.03541562333703041,0.03665316477417946,0.039552975445985794,0.036833345890045166,0.0353279784321785,0.0353279784321785,0.0353279784321785,0.0353279784321785,0.0423690490424633,0.03562524914741516,0.0353279784321785,0.03541222959756851,0.0353279784321785,0.0353279784321785,0.0353279784321785,0.04121135547757149
2018-10-19,0.03555881977081299,0.03836585581302643,0.03819304704666138,0.04312330484390259,0.03555881977081299,0.03559626266360283,0.03555881977081299,0.03832245245575905,0.03844891116023064,0.037245724350214005,0.03555881977081299,0.0389418825507164,0.037709638476371765,0.03555881977081299,0.03794580698013306,0.03555881977081299,0.03555881977081299,0.03555881977081299,0.03555881977081299,0.04190114140510559,0.03555881977081299,0.03555881977081299,0.03660232201218605,0.03555881977081299,0.03555881977081299,0.03650955110788345,0.03882938623428345
2018-10-22,0.03623834624886513,0.03623834624886513,0.042268991470336914,0.03803715109825134,0.03623834624886513,0.03623834624886513,0.03623834624886513,0.040344398468732834,0.03623834624886513,0.03623834624886513,0.03623834624886513,0.03844313696026802,0.036464523524045944,0.03623834624886513,0.03633061796426773,0.03623834624886513,0.03755128011107445,0.03623834624886513,0.03687836602330208,0.03678840771317482,0.03623834624886513,0.03623834624886513,0.03655393794178963,0.03623834624886513,0.03623834624886513,0.03623834624886513,0.040525682270526886
2018-10-23,0.0359853059053421,0.0359853059053421,0.04180166497826576,0.03845717012882233,0.0359853059053421,0.0359853059053421,0.0359853059053421,0.04003336653113365,0.0359853059053421,0.0359853059053421,0.0359853059053421,0.03717202693223953,0.0359853059053421,0.0359853059053421,0.03715004399418831,0.0359853059053421,0.038084015250205994,0.0359853059053421,0.0359853059053421,0.04058508947491646,0.0359853059053421,0.0359853059053421,0.03757109120488167,0.0359853059053421,0.0359853059053421,0.0359853059053421,0.041409995406866074
2018-10-24,0.035911474376916885,0.035911474376916885,0.041458651423454285,0.03905550390481949,0.035911474376916885,0.035911474376916885,0.035911474376916885,0.03797255456447601,0.035911474376916885,0.035911474376916885,0.035911474376916885,0.037650223821401596,0.035911474376916885,0.036596737802028656,0.03849394619464874,0.035911474376916885,0.04017423093318939,0.035911474376916885,0.035911474376916885,0.042656444013118744,0.035911474376916885,0.035911474376916885,0.0387684591114521,0.035911474376916885,0.035911474376916885,0.035911474376916885,0.03667816147208214
2018-10-25,0.03633737564086914,0.03633737564086914,0.03921271488070488,0.037663307040929794,0.03633737564086914,0.03633737564086914,0.03633737564086914,0.04074680805206299,0.03633737564086914,0.03633737564086914,0.03633737564086914,0.04000566899776459,0.037065289914608,0.03633737564086914,0.036865994334220886,0.03633737564086914,0.03807564824819565,0.03633737564086914,0.03633737564086914,0.038815248757600784,0.03633737564086914,0.03633737564086914,0.03747659921646118,0.03633737564086914,0.03633737564086914,0.03633737564086914,0.03633737564086914
2018-10-26,0.03629893437027931,0.03790413215756416,0.03873089700937271,0.037669192999601364,0.03629893437027931,0.03740257769823074,0.03629893437027931,0.03971756622195244,0.03629893437027931,0.03731020912528038,0.03629893437027931,0.03997334465384483,0.03629893437027931,0.03629893437027931,0.03685212880373001,0.03629893437027931,0.03629893437027931,0.03629893437027931,0.03629893437027931,0.03960132971405983,0.03629893437027931,0.03629893437027931,0.03775680437684059,0.03629893437027931,0.03629893437027931,0.03629893437027931,0.03629893437027931
2018-10-29,0.0357876755297184,0.03659029304981232,0.0376911535859108,0.040498796850442886,0.0357876755297184,0.04038670286536217,0.0357876755297184,0.0395532064139843,0.0357876755297184,0.037381965667009354,0.0357876755297184,0.0387767031788826,0.040545251220464706,0.0357876755297184,0.036749888211488724,0.0357876755297184,0.0357876755297184,0.0357876755297184,0.0357876755297184,0.040251389145851135,0.0357876755297184,0.0357876755297184,0.036161988973617554,0.035807009786367416,0.0357876755297184,0.0357876755297184,0.038578279316425323
2018-10-30,0.03580883517861366,0.03577471151947975,0.03649595007300377,0.04010310769081116,0.03577471151947975,0.038340453058481216,0.03577471151947975,0.03955221548676491,0.03577471151947975,0.03577471151947975,0.03577471151947975,0.03925229236483574,0.03891340643167496,0.03577471151947975,0.036040693521499634,0.03577471151947975,0.037390515208244324,0.03577471151947975,0.03577471151947975,0.04352283850312233,0.037986062467098236,0.03577471151947975,0.03577471151947975,0.03577471151947975,0.03577471151947975,0.03577471151947975,0.03997291624546051
2018-10-31,0.03586185723543167,0.0357881560921669,0.03646798059344292,0.040034350007772446,0.035780973732471466,0.038290318101644516,0.035780973732471466,0.0394890196621418,0.035780973732471466,0.035780973732471466,0.035780973732471466,0.0392947643995285,0.03884432092308998,0.035780973732471466,0.036068882793188095,0.035780973732471466,0.037357207387685776,0.035780973732471466,0.035780973732471466,0.04356105625629425,0.03811648115515709,0.035780973732471466,0.035780973732471466,0.035780973732471466,0.035780973732471466,0.035780973732471466,0.03989201411604881
2018-11-01,0.03609870374202728,0.036745090037584305,0.03609870374202728,0.0375542938709259,0.03609870374202728,0.03833068907260895,0.03609870374202728,0.03609870374202728,0.03609870374202728,0.03609870374202728,0.03609870374202728,0.03956947475671768,0.04149901866912842,0.0409049466252327,0.03624070808291435,0.03609870374202728,0.03609870374202728,0.03609870374202728,0.03609870374202728,0.040100883692502975,0.036951106041669846,0.03609870374202728,0.03609870374202728,0.03609870374202728,0.03609870374202728,0.03609870374202728,0.03842584788799286
2018-11-02,0.036930326372385025,0.03852542117238045,0.036207493394613266,0.03624427691102028,0.03583966940641403,0.03920059651136398,0.03583966940641403,0.03592632710933685,0.03583966940641403,0.03583966940641403,0.03583966940641403,0.03822314739227295,0.041272155940532684,0.04097661375999451,0.03624466434121132,0.03583966940641403,0.03583966940641403,0.03583966940641403,0.03583966940641403,0.040335047990083694,0.03853248059749603,0.03583966940641403,0.03583966940641403,0.03721507638692856,0.03583966940641403,0.03583966940641403,0.038250647485256195
2018-11-05,0.03589404746890068,0.03944433480501175,0.037060562521219254,0.03837485983967781,0.036549609154462814,0.03589404746890068,0.03589404746890068,0.037337154150009155,0.03589404746890068,0.03589404746890068,0.03589404746890068,0.03971640765666962,0.037683889269828796,0.03589404746890068,0.03589404746890068,0.03589404746890068,0.03589404746890068,0.039612628519535065,0.03589404746890068,0.04190342128276825,0.04130372405052185,0.03589404746890068,0.03589404746890068,0.03589404746890068,0.03589404746890068,0.03589404746890068,0.036708712577819824
2018-11-06,0.03594148904085159,0.0401374027132988,0.03625691309571266,0.03594148904085159,0.038011081516742706,0.03594148904085159,0.03594148904085159,0.03801554813981056,0.03594148904085159,0.03594148904085159,0.03594148904085159,0.04060572385787964,0.03594148904085159,0.03842967003583908,0.03594148904085159,0.03594148904085159,0.03594148904085159,0.039315447211265564,0.03594148904085159,0.04232395440340042,0.03995745629072189,0.03594148904085159,0.03594148904085159,0.03594148904085159,0.03594148904085159,0.03594148904085159,0.03594148904085159
2018-11-07,0.03591093793511391,0.03869879990816116,0.0378306619822979,0.03591093793511391,0.038192346692085266,0.03616305813193321,0.03591093793511391,0.037742868065834045,0.03591093793511391,0.03591093793511391,0.03591093793511391,0.03924815356731415,0.03591093793511391,0.03910048305988312,0.03591093793511391,0.03591093793511391,0.03591093793511391,0.04015137255191803,0.03591093793511391,0.04245361313223839,0.039932698011398315,0.03591093793511391,0.03591093793511391,0.03591093793511391,0.03591093793511391,0.03591093793511391,0.03591093793511391
2018-11-08,0.03553648665547371,0.037631623446941376,0.0369262620806694,0.03553648665547371,0.03720765933394432,0.040219198912382126,0.03553648665547371,0.03553648665547371,0.03553648665547371,0.03553648665547371,0.03553648665547371,0.038618139922618866,0.041445810347795486,0.0444735549390316,0.03553648665547371,0.03553648665547371,0.03553648665547371,0.038570526987314224,0.03553648665547371,0.04127455875277519,0.03899563476443291,0.03553648665547371,0.03553648665547371,0.03553648665547371,0.03553648665547371,0.03553648665547371,0.03605327010154724
2018-11-09,0.03540516644716263,0.03564242273569107,0.03761819005012512,0.03540516644716263,0.036142487078905106,0.04329759255051613,0.03540516644716263,0.03606177493929863,0.03540516644716263,0.03540516644716263,0.03540516644716263,0.03909648209810257,0.0408710353076458,0.04541689157485962,0.03540516644716263,0.03540516644716263,0.03752283751964569,0.03540516644716263,0.03540516644716263,0.04020785540342331,0.04010207951068878,0.03540516644716263,0.03540516644716263,0.03540516644716263,0.03540516644716263,0.036287836730480194,0.03606019541621208
2018-11-12,0.03539210185408592,0.0389384999871254,0.03948564827442169,0.03539210185408592,0.03539210185408592,0.04131916165351868,0.03539210185408592,0.038699861615896225,0.03539210185408592,0.03539210185408592,0.03539210185408592,0.038664381951093674,0.04154355823993683,0.03955816477537155,0.03539210185408592,0.03539210185408592,0.03539210185408592,0.036563072353601456,0.03539210185408592,0.03832356259226799,0.040736567229032516,0.03539210185408592,0.03539210185408592,0.03539210185408592,0.03539210185408592,0.036836251616477966,0.038449715822935104
2018-11-13,0.0359429270029068,0.03756221383810043,0.04407086595892906,0.0359429270029068,0.03679319843649864,0.0359429270029068,0.0359429270029068,0.03797436133027077,0.0359429270029068,0.0359429270029068,0.0359429270029068,0.038755323737859726,0.03878864273428917,0.0359429270029068,0.037231944501399994,0.0359429270029068,0.0359429270029068,0.03679821640253067,0.0359429270029068,0.03666777163743973,0.0359429270029068,0.0359429270029068,0.0359429270029068,0.037819698452949524,0.0359429270029068,0.04059351980686188,0.03780031204223633
2018-11-14,0.03597735986113548,0.03722694516181946,0.04367200285196304,0.03597735986113548,0.03597735986113548,0.03597735986113548,0.03597735986113548,0.039779990911483765,0.03597735986113548,0.03597735986113548,0.03597735986113548,0.040218058973550797,0.0388452410697937,0.03597735986113548,0.039719000458717346,0.03597735986113548,0.03597735986113548,0.03597735986113548,0.03597735986113548,0.03597735986113548,0.03597735986113548,0.03597735986113548,0.03597735986113548,0.03708403557538986,0.03597735986113548,0.039884813129901886,0.03597735986113548
2018-11-15,0.0359378382563591,0.038520097732543945,0.040629953145980835,0.0359378382563591,0.0359378382563591,0.0359378382563591,0.0359378382563591,0.04013226926326752,0.0359378382563591,0.0359378382563591,0.0359378382563591,0.04078606516122818,0.03907153382897377,0.0359378382563591,0.037300288677215576,0.0359378382563591,0.0359378382563591,0.03728567808866501,0.0359378382563591,0.037253253161907196,0.038365624845027924,0.0359378382563591,0.0359378382563591,0.0359378382563591,0.0359378382563591,0.03790813684463501,0.03774168714880943
2018-11-16,0.03597700223326683,0.037490364164114,0.04367349296808243,0.03597700223326683,0.03597700223326683,0.03597700223326683,0.03597700223326683,0.03958557918667793,0.03597700223326683,0.03597700223326683,0.03597700223326683,0.040161289274692535,0.03865299001336098,0.03597700223326683,0.03979887068271637,0.03597700223326683,0.03597700223326683,0.03597700223326683,0.03597700223326683,0.03597700223326683,0.03597700223326683,0.03597700223326683,0.03597700223326683,0.036952823400497437,0.03597700223326683,0.04012158140540123,0.03597700223326683
2018-11-19,0.03614827245473862,0.03720947727560997,0.04281578212976456,0.03614827245473862,0.03614827245473862,0.03614827245473862,0.03614827245473862,0.03932175412774086,0.03614827245473862,0.03614827245473862,0.03614827245473862,0.04078235104680061,0.03677316755056381,0.03614827245473862,0.03724561631679535,0.03614827245473862,0.03614827245473862,0.03614827245473862,0.03614827245473862,0.03614827245473862,0.03614827245473862,0.03614827245473862,0.03732214495539665,0.0371687225997448,0.03614827245473862,0.04069213569164276,0.03614827245473862
2018-11-20,0.0359870046377182,0.03730776906013489,0.04364083334803581,0.0359870046377182,0.0359870046377182,0.0359870046377182,0.0359870046377182,0.03967435657978058,0.0359870046377182,0.0359870046377182,0.0359870046377182,0.04023229330778122,0.03879035264253616,0.0359870046377182,0.03970137611031532,0.0359870046377182,0.0359870046377182,0.0359870046377182,0.0359870046377182,0.0359870046377182,0.0359870046377182,0.0359870046377182,0.0359870046377182,0.036808572709560394,0.0359870046377182,0.04009132832288742,0.0359870046377182
2018-11-21,0.035701170563697815,0.04128038138151169,0.03674633800983429,0.04169609025120735,0.03730959817767143,0.035701170563697815,0.035701170563697815,0.03915788233280182,0.035701170563697815,0.035701170563697815,0.035701170563697815,0.03980589285492897,0.039222441613674164,0.035701170563697815,0.03661743551492691,0.035701170563697815,0.035701170563697815,0.036433540284633636,0.035701170563697815,0.03881505876779556,0.03753944858908653,0.035701170563697815,0.035701170563697815,0.03577861562371254,0.035701170563697815,0.03978089615702629,0.035701170563697815
2018-11-23,0.035538073629140854,0.04005759581923485,0.038673628121614456,0.04074641317129135,0.038786083459854126,0.035538073629140854,0.035538073629140854,0.037985753268003464,0.035538073629140854,0.035538073629140854,0.035538073629140854,0.03966989368200302,0.03758784756064415,0.035538073629140854,0.037700653076171875,0.035538073629140854,0.035538073629140854,0.035538073629140854,0.035538073629140854,0.03779121860861778,0.037110764533281326,0.035538073629140854,0.038293421268463135,0.035538073629140854,0.035538073629140854,0.04163860157132149,0.036425068974494934
2018-11-26,0.03551386669278145,0.04019881412386894,0.03806719928979874,0.041961826384067535,0.03788524121046066,0.03551386669278145,0.03551386669278145,0.039277464151382446,0.03551386669278145,0.038725171238183975,0.03551386669278145,0.038446757942438126,0.03629046678543091,0.03551386669278145,0.03790108859539032,0.03551386669278145,0.03551386669278145,0.03551386669278145,0.03551386669278145,0.03978674113750458,0.03551386669278145,0.03551386669278145,0.03825823590159416,0.03551386669278145,0.03551386669278145,0.03998040407896042,0.03602643311023712
2018-11-27,0.035906869918107986,0.03823406249284744,0.04340766370296478,0.03704790398478508,0.036734066903591156,0.035906869918107986,0.035906869918107986,0.03795478120446205,0.035906869918107986,0.035906869918107986,0.035906869918107986,0.03873695805668831,0.03622640669345856,0.035906869918107986,0.038940995931625366,0.035906869918107986,0.035906869918107986,0.035906869918107986,0.035906869918107986,0.03743758797645569,0.035906869918107986,0.035906869918107986,0.03819477930665016,0.03656093403697014,0.035906869918107986,0.04192081093788147,0.035906869918107986
2018-11-28,0.03592405468225479,0.03890606015920639,0.04288192093372345,0.03592405468225479,0.03592405468225479,0.03592405468225479,0.03592405468225479,0.039397936314344406,0.03592405468225479,0.03592405468225479,0.03592405468225479,0.03963763639330864,0.03784636780619621,0.03592405468225479,0.03995293751358986,0.03592405468225479,0.03592405468225479,0.03592405468225479,0.03592405468225479,0.03643540292978287,0.03592405468225479,0.03592405468225479,0.035961225628852844,0.037614207714796066,0.03592405468225479,0.040657348930835724,0.03592405468225479
2018-11-29,0.035676393657922745,0.038008034229278564,0.041836440563201904,0.035676393657922745,0.0361231192946434,0.042489539831876755,0.035676393657922745,0.03894948959350586,0.035676393657922745,0.035676393657922745,0.035676393657922745,0.03837984800338745,0.03868722915649414,0.036218252032995224,0.03644378110766411,0.035676393657922745,0.035676393657922745,0.035676393657922745,0.035676393657922745,0.035676393657922745,0.036456361413002014,0.035676393657922745,0.035676393657922745,0.03856091946363449,0.035676393657922745,0.04270102083683014,0.035676393657922745
2018-11-30,0.03594989329576492,0.03756360709667206,0.045607343316078186,0.03594989329576492,0.036634411662817,0.03944102302193642,0.03594989329576492,0.037407465279102325,0.03594989329576492,0.03594989329576492,0.03594989329576492,0.037052564322948456,0.03594989329576492,0.03594989329576492,0.0367681048810482,0.03594989329576492,0.03594989329576492,0.03594989329576492,0.03594989329576492,0.03594989329576492,0.038423169404268265,0.03594989329576492,0.03594989329576492,0.03736533224582672,0.03594989329576492,0.04147893562912941,0.03705975413322449
2018-12-03,0.035804763436317444,0.038998931646347046,0.042789895087480545,0.035804763436317444,0.03612330183386803,0.044480130076408386,0.035804763436317444,0.035804763436317444,0.035804763436317444,0.035804763436317444,0.035804763436317444,0.03606382757425308,0.03779628500342369,0.035804763436317444,0.038176100701093674,0.035804763436317444,0.035804763436317444,0.035804763436317444,0.035804763436317444,0.035804763436317444,0.04170628637075424,0.035804763436317444,0.035804763436317444,0.03600557520985603,0.035804763436317444,0.03917863965034485,0.035804763436317444
2018-12-04,0.03534120321273804,0.041215136647224426,0.04098587483167648,0.03534120321273804,0.03534120321273804,0.04744456708431244,0.03534120321273804,0.03534120321273804,0.03534120321273804,0.03534120321273804,0.03534120321273804,0.03534120321273804,0.04208502173423767,0.044807370752096176,0.03534120321273804,0.03534120321273804,0.03534120321273804,0.03897221386432648,0.03534120321273804,0.03534120321273804,0.03656193986535072,0.03534120321273804,0.03534120321273804,0.03612975403666496,0.03534120321273804,0.03534120321273804,0.03565653786063194
2018-12-06,0.03731741011142731,0.037856943905353546,0.04260261729359627,0.03602129966020584,0.03602129966020584,0.03927892819046974,0.03602129966020584,0.03602129966020584,0.03602129966020584,0.03602129966020584,0.03602129966020584,0.03602129966020584,0.037058163434267044,0.03602129966020584,0.039265554398298264,0.03602129966020584,0.03602129966020584,0.03602129966020584,0.03602129966020584,0.039346933364868164,0.03937993943691254,0.03602129966020584,0.03602129966020584,0.03602129966020584,0.03602129966020584,0.03951006382703781,0.03602129966020584
2018-12-07,0.03614368289709091,0.03818521648645401,0.0416511669754982,0.037029948085546494,0.0367233008146286,0.036706045269966125,0.03614368289709091,0.03636177256703377,0.03614368289709091,0.03614368289709091,0.03614368289709091,0.037976108491420746,0.03732454404234886,0.03614368289709091,0.03701122850179672,0.03614368289709091,0.03614368289709091,0.03688569366931915,0.03614368289709091,0.0414457730948925,0.037829671055078506,0.03614368289709091,0.03614368289709091,0.03614368289709091,0.03614368289709091,0.03876827284693718,0.03623344376683235
2018-12-10,0.03605714812874794,0.03789292275905609,0.04285333305597305,0.03632151708006859,0.03605714812874794,0.036634720861911774,0.03605714812874794,0.038068316876888275,0.03605714812874794,0.03605714812874794,0.03605714812874794,0.03886383771896362,0.03796934336423874,0.03605714812874794,0.039393700659275055,0.03605714812874794,0.03605714812874794,0.03605714812874794,0.03605714812874794,0.038322050124406815,0.03786947950720787,0.03605714812874794,0.03605714812874794,0.036281779408454895,0.03605714812874794,0.038671866059303284,0.03605714812874794
2018-12-11,0.03543746471405029,0.037378933280706406,0.03753149136900902,0.045307815074920654,0.03706757351756096,0.03900014981627464,0.03543746471405029,0.03543746471405029,0.037366803735494614,0.03681009262800217,0.03543746471405029,0.03918766602873802,0.03611135110259056,0.03543746471405029,0.036617375910282135,0.03543746471405029,0.03543746471405029,0.03543746471405029,0.03543746471405029,0.0407167449593544,0.03543746471405029,0.03543746471405029,0.04087556153535843,0.03543746471405029,0.03543746471405029,0.0399039052426815,0.03543746471405029
2018-12-12,0.035952772945165634,0.03707083314657211,0.04045004025101662,0.03660697489976883,0.03686657175421715,0.03917068988084793,0.035952772945165634,0.035952772945165634,0.03788285702466965,0.035952772945165634,0.035952772945165634,0.0373876728117466,0.037600088864564896,0.035952772945165634,0.04083094373345375,0.035952772945165634,0.035952772945165634,0.035952772945165634,0.035952772945165634,0.04188202694058418,0.035952772945165634,0.035952772945165634,0.036353226751089096,0.035952772945165634,0.035952772945165634,0.0386064350605011,0.035952772945165634
2018-12-13,0.036027390509843826,0.03725728020071983,0.04147390276193619,0.03643839806318283,0.03841865807771683,0.03939904645085335,0.036027390509843826,0.036027390509843826,0.036027390509843826,0.036027390509843826,0.036027390509843826,0.03711191564798355,0.03817228600382805,0.036027390509843826,0.03703128173947334,0.036027390509843826,0.036027390509843826,0.036027390509843826,0.036027390509843826,0.04195988550782204,0.03623908758163452,0.036027390509843826,0.036304280161857605,0.036027390509843826,0.036027390509843826,0.039783135056495667,0.036027390509843826
2018-12-14,0.03618444874882698,0.03744545951485634,0.04126010090112686,0.03993887081742287,0.03618444874882698,0.03618444874882698,0.03618444874882698,0.03779643774032593,0.03618444874882698,0.03618444874882698,0.03618444874882698,0.0388687439262867,0.03737565129995346,0.03618444874882698,0.03804277256131172,0.03618444874882698,0.03618444874882698,0.03618444874882698,0.03618444874882698,0.04176744818687439,0.03618444874882698,0.03618444874882698,0.03618444874882698,0.03618444874882698,0.03618444874882698,0.03618444874882698,0.03618444874882698
2018-12-17,0.0359906405210495,0.03832021728157997,0.03835323825478554,0.04141188785433769,0.0359613299369812,0.041736893355846405,0.0359613299369812,0.0362444743514061,0.0359613299369812,0.0359613299369812,0.0359613299369812,0.03966664522886276,0.03738057240843773,0.0359613299369812,0.0359613299369812,0.0359613299369812,0.0359613299369812,0.0359613299369812,0.0359613299369812,0.041747547686100006,0.0359613299369812,0.0359613299369812,0.036109667271375656,0.0359613299369812,0.0359613299369812,0.036071520298719406,0.037546735256910324
2018-12-18,0.035663194954395294,0.03809461370110512,0.035663194954395294,0.045202355831861496,0.035663194954395294,0.038897160440683365,0.035663194954395294,0.037382688373327255,0.035663194954395294,0.035663194954395294,0.035663194954395294,0.0365813709795475,0.0375443696975708,0.035663194954395294,0.035663194954395294,0.035663194954395294,0.035663194954395294,0.035663194954395294,0.035663194954395294,0.04562315344810486,0.0378524586558342,0.036448027938604355,0.035663194954395294,0.035663194954395294,0.035663194954395294,0.039198316633701324,0.03656436502933502
2018-12-19,0.03584897890686989,0.03584897890686989,0.037971075624227524,0.04252162203192711,0.03586491942405701,0.044207412749528885,0.03584897890686989,0.03584897890686989,0.03584897890686989,0.03584897890686989,0.03584897890686989,0.03584897890686989,0.03584897890686989,0.03584897890686989,0.03773713856935501,0.03584897890686989,0.03584897890686989,0.03584897890686989,0.03584897890686989,0.044908419251441956,0.03584897890686989,0.03584897890686989,0.03584897890686989,0.03584897890686989,0.03584897890686989,0.038527220487594604,0.037131570279598236
2018-12-20,0.03584621474146843,0.03584621474146843,0.036521852016448975,0.038613274693489075,0.03584621474146843,0.045456115156412125,0.03584621474146843,0.03584621474146843,0.03584621474146843,0.03584621474146843,0.03584621474146843,0.03808725252747536,0.03888348862528801,0.03584621474146843,0.03584621474146843,0.03584621474146843,0.03584621474146843,0.03584621474146843,0.03584621474146843,0.04284370318055153,0.03584621474146843,0.03780677914619446,0.03584621474146843,0.03584621474146843,0.03710253909230232,0.03584621474146843,0.03945315256714821
2018-12-21,0.035938601940870285,0.035938601940870285,0.0374123714864254,0.035938601940870285,0.035938601940870285,0.04379790276288986,0.035938601940870285,0.035938601940870285,0.035938601940870285,0.035938601940870285,0.035938601940870285,0.03858662396669388,0.0377180352807045,0.035938601940870285,0.035938601940870285,0.035938601940870285,0.035938601940870285,0.035938601940870285,0.035938601940870285,0.04290856048464775,0.035938601940870285,0.03988300636410713,0.035938601940870285,0.035938601940870285,0.03944866731762886,0.035938601940870285,0.03741138428449631
2018-12-24,0.03595805540680885,0.03595805540680885,0.03630303218960762,0.03763926029205322,0.03595805540680885,0.0460224449634552,0.03595805540680885,0.03660634160041809,0.03595805540680885,0.03595805540680885,0.03595805540680885,0.03730584681034088,0.04152673855423927,0.03595805540680885,0.03596779704093933,0.03595805540680885,0.03595805540680885,0.03595805540680885,0.03595805540680885,0.03885038197040558,0.03595805540680885,0.040216583758592606,0.03595805540680885,0.03595805540680885,0.03595805540680885,0.03695440664887428,0.03727829456329346
2018-12-26,0.035858962684869766,0.035858962684869766,0.03709182143211365,0.035858962684869766,0.035858962684869766,0.044630683958530426,0.035858962684869766,0.035858962684869766,0.035858962684869766,0.035858962684869766,0.035858962684869766,0.04057512432336807,0.0387970469892025,0.035858962684869766,0.035858962684869766,0.035858962684869766,0.035858962684869766,0.035858962684869766,0.035858962684869766,0.04148810729384422,0.035858962684869766,0.040774114429950714,0.035858962684869766,0.035858962684869766,0.03775802254676819,0.035858962684869766,0.037564750760793686
2018-12-27,0.035569097846746445,0.035569097846746445,0.035569097846746445,0.03897734731435776,0.035569097846746445,0.0455680750310421,0.035569097846746445,0.035569097846746445,0.035569097846746445,0.035569097846746445,0.035569097846746445,0.04388517886400223,0.041408028453588486,0.035569097846746445,0.035569097846746445,0.035569097846746445,0.035569097846746445,0.035569097846746445,0.035569097846746445,0.03939346224069595,0.035569097846746445,0.03826001659035683,0.036815982311964035,0.035569097846746445,0.035569097846746445,0.035569097846746445,0.03987910971045494
2018-12-28,0.03570086508989334,0.03570086508989334,0.038800861686468124,0.042152002453804016,0.03570086508989334,0.04539947211742401,0.03570086508989334,0.03570086508989334,0.03648873791098595,0.03570086508989334,0.03570086508989334,0.039812538772821426,0.03772609680891037,0.03570086508989334,0.03570086508989334,0.03570086508989334,0.03570086508989334,0.03570086508989334,0.03570086508989334,0.040614817291498184,0.03570086508989334,0.03570086508989334,0.03650924563407898,0.03570086508989334,0.03570086508989334,0.03754550218582153,0.03803591430187225
2018-12-31,0.035438619554042816,0.03727717697620392,0.03715039789676666,0.042723797261714935,0.035438619554042816,0.04528322443366051,0.035438619554042816,0.03565046563744545,0.03745924308896065,0.03650244325399399,0.035438619554042816,0.039924487471580505,0.03906891122460365,0.035438619554042816,0.035438619554042816,0.035438619554042816,0.035438619554042816,0.035438619554042816,0.035438619554042816,0.040892474353313446,0.035438619554042816,0.035438619554042816,0.03635483980178833,0.035438619554042816,0.035438619554042816,0.0390344075858593,0.03653746470808983
2019-01-02,0.037037037037037035,0.037037037037037035,0.037037037037037035,0.037037037037037035,0.037037037037037035,0.037037037037037035,0.037037037037037035,0.037037037037037035,0.037037037037037035,0.037037037037037035,0.037037037037037035,0.037037037037037035,0.037037037037037035,0.037037037037037035,0.037037037037037035,0.037037037037037035,0.037037037037037035,0.037037037037037035,0.037037037037037035,0.037037037037037035,0.037037037037037035,0.037037037037037035,0.037037037037037035,0.037037037037037035,0.037037037037037035,0.037037037037037035,0.037037037037037035
2019-01-03,0.03483176603913307,0.03683695197105408,0.03906633332371712,0.03483176603913307,0.03483176603913307,0.03609900549054146,0.03483176603913307,0.037852488458156586,0.03497133404016495,0.03483176603913307,0.03657792508602142,0.04265102371573448,0.03483176603913307,0.03898570314049721,0.04288795217871666,0.038431473076343536,0.03483176603913307,0.035016369074583054,0.039807673543691635,0.035213030874729156,0.03826445713639259,0.03483176603913307,0.03695094957947731,0.03483176603913307,0.045680101960897446,0.03638957440853119,0.03483176603913307
2019-01-04,0.034852828830480576,0.03637424483895302,0.04117485508322716,0.03379650413990021,0.03379650413990021,0.035575803369283676,0.03800874948501587,0.03379650413990021,0.04162614792585373,0.03379650413990021,0.03671645373106003,0.052516013383865356,0.03379650413990021,0.03702645003795624,0.04056582972407341,0.03568166494369507,0.0371512733399868,0.03958539292216301,0.03731366619467735,0.03545994311571121,0.03887772187590599,0.033964719623327255,0.03380126878619194,0.03379650413990021,0.03818761929869652,0.03896376118063927,0.03379650413990021
2019-01-07,0.03462396562099457,0.0371837243437767,0.03885794058442116,0.03462396562099457,0.03462396562099457,0.0361008383333683,0.03482016548514366,0.03594643250107765,0.03926900774240494,0.03462396562099457,0.03742074966430664,0.04790171608328819,0.03462396562099457,0.03805098310112953,0.04086299613118172,0.037874385714530945,0.03462396562099457,0.03524955362081528,0.038334667682647705,0.03681187331676483,0.03831332176923752,0.03462396562099457,0.035929929465055466,0.03462396562099457,0.0409323088824749,0.038523703813552856,0.03462396562099457
2019-01-08,0.034771643579006195,0.034771643579006195,0.036735810339450836,0.03740404173731804,0.034771643579006195,0.036066409200429916,0.034771643579006195,0.039150457829236984,0.034771643579006195,0.034771643579006195,0.03815828636288643,0.034771643579006195,0.034771643579006195,0.03754183277487755,0.04216727614402771,0.03861066699028015,0.034771643579006195,0.034771643579006195,0.04258008301258087,0.03831055015325546,0.036817457526922226,0.034771643579006195,0.03759196773171425,0.035775087773799896,0.0505257323384285,0.03530460223555565,0.034771643579006195
2019-01-09,0.03449566289782524,0.03657395392656326,0.03449566289782524,0.03776562958955765,0.03449566289782524,0.040452759712934494,0.03449566289782524,0.03902667760848999,0.03449566289782524,0.03449566289782524,0.03802504763007164,0.03528978303074837,0.03449566289782524,0.03689982369542122,0.04290952533483505,0.03778532147407532,0.03449566289782524,0.03449566289782524,0.04000290110707283,0.03838226571679115,0.03738785162568092,0.03449566289782524,0.038462214171886444,0.036687299609184265,0.0498870350420475,0.035009630024433136,0.03449566289782524
2019-01-10,0.03450896218419075,0.03450896218419075,0.034729525446891785,0.038658514618873596,0.03450896218419075,0.03832918778061867,0.03450896218419075,0.041245218366384506,0.03450896218419075,0.03450896218419075,0.03701549023389816,0.03450896218419075,0.03450896218419075,0.03681205213069916,0.041835248470306396,0.03937238082289696,0.03450896218419075,0.03450896218419075,0.04578232392668724,0.036735568195581436,0.034932393580675125,0.03450896218419075,0.03759641572833061,0.038659848272800446,0.049679312855005264,0.03450896218419075,0.03450896218419075
2019-01-11,0.036303747445344925,0.03726332262158394,0.03717971220612526,0.0384209081530571,0.03453526273369789,0.03915505111217499,0.03453526273369789,0.04141940549015999,0.03667129576206207,0.03453526273369789,0.038534004241228104,0.03453526273369789,0.03453526273369789,0.03705476224422455,0.04094255715608597,0.039920270442962646,0.03453526273369789,0.03453526273369789,0.040919385850429535,0.03600656986236572,0.03453526273369789,0.036698807030916214,0.038738906383514404,0.03535131365060806,0.0440673828125,0.03453526273369789,0.03453526273369789
2019-01-14,0.035148948431015015,0.03526673465967178,0.03467914089560509,0.03872599080204964,0.03437069058418274,0.038872648030519485,0.03437069058418274,0.041803568601608276,0.03437069058418274,0.03437069058418274,0.037803441286087036,0.03437069058418274,0.03437069058418274,0.037149135023355484,0.042277682572603226,0.03994622454047203,0.03437069058418274,0.03437069058418274,0.0451328419148922,0.036827437579631805,0.03498475253582001,0.03437069058418274,0.037021782249212265,0.03774716332554817,0.048534952104091644,0.03437069058418274,0.03437069058418274
2019-01-15,0.034655630588531494,0.037907376885414124,0.03551612049341202,0.037026554346084595,0.034655630588531494,0.038460519164800644,0.034655630588531494,0.04385017976164818,0.034655630588531494,0.034655630588531494,0.04010487347841263,0.034655630588531494,0.034655630588531494,0.039868202060461044,0.04196444898843765,0.04128893092274666,0.034655630588531494,0.034655630588531494,0.03783239424228668,0.034655630588531494,0.034655630588531494,0.034655630588531494,0.03930288553237915,0.034655630588531494,0.04704304784536362,0.034655630588531494,0.034655630588531494
2019-01-16,0.0379222109913826,0.03452784940600395,0.03912244364619255,0.037291496992111206,0.03452784940600395,0.03891205042600632,0.03452784940600395,0.041522543877363205,0.03589891269803047,0.03452784940600395,0.038908496499061584,0.03452784940600395,0.03452784940600395,0.036073245108127594,0.040352173149585724,0.03865150362253189,0.03452784940600395,0.03452784940600395,0.044470030814409256,0.03452784940600395,0.03452784940600395,0.03452784940600395,0.03452784940600395,0.03882208094000816,0.04866296797990799,0.03452784940600395,0.03452784940600395
2019-01-17,0.03762587532401085,0.034265417605638504,0.03736085072159767,0.03741098567843437,0.034265417605638504,0.038955315947532654,0.03450990840792656,0.040408484637737274,0.034265417605638504,0.034265417605638504,0.03776593133807182,0.034265417605638504,0.034265417605638504,0.03502070531249046,0.04135537147521973,0.037711407989263535,0.034265417605638504,0.034265417605638504,0.048040565103292465,0.034265417605638504,0.03514334559440613,0.034265417605638504,0.034265417605638504,0.04089203104376793,0.05234876647591591,0.034265417605638504,0.034265417605638504
2019-01-18,0.035739149898290634,0.03605486825108528,0.034934431314468384,0.040479663759469986,0.034934431314468384,0.04184494540095329,0.034934431314468384,0.03950664401054382,0.034934431314468384,0.034934431314468384,0.034934431314468384,0.034934431314468384,0.03631842881441116,0.03740605339407921,0.03689592704176903,0.03831939026713371,0.034934431314468384,0.034934431314468384,0.04265546426177025,0.034934431314468384,0.034934431314468384,0.034934431314468384,0.03883243352174759,0.040168292820453644,0.04669676348567009,0.034934431314468384,0.034934431314468384
2019-01-22,0.03753745183348656,0.03691602125763893,0.03535441309213638,0.040473572909832,0.034411974251270294,0.03948110714554787,0.034411974251270294,0.03779396042227745,0.034411974251270294,0.034411974251270294,0.03453074023127556,0.034411974251270294,0.036782167851924896,0.035940781235694885,0.03901539742946625,0.0400787889957428,0.034411974251270294,0.034411974251270294,0.043981365859508514,0.03552326560020447,0.034411974251270294,0.034411974251270294,0.036440759897232056,0.04269891604781151,0.048919569700956345,0.034411974251270294,0.034411974251270294
2019-01-23,0.036602914333343506,0.03483649715781212,0.03554001450538635,0.03862326219677925,0.03481008857488632,0.03944100812077522,0.03481008857488632,0.04069960489869118,0.03573444485664368,0.03481008857488632,0.03621260076761246,0.03481008857488632,0.036093227565288544,0.03768332675099373,0.03819901496171951,0.038556817919015884,0.03481008857488632,0.03481008857488632,0.043573230504989624,0.03481008857488632,0.03481008857488632,0.03481008857488632,0.036674875766038895,0.04038769751787186,0.04823042452335358,0.03481008857488632,0.03481008857488632
2019-01-24,0.0377013199031353,0.034886494278907776,0.03965200111269951,0.0395749993622303,0.034241534769535065,0.038119733333587646,0.03605560213327408,0.034241534769535065,0.034241534769535065,0.034241534769535065,0.034793611615896225,0.034241534769535065,0.034241534769535065,0.034638483077287674,0.041507165879011154,0.04064640402793884,0.034241534769535065,0.034241534769535065,0.04688161239027977,0.036504730582237244,0.034241534769535065,0.034241534769535065,0.03482494130730629,0.04190365597605705,0.051410891115665436,0.034241534769535065,0.034241534769535065
2019-01-25,0.038268569856882095,0.034465376287698746,0.046334266662597656,0.039241667836904526,0.034465376287698746,0.03730788454413414,0.03607110679149628,0.03493548557162285,0.03467275947332382,0.034465376287698746,0.038465458899736404,0.034465376287698746,0.034465376287698746,0.0361061617732048,0.039954330772161484,0.04552039876580238,0.034465376287698746,0.034465376287698746,0.043441664427518845,0.034465376287698746,0.034465376287698746,0.03459521010518074,0.034465376287698746,0.03618139401078224,0.045319147408008575,0.034465376287698746,0.034465376287698746
2019-01-28,0.03609795495867729,0.038102082908153534,0.04393590986728668,0.03912573680281639,0.03423070162534714,0.03630945831537247,0.036179617047309875,0.03423070162534714,0.03823063522577286,0.03423070162534714,0.034962236881256104,0.03423070162534714,0.03423070162534714,0.03752456605434418,0.040396932512521744,0.044038597494363785,0.03423070162534714,0.03423070162534714,0.04026458412408829,0.03621406853199005,0.03423070162534714,0.03583618625998497,0.04099348932504654,0.03463286533951759,0.04484807327389717,0.03423070162534714,0.03423070162534714
2019-01-29,0.03546399995684624,0.03554779663681984,0.04449372738599777,0.03906193748116493,0.034290459007024765,0.036613646894693375,0.035822149366140366,0.03518625721335411,0.03771734610199928,0.034290459007024765,0.0369480699300766,0.035138268023729324,0.034290459007024765,0.03713211789727211,0.04111597314476967,0.044425953179597855,0.034290459007024765,0.034290459007024765,0.04149762541055679,0.03520883247256279,0.034290459007024765,0.035788726061582565,0.03875403106212616,0.034290459007024765,0.045469336211681366,0.034290459007024765,0.034290459007024765
2019-01-30,0.03788856416940689,0.04083215072751045,0.040402162820100784,0.038359977304935455,0.034079812467098236,0.0366138257086277,0.03665288910269737,0.034079812467098236,0.03878083825111389,0.034079812467098236,0.034079812467098236,0.034079812467098236,0.034079812467098236,0.039560869336128235,0.03792385384440422,0.043001264333724976,0.034079812467098236,0.034874819219112396,0.04316214472055435,0.03875178471207619,0.034079812467098236,0.034079812467098236,0.04077838733792305,0.0349440835416317,0.04162263497710228,0.0350516252219677,0.034079812467098236
2019-01-31,0.039566606283187866,0.03595191612839699,0.04428870603442192,0.03974828124046326,0.03426182270050049,0.03473685309290886,0.03634173423051834,0.03426182270050049,0.03816193342208862,0.03426182270050049,0.03426182270050049,0.03426182270050049,0.03426182270050049,0.03964889049530029,0.03755364567041397,0.04402586445212364,0.03426182270050049,0.03426182270050049,0.04524892941117287,0.038226839154958725,0.03426182270050049,0.03426182270050049,0.03928203508257866,0.03426182270050049,0.04181400686502457,0.03426182270050049,0.03426182270050049
2019-02-01,0.03913576528429985,0.03521284833550453,0.04714948683977127,0.03870382159948349,0.0343625433743,0.03690383583307266,0.03819141164422035,0.0343625433743,0.03881675750017166,0.0343625433743,0.0343625433743,0.0343625433743,0.0343625433743,0.03901369869709015,0.035465843975543976,0.0449080616235733,0.0343625433743,0.0343625433743,0.04530024155974388,0.0381988026201725,0.0343625433743,0.0343625433743,0.0343625433743,0.0343625433743,0.041923873126506805,0.0343625433743,0.0343625433743
2019-02-04,0.04142950102686882,0.0345415361225605,0.04502096399664879,0.03867727890610695,0.0345415361225605,0.035779207944869995,0.04027935117483139,0.0345415361225605,0.042301107197999954,0.0345415361225605,0.0345415361225605,0.0345415361225605,0.0345415361225605,0.040183477103710175,0.0345415361225605,0.04241331294178963,0.0345415361225605,0.0345415361225605,0.04296208173036575,0.03703763335943222,0.0345415361225605,0.0345415361225605,0.03523543104529381,0.0345415361225605,0.04055771604180336,0.0345415361225605,0.0345415361225605
2019-02-05,0.04283015429973602,0.03446787968277931,0.04821474850177765,0.03728075698018074,0.03446787968277931,0.034905724227428436,0.040374334901571274,0.03524917736649513,0.039246078580617905,0.03446787968277931,0.035745490342378616,0.0358339361846447,0.03446787968277931,0.03866191208362579,0.035166651010513306,0.04532897472381592,0.03446787968277931,0.034959349781274796,0.04204796254634857,0.0349232479929924,0.03446787968277931,0.03446787968277931,0.03446787968277931,0.03446787968277931,0.0400848463177681,0.03446787968277931,0.03446787968277931
2019-02-06,0.03780106082558632,0.035053156316280365,0.04645687714219093,0.038769058883190155,0.035053156316280365,0.03706676512956619,0.03940179944038391,0.035053156316280365,0.03791258484125137,0.035053156316280365,0.03510410711169243,0.035053156316280365,0.035053156316280365,0.03942728042602539,0.035053156316280365,0.04415837302803993,0.035053156316280365,0.035053156316280365,0.04091735556721687,0.03657858073711395,0.035053156316280365,0.037515219300985336,0.0369131974875927,0.035053156316280365,0.036286719143390656,0.035053156316280365,0.035053156316280365
2019-02-07,0.04077673330903053,0.0347837470471859,0.04626614972949028,0.03875112906098366,0.0347837470471859,0.03605016693472862,0.04076100140810013,0.0347837470471859,0.03858938068151474,0.0347837470471859,0.035845376551151276,0.0347837470471859,0.0347837470471859,0.03950535133481026,0.0347837470471859,0.0445188470184803,0.0347837470471859,0.0347837470471859,0.04083479568362236,0.036692168563604355,0.0347837470471859,0.03681283816695213,0.0359041728079319,0.0347837470471859,0.03650321438908577,0.0347837470471859,0.0347837470471859
2019-02-08,0.04217085987329483,0.03418903425335884,0.05083025246858597,0.03745952621102333,0.03418903425335884,0.03513951227068901,0.03926834091544151,0.03418903425335884,0.04307083785533905,0.03418903425335884,0.034858569502830505,0.037339307367801666,0.03418903425335884,0.035472895950078964,0.0349346399307251,0.04536337032914162,0.034589383751153946,0.03418903425335884,0.042284876108169556,0.03770839795470238,0.03418903425335884,0.03418903425335884,0.03418903425335884,0.03418903425335884,0.039240796118974686,0.03418903425335884,0.03418903425335884
2019-02-11,0.04165365546941757,0.034195829182863235,0.05102168396115303,0.037463072687387466,0.034195829182863235,0.0353253036737442,0.03893548995256424,0.034195829182863235,0.04254389554262161,0.034195829182863235,0.03497585654258728,0.03691650182008743,0.034195829182863235,0.035390034317970276,0.0348617248237133,0.04483490437269211,0.0350198820233345,0.034195829182863235,0.043380118906497955,0.038069676607847214,0.034195829182863235,0.034195829182863235,0.034195829182863235,0.034195829182863235,0.03925817832350731,0.034195829182863235,0.034195829182863235
2019-02-12,0.03967294096946716,0.0339333675801754,0.047635339200496674,0.038024235516786575,0.0339333675801754,0.03526754304766655,0.03944379463791847,0.0339333675801754,0.03712158277630806,0.0339333675801754,0.03534221276640892,0.037705253809690475,0.0339333675801754,0.0339333675801754,0.037854500114917755,0.04453667253255844,0.03483957797288895,0.03665430471301079,0.04520634561777115,0.03770967200398445,0.0339333675801754,0.0339333675801754,0.0339333675801754,0.03422020375728607,0.04549874737858772,0.0339333675801754,0.0339333675801754
2019-02-13,0.038803305476903915,0.03410030156373978,0.04990497976541519,0.03815378248691559,0.03410030156373978,0.03702360764145851,0.03884892910718918,0.03587133437395096,0.0372111015021801,0.03431036323308945,0.03891510143876076,0.03850977122783661,0.03410030156373978,0.036020729690790176,0.03628939762711525,0.04672183468937874,0.03410030156373978,0.03525600582361221,0.04101235046982765,0.03575240075588226,0.03410030156373978,0.0395217202603817,0.03410030156373978,0.03410030156373978,0.03497054800391197,0.03410030156373978,0.03410030156373978
2019-02-14,0.03872980177402496,0.034112073481082916,0.049884770065546036,0.038181304931640625,0.034112073481082916,0.03705712407827377,0.03877563402056694,0.035959839820861816,0.03700471669435501,0.034296974539756775,0.03896285966038704,0.03843307867646217,0.034112073481082916,0.03617461025714874,0.036265451461076736,0.04678864777088165,0.034112073481082916,0.03527677059173584,0.04118191450834274,0.03571949154138565,0.034112073481082916,0.039521705359220505,0.034112073481082916,0.034112073481082916,0.03477664664387703,0.034112073481082916,0.034112073481082916
2019-02-15,0.038328371942043304,0.03631020709872246,0.045293547213077545,0.03671102970838547,0.03434183821082115,0.03696572035551071,0.03830287232995033,0.03434183821082115,0.04090592637658119,0.03434183821082115,0.03434183821082115,0.03434183821082115,0.03434183821082115,0.03709201514720917,0.034740980714559555,0.04247003793716431,0.03434183821082115,0.03434183821082115,0.041717786341905594,0.041063178330659866,0.03434183821082115,0.03434183821082115,0.038464732468128204,0.03443678840994835,0.045094747096300125,0.03434183821082115,0.03434183821082115
2019-02-19,0.04115423560142517,0.0346204973757267,0.04631568491458893,0.038220539689064026,0.0346204973757267,0.0346204973757267,0.03552061319351196,0.0346204973757267,0.04013041406869888,0.0346204973757267,0.0346204973757267,0.0346204973757267,0.0346204973757267,0.0346204973757267,0.03586839139461517,0.03471142798662186,0.0346204973757267,0.0346204973757267,0.05526658520102501,0.04067457467317581,0.0346204973757267,0.0346204973757267,0.0346204973757267,0.03676426038146019,0.0414452850818634,0.0346204973757267,0.0346204973757267
2019-02-20,0.0437135323882103,0.034416280686855316,0.04471983760595322,0.035507503896951675,0.034416280686855316,0.034416280686855316,0.03763322904706001,0.034416280686855316,0.03978258743882179,0.034416280686855316,0.034416280686855316,0.034416280686855316,0.034416280686855316,0.034416280686855316,0.03617051616311073,0.03555718809366226,0.034416280686855316,0.034416280686855316,0.04861397296190262,0.04155594855546951,0.034416280686855316,0.034416280686855316,0.03498470038175583,0.0375111885368824,0.04587560147047043,0.034416280686855316,0.03654627874493599
2019-02-21,0.03932374343276024,0.0344596691429615,0.04322970286011696,0.0367792472243309,0.0344596691429615,0.0344596691429615,0.035148847848176956,0.0344596691429615,0.03734311833977699,0.0344596691429615,0.0344596691429615,0.0344596691429615,0.0344596691429615,0.03653200715780258,0.03804588317871094,0.037856779992580414,0.0344596691429615,0.0344596691429615,0.05364428088068962,0.04092129319906235,0.0344596691429615,0.0344596691429615,0.0344596691429615,0.03803296014666557,0.046247102320194244,0.0344596691429615,0.0344596691429615
2019-02-22,0.03923585265874863,0.034451477229595184,0.043266236782073975,0.03706285357475281,0.034451477229595184,0.034451477229595184,0.03514119237661362,0.034451477229595184,0.03675977140665054,0.034451477229595184,0.034451477229595184,0.034451477229595184,0.034451477229595184,0.036306191235780716,0.03821949660778046,0.03783927485346794,0.034451477229595184,0.034451477229595184,0.05363095924258232,0.040905099362134933,0.034451477229595184,0.034451477229595184,0.034451477229595184,0.03840610012412071,0.04645475745201111,0.034451477229595184,0.034451477229595184
2019-02-25,0.04374097287654877,0.034520067274570465,0.04249899461865425,0.038076192140579224,0.034520067274570465,0.034520067274570465,0.03583264350891113,0.034520067274570465,0.03483327478170395,0.034520067274570465,0.034520067274570465,0.034520067274570465,0.034520067274570465,0.034520067274570465,0.038380350917577744,0.035473212599754333,0.034520067274570465,0.034520067274570465,0.05355464667081833,0.03803285211324692,0.034520067274570465,0.034520067274570465,0.0358516201376915,0.03969477489590645,0.04622940719127655,0.034520067274570465,0.034520067274570465
2019-02-26,0.04296594485640526,0.03394706919789314,0.0426175594329834,0.038871124386787415,0.03394706919789314,0.0360589437186718,0.03480657562613487,0.03394706919789314,0.03717576339840889,0.03394706919789314,0.038066066801548004,0.03394706919789314,0.03394706919789314,0.03394706919789314,0.0404813326895237,0.0351528562605381,0.03394706919789314,0.03394706919789314,0.04939919337630272,0.03509347885847092,0.03681750223040581,0.03704530745744705,0.03394706919789314,0.039805226027965546,0.04827829822897911,0.03394706919789314,0.03394706919789314
2019-02-27,0.041628360748291016,0.03401393070816994,0.04128398001194,0.040909431874752045,0.03401393070816994,0.037248603999614716,0.03455427661538124,0.03401393070816994,0.03516707196831703,0.03401393070816994,0.038061629980802536,0.03401393070816994,0.03401393070816994,0.03401393070816994,0.040727462619543076,0.034890949726104736,0.03401393070816994,0.03401393070816994,0.04835304990410805,0.03490859270095825,0.03689899295568466,0.03677567094564438,0.03401393070816994,0.0412602461874485,0.04916451498866081,0.03401393070816994,0.03401393070816994
2019-02-28,0.03991640731692314,0.03390713408589363,0.04296383261680603,0.04203393682837486,0.03390713408589363,0.037941042333841324,0.03450203314423561,0.03390713408589363,0.03540292754769325,0.03390713408589363,0.03735337406396866,0.03390713408589363,0.03390713408589363,0.03390713408589363,0.03880983963608742,0.03460361808538437,0.03390713408589363,0.03390713408589363,0.050502389669418335,0.03712938725948334,0.036933012306690216,0.037249427288770676,0.03390713408589363,0.04115014150738716,0.04634451866149902,0.03418562561273575,0.03390713408589363
2019-03-01,0.034650515764951706,0.03474566712975502,0.045155495405197144,0.040933698415756226,0.034650515764951706,0.039962250739336014,0.034650515764951706,0.034650515764951706,0.034650515764951706,0.034650515764951706,0.034650515764951706,0.034650515764951706,0.034650515764951706,0.034650515764951706,0.03941332921385765,0.034650515764951706,0.034650515764951706,0.034650515764951706,0.047299254685640335,0.038625653833150864,0.03621960058808327,0.03693632036447525,0.036852914839982986,0.04022751748561859,0.043870557099580765,0.034650515764951706,0.034650515764951706
2019-03-04,0.03538373112678528,0.0350508876144886,0.04104011505842209,0.04109881818294525,0.03434619680047035,0.0390707291662693,0.03434619680047035,0.03434619680047035,0.03434619680047035,0.03434619680047035,0.03434619680047035,0.03434619680047035,0.03434619680047035,0.03434619680047035,0.03934681788086891,0.03620218485593796,0.03434619680047035,0.03434619680047035,0.04991031065583229,0.04158708453178406,0.03497209772467613,0.03434619680047035,0.035327278077602386,0.042873915284872055,0.046256035566329956,0.03537944704294205,0.03434619680047035
2019-03-05,0.037003688514232635,0.03421821817755699,0.04340338706970215,0.03807242587208748,0.03421821817755699,0.03800947591662407,0.03421821817755699,0.03421821817755699,0.03568032383918762,0.03421821817755699,0.03465627133846283,0.03421821817755699,0.03421821817755699,0.03421821817755699,0.03959330543875694,0.03759939968585968,0.03421821817755699,0.03421821817755699,0.051500219851732254,0.041618552058935165,0.03569331765174866,0.03421821817755699,0.03421821817755699,0.0403631255030632,0.04610862582921982,0.03586100786924362,0.03421821817755699
2019-03-06,0.03892824053764343,0.0341050960123539,0.04293547943234444,0.03620483726263046,0.0341050960123539,0.03671203553676605,0.03584028035402298,0.0341050960123539,0.037471700459718704,0.0341050960123539,0.03469886630773544,0.0341050960123539,0.0341050960123539,0.03419351577758789,0.04156153276562691,0.037859831005334854,0.0341050960123539,0.0341050960123539,0.04909072071313858,0.03973423317074776,0.03703302517533302,0.0341050960123539,0.0341050960123539,0.03923415020108223,0.04817454144358635,0.035170964896678925,0.0341050960123539
2019-03-07,0.038266073912382126,0.034043796360492706,0.0465644933283329,0.03658867999911308,0.034043796360492706,0.03667950630187988,0.034910932183265686,0.034043796360492706,0.03885974735021591,0.034043796360492706,0.034043796360492706,0.034043796360492706,0.034043796360492706,0.034043796360492706,0.04018503054976463,0.03695845231413841,0.034043796360492706,0.034043796360492706,0.05033433064818382,0.041219089180231094,0.03535950556397438,0.034043796360492706,0.034043796360492706,0.03854715824127197,0.04714265465736389,0.03581496700644493,0.034043796360492706
2019-03-08,0.03445472568273544,0.03596814349293709,0.04760356247425079,0.03445472568273544,0.03445472568273544,0.03904704377055168,0.03732973709702492,0.03445472568273544,0.043221600353717804,0.03445472568273544,0.03445472568273544,0.03459528833627701,0.03445472568273544,0.03445472568273544,0.04049082100391388,0.036613259464502335,0.03445472568273544,0.03445472568273544,0.0417105108499527,0.038547687232494354,0.03722564876079559,0.03445472568273544,0.03445472568273544,0.03565133735537529,0.049629248678684235,0.03445472568273544,0.03445472568273544
2019-03-11,0.03441822528839111,0.03657098114490509,0.048497315496206284,0.03441822528839111,0.03441822528839111,0.04034074768424034,0.037177082151174545,0.03441822528839111,0.04258079454302788,0.03441822528839111,0.03486659750342369,0.03739528730511665,0.03441822528839111,0.03441822528839111,0.03815583884716034,0.03620263561606407,0.034698486328125,0.035310618579387665,0.040462676435709,0.03900598734617233,0.03838782384991646,0.03441822528839111,0.03441822528839111,0.03441822528839111,0.046211760491132736,0.03553488105535507,0.03441822528839111
2019-03-12,0.037262748926877975,0.03412192314863205,0.04439641535282135,0.036531176418066025,0.03412192314863205,0.03792852163314819,0.035771701484918594,0.03412192314863205,0.038697391748428345,0.03412192314863205,0.035649918019771576,0.03412192314863205,0.03412192314863205,0.034325890243053436,0.04035479575395584,0.036074429750442505,0.03412192314863205,0.03412192314863205,0.04952910169959068,0.03948839008808136,0.03828500956296921,0.03412192314863205,0.03412192314863205,0.038055289536714554,0.046915557235479355,0.03539247065782547,0.03412192314863205
2019-03-13,0.035875458270311356,0.035272758454084396,0.04171837866306305,0.03609844669699669,0.035272758454084396,0.03693430498242378,0.04074288532137871,0.035272758454084396,0.04019544646143913,0.035272758454084396,0.03582249954342842,0.035272758454084396,0.035272758454084396,0.03806925192475319,0.03625315800309181,0.03530054911971092,0.035272758454084396,0.035272758454084396,0.040346574038267136,0.037802740931510925,0.03631806746125221,0.03548687696456909,0.036082394421100616,0.036174532026052475,0.047914180904626846,0.035272758454084396,0.035409457981586456
2019-03-14,0.0351138561964035,0.0351138561964035,0.03923798352479935,0.036372244358062744,0.0351138561964035,0.037913352251052856,0.04212312772870064,0.0351138561964035,0.037566058337688446,0.0351138561964035,0.03625427931547165,0.0351138561964035,0.0351138561964035,0.03804958239197731,0.035893186926841736,0.0351138561964035,0.0351138561964035,0.0351138561964035,0.038854025304317474,0.038797520101070404,0.03714918717741966,0.0362725667655468,0.03668748587369919,0.03789816424250603,0.04956496134400368,0.0351138561964035,0.0351138561964035
2019-03-15,0.03521241247653961,0.03521241247653961,0.03678344562649727,0.03652452304959297,0.03521241247653961,0.03782513737678528,0.04463420435786247,0.03521241247653961,0.03850579261779785,0.03521241247653961,0.03523171693086624,0.03521241247653961,0.0354422964155674,0.03955978527665138,0.03521241247653961,0.03521241247653961,0.03521241247653961,0.03521241247653961,0.037248652428388596,0.03808618709445,0.036816295236349106,0.035520199686288834,0.03716348856687546,0.03789274021983147,0.04997245594859123,0.03521241247653961,0.03545655310153961
2019-03-18,0.035210609436035156,0.035210609436035156,0.037406500428915024,0.03640842065215111,0.035210609436035156,0.03789861500263214,0.04377611726522446,0.035210609436035156,0.03814459592103958,0.035210609436035156,0.03560891002416611,0.035210609436035156,0.035210609436035156,0.03915086016058922,0.035210609436035156,0.035210609436035156,0.035210609436035156,0.035210609436035156,0.03742586821317673,0.03763318434357643,0.03682379424571991,0.036233387887477875,0.03764772415161133,0.03831997513771057,0.049784090369939804,0.035210609436035156,0.035210609436035156
2019-03-19,0.035146210342645645,0.035146210342645645,0.03664054721593857,0.03667004033923149,0.035146210342645645,0.0381624773144722,0.04466290771961212,0.035146210342645645,0.03805955499410629,0.035146210342645645,0.03551755100488663,0.035146210342645645,0.035557497292757034,0.03915342688560486,0.03526247292757034,0.035146210342645645,0.035146210342645645,0.035146210342645645,0.03672245889902115,0.03770022839307785,0.03724505379796028,0.03605036437511444,0.03711177408695221,0.03826114162802696,0.050614193081855774,0.035146210342645645,0.035146210342645645
2019-03-20,0.03583705425262451,0.03509977087378502,0.03882571682333946,0.037651725113391876,0.03509977087378502,0.03737547993659973,0.041988667100667953,0.03509977087378502,0.03877829760313034,0.03509977087378502,0.035257671028375626,0.03509977087378502,0.03524059057235718,0.03536909446120262,0.03509977087378502,0.03509977087378502,0.03509977087378502,0.03509977087378502,0.03873548284173012,0.03612913936376572,0.03702469542622566,0.039055030792951584,0.038619112223386765,0.038109153509140015,0.04990558326244354,0.03509977087378502,0.03509977087378502
2019-03-21,0.03492169827222824,0.03492169827222824,0.03688778728246689,0.037293821573257446,0.03492169827222824,0.038556069135665894,0.04462842270731926,0.03492169827222824,0.03694206103682518,0.03492169827222824,0.036815471947193146,0.03492169827222824,0.03533341363072395,0.038356535136699677,0.03624788671731949,0.03533470630645752,0.03492169827222824,0.03492169827222824,0.03741146996617317,0.03759000077843666,0.03797753527760506,0.035169173032045364,0.03595752641558647,0.03750276938080788,0.05277832970023155,0.03492169827222824,0.03492169827222824
2019-03-22,0.03484735265374184,0.03484735265374184,0.0387243889272213,0.03692478686571121,0.03484735265374184,0.038896188139915466,0.0441298745572567,0.03484735265374184,0.036600109189748764,0.03484735265374184,0.03726882115006447,0.03692706301808357,0.039400774985551834,0.0393054261803627,0.03590220957994461,0.036629095673561096,0.03484735265374184,0.03484735265374184,0.035464104264974594,0.03484735265374184,0.0370185449719429,0.03484735265374184,0.035237278789281845,0.03569471091032028,0.05255574733018875,0.03484735265374184,0.03484735265374184
2019-03-25,0.03435751795768738,0.03426123410463333,0.04178592562675476,0.03793836757540703,0.03426123410463333,0.03723912313580513,0.039631206542253494,0.03426123410463333,0.03539344295859337,0.03426123410463333,0.038681842386722565,0.0461876317858696,0.03426123410463333,0.039652492851018906,0.038635220378637314,0.03963574394583702,0.03426123410463333,0.0346478633582592,0.03539489582180977,0.03426123410463333,0.03864946588873863,0.03859197348356247,0.03426123410463333,0.03426123410463333,0.04448816552758217,0.03647680953145027,0.03426123410463333
2019-03-26,0.034334395080804825,0.036120619624853134,0.04289392754435539,0.036502789705991745,0.03406645730137825,0.036956992000341415,0.038483876734972,0.03406645730137825,0.03452067822217941,0.03406645730137825,0.038253892213106155,0.04842979088425636,0.03406645730137825,0.03847046568989754,0.0376458615064621,0.038767196238040924,0.03406645730137825,0.03793681412935257,0.03406645730137825,0.03406645730137825,0.03909063711762428,0.040382348001003265,0.03637121990323067,0.03406645730137825,0.04123330116271973,0.03700711578130722,0.03406645730137825
2019-03-27,0.03820870444178581,0.03466993570327759,0.04301036521792412,0.03806227445602417,0.03466993570327759,0.036924853920936584,0.041336532682180405,0.03555753827095032,0.03480318933725357,0.03466993570327759,0.037219516932964325,0.04014384001493454,0.03481300547719002,0.03814351186156273,0.035081882029771805,0.03824157640337944,0.03466993570327759,0.034672096371650696,0.03857873007655144,0.03466993570327759,0.039143726229667664,0.038937367498874664,0.03466993570327759,0.03466993570327759,0.04509182274341583,0.03466993570327759,0.03466993570327759
2019-03-28,0.03791633993387222,0.03448747470974922,0.04680582135915756,0.03801935911178589,0.034133266657590866,0.036357976496219635,0.03866975009441376,0.037089310586452484,0.038332972675561905,0.034133266657590866,0.037844352424144745,0.04050524905323982,0.034133266657590866,0.03852694854140282,0.037711359560489655,0.04106808826327324,0.034133266657590866,0.034133266657590866,0.04005417972803116,0.034133266657590866,0.03561953455209732,0.03665705770254135,0.034133266657590866,0.034133266657590866,0.04300151392817497,0.034133266657590866,0.034133266657590866
2019-03-29,0.03579720854759216,0.034525565803050995,0.042861517518758774,0.03894786164164543,0.034525565803050995,0.03528974950313568,0.04168296232819557,0.03608430176973343,0.0384172759950161,0.034525565803050995,0.03732231631875038,0.04020377993583679,0.03461255878210068,0.04006282612681389,0.037943728268146515,0.03863483667373657,0.034525565803050995,0.034525565803050995,0.04041034355759621,0.034525565803050995,0.036695145070552826,0.03494568169116974,0.034525565803050995,0.034525565803050995,0.04483228176832199,0.034525565803050995,0.034525565803050995
2019-04-01,0.03811359778046608,0.03457607701420784,0.04750610515475273,0.037859782576560974,0.03457607701420784,0.03526100143790245,0.038656290620565414,0.0354834608733654,0.03904441371560097,0.03457607701420784,0.03638976812362671,0.038017094135284424,0.03457607701420784,0.03924556076526642,0.037611693143844604,0.040033746510744095,0.03457607701420784,0.03457607701420784,0.041955359280109406,0.03457607701420784,0.03595375269651413,0.03665933385491371,0.03457607701420784,0.03457607701420784,0.041872166097164154,0.03457607701420784,0.03457607701420784
2019-04-02,0.042635589838027954,0.03412842005491257,0.045333296060562134,0.039547886699438095,0.03412842005491257,0.034736573696136475,0.039242956787347794,0.03690928593277931,0.03656117245554924,0.03412842005491257,0.03679703548550606,0.034160032868385315,0.03412842005491257,0.03849158436059952,0.037497516721487045,0.04372426122426987,0.03412842005491257,0.03548993542790413,0.04302804544568062,0.03412842005491257,0.03412842005491257,0.03633834049105644,0.03412842005491257,0.03412842005491257,0.04409392923116684,0.03412842005491257,0.03412842005491257
2019-04-03,0.04207015037536621,0.03440786153078079,0.043112508952617645,0.040341220796108246,0.03440786153078079,0.035053133964538574,0.04069863632321358,0.03548021987080574,0.037549059838056564,0.03440786153078079,0.03483077511191368,0.03440786153078079,0.03440786153078079,0.04004484415054321,0.03618424013257027,0.0431106761097908,0.03440786153078079,0.03452398255467415,0.042775414884090424,0.03440786153078079,0.03440786153078079,0.03492426127195358,0.034676194190979004,0.035482242703437805,0.045063845813274384,0.03440786153078079,0.03440786153078079
2019-04-04,0.03817911446094513,0.035096101462841034,0.04414498805999756,0.03959321975708008,0.03477456420660019,0.0369408093392849,0.038196220993995667,0.03477456420660019,0.03555495664477348,0.03477456420660019,0.03541165217757225,0.03477456420660019,0.03477456420660019,0.038701675832271576,0.037657592445611954,0.04368962347507477,0.03477456420660019,0.03477456420660019,0.04172815382480621,0.03477456420660019,0.03477456420660019,0.03477456420660019,0.03592943772673607,0.03659103438258171,0.04529062286019325,0.03477456420660019,0.03477456420660019
2019-04-05,0.03474614769220352,0.03474614769220352,0.03803028166294098,0.039941780269145966,0.03474614769220352,0.03584926202893257,0.03474614769220352,0.0369834266602993,0.03474614769220352,0.03474614769220352,0.03474614769220352,0.03474614769220352,0.03474614769220352,0.03719334676861763,0.036470118910074234,0.04214651882648468,0.03474614769220352,0.03474614769220352,0.047834184020757675,0.03636207431554794,0.03474614769220352,0.03474614769220352,0.035552363842725754,0.04349661245942116,0.048947881907224655,0.03474614769220352,0.03474614769220352
2019-04-08,0.03523688390851021,0.03523688390851021,0.04028788581490517,0.03910363093018532,0.03523688390851021,0.035890668630599976,0.03523688390851021,0.036512285470962524,0.03523688390851021,0.03523688390851021,0.03523688390851021,0.03523688390851021,0.03523688390851021,0.03812162205576897,0.03535972163081169,0.04222119599580765,0.03523688390851021,0.03523688390851021,0.0440329872071743,0.03655209392309189,0.03523688390851021,0.03523688390851021,0.03718135505914688,0.041723914444446564,0.04445933923125267,0.03523688390851021,0.03523688390851021
2019-04-09,0.03530116379261017,0.03515084460377693,0.04179084300994873,0.03919071704149246,0.03515084460377693,0.036006100475788116,0.03515084460377693,0.03515084460377693,0.03515084460377693,0.03515084460377693,0.03515084460377693,0.03515084460377693,0.03515084460377693,0.037574831396341324,0.036302611231803894,0.04255589842796326,0.03515084460377693,0.03515084460377693,0.045078229159116745,0.0376657210290432,0.03515084460377693,0.03515084460377693,0.036321621388196945,0.0407869890332222,0.04416264593601227,0.03515084460377693,0.03515084460377693
2019-04-10,0.038670625537633896,0.03478702902793884,0.045941539108753204,0.037509337067604065,0.03478702902793884,0.03582342714071274,0.036138810217380524,0.03478702902793884,0.03478702902793884,0.03478702902793884,0.03532732278108597,0.03478702902793884,0.03478702902793884,0.0368012860417366,0.03780025616288185,0.04267486557364464,0.03478702902793884,0.03478702902793884,0.04494516924023628,0.03840780630707741,0.03478702902793884,0.0358247384428978,0.03478702902793884,0.03801725432276726,0.04388623312115669,0.03478702902793884,0.03478702902793884
2019-04-11,0.034685168415308,0.034685168415308,0.039720937609672546,0.0398884043097496,0.034685168415308,0.035390645265579224,0.034685168415308,0.03482963889837265,0.034685168415308,0.034685168415308,0.034685168415308,0.034685168415308,0.034685168415308,0.03628166392445564,0.03769775480031967,0.04250921681523323,0.034685168415308,0.034685168415308,0.05013720318675041,0.03837798535823822,0.034685168415308,0.034685168415308,0.034685168415308,0.04257545247673988,0.04762837290763855,0.034685168415308,0.034685168415308
2019-04-12,0.03465588018298149,0.03465588018298149,0.03848370909690857,0.042350124567747116,0.03465588018298149,0.03829308971762657,0.03465588018298149,0.03465588018298149,0.03465588018298149,0.03465588018298149,0.03465588018298149,0.03465588018298149,0.03465588018298149,0.03677927702665329,0.03573616221547127,0.04353708401322365,0.03465588018298149,0.03465588018298149,0.04802566021680832,0.03599013388156891,0.03465588018298149,0.03465588018298149,0.03668079152703285,0.04259141907095909,0.04703845456242561,0.03465588018298149,0.03465588018298149
2019-04-15,0.03484712168574333,0.03484712168574333,0.04097335413098335,0.03936019912362099,0.03484712168574333,0.03919051215052605,0.03484712168574333,0.03484712168574333,0.03484712168574333,0.03484712168574333,0.03484712168574333,0.03484712168574333,0.03484712168574333,0.03606048598885536,0.03581046313047409,0.04310571774840355,0.03484712168574333,0.03484712168574333,0.04520401358604431,0.040136389434337616,0.03484712168574333,0.03484712168574333,0.03602266684174538,0.04114818200469017,0.04543406516313553,0.03484712168574333,0.03484712168574333
2019-04-16,0.03474901244044304,0.03474901244044304,0.036907944828271866,0.04057637229561806,0.03474901244044304,0.038334671407938004,0.03640063852071762,0.03474901244044304,0.03474901244044304,0.03474901244044304,0.03474901244044304,0.03474901244044304,0.03735936060547829,0.037628550082445145,0.03603227436542511,0.04092191159725189,0.03474901244044304,0.03474901244044304,0.04394092410802841,0.04136019945144653,0.03474901244044304,0.03474901244044304,0.03474901244044304,0.040531180799007416,0.04730898141860962,0.03474901244044304,0.03621082007884979
2019-04-17,0.036979805678129196,0.03455514460802078,0.044631004333496094,0.036402326077222824,0.03455514460802078,0.034981101751327515,0.03645810857415199,0.03455514460802078,0.034621741622686386,0.03455514460802078,0.03455514460802078,0.03455514460802078,0.03455514460802078,0.03473511338233948,0.03945433720946312,0.042414113879203796,0.03455514460802078,0.035762447863817215,0.04943973198533058,0.04098587855696678,0.03455514460802078,0.03455514460802078,0.03455514460802078,0.037189073860645294,0.04672829061746597,0.03455514460802078,0.03455514460802078
2019-04-18,0.034827057272195816,0.03534512594342232,0.042421940714120865,0.03970307111740112,0.034827057272195816,0.039432983845472336,0.034827057272195816,0.034827057272195816,0.034827057272195816,0.034827057272195816,0.034827057272195816,0.034827057272195816,0.034827057272195816,0.034827057272195816,0.03900422900915146,0.04261237755417824,0.034827057272195816,0.034827057272195816,0.0441301167011261,0.03932151198387146,0.034827057272195816,0.034827057272195816,0.034827057272195816,0.04104058817028999,0.04492805153131485,0.034827057272195816,0.034827057272195816
2019-04-22,0.03517228364944458,0.037475068122148514,0.041274964809417725,0.03759598359465599,0.03517228364944458,0.04206930473446846,0.03517228364944458,0.03517228364944458,0.03517228364944458,0.03517228364944458,0.03517228364944458,0.03517228364944458,0.03517228364944458,0.03517228364944458,0.03879373148083687,0.041668232530355453,0.03517228364944458,0.03517228364944458,0.036447081714868546,0.04001370817422867,0.03517228364944458,0.03517228364944458,0.03517228364944458,0.04162554070353508,0.045107580721378326,0.03517228364944458,0.03517228364944458
2019-04-23,0.03491318225860596,0.03663809970021248,0.043755099177360535,0.036560025066137314,0.03491318225860596,0.04008736461400986,0.03491318225860596,0.03491318225860596,0.03491318225860596,0.03491318225860596,0.03491318225860596,0.03581731766462326,0.03491318225860596,0.03491318225860596,0.04053257033228874,0.042195118963718414,0.03491318225860596,0.03937229514122009,0.03775939717888832,0.038125839084386826,0.03592076897621155,0.03491318225860596,0.03491318225860596,0.03754867613315582,0.04666197672486305,0.03515410050749779,0.03491318225860596
2019-04-24,0.03513685241341591,0.035469282418489456,0.038199808448553085,0.03975621983408928,0.03513685241341591,0.042407866567373276,0.03513685241341591,0.03513685241341591,0.03513685241341591,0.03513685241341591,0.03513685241341591,0.03556760028004646,0.03513685241341591,0.03513685241341591,0.041008006781339645,0.040402334183454514,0.03513685241341591,0.03594956919550896,0.03539808839559555,0.03958587720990181,0.03694882243871689,0.03513685241341591,0.03513685241341591,0.03967922553420067,0.04674287512898445,0.03610534965991974,0.03513685241341591
2019-04-25,0.03469080850481987,0.03469080850481987,0.04113943502306938,0.03752584755420685,0.03469080850481987,0.04138002544641495,0.035975031554698944,0.03469080850481987,0.03469080850481987,0.03469080850481987,0.03469080850481987,0.038767144083976746,0.03469080850481987,0.03469080850481987,0.04195808619260788,0.03981797769665718,0.03469080850481987,0.0403745174407959,0.03515768423676491,0.03832089155912399,0.03800897300243378,0.03469080850481987,0.03469080850481987,0.03765184432268143,0.046767041087150574,0.036174993962049484,0.03469080850481987
2019-04-26,0.034924305975437164,0.036923281848430634,0.036739155650138855,0.03830251097679138,0.034924305975437164,0.04494938626885414,0.0350298173725605,0.034924305975437164,0.034924305975437164,0.034924305975437164,0.03520134463906288,0.04224713146686554,0.034924305975437164,0.03519510477781296,0.03994501009583473,0.034924305975437164,0.034924305975437164,0.03528067097067833,0.034924305975437164,0.036880966275930405,0.04164214804768562,0.034924305975437164,0.034924305975437164,0.03672080487012863,0.04864742234349251,0.03720361739397049,0.034924305975437164
2019-04-29,0.03430737555027008,0.03430737555027008,0.03968140482902527,0.035856857895851135,0.03430737555027008,0.039273981004953384,0.0378161258995533,0.03430737555027008,0.03618679195642471,0.03430737555027008,0.03670692816376686,0.046523164957761765,0.03430737555027008,0.03430737555027008,0.041964758187532425,0.03430737555027008,0.03430737555027008,0.04157952219247818,0.03430737555027008,0.039158839732408524,0.039681326597929,0.03430737555027008,0.03430737555027008,0.03430737555027008,0.046529192477464676,0.038737788796424866,0.03430737555027008
2019-04-30,0.034345824271440506,0.034345824271440506,0.038412436842918396,0.03636583313345909,0.034345824271440506,0.0390443354845047,0.039381470531225204,0.034345824271440506,0.03754691034555435,0.034345824271440506,0.036298319697380066,0.04724906384944916,0.034345824271440506,0.034345824271440506,0.04035942256450653,0.034345824271440506,0.034345824271440506,0.0421154610812664,0.034345824271440506,0.04017961397767067,0.03990978002548218,0.034345824271440506,0.034345824271440506,0.034345824271440506,0.0435720831155777,0.038723718374967575,0.034345824271440506
2019-05-01,0.03403260186314583,0.03403260186314583,0.04356147721409798,0.03403260186314583,0.03403260186314583,0.03848911076784134,0.03936052322387695,0.03403260186314583,0.04004746302962303,0.03403260186314583,0.03664791211485863,0.04701319336891174,0.03403260186314583,0.03403260186314583,0.0388651117682457,0.03403260186314583,0.036675576120615005,0.0412171445786953,0.03403260186314583,0.038259364664554596,0.03898289054632187,0.03403260186314583,0.03403260186314583,0.034211937338113785,0.04487302154302597,0.0376758947968483,0.03572812303900719
2019-05-02,0.034268785268068314,0.03600688278675079,0.047589629888534546,0.03451744467020035,0.034268785268068314,0.042024727910757065,0.034268785268068314,0.034268785268068314,0.03704326972365379,0.034268785268068314,0.0382092110812664,0.03647957742214203,0.034268785268068314,0.034268785268068314,0.040911704301834106,0.0358581505715847,0.03628329932689667,0.0380512997508049,0.0384845957159996,0.03863280266523361,0.03608839958906174,0.034268785268068314,0.034268785268068314,0.03763690963387489,0.0461454838514328,0.037348758429288864,0.034268785268068314
2019-05-03,0.03435156121850014,0.0349293053150177,0.044940073043107986,0.03435156121850014,0.03435156121850014,0.04108331352472305,0.03435156121850014,0.03435156121850014,0.03588137403130531,0.03435156121850014,0.037788666784763336,0.03752091899514198,0.03435156121850014,0.03435156121850014,0.042576685547828674,0.037465985864400864,0.03538243845105171,0.038777247071266174,0.03721564635634422,0.03867170214653015,0.037002697587013245,0.03435156121850014,0.03435156121850014,0.03773991018533707,0.04852565377950668,0.036631204187870026,0.03435156121850014
2019-05-06,0.03439730405807495,0.03485308960080147,0.04459084942936897,0.03439730405807495,0.03439730405807495,0.040947407484054565,0.03439730405807495,0.03439730405807495,0.03767479583621025,0.03439730405807495,0.03896663710474968,0.037561364471912384,0.03439730405807495,0.03439730405807495,0.041669849306344986,0.03797991946339607,0.03439730405807495,0.037269216030836105,0.036949045956134796,0.03883405774831772,0.03685035556554794,0.03439730405807495,0.03439730405807495,0.03722548484802246,0.04907013848423958,0.0367901436984539,0.03439730405807495
2019-05-07,0.03451438993215561,0.040674805641174316,0.0441848486661911,0.03451438993215561,0.03451438993215561,0.04140949621796608,0.036803245544433594,0.03451438993215561,0.0387137196958065,0.03451438993215561,0.03967735171318054,0.04358173906803131,0.03451438993215561,0.03451438993215561,0.03835004195570946,0.035404451191425323,0.03451438993215561,0.03642655536532402,0.03451438993215561,0.035045456141233444,0.03648721054196358,0.03451438993215561,0.03451438993215561,0.03451438993215561,0.04468848928809166,0.03809625655412674,0.036283642053604126
2019-05-08,0.03454985097050667,0.034905944019556046,0.03896227851510048,0.03454985097050667,0.03454985097050667,0.039399340748786926,0.03788090497255325,0.03454985097050667,0.03515482693910599,0.03454985097050667,0.0393146276473999,0.04607096314430237,0.03464003652334213,0.03454985097050667,0.04010281339287758,0.03505401685833931,0.03454985097050667,0.039568621665239334,0.03454985097050667,0.03657710924744606,0.04014990106225014,0.03454985097050667,0.03454985097050667,0.03488073870539665,0.047787174582481384,0.039502330124378204,0.03454985097050667
2019-05-09,0.03470190614461899,0.03470190614461899,0.03996066749095917,0.03470190614461899,0.03470190614461899,0.037650275975465775,0.03866958990693092,0.03470190614461899,0.03517191484570503,0.03470190614461899,0.03790946677327156,0.04675648361444473,0.034932732582092285,0.035388361662626266,0.03924105316400528,0.03588712960481644,0.03470190614461899,0.04050327464938164,0.035269107669591904,0.03683760389685631,0.03974589332938194,0.03470190614461899,0.03470190614461899,0.03470190614461899,0.046144746243953705,0.038210779428482056,0.03470190614461899
2019-05-10,0.034579724073410034,0.03715131804347038,0.04103119671344757,0.034579724073410034,0.034579724073410034,0.03887176141142845,0.03999572992324829,0.034579724073410034,0.03670082613825798,0.034579724073410034,0.03745056688785553,0.04706285521388054,0.03611581027507782,0.034579724073410034,0.03822581097483635,0.035201746970415115,0.034579724073410034,0.03853776678442955,0.034579724073410034,0.0355520062148571,0.03757309168577194,0.034579724073410034,0.034579724073410034,0.034579724073410034,0.04485354200005531,0.03767195716500282,0.03762700408697128
2019-05-13,0.034169893711805344,0.03592992573976517,0.04135560616850853,0.034169893711805344,0.034169893711805344,0.03811677172780037,0.0420459620654583,0.034169893711805344,0.038990892469882965,0.034169893711805344,0.035545360296964645,0.04934900999069214,0.034169893711805344,0.034169893711805344,0.03671693056821823,0.034312713891267776,0.036099888384342194,0.040008898824453354,0.034169893711805344,0.03606664761900902,0.03872603178024292,0.034169893711805344,0.034169893711805344,0.034169893711805344,0.04372792690992355,0.03716609627008438,0.03997259587049484
2019-05-14,0.03715207800269127,0.03899744898080826,0.0345800556242466,0.03422494977712631,0.03422494977712631,0.03901894763112068,0.04246896132826805,0.03422494977712631,0.03422494977712631,0.03422494977712631,0.03422494977712631,0.045067962259054184,0.03831515461206436,0.03422494977712631,0.03422494977712631,0.03554512932896614,0.03834282234311104,0.038986291736364365,0.03495554253458977,0.04097740724682808,0.03882361203432083,0.03422494977712631,0.03422494977712631,0.03512962907552719,0.039871785789728165,0.03850900009274483,0.04100865125656128
2019-05-15,0.035181283950805664,0.03522567078471184,0.03932762145996094,0.03411254286766052,0.03411254286766052,0.03624605014920235,0.04376107454299927,0.03411254286766052,0.03676435723900795,0.03411254286766052,0.03411254286766052,0.04750337451696396,0.03411254286766052,0.034122537821531296,0.03411254286766052,0.03547189384698868,0.03787075728178024,0.0423557311296463,0.03523847833275795,0.0416417121887207,0.03996668756008148,0.03411254286766052,0.03411254286766052,0.03411254286766052,0.04051552340388298,0.037714872509241104,0.03996691852807999
2019-05-16,0.036365535110235214,0.03717943653464317,0.04460395127534866,0.034140706062316895,0.034140706062316895,0.034945785999298096,0.04185790568590164,0.034140706062316895,0.0360197015106678,0.034140706062316895,0.034140706062316895,0.04580624774098396,0.034140706062316895,0.034140706062316895,0.034140706062316895,0.036899447441101074,0.03765692934393883,0.041176989674568176,0.03599262237548828,0.03919176757335663,0.038057487457990646,0.034140706062316895,0.034140706062316895,0.034140706062316895,0.043528616428375244,0.0377984493970871,0.037371400743722916
2019-05-17,0.03883567824959755,0.03487931564450264,0.04449550807476044,0.03459861874580383,0.03459861874580383,0.03459861874580383,0.041634202003479004,0.03459861874580383,0.03715990111231804,0.03459861874580383,0.03459861874580383,0.04433770477771759,0.03459861874580383,0.03459861874580383,0.03459861874580383,0.03692033886909485,0.035196453332901,0.038728613406419754,0.03982923552393913,0.0375429131090641,0.03671296313405037,0.03459861874580383,0.03459861874580383,0.03459861874580383,0.045611586421728134,0.03626194968819618,0.036670323461294174
2019-05-20,0.03894991800189018,0.034138526767492294,0.04382286220788956,0.033860959112644196,0.033860959112644196,0.034319862723350525,0.04244973883032799,0.033860959112644196,0.03959668427705765,0.033860959112644196,0.033860959112644196,0.04995284602046013,0.033860959112644196,0.033860959112644196,0.03609035536646843,0.033860959112644196,0.03739149495959282,0.04249968379735947,0.036669403314590454,0.03767632320523262,0.03969529643654823,0.033860959112644196,0.033860959112644196,0.033860959112644196,0.03968614712357521,0.03672541305422783,0.03786485642194748
2019-05-21,0.03816909343004227,0.03773169219493866,0.04212645813822746,0.0341109000146389,0.0341109000146389,0.0342918336391449,0.04185372591018677,0.0341109000146389,0.037160724401474,0.0341109000146389,0.0341109000146389,0.048358380794525146,0.0341109000146389,0.0341109000146389,0.035223864018917084,0.03489278256893158,0.037035904824733734,0.042144425213336945,0.036410290747880936,0.03804992139339447,0.038594603538513184,0.0341109000146389,0.0341109000146389,0.0341109000146389,0.041697438806295395,0.037715036422014236,0.03743483126163483
2019-05-22,0.04438839107751846,0.03781910985708237,0.044954877346754074,0.03386572003364563,0.03386572003364563,0.03542560711503029,0.042531222105026245,0.03386572003364563,0.039366014301776886,0.03386572003364563,0.03386572003364563,0.04705722630023956,0.03386572003364563,0.03386572003364563,0.035625480115413666,0.03872083127498627,0.03679622337222099,0.039621952921152115,0.038451723754405975,0.035773709416389465,0.035193219780921936,0.03386572003364563,0.03386572003364563,0.03386572003364563,0.04026876389980316,0.03548276051878929,0.03386572003364563
2019-05-23,0.0451616570353508,0.040665607899427414,0.042940542101860046,0.034328676760196686,0.034328676760196686,0.035337917506694794,0.041613705456256866,0.034328676760196686,0.03839924558997154,0.03588206693530083,0.03474247828125954,0.05006758123636246,0.036377549171447754,0.034328676760196686,0.034328676760196686,0.03728734329342842,0.03743881732225418,0.036029282957315445,0.03434281423687935,0.035029903054237366,0.034328676760196686,0.034755460917949677,0.034328676760196686,0.034328676760196686,0.04019360616803169,0.034722886979579926,0.034382015466690063
2019-05-24,0.0377340093255043,0.03420206159353256,0.03420206159353256,0.03420206159353256,0.03420206159353256,0.0363224521279335,0.04718662053346634,0.03420206159353256,0.03420206159353256,0.03420206159353256,0.034242283552885056,0.04428732767701149,0.042056355625391006,0.035004470497369766,0.03420206159353256,0.03420206159353256,0.03450101613998413,0.036373235285282135,0.03625689819455147,0.04192401096224785,0.03884813189506531,0.03420206159353256,0.03420206159353256,0.037990834563970566,0.04526311904191971,0.035891979932785034,0.0398947112262249
2019-05-28,0.03914213925600052,0.03488636389374733,0.034349240362644196,0.034349240362644196,0.034349240362644196,0.03581954538822174,0.04775276407599449,0.034349240362644196,0.036291416734457016,0.034349240362644196,0.03545777127146721,0.04469679668545723,0.045617759227752686,0.0364803671836853,0.034349240362644196,0.034349240362644196,0.03453299030661583,0.034349240362644196,0.034349240362644196,0.04080748185515404,0.03537699952721596,0.034349240362644196,0.034349240362644196,0.03589978814125061,0.04217519238591194,0.03646542876958847,0.04075552895665169
2019-05-29,0.03651803731918335,0.03552466258406639,0.034630853682756424,0.034398842602968216,0.034398842602968216,0.038328684866428375,0.04321349412202835,0.034398842602968216,0.03555517643690109,0.034398842602968216,0.037540171295404434,0.04878326877951622,0.043836481869220734,0.03573054075241089,0.034398842602968216,0.034398842602968216,0.03489329665899277,0.03611981123685837,0.034398842602968216,0.04099014401435852,0.03563682362437248,0.034398842602968216,0.034398842602968216,0.03632630035281181,0.038983892649412155,0.03883200138807297,0.03896668925881386
2019-05-30,0.03396357223391533,0.034153684973716736,0.040272802114486694,0.03396357223391533,0.03396357223391533,0.038375046104192734,0.03897140920162201,0.03396357223391533,0.03396357223391533,0.03396357223391533,0.03694623336195946,0.05169670283794403,0.03396357223391533,0.03396357223391533,0.03516121581196785,0.0347350612282753,0.03822534531354904,0.04241682589054108,0.034853022545576096,0.04148542508482933,0.0409557968378067,0.03396357223391533,0.03396357223391533,0.03770234435796738,0.039951253682374954,0.04044264554977417,0.03401947766542435
2019-05-31,0.034940529614686966,0.03739403560757637,0.03726206347346306,0.034940529614686966,0.034940529614686966,0.03794947266578674,0.03545341640710831,0.034940529614686966,0.034940529614686966,0.034940529614686966,0.03612619265913963,0.04867473244667053,0.03646641597151756,0.034940529614686966,0.036939144134521484,0.03523850813508034,0.034940529614686966,0.037798069417476654,0.03522335737943649,0.03838442638516426,0.04035969451069832,0.034940529614686966,0.034940529614686966,0.03972544148564339,0.044220250099897385,0.03843892365694046,0.034940529614686966
2019-06-03,0.034005023539066315,0.0456114299595356,0.038218338042497635,0.034005023539066315,0.034005023539066315,0.037723198533058167,0.03469669073820114,0.034005023539066315,0.034005023539066315,0.034005023539066315,0.034005023539066315,0.06047093868255615,0.034005023539066315,0.03518523648381233,0.034005023539066315,0.035649754106998444,0.034005023539066315,0.04420429840683937,0.034005023539066315,0.04024460166692734,0.03943520784378052,0.034005023539066315,0.034586936235427856,0.034005023539066315,0.03484782949090004,0.04266899451613426,0.03439122810959816
2019-06-04,0.033890705555677414,0.039713576436042786,0.035243961960077286,0.033890705555677414,0.033890705555677414,0.04165044054389,0.040085893124341965,0.033890705555677414,0.033890705555677414,0.033890705555677414,0.0365665927529335,0.05136246234178543,0.039079856127500534,0.035052429884672165,0.0339411124587059,0.03718305751681328,0.033890705555677414,0.038632769137620926,0.033890705555677414,0.04281877353787422,0.03851308301091194,0.033890705555677414,0.033890705555677414,0.035791683942079544,0.03864297270774841,0.04292355105280876,0.033890705555677414
2019-06-05,0.03468705713748932,0.038058940321207047,0.03468705713748932,0.03468705713748932,0.03468705713748932,0.03957471251487732,0.03706808760762215,0.03468705713748932,0.03468705713748932,0.03468705713748932,0.03790253773331642,0.041481778025627136,0.0409080944955349,0.03468705713748932,0.0360964871942997,0.03685839846730232,0.03468705713748932,0.03468705713748932,0.03468705713748932,0.041744936257600784,0.03563358634710312,0.03468705713748932,0.03468705713748932,0.04223161190748215,0.04656782001256943,0.040254220366477966,0.03468705713748932
2019-06-06,0.03513159975409508,0.03513159975409508,0.03675335273146629,0.03513159975409508,0.03513159975409508,0.03513159975409508,0.045909132808446884,0.03513159975409508,0.03513159975409508,0.03513159975409508,0.03513159975409508,0.04088800400495529,0.0404636524617672,0.036363404244184494,0.03513159975409508,0.03894083574414253,0.03513159975409508,0.03513159975409508,0.03513159975409508,0.04315119609236717,0.03513159975409508,0.03513159975409508,0.03513159975409508,0.03711376711726189,0.04755647853016853,0.03535907715559006,0.03539551421999931
2019-06-07,0.037771787494421005,0.034975532442331314,0.03692887723445892,0.03583678603172302,0.034975532442331314,0.034975532442331314,0.044965703040361404,0.034975532442331314,0.034975532442331314,0.034975532442331314,0.034975532442331314,0.03662135824561119,0.041964560747146606,0.03655175492167473,0.034975532442331314,0.03921162709593773,0.034975532442331314,0.034975532442331314,0.037867527455091476,0.041885823011398315,0.034975532442331314,0.034975532442331314,0.034975532442331314,0.03834310546517372,0.04721019044518471,0.034975532442331314,0.03518349677324295
2019-06-10,0.035415951162576675,0.03492408245801926,0.03492408245801926,0.03611046448349953,0.03492408245801926,0.03498297557234764,0.04288041591644287,0.03517821803689003,0.03492408245801926,0.03492408245801926,0.03492408245801926,0.03492408245801926,0.03926100954413414,0.03492408245801926,0.03492408245801926,0.0381106473505497,0.03492408245801926,0.03492408245801926,0.04211902990937233,0.047210581600666046,0.03492408245801926,0.03492408245801926,0.03492408245801926,0.04101322963833809,0.04864222928881645,0.03492408245801926,0.03521398454904556
2019-06-11,0.045219991356134415,0.03435732424259186,0.04354826733469963,0.03582429513335228,0.03435732424259186,0.03435732424259186,0.04727965593338013,0.03435732424259186,0.041117168962955475,0.034748293459415436,0.03435732424259186,0.03715571388602257,0.036044564098119736,0.03435732424259186,0.03435732424259186,0.035439975559711456,0.03435732424259186,0.03435732424259186,0.03834998235106468,0.044729556888341904,0.03435732424259186,0.03455979377031326,0.03435732424259186,0.03435732424259186,0.04059360548853874,0.03435732424259186,0.03874395042657852
2019-06-12,0.04610021412372589,0.03429204598069191,0.04437350481748581,0.03429204598069191,0.03429204598069191,0.03429204598069191,0.046578675508499146,0.03429204598069191,0.043269187211990356,0.03600718080997467,0.03429204598069191,0.03750881925225258,0.03554384037852287,0.03429204598069191,0.03429204598069191,0.03530464693903923,0.03429204598069191,0.03429204598069191,0.03839356079697609,0.04437948390841484,0.03429204598069191,0.03441300243139267,0.03429204598069191,0.03429204598069191,0.04049814119935036,0.03429204598069191,0.03754109889268875
2019-06-13,0.04619095101952553,0.03407905250787735,0.040137890726327896,0.0347343385219574,0.03407905250787735,0.03407905250787735,0.04977741092443466,0.03496207669377327,0.04091665893793106,0.03594713658094406,0.03407905250787735,0.03407905250787735,0.037285156548023224,0.03611064329743385,0.03407905250787735,0.038007766008377075,0.03407905250787735,0.03415707126259804,0.03876778483390808,0.04285126551985741,0.03407905250787735,0.03407905250787735,0.03407905250787735,0.03407905250787735,0.04569923132658005,0.03407905250787735,0.03550606593489647
2019-06-14,0.04060851410031319,0.03408253565430641,0.03536616265773773,0.0368201807141304,0.03408253565430641,0.03408253565430641,0.044356487691402435,0.03459345921874046,0.03408253565430641,0.03408253565430641,0.03408253565430641,0.03408253565430641,0.03844691812992096,0.03566481173038483,0.03480887413024902,0.03682335466146469,0.03408253565430641,0.035012099891901016,0.046331629157066345,0.04282937943935394,0.03501976281404495,0.03408253565430641,0.03408253565430641,0.040093354880809784,0.05423461273312569,0.03408253565430641,0.03408253565430641
2019-06-17,0.04060593247413635,0.034082576632499695,0.035364944487810135,0.036820244044065475,0.034082576632499695,0.034082576632499695,0.04435410723090172,0.034593112766742706,0.034082576632499695,0.034082576632499695,0.034082576632499695,0.034082576632499695,0.03844761475920677,0.035665471106767654,0.03480983525514603,0.03682296350598335,0.034082576632499695,0.03501129895448685,0.04633282870054245,0.04282915219664574,0.035020098090171814,0.034082576632499695,0.034082576632499695,0.040094781666994095,0.054236702620983124,0.034082576632499695,0.034082576632499695
2019-06-18,0.04163295775651932,0.03440139815211296,0.037977103143930435,0.03711235895752907,0.03440139815211296,0.03440139815211296,0.0465303435921669,0.03440139815211296,0.03440139815211296,0.03440139815211296,0.03440139815211296,0.03440139815211296,0.03973710909485817,0.03820380941033363,0.03440139815211296,0.0384783111512661,0.03440139815211296,0.03440139815211296,0.04230380058288574,0.0418180376291275,0.03440139815211296,0.03440139815211296,0.03440139815211296,0.03763926401734352,0.048144519329071045,0.03440139815211296,0.03440139815211296
2019-06-19,0.03824692592024803,0.034854184836149216,0.04001714661717415,0.03753136843442917,0.034854184836149216,0.034854184836149216,0.041174184530973434,0.034854184836149216,0.03672738000750542,0.034854184836149216,0.034854184836149216,0.034854184836149216,0.034854184836149216,0.04037421569228172,0.03705577179789543,0.04096755385398865,0.034854184836149216,0.034854184836149216,0.0440787672996521,0.04009111970663071,0.034854184836149216,0.034854184836149216,0.034854184836149216,0.03582634776830673,0.04509648308157921,0.034854184836149216,0.034854184836149216
2019-06-20,0.037992555648088455,0.03454543277621269,0.04107414931058884,0.039574649184942245,0.03454543277621269,0.036375563591718674,0.040804505348205566,0.03454543277621269,0.036744121462106705,0.03454543277621269,0.035999033600091934,0.03454543277621269,0.03454543277621269,0.039886556565761566,0.038271889090538025,0.04420826956629753,0.03454543277621269,0.03454543277621269,0.04219663515686989,0.0352092869579792,0.03454543277621269,0.03454543277621269,0.03454543277621269,0.03470679372549057,0.04786541312932968,0.03454543277621269,0.03454543277621269
2019-06-21,0.03914206475019455,0.03426928445696831,0.04182610288262367,0.03975832834839821,0.03426928445696831,0.0366925410926342,0.04343273118138313,0.034499671310186386,0.03938296064734459,0.03426928445696831,0.0365544855594635,0.036327775567770004,0.03426928445696831,0.038223300129175186,0.03692159801721573,0.04383218660950661,0.03426928445696831,0.03455303981900215,0.03999042138457298,0.035536572337150574,0.03513173758983612,0.03426928445696831,0.03426928445696831,0.03426928445696831,0.04550163075327873,0.03426928445696831,0.03426928445696831
2019-06-24,0.039118584245443344,0.034270111471414566,0.04188154265284538,0.03969569876790047,0.034270111471414566,0.03662458062171936,0.043377261608839035,0.0345672145485878,0.0394614115357399,0.034270111471414566,0.036530543118715286,0.036290209740400314,0.034270111471414566,0.03821742907166481,0.03693443164229393,0.04381822794675827,0.034270111471414566,0.03455162048339844,0.040015045553445816,0.03550223633646965,0.03514144942164421,0.034270111471414566,0.034270111471414566,0.034270111471414566,0.04557141661643982,0.034270111471414566,0.034270111471414566
2019-06-25,0.03925003856420517,0.03389940410852432,0.04172253608703613,0.03934107720851898,0.03389940410852432,0.03852773457765579,0.043476786464452744,0.03389940410852432,0.03701072558760643,0.03389940410852432,0.03722728416323662,0.03874112665653229,0.03389940410852432,0.03797096759080887,0.03680944815278053,0.042158402502536774,0.03395959734916687,0.03456452116370201,0.03705451637506485,0.03770064935088158,0.03625914826989174,0.035052355378866196,0.03389940410852432,0.03389940410852432,0.04568537697196007,0.03629247844219208,0.03389940410852432
2019-06-26,0.03828844800591469,0.034216005355119705,0.04139987751841545,0.037953343242406845,0.034216005355119705,0.037273697555065155,0.04284059256315231,0.034216005355119705,0.037207331508398056,0.034216005355119705,0.03605198860168457,0.036876510828733444,0.034216005355119705,0.03856214880943298,0.03723309934139252,0.03927981108427048,0.034216005355119705,0.03514140844345093,0.039027951657772064,0.04058796539902687,0.036864615976810455,0.03535599634051323,0.034216005355119705,0.0345858670771122,0.04411179572343826,0.03762953355908394,0.034216005355119705
2019-06-27,0.03868672251701355,0.03470779210329056,0.04363562539219856,0.036918941885232925,0.03470779210329056,0.036382708698511124,0.03745962679386139,0.03470779210329056,0.03510332480072975,0.03470779210329056,0.03486480563879013,0.03470779210329056,0.03470779210329056,0.03901885449886322,0.03753775358200073,0.04136006161570549,0.03470779210329056,0.03470779210329056,0.044133905321359634,0.038821302354335785,0.03470779210329056,0.03470779210329056,0.035411469638347626,0.03805500641465187,0.04611640051007271,0.03470779210329056,0.03470779210329056
2019-06-28,0.03849354386329651,0.03476870059967041,0.0433681383728981,0.03676629066467285,0.03476870059967041,0.03572236746549606,0.03755214065313339,0.03476870059967041,0.034836139529943466,0.03476870059967041,0.03476870059967041,0.03476870059967041,0.03476870059967041,0.0393889956176281,0.03701078146696091,0.04178936779499054,0.03476870059967041,0.03476870059967041,0.0440017394721508,0.03858901187777519,0.03476870059967041,0.03476870059967041,0.03603369742631912,0.03822712600231171,0.04622753709554672,0.03476870059967041,0.03476870059967041
2019-07-01,0.036081649363040924,0.03517792746424675,0.03965429589152336,0.04176446050405502,0.03496616333723068,0.0364224873483181,0.03496616333723068,0.03496616333723068,0.03496616333723068,0.03496616333723068,0.03496616333723068,0.03496616333723068,0.03496616333723068,0.0380626916885376,0.036900125443935394,0.041075482964515686,0.03496616333723068,0.03496616333723068,0.04662546515464783,0.03838713467121124,0.03496616333723068,0.03496616333723068,0.03629228100180626,0.040296658873558044,0.043733034282922745,0.03496616333723068,0.03496616333723068
2019-07-02,0.034615401178598404,0.034615401178598404,0.03849367797374725,0.040497228503227234,0.034615401178598404,0.03648789972066879,0.034615401178598404,0.034615401178598404,0.034615401178598404,0.034615401178598404,0.034615401178598404,0.034615401178598404,0.034615401178598404,0.034615401178598404,0.03943489119410515,0.03890151157975197,0.034615401178598404,0.034615401178598404,0.04931703954935074,0.0391375906765461,0.034615401178598404,0.034615401178598404,0.03590149059891701,0.044067539274692535,0.04929930716753006,0.034615401178598404,0.034615401178598404
2019-07-03,0.034771788865327835,0.034771788865327835,0.03802065551280975,0.040520183742046356,0.034771788865327835,0.03580215945839882,0.034771788865327835,0.036079421639442444,0.034771788865327835,0.034771788865327835,0.034771788865327835,0.034771788865327835,0.034771788865327835,0.035088833421468735,0.0385344922542572,0.038577329367399216,0.034771788865327835,0.034771788865327835,0.048060815781354904,0.03709634020924568,0.034771788865327835,0.034771788865327835,0.03683378919959068,0.04419167339801788,0.049617405980825424,0.034771788865327835,0.034771788865327835
2019-07-05,0.03483693301677704,0.03483693301677704,0.03490894287824631,0.04215826839208603,0.03483693301677704,0.036906566470861435,0.03685959056019783,0.03589324280619621,0.03483693301677704,0.03483693301677704,0.03483693301677704,0.03483693301677704,0.03483693301677704,0.03521362692117691,0.03920227661728859,0.0366569422185421,0.03483693301677704,0.03483693301677704,0.044649962335824966,0.03774387389421463,0.03483693301677704,0.03483693301677704,0.035177405923604965,0.04511268809437752,0.05179948732256889,0.03483693301677704,0.03483693301677704
2019-07-08,0.03472533077001572,0.03472533077001572,0.037970319390296936,0.0396583266556263,0.03472533077001572,0.03692140430212021,0.040711890906095505,0.03472533077001572,0.03472533077001572,0.03472533077001572,0.03472533077001572,0.03472533077001572,0.03472533077001572,0.034991852939128876,0.040479015558958054,0.03655365854501724,0.03472533077001572,0.03472533077001572,0.044086944311857224,0.037563689053058624,0.03597068414092064,0.03472533077001572,0.03472533077001572,0.04253145307302475,0.05168081820011139,0.03472533077001572,0.03472533077001572
2019-07-09,0.03470771759748459,0.034277815371751785,0.04106041416525841,0.03810882195830345,0.034277815371751785,0.03577760234475136,0.038568198680877686,0.034412890672683716,0.034277815371751785,0.034277815371751785,0.035192299634218216,0.034277815371751785,0.034277815371751785,0.034277815371751785,0.04249688237905502,0.03888446092605591,0.034277815371751785,0.035842083394527435,0.046731509268283844,0.03856636956334114,0.035290736705064774,0.034277815371751785,0.034277815371751785,0.04113909974694252,0.05188713222742081,0.034277815371751785,0.034277815371751785
2019-07-10,0.03458063304424286,0.03458063304424286,0.03835124522447586,0.038491081446409225,0.03458063304424286,0.03458063304424286,0.03458063304424286,0.037819888442754745,0.03458063304424286,0.03458063304424286,0.034647032618522644,0.03458063304424286,0.03458063304424286,0.03458063304424286,0.04079784080386162,0.03959544375538826,0.03458063304424286,0.03458063304424286,0.04712224006652832,0.03958491235971451,0.03458063304424286,0.03458063304424286,0.03458063304424286,0.04200521111488342,0.05371429771184921,0.03458063304424286,0.03458063304424286
2019-07-11,0.03476465865969658,0.03463223576545715,0.039962638169527054,0.03918134421110153,0.03463223576545715,0.03463223576545715,0.03463223576545715,0.03645960986614227,0.03463223576545715,0.03463223576545715,0.03463223576545715,0.03463223576545715,0.03463223576545715,0.036051757633686066,0.03875201568007469,0.0413467213511467,0.03463223576545715,0.03463223576545715,0.05254600942134857,0.03822881728410721,0.03463223576545715,0.03463223576545715,0.03463223576545715,0.04016299545764923,0.04842764884233475,0.03463223576545715,0.03463223576545715
2019-07-12,0.03860941529273987,0.034409355372190475,0.04236734285950661,0.03683668002486229,0.034409355372190475,0.03623044490814209,0.036185123026371,0.036170635372400284,0.034409355372190475,0.034409355372190475,0.03601857274770737,0.034409355372190475,0.034409355372190475,0.037958063185214996,0.039735645055770874,0.04072726517915726,0.034409355372190475,0.034409355372190475,0.05012644827365875,0.036112941801548004,0.036154214292764664,0.034409355372190475,0.034409355372190475,0.036110348999500275,0.047744590789079666,0.034409355372190475,0.034409355372190475
2019-07-15,0.03978235647082329,0.034337785094976425,0.042574651539325714,0.03705437853932381,0.034337785094976425,0.034337785094976425,0.0358211025595665,0.034337785094976425,0.034337785094976425,0.034337785094976425,0.034337785094976425,0.034337785094976425,0.034337785094976425,0.037133194506168365,0.038311950862407684,0.0437568835914135,0.034337785094976425,0.034337785094976425,0.050672903656959534,0.03845422342419624,0.034337785094976425,0.034337785094976425,0.034337785094976425,0.03831292688846588,0.04872085899114609,0.034337785094976425,0.034337785094976425
2019-07-16,0.03978099673986435,0.034337807446718216,0.04257577657699585,0.03705451637506485,0.034337807446718216,0.034337807446718216,0.03582007437944412,0.034337807446718216,0.034337807446718216,0.034337807446718216,0.034337807446718216,0.034337807446718216,0.034337807446718216,0.03713799640536308,0.03831622377038002,0.04375768452882767,0.034337807446718216,0.034337807446718216,0.05067122355103493,0.038457296788692474,0.034337807446718216,0.034337807446718216,0.034337807446718216,0.03831368312239647,0.048709675669670105,0.034337807446718216,0.034337807446718216
2019-07-17,0.039709948003292084,0.034337326884269714,0.04260626062750816,0.03707215562462807,0.034337326884269714,0.034337326884269714,0.03581337630748749,0.034337326884269714,0.034337326884269714,0.034337326884269714,0.034337326884269714,0.034337326884269714,0.034337326884269714,0.037179555743932724,0.038380157202482224,0.04378340765833855,0.034337326884269714,0.034337326884269714,0.05062422528862953,0.038469329476356506,0.034337326884269714,0.034337326884269714,0.034337326884269714,0.03836776316165924,0.048596616834402084,0.034337326884269714,0.034337326884269714
2019-07-18,0.03648245334625244,0.03451225534081459,0.03946984186768532,0.03575646132230759,0.03451225534081459,0.03626828268170357,0.03643599525094032,0.03477964177727699,0.03451225534081459,0.03451225534081459,0.03451225534081459,0.03556281328201294,0.03451225534081459,0.03907299414277077,0.03815873712301254,0.04042094945907593,0.03451225534081459,0.03677644208073616,0.048650871962308884,0.036944374442100525,0.03765668720006943,0.03451225534081459,0.03451225534081459,0.03913848474621773,0.04879019781947136,0.03451225534081459,0.03451225534081459
2019-07-19,0.03736201301217079,0.034282226115465164,0.04266249015927315,0.03739464282989502,0.034282226115465164,0.03475898876786232,0.035541847348213196,0.034282226115465164,0.034282226115465164,0.034282226115465164,0.034308094531297684,0.034282226115465164,0.034282226115465164,0.035772040486335754,0.039032772183418274,0.042219679802656174,0.034282226115465164,0.0361541248857975,0.0503368005156517,0.03899740055203438,0.03513488918542862,0.034282226115465164,0.034282226115465164,0.04046362638473511,0.048473864793777466,0.034282226115465164,0.034282226115465164
2019-07-22,0.037159066647291183,0.034256190061569214,0.04213518276810646,0.038254670798778534,0.034256190061569214,0.034525997936725616,0.034989986568689346,0.034256190061569214,0.034256190061569214,0.034256190061569214,0.034256190061569214,0.034256190061569214,0.034256190061569214,0.03758150339126587,0.03999873623251915,0.04493848979473114,0.034256190061569214,0.03788840025663376,0.047787073999643326,0.03799411281943321,0.034396421164274216,0.034256190061569214,0.035973887890577316,0.03681512549519539,0.048487063497304916,0.034256190061569214,0.034256190061569214
2019-07-23,0.034748706966638565,0.034748706966638565,0.03907359763979912,0.04169166460633278,0.034748706966638565,0.036367833614349365,0.034748706966638565,0.034748706966638565,0.034748706966638565,0.034748706966638565,0.034748706966638565,0.034748706966638565,0.034748706966638565,0.03788363188505173,0.03756875544786453,0.04233656823635101,0.034748706966638565,0.034748706966638565,0.047462303191423416,0.03896886110305786,0.034748706966638565,0.034748706966638565,0.03971422463655472,0.03926880285143852,0.043684426695108414,0.034748706966638565,0.034748706966638565
2019-07-24,0.034757763147354126,0.034757763147354126,0.04012149199843407,0.04207824915647507,0.034757763147354126,0.0359480082988739,0.034757763147354126,0.034757763147354126,0.034757763147354126,0.034757763147354126,0.034757763147354126,0.034757763147354126,0.034757763147354126,0.035931285470724106,0.039141856133937836,0.04203871265053749,0.034757763147354126,0.034757763147354126,0.04761316627264023,0.03843451663851738,0.034757763147354126,0.034757763147354126,0.037568993866443634,0.03870371729135513,0.04629586637020111,0.034757763147354126,0.034757763147354126
2019-07-25,0.03475179523229599,0.03475179523229599,0.03873220831155777,0.041690949350595474,0.03475179523229599,0.03629090264439583,0.03475179523229599,0.03475179523229599,0.03475179523229599,0.03475179523229599,0.03475179523229599,0.03475179523229599,0.03475179523229599,0.03820066899061203,0.037423428148031235,0.04241454228758812,0.03475179523229599,0.03475179523229599,0.047997768968343735,0.038734644651412964,0.03475179523229599,0.03475179523229599,0.03959106653928757,0.03949524089694023,0.04339992254972458,0.03475179523229599,0.03475179523229599
2019-07-26,0.03503871336579323,0.03503871336579323,0.04124511778354645,0.03877761587500572,0.03503871336579323,0.03536359593272209,0.03503871336579323,0.03503871336579323,0.03503871336579323,0.03503871336579323,0.03503871336579323,0.03503871336579323,0.03503871336579323,0.03609286993741989,0.03784141689538956,0.039282433688640594,0.03503871336579323,0.03503871336579323,0.04830247163772583,0.03823757544159889,0.03503871336579323,0.03503871336579323,0.03503871336579323,0.04136400297284126,0.047834768891334534,0.03503871336579323,0.03503871336579323
2019-07-29,0.035046037286520004,0.035046037286520004,0.042673129588365555,0.03613019734621048,0.035046037286520004,0.03596207872033119,0.03864181041717529,0.035046037286520004,0.035046037286520004,0.035046037286520004,0.035046037286520004,0.03739093244075775,0.035046037286520004,0.03613122180104256,0.03748771548271179,0.035046037286520004,0.035046037286520004,0.03580969199538231,0.045068852603435516,0.036692600697278976,0.040950674563646317,0.035046037286520004,0.035046037286520004,0.037271078675985336,0.049145426601171494,0.035046037286520004,0.035046037286520004
2019-07-30,0.035936035215854645,0.03525225818157196,0.04322162643074989,0.03525225818157196,0.03525225818157196,0.03525225818157196,0.038186896592378616,0.03525225818157196,0.03525225818157196,0.03525225818157196,0.03525225818157196,0.03772713616490364,0.03525225818157196,0.03732027858495712,0.03702131658792496,0.03525225818157196,0.03525225818157196,0.03528006002306938,0.04615128040313721,0.037191424518823624,0.04021192342042923,0.03525225818157196,0.03525225818157196,0.03525225818157196,0.0477159209549427,0.03525225818157196,0.03525225818157196
2019-07-31,0.035944364964962006,0.03525422140955925,0.04316684231162071,0.03525422140955925,0.03525422140955925,0.03525422140955925,0.03820483386516571,0.03525422140955925,0.03525422140955925,0.03525422140955925,0.03525422140955925,0.037699081003665924,0.03525422140955925,0.03731250762939453,0.03698508068919182,0.03527570888400078,0.03525422140955925,0.035262368619441986,0.0461835041642189,0.037213947623968124,0.040189482271671295,0.03525422140955925,0.03525422140955925,0.03525422140955925,0.047749027609825134,0.03525422140955925,0.03525422140955925
2019-08-01,0.03535757213830948,0.03535757213830948,0.03535757213830948,0.03535757213830948,0.03535757213830948,0.03535757213830948,0.03535757213830948,0.039021916687488556,0.03535757213830948,0.03535757213830948,0.03535757213830948,0.03535757213830948,0.03535757213830948,0.04042516276240349,0.03618408739566803,0.040117889642715454,0.03535757213830948,0.03535757213830948,0.050139419734478,0.03772159665822983,0.037014782428741455,0.03535757213830948,0.03626894950866699,0.03708392009139061,0.044943515211343765,0.03535757213830948,0.03535757213830948
2019-08-02,0.03497994318604469,0.03497994318604469,0.03656303137540817,0.03497994318604469,0.03497994318604469,0.038581348955631256,0.035081759095191956,0.03497994318604469,0.03497994318604469,0.03497994318604469,0.03497994318604469,0.04742719233036041,0.03497994318604469,0.039027873426675797,0.040538240224123,0.03497994318604469,0.03497994318604469,0.040738414973020554,0.037384282797575,0.03838708996772766,0.04070568457245827,0.03497994318604469,0.03497994318604469,0.03643026202917099,0.0423758290708065,0.037039756774902344,0.03497994318604469
2019-08-05,0.03464822843670845,0.03464822843670845,0.03480635955929756,0.03464822843670845,0.03464822843670845,0.04025297611951828,0.03766992688179016,0.03464822843670845,0.03464822843670845,0.03464822843670845,0.03464822843670845,0.04404548555612564,0.03464822843670845,0.039291221648454666,0.037356458604335785,0.03652402013540268,0.03464822843670845,0.04287981241941452,0.035565294325351715,0.04362566024065018,0.040339719504117966,0.03464822843670845,0.03464822843670845,0.03746766224503517,0.040484942495822906,0.038529910147190094,0.035381779074668884
2019-08-06,0.03368814289569855,0.0434236004948616,0.03403189405798912,0.03368814289569855,0.03368814289569855,0.03999004140496254,0.035121820867061615,0.03368814289569855,0.03368814289569855,0.03368814289569855,0.03475300967693329,0.05263102799654007,0.03368814289569855,0.03486601635813713,0.03551523759961128,0.03734496608376503,0.03815003111958504,0.04467632994055748,0.03368814289569855,0.03872590512037277,0.044324882328510284,0.03368814289569855,0.03368814289569855,0.03368814289569855,0.03659084066748619,0.045596711337566376,0.03368814289569855
2019-08-07,0.034283675253391266,0.04198044165968895,0.035375792533159256,0.034283675253391266,0.034283675253391266,0.042075879871845245,0.034283675253391266,0.034283675253391266,0.034283675253391266,0.034283675253391266,0.0359954871237278,0.05005636066198349,0.034283675253391266,0.03550078719854355,0.04101960361003876,0.036254867911338806,0.03520703688263893,0.04112771153450012,0.034283675253391266,0.03623313084244728,0.04362330213189125,0.034283675253391266,0.034283675253391266,0.034283675253391266,0.03741820901632309,0.04244352504611015,0.034283675253391266
2019-08-08,0.03451235964894295,0.042807627469301224,0.03524491563439369,0.03451235964894295,0.03451235964894295,0.04110727086663246,0.03525371849536896,0.03451235964894295,0.03451235964894295,0.03451235964894295,0.03812483325600624,0.05078037083148956,0.03451235964894295,0.03932749480009079,0.03965674713253975,0.036558911204338074,0.0347299724817276,0.0378950797021389,0.03451235964894295,0.03536836802959442,0.04033484309911728,0.036232929676771164,0.03451235964894295,0.03451235964894295,0.03511727973818779,0.04182363301515579,0.03451235964894295
2019-08-09,0.0341455452144146,0.03676290065050125,0.040745269507169724,0.0341455452144146,0.0341455452144146,0.039767418056726456,0.037103570997714996,0.0341455452144146,0.0341455452144146,0.0341455452144146,0.04006066173315048,0.04861827194690704,0.0341455452144146,0.03755081444978714,0.04059962183237076,0.03772561252117157,0.03422039747238159,0.038983721286058426,0.0341455452144146,0.036776456981897354,0.04000856354832649,0.03709932789206505,0.0341455452144146,0.0341455452144146,0.03612223267555237,0.04225417971611023,0.0341455452144146
2019-08-12,0.03410487622022629,0.03816791623830795,0.03950142115354538,0.03632538765668869,0.03410487622022629,0.03833084553480148,0.0397636853158474,0.03410487622022629,0.03700478374958038,0.03410487622022629,0.038039661943912506,0.04848974943161011,0.03410487622022629,0.037944912910461426,0.03485336899757385,0.037687502801418304,0.03410487622022629,0.03759121522307396,0.03410487622022629,0.041090644896030426,0.038557346910238266,0.03636854141950607,0.03482970595359802,0.03410487622022629,0.03531058132648468,0.04319882020354271,0.03410487622022629
2019-08-13,0.03414572402834892,0.03758232295513153,0.0365692600607872,0.0373687818646431,0.03414572402834892,0.03871668130159378,0.0411374531686306,0.03414572402834892,0.0354478619992733,0.03414572402834892,0.0381222702562809,0.05010071024298668,0.03414572402834892,0.03915917128324509,0.03645181283354759,0.037988804280757904,0.03414572402834892,0.03617710992693901,0.03414572402834892,0.03964247182011604,0.04012442007660866,0.03501090779900551,0.03414572402834892,0.03414572402834892,0.0358426496386528,0.04310011491179466,0.03414572402834892
2019-08-14,0.03468899801373482,0.039698947221040726,0.03468899801373482,0.03468899801373482,0.03468899801373482,0.04065798595547676,0.0383073128759861,0.03468899801373482,0.03468899801373482,0.03468899801373482,0.0387389175593853,0.04545634984970093,0.035637035965919495,0.03853623569011688,0.036277830600738525,0.0376744382083416,0.03468899801373482,0.03468899801373482,0.03468899801373482,0.041368626058101654,0.03848954290151596,0.03468899801373482,0.03468899801373482,0.03487497940659523,0.04136520251631737,0.04195968061685562,0.03468899801373482
2019-08-15,0.03454811871051788,0.03876195102930069,0.03454811871051788,0.03454811871051788,0.03454811871051788,0.042188141494989395,0.03454811871051788,0.03744865581393242,0.03454811871051788,0.03454811871051788,0.039910443127155304,0.04320527985692024,0.04300796613097191,0.03713231161236763,0.03840908780694008,0.03638148307800293,0.03454811871051788,0.03454811871051788,0.03454811871051788,0.03982888534665108,0.0368521548807621,0.03454811871051788,0.03454811871051788,0.035841234028339386,0.041410237550735474,0.040496595203876495,0.03454811871051788
2019-08-16,0.034403953701257706,0.04201246425509453,0.034403953701257706,0.034403953701257706,0.034403953701257706,0.04159297049045563,0.03454909846186638,0.03574972227215767,0.034403953701257706,0.034403953701257706,0.036865197122097015,0.045024573802948,0.043020740151405334,0.03637916222214699,0.03781234472990036,0.036728356033563614,0.034403953701257706,0.034403953701257706,0.034403953701257706,0.04232143238186836,0.03486065939068794,0.034403953701257706,0.034403953701257706,0.03698869049549103,0.04235057532787323,0.04089665412902832,0.034403953701257706
2019-08-19,0.03441201522946358,0.0379096157848835,0.03441201522946358,0.03441201522946358,0.03441201522946358,0.043130408972501755,0.035159531980752945,0.03548559173941612,0.03441201522946358,0.03441201522946358,0.04006059467792511,0.03909115493297577,0.04957294464111328,0.03441201522946358,0.03673067316412926,0.03497317433357239,0.03441201522946358,0.03441201522946358,0.03441201522946358,0.03904569894075394,0.03547365590929985,0.03441201522946358,0.03441201522946358,0.041312117129564285,0.04622727259993553,0.03847133368253708,0.03441201522946358
2019-08-20,0.03484285622835159,0.034914493560791016,0.03484285622835159,0.03484285622835159,0.03484285622835159,0.04229306802153587,0.03968186303973198,0.03484285622835159,0.03484285622835159,0.03484285622835159,0.03981630876660347,0.04150702431797981,0.045424606651067734,0.03684883564710617,0.03500625491142273,0.03484285622835159,0.03484285622835159,0.03484285622835159,0.03484285622835159,0.03992520272731781,0.03806731477379799,0.03484285622835159,0.03484285622835159,0.038687825202941895,0.041733406484127045,0.03829377889633179,0.03484285622835159
2019-08-21,0.03451161831617355,0.03822912648320198,0.03451161831617355,0.03451161831617355,0.03451161831617355,0.04273026064038277,0.03451161831617355,0.03451161831617355,0.03451161831617355,0.03451161831617355,0.039195843040943146,0.043988458812236786,0.04486892372369766,0.03661514073610306,0.03632551431655884,0.035416483879089355,0.03451161831617355,0.03451161831617355,0.03451161831617355,0.040990691632032394,0.03632744401693344,0.03451161831617355,0.03451161831617355,0.039727043360471725,0.04276726767420769,0.0396551787853241,0.03451161831617355
2019-08-22,0.03455749899148941,0.03833970054984093,0.03455749899148941,0.03516676649451256,0.03455749899148941,0.042623650282621384,0.03455749899148941,0.03616410493850708,0.03455749899148941,0.03455749899148941,0.039797186851501465,0.04494577646255493,0.0415603332221508,0.03616901859641075,0.037871554493904114,0.03513873368501663,0.03455749899148941,0.03455749899148941,0.03455749899148941,0.03906988352537155,0.037840861827135086,0.03455749899148941,0.03455749899148941,0.03788064420223236,0.04184456914663315,0.04089724272489548,0.03455749899148941
2019-08-23,0.03444628044962883,0.03808204457163811,0.03444628044962883,0.035478513687849045,0.03444628044962883,0.043184712529182434,0.03444628044962883,0.036621809005737305,0.03444628044962883,0.03444628044962883,0.040123313665390015,0.04331810772418976,0.04174736514687538,0.03743893280625343,0.039777956902980804,0.03775373846292496,0.03444628044962883,0.03444628044962883,0.03444628044962883,0.03936677798628807,0.03444628044962883,0.03444628044962883,0.03444628044962883,0.038892168551683426,0.04099999740719795,0.0394129604101181,0.03444628044962883
2019-08-26,0.0346134677529335,0.03717917203903198,0.0346134677529335,0.0346134677529335,0.0346134677529335,0.04151401296257973,0.0346134677529335,0.03665577620267868,0.0346134677529335,0.0346134677529335,0.03822924196720123,0.040426529943943024,0.034828539937734604,0.03620697930455208,0.04058442637324333,0.03797997534275055,0.0346134677529335,0.0346134677529335,0.03843654319643974,0.04174172878265381,0.037514906376600266,0.0346134677529335,0.0346134677529335,0.04159314185380936,0.04222148284316063,0.03952594846487045,0.0346134677529335
2019-08-27,0.034611646085977554,0.037166088819503784,0.034611646085977554,0.034611646085977554,0.034611646085977554,0.04151118919253349,0.034611646085977554,0.03665519133210182,0.034611646085977554,0.034611646085977554,0.03823007270693779,0.0404384545981884,0.03484506160020828,0.03620946779847145,0.04058726131916046,0.0379735603928566,0.034611646085977554,0.034611646085977554,0.03842876851558685,0.04174194112420082,0.03751751780509949,0.034611646085977554,0.034611646085977554,0.041595909744501114,0.0422348827123642,0.039524950087070465,0.034611646085977554
2019-08-28,0.034105084836483,0.036929596215486526,0.034105084836483,0.034160006791353226,0.034105084836483,0.04220074787735939,0.034105084836483,0.03817968815565109,0.034105084836483,0.034105084836483,0.03856140002608299,0.0417742058634758,0.03928931802511215,0.03514600917696953,0.041493866592645645,0.03650181367993355,0.034105084836483,0.034105084836483,0.03496609255671501,0.04057611525058746,0.03737010061740875,0.034105084836483,0.034105084836483,0.04209960624575615,0.04598994925618172,0.03960554301738739,0.034105084836483
2019-08-29,0.03454507142305374,0.037539221346378326,0.03454507142305374,0.03454507142305374,0.03454507142305374,0.04176103323698044,0.03454507142305374,0.03700590133666992,0.03454507142305374,0.03454507142305374,0.03848450258374214,0.04053393751382828,0.034982092678546906,0.03596533462405205,0.040730804204940796,0.03811061382293701,0.03454507142305374,0.03454507142305374,0.03810594603419304,0.041321080178022385,0.03730840981006622,0.03454507142305374,0.03454507142305374,0.04166174307465553,0.042567718774080276,0.03938082605600357,0.03454507142305374
2019-08-30,0.0339072048664093,0.0339072048664093,0.0339072048664093,0.038705144077539444,0.0339072048664093,0.0425214022397995,0.036923959851264954,0.03939659520983696,0.0339072048664093,0.0339072048664093,0.040145143866539,0.037171412259340286,0.041414253413677216,0.03454110026359558,0.039671048521995544,0.0346674807369709,0.0339072048664093,0.0339072048664093,0.03717198595404625,0.03670816496014595,0.038749173283576965,0.0339072048664093,0.0339072048664093,0.04177715629339218,0.05278218910098076,0.03467458486557007,0.0339072048664093
2019-09-03,0.03390929102897644,0.03390929102897644,0.03390929102897644,0.038900312036275864,0.03390929102897644,0.04255449026823044,0.036969125270843506,0.03923196718096733,0.03390929102897644,0.03390929102897644,0.04012474790215492,0.03719213977456093,0.041227076202631,0.03459063917398453,0.0397527851164341,0.03460055589675903,0.03390929102897644,0.03390929102897644,0.03716626763343811,0.03678439185023308,0.038818664848804474,0.03390929102897644,0.03390929102897644,0.041688501834869385,0.052712053060531616,0.03468404710292816,0.03390929102897644
2019-09-04,0.03366364538669586,0.036467887461185455,0.03366364538669586,0.034754179418087006,0.03366364538669586,0.045244280248880386,0.03366364538669586,0.040003206580877304,0.03366364538669586,0.03366364538669586,0.042127761989831924,0.03914783149957657,0.043765515089035034,0.03366364538669586,0.039825405925512314,0.035799022763967514,0.03366364538669586,0.03366364538669586,0.03419363871216774,0.03590904176235199,0.03799499571323395,0.03366364538669586,0.03366364538669586,0.04473552852869034,0.04890964925289154,0.03715832158923149,0.03366364538669586
2019-09-05,0.03379695490002632,0.033843740820884705,0.03379695490002632,0.037688419222831726,0.03379695490002632,0.045316971838474274,0.034034308046102524,0.03851037099957466,0.03379695490002632,0.03379695490002632,0.041876159608364105,0.039199069142341614,0.04160216823220253,0.03420204296708107,0.041495613753795624,0.03455174341797829,0.03379695490002632,0.03379695490002632,0.035083621740341187,0.03662252798676491,0.039079371839761734,0.03379695490002632,0.03379695490002632,0.042756278067827225,0.04938865453004837,0.036779433488845825,0.03379695490002632
2019-09-06,0.033567361533641815,0.033567361533641815,0.033567361533641815,0.04114862158894539,0.033567361533641815,0.042062874883413315,0.036060940474271774,0.03755645453929901,0.033567361533641815,0.033567361533641815,0.03800687938928604,0.033567361533641815,0.04035916551947594,0.034576594829559326,0.03816821426153183,0.035326164215803146,0.033567361533641815,0.033567361533641815,0.04277288168668747,0.04080719128251076,0.035866763442754745,0.033567361533641815,0.033567361533641815,0.04668122157454491,0.05423036217689514,0.033567361533641815,0.033567361533641815
2019-09-09,0.03390044718980789,0.03390044718980789,0.03390044718980789,0.03954632580280304,0.03390044718980789,0.04182824119925499,0.03390044718980789,0.0395592600107193,0.03390044718980789,0.03390044718980789,0.03837713599205017,0.03390044718980789,0.03572794049978256,0.03430001437664032,0.03879892826080322,0.0363580659031868,0.03390044718980789,0.03390044718980789,0.04593975841999054,0.040075890719890594,0.035645633935928345,0.03390044718980789,0.03390044718980789,0.046637631952762604,0.05259878933429718,0.03390044718980789,0.03390044718980789
2019-09-10,0.034670475870370865,0.03397782891988754,0.03397782891988754,0.04053187370300293,0.03397782891988754,0.040341418236494064,0.03417056053876877,0.037165600806474686,0.03397782891988754,0.03397782891988754,0.034689761698246,0.03397782891988754,0.03707359358668327,0.03506889566779137,0.03765515983104706,0.03994956240057945,0.03397782891988754,0.03397782891988754,0.047031380236148834,0.039250027388334274,0.03397782891988754,0.03397782891988754,0.03397782891988754,0.04898062348365784,0.051709312945604324,0.03397782891988754,0.03397782891988754
2019-09-11,0.041336577385663986,0.035774197429418564,0.040031109005212784,0.04267803579568863,0.03456440195441246,0.04165622591972351,0.03456440195441246,0.03456440195441246,0.03456440195441246,0.03456440195441246,0.03545400872826576,0.03456440195441246,0.03480438143014908,0.035847000777721405,0.03852967917919159,0.04216034337878227,0.03456440195441246,0.03456440195441246,0.04417259246110916,0.03456440195441246,0.03456440195441246,0.03456440195441246,0.03521585837006569,0.03819970041513443,0.04480299726128578,0.03456440195441246,0.03456440195441246
2019-09-12,0.04165336862206459,0.034924451261758804,0.04159262031316757,0.04227829724550247,0.03450464829802513,0.041344016790390015,0.03450464829802513,0.035618580877780914,0.03450464829802513,0.03450464829802513,0.03538129851222038,0.03450464829802513,0.03450464829802513,0.037234798073768616,0.037656571716070175,0.041317444294691086,0.03450464829802513,0.03450464829802513,0.04692964255809784,0.03450464829802513,0.03450464829802513,0.03450464829802513,0.03549575433135033,0.03675440326333046,0.04325833544135094,0.03450464829802513,0.03450464829802513
2019-09-13,0.040784385055303574,0.03607529029250145,0.040535811334848404,0.04356968030333519,0.03444002941250801,0.04299698770046234,0.03444002941250801,0.03444002941250801,0.03444002941250801,0.03444002941250801,0.035497650504112244,0.03444002941250801,0.03444002941250801,0.03621004521846771,0.03766708821058273,0.04060438647866249,0.03444002941250801,0.03444002941250801,0.046859875321388245,0.03444002941250801,0.03444002941250801,0.03444002941250801,0.035199325531721115,0.03850315511226654,0.04333587735891342,0.03444002941250801,0.03444002941250801
2019-09-16,0.04121837392449379,0.03407498076558113,0.04091512784361839,0.04013843461871147,0.03407498076558113,0.03864329680800438,0.03407498076558113,0.03677874058485031,0.03407498076558113,0.03407498076558113,0.03591295704245567,0.03407498076558113,0.03407498076558113,0.03491641581058502,0.04015959054231644,0.03999682515859604,0.03407498076558113,0.03407498076558113,0.051619239151477814,0.035676974803209305,0.03407498076558113,0.03407498076558113,0.03407498076558113,0.03958718851208687,0.04738709330558777,0.03407498076558113,0.03407498076558113
2019-09-17,0.042632702738046646,0.03429299592971802,0.043046265840530396,0.039376527070999146,0.03429299592971802,0.03816261887550354,0.03429299592971802,0.0380978062748909,0.03429299592971802,0.03429299592971802,0.03682439401745796,0.03429299592971802,0.03429299592971802,0.036490220576524734,0.03932412713766098,0.04127560183405876,0.03429299592971802,0.03429299592971802,0.048308152705430984,0.034611210227012634,0.03429299592971802,0.03429299592971802,0.03429299592971802,0.0368661992251873,0.04488220065832138,0.03429299592971802,0.03429299592971802
2019-09-18,0.04218093678355217,0.03437820076942444,0.04221735894680023,0.04090343043208122,0.03428637236356735,0.03973180055618286,0.03428637236356735,0.036293674260377884,0.03428637236356735,0.03428637236356735,0.03686932474374771,0.03428637236356735,0.03428637236356735,0.03531835973262787,0.03957191854715347,0.04038865491747856,0.03428637236356735,0.03428637236356735,0.048173461109399796,0.03484078496694565,0.03428637236356735,0.03428637236356735,0.03428637236356735,0.03832508996129036,0.04508420079946518,0.03428637236356735,0.03428637236356735
2019-09-19,0.0377931222319603,0.03531184419989586,0.045522790402173996,0.04163247346878052,0.03452033922076225,0.04058518633246422,0.03452033922076225,0.03452033922076225,0.03452033922076225,0.03452033922076225,0.03702026605606079,0.03452033922076225,0.03452033922076225,0.03782697021961212,0.03732763230800629,0.04465087130665779,0.03452033922076225,0.03452033922076225,0.04564109444618225,0.03452033922076225,0.03452033922076225,0.03452033922076225,0.03517725691199303,0.035862814635038376,0.04236292839050293,0.03452033922076225,0.03452033922076225
2019-09-20,0.040754642337560654,0.038492925465106964,0.04199065640568733,0.04232855141162872,0.034348469227552414,0.04383259266614914,0.03436721861362457,0.034348469227552414,0.034348469227552414,0.034348469227552414,0.03700215369462967,0.034348469227552414,0.034348469227552414,0.03503944352269173,0.040030237287282944,0.04137611761689186,0.034348469227552414,0.034348469227552414,0.042262811213731766,0.034490495920181274,0.034348469227552414,0.034348469227552414,0.034348469227552414,0.03729443997144699,0.044207654893398285,0.034348469227552414,0.034348469227552414
2019-09-23,0.04215953126549721,0.03508439660072327,0.04371535778045654,0.03876069560647011,0.03382043167948723,0.04112311080098152,0.03570452332496643,0.036333709955215454,0.03554917871952057,0.03382043167948723,0.03841963782906532,0.03382043167948723,0.03382043167948723,0.034419864416122437,0.04075927287340164,0.03963932767510414,0.03382043167948723,0.03382043167948723,0.045200858265161514,0.03698384389281273,0.03382043167948723,0.03502727672457695,0.03382043167948723,0.03715301305055618,0.04457477852702141,0.0350077785551548,0.03382043167948723
2019-09-24,0.04327481612563133,0.03445052728056908,0.04469680041074753,0.03928002715110779,0.03399057686328888,0.0406353622674942,0.034621309489011765,0.03599473461508751,0.0349484346807003,0.03399057686328888,0.03816628456115723,0.03399057686328888,0.03399057686328888,0.035010065883398056,0.04012807458639145,0.04046452417969704,0.03399057686328888,0.03399057686328888,0.04603766277432442,0.03616167604923248,0.03399057686328888,0.035405538976192474,0.03399057686328888,0.0363120473921299,0.043353281915187836,0.03514368087053299,0.03399057686328888
2019-09-25,0.043895430862903595,0.03617152199149132,0.042330551892519,0.037693001329898834,0.033992551267147064,0.04015672951936722,0.03558853641152382,0.03698573261499405,0.036522384732961655,0.033992551267147064,0.03853628411889076,0.033992551267147064,0.033992551267147064,0.03412340581417084,0.042264606803655624,0.040016043931245804,0.033992551267147064,0.033992551267147064,0.04240964725613594,0.03525235503911972,0.033992551267147064,0.03578188642859459,0.033992551267147064,0.03676768019795418,0.0455787293612957,0.033992551267147064,0.033992551267147064
2019-09-26,0.03840644657611847,0.034698087722063065,0.04859498143196106,0.03746902570128441,0.0338066890835762,0.03966757655143738,0.0356852225959301,0.0349440835416317,0.03831547498703003,0.0338066890835762,0.03939061984419823,0.0338066890835762,0.0338066890835762,0.03450104594230652,0.04003152996301651,0.04205805063247681,0.03532377630472183,0.0338066890835762,0.04409349337220192,0.03735078498721123,0.0338066890835762,0.035617534071207047,0.0338066890835762,0.0344560444355011,0.04268786311149597,0.03625485301017761,0.0338066890835762
2019-09-27,0.034820787608623505,0.038036447018384933,0.04230150207877159,0.04006894677877426,0.03423310071229935,0.04361962899565697,0.03423310071229935,0.03423310071229935,0.03423310071229935,0.03423310071229935,0.037150442600250244,0.03423310071229935,0.03423310071229935,0.03423310071229935,0.03979318588972092,0.039510227739810944,0.0362180694937706,0.034315962344408035,0.04222354292869568,0.036714401096105576,0.03696176037192345,0.03423310071229935,0.0352909155189991,0.03894520178437233,0.04653274267911911,0.03516516089439392,0.03423310071229935
2019-09-30,0.034123070538043976,0.03972466289997101,0.041638851165771484,0.04065803810954094,0.034123070538043976,0.041152630001306534,0.034123070538043976,0.034123070538043976,0.034123070538043976,0.034123070538043976,0.03552744537591934,0.03697757422924042,0.034123070538043976,0.035418812185525894,0.041290681809186935,0.0415072999894619,0.034123070538043976,0.03560803458094597,0.04048473387956619,0.03681878373026848,0.03530123457312584,0.034123070538043976,0.04130571335554123,0.0344802662730217,0.044676680117845535,0.036197926849126816,0.034123070538043976
2019-10-01,0.03455580025911331,0.034947436302900314,0.04425343871116638,0.03714559227228165,0.03396853804588318,0.04037434980273247,0.03543407469987869,0.0342915803194046,0.03396853804588318,0.03396853804588318,0.03907760605216026,0.03396853804588318,0.03396853804588318,0.03396853804588318,0.041162192821502686,0.03941841050982475,0.03610226884484291,0.03700707480311394,0.04346112906932831,0.03805406019091606,0.035705212503671646,0.03396853804588318,0.03396853804588318,0.0389455147087574,0.048478562384843826,0.03586887940764427,0.03396853804588318
2019-10-02,0.03446711599826813,0.03446711599826813,0.04193596541881561,0.03468897193670273,0.03446711599826813,0.03715552017092705,0.036603979766368866,0.03729122132062912,0.036583252251148224,0.03446711599826813,0.03972968831658363,0.03446711599826813,0.03446711599826813,0.035755060613155365,0.04166870191693306,0.037937384098768234,0.03446711599826813,0.03522823005914688,0.04299655929207802,0.03675009310245514,0.03793678432703018,0.03446711599826813,0.03446711599826813,0.037102390080690384,0.05119716003537178,0.03476788103580475,0.03446711599826813
2019-10-03,0.03485323116183281,0.035834331065416336,0.035779282450675964,0.03485323116183281,0.03485323116183281,0.03959241509437561,0.03485323116183281,0.036272551864385605,0.03772373124957085,0.03485323116183281,0.03961522877216339,0.04423820972442627,0.035638391971588135,0.03850774094462395,0.04510783776640892,0.03508799523115158,0.03485323116183281,0.03567410260438919,0.03519294783473015,0.0382145494222641,0.03485323116183281,0.03485323116183281,0.03485323116183281,0.0355260968208313,0.045803993940353394,0.03765828162431717,0.03485323116183281
2019-10-04,0.03454318642616272,0.03494015708565712,0.03481375426054001,0.03454318642616272,0.03454318642616272,0.03876407444477081,0.03454318642616272,0.03530370816588402,0.03454318642616272,0.03454318642616272,0.03681440278887749,0.048185210675001144,0.03454318642616272,0.03920946270227432,0.047151368111371994,0.035574689507484436,0.03454318642616272,0.03809266537427902,0.03611713647842407,0.03719078004360199,0.03817237541079521,0.03454318642616272,0.03454318642616272,0.03539872169494629,0.04621082544326782,0.03808550909161568,0.03454318642616272
2019-10-07,0.034399550408124924,0.034399550408124924,0.03677726164460182,0.034939903765916824,0.034399550408124924,0.04009066894650459,0.03517739474773407,0.035952478647232056,0.034399550408124924,0.034399550408124924,0.039107345044612885,0.03880420699715614,0.035023074597120285,0.035296231508255005,0.04438795521855354,0.034399550408124924,0.034399550408124924,0.03555239364504814,0.03965296968817711,0.03986622020602226,0.03778453916311264,0.034399550408124924,0.034399550408124924,0.039012446999549866,0.05235249921679497,0.036226894706487656,0.034399550408124924
2019-10-08,0.0345565602183342,0.0345565602183342,0.03484100103378296,0.036310646682977676,0.0345565602183342,0.04143603891134262,0.03721216320991516,0.0345565602183342,0.03635576367378235,0.0345565602183342,0.037543509155511856,0.03503402695059776,0.03630032017827034,0.0345565602183342,0.044446174055337906,0.0345565602183342,0.0345565602183342,0.0345565602183342,0.03780674189329147,0.04026666656136513,0.037033967673778534,0.0345565602183342,0.0345565602183342,0.04131336882710457,0.054256316274404526,0.03513597697019577,0.03458515554666519
2019-10-09,0.03476688638329506,0.03770947828888893,0.035836879163980484,0.03476688638329506,0.03476688638329506,0.0385432131588459,0.03476688638329506,0.035570863634347916,0.03615817427635193,0.03476688638329506,0.0386967658996582,0.048337213695049286,0.038189541548490524,0.0395471565425396,0.04468383267521858,0.036228280514478683,0.03476688638329506,0.03497897461056709,0.03476688638329506,0.03626242280006409,0.03476688638329506,0.03476688638329506,0.03476688638329506,0.03476688638329506,0.04383855685591698,0.03821596875786781,0.03476688638329506
2019-10-10,0.03469274193048477,0.03469274193048477,0.0366799496114254,0.03469274193048477,0.03469274193048477,0.038599979132413864,0.03469274193048477,0.03469274193048477,0.03469274193048477,0.03469274193048477,0.03866773098707199,0.04408234357833862,0.038361452519893646,0.03764883428812027,0.04450767859816551,0.037233490496873856,0.03469274193048477,0.03469274193048477,0.0359516516327858,0.0388965830206871,0.03469274193048477,0.03469274193048477,0.03469274193048477,0.03738747537136078,0.049584969878196716,0.03669949620962143,0.03469274193048477
2019-10-11,0.03499600663781166,0.03499600663781166,0.03698081523180008,0.03499600663781166,0.03499600663781166,0.04037618264555931,0.03903955593705177,0.036016881465911865,0.03499600663781166,0.03499600663781166,0.038472019135951996,0.03499600663781166,0.041531652212142944,0.03832416608929634,0.03771533817052841,0.03517289459705353,0.03499600663781166,0.03499600663781166,0.036306340247392654,0.042961593717336655,0.03499600663781166,0.03499600663781166,0.03499600663781166,0.04056074097752571,0.04514193534851074,0.03499600663781166,0.03645181655883789
2019-10-14,0.03575361520051956,0.03489464148879051,0.036582525819540024,0.03643891587853432,0.03489464148879051,0.03868110850453377,0.04013396054506302,0.03620424121618271,0.03564472496509552,0.03489464148879051,0.03693833947181702,0.03489464148879051,0.04186687618494034,0.038155291229486465,0.03967488929629326,0.03489464148879051,0.03489464148879051,0.03489464148879051,0.03787723183631897,0.03835466504096985,0.03489464148879051,0.03489464148879051,0.03489464148879051,0.03679680824279785,0.05092734470963478,0.03489464148879051,0.03612837195396423
2019-10-15,0.0348111055791378,0.0348111055791378,0.036437537521123886,0.03608298674225807,0.0348111055791378,0.039237167686223984,0.040429215878248215,0.03716918081045151,0.03481479734182358,0.0348111055791378,0.03790578618645668,0.0348111055791378,0.04153493046760559,0.03764444962143898,0.03897032514214516,0.0348111055791378,0.0348111055791378,0.0348111055791378,0.03771059587597847,0.039355408400297165,0.0348111055791378,0.0348111055791378,0.0348111055791378,0.03844418749213219,0.05130058899521828,0.0348111055791378,0.0352296456694603
2019-10-16,0.0357140488922596,0.03476803004741669,0.03631550818681717,0.03650899603962898,0.03476803004741669,0.03906667232513428,0.04002980515360832,0.03712685778737068,0.03517705202102661,0.03476803004741669,0.037568140774965286,0.03476803004741669,0.042264845222234726,0.03846639022231102,0.04014303535223007,0.03567167744040489,0.03476803004741669,0.03476803004741669,0.03784814476966858,0.03675447404384613,0.03476803004741669,0.03476803004741669,0.03476803004741669,0.03626406192779541,0.052631981670856476,0.03476803004741669,0.03476803004741669
2019-10-17,0.03519703075289726,0.03509576991200447,0.035942088812589645,0.036008186638355255,0.03509576991200447,0.03985150158405304,0.04021894186735153,0.03555072844028473,0.035528942942619324,0.03509576991200447,0.037866637110710144,0.03509576991200447,0.038036029785871506,0.040648896247148514,0.03820447623729706,0.035499490797519684,0.03509576991200447,0.03509576991200447,0.03863884508609772,0.04342389851808548,0.035751231014728546,0.03509576991200447,0.03509576991200447,0.03878346458077431,0.04315812885761261,0.03582955151796341,0.03509576991200447
2019-10-18,0.03598148375749588,0.03500385209918022,0.03500385209918022,0.03500385209918022,0.03500385209918022,0.04015541821718216,0.042287155985832214,0.03522112965583801,0.03549724072217941,0.03500385209918022,0.03768131136894226,0.03500385209918022,0.038928937166929245,0.03875594586133957,0.03729928284883499,0.03500385209918022,0.03500385209918022,0.03500385209918022,0.03603273630142212,0.0435180589556694,0.0381237231194973,0.03500385209918022,0.03500385209918022,0.03756702318787575,0.04431471228599548,0.03699309006333351,0.03660040721297264
2019-10-21,0.03462528437376022,0.03462528437376022,0.03462528437376022,0.03462528437376022,0.03462528437376022,0.037394192069768906,0.0359208919107914,0.03993810713291168,0.03462528437376022,0.03462528437376022,0.03462528437376022,0.03462528437376022,0.043961092829704285,0.03783101588487625,0.03462528437376022,0.03462528437376022,0.03462528437376022,0.03462528437376022,0.03984830528497696,0.04379386454820633,0.03794248402118683,0.03462528437376022,0.03462528437376022,0.046851012855768204,0.04776027426123619,0.03475422412157059,0.03462528437376022
2019-10-22,0.03447893634438515,0.03447893634438515,0.03447893634438515,0.03447893634438515,0.03447893634438515,0.03522450104355812,0.039685118943452835,0.03951121121644974,0.03447893634438515,0.03447893634438515,0.03465086594223976,0.03447893634438515,0.039091192185878754,0.03721329942345619,0.03447893634438515,0.03522577881813049,0.03447893634438515,0.03447893634438515,0.041995298117399216,0.04327308386564255,0.03870147839188576,0.03447893634438515,0.03447893634438515,0.04341351240873337,0.05483056604862213,0.03447893634438515,0.03447893634438515
2019-10-23,0.035158559679985046,0.035158559679985046,0.035158559679985046,0.035158559679985046,0.035158559679985046,0.037327926605939865,0.04128650948405266,0.03680553659796715,0.035158559679985046,0.035158559679985046,0.036552730947732925,0.036289967596530914,0.0392717644572258,0.04284730553627014,0.035158559679985046,0.042254913598299026,0.035158559679985046,0.035158559679985046,0.03803785517811775,0.03729265183210373,0.035158559679985046,0.035158559679985046,0.035158559679985046,0.038114190101623535,0.046540267765522,0.035158559679985046,0.035158559679985046
2019-10-24,0.036069560796022415,0.0345919094979763,0.0345919094979763,0.0345919094979763,0.0345919094979763,0.03563100844621658,0.04098788648843765,0.03969927877187729,0.0345919094979763,0.0345919094979763,0.035451944917440414,0.0345919094979763,0.045161787420511246,0.04030681774020195,0.03465636074542999,0.03969123959541321,0.0345919094979763,0.0345919094979763,0.03945396468043327,0.03840165585279465,0.0345919094979763,0.0345919094979763,0.0345919094979763,0.040120773017406464,0.05008101090788841,0.0345919094979763,0.0345919094979763
2019-10-25,0.03501348942518234,0.03501348942518234,0.03621436282992363,0.03510783612728119,0.03501348942518234,0.0376051664352417,0.041509706526994705,0.03579407185316086,0.03501348942518234,0.03501348942518234,0.03651139885187149,0.03501348942518234,0.039458297193050385,0.04176235571503639,0.03501348942518234,0.04377131164073944,0.03501348942518234,0.03501348942518234,0.03863183781504631,0.03778206929564476,0.03501348942518234,0.03501348942518234,0.03501348942518234,0.0379948727786541,0.047667842358350754,0.03501348942518234,0.03501348942518234
2019-10-28,0.035658448934555054,0.03470524400472641,0.03470524400472641,0.039957158267498016,0.03470524400472641,0.039342597126960754,0.03470524400472641,0.036280255764722824,0.03470524400472641,0.03470524400472641,0.03470524400472641,0.03470524400472641,0.03983087092638016,0.03529734164476395,0.035018570721149445,0.03840517997741699,0.03470524400472641,0.03470524400472641,0.04532372206449509,0.03496420010924339,0.03599131852388382,0.03470524400472641,0.03563332557678223,0.04521378129720688,0.051915112882852554,0.03470524400472641,0.03470524400472641
2019-10-29,0.036761436611413956,0.03476133570075035,0.03476133570075035,0.0375138521194458,0.03476133570075035,0.040960442274808884,0.03638468682765961,0.03650273010134697,0.03476133570075035,0.03476133570075035,0.035082899034023285,0.03476133570075035,0.039285991340875626,0.03541088104248047,0.03534424677491188,0.03545045852661133,0.03476133570075035,0.03476133570075035,0.04496662691235542,0.03476133570075035,0.0385267399251461,0.03476133570075035,0.03476133570075035,0.042184196412563324,0.05372745171189308,0.03476133570075035,0.03476133570075035
2019-10-30,0.03470686078071594,0.03470686078071594,0.03470686078071594,0.03866077959537506,0.03470686078071594,0.04043564200401306,0.03470686078071594,0.037975139915943146,0.03470686078071594,0.03470686078071594,0.03470686078071594,0.03470686078071594,0.04044008255004883,0.035929519683122635,0.03470686078071594,0.03556201234459877,0.03470686078071594,0.03470686078071594,0.04433507099747658,0.03470686078071594,0.03772187978029251,0.03470686078071594,0.03517235442996025,0.04497110843658447,0.05348663777112961,0.03470686078071594,0.03470686078071594
2019-10-31,0.04028308764100075,0.03445375710725784,0.03445375710725784,0.03849712014198303,0.03445375710725784,0.03792347013950348,0.03824729844927788,0.03765711560845375,0.03445375710725784,0.03445375710725784,0.03490006923675537,0.03445375710725784,0.03445375710725784,0.03523282706737518,0.03805886209011078,0.03445375710725784,0.03445375710725784,0.03445375710725784,0.04746618494391441,0.03445375710725784,0.041014958173036575,0.03445375710725784,0.03445375710725784,0.04020954295992851,0.053703177720308304,0.03445375710725784,0.03445375710725784
2019-11-01,0.039768680930137634,0.03436977416276932,0.035698261111974716,0.038445912301540375,0.03436977416276932,0.03825177624821663,0.036710403859615326,0.03932530805468559,0.03436977416276932,0.03436977416276932,0.03650915250182152,0.03436977416276932,0.03436977416276932,0.035031579434871674,0.03933506831526756,0.03436977416276932,0.03436977416276932,0.03436977416276932,0.047943294048309326,0.03436977416276932,0.04094073548913002,0.03436977416276932,0.03436977416276932,0.03821634128689766,0.052646685391664505,0.03436977416276932,0.03436977416276932
2019-11-04,0.0404697023332119,0.03440561145544052,0.03440561145544052,0.03939540311694145,0.03440561145544052,0.03823455795645714,0.0380060076713562,0.03710402548313141,0.03440561145544052,0.03440561145544052,0.03493037447333336,0.03440561145544052,0.03440561145544052,0.03561099246144295,0.03879300877451897,0.03440561145544052,0.03440561145544052,0.03440561145544052,0.04738660901784897,0.03440561145544052,0.041585907340049744,0.03440561145544052,0.03440561145544052,0.03929535299539566,0.05310387909412384,0.03440561145544052,0.03440561145544052
2019-11-05,0.04046206548810005,0.034862007945775986,0.037102606147527695,0.04041433334350586,0.034862007945775986,0.03746988996863365,0.03803667798638344,0.035936951637268066,0.037565890699625015,0.034862007945775986,0.03529292717576027,0.034862007945775986,0.034862007945775986,0.038610879331827164,0.03817438334226608,0.03702467307448387,0.034862007945775986,0.034862007945775986,0.04168003425002098,0.034862007945775986,0.03662166744470596,0.036093439906835556,0.03809752315282822,0.034862007945775986,0.047933951020240784,0.034862007945775986,0.034862007945775986
2019-11-06,0.0390666127204895,0.034604959189891815,0.03945089131593704,0.039466772228479385,0.034604959189891815,0.03726281598210335,0.036163538694381714,0.03648248687386513,0.03826320171356201,0.034604959189891815,0.03577062115073204,0.034604959189891815,0.034604959189891815,0.040094561874866486,0.03875990957021713,0.04064024239778519,0.034604959189891815,0.034604959189891815,0.04326079040765762,0.034604959189891815,0.034604959189891815,0.03495369851589203,0.03831278905272484,0.034604959189891815,0.04679153859615326,0.034604959189891815,0.034604959189891815
2019-11-07,0.039818357676267624,0.03467017412185669,0.038617245852947235,0.039710402488708496,0.03467017412185669,0.03746650367975235,0.036443524062633514,0.03651188686490059,0.0380043126642704,0.03467017412185669,0.035597726702690125,0.03467017412185669,0.03467017412185669,0.039746545255184174,0.03872537240386009,0.03964827209711075,0.03467017412185669,0.03467017412185669,0.043093081563711166,0.03467017412185669,0.03467017412185669,0.03517472743988037,0.03821837529540062,0.03467017412185669,0.047181613743305206,0.03467017412185669,0.03467017412185669
2019-11-08,0.041853681206703186,0.03547366335988045,0.037835992872714996,0.04044404625892639,0.034781571477651596,0.037204161286354065,0.03838488087058067,0.034781571477651596,0.034781571477651596,0.034781571477651596,0.034781571477651596,0.034781571477651596,0.034781571477651596,0.038422707468271255,0.038172993808984756,0.03914345055818558,0.034781571477651596,0.034781571477651596,0.04091591015458107,0.034781571477651596,0.034781571477651596,0.03656018152832985,0.039466485381126404,0.035243500024080276,0.0487179234623909,0.034781571477651596,0.034781571477651596
2019-11-11,0.039594948291778564,0.035010118037462234,0.03710588440299034,0.035010118037462234,0.035010118037462234,0.035010118037462234,0.0392506904900074,0.035010118037462234,0.038074299693107605,0.035010118037462234,0.035010118037462234,0.035010118037462234,0.035010118037462234,0.039159681648015976,0.037001606076955795,0.03509155288338661,0.035010118037462234,0.03776053339242935,0.04719497263431549,0.03951498866081238,0.040692199021577835,0.035010118037462234,0.035010118037462234,0.035010118037462234,0.04395104944705963,0.035010118037462234,0.0354660302400589
2019-11-12,0.038209717720746994,0.03555336967110634,0.038687944412231445,0.039587631821632385,0.03503212705254555,0.03877589851617813,0.038759175688028336,0.03503212705254555,0.03895009309053421,0.03503212705254555,0.03503212705254555,0.03503212705254555,0.03503212705254555,0.03783971443772316,0.037402473390102386,0.03762832656502724,0.03503212705254555,0.03503212705254555,0.040491145104169846,0.03503212705254555,0.03822408989071846,0.03503212705254555,0.036947447806596756,0.03503212705254555,0.047525301575660706,0.03503212705254555,0.03503212705254555
2019-11-13,0.035208772867918015,0.03494025021791458,0.040442608296871185,0.0385638102889061,0.03494025021791458,0.03514513000845909,0.03871014341711998,0.03494025021791458,0.037955522537231445,0.03494025021791458,0.035370126366615295,0.03494025021791458,0.03494025021791458,0.03862825036048889,0.03806331381201744,0.03737219050526619,0.03494025021791458,0.035128455609083176,0.04338764399290085,0.036204297095537186,0.04016026854515076,0.035161424428224564,0.03748830407857895,0.03494025021791458,0.04719835892319679,0.035349201411008835,0.03494025021791458
2019-11-14,0.035335734486579895,0.035335734486579895,0.035335734486579895,0.03841783106327057,0.035335734486579895,0.035335734486579895,0.039181534200906754,0.035335734486579895,0.03759867325425148,0.035335734486579895,0.035335734486579895,0.035335734486579895,0.035335734486579895,0.03734063357114792,0.03670892491936684,0.03605241701006889,0.035335734486579895,0.035335734486579895,0.04346746951341629,0.04255954176187515,0.03799063712358475,0.035335734486579895,0.035335734486579895,0.035335734486579895,0.04997487738728523,0.035335734486579895,0.035335734486579895
2019-11-15,0.03472578153014183,0.03472578153014183,0.03472578153014183,0.03608468919992447,0.03472578153014183,0.03695210441946983,0.03774096444249153,0.038580067455768585,0.03472578153014183,0.03472578153014183,0.03472578153014183,0.03472578153014183,0.04885907471179962,0.03659815713763237,0.03472578153014183,0.03472578153014183,0.03472578153014183,0.03472578153014183,0.0401742160320282,0.0394531674683094,0.03472578153014183,0.03472578153014183,0.03505507856607437,0.04185401275753975,0.051132142543792725,0.03472578153014183,0.03662959486246109
2019-11-18,0.038292162120342255,0.03469408303499222,0.03469408303499222,0.03792845830321312,0.03469408303499222,0.03767235577106476,0.041231296956539154,0.03469408303499222,0.038664210587739944,0.03469408303499222,0.03469408303499222,0.03469408303499222,0.03957325220108032,0.0370718315243721,0.03738683462142944,0.03469408303499222,0.03469408303499222,0.03469408303499222,0.04103267937898636,0.03857556730508804,0.03516550362110138,0.03469408303499222,0.03469408303499222,0.03839423507452011,0.04994189739227295,0.03469408303499222,0.03804663196206093
2019-11-19,0.03759158402681351,0.0348113588988781,0.03492623195052147,0.038159117102622986,0.0348113588988781,0.0378873348236084,0.039586782455444336,0.03575914353132248,0.03983957692980766,0.0348113588988781,0.0348113588988781,0.0348113588988781,0.03812127560377121,0.037555135786533356,0.03810585290193558,0.0348113588988781,0.0348113588988781,0.0348113588988781,0.04248521849513054,0.038189150393009186,0.0348113588988781,0.0348113588988781,0.0348113588988781,0.03886193409562111,0.04927343875169754,0.0348113588988781,0.03592194616794586
2019-11-20,0.043553292751312256,0.035110969096422195,0.034446656703948975,0.03531750664114952,0.034446656703948975,0.03455602005124092,0.04632491618394852,0.036540448665618896,0.04795879125595093,0.034446656703948975,0.034637968987226486,0.034446656703948975,0.042656008154153824,0.034446656703948975,0.034446656703948975,0.034446656703948975,0.034446656703948975,0.034446656703948975,0.037271905690431595,0.03597421199083328,0.034446656703948975,0.034446656703948975,0.034446656703948975,0.03447926416993141,0.0484745018184185,0.034446656703948975,0.03933767229318619
2019-11-21,0.04301874339580536,0.03822552412748337,0.034155141562223434,0.035076431930065155,0.034120164811611176,0.038179825991392136,0.04784810543060303,0.034120164811611176,0.04911639913916588,0.034120164811611176,0.0345345176756382,0.036319300532341,0.041750941425561905,0.034120164811611176,0.034120164811611176,0.034120164811611176,0.034120164811611176,0.034120164811611176,0.03541148453950882,0.03678780794143677,0.034120164811611176,0.034120164811611176,0.034120164811611176,0.034120164811611176,0.04543755576014519,0.034120164811611176,0.040576040744781494
2019-11-22,0.040990620851516724,0.03707686439156532,0.03438001498579979,0.035921547561883926,0.03438001498579979,0.03784802928566933,0.04544191062450409,0.03700656443834305,0.045259129256010056,0.03438001498579979,0.03756722807884216,0.038095250725746155,0.04001914709806442,0.03438001498579979,0.03602014482021332,0.03438001498579979,0.03438001498579979,0.03438001498579979,0.03566459193825722,0.03596188873052597,0.03525944799184799,0.03438001498579979,0.03438001498579979,0.034902021288871765,0.04855477437376976,0.03438001498579979,0.03461064398288727
2019-11-25,0.04247014597058296,0.037007205188274384,0.03523959591984749,0.0353362113237381,0.03417600318789482,0.03764839470386505,0.04418989643454552,0.03699171543121338,0.047223303467035294,0.03417600318789482,0.036793846637010574,0.036609258502721786,0.03960705175995827,0.03417600318789482,0.03683945909142494,0.035559725016355515,0.03417600318789482,0.03417600318789482,0.03743249177932739,0.036968570202589035,0.03417600318789482,0.03417600318789482,0.03417600318789482,0.034608278423547745,0.04751806706190109,0.03417600318789482,0.034372713416814804
2019-11-26,0.041444648057222366,0.03407669439911842,0.036742810159921646,0.03864536061882973,0.03407669439911842,0.040477074682712555,0.04415619373321533,0.03645394742488861,0.04317547380924225,0.03407669439911842,0.03808220848441124,0.03674781322479248,0.0348094142973423,0.03575790300965309,0.03847838193178177,0.03570825606584549,0.03407669439911842,0.03407669439911842,0.03835436701774597,0.03610536456108093,0.036713819950819016,0.03529125079512596,0.03407669439911842,0.03498554229736328,0.045256614685058594,0.03407669439911842,0.03407669439911842
2019-11-27,0.045003850013017654,0.034291867166757584,0.036322757601737976,0.03917795792222023,0.034291867166757584,0.03894117474555969,0.045299727469682693,0.03509756177663803,0.04619482532143593,0.034291867166757584,0.036737557500600815,0.03481972962617874,0.03552360087633133,0.03663409501314163,0.03733251616358757,0.03499685972929001,0.034291867166757584,0.034291867166757584,0.03945817053318024,0.03719443455338478,0.034291867166757584,0.034291867166757584,0.034291867166757584,0.034291867166757584,0.04405461624264717,0.034291867166757584,0.034291867166757584
2019-11-29,0.044962748885154724,0.03428850322961807,0.03632787615060806,0.039171140640974045,0.03428850322961807,0.0389677919447422,0.04528673365712166,0.03512055054306984,0.04615690931677818,0.03428850322961807,0.036759842187166214,0.034852027893066406,0.035510022193193436,0.03661806136369705,0.03735404461622238,0.03500493988394737,0.03428850322961807,0.03428850322961807,0.03944570943713188,0.03718017414212227,0.0343201607465744,0.03428850322961807,0.03428850322961807,0.03428850322961807,0.04407628998160362,0.03428850322961807,0.03428850322961807
2019-12-02,0.04379002004861832,0.03420918062329292,0.036469779908657074,0.03898366540670395,0.03420918062329292,0.039594363421201706,0.044920481741428375,0.03566756471991539,0.04510819539427757,0.03420918062329292,0.037294816225767136,0.035630468279123306,0.035217322409152985,0.03626059368252754,0.03784365579485893,0.035240717232227325,0.03420918062329292,0.03420918062329292,0.03909221664071083,0.03680327162146568,0.0351693369448185,0.03444182872772217,0.03420918062329292,0.03420918062329292,0.04458906874060631,0.03420918062329292,0.03420918062329292
2019-12-03,0.03813455253839493,0.03385870158672333,0.03392214700579643,0.03879489004611969,0.03385870158672333,0.04146525636315346,0.0404604971408844,0.035844847559928894,0.03596300631761551,0.03385870158672333,0.03700133040547371,0.03385870158672333,0.034909140318632126,0.03410565108060837,0.04168941453099251,0.03510798513889313,0.03385870158672333,0.03385870158672333,0.04273976758122444,0.036843959242105484,0.03851356729865074,0.03385870158672333,0.03385870158672333,0.04091961681842804,0.05499735847115517,0.03385870158672333,0.03385870158672333
2019-12-04,0.036258019506931305,0.03934742137789726,0.034910354763269424,0.03383159264922142,0.03383159264922142,0.03945236653089523,0.04192415252327919,0.03436809033155441,0.03982345759868622,0.03383159264922142,0.03862880915403366,0.053464144468307495,0.04038664698600769,0.03383159264922142,0.03899373859167099,0.03383159264922142,0.034166738390922546,0.036544106900691986,0.03383159264922142,0.03473873436450958,0.0376397930085659,0.03383159264922142,0.03383159264922142,0.03383159264922142,0.04266994073987007,0.03658869490027428,0.035610467195510864
2019-12-05,0.04078944772481918,0.03429722413420677,0.03429722413420677,0.03429722413420677,0.03429722413420677,0.03582693263888359,0.04854382202029228,0.03564048558473587,0.04026186838746071,0.03429722413420677,0.03429722413420677,0.03429722413420677,0.038970112800598145,0.03429722413420677,0.03429722413420677,0.03429722413420677,0.03429722413420677,0.03429722413420677,0.0383535735309124,0.04294557869434357,0.035671137273311615,0.03429722413420677,0.03429722413420677,0.03834089636802673,0.05054039508104324,0.03429722413420677,0.03965732827782631
2019-12-06,0.040883131325244904,0.034382328391075134,0.034382328391075134,0.034382328391075134,0.034382328391075134,0.03567466139793396,0.04683825373649597,0.036418285220861435,0.040853653103113174,0.034382328391075134,0.034382328391075134,0.034382328391075134,0.03810790553689003,0.034382328391075134,0.03534591943025589,0.034382328391075134,0.034382328391075134,0.034382328391075134,0.039355725049972534,0.04346799477934837,0.034406628459692,0.034382328391075134,0.034382328391075134,0.03849685937166214,0.05005425959825516,0.034382328391075134,0.03874405845999718
2019-12-09,0.039086245000362396,0.03413204103708267,0.03413204103708267,0.03611685335636139,0.03413204103708267,0.03663221374154091,0.04255937784910202,0.03723543882369995,0.03413204103708267,0.03413204103708267,0.03413204103708267,0.03413204103708267,0.037539612501859665,0.03547441586852074,0.03665054216980934,0.03413204103708267,0.03413204103708267,0.03413204103708267,0.04772445932030678,0.04272187128663063,0.03576451167464256,0.03413204103708267,0.03413204103708267,0.0432768352329731,0.051236096769571304,0.03413204103708267,0.03426503390073776
2019-12-10,0.040691129863262177,0.03410464897751808,0.03410464897751808,0.03793661296367645,0.03410464897751808,0.037515051662921906,0.04273206740617752,0.034178707748651505,0.03669559210538864,0.03410464897751808,0.03410464897751808,0.03410464897751808,0.03525475040078163,0.03551850467920303,0.03760812431573868,0.03410464897751808,0.03410464897751808,0.03410464897751808,0.04656935855746269,0.04372406378388405,0.03556273877620697,0.03410464897751808,0.03410464897751808,0.04167638346552849,0.05066601559519768,0.03410464897751808,0.034415096044540405
2019-12-11,0.04026205837726593,0.03426516801118851,0.03426516801118851,0.038332756608724594,0.03426516801118851,0.03877124935388565,0.043294500559568405,0.03426516801118851,0.03805976361036301,0.03426516801118851,0.034664228558540344,0.03426516801118851,0.03613528236746788,0.03665198013186455,0.037439797073602676,0.03426516801118851,0.03426516801118851,0.03426516801118851,0.04406438767910004,0.04311825707554817,0.03457685187458992,0.03426516801118851,0.03426516801118851,0.04046382009983063,0.048274219036102295,0.03426516801118851,0.03470887988805771
2019-12-12,0.0408007875084877,0.034057024866342545,0.034057024866342545,0.03767694905400276,0.034057024866342545,0.03730904683470726,0.042720310389995575,0.034057024866342545,0.03734405338764191,0.034057024866342545,0.034057024866342545,0.034057024866342545,0.035615768283605576,0.03502373769879341,0.03769474849104881,0.034057024866342545,0.034057024866342545,0.034057024866342545,0.046327296644449234,0.044085439294576645,0.03485456109046936,0.034057024866342545,0.034057024866342545,0.041712768375873566,0.05128037929534912,0.034057024866342545,0.03481290116906166
2019-12-13,0.0404469333589077,0.034185782074928284,0.034185782074928284,0.03825215622782707,0.034185782074928284,0.037964802235364914,0.04282784461975098,0.034459106624126434,0.03633422777056694,0.034185782074928284,0.034185782074928284,0.034185782074928284,0.035080209374427795,0.03621675446629524,0.0375114381313324,0.034185782074928284,0.034185782074928284,0.034185782074928284,0.046242743730545044,0.0432484894990921,0.03601662814617157,0.034185782074928284,0.034185782074928284,0.04140385612845421,0.049579691141843796,0.034185782074928284,0.034185782074928284
2019-12-16,0.04466322436928749,0.03428797796368599,0.03428797796368599,0.037291113287210464,0.03428797796368599,0.03510943427681923,0.041252393275499344,0.03428797796368599,0.0410175658762455,0.03428797796368599,0.03428797796368599,0.03428797796368599,0.04119405522942543,0.03428797796368599,0.03503275662660599,0.03428797796368599,0.03428797796368599,0.03428797796368599,0.039568427950143814,0.03798169642686844,0.03428797796368599,0.034296877682209015,0.03638823330402374,0.03626876324415207,0.05173616483807564,0.03428797796368599,0.04245554283261299
2019-12-17,0.04467780888080597,0.03428153321146965,0.03428153321146965,0.03725393861532211,0.03428153321146965,0.035083506256341934,0.04127120599150658,0.03428153321146965,0.04109133034944534,0.03428153321146965,0.03428153321146965,0.03428153321146965,0.04118987172842026,0.03428153321146965,0.03503899276256561,0.03428153321146965,0.03428153321146965,0.03428153321146965,0.03952772170305252,0.03800837695598602,0.03428153321146965,0.03428153321146965,0.036363765597343445,0.03624941036105156,0.0518009178340435,0.03428153321146965,0.04250175505876541
2019-12-18,0.04334087669849396,0.03423730656504631,0.03423730656504631,0.0360388420522213,0.03423730656504631,0.03534375876188278,0.04358236864209175,0.03423730656504631,0.03999682143330574,0.03423730656504631,0.03423730656504631,0.03423730656504631,0.04144661873579025,0.03423730656504631,0.03423730656504631,0.03423730656504631,0.03423730656504631,0.03423730656504631,0.03911207988858223,0.041884858161211014,0.03423730656504631,0.03423730656504631,0.0345769040286541,0.038277700543403625,0.05123080313205719,0.03423730656504631,0.041608765721321106
2019-12-19,0.0434708334505558,0.03469058498740196,0.03469058498740196,0.038883715867996216,0.03469058498740196,0.036153361201286316,0.04019736126065254,0.03469058498740196,0.040346208959817886,0.03469058498740196,0.03469058498740196,0.03469058498740196,0.039244361221790314,0.03469058498740196,0.03618280589580536,0.03469058498740196,0.03469058498740196,0.03469058498740196,0.04275734722614288,0.036413103342056274,0.03531649708747864,0.03469058498740196,0.034967683255672455,0.037027012556791306,0.047799333930015564,0.03469058498740196,0.04026275873184204
2019-12-20,0.045516759157180786,0.034775666892528534,0.03490901738405228,0.037615835666656494,0.034775666892528534,0.0349205806851387,0.040397051721811295,0.034775666892528534,0.042532507330179214,0.034775666892528534,0.034775666892528534,0.034775666892528534,0.03843596577644348,0.034775666892528534,0.0361357107758522,0.034775666892528534,0.034775666892528534,0.034775666892528534,0.042355719953775406,0.03703806921839714,0.034775666892528534,0.034775666892528534,0.034775666892528534,0.034775666892528534,0.04883638769388199,0.034775666892528534,0.039671383798122406
2019-12-23,0.04879260063171387,0.03470221161842346,0.03700880706310272,0.036869268864393234,0.03470221161842346,0.03470221161842346,0.037205975502729416,0.03470221161842346,0.035073015838861465,0.03470221161842346,0.03470221161842346,0.03470221161842346,0.03782370314002037,0.03493872284889221,0.03535686433315277,0.03470221161842346,0.03470221161842346,0.03470221161842346,0.044524237513542175,0.03846655413508415,0.03470221161842346,0.038220811635255814,0.03981899470090866,0.03790968284010887,0.04222476854920387,0.03470221161842346,0.03933951258659363
2019-12-24,0.0511004775762558,0.03457536920905113,0.03997514769434929,0.03870430216193199,0.03457536920905113,0.0358714833855629,0.035620469599962234,0.03457536920905113,0.03457536920905113,0.035262808203697205,0.03457536920905113,0.03457536920905113,0.036006372421979904,0.037224117666482925,0.037027955055236816,0.03685778006911278,0.03457536920905113,0.03457536920905113,0.04816164821386337,0.03508592024445534,0.03457536920905113,0.037039343267679214,0.037496183067560196,0.03673139214515686,0.0415055975317955,0.03457536920905113,0.03457536920905113
2019-12-26,0.0485006682574749,0.03460139408707619,0.04214607551693916,0.03926018252968788,0.03460139408707619,0.03747092932462692,0.03460139408707619,0.03460139408707619,0.03657485544681549,0.03460139408707619,0.0361548587679863,0.03460139408707619,0.03460139408707619,0.0347517654299736,0.03880941867828369,0.03460139408707619,0.03460139408707619,0.03460139408707619,0.04801085591316223,0.036685049533843994,0.03460139408707619,0.04029488191008568,0.03460139408707619,0.037189606577157974,0.03973132744431496,0.03460139408707619,0.03460139408707619
2019-12-27,0.04459035024046898,0.03458532318472862,0.03967531397938728,0.03979627043008804,0.03458532318472862,0.03903672471642494,0.03458532318472862,0.0375252366065979,0.03570812568068504,0.03458532318472862,0.038294579833745956,0.03458532318472862,0.03458532318472862,0.03613382205367088,0.03875929117202759,0.03473992273211479,0.03458532318472862,0.03458532318472862,0.04585813730955124,0.03458532318472862,0.03576993569731712,0.039351969957351685,0.03600923717021942,0.03648503124713898,0.04182751849293709,0.03458532318472862,0.03458532318472862
2019-12-30,0.048460815101861954,0.034540969878435135,0.04093664512038231,0.04032275080680847,0.034540969878435135,0.03716951981186867,0.034540969878435135,0.03579283878207207,0.034618884325027466,0.034540969878435135,0.036248236894607544,0.034540969878435135,0.034540969878435135,0.03513592481613159,0.03901712968945503,0.03678267449140549,0.034540969878435135,0.034540969878435135,0.046662162989377975,0.034540969878435135,0.034540969878435135,0.03915991261601448,0.03677283227443695,0.03693879768252373,0.04148927330970764,0.034540969878435135,0.034540969878435135
2019-12-31,0.04655255749821663,0.034458208829164505,0.04083799570798874,0.040033452212810516,0.034458208829164505,0.03955710679292679,0.03601541742682457,0.034458208829164505,0.03903855383396149,0.034458208829164505,0.03740398585796356,0.034458208829164505,0.034458208829164505,0.03465131297707558,0.037860527634620667,0.03481758013367653,0.034458208829164505,0.034458208829164505,0.045277029275894165,0.034458208829164505,0.03581387177109718,0.03792498633265495,0.034458208829164505,0.03508977219462395,0.0456274077296257,0.034458208829164505,0.034458208829164505
2020-01-02,0.037037037037037035,0.037037037037037035,0.037037037037037035,0.037037037037037035,0.037037037037037035,0.037037037037037035,0.037037037037037035,0.037037037037037035,0.037037037037037035,0.037037037037037035,0.037037037037037035,0.037037037037037035,0.037037037037037035,0.037037037037037035,0.037037037037037035,0.037037037037037035,0.037037037037037035,0.037037037037037035,0.037037037037037035,0.037037037037037035,0.037037037037037035,0.037037037037037035,0.037037037037037035,0.037037037037037035,0.037037037037037035,0.037037037037037035,0.037037037037037035
2020-01-03,0.03532673791050911,0.03813599422574043,0.03651704639196396,0.03532673791050911,0.04125378280878067,0.03532673791050911,0.04199228435754776,0.03564179316163063,0.03532673791050911,0.03532673791050911,0.039354801177978516,0.03532673791050911,0.03891473263502121,0.03532673791050911,0.03532673791050911,0.03532673791050911,0.035886310040950775,0.039407629519701004,0.03532673791050911,0.03532673791050911,0.03532673791050911,0.03532673791050911,0.04663852974772453,0.03809814900159836,0.03825785964727402,0.03532673791050911,0.03532673791050911
2020-01-06,0.03630492091178894,0.04104610159993172,0.03861546143889427,0.035701729357242584,0.03879412263631821,0.035701729357242584,0.03695259615778923,0.035701729357242584,0.035701729357242584,0.035701729357242584,0.03666965290904045,0.035701729357242584,0.03584364056587219,0.035701729357242584,0.035701729357242584,0.035701729357242584,0.035701729357242584,0.03869384899735451,0.035701729357242584,0.037538766860961914,0.03892414644360542,0.035701729357242584,0.0467490628361702,0.035701729357242584,0.0383417122066021,0.035701729357242584,0.035701729357242584
2020-01-07,0.03671040013432503,0.042233020067214966,0.04143783077597618,0.0355493538081646,0.037003982812166214,0.0355493538081646,0.0355493538081646,0.0355493538081646,0.0355493538081646,0.0355493538081646,0.03645996004343033,0.0355493538081646,0.0355493538081646,0.0355493538081646,0.0355493538081646,0.0355493538081646,0.0355493538081646,0.03605683147907257,0.03555064648389816,0.036823783069849014,0.04219045490026474,0.0355493538081646,0.04727332666516304,0.0355493538081646,0.03947019949555397,0.0355493538081646,0.0355493538081646
2020-01-08,0.03536917641758919,0.045459967106580734,0.03703771531581879,0.03536917641758919,0.03785916790366173,0.03540273755788803,0.037946831434965134,0.03536917641758919,0.03536917641758919,0.03536917641758919,0.03981933370232582,0.03536917641758919,0.036477260291576385,0.03536917641758919,0.03536917641758919,0.03536917641758919,0.03536917641758919,0.036804549396038055,0.03536917641758919,0.03536917641758919,0.04272615164518356,0.03536917641758919,0.04571111500263214,0.03536917641758919,0.038848359137773514,0.03536917641758919,0.03536917641758919
2020-01-09,0.035522691905498505,0.04493115097284317,0.035522691905498505,0.035522691905498505,0.03922991454601288,0.035522691905498505,0.03784016892313957,0.035522691905498505,0.035522691905498505,0.035522691905498505,0.03992852941155434,0.035522691905498505,0.03759879991412163,0.035522691905498505,0.035522691905498505,0.035522691905498505,0.035522691905498505,0.03671717643737793,0.03797644376754761,0.035522691905498505,0.041867490857839584,0.035522691905498505,0.04160437360405922,0.035522691905498505,0.038420211523771286,0.035522691905498505,0.035522691905498505
2020-01-10,0.03591572865843773,0.0409272201359272,0.035508424043655396,0.035508424043655396,0.03787878900766373,0.035508424043655396,0.041663434356451035,0.035508424043655396,0.035508424043655396,0.035508424043655396,0.041436173021793365,0.035508424043655396,0.038274288177490234,0.035508424043655396,0.035508424043655396,0.035508424043655396,0.035508424043655396,0.039874833077192307,0.035508424043655396,0.035508424043655396,0.03846064582467079,0.035508424043655396,0.043660346418619156,0.035508424043655396,0.038265373557806015,0.035508424043655396,0.035508424043655396
2020-01-13,0.03661608323454857,0.03877880424261093,0.03544462099671364,0.03544462099671364,0.0381038673222065,0.03544462099671364,0.040282320231199265,0.03544462099671364,0.03544462099671364,0.03544462099671364,0.04131951183080673,0.03544462099671364,0.03781585767865181,0.03544462099671364,0.03544462099671364,0.03544462099671364,0.03544462099671364,0.04058702662587166,0.03568613529205322,0.03544462099671364,0.03782903775572777,0.03544462099671364,0.04815790429711342,0.03544462099671364,0.03770950436592102,0.03544462099671364,0.03544462099671364
2020-01-14,0.03589204326272011,0.04037138447165489,0.03992906212806702,0.034898772835731506,0.03580386936664581,0.034898772835731506,0.03948499634861946,0.034898772835731506,0.034898772835731506,0.034898772835731506,0.0401863269507885,0.034898772835731506,0.03619343787431717,0.034898772835731506,0.034898772835731506,0.034898772835731506,0.03621899336576462,0.04162120819091797,0.034898772835731506,0.03751738369464874,0.039516836404800415,0.034898772835731506,0.05278264731168747,0.034898772835731506,0.03589903563261032,0.034898772835731506,0.034898772835731506
2020-01-15,0.036470431834459305,0.03976168856024742,0.03701015189290047,0.035165317356586456,0.037591807544231415,0.035165317356586456,0.040548183023929596,0.035165317356586456,0.035165317356586456,0.035165317356586456,0.0405597947537899,0.035165317356586456,0.037033963948488235,0.035165317356586456,0.035165317356586456,0.035165317356586456,0.035165317356586456,0.04100121557712555,0.035165317356586456,0.03597179055213928,0.03874603286385536,0.035165317356586456,0.05089963600039482,0.035165317356586456,0.0369255356490612,0.035165317356586456,0.035165317356586456
2020-01-16,0.03594416752457619,0.039241038262844086,0.037736453115940094,0.03522687405347824,0.03674798458814621,0.03522687405347824,0.039667028933763504,0.03522687405347824,0.03522687405347824,0.03522687405347824,0.04055260494351387,0.03522687405347824,0.03699178621172905,0.03522687405347824,0.03522687405347824,0.03522687405347824,0.0361630879342556,0.04205350950360298,0.035265401005744934,0.035907670855522156,0.03809606283903122,0.03522687405347824,0.051336340606212616,0.03522687405347824,0.03634747862815857,0.03522687405347824,0.03522687405347824
2020-01-17,0.03701469674706459,0.03659636154770851,0.03696129098534584,0.03534972667694092,0.03860137611627579,0.03534972667694092,0.03930412232875824,0.03534972667694092,0.03534972667694092,0.03534972667694092,0.04123474657535553,0.03534972667694092,0.036799654364585876,0.03534972667694092,0.03534972667694092,0.03534972667694092,0.03657432645559311,0.04374508559703827,0.036962054669857025,0.03534972667694092,0.03613998368382454,0.03534972667694092,0.04814847186207771,0.03534972667694092,0.03702164441347122,0.03534972667694092,0.03534972667694092
2020-01-21,0.03580618277192116,0.03905533254146576,0.037296172231435776,0.035290010273456573,0.03939618170261383,0.035290010273456573,0.04089943319559097,0.035290010273456573,0.035290010273456573,0.035290010273456573,0.039329491555690765,0.035290010273456573,0.037525903433561325,0.035290010273456573,0.035290010273456573,0.035290010273456573,0.035290010273456573,0.04165021702647209,0.035290010273456573,0.035290010273456573,0.03816017508506775,0.035290010273456573,0.04824235662817955,0.035290010273456573,0.037998396903276443,0.035290010273456573,0.035290010273456573
2020-01-22,0.036848317831754684,0.03883937746286392,0.03564862161874771,0.03564862161874771,0.03799089789390564,0.03564862161874771,0.03918752446770668,0.03564862161874771,0.03564862161874771,0.03564862161874771,0.04278724640607834,0.03564862161874771,0.03635508939623833,0.03564862161874771,0.03564862161874771,0.03564862161874771,0.03564862161874771,0.03858485817909241,0.037495724856853485,0.03564862161874771,0.037128012627363205,0.03564862161874771,0.04564068838953972,0.03564862161874771,0.03876432031393051,0.03564862161874771,0.03564862161874771
2020-01-23,0.038564421236515045,0.03688552975654602,0.035262852907180786,0.035262852907180786,0.037331271916627884,0.035262852907180786,0.03803785517811775,0.035262852907180786,0.035262852907180786,0.035262852907180786,0.04331448674201965,0.035262852907180786,0.037050649523735046,0.035262852907180786,0.035262852907180786,0.035262852907180786,0.03637905418872833,0.04258672147989273,0.03613734617829323,0.035262852907180786,0.035262852907180786,0.035262852907180786,0.052200693637132645,0.035262852907180786,0.03730633109807968,0.035262852907180786,0.035262852907180786
2020-01-24,0.03870026394724846,0.034307822585105896,0.034307822585105896,0.034307822585105896,0.0358835905790329,0.034307822585105896,0.04380219057202339,0.034307822585105896,0.034307822585105896,0.034307822585105896,0.044502198696136475,0.034307822585105896,0.041901033371686935,0.034307822585105896,0.034307822585105896,0.034307822585105896,0.0377688966691494,0.047708526253700256,0.039058152586221695,0.034307822585105896,0.0357341431081295,0.034307822585105896,0.05170798674225807,0.034307822585105896,0.034307822585105896,0.034307822585105896,0.034307822585105896
2020-01-27,0.03899697959423065,0.03345052897930145,0.03345052897930145,0.0382879413664341,0.03345052897930145,0.03345052897930145,0.04345475137233734,0.03598370403051376,0.03389035910367966,0.03606419265270233,0.04479771852493286,0.03345052897930145,0.044311489909887314,0.03345052897930145,0.03345052897930145,0.03345052897930145,0.03683224320411682,0.05430547147989273,0.03911420330405235,0.03345052897930145,0.03724033385515213,0.03345052897930145,0.048413243144750595,0.03345052897930145,0.03345052897930145,0.03345052897930145,0.03345052897930145
2020-01-28,0.03652750700712204,0.04374510794878006,0.04318647459149361,0.034873686730861664,0.03386775031685829,0.03386775031685829,0.03639154136180878,0.03386775031685829,0.03386775031685829,0.034730084240436554,0.04606297239661217,0.035387080162763596,0.035362690687179565,0.03386775031685829,0.03386775031685829,0.03386775031685829,0.03820038586854935,0.036517947912216187,0.03386775031685829,0.04242480546236038,0.03960448503494263,0.03386775031685829,0.05271364375948906,0.03386775031685829,0.03386775031685829,0.03386775031685829,0.03785858303308487
2020-01-29,0.03690294921398163,0.03860084339976311,0.04200350120663643,0.035842783749103546,0.034039128571748734,0.03680483251810074,0.039051271975040436,0.034039128571748734,0.034039128571748734,0.034039128571748734,0.04326239600777626,0.034039128571748734,0.03854906186461449,0.034039128571748734,0.034039128571748734,0.034039128571748734,0.036568403244018555,0.04261184483766556,0.035529717803001404,0.03973248973488808,0.04274071753025055,0.034039128571748734,0.049290575087070465,0.034039128571748734,0.034039128571748734,0.034039128571748734,0.034039128571748734
2020-01-30,0.035951197147369385,0.038239821791648865,0.041452404111623764,0.03626471012830734,0.03374661132693291,0.03374661132693291,0.03993775323033333,0.03374661132693291,0.03374661132693291,0.03376224264502525,0.04271335527300835,0.03374661132693291,0.0402354970574379,0.03374661132693291,0.03374661132693291,0.03374661132693291,0.037704236805438995,0.04589344561100006,0.03374661132693291,0.04041081666946411,0.041702523827552795,0.03374661132693291,0.053279437124729156,0.03374661132693291,0.03374661132693291,0.03374661132693291,0.03374661132693291
2020-01-31,0.03626631945371628,0.036591630429029465,0.039363179355859756,0.03464923053979874,0.03417249768972397,0.03417249768972397,0.041884567588567734,0.03417249768972397,0.03417249768972397,0.03417249768972397,0.04203415289521217,0.03417249768972397,0.04130532592535019,0.03417249768972397,0.03417249768972397,0.03417249768972397,0.04006115347146988,0.04403983801603317,0.03447388485074043,0.03789374232292175,0.03968307375907898,0.03417249768972397,0.053338926285505295,0.03417249768972397,0.03417249768972397,0.03417249768972397,0.03417249768972397
2020-02-03,0.03504737466573715,0.04161935672163963,0.04085417464375496,0.03504737466573715,0.03504737466573715,0.03504737466573715,0.036854036152362823,0.03504737466573715,0.03504737466573715,0.03504737466573715,0.04669089615345001,0.03504737466573715,0.03622756153345108,0.03504737466573715,0.03504737466573715,0.03504737466573715,0.0379873588681221,0.03504737466573715,0.03504737466573715,0.04012683033943176,0.036606982350349426,0.03504737466573715,0.05057484656572342,0.03504737466573715,0.03504737466573715,0.03504737466573715,0.0366525836288929
2020-02-04,0.036534592509269714,0.039023902267217636,0.039584867656230927,0.03475688025355339,0.035513270646333694,0.03475688025355339,0.04034056514501572,0.03475688025355339,0.03475688025355339,0.03475688025355339,0.04403417930006981,0.03475688025355339,0.03900397941470146,0.03475688025355339,0.03475688025355339,0.03475688025355339,0.037175532430410385,0.03971419855952263,0.035207126289606094,0.03798201307654381,0.039247844368219376,0.03475688025355339,0.050041623413562775,0.03475688025355339,0.03475688025355339,0.03475688025355339,0.03475688025355339
2020-02-05,0.034733325242996216,0.038507573306560516,0.03701397776603699,0.034733325242996216,0.03726646304130554,0.034733325242996216,0.04337165132164955,0.034733325242996216,0.034733325242996216,0.034733325242996216,0.043878767639398575,0.036087486892938614,0.042950551956892014,0.034733325242996216,0.034733325242996216,0.034733325242996216,0.037251900881528854,0.04113404452800751,0.034934040158987045,0.03764521703124046,0.03927859663963318,0.034733325242996216,0.044413257390260696,0.034733325242996216,0.034733325242996216,0.034733325242996216,0.034733325242996216
2020-02-06,0.035015445202589035,0.04022032022476196,0.03870341181755066,0.035015445202589035,0.03639436885714531,0.035015445202589035,0.040555689483881,0.035015445202589035,0.035015445202589035,0.035015445202589035,0.04412141442298889,0.035015445202589035,0.03911152109503746,0.035015445202589035,0.035015445202589035,0.035015445202589035,0.03743775188922882,0.03868057578802109,0.03829615190625191,0.037877440452575684,0.039247989654541016,0.035015445202589035,0.04408064857125282,0.035015445202589035,0.03505652770400047,0.035015445202589035,0.035015445202589035
2020-02-07,0.03638499602675438,0.03878465294837952,0.037664271891117096,0.03506244346499443,0.036398086696863174,0.03506244346499443,0.040661830455064774,0.03506244346499443,0.03506244346499443,0.03506244346499443,0.04360898584127426,0.03506244346499443,0.03870146721601486,0.03506244346499443,0.03506244346499443,0.03506244346499443,0.037429336458444595,0.03975226730108261,0.037358492612838745,0.036378584802150726,0.03780282661318779,0.03506244346499443,0.04819995164871216,0.03506244346499443,0.03506244346499443,0.03506244346499443,0.03506244346499443
2020-02-10,0.03651975095272064,0.03826984390616417,0.03794751316308975,0.03495550528168678,0.03574393317103386,0.03495550528168678,0.041076093912124634,0.03495550528168678,0.03495550528168678,0.03495550528168678,0.0434325709939003,0.03495550528168678,0.0387720949947834,0.03495550528168678,0.03495550528168678,0.03495550528168678,0.03797180578112602,0.04050251096487045,0.03762117028236389,0.03636513277888298,0.03787185996770859,0.03495550528168678,0.04852866381406784,0.03495550528168678,0.03495550528168678,0.03495550528168678,0.03495550528168678
2020-02-11,0.034967921674251556,0.03954274579882622,0.04414326325058937,0.034967921674251556,0.034967921674251556,0.034967921674251556,0.03835304081439972,0.034967921674251556,0.034967921674251556,0.034967921674251556,0.03776201605796814,0.034967921674251556,0.034967921674251556,0.034967921674251556,0.034967921674251556,0.034967921674251556,0.0372178815305233,0.03809044882655144,0.03639845922589302,0.03841095790266991,0.03837962821125984,0.034967921674251556,0.0548316165804863,0.034967921674251556,0.03738320246338844,0.034967921674251556,0.034967921674251556
2020-02-12,0.036719053983688354,0.03909400478005409,0.041182905435562134,0.03490273654460907,0.03490273654460907,0.03490273654460907,0.03993503749370575,0.03490273654460907,0.03490273654460907,0.03490273654460907,0.04120197892189026,0.03490273654460907,0.035607460886240005,0.03490273654460907,0.03490273654460907,0.03490273654460907,0.03717335686087608,0.04074905067682266,0.03516951948404312,0.03786243125796318,0.0396135114133358,0.03490273654460907,0.04987787827849388,0.03490273654460907,0.0371754914522171,0.03490273654460907,0.03490273654460907
2020-02-13,0.03671899065375328,0.038488224148750305,0.04205400124192238,0.0342232882976532,0.0342232882976532,0.0342232882976532,0.04089789092540741,0.0342232882976532,0.0342232882976532,0.0342232882976532,0.04170215502381325,0.0342232882976532,0.03973902016878128,0.0342232882976532,0.0342232882976532,0.0342232882976532,0.04156481847167015,0.04362519085407257,0.0342232882976532,0.03808567672967911,0.039585474878549576,0.0342232882976532,0.04996592923998833,0.0342232882976532,0.0342232882976532,0.0342232882976532,0.0342232882976532
2020-02-14,0.036577560007572174,0.038834527134895325,0.04269770160317421,0.0342351533472538,0.0342351533472538,0.0342351533472538,0.04067842289805412,0.0344964899122715,0.0342351533472538,0.0342351533472538,0.04103590175509453,0.0342351533472538,0.03735664114356041,0.0342351533472538,0.0342351533472538,0.0342351533472538,0.040353547781705856,0.042034029960632324,0.0342351533472538,0.03830284997820854,0.03771097958087921,0.0342351533472538,0.056394025683403015,0.0342351533472538,0.0342351533472538,0.0342351533472538,0.0342351533472538
2020-02-18,0.03811081871390343,0.03589698299765587,0.040685899555683136,0.03466695547103882,0.03466695547103882,0.03466695547103882,0.041442714631557465,0.03466695547103882,0.03466695547103882,0.03466695547103882,0.039533670991659164,0.03466695547103882,0.03466695547103882,0.03466695547103882,0.03466695547103882,0.03466695547103882,0.03895612433552742,0.042478349059820175,0.03546541556715965,0.036518316715955734,0.03466695547103882,0.03466695547103882,0.06153391674160957,0.03466695547103882,0.03470652550458908,0.03466695547103882,0.03466695547103882
2020-02-19,0.038571372628211975,0.036375027149915695,0.04031138867139816,0.03438851237297058,0.03438851237297058,0.03438851237297058,0.042376890778541565,0.03438851237297058,0.03438851237297058,0.03438851237297058,0.041982706636190414,0.03438851237297058,0.0361143983900547,0.03438851237297058,0.03438851237297058,0.03438851237297058,0.04107154533267021,0.04190482199192047,0.034810204058885574,0.037028662860393524,0.034862104803323746,0.03438851237297058,0.05876320227980614,0.03438851237297058,0.03438851237297058,0.03438851237297058,0.03438851237297058
2020-02-20,0.03755565732717514,0.035468436777591705,0.03893015906214714,0.034432996064424515,0.034432996064424515,0.034432996064424515,0.04247123375535011,0.034432996064424515,0.034432996064424515,0.034432996064424515,0.04204590618610382,0.034432996064424515,0.03697754070162773,0.034432996064424515,0.034432996064424515,0.034432996064424515,0.04041682928800583,0.04317726567387581,0.03585142269730568,0.0367073193192482,0.03541535884141922,0.034432996064424515,0.05848797410726547,0.034432996064424515,0.034432996064424515,0.034432996064424515,0.034432996064424515
2020-02-21,0.0347641222178936,0.04012078791856766,0.04152612015604973,0.0347641222178936,0.0347641222178936,0.0347641222178936,0.03936240077018738,0.0347641222178936,0.0347641222178936,0.0347641222178936,0.03965158015489578,0.0347641222178936,0.03551601245999336,0.0347641222178936,0.0347641222178936,0.0347641222178936,0.0369052030146122,0.041007451713085175,0.0347641222178936,0.03745948150753975,0.03846713900566101,0.0347641222178936,0.05771474540233612,0.0347641222178936,0.03604307025671005,0.0347641222178936,0.0347641222178936
2020-02-24,0.03523607179522514,0.04169357195496559,0.042489420622587204,0.03523607179522514,0.03523607179522514,0.03523607179522514,0.03564918786287308,0.03523607179522514,0.03523607179522514,0.03523607179522514,0.038249336183071136,0.03523607179522514,0.03523607179522514,0.03523607179522514,0.03523607179522514,0.03523607179522514,0.03523607179522514,0.03719768673181534,0.03523607179522514,0.03763163089752197,0.03603038191795349,0.03523607179522514,0.05875033140182495,0.03523607179522514,0.03749299794435501,0.03523607179522514,0.035802219063043594
2020-02-25,0.03469434380531311,0.04353964328765869,0.04187112674117088,0.03462455794215202,0.03462455794215202,0.03462455794215202,0.034732770174741745,0.03462455794215202,0.03462455794215202,0.03462455794215202,0.043352704495191574,0.03462455794215202,0.03625805303454399,0.03462455794215202,0.03462455794215202,0.03462455794215202,0.03462455794215202,0.037115465849637985,0.03462455794215202,0.04107780009508133,0.0370820052921772,0.03462455794215202,0.05727316066622734,0.03462455794215202,0.03462455794215202,0.03462455794215202,0.03901001438498497
2020-02-26,0.034351881593465805,0.044742923229932785,0.04444082826375961,0.034351881593465805,0.034351881593465805,0.03876951336860657,0.034351881593465805,0.034351881593465805,0.034351881593465805,0.034351881593465805,0.04075172543525696,0.036980997771024704,0.03535299748182297,0.034351881593465805,0.034351881593465805,0.034351881593465805,0.034351881593465805,0.034351881593465805,0.03653638809919357,0.039892226457595825,0.041944388300180435,0.034351881593465805,0.04796915128827095,0.03487224876880646,0.034351881593465805,0.034351881593465805,0.04246839880943298
2020-02-27,0.03466808795928955,0.04281648248434067,0.04498860985040665,0.034503426402807236,0.034503426402807236,0.0377645343542099,0.034503426402807236,0.034503426402807236,0.034503426402807236,0.034503426402807236,0.041293881833553314,0.03721822425723076,0.035332150757312775,0.034503426402807236,0.034503426402807236,0.034503426402807236,0.034503426402807236,0.03453512862324715,0.03802557289600372,0.039408355951309204,0.0419815331697464,0.03495129570364952,0.04691416770219803,0.0348939411342144,0.034503426402807236,0.034503426402807236,0.04116690531373024
2020-02-28,0.03547874838113785,0.04055384173989296,0.04365187883377075,0.03424776345491409,0.03424776345491409,0.03843054920434952,0.03424776345491409,0.03424776345491409,0.03424776345491409,0.03424776345491409,0.04292124882340431,0.03851085901260376,0.04012220352888107,0.03424776345491409,0.03424776345491409,0.03424776345491409,0.03424776345491409,0.03424776345491409,0.038599081337451935,0.03541237488389015,0.042168278247117996,0.03699203580617905,0.04020705446600914,0.041862811893224716,0.03424776345491409,0.03424776345491409,0.03986809402704239
2020-03-02,0.03855622932314873,0.03732779994606972,0.03993967920541763,0.036406856030225754,0.03384113684296608,0.042332712560892105,0.03384113684296608,0.03384113684296608,0.03473936393857002,0.03384113684296608,0.04604131728410721,0.039220456033945084,0.03984779864549637,0.03384113684296608,0.03384113684296608,0.03384113684296608,0.03384113684296608,0.03384113684296608,0.04036271572113037,0.03492038697004318,0.042843323200941086,0.03971270099282265,0.03384113684296608,0.042900510132312775,0.03384113684296608,0.03384113684296608,0.038754500448703766
2020-03-03,0.03574064001441002,0.03867236524820328,0.03574064001441002,0.03574064001441002,0.03574064001441002,0.03574064001441002,0.03574064001441002,0.03574064001441002,0.03574064001441002,0.03574064001441002,0.040049221366643906,0.03574064001441002,0.03683837503194809,0.03574064001441002,0.03574064001441002,0.03574064001441002,0.03574064001441002,0.03574064001441002,0.0408172532916069,0.03574064001441002,0.03574064001441002,0.03574064001441002,0.04792851209640503,0.03574064001441002,0.03978188708424568,0.03574064001441002,0.04109955579042435
2020-03-04,0.03556443005800247,0.04253115877509117,0.03654266893863678,0.03556443005800247,0.03556443005800247,0.03556443005800247,0.03556443005800247,0.03556443005800247,0.03556443005800247,0.03556443005800247,0.0382230244576931,0.037668775767087936,0.03556443005800247,0.0360141322016716,0.03556443005800247,0.03556443005800247,0.03556443005800247,0.03556443005800247,0.0375569723546505,0.03556443005800247,0.03556443005800247,0.03556443005800247,0.04982956498861313,0.03556443005800247,0.039746109396219254,0.03556443005800247,0.041727855801582336
2020-03-05,0.035407308489084244,0.042808301746845245,0.0373159795999527,0.035407308489084244,0.035407308489084244,0.035407308489084244,0.035407308489084244,0.035407308489084244,0.035407308489084244,0.035407308489084244,0.040118519216775894,0.03749842569231987,0.035407308489084244,0.035407308489084244,0.035407308489084244,0.035407308489084244,0.035407308489084244,0.035407308489084244,0.035717472434043884,0.035407308489084244,0.035407308489084244,0.035407308489084244,0.05563909932971001,0.035407308489084244,0.03882572427392006,0.035407308489084244,0.03933754935860634
2020-03-06,0.0356103889644146,0.04563385620713234,0.038822758942842484,0.035441357642412186,0.035441357642412186,0.035441357642412186,0.035441357642412186,0.035441357642412186,0.035441357642412186,0.035441357642412186,0.04133669286966324,0.03850448504090309,0.035441357642412186,0.035441357642412186,0.035441357642412186,0.035441357642412186,0.035441357642412186,0.035441357642412186,0.035441357642412186,0.035441357642412186,0.035441357642412186,0.035441357642412186,0.050762392580509186,0.035441357642412186,0.035678427666425705,0.035441357642412186,0.04026520252227783
2020-03-09,0.0357087105512619,0.04590984061360359,0.038625191897153854,0.0355428084731102,0.0355428084731102,0.0355428084731102,0.0355428084731102,0.0355428084731102,0.0355428084731102,0.0355428084731102,0.03979259729385376,0.039160359650850296,0.0355428084731102,0.0355428084731102,0.0355428084731102,0.0355428084731102,0.03578415513038635,0.0355428084731102,0.0355428084731102,0.0355428084731102,0.0355428084731102,0.0355428084731102,0.04756489768624306,0.0355428084731102,0.036474067717790604,0.0355428084731102,0.041209593415260315
2020-03-10,0.0361749492585659,0.04839495196938515,0.04314407706260681,0.035242047160863876,0.035242047160863876,0.035242047160863876,0.035242047160863876,0.035242047160863876,0.035242047160863876,0.035242047160863876,0.037639129906892776,0.03533923998475075,0.035242047160863876,0.035242047160863876,0.035242047160863876,0.035242047160863876,0.03583434596657753,0.035242047160863876,0.035242047160863876,0.035242047160863876,0.035242047160863876,0.035242047160863876,0.04948318377137184,0.035242047160863876,0.03669431433081627,0.035242047160863876,0.04293900728225708
2020-03-11,0.0360892191529274,0.04790952056646347,0.04220813885331154,0.03529681637883186,0.03529681637883186,0.03529681637883186,0.03529681637883186,0.03529681637883186,0.03529681637883186,0.03529681637883186,0.03776233270764351,0.03529681637883186,0.035425301641225815,0.03529681637883186,0.03529681637883186,0.03529681637883186,0.03588315099477768,0.03529681637883186,0.03529681637883186,0.03529681637883186,0.03529681637883186,0.03529681637883186,0.049378737807273865,0.03529681637883186,0.037512388080358505,0.03529681637883186,0.04248857498168945
2020-03-12,0.035587556660175323,0.045427270233631134,0.03748593106865883,0.035587556660175323,0.035587556660175323,0.035587556660175323,0.035587556660175323,0.035587556660175323,0.035587556660175323,0.035587556660175323,0.041564129292964935,0.03771810978651047,0.03664175048470497,0.035587556660175323,0.035587556660175323,0.035587556660175323,0.035587556660175323,0.035587556660175323,0.03640938177704811,0.035587556660175323,0.035587556660175323,0.035587556660175323,0.0472460612654686,0.035587556660175323,0.03637475147843361,0.035587556660175323,0.04055652394890785
2020-03-13,0.03490115702152252,0.040447935461997986,0.03929853066802025,0.03473672270774841,0.03473672270774841,0.038662590086460114,0.03473672270774841,0.03473672270774841,0.03473672270774841,0.03473672270774841,0.04440494254231453,0.039173323661088943,0.03953509032726288,0.03516384959220886,0.03473672270774841,0.03473672270774841,0.03473672270774841,0.03473672270774841,0.03860604017972946,0.03473672270774841,0.039126038551330566,0.03854735195636749,0.03784408047795296,0.043386977165937424,0.03473672270774841,0.03473672270774841,0.03932470828294754
2020-03-16,0.03504658862948418,0.04844823479652405,0.041692186146974564,0.03504658862948418,0.03504658862948418,0.036166030913591385,0.03504658862948418,0.03504658862948418,0.03504658862948418,0.03504658862948418,0.04171709343791008,0.03861179202795029,0.0364571250975132,0.03504658862948418,0.03504658862948418,0.03504658862948418,0.03504658862948418,0.03504658862948418,0.03518771752715111,0.03504658862948418,0.037688229233026505,0.03608613461256027,0.04475235939025879,0.03732597827911377,0.036486078053712845,0.03504658862948418,0.038728900253772736
2020-03-17,0.03503197431564331,0.04056533798575401,0.03837413340806961,0.03481253236532211,0.03481253236532211,0.0394330658018589,0.03481253236532211,0.03481253236532211,0.03481253236532211,0.03481253236532211,0.04409913718700409,0.037462424486875534,0.040103476494550705,0.03536670282483101,0.03481253236532211,0.03481253236532211,0.03481253236532211,0.03481253236532211,0.03941824659705162,0.03481253236532211,0.03877018764615059,0.03900684416294098,0.03632185235619545,0.04445530101656914,0.03481253236532211,0.03481253236532211,0.03902839496731758
2020-03-18,0.03536238521337509,0.045409053564071655,0.03728138282895088,0.03536238521337509,0.03536238521337509,0.03536238521337509,0.03536238521337509,0.03536238521337509,0.03536238521337509,0.03536238521337509,0.04217579588294029,0.03536238521337509,0.03938284143805504,0.03536238521337509,0.03536238521337509,0.03536238521337509,0.03536238521337509,0.03536238521337509,0.03536238521337509,0.03536238521337509,0.03536238521337509,0.038167327642440796,0.042386144399642944,0.04141790419816971,0.039569754153490067,0.035386499017477036,0.03766273334622383
2020-03-19,0.03712433576583862,0.04635924845933914,0.041055869311094284,0.03531673178076744,0.03531673178076744,0.03531673178076744,0.03531673178076744,0.03531673178076744,0.03531673178076744,0.03531673178076744,0.04096926003694534,0.03531673178076744,0.03577922657132149,0.03531673178076744,0.03531673178076744,0.03531673178076744,0.03531673178076744,0.03531673178076744,0.03531673178076744,0.03531673178076744,0.03531673178076744,0.03531673178076744,0.0485241524875164,0.03905242681503296,0.03662917762994766,0.03531673178076744,0.03880513086915016
2020-03-20,0.035117365419864655,0.04769232124090195,0.0417521670460701,0.035117365419864655,0.035117365419864655,0.038098953664302826,0.035117365419864655,0.035117365419864655,0.035117365419864655,0.035117365419864655,0.041088998317718506,0.035117365419864655,0.03572860360145569,0.035117365419864655,0.035117365419864655,0.035117365419864655,0.035117365419864655,0.035117365419864655,0.03534189239144325,0.035117365419864655,0.036207765340805054,0.03731675446033478,0.04049953818321228,0.04236595705151558,0.038736507296562195,0.035117365419864655,0.03841007500886917
2020-03-23,0.03482016548514366,0.04303979128599167,0.03660257160663605,0.034754958003759384,0.034754958003759384,0.0395599827170372,0.034754958003759384,0.034754958003759384,0.034754958003759384,0.034754958003759384,0.045444659888744354,0.036289338022470474,0.03986099362373352,0.034754958003759384,0.034754958003759384,0.03804132342338562,0.034754958003759384,0.034754958003759384,0.035808030515909195,0.034754958003759384,0.04034281149506569,0.03913372755050659,0.03678866848349571,0.044078655540943146,0.034754958003759384,0.035486478358507156,0.037643302232027054
2020-03-24,0.0346594974398613,0.03917563706636429,0.03522055968642235,0.0346594974398613,0.0346594974398613,0.04072064161300659,0.0346594974398613,0.0346594974398613,0.0346594974398613,0.0346594974398613,0.047033727169036865,0.03520749509334564,0.040599726140499115,0.0346594974398613,0.0346594974398613,0.036631565541028976,0.0346594974398613,0.0346594974398613,0.04027678444981575,0.0346594974398613,0.0411665104329586,0.03891322761774063,0.038222163915634155,0.045004282146692276,0.0346594974398613,0.0346594974398613,0.03659464046359062
2020-03-25,0.035011038184165955,0.03975424915552139,0.035011038184165955,0.035011038184165955,0.035011038184165955,0.03927083685994148,0.035011038184165955,0.035011038184165955,0.035011038184165955,0.035011038184165955,0.04744435474276543,0.035011038184165955,0.040652353316545486,0.035011038184165955,0.035011038184165955,0.037559542804956436,0.035011038184165955,0.035011038184165955,0.03702985867857933,0.035011038184165955,0.040626153349876404,0.03853282704949379,0.039037615060806274,0.04490460082888603,0.035011038184165955,0.035011038184165955,0.035011038184165955
2020-03-26,0.03465307876467705,0.039837248623371124,0.036194514483213425,0.03465307876467705,0.03465307876467705,0.04136555641889572,0.03465307876467705,0.03465307876467705,0.03465307876467705,0.03465307876467705,0.04663500189781189,0.03465307876467705,0.04039423167705536,0.03465307876467705,0.03465307876467705,0.03575773164629936,0.03465307876467705,0.03465307876467705,0.04085599631071091,0.03465307876467705,0.04069926217198372,0.03829282149672508,0.038463640958070755,0.04398113116621971,0.03465307876467705,0.03465307876467705,0.037726640701293945
2020-03-27,0.03603352978825569,0.045094750821590424,0.037412527948617935,0.03578481078147888,0.03578481078147888,0.03578481078147888,0.03578481078147888,0.03578481078147888,0.03578481078147888,0.03578481078147888,0.042083416134119034,0.03578481078147888,0.03578481078147888,0.03578481078147888,0.03578481078147888,0.03578481078147888,0.03578481078147888,0.03578481078147888,0.03578481078147888,0.03578481078147888,0.03578481078147888,0.03676730766892433,0.045361559838056564,0.039220817387104034,0.036428920924663544,0.03578481078147888,0.03747059777379036
2020-03-30,0.03796291723847389,0.046550702303647995,0.04125230386853218,0.03561622276902199,0.03561622276902199,0.03561622276902199,0.03561622276902199,0.03561622276902199,0.03561622276902199,0.03561622276902199,0.04021105915307999,0.03561622276902199,0.03561622276902199,0.03561622276902199,0.03561622276902199,0.03561622276902199,0.03561622276902199,0.03561622276902199,0.03561622276902199,0.03561622276902199,0.03561622276902199,0.03561622276902199,0.04274992272257805,0.0386551171541214,0.03561622276902199,0.03561622276902199,0.040293555706739426
2020-03-31,0.03829394653439522,0.03952057287096977,0.037836819887161255,0.036005839705467224,0.03626224398612976,0.036005839705467224,0.036005839705467224,0.036005839705467224,0.036005839705467224,0.036005839705467224,0.03745406121015549,0.036005839705467224,0.03898553550243378,0.036005839705467224,0.036005839705467224,0.036005839705467224,0.036005839705467224,0.03680224344134331,0.036005839705467224,0.036005839705467224,0.036005839705467224,0.036005839705467224,0.048042114824056625,0.036005839705467224,0.03661225736141205,0.036005839705467224,0.03809095546603203
2020-04-01,0.0382620133459568,0.03912248834967613,0.03757558763027191,0.03599555790424347,0.036372508853673935,0.03599555790424347,0.03599555790424347,0.03599555790424347,0.03599555790424347,0.03599555790424347,0.037549763917922974,0.03599555790424347,0.03909729793667793,0.03599555790424347,0.03599555790424347,0.03599555790424347,0.03599555790424347,0.03717097267508507,0.03599555790424347,0.03599555790424347,0.03599555790424347,0.03599555790424347,0.048351455479860306,0.03599555790424347,0.03676602989435196,0.03599555790424347,0.03780744969844818
2020-04-02,0.03860204666852951,0.04119052365422249,0.037143152207136154,0.036072734743356705,0.036072734743356705,0.036072734743356705,0.036072734743356705,0.036072734743356705,0.036072734743356705,0.036072734743356705,0.03667343780398369,0.036072734743356705,0.038350529968738556,0.036072734743356705,0.036072734743356705,0.036072734743356705,0.036072734743356705,0.03616001084446907,0.036072734743356705,0.036072734743356705,0.036072734743356705,0.036072734743356705,0.04517081007361412,0.036072734743356705,0.0379764549434185,0.036072734743356705,0.039423853158950806
2020-04-03,0.03724285215139389,0.040788434445858,0.03678237646818161,0.03618785738945007,0.03670442849397659,0.03618785738945007,0.03618785738945007,0.03618785738945007,0.03618785738945007,0.03618785738945007,0.03635428845882416,0.03618785738945007,0.038688842207193375,0.03618785738945007,0.03618785738945007,0.03618785738945007,0.03618785738945007,0.03618785738945007,0.03618785738945007,0.03618785738945007,0.03618785738945007,0.03618785738945007,0.04482604190707207,0.037236813455820084,0.03799638897180557,0.03618785738945007,0.038186002522706985
2020-04-06,0.03949061408638954,0.035993482917547226,0.038402166217565536,0.035993482917547226,0.035993482917547226,0.035993482917547226,0.035993482917547226,0.036367956548929214,0.035993482917547226,0.035993482917547226,0.03638730198144913,0.035993482917547226,0.03976054489612579,0.035993482917547226,0.035993482917547226,0.035993482917547226,0.03690803423523903,0.039047740399837494,0.035993482917547226,0.035993482917547226,0.035993482917547226,0.035993482917547226,0.047035254538059235,0.035993482917547226,0.03871767222881317,0.035993482917547226,0.035993482917547226
2020-04-07,0.038057126104831696,0.03566886484622955,0.03566886484622955,0.03566886484622955,0.03566886484622955,0.03566886484622955,0.03566886484622955,0.036118604242801666,0.03566886484622955,0.03566886484622955,0.03566886484622955,0.03566886484622955,0.042131856083869934,0.03566886484622955,0.03566886484622955,0.03566886484622955,0.036747608333826065,0.0414949394762516,0.037839822471141815,0.03566886484622955,0.03566886484622955,0.03566886484622955,0.048198990523815155,0.03566886484622955,0.040778301656246185,0.0365932360291481,0.03566886484622955
2020-04-08,0.038604095578193665,0.035335153341293335,0.035335153341293335,0.035335153341293335,0.03630026429891586,0.035335153341293335,0.0384322814643383,0.035974934697151184,0.035335153341293335,0.035335153341293335,0.035335153341293335,0.035335153341293335,0.04091346263885498,0.035335153341293335,0.035335153341293335,0.035335153341293335,0.03955775126814842,0.04387100785970688,0.0377630740404129,0.035335153341293335,0.035335153341293335,0.035335153341293335,0.04762808606028557,0.035335153341293335,0.04012342914938927,0.0354691818356514,0.035335153341293335
2020-04-09,0.03756695240736008,0.03538819029927254,0.03784840926527977,0.03538819029927254,0.03538819029927254,0.03538819029927254,0.03722049668431282,0.03847542405128479,0.03538819029927254,0.03538819029927254,0.03538819029927254,0.03538819029927254,0.03868203982710838,0.03538819029927254,0.03538819029927254,0.03538819029927254,0.04169971123337746,0.04100897163152695,0.03592910245060921,0.03538819029927254,0.03538819029927254,0.03538819029927254,0.04974166676402092,0.03538819029927254,0.04022800549864769,0.03538819029927254,0.03538819029927254
2020-04-13,0.03736824542284012,0.035879556089639664,0.035879556089639664,0.035879556089639664,0.035879556089639664,0.035879556089639664,0.035879556089639664,0.035879556089639664,0.03673570603132248,0.035879556089639664,0.035879556089639664,0.035879556089639664,0.037966955453157425,0.035879556089639664,0.035879556089639664,0.035879556089639664,0.038329750299453735,0.040304847061634064,0.041733745485544205,0.035879556089639664,0.035879556089639664,0.035879556089639664,0.04629439488053322,0.035879556089639664,0.03955483436584473,0.035879556089639664,0.035879556089639664
2020-04-14,0.03939856216311455,0.03548499569296837,0.04037456586956978,0.03548499569296837,0.03548499569296837,0.03548499569296837,0.03672640398144722,0.036247968673706055,0.03548499569296837,0.03548499569296837,0.03548499569296837,0.03548499569296837,0.03768995404243469,0.03548499569296837,0.03548499569296837,0.03548499569296837,0.039980120956897736,0.04086273908615112,0.03932991623878479,0.03548499569296837,0.03548499569296837,0.03548499569296837,0.048746634274721146,0.03548499569296837,0.03737132251262665,0.03548499569296837,0.035511888563632965
2020-04-15,0.039966948330402374,0.035473912954330444,0.03924916312098503,0.035473912954330444,0.035473912954330444,0.03567376360297203,0.03654219210147858,0.035473912954330444,0.03573691099882126,0.035473912954330444,0.035473912954330444,0.035473912954330444,0.036698319017887115,0.035473912954330444,0.035473912954330444,0.035473912954330444,0.040150176733732224,0.040769703686237335,0.040672335773706436,0.035982824862003326,0.035473912954330444,0.035473912954330444,0.0483352430164814,0.035473912954330444,0.03811374679207802,0.035473912954330444,0.035473912954330444
2020-04-16,0.03922251611948013,0.03544607385993004,0.04086849093437195,0.03544607385993004,0.03544607385993004,0.03544607385993004,0.03679720312356949,0.03724159300327301,0.03544607385993004,0.03544607385993004,0.03544607385993004,0.03544607385993004,0.03820832073688507,0.03544607385993004,0.03544607385993004,0.03544607385993004,0.0398264154791832,0.04066099599003792,0.03863333910703659,0.03544607385993004,0.03544607385993004,0.03544607385993004,0.04842393845319748,0.03544607385993004,0.036869123578071594,0.03544607385993004,0.03611087054014206
2020-04-17,0.038954731076955795,0.03508594632148743,0.03924381360411644,0.03508594632148743,0.03508594632148743,0.03508594632148743,0.037271060049533844,0.03719509020447731,0.03508594632148743,0.03508594632148743,0.03508594632148743,0.03508594632148743,0.03850899264216423,0.03508594632148743,0.03508594632148743,0.03508594632148743,0.04092131555080414,0.043318722397089005,0.03868481516838074,0.03648018464446068,0.03508594632148743,0.03508594632148743,0.050608158111572266,0.03508594632148743,0.0374380461871624,0.03508594632148743,0.03508594632148743
2020-04-20,0.0387948676943779,0.03455597162246704,0.040726929903030396,0.03455597162246704,0.03455597162246704,0.03455597162246704,0.03691290691494942,0.040148764848709106,0.03455597162246704,0.03455597162246704,0.03455597162246704,0.03455597162246704,0.03783929720520973,0.03455597162246704,0.03455597162246704,0.03455597162246704,0.04388535022735596,0.04730410873889923,0.04049842432141304,0.03586593642830849,0.03455597162246704,0.03455597162246704,0.04828432947397232,0.03455597162246704,0.03684351593255997,0.03455597162246704,0.03455597162246704
2020-04-21,0.038836248219013214,0.03458739072084427,0.04064346104860306,0.03458739072084427,0.03458739072084427,0.03458739072084427,0.03682105615735054,0.04006506875157356,0.03458739072084427,0.03458739072084427,0.03458739072084427,0.03458739072084427,0.03768676891922951,0.03458739072084427,0.03458739072084427,0.03458739072084427,0.043922848999500275,0.04703260213136673,0.04064431041479111,0.035864584147930145,0.03458739072084427,0.03458739072084427,0.048227354884147644,0.03458739072084427,0.036857448518276215,0.03458739072084427,0.03458739072084427
2020-04-22,0.03916805237531662,0.035091008991003036,0.03914949297904968,0.035091008991003036,0.035091008991003036,0.035091008991003036,0.037382081151008606,0.03709058836102486,0.035091008991003036,0.035091008991003036,0.035091008991003036,0.035091008991003036,0.03856286406517029,0.035091008991003036,0.035091008991003036,0.035091008991003036,0.04080415144562721,0.04330592602491379,0.03870502859354019,0.036308404058218,0.035091008991003036,0.035091008991003036,0.050633352249860764,0.035091008991003036,0.03743389993906021,0.035091008991003036,0.035091008991003036
2020-04-23,0.041610050946474075,0.0350920595228672,0.03757629543542862,0.0350920595228672,0.0350920595228672,0.0350920595228672,0.038741324096918106,0.035928644239902496,0.0350920595228672,0.0350920595228672,0.035657577216625214,0.0350920595228672,0.03898872062563896,0.0350920595228672,0.0350920595228672,0.0350920595228672,0.03946790471673012,0.04381319135427475,0.03898205608129501,0.0350920595228672,0.0350920595228672,0.0350920595228672,0.05044153705239296,0.0350920595228672,0.037319738417863846,0.0350920595228672,0.0350920595228672
2020-04-24,0.03904932737350464,0.03508668765425682,0.03915831074118614,0.03508668765425682,0.03508668765425682,0.03508668765425682,0.03734402358531952,0.03717222064733505,0.03508668765425682,0.03508668765425682,0.03508668765425682,0.03508668765425682,0.038553886115550995,0.03508668765425682,0.03508668765425682,0.03508668765425682,0.04090128839015961,0.04334406554698944,0.03869462385773659,0.03639344498515129,0.03508668765425682,0.03508668765425682,0.05055703595280647,0.03508668765425682,0.037444740533828735,0.03508668765425682,0.03508668765425682
2020-04-27,0.040526650846004486,0.03511745482683182,0.038163986057043076,0.03511745482683182,0.03511745482683182,0.03511745482683182,0.03829459100961685,0.03650159388780594,0.03511745482683182,0.03511745482683182,0.03511745482683182,0.03511745482683182,0.03895182907581329,0.03511745482683182,0.03511745482683182,0.03511745482683182,0.040129438042640686,0.04353771358728409,0.03882705792784691,0.035315584391355515,0.03511745482683182,0.03511745482683182,0.05043821781873703,0.03511745482683182,0.037434011697769165,0.03511745482683182,0.03511745482683182
2020-04-28,0.03618982806801796,0.039369214326143265,0.037339016795158386,0.03618575260043144,0.03618575260043144,0.03618575260043144,0.03624066710472107,0.03618575260043144,0.03618575260043144,0.03618575260043144,0.03618575260043144,0.03618575260043144,0.03702240809798241,0.03618575260043144,0.03618575260043144,0.03618575260043144,0.03670458123087883,0.03842465579509735,0.03837072476744652,0.03618575260043144,0.03618575260043144,0.03618575260043144,0.043309494853019714,0.03618575260043144,0.041138965636491776,0.03618575260043144,0.03691835701465607
2020-04-29,0.036452095955610275,0.03675513342022896,0.036982178688049316,0.036452095955610275,0.03906027227640152,0.036452095955610275,0.036452095955610275,0.036452095955610275,0.036452095955610275,0.036452095955610275,0.036452095955610275,0.036452095955610275,0.036452095955610275,0.037849172949790955,0.036452095955610275,0.036452095955610275,0.036452095955610275,0.036452095955610275,0.038445357233285904,0.036452095955610275,0.036452095955610275,0.036452095955610275,0.036452095955610275,0.03685883805155754,0.045007169246673584,0.036452095955610275,0.036452095955610275
2020-04-30,0.03590201586484909,0.036310505121946335,0.03590201586484909,0.03590201586484909,0.04317334294319153,0.03590201586484909,0.03819230571389198,0.03590201586484909,0.03590201586484909,0.03590201586484909,0.03590201586484909,0.03590201586484909,0.03674471005797386,0.036677680909633636,0.03590201586484909,0.03590201586484909,0.03590201586484909,0.041796982288360596,0.03832622244954109,0.03590201586484909,0.03590201586484909,0.03590201586484909,0.03849836066365242,0.03590201586484909,0.044043511152267456,0.03590201586484909,0.03590201586484909
2020-05-01,0.0361526682972908,0.04007325321435928,0.0361526682972908,0.0361526682972908,0.036440517753362656,0.038012564182281494,0.0361526682972908,0.0361526682972908,0.0361526682972908,0.0361526682972908,0.0361526682972908,0.0361526682972908,0.03674254193902016,0.039568956941366196,0.0361526682972908,0.0361526682972908,0.0361526682972908,0.0361526682972908,0.039435360580682755,0.0361526682972908,0.03689732775092125,0.0361526682972908,0.03890310600399971,0.0361526682972908,0.04317842796444893,0.0361526682972908,0.0361526682972908
2020-05-04,0.038464393466711044,0.039576370269060135,0.035493940114974976,0.035493940114974976,0.03603580594062805,0.0369795486330986,0.03826168179512024,0.036112599074840546,0.035493940114974976,0.035493940114974976,0.035493940114974976,0.035493940114974976,0.04025395214557648,0.035493940114974976,0.035493940114974976,0.035493940114974976,0.03889037296175957,0.04151833802461624,0.035714030265808105,0.035493940114974976,0.038580309599637985,0.035493940114974976,0.040745809674263,0.035493940114974976,0.04001288861036301,0.037432678043842316,0.035493940114974976
2020-05-05,0.03504476696252823,0.04260803759098053,0.038278985768556595,0.03504476696252823,0.03504476696252823,0.03504476696252823,0.04220901057124138,0.03504476696252823,0.03504476696252823,0.03504476696252823,0.03690563142299652,0.03504476696252823,0.04015197232365608,0.03504476696252823,0.03504476696252823,0.03504476696252823,0.04033450409770012,0.040946658700704575,0.03634493052959442,0.035351548343896866,0.03959563001990318,0.03504476696252823,0.0452936626970768,0.03504476696252823,0.03587581217288971,0.03504476696252823,0.03547690808773041
2020-05-06,0.037812281399965286,0.04328545555472374,0.03971988335251808,0.03494630753993988,0.03494630753993988,0.03494630753993988,0.041943468153476715,0.0359213724732399,0.03494630753993988,0.03494630753993988,0.036820992827415466,0.03494630753993988,0.0382501594722271,0.03494630753993988,0.03494630753993988,0.03494630753993988,0.04189274460077286,0.042117781937122345,0.03494630753993988,0.03524353355169296,0.036695633083581924,0.03494630753993988,0.046102140098810196,0.03494630753993988,0.03494630753993988,0.03494630753993988,0.03494630753993988
2020-05-07,0.03669731691479683,0.0427214689552784,0.04011274129152298,0.03474683314561844,0.03474683314561844,0.03474683314561844,0.04265230521559715,0.035542335361242294,0.03474683314561844,0.03474683314561844,0.03743097186088562,0.03474683314561844,0.03883051499724388,0.03474683314561844,0.03474683314561844,0.03474683314561844,0.04141394793987274,0.04079825431108475,0.03474683314561844,0.03689568117260933,0.03774965554475784,0.03474683314561844,0.047952331602573395,0.03474683314561844,0.03474683314561844,0.03474683314561844,0.03474683314561844
2020-05-08,0.03520923852920532,0.040939006954431534,0.035851821303367615,0.03517124056816101,0.035208288580179214,0.03900393098592758,0.039342764765024185,0.03517124056816101,0.03517124056816101,0.03517124056816101,0.03799235448241234,0.03517124056816101,0.03864513337612152,0.036401767283678055,0.03517124056816101,0.03517124056816101,0.0383758619427681,0.03655329719185829,0.04285094887018204,0.03517124056816101,0.04197035729885101,0.03517124056816101,0.04156916216015816,0.03517124056816101,0.0379607155919075,0.03517124056816101,0.03524177521467209
2020-05-11,0.03542540967464447,0.043893858790397644,0.039965685456991196,0.03542540967464447,0.03542540967464447,0.035606808960437775,0.03985445946455002,0.03542540967464447,0.03542540967464447,0.03542540967464447,0.03858703747391701,0.03542540967464447,0.03542540967464447,0.037287935614585876,0.03542540967464447,0.03542540967464447,0.037142641842365265,0.038828667253255844,0.03566411882638931,0.03597522899508476,0.03850625827908516,0.03542540967464447,0.0438154973089695,0.03542540967464447,0.03891605883836746,0.03542540967464447,0.03542540967464447
2020-05-12,0.03476186841726303,0.041914720088243484,0.03741880878806114,0.03476186841726303,0.03476220369338989,0.040353961288928986,0.03915272653102875,0.03476186841726303,0.03476186841726303,0.03476186841726303,0.03852182999253273,0.036621324717998505,0.038777533918619156,0.03764592111110687,0.03476186841726303,0.03476186841726303,0.038624826818704605,0.03476186841726303,0.043305471539497375,0.03476186841726303,0.043071575462818146,0.03626716509461403,0.03772322088479996,0.03476186841726303,0.03846444562077522,0.03476186841726303,0.034993693232536316
2020-05-13,0.03497155383229256,0.043625619262456894,0.042787156999111176,0.03497155383229256,0.03497155383229256,0.03865382820367813,0.035893794149160385,0.03497155383229256,0.03497155383229256,0.03497155383229256,0.03797363489866257,0.03624473512172699,0.03676946088671684,0.035786889493465424,0.03497155383229256,0.03497155383229256,0.0378868468105793,0.03497155383229256,0.04312262311577797,0.03497155383229256,0.04215645417571068,0.03497155383229256,0.04067719355225563,0.03497155383229256,0.036462120711803436,0.03497155383229256,0.037329453974962234
2020-05-14,0.03677454590797424,0.04440224915742874,0.048488933593034744,0.034830834716558456,0.034830834716558456,0.03886374086141586,0.034830834716558456,0.034830834716558456,0.034830834716558456,0.034830834716558456,0.03801813721656799,0.03724408522248268,0.03500966727733612,0.034830834716558456,0.034830834716558456,0.034830834716558456,0.03719346225261688,0.034830834716558456,0.04031771048903465,0.034830834716558456,0.03545938804745674,0.034830834716558456,0.04483193904161453,0.034830834716558456,0.03596661612391472,0.034830834716558456,0.03979785740375519
2020-05-15,0.035108037292957306,0.04284686595201492,0.04021928086876869,0.035108037292957306,0.035108037292957306,0.03935969993472099,0.035108037292957306,0.035184022039175034,0.035108037292957306,0.035108037292957306,0.03914956748485565,0.038946669548749924,0.03763492777943611,0.03617699071764946,0.035108037292957306,0.035108037292957306,0.03621375188231468,0.035108037292957306,0.04032439365983009,0.035108037292957306,0.03728897124528885,0.03636562079191208,0.03906279802322388,0.035108037292957306,0.03945634514093399,0.035108037292957306,0.04047362133860588
2020-05-18,0.03517210856080055,0.04143426939845085,0.04100165143609047,0.03517210856080055,0.03517210856080055,0.038077618926763535,0.03517210856080055,0.03793303295969963,0.03517210856080055,0.03517210856080055,0.038729533553123474,0.03787729889154434,0.039417024701833725,0.03517210856080055,0.03517210856080055,0.03517210856080055,0.036682672798633575,0.03517210856080055,0.03976612910628319,0.03517210856080055,0.036339301615953445,0.03517210856080055,0.04183828830718994,0.03517210856080055,0.03812022879719734,0.03517210856080055,0.04037347063422203
2020-05-19,0.03581121191382408,0.040575649589300156,0.03514556586742401,0.03514556586742401,0.038293153047561646,0.03756104037165642,0.03762708976864815,0.038784872740507126,0.03535246104001999,0.03514556586742401,0.036945145577192307,0.035720404237508774,0.042342133820056915,0.03628981485962868,0.03514556586742401,0.03514556586742401,0.03864602372050285,0.036367859691381454,0.04112699255347252,0.03514556586742401,0.040772851556539536,0.036429502069950104,0.03514556586742401,0.03514556586742401,0.03696789965033531,0.037436846643686295,0.03578449413180351
2020-05-20,0.036172956228256226,0.038022883236408234,0.03496045246720314,0.03496045246720314,0.0383528470993042,0.036661963909864426,0.038257528096437454,0.038609303534030914,0.03600000962615013,0.03496045246720314,0.037826746702194214,0.03496045246720314,0.04262005165219307,0.0361052043735981,0.03496045246720314,0.03496045246720314,0.03890311345458031,0.03801438957452774,0.04312296211719513,0.03496045246720314,0.03993090242147446,0.03617796301841736,0.035668473690748215,0.03496045246720314,0.0373539924621582,0.03755464777350426,0.03496045246720314
2020-05-21,0.03845890611410141,0.0347629114985466,0.0347629114985466,0.0347629114985466,0.037539299577474594,0.0347629114985466,0.04018848389387131,0.03706464543938637,0.0347629114985466,0.0347629114985466,0.042491815984249115,0.0347629114985466,0.041309114545583725,0.0347629114985466,0.0347629114985466,0.0347629114985466,0.03895140066742897,0.04174291342496872,0.04335653409361839,0.0347629114985466,0.03748613968491554,0.0347629114985466,0.044356558471918106,0.0347629114985466,0.03561049699783325,0.0347629114985466,0.0347629114985466
2020-05-22,0.035035550594329834,0.035943422466516495,0.035035550594329834,0.035035550594329834,0.035035550594329834,0.03558279201388359,0.04535368084907532,0.03731095790863037,0.035035550594329834,0.035035550594329834,0.041406579315662384,0.035035550594329834,0.038832347840070724,0.035035550594329834,0.035035550594329834,0.035035550594329834,0.036218561232089996,0.04263411462306976,0.03767307102680206,0.035035550594329834,0.037216588854789734,0.035035550594329834,0.047250084578990936,0.035035550594329834,0.03904454782605171,0.035035550594329834,0.035035550594329834
2020-05-26,0.03487833961844444,0.037546053528785706,0.03487833961844444,0.03487833961844444,0.03487833961844444,0.03821754455566406,0.04178522527217865,0.03682657331228256,0.03487833961844444,0.03487833961844444,0.04074815660715103,0.03487833961844444,0.03851805999875069,0.036868419498205185,0.03487833961844444,0.03487833961844444,0.03538912907242775,0.03870289400219917,0.04117394983768463,0.03487833961844444,0.040405742824077606,0.03502918779850006,0.04433298110961914,0.03487833961844444,0.04103770852088928,0.03487833961844444,0.03487833961844444
2020-05-27,0.037602782249450684,0.03477759286761284,0.03477759286761284,0.03477759286761284,0.03524460643529892,0.03485437482595444,0.04565388709306717,0.037539031356573105,0.035470232367515564,0.03477759286761284,0.042836226522922516,0.03477759286761284,0.04075457528233528,0.03477759286761284,0.03477759286761284,0.03477759286761284,0.03705466911196709,0.04652206599712372,0.03522724658250809,0.03477759286761284,0.036364030092954636,0.03477759286761284,0.046961165964603424,0.03477759286761284,0.03575111925601959,0.0348329171538353,0.03477759286761284
2020-05-28,0.03686676174402237,0.03531763702630997,0.03531763702630997,0.03531763702630997,0.03933943063020706,0.03531763702630997,0.04609869047999382,0.03531763702630997,0.03531763702630997,0.03531763702630997,0.039921436458826065,0.03531763702630997,0.038740549236536026,0.03531763702630997,0.03531763702630997,0.03531763702630997,0.03531763702630997,0.044807903468608856,0.03531763702630997,0.03531763702630997,0.03531763702630997,0.03531763702630997,0.04581611230969429,0.03531763702630997,0.03737403824925423,0.03531763702630997,0.03531763702630997
2020-05-29,0.03614767640829086,0.03516098111867905,0.03516098111867905,0.03516098111867905,0.0359383299946785,0.03516098111867905,0.0445605032145977,0.03516098111867905,0.03516098111867905,0.03516098111867905,0.038794029504060745,0.03516098111867905,0.03845210373401642,0.03516098111867905,0.03516098111867905,0.03516098111867905,0.035388752818107605,0.048387348651885986,0.036450374871492386,0.03516098111867905,0.03516098111867905,0.03516098111867905,0.05162026360630989,0.03516098111867905,0.03652393817901611,0.03516098111867905,0.03516098111867905
2020-06-01,0.03892054036259651,0.03524669259786606,0.03622801974415779,0.03524669259786606,0.03524669259786606,0.03524669259786606,0.03712049871683121,0.03524669259786606,0.03574942424893379,0.03524669259786606,0.03524669259786606,0.03524669259786606,0.03583338484168053,0.03524669259786606,0.03524669259786606,0.03524669259786606,0.03722139820456505,0.04678155854344368,0.039728350937366486,0.036626383662223816,0.03524669259786606,0.03524669259786606,0.05374635010957718,0.03524669259786606,0.03809700533747673,0.03524669259786606,0.03524669259786606
2020-06-02,0.03787863999605179,0.035552024841308594,0.035552024841308594,0.035552024841308594,0.035552024841308594,0.035552024841308594,0.037673112004995346,0.035552024841308594,0.03661689534783363,0.035552024841308594,0.035552024841308594,0.035552024841308594,0.03564554825425148,0.035552024841308594,0.035552024841308594,0.035552024841308594,0.03706439211964607,0.04588332027196884,0.03892556577920914,0.036848727613687515,0.035552024841308594,0.035552024841308594,0.049978844821453094,0.035552024841308594,0.03910050913691521,0.035552024841308594,0.035552024841308594
2020-06-03,0.036316122859716415,0.037644293159246445,0.03615127503871918,0.03615127503871918,0.03615127503871918,0.03615127503871918,0.03693120554089546,0.03615127503871918,0.03615127503871918,0.03615127503871918,0.03615127503871918,0.03615127503871918,0.03620459884405136,0.03615127503871918,0.03615127503871918,0.03615127503871918,0.03615127503871918,0.041839342564344406,0.036295726895332336,0.03683701530098915,0.03615127503871918,0.03615127503871918,0.04801417887210846,0.03615127503871918,0.03919461742043495,0.03615127503871918,0.03615127503871918
2020-06-04,0.035743676126003265,0.035743676126003265,0.035743676126003265,0.035743676126003265,0.03980733081698418,0.035743676126003265,0.03803124278783798,0.03757215663790703,0.035743676126003265,0.035743676126003265,0.035743676126003265,0.035743676126003265,0.035743676126003265,0.035743676126003265,0.035743676126003265,0.035743676126003265,0.035743676126003265,0.045567527413368225,0.035743676126003265,0.035743676126003265,0.035743676126003265,0.035743676126003265,0.046617235988378525,0.03652171045541763,0.041009321808815,0.035743676126003265,0.035743676126003265
2020-06-05,0.03527386114001274,0.03527386114001274,0.03527386114001274,0.03527386114001274,0.040208712220191956,0.03527386114001274,0.039927344769239426,0.03715084120631218,0.03691856190562248,0.03527386114001274,0.03527386114001274,0.03527386114001274,0.038077376782894135,0.03527386114001274,0.03527386114001274,0.03527386114001274,0.03527386114001274,0.0468854084610939,0.03527386114001274,0.03527386114001274,0.03527386114001274,0.03527386114001274,0.04798732325434685,0.03901166468858719,0.038903333246707916,0.03527386114001274,0.03527386114001274
2020-06-08,0.03531736508011818,0.03531736508011818,0.03531736508011818,0.03531736508011818,0.04059440642595291,0.03531736508011818,0.03922319412231445,0.036928821355104446,0.03531736508011818,0.03531736508011818,0.03531736508011818,0.03531736508011818,0.03796009346842766,0.03531736508011818,0.03531736508011818,0.03531736508011818,0.035471439361572266,0.048001304268836975,0.03531736508011818,0.03531736508011818,0.03531736508011818,0.03531736508011818,0.0518794059753418,0.03531736508011818,0.038911398500204086,0.03531736508011818,0.03531736508011818
2020-06-09,0.03534168377518654,0.03534168377518654,0.03534168377518654,0.03534168377518654,0.040197595953941345,0.03534168377518654,0.03792718052864075,0.03691927716135979,0.03534168377518654,0.03534168377518654,0.03534168377518654,0.03534168377518654,0.03534168377518654,0.03534168377518654,0.03534168377518654,0.03534168377518654,0.03534168377518654,0.04641677811741829,0.03534168377518654,0.03534168377518654,0.03534168377518654,0.03534168377518654,0.055100928992033005,0.03598590940237045,0.040618620812892914,0.03534168377518654,0.03534168377518654
2020-06-10,0.03551017493009567,0.03551017493009567,0.03551017493009567,0.03551017493009567,0.040346886962652206,0.03551017493009567,0.03752332553267479,0.037000734359025955,0.03551017493009567,0.03551017493009567,0.03551017493009567,0.03551017493009567,0.03551017493009567,0.03551017493009567,0.03551017493009567,0.03551017493009567,0.03551017493009567,0.046818237751722336,0.03551017493009567,0.03551017493009567,0.03551017493009567,0.03551017493009567,0.05182601884007454,0.03551017493009567,0.040771111845970154,0.03551017493009567,0.03551017493009567
2020-06-11,0.0366109162569046,0.03496713191270828,0.04135831817984581,0.03496713191270828,0.035318005830049515,0.03496713191270828,0.03727662190794945,0.03782733529806137,0.03496713191270828,0.03496713191270828,0.03496713191270828,0.03496713191270828,0.03496713191270828,0.03496713191270828,0.03496713191270828,0.03496713191270828,0.03789812698960304,0.050200317054986954,0.038037534803152084,0.035453278571367264,0.03496713191270828,0.03496713191270828,0.05102365463972092,0.03496713191270828,0.03952178731560707,0.03496713191270828,0.03496713191270828
2020-06-12,0.036200862377882004,0.038345735520124435,0.036604881286621094,0.0360255241394043,0.0360255241394043,0.039291542023420334,0.036870408803224564,0.0360255241394043,0.037740010768175125,0.0360255241394043,0.0360255241394043,0.0360255241394043,0.0360255241394043,0.036636143922805786,0.0360255241394043,0.0360255241394043,0.0360255241394043,0.039668597280979156,0.0360255241394043,0.03731311857700348,0.036126554012298584,0.0360255241394043,0.04467136412858963,0.0361851342022419,0.039988357573747635,0.0360255241394043,0.0360255241394043
2020-06-15,0.036812711507081985,0.040090739727020264,0.036020826548337936,0.035996947437524796,0.035996947437524796,0.03934069350361824,0.03838234394788742,0.035996947437524796,0.03626188263297081,0.035996947437524796,0.035996947437524796,0.037127960473299026,0.035996947437524796,0.037087902426719666,0.035996947437524796,0.035996947437524796,0.035996947437524796,0.03854767233133316,0.035996947437524796,0.037228379398584366,0.0362497977912426,0.035996947437524796,0.040721990168094635,0.036263857036828995,0.041902922093868256,0.035996947437524796,0.035996947437524796
2020-06-16,0.037975430488586426,0.04050629958510399,0.03584442287683487,0.03584442287683487,0.0362391471862793,0.03980820253491402,0.03929538279771805,0.03584442287683487,0.03584442287683487,0.03584442287683487,0.03584442287683487,0.03688010200858116,0.03584442287683487,0.038331687450408936,0.03584442287683487,0.03584442287683487,0.03584442287683487,0.038467828184366226,0.03584442287683487,0.036062173545360565,0.0365876667201519,0.03584442287683487,0.03965681418776512,0.03658553212881088,0.04178176075220108,0.03584442287683487,0.03584442287683487
2020-06-17,0.03619798272848129,0.040646836161613464,0.03986738994717598,0.035622261464595795,0.035622261464595795,0.0407099574804306,0.03583609685301781,0.035622261464595795,0.03564075753092766,0.035622261464595795,0.035622261464595795,0.035622261464595795,0.035622261464595795,0.035622261464595795,0.035622261464595795,0.035622261464595795,0.03581448271870613,0.03843115642666817,0.035622261464595795,0.03843448683619499,0.03797251358628273,0.035622261464595795,0.04580727964639664,0.035622261464595795,0.040307145565748215,0.035622261464595795,0.035622261464595795
2020-06-18,0.035528846085071564,0.04140882566571236,0.04160098731517792,0.035437051206827164,0.035437051206827164,0.04173823073506355,0.0359325148165226,0.035437051206827164,0.035437051206827164,0.035437051206827164,0.035437051206827164,0.035437051206827164,0.035437051206827164,0.03654719516634941,0.035437051206827164,0.035437051206827164,0.03609117493033409,0.03736158832907677,0.035437051206827164,0.03905998915433884,0.038875874131917953,0.035437051206827164,0.04309438541531563,0.035437051206827164,0.04120456799864769,0.035437051206827164,0.035437051206827164
2020-06-19,0.035354506224393845,0.041697628796100616,0.04236689582467079,0.035354506224393845,0.035354506224393845,0.04219246655702591,0.03590910881757736,0.035354506224393845,0.035354506224393845,0.035354506224393845,0.035354506224393845,0.03544621914625168,0.035354506224393845,0.036857422441244125,0.035354506224393845,0.035354506224393845,0.03618782013654709,0.03692774474620819,0.035354506224393845,0.03931126371026039,0.03916623815894127,0.035354506224393845,0.04216345399618149,0.035354506224393845,0.041456159204244614,0.035354506224393845,0.035354506224393845
2020-06-22,0.03535452485084534,0.04169759154319763,0.042366739362478256,0.03535452485084534,0.03535452485084534,0.04219237342476845,0.03590911626815796,0.03535452485084534,0.03535452485084534,0.03535452485084534,0.03535452485084534,0.03544626384973526,0.03535452485084534,0.03685753792524338,0.03535452485084534,0.03535452485084534,0.036187805235385895,0.036927755922079086,0.03535452485084534,0.03931117430329323,0.039166159927845,0.03535452485084534,0.04216328263282776,0.03535452485084534,0.041456278413534164,0.03535452485084534,0.03535452485084534
2020-06-23,0.03535091131925583,0.04168951138854027,0.04238255321979523,0.03535091131925583,0.03535091131925583,0.04211422801017761,0.03590576350688934,0.03535091131925583,0.03535091131925583,0.03535091131925583,0.03535091131925583,0.03541998565196991,0.03535091131925583,0.036782823503017426,0.03535091131925583,0.03535091131925583,0.036212075501680374,0.03701653331518173,0.03535091131925583,0.03933224081993103,0.03918808698654175,0.03535091131925583,0.04225136339664459,0.03535091131925583,0.04144122451543808,0.03535091131925583,0.03535091131925583
2020-06-24,0.035531073808670044,0.04039321467280388,0.040258534252643585,0.035531073808670044,0.035531073808670044,0.03798430413007736,0.035929713398218155,0.035531073808670044,0.035531073808670044,0.035531073808670044,0.035531073808670044,0.035531073808670044,0.035751279443502426,0.035531073808670044,0.035531073808670044,0.035531073808670044,0.037093386054039,0.04024933651089668,0.03717394918203354,0.03864089772105217,0.039393119513988495,0.035531073808670044,0.04234224930405617,0.035531073808670044,0.04182394966483116,0.035531073808670044,0.035531073808670044
2020-06-25,0.03671962022781372,0.041757818311452866,0.03809445723891258,0.035357482731342316,0.035357482731342316,0.03970010206103325,0.035357482731342316,0.037583716213703156,0.035357482731342316,0.035357482731342316,0.03777172043919563,0.035357482731342316,0.03595307096838951,0.03635337948799133,0.035357482731342316,0.035357482731342316,0.03645520657300949,0.03651084750890732,0.03932616487145424,0.03582759574055672,0.03956354036927223,0.035357482731342316,0.04192434623837471,0.035357482731342316,0.04130716621875763,0.035765185952186584,0.03581130504608154
2020-06-26,0.03583855926990509,0.041570041328668594,0.03988225385546684,0.03527790307998657,0.03527790307998657,0.039552830159664154,0.03527790307998657,0.03819624334573746,0.03527790307998657,0.03527790307998657,0.03763744235038757,0.03527790307998657,0.03527790307998657,0.03536652773618698,0.03527790307998657,0.03527790307998657,0.036963820457458496,0.03691612929105759,0.037763550877571106,0.037946414202451706,0.03843120113015175,0.03527790307998657,0.043073274195194244,0.03527790307998657,0.04111798107624054,0.03527790307998657,0.0364089198410511
2020-06-29,0.036986760795116425,0.043228257447481155,0.041376810520887375,0.03482045978307724,0.03482045978307724,0.04001361504197121,0.03482045978307724,0.03844049572944641,0.03482045978307724,0.03482045978307724,0.036593228578567505,0.037541963160037994,0.03482045978307724,0.03482045978307724,0.03482045978307724,0.03482045978307724,0.03732365742325783,0.03482045978307724,0.03786153718829155,0.038074154406785965,0.03897170349955559,0.03482045978307724,0.04194480925798416,0.03482045978307724,0.04054422676563263,0.03482045978307724,0.03843281418085098
2020-06-30,0.03772779181599617,0.04274638742208481,0.04317004978656769,0.035045936703681946,0.035045936703681946,0.03711140155792236,0.035045936703681946,0.038128942251205444,0.035045936703681946,0.035045936703681946,0.03795082867145538,0.036390967667102814,0.035045936703681946,0.035045936703681946,0.035045936703681946,0.035045936703681946,0.038261301815509796,0.03687234967947006,0.035124462097883224,0.03977438434958458,0.03676119074225426,0.035045936703681946,0.044959429651498795,0.035045936703681946,0.03942333161830902,0.035045936703681946,0.035045936703681946
2020-07-01,0.038764260709285736,0.040586862713098526,0.04555127024650574,0.03488947078585625,0.03488947078585625,0.03488947078585625,0.03488947078585625,0.03783086687326431,0.03488947078585625,0.03488947078585625,0.03804687410593033,0.0353655181825161,0.03488947078585625,0.03488947078585625,0.03488947078585625,0.03488947078585625,0.038657914847135544,0.03779282420873642,0.03537360578775406,0.039796192198991776,0.03643186017870903,0.03488947078585625,0.04843306541442871,0.03488947078585625,0.03891626000404358,0.03488947078585625,0.03488947078585625
2020-07-02,0.03835031017661095,0.03900187462568283,0.045310523360967636,0.03495970740914345,0.03495970740914345,0.035309452563524246,0.03495970740914345,0.03608160465955734,0.03495970740914345,0.03495970740914345,0.03495970740914345,0.03651152551174164,0.03495970740914345,0.03495970740914345,0.03495970740914345,0.03495970740914345,0.037999652326107025,0.03728458657860756,0.039741162210702896,0.038275573402643204,0.03982385993003845,0.03495970740914345,0.04689409211277962,0.03495970740914345,0.03928658738732338,0.03495970740914345,0.035653021186590195
2020-07-06,0.038325872272253036,0.039059195667505264,0.04523390904068947,0.03496013954281807,0.03496013954281807,0.03539147228002548,0.03496013954281807,0.03609052672982216,0.03496013954281807,0.03496013954281807,0.03496013954281807,0.03653484210371971,0.03496013954281807,0.03496013954281807,0.03496013954281807,0.03496013954281807,0.037995949387550354,0.03728330880403519,0.039732836186885834,0.038275282829999924,0.039847858250141144,0.03496013954281807,0.046780023723840714,0.03496013954281807,0.039308350533246994,0.03496013954281807,0.03565876558423042
2020-07-07,0.03745787590742111,0.041009724140167236,0.042169127613306046,0.03504641726613045,0.03504641726613045,0.03850246220827103,0.03504641726613045,0.03688459470868111,0.03504641726613045,0.03504641726613045,0.03504641726613045,0.03741100803017616,0.03504641726613045,0.03504641726613045,0.03504641726613045,0.03504641726613045,0.037767037749290466,0.03728046640753746,0.03938412666320801,0.03764072060585022,0.04025178775191307,0.03504641726613045,0.04253620281815529,0.03504641726613045,0.04020104184746742,0.03504641726613045,0.035900458693504333
2020-07-08,0.03726033866405487,0.03970024362206459,0.04679305851459503,0.03480376675724983,0.03480376675724983,0.03517312556505203,0.03480376675724983,0.03539855405688286,0.03480376675724983,0.03480376675724983,0.03480376675724983,0.037236202508211136,0.03480376675724983,0.03480376675724983,0.03480376675724983,0.03480376675724983,0.038660626858472824,0.037160586565732956,0.038599640130996704,0.03867827728390694,0.039793845266103745,0.03480376675724983,0.04761003330349922,0.03480376675724983,0.03922126442193985,0.03480376675724983,0.036265287548303604
2020-07-09,0.035750117152929306,0.04133900627493858,0.04625321179628372,0.03479410335421562,0.03479410335421562,0.0365813709795475,0.03479410335421562,0.035175684839487076,0.03479410335421562,0.03479410335421562,0.03479410335421562,0.03858654573559761,0.035247065126895905,0.03479410335421562,0.03479410335421562,0.03479410335421562,0.039450936019420624,0.0366993173956871,0.036544740200042725,0.03794219717383385,0.03968578577041626,0.03479410335421562,0.04530327767133713,0.03479410335421562,0.03994797170162201,0.03479410335421562,0.03796357288956642
2020-07-10,0.03584237024188042,0.040248095989227295,0.0477694533765316,0.03473714366555214,0.03473714366555214,0.03551378846168518,0.03473714366555214,0.03473714366555214,0.03473714366555214,0.03473714366555214,0.03473714366555214,0.03824193403124809,0.0350092351436615,0.03473714366555214,0.03473714366555214,0.03473714366555214,0.039519283920526505,0.03645031526684761,0.03726980462670326,0.03844466432929039,0.03976614028215408,0.03473714366555214,0.046839527785778046,0.03473714366555214,0.039636727422475815,0.03473714366555214,0.0378657802939415
2020-07-13,0.03600525110960007,0.0413227304816246,0.049593035131692886,0.03459899500012398,0.03459899500012398,0.03703944385051727,0.03459899500012398,0.03459899500012398,0.03459899500012398,0.03459899500012398,0.03459899500012398,0.037518538534641266,0.03459899500012398,0.03459899500012398,0.03459899500012398,0.03459899500012398,0.039540063589811325,0.03575705736875534,0.03459899500012398,0.03899019584059715,0.04065677896142006,0.03459899500012398,0.04875914752483368,0.03459899500012398,0.0392429493367672,0.03459899500012398,0.03658991679549217
2020-07-14,0.04129364714026451,0.036288704723119736,0.040575169026851654,0.03535842150449753,0.03535842150449753,0.03535842150449753,0.03741096332669258,0.03535842150449753,0.03535842150449753,0.03535842150449753,0.03535842150449753,0.03535842150449753,0.03633960336446762,0.03535842150449753,0.03535842150449753,0.03535842150449753,0.03729521855711937,0.04199586808681488,0.03631678968667984,0.03535842150449753,0.03535842150449753,0.03535842150449753,0.05103738605976105,0.03535842150449753,0.040353480726480484,0.03535842150449753,0.03535842150449753
2020-07-15,0.042167797684669495,0.036520663648843765,0.041150353848934174,0.035613663494586945,0.035613663494586945,0.035613663494586945,0.036631904542446136,0.035613663494586945,0.035613663494586945,0.035613663494586945,0.035613663494586945,0.035613663494586945,0.03599287196993828,0.035613663494586945,0.035613663494586945,0.035613663494586945,0.03618469089269638,0.04019582271575928,0.03716865926980972,0.035613663494586945,0.035613663494586945,0.035613663494586945,0.04882344976067543,0.035613663494586945,0.0389099158346653,0.035613663494586945,0.03643522784113884
2020-07-16,0.04003835842013359,0.03750837966799736,0.03944715857505798,0.03529287129640579,0.03529287129640579,0.03617381677031517,0.03915955498814583,0.03532787784934044,0.03529287129640579,0.03529287129640579,0.03529287129640579,0.03529287129640579,0.036613769829273224,0.03529287129640579,0.03529287129640579,0.03529287129640579,0.03820142149925232,0.041587069630622864,0.038713425397872925,0.03573059290647507,0.036070145666599274,0.03529287129640579,0.04563251882791519,0.03529287129640579,0.040988512337207794,0.03529287129640579,0.03529287129640579
2020-07-17,0.041258398443460464,0.03730796277523041,0.03608047217130661,0.03537789732217789,0.03537789732217789,0.03537789732217789,0.03912606090307236,0.035966165363788605,0.03537789732217789,0.03537789732217789,0.03537789732217789,0.03537789732217789,0.03754550591111183,0.03537789732217789,0.03537789732217789,0.03537789732217789,0.03843698650598526,0.04330076277256012,0.037115469574928284,0.03537789732217789,0.03537789732217789,0.03537789732217789,0.04684600979089737,0.03537789732217789,0.03976816311478615,0.03657954931259155,0.03537789732217789
2020-07-20,0.03857933729887009,0.03523252531886101,0.042237985879182816,0.03520550578832626,0.03520550578832626,0.03520550578832626,0.036619171500205994,0.03719966486096382,0.03520550578832626,0.03520550578832626,0.03520550578832626,0.03520550578832626,0.038348935544490814,0.03520550578832626,0.03520550578832626,0.03520550578832626,0.04099506139755249,0.04096793383359909,0.039161331951618195,0.03642192855477333,0.03569576144218445,0.03520550578832626,0.047701455652713776,0.03520550578832626,0.037814702838659286,0.03520550578832626,0.03535262867808342
2020-07-21,0.03804455325007439,0.035424184054136276,0.043711237609386444,0.03501154109835625,0.03501154109835625,0.03501154109835625,0.03634639456868172,0.03715377300977707,0.03501154109835625,0.03501154109835625,0.03501154109835625,0.03501154109835625,0.038523681461811066,0.03501154109835625,0.03501154109835625,0.03501154109835625,0.04173824563622475,0.04055595025420189,0.039323270320892334,0.03739094361662865,0.03693349286913872,0.03501154109835625,0.046324826776981354,0.03501154109835625,0.03836781531572342,0.03501154109835625,0.03501154109835625
2020-07-22,0.03812279552221298,0.034683506935834885,0.045088376849889755,0.034683506935834885,0.034683506935834885,0.034683506935834885,0.035552166402339935,0.03902851790189743,0.034683506935834885,0.034683506935834885,0.034683506935834885,0.034683506935834885,0.03484581783413887,0.034683506935834885,0.034683506935834885,0.034683506935834885,0.04270431026816368,0.04344574362039566,0.042122919112443924,0.03645595908164978,0.034683506935834885,0.034683506935834885,0.047125741839408875,0.034683506935834885,0.04057149589061737,0.034683506935834885,0.034683506935834885
2020-07-23,0.03943786025047302,0.03474960848689079,0.04409073293209076,0.03474960848689079,0.035002414137125015,0.03474960848689079,0.03617159649729729,0.03833242133259773,0.03474960848689079,0.03474960848689079,0.03474960848689079,0.03474960848689079,0.03476595878601074,0.03474960848689079,0.03474960848689079,0.03474960848689079,0.04192236065864563,0.04418231174349785,0.04160161316394806,0.03578460216522217,0.03474960848689079,0.03474960848689079,0.047082483768463135,0.03474960848689079,0.0403815433382988,0.03474960848689079,0.03474960848689079
2020-07-24,0.03582308068871498,0.03582308068871498,0.03582308068871498,0.03582308068871498,0.03775431960821152,0.03582308068871498,0.03582308068871498,0.03582308068871498,0.03582308068871498,0.03582308068871498,0.03582308068871498,0.03582308068871498,0.03582308068871498,0.03582308068871498,0.03582308068871498,0.03582308068871498,0.038294244557619095,0.042755600064992905,0.03759772330522537,0.03582308068871498,0.03582308068871498,0.03582308068871498,0.04835908114910126,0.03582308068871498,0.04295436665415764,0.03582308068871498,0.03582308068871498
2020-07-27,0.03663453087210655,0.04597093164920807,0.036501675844192505,0.03587046265602112,0.03902693837881088,0.036307934671640396,0.03604169562458992,0.03587046265602112,0.03587046265602112,0.03587046265602112,0.03587046265602112,0.03632453829050064,0.03587046265602112,0.03793870657682419,0.03588218241930008,0.03587046265602112,0.03587046265602112,0.03587046265602112,0.03587046265602112,0.03587046265602112,0.03587046265602112,0.03774089366197586,0.03587046265602112,0.03681502491235733,0.04548092931509018,0.03587046265602112,0.03714756667613983
2020-07-28,0.03706073388457298,0.048134367913007736,0.03776928409934044,0.03580636531114578,0.03778338059782982,0.0374283641576767,0.036543991416692734,0.03580636531114578,0.03580636531114578,0.03580636531114578,0.03580636531114578,0.03711088001728058,0.03580636531114578,0.037780649960041046,0.03580636531114578,0.03580636531114578,0.03580636531114578,0.03580636531114578,0.03580636531114578,0.03580636531114578,0.03580636531114578,0.03717200085520744,0.03580636531114578,0.03580636531114578,0.042455706745386124,0.03580636531114578,0.03785877302289009
2020-07-29,0.03640560805797577,0.04538315534591675,0.04030084237456322,0.035678524523973465,0.03610948100686073,0.03803348168730736,0.03648392856121063,0.035678524523973465,0.035678524523973465,0.035678524523973465,0.035678524523973465,0.03887978941202164,0.035678524523973465,0.03762633353471756,0.035678524523973465,0.035678524523973465,0.035678524523973465,0.035678524523973465,0.035678524523973465,0.0377429835498333,0.03780584782361984,0.035678524523973465,0.03648784011602402,0.035678524523973465,0.0432569645345211,0.035678524523973465,0.0359843447804451
2020-07-30,0.03643769025802612,0.045822083950042725,0.039801888167858124,0.03576582297682762,0.035940203815698624,0.03829716518521309,0.036240026354789734,0.03576582297682762,0.03576582297682762,0.03576582297682762,0.03576582297682762,0.039349593222141266,0.03576582297682762,0.03762079030275345,0.03576582297682762,0.03576582297682762,0.03576582297682762,0.03576582297682762,0.03576582297682762,0.036331385374069214,0.0372576080262661,0.03576582297682762,0.03576582297682762,0.03576582297682762,0.042994242161512375,0.03576582297682762,0.03741998225450516
2020-07-31,0.03627001866698265,0.045778147876262665,0.0405036062002182,0.03578588739037514,0.03578588739037514,0.03578588739037514,0.03578588739037514,0.03578588739037514,0.03578588739037514,0.03578588739037514,0.03578588739037514,0.040199533104896545,0.03578588739037514,0.03657585754990578,0.03578588739037514,0.03578588739037514,0.035917337983846664,0.03578588739037514,0.03578588739037514,0.03735769912600517,0.03609078377485275,0.03578588739037514,0.03985227644443512,0.03578588739037514,0.0413849838078022,0.03578588739037514,0.037495508790016174
2020-08-03,0.03758068382740021,0.0436788946390152,0.04305136203765869,0.03534344211220741,0.03534344211220741,0.037476908415555954,0.035669807344675064,0.03534344211220741,0.03534344211220741,0.03534344211220741,0.03534344211220741,0.03891415521502495,0.035469140857458115,0.03534344211220741,0.03534344211220741,0.03534344211220741,0.041020262986421585,0.037813734263181686,0.03534344211220741,0.03816355764865875,0.03675045073032379,0.03534344211220741,0.04173671081662178,0.03534344211220741,0.037271447479724884,0.03534344211220741,0.0359380878508091
2020-08-04,0.03545122221112251,0.040183573961257935,0.038559406995773315,0.03545122221112251,0.03545122221112251,0.03787485510110855,0.03545122221112251,0.03551432117819786,0.03545122221112251,0.03545122221112251,0.03545122221112251,0.03673281520605087,0.03703678399324417,0.03585590794682503,0.03545122221112251,0.03545122221112251,0.0381217822432518,0.04022325575351715,0.03556825965642929,0.03545122221112251,0.039809875190258026,0.03545122221112251,0.04377184063196182,0.03545122221112251,0.041254788637161255,0.03545122221112251,0.03862663730978966
2020-08-05,0.03727162629365921,0.041455239057540894,0.04232339188456535,0.0352405346930027,0.0352405346930027,0.0352405346930027,0.0352405346930027,0.03531300276517868,0.0352405346930027,0.0352405346930027,0.0352405346930027,0.03711651638150215,0.03573963791131973,0.0352405346930027,0.0352405346930027,0.0352405346930027,0.039427824318408966,0.04150444641709328,0.0352405346930027,0.037797898054122925,0.036377206444740295,0.0352405346930027,0.04668082669377327,0.0352405346930027,0.0396418534219265,0.0352405346930027,0.035983048379421234
2020-08-06,0.03573444113135338,0.04345206171274185,0.03764361888170242,0.03573444113135338,0.03573444113135338,0.03573444113135338,0.03573444113135338,0.03573444113135338,0.03573444113135338,0.03573444113135338,0.03573444113135338,0.03785016015172005,0.03573444113135338,0.03573444113135338,0.03573444113135338,0.03573444113135338,0.03619084507226944,0.0392940379679203,0.03573444113135338,0.038860470056533813,0.03849264606833458,0.03573444113135338,0.042995329946279526,0.03573444113135338,0.039781808853149414,0.03573444113135338,0.03795349970459938
2020-08-07,0.03568299114704132,0.04352620616555214,0.037395816296339035,0.03568299114704132,0.03590153157711029,0.03568299114704132,0.03568299114704132,0.03568299114704132,0.03568299114704132,0.03568299114704132,0.03568299114704132,0.03820343315601349,0.03568299114704132,0.03568996489048004,0.03568299114704132,0.03568299114704132,0.03614642843604088,0.03941180929541588,0.03568299114704132,0.039677247405052185,0.03865036740899086,0.03568299114704132,0.042940590530633926,0.03568299114704132,0.03930060938000679,0.03568299114704132,0.03791112080216408
2020-08-10,0.035864170640707016,0.04507945105433464,0.03636675700545311,0.035864170640707016,0.037692245095968246,0.035864170640707016,0.03595202416181564,0.035864170640707016,0.035864170640707016,0.035864170640707016,0.035864170640707016,0.036212336272001266,0.035864170640707016,0.03597499802708626,0.035864170640707016,0.035864170640707016,0.035864170640707016,0.03929419070482254,0.035864170640707016,0.03790854290127754,0.0381329208612442,0.035864170640707016,0.04280902072787285,0.035864170640707016,0.0393754281103611,0.035864170640707016,0.03723962977528572
2020-08-11,0.03645869717001915,0.03831305727362633,0.03611725568771362,0.03611725568771362,0.037946540862321854,0.03611725568771362,0.03766624629497528,0.03611725568771362,0.03611725568771362,0.03611725568771362,0.03611725568771362,0.03611725568771362,0.03791181743144989,0.03611725568771362,0.03611725568771362,0.03611725568771362,0.03611725568771362,0.03946439549326897,0.03641670569777489,0.03611725568771362,0.03611725568771362,0.03611725568771362,0.04385781288146973,0.03611725568771362,0.04129462316632271,0.036676857620477676,0.03611725568771362
2020-08-12,0.0360686369240284,0.03776265308260918,0.0360686369240284,0.0360686369240284,0.03874252736568451,0.0360686369240284,0.03706015273928642,0.0360686369240284,0.0360686369240284,0.0360686369240284,0.0360686369240284,0.0360686369240284,0.03866860643029213,0.0360686369240284,0.0360686369240284,0.0360686369240284,0.0360686369240284,0.038124930113554,0.0360686369240284,0.0360686369240284,0.0360686369240284,0.0360686369240284,0.04267435520887375,0.0360686369240284,0.0433068722486496,0.03835579380393028,0.0360686369240284
2020-08-13,0.03620501980185509,0.03841647878289223,0.03620501980185509,0.03620501980185509,0.03939466178417206,0.03620501980185509,0.03674127906560898,0.03620501980185509,0.03620501980185509,0.03620501980185509,0.03620501980185509,0.03620501980185509,0.03620501980185509,0.03620501980185509,0.03620501980185509,0.03620501980185509,0.03620501980185509,0.03781350702047348,0.03620501980185509,0.03620501980185509,0.03620501980185509,0.03620501980185509,0.04364090785384178,0.03620501980185509,0.04257567971944809,0.03731706365942955,0.03620501980185509
2020-08-14,0.0362357422709465,0.03853755444288254,0.0362357422709465,0.0362357422709465,0.03851553797721863,0.0362357422709465,0.03764417767524719,0.0362357422709465,0.0362357422709465,0.0362357422709465,0.0362357422709465,0.0362357422709465,0.0362357422709465,0.0362357422709465,0.0362357422709465,0.0362357422709465,0.0362357422709465,0.03982345759868622,0.0362357422709465,0.0362357422709465,0.0362357422709465,0.0362357422709465,0.04425736144185066,0.0362357422709465,0.040271345525979996,0.0362357422709465,0.0362357422709465
2020-08-17,0.03623427078127861,0.0385332815349102,0.03623427078127861,0.03623427078127861,0.03850967437028885,0.03623427078127861,0.03764687478542328,0.03623427078127861,0.03623427078127861,0.03623427078127861,0.03623427078127861,0.03623427078127861,0.03623427078127861,0.03623427078127861,0.03623427078127861,0.03623427078127861,0.03623427078127861,0.039815448224544525,0.03623427078127861,0.03623427078127861,0.03623427078127861,0.03623427078127861,0.04426516592502594,0.03623427078127861,0.0403098538517952,0.03623427078127861,0.03623427078127861
2020-08-18,0.038245536386966705,0.040076062083244324,0.035968586802482605,0.035968586802482605,0.037443943321704865,0.035968586802482605,0.03797793388366699,0.035968586802482605,0.035968586802482605,0.035968586802482605,0.035968586802482605,0.035968586802482605,0.035968586802482605,0.035968586802482605,0.035968586802482605,0.035968586802482605,0.035968586802482605,0.039857376366853714,0.035968586802482605,0.03746134415268898,0.035968586802482605,0.035968586802482605,0.04633595049381256,0.035968586802482605,0.03919864073395729,0.035968586802482605,0.035968586802482605
2020-08-19,0.039002418518066406,0.040595103055238724,0.03591219708323479,0.03591219708323479,0.03739113733172417,0.03591219708323479,0.038109585642814636,0.03591219708323479,0.03591219708323479,0.03591219708323479,0.03591219708323479,0.03591219708323479,0.03683677688241005,0.03591219708323479,0.03591219708323479,0.03591219708323479,0.03591219708323479,0.03922955319285393,0.03591219708323479,0.03591219708323479,0.03591219708323479,0.03591219708323479,0.04577888920903206,0.03591219708323479,0.04014014080166817,0.0364968366920948,0.03591219708323479
2020-08-20,0.03623272478580475,0.042768172919750214,0.03615102171897888,0.03615102171897888,0.038176149129867554,0.03615102171897888,0.036224380135536194,0.03615102171897888,0.03615102171897888,0.03615102171897888,0.03615102171897888,0.03615102171897888,0.037737321108579636,0.03615102171897888,0.03615102171897888,0.03615102171897888,0.03615102171897888,0.03704845532774925,0.03615102171897888,0.03615102171897888,0.037499476224184036,0.03615102171897888,0.04063449800014496,0.03615102171897888,0.041904229670763016,0.03660169243812561,0.03675653040409088
2020-08-21,0.03591468185186386,0.044693462550640106,0.03707495704293251,0.03591468185186386,0.03696058690547943,0.03591468185186386,0.03591468185186386,0.03591468185186386,0.03591468185186386,0.03591468185186386,0.03591468185186386,0.03591468185186386,0.03662804886698723,0.03613545000553131,0.03591468185186386,0.03591468185186386,0.03591468185186386,0.03884522244334221,0.03591468185186386,0.03591468185186386,0.03776896744966507,0.03591468185186386,0.0431319996714592,0.03591468185186386,0.040728818625211716,0.03591468185186386,0.03748283535242081
2020-08-24,0.03659430891275406,0.04158654063940048,0.03833894804120064,0.0355851836502552,0.0355851836502552,0.036019228398799896,0.036772988736629486,0.0355851836502552,0.0355851836502552,0.0355851836502552,0.0355851836502552,0.0355851836502552,0.03736257180571556,0.0355851836502552,0.0355851836502552,0.0355851836502552,0.03778073936700821,0.042505715042352676,0.0355851836502552,0.0355851836502552,0.03827156499028206,0.0355851836502552,0.044225577265024185,0.0355851836502552,0.04048585891723633,0.0355851836502552,0.036278266459703445
2020-08-25,0.03632238879799843,0.04254443943500519,0.03613559529185295,0.03613559529185295,0.03792761638760567,0.03613559529185295,0.036348193883895874,0.03613559529185295,0.03613559529185295,0.03613559529185295,0.03613559529185295,0.03613559529185295,0.03779071196913719,0.03613559529185295,0.03613559529185295,0.03613559529185295,0.03613559529185295,0.03738725930452347,0.03613559529185295,0.03613559529185295,0.03752245381474495,0.03613559529185295,0.040771543979644775,0.03613559529185295,0.041984282433986664,0.036583468317985535,0.036648109555244446
2020-08-26,0.0365181639790535,0.04001779109239578,0.03893329203128815,0.03539877384901047,0.03539877384901047,0.037325404584407806,0.036455512046813965,0.03539877384901047,0.03539877384901047,0.03539877384901047,0.03539877384901047,0.03539877384901047,0.03539877384901047,0.03539877384901047,0.03539877384901047,0.03539877384901047,0.0363822765648365,0.042798254638910294,0.03539877384901047,0.03862348571419716,0.038426149636507034,0.03539877384901047,0.04891902580857277,0.03539877384901047,0.03922025114297867,0.03539877384901047,0.03539877384901047
2020-08-27,0.03518582507967949,0.041115857660770416,0.042431801557540894,0.03518582507967949,0.03518582507967949,0.038907915353775024,0.03582257032394409,0.03518582507967949,0.03518582507967949,0.03518582507967949,0.03518582507967949,0.03518582507967949,0.03518582507967949,0.03518582507967949,0.03518582507967949,0.03518582507967949,0.03712543472647667,0.04049435630440712,0.03518582507967949,0.039917953312397,0.040005508810281754,0.03518582507967949,0.045720312744379044,0.03518582507967949,0.04029926657676697,0.03518582507967949,0.03518582507967949
2020-08-28,0.035158827900886536,0.04014134407043457,0.04383838176727295,0.035158827900886536,0.035158827900886536,0.035950228571891785,0.03798803687095642,0.035158827900886536,0.035158827900886536,0.035158827900886536,0.035158827900886536,0.035158827900886536,0.035158827900886536,0.035158827900886536,0.035158827900886536,0.035158827900886536,0.035607244819402695,0.042819488793611526,0.035158827900886536,0.03973376005887985,0.03864670172333717,0.035158827900886536,0.04680889472365379,0.035158827900886536,0.04076585918664932,0.035158827900886536,0.035158827900886536
2020-08-31,0.03519640117883682,0.036069538444280624,0.04106135293841362,0.03519640117883682,0.03519640117883682,0.0371195450425148,0.040441084653139114,0.036184150725603104,0.03520650416612625,0.03519640117883682,0.03519640117883682,0.03519640117883682,0.0374806709587574,0.03519640117883682,0.03519640117883682,0.03519640117883682,0.03640050068497658,0.0440007820725441,0.0354904942214489,0.036305222660303116,0.037513937801122665,0.03519640117883682,0.04683077707886696,0.03519640117883682,0.04234226420521736,0.03519640117883682,0.03519640117883682
2020-09-01,0.03480340167880058,0.042777642607688904,0.04471518099308014,0.03480340167880058,0.03480340167880058,0.03910126909613609,0.035119734704494476,0.03480340167880058,0.03480340167880058,0.03480340167880058,0.03480340167880058,0.036725807934999466,0.03534393757581711,0.03480340167880058,0.03480340167880058,0.03480340167880058,0.03866523131728172,0.039700377732515335,0.03480340167880058,0.039959702640771866,0.04071493819355965,0.03480340167880058,0.0444454587996006,0.03480340167880058,0.039821233600378036,0.03480340167880058,0.03566183149814606
2020-09-02,0.03565691411495209,0.03583779186010361,0.036954283714294434,0.035390548408031464,0.035390548408031464,0.038107264786958694,0.037409909069538116,0.03671807795763016,0.03689039871096611,0.035390548408031464,0.035390548408031464,0.035390548408031464,0.03678559884428978,0.035390548408031464,0.035390548408031464,0.035390548408031464,0.03777560591697693,0.0440327450633049,0.03547635301947594,0.03630680963397026,0.03651642054319382,0.035390548408031464,0.05027473717927933,0.035390548408031464,0.04057057946920395,0.035390548408031464,0.035390548408031464
2020-09-03,0.03652012348175049,0.03440476208925247,0.03997678682208061,0.03440476208925247,0.03562934696674347,0.03440476208925247,0.039964135736227036,0.03795352578163147,0.03581734001636505,0.03440476208925247,0.03440476208925247,0.03440476208925247,0.038498684763908386,0.03440476208925247,0.03440476208925247,0.03440476208925247,0.038755323737859726,0.050841279327869415,0.03769449144601822,0.03569662943482399,0.03440476208925247,0.03440476208925247,0.05202742666006088,0.03440476208925247,0.03895825892686844,0.03440476208925247,0.03440476208925247
2020-09-04,0.03903530538082123,0.034847691655159,0.0368809849023819,0.034847691655159,0.034847691655159,0.034847691655159,0.0386195071041584,0.0352100171148777,0.03695698827505112,0.034847691655159,0.035229574888944626,0.034847691655159,0.037998396903276443,0.034847691655159,0.034847691655159,0.034847691655159,0.0381028950214386,0.047926608473062515,0.03568774834275246,0.0384729765355587,0.035315584391355515,0.034847691655159,0.05563732609152794,0.034847691655159,0.03590606525540352,0.034847691655159,0.034847691655159
2020-09-08,0.037860557436943054,0.035160455852746964,0.03872257471084595,0.035160455852746964,0.035160455852746964,0.035160455852746964,0.037300955504179,0.035346951335668564,0.03634930029511452,0.035160455852746964,0.035160455852746964,0.035160455852746964,0.035160455852746964,0.035160455852746964,0.035160455852746964,0.035160455852746964,0.03716530278325081,0.0461428165435791,0.03598488122224808,0.03775625675916672,0.03519495204091072,0.035160455852746964,0.057188306003808975,0.035160455852746964,0.03758029639720917,0.035160455852746964,0.035160455852746964
2020-09-09,0.03718230500817299,0.041720081120729446,0.04013335704803467,0.03518034145236015,0.03518034145236015,0.03649580106139183,0.03658602386713028,0.03518034145236015,0.03518034145236015,0.03518034145236015,0.03518034145236015,0.03518034145236015,0.03518034145236015,0.03518034145236015,0.03518034145236015,0.03518034145236015,0.03625974804162979,0.044086527079343796,0.03518034145236015,0.038781408220529556,0.03893832862377167,0.03518034145236015,0.0489453487098217,0.03518034145236015,0.03798556327819824,0.03518034145236015,0.03518034145236015
2020-09-10,0.03813953697681427,0.040806353092193604,0.03836303576827049,0.03532969206571579,0.03532969206571579,0.03736242651939392,0.03761421889066696,0.03532969206571579,0.03532969206571579,0.03532969206571579,0.03532969206571579,0.03532969206571579,0.03545147925615311,0.03532969206571579,0.03532969206571579,0.03532969206571579,0.035455670207738876,0.04333653301000595,0.03532969206571579,0.03775746747851372,0.03870560601353645,0.03532969206571579,0.04821709170937538,0.03532969206571579,0.03884522616863251,0.03532969206571579,0.03532969206571579
2020-09-11,0.035511355847120285,0.046127960085868835,0.040125004947185516,0.035398926585912704,0.03597921505570412,0.035398926585912704,0.035398926585912704,0.035398926585912704,0.035398926585912704,0.035398926585912704,0.035398926585912704,0.035398926585912704,0.035398926585912704,0.035398926585912704,0.035398926585912704,0.035398926585912704,0.035398926585912704,0.04078605771064758,0.035398926585912704,0.03953021019697189,0.03923623636364937,0.035398926585912704,0.04778891056776047,0.035398926585912704,0.03773440793156624,0.035398926585912704,0.035398926585912704
2020-09-14,0.03538990020751953,0.04651480168104172,0.04036115109920502,0.03538990020751953,0.03605948016047478,0.03538990020751953,0.03538990020751953,0.03538990020751953,0.03538990020751953,0.03538990020751953,0.03538990020751953,0.03538990020751953,0.03538990020751953,0.03538990020751953,0.03538990020751953,0.03538990020751953,0.03538990020751953,0.04051561281085014,0.03538990020751953,0.039659783244132996,0.039240818470716476,0.03538990020751953,0.04755594581365585,0.03538990020751953,0.03768423944711685,0.03538990020751953,0.03538990020751953
2020-09-15,0.03539469838142395,0.0460374653339386,0.040480803698301315,0.03539469838142395,0.035637013614177704,0.03539469838142395,0.03539469838142395,0.03539469838142395,0.03539469838142395,0.03539469838142395,0.03539469838142395,0.03539469838142395,0.03539469838142395,0.03539469838142395,0.03539469838142395,0.03539469838142395,0.03539469838142395,0.040487151592969894,0.03539469838142395,0.040122129023075104,0.03916219249367714,0.03539469838142395,0.04787621274590492,0.03539469838142395,0.03769775107502937,0.03539469838142395,0.03539469838142395
2020-09-16,0.035508718341588974,0.03895050659775734,0.043313395231962204,0.03500610962510109,0.03500610962510109,0.03500610962510109,0.03500610962510109,0.03500610962510109,0.03500610962510109,0.03500610962510109,0.03500610962510109,0.03500610962510109,0.03500610962510109,0.03500610962510109,0.03500610962510109,0.03500610962510109,0.037823691964149475,0.043395768851041794,0.03500610962510109,0.040521640330553055,0.03815457969903946,0.03500610962510109,0.054742615669965744,0.03500610962510109,0.03747912496328354,0.03500610962510109,0.03500610962510109
2020-09-17,0.03549030423164368,0.04130670428276062,0.03885255753993988,0.03549030423164368,0.03549030423164368,0.03549030423164368,0.03549030423164368,0.03549030423164368,0.03549030423164368,0.03549030423164368,0.03549030423164368,0.03549030423164368,0.03549030423164368,0.03549030423164368,0.03549030423164368,0.03549030423164368,0.0361165776848793,0.043080683797597885,0.03549030423164368,0.040457334369421005,0.036616094410419464,0.03549030423164368,0.052191320806741714,0.03549030423164368,0.037062980234622955,0.03549030423164368,0.03549030423164368
2020-09-18,0.03600897639989853,0.04226790368556976,0.03635093569755554,0.03600897639989853,0.03600897639989853,0.03600897639989853,0.03600897639989853,0.03600897639989853,0.03600897639989853,0.03600897639989853,0.03600897639989853,0.03600897639989853,0.03600897639989853,0.03600897639989853,0.03600897639989853,0.03600897639989853,0.03600897639989853,0.036712080240249634,0.03600897639989853,0.03924927860498428,0.03623534366488457,0.03600897639989853,0.047000396996736526,0.03600897639989853,0.042004529386758804,0.03600897639989853,0.03600897639989853
2020-09-21,0.035718780010938644,0.03842858225107193,0.03918716311454773,0.035718780010938644,0.035718780010938644,0.035718780010938644,0.035718780010938644,0.035718780010938644,0.035718780010938644,0.035718780010938644,0.035718780010938644,0.035718780010938644,0.035718780010938644,0.035718780010938644,0.035718780010938644,0.035718780010938644,0.035718780010938644,0.038865961134433746,0.035718780010938644,0.03870370611548424,0.035718780010938644,0.035718780010938644,0.053429096937179565,0.035718780010938644,0.04129112884402275,0.035718780010938644,0.035718780010938644
2020-09-22,0.035095710307359695,0.042617157101631165,0.04593954607844353,0.03455210104584694,0.03455210104584694,0.04062136262655258,0.03455210104584694,0.03455210104584694,0.03455210104584694,0.03455210104584694,0.03631511330604553,0.03608870506286621,0.03455210104584694,0.03455210104584694,0.03455210104584694,0.03455210104584694,0.03455210104584694,0.034722741693258286,0.03559247776865959,0.04002431407570839,0.039452988654375076,0.03455210104584694,0.05270097032189369,0.03455210104584694,0.03703301027417183,0.03455210104584694,0.040066543966531754
2020-09-23,0.034577347338199615,0.042151883244514465,0.04570978879928589,0.034577347338199615,0.034577347338199615,0.03656641021370888,0.03480180352926254,0.034577347338199615,0.034577347338199615,0.034577347338199615,0.034577347338199615,0.03481798246502876,0.034577347338199615,0.034577347338199615,0.034577347338199615,0.034577347338199615,0.034791115671396255,0.04197561368346214,0.034577347338199615,0.043152254074811935,0.04131695255637169,0.034577347338199615,0.05388995632529259,0.034577347338199615,0.03597870469093323,0.034577347338199615,0.0361873060464859
2020-09-24,0.035064902156591415,0.042622946202754974,0.04086257889866829,0.035064902156591415,0.035064902156591415,0.04163551330566406,0.035064902156591415,0.035064902156591415,0.035064902156591415,0.035064902156591415,0.035064902156591415,0.03616703301668167,0.036748699843883514,0.035064902156591415,0.035064902156591415,0.035064902156591415,0.035064902156591415,0.03577062487602234,0.03638966381549835,0.03765319287776947,0.03973299637436867,0.035064902156591415,0.04600318521261215,0.035064902156591415,0.04047418385744095,0.035064902156591415,0.039965782314538956
2020-09-25,0.034617166966199875,0.04542645066976547,0.04213326796889305,0.034617166966199875,0.034617166966199875,0.044635020196437836,0.034617166966199875,0.034893956035375595,0.034617166966199875,0.034617166966199875,0.037092823535203934,0.037732478231191635,0.034617166966199875,0.034617166966199875,0.034617166966199875,0.034617166966199875,0.034617166966199875,0.034617166966199875,0.03490050137042999,0.0391438789665699,0.03973289206624031,0.034617166966199875,0.04562873765826225,0.034617166966199875,0.03687262535095215,0.034617166966199875,0.04254984110593796
2020-09-28,0.0363200381398201,0.04089502617716789,0.04441644996404648,0.034749045968055725,0.034749045968055725,0.04009781777858734,0.034749045968055725,0.034749045968055725,0.034749045968055725,0.034749045968055725,0.034749045968055725,0.035686638206243515,0.035565752536058426,0.034749045968055725,0.034749045968055725,0.034749045968055725,0.034749045968055725,0.03815559297800064,0.0356609933078289,0.03849874064326286,0.04066060855984688,0.034749045968055725,0.051018618047237396,0.034749045968055725,0.03776068612933159,0.034749045968055725,0.03877641260623932
2020-09-29,0.03488743677735329,0.03858300670981407,0.044862229377031326,0.03488743677735329,0.03488743677735329,0.03494293987751007,0.03552130237221718,0.03488743677735329,0.03488743677735329,0.03488743677735329,0.03488743677735329,0.03488743677735329,0.03488743677735329,0.03488743677735329,0.03488743677735329,0.03488743677735329,0.03706285357475281,0.04174179583787918,0.03488743677735329,0.0419699065387249,0.03904726356267929,0.03488743677735329,0.05583951622247696,0.03488743677735329,0.037342753261327744,0.03488743677735329,0.03488743677735329
2020-09-30,0.0342969186604023,0.041610781103372574,0.046289969235658646,0.0342969186604023,0.0342969186604023,0.036492228507995605,0.034664250910282135,0.0342969186604023,0.0342969186604023,0.0342969186604023,0.0352356918156147,0.034452877938747406,0.036405857652425766,0.0342969186604023,0.0342969186604023,0.0342969186604023,0.03714213892817497,0.0432017482817173,0.0342969186604023,0.04406694322824478,0.04206719249486923,0.0342969186604023,0.05362437292933464,0.0342969186604023,0.0342969186604023,0.0342969186604023,0.034589096903800964
2020-10-01,0.034568045288324356,0.040484845638275146,0.04587157815694809,0.034568045288324356,0.034568045288324356,0.035163044929504395,0.03542032837867737,0.034568045288324356,0.034568045288324356,0.034568045288324356,0.03465930372476578,0.034568045288324356,0.03630866855382919,0.034568045288324356,0.034568045288324356,0.034568045288324356,0.03881126269698143,0.042114727199077606,0.034568045288324356,0.04325910657644272,0.04010666161775589,0.034568045288324356,0.05432907119393349,0.034568045288324356,0.034568045288324356,0.034568045288324356,0.034950725734233856
2020-10-02,0.035169076174497604,0.04219464957714081,0.048699215054512024,0.03426394611597061,0.03426394611597061,0.03426394611597061,0.034978583455085754,0.03451435640454292,0.03426394611597061,0.03426394611597061,0.03507618606090546,0.03591705113649368,0.03447725996375084,0.03426394611597061,0.03426394611597061,0.03426394611597061,0.03877902030944824,0.04079565405845642,0.03426394611597061,0.04445064067840576,0.038866348564624786,0.03426394611597061,0.056176573038101196,0.03426394611597061,0.03426394611597061,0.03426394611597061,0.03447408974170685
2020-10-05,0.03520664945244789,0.04256629943847656,0.04878353700041771,0.034203413873910904,0.034203413873910904,0.03423648327589035,0.03481921926140785,0.03441367298364639,0.034203413873910904,0.034203413873910904,0.03526084125041962,0.03598669543862343,0.03446899726986885,0.034203413873910904,0.034203413873910904,0.034203413873910904,0.0383433997631073,0.041020236909389496,0.034203413873910904,0.044716726988554,0.03933176025748253,0.034203413873910904,0.055975332856178284,0.034203413873910904,0.034203413873910904,0.034203413873910904,0.03442918509244919
2020-10-06,0.03610652685165405,0.04136357828974724,0.04846126213669777,0.03447567671537399,0.03447567671537399,0.03458300977945328,0.034548789262771606,0.03447567671537399,0.03447567671537399,0.03447567671537399,0.03447567671537399,0.03631534054875374,0.03447567671537399,0.03447567671537399,0.03447567671537399,0.03447567671537399,0.03676134720444679,0.040545638650655746,0.03447567671537399,0.04328816011548042,0.03871908411383629,0.03447567671537399,0.057666078209877014,0.03447567671537399,0.03447567671537399,0.03447567671537399,0.03450605645775795
2020-10-07,0.03609270229935646,0.04138457402586937,0.048471931368112564,0.03447245806455612,0.03447245806455612,0.03456287086009979,0.03454315662384033,0.03447245806455612,0.03447245806455612,0.03447245806455612,0.03447245806455612,0.036333970725536346,0.03447245806455612,0.03447245806455612,0.03447245806455612,0.03447245806455612,0.03676504269242287,0.04055885970592499,0.03447245806455612,0.04329441487789154,0.038725025951862335,0.03447245806455612,0.05767164006829262,0.03447245806455612,0.03447245806455612,0.03447245806455612,0.03450894355773926
2020-10-08,0.03754586726427078,0.03678412362933159,0.045164044946432114,0.03477783873677254,0.03477783873677254,0.03477783873677254,0.036024466156959534,0.03477783873677254,0.03477783873677254,0.03477783873677254,0.03477783873677254,0.03477783873677254,0.03477783873677254,0.03477783873677254,0.03477783873677254,0.03477783873677254,0.03684736788272858,0.04277769476175308,0.03491818159818649,0.04235976189374924,0.03644092008471489,0.03477783873677254,0.05991439148783684,0.03477783873677254,0.03477783873677254,0.03477783873677254,0.03477783873677254
2020-10-09,0.0349263921380043,0.0349263921380043,0.0349263921380043,0.0349263921380043,0.035688214004039764,0.0349263921380043,0.04083932563662529,0.03507339581847191,0.0379851758480072,0.0349263921380043,0.04063640162348747,0.0349263921380043,0.038360562175512314,0.0349263921380043,0.0349263921380043,0.0349263921380043,0.035466525703668594,0.0460861511528492,0.03736012801527977,0.03792939335107803,0.035623811185359955,0.0349263921380043,0.050587791949510574,0.03816690668463707,0.0361531525850296,0.0349263921380043,0.0349263921380043
2020-10-12,0.03819043189287186,0.035080935806035995,0.03606904670596123,0.035080935806035995,0.03515193611383438,0.035080935806035995,0.035611700266599655,0.037681564688682556,0.035868071019649506,0.035080935806035995,0.03572753071784973,0.035080935806035995,0.03794300556182861,0.035080935806035995,0.035080935806035995,0.035080935806035995,0.038561780005693436,0.05061366781592369,0.03816778212785721,0.03659889101982117,0.035080935806035995,0.035080935806035995,0.05030706897377968,0.035080935806035995,0.03745541721582413,0.035080935806035995,0.035080935806035995
2020-10-13,0.038962021470069885,0.03461945429444313,0.03644046559929848,0.03461945429444313,0.03461945429444313,0.03461945429444313,0.03639998286962509,0.037637464702129364,0.03593066334724426,0.03461945429444313,0.035578303039073944,0.03461945429444313,0.03741060197353363,0.03461945429444313,0.03461945429444313,0.03461945429444313,0.03941871598362923,0.052526216953992844,0.04209820181131363,0.036568231880664825,0.03461945429444313,0.03461945429444313,0.051083747297525406,0.03461945429444313,0.0352729968726635,0.03461945429444313,0.03461945429444313
2020-10-14,0.04076683893799782,0.03524291515350342,0.03524291515350342,0.03524291515350342,0.03524291515350342,0.03524291515350342,0.03895438462495804,0.03524291515350342,0.03524291515350342,0.03524291515350342,0.03639039397239685,0.03524291515350342,0.036098141223192215,0.03524291515350342,0.03524291515350342,0.03524291515350342,0.036362290382385254,0.046786412596702576,0.03960687294602394,0.03524291515350342,0.03524291515350342,0.03524291515350342,0.05251678451895714,0.03524291515350342,0.03814533352851868,0.03524291515350342,0.03524291515350342
2020-10-15,0.04137520119547844,0.035029295831918716,0.035029295831918716,0.035029295831918716,0.035029295831918716,0.035029295831918716,0.040535978972911835,0.035029295831918716,0.035029295831918716,0.035029295831918716,0.03691423684358597,0.035029295831918716,0.03813435509800911,0.035029295831918716,0.035029295831918716,0.035029295831918716,0.036403823643922806,0.04741140827536583,0.04022636264562607,0.03537098318338394,0.035364504903554916,0.035029295831918716,0.049239709973335266,0.035029295831918716,0.038554735481739044,0.035029295831918716,0.035029295831918716
2020-10-16,0.04037156328558922,0.03474125638604164,0.03474125638604164,0.03474125638604164,0.03474125638604164,0.03474125638604164,0.043868809938430786,0.03474125638604164,0.03474125638604164,0.03474125638604164,0.04035022482275963,0.03474125638604164,0.036913465708494186,0.03474125638604164,0.03474125638604164,0.03474125638604164,0.037445370107889175,0.04699205607175827,0.03625756502151489,0.03474125638604164,0.03622329980134964,0.03474125638604164,0.0546303428709507,0.03474125638604164,0.03634599968791008,0.03474125638604164,0.03474125638604164
2020-10-19,0.040909718722105026,0.03488694503903389,0.03488694503903389,0.03488694503903389,0.03488694503903389,0.03488694503903389,0.04183720052242279,0.03488694503903389,0.03488694503903389,0.03488694503903389,0.03895638510584831,0.03488694503903389,0.03762635216116905,0.03488694503903389,0.03488694503903389,0.03488694503903389,0.03683988377451897,0.0475010871887207,0.040202174335718155,0.03488694503903389,0.03490007668733597,0.03488694503903389,0.05043446645140648,0.03488694503903389,0.037714648991823196,0.03488694503903389,0.03488694503903389
2020-10-20,0.040284376591444016,0.035097911953926086,0.035949334502220154,0.0347270593047142,0.0347270593047142,0.0347270593047142,0.04102742671966553,0.0347270593047142,0.0347270593047142,0.0347270593047142,0.041104912757873535,0.0347270593047142,0.03624815121293068,0.0347270593047142,0.0347270593047142,0.0347270593047142,0.035335782915353775,0.04805232957005501,0.03562772274017334,0.03637005388736725,0.03874741494655609,0.0347270593047142,0.0543522946536541,0.0347270593047142,0.03562352806329727,0.0347270593047142,0.0347270593047142
2020-10-21,0.04121397063136101,0.03489481285214424,0.037465743720531464,0.03477644920349121,0.03477644920349121,0.03675537183880806,0.03729104623198509,0.03477644920349121,0.03492352366447449,0.03477644920349121,0.0372859388589859,0.03477644920349121,0.0370510071516037,0.03477644920349121,0.03477644920349121,0.03477644920349121,0.03477644920349121,0.04831383377313614,0.03529023379087448,0.03959015756845474,0.04040469601750374,0.03477644920349121,0.05088433995842934,0.03477644920349121,0.03654148802161217,0.03477644920349121,0.03477644920349121
2020-10-22,0.040136002004146576,0.03714623302221298,0.03935718163847923,0.034934982657432556,0.034934982657432556,0.03656637668609619,0.036334455013275146,0.034934982657432556,0.034934982657432556,0.034934982657432556,0.0362103208899498,0.034934982657432556,0.034934982657432556,0.034934982657432556,0.034934982657432556,0.034934982657432556,0.034934982657432556,0.046950291842222214,0.035114042460918427,0.0392565056681633,0.040104467421770096,0.034934982657432556,0.051852039992809296,0.034934982657432556,0.036947332322597504,0.034934982657432556,0.034934982657432556
2020-10-23,0.03926410898566246,0.035470377653837204,0.0368972048163414,0.035470377653837204,0.035470377653837204,0.035470377653837204,0.03788930922746658,0.035470377653837204,0.035470377653837204,0.035470377653837204,0.035470377653837204,0.035470377653837204,0.035554300993680954,0.035470377653837204,0.035470377653837204,0.035470377653837204,0.0361945740878582,0.044853098690509796,0.035470377653837204,0.036949899047613144,0.0355302169919014,0.035470377653837204,0.05305004492402077,0.035470377653837204,0.04082082584500313,0.035470377653837204,0.035470377653837204
2020-10-26,0.036210138350725174,0.04350467026233673,0.036210138350725174,0.036210138350725174,0.038212619721889496,0.036210138350725174,0.036507606506347656,0.036210138350725174,0.036210138350725174,0.036210138350725174,0.036210138350725174,0.036210138350725174,0.036210138350725174,0.036210138350725174,0.036210138350725174,0.036210138350725174,0.036210138350725174,0.036210138350725174,0.036210138350725174,0.036210138350725174,0.036210138350725174,0.036210138350725174,0.04092138260602951,0.036210138350725174,0.04423070326447487,0.036210138350725174,0.036210138350725174
2020-10-27,0.03621634840965271,0.044642604887485504,0.03621634840965271,0.03621634840965271,0.0374082550406456,0.03621634840965271,0.03621634840965271,0.03621634840965271,0.03621634840965271,0.03621634840965271,0.03621634840965271,0.03621634840965271,0.03621634840965271,0.03621634840965271,0.03621634840965271,0.03621634840965271,0.03621634840965271,0.03621634840965271,0.03621634840965271,0.03621634840965271,0.03621634840965271,0.03621634840965271,0.04074070602655411,0.03621634840965271,0.042659658938646317,0.03621634840965271,0.037789102643728256
2020-10-28,0.036726467311382294,0.041576143354177475,0.0366051085293293,0.035710498690605164,0.035710498690605164,0.035710498690605164,0.03791944310069084,0.035710498690605164,0.035710498690605164,0.035710498690605164,0.035710498690605164,0.035710498690605164,0.035710498690605164,0.035710498690605164,0.035710498690605164,0.035710498690605164,0.03652690723538399,0.042928509414196014,0.035710498690605164,0.037322212010622025,0.03807743638753891,0.035710498690605164,0.04478190466761589,0.035710498690605164,0.04020145162940025,0.035710498690605164,0.035966552793979645
2020-10-29,0.034747131168842316,0.05256185680627823,0.041994012892246246,0.034747131168842316,0.034747131168842316,0.039173372089862823,0.034747131168842316,0.034747131168842316,0.034747131168842316,0.034747131168842316,0.036103203892707825,0.037463340908288956,0.034747131168842316,0.034747131168842316,0.034747131168842316,0.034747131168842316,0.034747131168842316,0.034747131168842316,0.034747131168842316,0.04022366926074028,0.039062097668647766,0.034747131168842316,0.04384725168347359,0.03743160516023636,0.03581609949469566,0.034747131168842316,0.04036940634250641
2020-10-30,0.035064563155174255,0.05158616602420807,0.04143346846103668,0.035064563155174255,0.035064563155174255,0.03750733658671379,0.035064563155174255,0.035064563155174255,0.035064563155174255,0.035064563155174255,0.03621596470475197,0.03656419366598129,0.035064563155174255,0.035064563155174255,0.035064563155174255,0.035064563155174255,0.035064563155174255,0.035064563155174255,0.035064563155174255,0.03957907855510712,0.037337929010391235,0.035064563155174255,0.044915903359651566,0.036760300397872925,0.0373339019715786,0.035064563155174255,0.039732739329338074
2020-11-02,0.03478068485856056,0.049583569169044495,0.041491951793432236,0.03478068485856056,0.03478068485856056,0.04102129116654396,0.03478068485856056,0.03478068485856056,0.03478068485856056,0.03478068485856056,0.03685881942510605,0.03661143407225609,0.03478068485856056,0.03512793779373169,0.03478068485856056,0.03478068485856056,0.03478068485856056,0.03478068485856056,0.03478068485856056,0.039106499403715134,0.038639869540929794,0.0355379655957222,0.03851278871297836,0.04204758256673813,0.04031487926840782,0.03478068485856056,0.038215845823287964
2020-11-03,0.03512617200613022,0.04843069985508919,0.04056386649608612,0.03512617200613022,0.03512617200613022,0.040208086371421814,0.03535321354866028,0.03512617200613022,0.03512617200613022,0.03512617200613022,0.03512617200613022,0.03687470033764839,0.03512617200613022,0.03512617200613022,0.03512617200613022,0.03512617200613022,0.03512617200613022,0.03512617200613022,0.03512617200613022,0.03919961303472519,0.04028650000691414,0.03575466573238373,0.03801698237657547,0.0407797135412693,0.04078873619437218,0.03512617200613022,0.03685055300593376
2020-11-04,0.03549099713563919,0.045924458652734756,0.03936835005879402,0.03549099713563919,0.03549099713563919,0.03906957805156708,0.03549099713563919,0.03549099713563919,0.03549099713563919,0.03549099713563919,0.03549099713563919,0.037150587886571884,0.03549099713563919,0.03549099713563919,0.03549099713563919,0.03549099713563919,0.03549099713563919,0.03549099713563919,0.03549099713563919,0.03827863931655884,0.039054740220308304,0.03549099713563919,0.03757619857788086,0.04061691090464592,0.041621290147304535,0.03549099713563919,0.03799230977892876
2020-11-05,0.03566485270857811,0.046324003487825394,0.041897714138031006,0.03566485270857811,0.03566485270857811,0.03573552891612053,0.03595709055662155,0.03566485270857811,0.03566485270857811,0.03566485270857811,0.03566485270857811,0.041052885353565216,0.03566485270857811,0.035674769431352615,0.03566485270857811,0.03566485270857811,0.03597602993249893,0.03566485270857811,0.03566485270857811,0.03589068353176117,0.037465620785951614,0.03566485270857811,0.039112064987421036,0.03566485270857811,0.04021964967250824,0.03566485270857811,0.039721231907606125
2020-11-06,0.035471681505441666,0.04010353609919548,0.04018877446651459,0.035471681505441666,0.035471681505441666,0.039727069437503815,0.0364975705742836,0.035471681505441666,0.035471681505441666,0.035471681505441666,0.035471681505441666,0.035471681505441666,0.037889838218688965,0.03555990383028984,0.035471681505441666,0.035471681505441666,0.03786034509539604,0.038506120443344116,0.03708985075354576,0.03655282035470009,0.03962564095854759,0.035471681505441666,0.039726581424474716,0.035471681505441666,0.043775636702775955,0.035471681505441666,0.03576447814702988
2020-11-09,0.035390518605709076,0.04058554396033287,0.041207537055015564,0.035390518605709076,0.035390518605709076,0.039369113743305206,0.036612581461668015,0.035390518605709076,0.035390518605709076,0.035390518605709076,0.035390518605709076,0.035390518605709076,0.037439655512571335,0.035390518605709076,0.035390518605709076,0.035390518605709076,0.03835851326584816,0.03853045776486397,0.036547787487506866,0.037115685641765594,0.03948754444718361,0.035390518605709076,0.04033892974257469,0.035390518605709076,0.04336279258131981,0.035390518605709076,0.035576630383729935
2020-11-10,0.03573759272694588,0.04061232507228851,0.040654730051755905,0.03573759272694588,0.04022631049156189,0.03573759272694588,0.037675775587558746,0.03573759272694588,0.03573759272694588,0.03573759272694588,0.03573759272694588,0.03573759272694588,0.03573759272694588,0.03573759272694588,0.03573759272694588,0.03573759272694588,0.03576162829995155,0.03587964177131653,0.03573759272694588,0.039523083716630936,0.03580213710665703,0.03573759272694588,0.04076235741376877,0.036509960889816284,0.04479061812162399,0.03573759272694588,0.03573759272694588
2020-11-11,0.03548230975866318,0.04103931039571762,0.04717869311571121,0.03548230975866318,0.03776754438877106,0.03548230975866318,0.03548230975866318,0.03548230975866318,0.03548230975866318,0.03548230975866318,0.03548230975866318,0.03548230975866318,0.03548230975866318,0.03548230975866318,0.03548230975866318,0.03548230975866318,0.03548230975866318,0.03548230975866318,0.03548230975866318,0.03956163674592972,0.03548230975866318,0.03548230975866318,0.04230564460158348,0.04322226345539093,0.03927868977189064,0.03548230975866318,0.03548230975866318
2020-11-12,0.03553254157304764,0.03747355565428734,0.048062290996313095,0.03553254157304764,0.04020937532186508,0.03553254157304764,0.03553254157304764,0.035769540816545486,0.03553254157304764,0.03553254157304764,0.03553254157304764,0.03553254157304764,0.03553254157304764,0.03553254157304764,0.03553254157304764,0.03553254157304764,0.037189822643995285,0.03553254157304764,0.03553254157304764,0.039323922246694565,0.03553254157304764,0.03553254157304764,0.044672444462776184,0.03553254157304764,0.04218073561787605,0.03553254157304764,0.03553254157304764
2020-11-13,0.0360824316740036,0.03904954716563225,0.0470108725130558,0.0353599414229393,0.0353599414229393,0.036728810518980026,0.0353599414229393,0.036846451461315155,0.0353599414229393,0.0353599414229393,0.0353599414229393,0.035375822335481644,0.0353599414229393,0.0353599414229393,0.0353599414229393,0.0353599414229393,0.03820068761706352,0.0353599414229393,0.0353599414229393,0.039168935269117355,0.036858540028333664,0.0353599414229393,0.04538356140255928,0.0353599414229393,0.04217272624373436,0.0353599414229393,0.036722514778375626
2020-11-16,0.037928398698568344,0.03519956022500992,0.05109434202313423,0.03519956022500992,0.03519956022500992,0.03519956022500992,0.03519956022500992,0.03981802612543106,0.03519956022500992,0.03519956022500992,0.03519956022500992,0.03519956022500992,0.03519956022500992,0.03519956022500992,0.03519956022500992,0.03519956022500992,0.04234909638762474,0.0369253046810627,0.03519956022500992,0.03604411333799362,0.03519956022500992,0.03519956022500992,0.04524778202176094,0.03519956022500992,0.04180131480097771,0.03519956022500992,0.03519956022500992
2020-11-17,0.03596954420208931,0.03503008186817169,0.049105867743492126,0.03503008186817169,0.035727277398109436,0.03503008186817169,0.03731789067387581,0.03886305168271065,0.03503008186817169,0.03503008186817169,0.03503008186817169,0.03503008186817169,0.03503008186817169,0.03503008186817169,0.03503008186817169,0.03503008186817169,0.04053541272878647,0.04131471365690231,0.0354624018073082,0.03517689183354378,0.03503008186817169,0.03503008186817169,0.04813108220696449,0.03503008186817169,0.04191455990076065,0.03503008186817169,0.03503008186817169
2020-11-18,0.03908218443393707,0.03520561382174492,0.046044591814279556,0.03520561382174492,0.03520561382174492,0.03520561382174492,0.03520561382174492,0.04054003208875656,0.03520561382174492,0.03520561382174492,0.03520561382174492,0.03520561382174492,0.03520561382174492,0.03520561382174492,0.03520561382174492,0.03520561382174492,0.041325196623802185,0.039048925042152405,0.03520561382174492,0.03520561382174492,0.03520561382174492,0.03520561382174492,0.048437342047691345,0.03520561382174492,0.0414094552397728,0.03520561382174492,0.03520561382174492
2020-11-19,0.035992179065942764,0.04224257171154022,0.0402304008603096,0.035992179065942764,0.035992179065942764,0.03696015477180481,0.035992179065942764,0.035992179065942764,0.035992179065942764,0.035992179065942764,0.035992179065942764,0.035992179065942764,0.035992179065942764,0.035992179065942764,0.035992179065942764,0.035992179065942764,0.03644052520394325,0.035992179065942764,0.035992179065942764,0.03767237067222595,0.035992179065942764,0.035992179065942764,0.04451371356844902,0.03680647164583206,0.040890760719776154,0.035992179065942764,0.036383792757987976
2020-11-20,0.036012787371873856,0.04067149758338928,0.03979451209306717,0.036012787371873856,0.036012787371873856,0.036906298249959946,0.036012787371873856,0.036405060440301895,0.036012787371873856,0.036012787371873856,0.036012787371873856,0.036012787371873856,0.036012787371873856,0.036012787371873856,0.036012787371873856,0.036012787371873856,0.03687102720141411,0.037422358989715576,0.036012787371873856,0.036931827664375305,0.036012787371873856,0.036012787371873856,0.045874446630477905,0.03624320402741432,0.04060448706150055,0.036012787371873856,0.03607070446014404
2020-11-23,0.036136411130428314,0.04361768439412117,0.037625283002853394,0.036136411130428314,0.036136411130428314,0.036136411130428314,0.036136411130428314,0.036136411130428314,0.036136411130428314,0.036136411130428314,0.036136411130428314,0.036136411130428314,0.036136411130428314,0.036136411130428314,0.036136411130428314,0.036136411130428314,0.036136411130428314,0.036136411130428314,0.036136411130428314,0.03714262321591377,0.036136411130428314,0.036136411130428314,0.04338766261935234,0.03766116872429848,0.040691521018743515,0.036136411130428314,0.03714582324028015
2020-11-24,0.03606417402625084,0.04416072741150856,0.03835654258728027,0.03606417402625084,0.03606417402625084,0.03609808534383774,0.03606417402625084,0.03606417402625084,0.03606417402625084,0.03606417402625084,0.03606417402625084,0.03606417402625084,0.03606417402625084,0.03606417402625084,0.03606417402625084,0.03606417402625084,0.03606417402625084,0.03606417402625084,0.03606417402625084,0.037750810384750366,0.03606417402625084,0.03606417402625084,0.042253974825143814,0.03802227973937988,0.04104287177324295,0.03606417402625084,0.03709542751312256
2020-11-25,0.03581339865922928,0.044706836342811584,0.03981383517384529,0.03581339865922928,0.03581339865922928,0.03718423843383789,0.03581339865922928,0.03581339865922928,0.03581339865922928,0.03581339865922928,0.03581339865922928,0.035939909517765045,0.03581339865922928,0.03581339865922928,0.03581339865922928,0.03581339865922928,0.03581339865922928,0.03581339865922928,0.03581339865922928,0.03911085054278374,0.03730456903576851,0.03581339865922928,0.04018445312976837,0.03868155926465988,0.04187430813908577,0.03581339865922928,0.036371663212776184
2020-11-27,0.035811781883239746,0.04566308483481407,0.037509139627218246,0.035811781883239746,0.03762403503060341,0.035811781883239746,0.03614872321486473,0.035811781883239746,0.035811781883239746,0.035811781883239746,0.035811781883239746,0.035811781883239746,0.035811781883239746,0.035811781883239746,0.035811781883239746,0.035811781883239746,0.035811781883239746,0.035811781883239746,0.035811781883239746,0.03853071108460426,0.03728628158569336,0.035811781883239746,0.042789820581674576,0.03743290901184082,0.042403221130371094,0.035811781883239746,0.035811781883239746
2020-11-30,0.03581076115369797,0.0456668846309185,0.03752385824918747,0.03581076115369797,0.0376160554587841,0.03581076115369797,0.03614957258105278,0.03581076115369797,0.03581076115369797,0.03581076115369797,0.03581076115369797,0.03581076115369797,0.03581076115369797,0.03581076115369797,0.03581076115369797,0.03581076115369797,0.03581076115369797,0.03581076115369797,0.03581076115369797,0.03853544592857361,0.037289202213287354,0.03581076115369797,0.04277077689766884,0.03744823485612869,0.04240623116493225,0.03581076115369797,0.03581076115369797
2020-12-01,0.03643190488219261,0.042613957077264786,0.03596455603837967,0.035887595266103745,0.03743575140833855,0.035887595266103745,0.03657911345362663,0.035887595266103745,0.035887595266103745,0.035887595266103745,0.035887595266103745,0.035887595266103745,0.03599749505519867,0.035887595266103745,0.035887595266103745,0.035887595266103745,0.035887595266103745,0.038788121193647385,0.035887595266103745,0.037129826843738556,0.03633476793766022,0.035887595266103745,0.046815983951091766,0.035887595266103745,0.041706979274749756,0.035887595266103745,0.035887595266103745
2020-12-02,0.03974276781082153,0.03551313653588295,0.03706924244761467,0.03551313653588295,0.03551313653588295,0.03551313653588295,0.03720097616314888,0.03646087646484375,0.03551313653588295,0.03551313653588295,0.03551313653588295,0.03551313653588295,0.03669777885079384,0.03551313653588295,0.03551313653588295,0.03551313653588295,0.03834911435842514,0.04082019254565239,0.03551313653588295,0.03551313653588295,0.03551313653588295,0.03551313653588295,0.051113661378622055,0.03551313653588295,0.04330895096063614,0.03551313653588295,0.03551313653588295
2020-12-03,0.040041662752628326,0.03545860946178436,0.03636465221643448,0.03545860946178436,0.03545860946178436,0.03545860946178436,0.03779268637299538,0.03626459091901779,0.03545860946178436,0.03545860946178436,0.03545860946178436,0.03545860946178436,0.03651364892721176,0.03545860946178436,0.03545860946178436,0.03545860946178436,0.038398537784814835,0.041454289108514786,0.035626139491796494,0.03545860946178436,0.03545860946178436,0.03545860946178436,0.05195891857147217,0.03545860946178436,0.042788516730070114,0.03545860946178436,0.03545860946178436
2020-12-04,0.038172077387571335,0.03554519638419151,0.04064805805683136,0.03554519638419151,0.03554519638419151,0.03554519638419151,0.03554519638419151,0.036988794803619385,0.03554519638419151,0.03554519638419151,0.03554519638419151,0.03554519638419151,0.03645863011479378,0.03554519638419151,0.03554519638419151,0.03554519638419151,0.03939998894929886,0.03891227766871452,0.03554519638419151,0.03554519638419151,0.03554519638419151,0.03554519638419151,0.04989917203783989,0.03554519638419151,0.04416228085756302,0.03554519638419151,0.03554519638419151
2020-12-07,0.038412757217884064,0.03481758385896683,0.037961553782224655,0.03481758385896683,0.034922465682029724,0.03481758385896683,0.03874560818076134,0.03683283552527428,0.036566924303770065,0.03481758385896683,0.036142002791166306,0.03481758385896683,0.04109587147831917,0.03481758385896683,0.03481758385896683,0.03481758385896683,0.04116399586200714,0.044624824076890945,0.03481758385896683,0.03786208853125572,0.035228975117206573,0.03481758385896683,0.051420990377664566,0.03481758385896683,0.03639047592878342,0.03481758385896683,0.03481758385896683
2020-12-08,0.03608057275414467,0.035434287041425705,0.04113710671663284,0.035434287041425705,0.035434287041425705,0.035434287041425705,0.035846441984176636,0.03731511905789375,0.035434287041425705,0.035434287041425705,0.035434287041425705,0.035434287041425705,0.03705650940537453,0.035434287041425705,0.035434287041425705,0.035434287041425705,0.03939635306596756,0.03993614390492439,0.035434287041425705,0.03642193600535393,0.0358022041618824,0.035434287041425705,0.0507698617875576,0.035434287041425705,0.04328908771276474,0.035434287041425705,0.035434287041425705
2020-12-09,0.036173027008771896,0.03564278036355972,0.039045318961143494,0.03564278036355972,0.03564278036355972,0.03564278036355972,0.03571334481239319,0.03733716532588005,0.03564278036355972,0.03564278036355972,0.03564278036355972,0.03564278036355972,0.038600217550992966,0.03564278036355972,0.03564278036355972,0.03564278036355972,0.040558453649282455,0.040267329663038254,0.03564278036355972,0.03564278036355972,0.03564278036355972,0.03564278036355972,0.04774825647473335,0.03564278036355972,0.042986851185560226,0.03564278036355972,0.03564278036355972
2020-12-10,0.0362803190946579,0.036583468317985535,0.03631126508116722,0.0362803190946579,0.036487992852926254,0.0362803190946579,0.0362803190946579,0.0362803190946579,0.0362803190946579,0.0362803190946579,0.0362803190946579,0.0362803190946579,0.0368509404361248,0.0362803190946579,0.0362803190946579,0.0362803190946579,0.0362803190946579,0.0362803190946579,0.0362803190946579,0.0362803190946579,0.0362803190946579,0.0362803190946579,0.04667850583791733,0.0362803190946579,0.04485000669956207,0.0362803190946579,0.036631349474191666
2020-12-11,0.03632692992687225,0.037838660180568695,0.0384158194065094,0.03587277978658676,0.036305416375398636,0.03587277978658676,0.03587277978658676,0.03587277978658676,0.03587277978658676,0.03587277978658676,0.03587277978658676,0.03587277978658676,0.03646841272711754,0.03587277978658676,0.03587277978658676,0.03587277978658676,0.036322277039289474,0.038592949509620667,0.03587277978658676,0.03779374808073044,0.03587277978658676,0.03587277978658676,0.05234105512499809,0.03587277978658676,0.03975745663046837,0.03587277978658676,0.03587277978658676
2020-12-14,0.03600526973605156,0.042667873203754425,0.04000167176127434,0.03600526973605156,0.038179755210876465,0.03600526973605156,0.03600526973605156,0.03600526973605156,0.03600526973605156,0.03600526973605156,0.03600526973605156,0.03600526973605156,0.03600526973605156,0.03600526973605156,0.03600526973605156,0.03600526973605156,0.03600526973605156,0.03600526973605156,0.03600526973605156,0.03600526973605156,0.03740507364273071,0.03600526973605156,0.04152054712176323,0.03600526973605156,0.04328080639243126,0.03600526973605156,0.036838941276073456
2020-12-15,0.03597879037261009,0.040666643530130386,0.040583912283182144,0.03578430041670799,0.03770500048995018,0.03578430041670799,0.03578430041670799,0.03578430041670799,0.03578430041670799,0.03578430041670799,0.03578430041670799,0.03578430041670799,0.03578430041670799,0.03578430041670799,0.03578430041670799,0.03578430041670799,0.03578430041670799,0.03631807491183281,0.03578430041670799,0.037456214427948,0.03699086606502533,0.03578430041670799,0.048499803990125656,0.03578430041670799,0.04168320819735527,0.03578430041670799,0.03578430041670799
2020-12-16,0.035979270935058594,0.04084768891334534,0.04062012955546379,0.03583591431379318,0.03781662881374359,0.03583591431379318,0.03583591431379318,0.03583591431379318,0.03583591431379318,0.03583591431379318,0.03583591431379318,0.03583591431379318,0.03583591431379318,0.03583591431379318,0.03583591431379318,0.03583591431379318,0.03583591431379318,0.03583591431379318,0.03583591431379318,0.037307675927877426,0.03687981516122818,0.03583591431379318,0.04775063320994377,0.03583591431379318,0.041915781795978546,0.03583591431379318,0.03583591431379318
2020-12-17,0.03584294393658638,0.041136134415864944,0.0396384559571743,0.03568829596042633,0.03568829596042633,0.038411471992731094,0.0371541865170002,0.03568829596042633,0.03568829596042633,0.03568829596042633,0.03568829596042633,0.03568829596042633,0.03577682003378868,0.03568829596042633,0.03568829596042633,0.03568829596042633,0.03615696728229523,0.03781105577945709,0.03568829596042633,0.037625864148139954,0.037134286016225815,0.03568829596042633,0.04439285025000572,0.03615710511803627,0.043125689029693604,0.03568829596042633,0.03568829596042633
2020-12-18,0.036891158670186996,0.04140467941761017,0.03823934867978096,0.03561922907829285,0.03561922907829285,0.03672507777810097,0.03846883028745651,0.03561922907829285,0.03561922907829285,0.03561922907829285,0.03581034392118454,0.03561922907829285,0.03627796471118927,0.03561922907829285,0.03561922907829285,0.03561922907829285,0.03609480708837509,0.04089028760790825,0.036516088992357254,0.03711792826652527,0.03855188563466072,0.03561922907829285,0.04235536977648735,0.03561922907829285,0.04160624369978905,0.03561922907829285,0.03561922907829285
2020-12-21,0.036001309752464294,0.045765213668346405,0.036001309752464294,0.036001309752464294,0.03868843615055084,0.036001309752464294,0.036001309752464294,0.036001309752464294,0.036001309752464294,0.036001309752464294,0.03680707514286041,0.036001309752464294,0.036001309752464294,0.040240220725536346,0.036001309752464294,0.036001309752464294,0.036001309752464294,0.036001309752464294,0.036001309752464294,0.036001309752464294,0.036636169999837875,0.03707369789481163,0.037943702191114426,0.036001309752464294,0.042820606380701065,0.036001309752464294,0.036001309752464294
2020-12-22,0.0368938148021698,0.0414024293422699,0.038237955421209335,0.03561757132411003,0.03561757132411003,0.03673936426639557,0.038472384214401245,0.03561757132411003,0.03561757132411003,0.03561757132411003,0.035809848457574844,0.03561757132411003,0.03627815842628479,0.03561757132411003,0.03561757132411003,0.03561757132411003,0.036096446216106415,0.040896736085414886,0.0365213081240654,0.037117570638656616,0.03855349123477936,0.03561757132411003,0.04234759137034416,0.03561757132411003,0.04160448908805847,0.03561757132411003,0.03561757132411003
2020-12-23,0.036893390119075775,0.041106075048446655,0.038083743304014206,0.03563392907381058,0.03563392907381058,0.03671972081065178,0.03850018233060837,0.03563392907381058,0.03563392907381058,0.03563392907381058,0.03587724268436432,0.03563392907381058,0.0364929735660553,0.03563392907381058,0.03563392907381058,0.03563392907381058,0.036084678024053574,0.04092347249388695,0.03670652210712433,0.03690272197127342,0.03851499408483505,0.03563392907381058,0.0423116497695446,0.03563392907381058,0.04164162278175354,0.03563392907381058,0.03563392907381058
2020-12-24,0.03804653510451317,0.037991855293512344,0.03575746342539787,0.03536469489336014,0.035412292927503586,0.037101034075021744,0.04005865752696991,0.03536469489336014,0.03536469489336014,0.03536469489336014,0.037093907594680786,0.03536469489336014,0.039806537330150604,0.03536469489336014,0.03536469489336014,0.03536469489336014,0.035953257232904434,0.04332572594285011,0.03724823519587517,0.03695625066757202,0.03879871964454651,0.03536469489336014,0.04170272499322891,0.03536469489336014,0.04037051647901535,0.03536469489336014,0.03536469489336014
2020-12-28,0.03807057440280914,0.037902675569057465,0.035679832100868225,0.03536120429635048,0.03545151650905609,0.03709668293595314,0.0400959849357605,0.03536120429635048,0.03536120429635048,0.03536120429635048,0.0371415950357914,0.03536120429635048,0.039908815175294876,0.03536120429635048,0.03536120429635048,0.03536120429635048,0.035936418920755386,0.04336152225732803,0.03726444020867348,0.036956652998924255,0.03880459442734718,0.03536120429635048,0.04167701676487923,0.03536120429635048,0.04031725227832794,0.03536120429635048,0.03536120429635048
2020-12-29,0.03779187798500061,0.037592384964227676,0.03655146807432175,0.035346999764442444,0.03571435436606407,0.03906741738319397,0.03996439650654793,0.035346999764442444,0.035346999764442444,0.035346999764442444,0.035346999764442444,0.035346999764442444,0.04176173359155655,0.035346999764442444,0.035346999764442444,0.035346999764442444,0.03721562400460243,0.041585080325603485,0.03723236173391342,0.035346999764442444,0.03928561136126518,0.035346999764442444,0.03871043771505356,0.035346999764442444,0.04236959293484688,0.035646695643663406,0.035346999764442444
2020-12-30,0.03617125749588013,0.039561182260513306,0.04293282330036163,0.035328783094882965,0.035328783094882965,0.035328783094882965,0.03593411669135094,0.035328783094882965,0.035328783094882965,0.035328783094882965,0.035328783094882965,0.035328783094882965,0.03668469935655594,0.035328783094882965,0.035328783094882965,0.035328783094882965,0.03775991126894951,0.040801599621772766,0.03565787896513939,0.03703125938773155,0.03955959156155586,0.035328783094882965,0.045991431921720505,0.035328783094882965,0.04072834178805351,0.035328783094882965,0.03658295422792435
2020-12-31,0.03633353114128113,0.04120885580778122,0.039543185383081436,0.03588850796222687,0.03788504749536514,0.03588850796222687,0.03588850796222687,0.03588850796222687,0.03588850796222687,0.03588850796222687,0.03588850796222687,0.03588850796222687,0.03595799580216408,0.03588850796222687,0.03588850796222687,0.03588850796222687,0.03588850796222687,0.037709660828113556,0.03588850796222687,0.03635379672050476,0.03864520415663719,0.03588850796222687,0.04545453190803528,0.03588850796222687,0.040803566575050354,0.03588850796222687,0.03588850796222687
2021-01-04,0.037037037037037035,0.037037037037037035,0.037037037037037035,0.037037037037037035,0.037037037037037035,0.037037037037037035,0.037037037037037035,0.037037037037037035,0.037037037037037035,0.037037037037037035,0.037037037037037035,0.037037037037037035,0.037037037037037035,0.037037037037037035,0.037037037037037035,0.037037037037037035,0.037037037037037035,0.037037037037037035,0.037037037037037035,0.037037037037037035,0.037037037037037035,0.037037037037037035,0.037037037037037035,0.037037037037037035,0.037037037037037035,0.037037037037037035,0.037037037037037035
2021-01-05,0.03475676104426384,0.04270908981561661,0.03665647283196449,0.034203819930553436,0.041369155049324036,0.04238368198275566,0.03701438009738922,0.035162925720214844,0.03755848482251167,0.034203819930553436,0.03443922474980354,0.045804791152477264,0.034203819930553436,0.039494261145591736,0.037718940526247025,0.03711141273379326,0.034203819930553436,0.034467101097106934,0.04453559219837189,0.034203819930553436,0.039643581956624985,0.034203819930553436,0.034203819930553436,0.034203819930553436,0.03622676432132721,0.03511306270956993,0.034203819930553436
2021-01-06,0.034758564084768295,0.04271005094051361,0.036655526608228683,0.03420371562242508,0.041368111968040466,0.04238482937216759,0.03701566904783249,0.035161420702934265,0.037557683885097504,0.03420371562242508,0.03444038704037666,0.045805227011442184,0.03420371562242508,0.03949495404958725,0.03771928325295448,0.037109460681676865,0.03420371562242508,0.034465644508600235,0.044533926993608475,0.03420371562242508,0.039643295109272,0.03420371562242508,0.03420371562242508,0.03420371562242508,0.03622809052467346,0.03511439263820648,0.03420371562242508
2021-01-07,0.036990173161029816,0.04108620062470436,0.036239102482795715,0.03410608693957329,0.04020224139094353,0.042799342423677444,0.039358168840408325,0.03410608693957329,0.03766365349292755,0.03410608693957329,0.03571578860282898,0.04485735669732094,0.03410608693957329,0.03933526948094368,0.03970223665237427,0.03582471236586571,0.03410608693957329,0.03410608693957329,0.043075304478406906,0.03410608693957329,0.03856664150953293,0.03410608693957329,0.03410608693957329,0.03410608693957329,0.036416735500097275,0.0370001420378685,0.03410608693957329
2021-01-08,0.035677820444107056,0.043666597455739975,0.03693929687142372,0.03450074791908264,0.04078105092048645,0.04280081391334534,0.037429217249155045,0.03450074791908264,0.03450074791908264,0.03450074791908264,0.03450074791908264,0.04525822028517723,0.03450074791908264,0.04080480337142944,0.03782591223716736,0.035617198795080185,0.03450074791908264,0.035141583532094955,0.043055228888988495,0.03450074791908264,0.0401332825422287,0.03515229374170303,0.03450074791908264,0.03450074791908264,0.03466242924332619,0.035545993596315384,0.03450074791908264
2021-01-11,0.03726731240749359,0.04617694765329361,0.03482783958315849,0.03626851737499237,0.036591432988643646,0.04267505928874016,0.03482783958315849,0.03482783958315849,0.03482783958315849,0.03525136411190033,0.03482783958315849,0.043200209736824036,0.03482783958315849,0.03949149698019028,0.03780270740389824,0.0373096689581871,0.03482783958315849,0.035339049994945526,0.04208413511514664,0.03482783958315849,0.04070437327027321,0.03707575798034668,0.03482783958315849,0.03482783958315849,0.03482783958315849,0.03482783958315849,0.03482783958315849
2021-01-12,0.03791269659996033,0.0443456657230854,0.03594520688056946,0.03898636996746063,0.03984377905726433,0.0412822924554348,0.034435562789440155,0.034435562789440155,0.034435562789440155,0.034482166171073914,0.03615458309650421,0.041131142526865005,0.034435562789440155,0.03788309171795845,0.037061192095279694,0.040531791746616364,0.034435562789440155,0.03485381230711937,0.04446271061897278,0.03477390855550766,0.03812980651855469,0.034987665712833405,0.034435562789440155,0.034435562789440155,0.03731206804513931,0.034435562789440155,0.034435562789440155
2021-01-13,0.03743413835763931,0.04387781023979187,0.0372939333319664,0.037838127464056015,0.04035218805074692,0.04273074492812157,0.03455326333642006,0.03436752408742905,0.03436752408742905,0.03436752408742905,0.03558039292693138,0.04297022521495819,0.03436752408742905,0.038862936198711395,0.03604349121451378,0.03846350684762001,0.03436752408742905,0.03451453149318695,0.04656693711876869,0.03436752408742905,0.03872532770037651,0.03451741114258766,0.03436752408742905,0.03436752408742905,0.03599974513053894,0.03436752408742905,0.03436752408742905
2021-01-14,0.0340580940246582,0.047363605350255966,0.035519544035196304,0.04018209129571915,0.04011262580752373,0.04190465807914734,0.03592691943049431,0.037623994052410126,0.03554467111825943,0.0340580940246582,0.0340580940246582,0.043144211173057556,0.0340580940246582,0.035027313977479935,0.0340580940246582,0.03712683543562889,0.0340580940246582,0.0340580940246582,0.04864964261651039,0.0340580940246582,0.03831721469759941,0.03517105430364609,0.0340580940246582,0.0342627614736557,0.03908088430762291,0.03446099907159805,0.0340580940246582
2021-01-15,0.034131161868572235,0.045575663447380066,0.034744635224342346,0.039419908076524734,0.039751116186380386,0.04114682599902153,0.03955421596765518,0.0351821668446064,0.03527563810348511,0.034131161868572235,0.034131161868572235,0.04412045702338219,0.034131161868572235,0.03421127051115036,0.034131161868572235,0.03695118799805641,0.034131161868572235,0.03611373528838158,0.04719771817326546,0.034131161868572235,0.040384843945503235,0.0345497727394104,0.034131161868572235,0.0354062095284462,0.03622611612081528,0.03700796142220497,0.034131161868572235
2021-01-19,0.034345973283052444,0.04576122760772705,0.034345973283052444,0.04516226798295975,0.03565870597958565,0.03938593715429306,0.03454527631402016,0.035798050463199615,0.035185959190130234,0.034345973283052444,0.034345973283052444,0.04145330563187599,0.034345973283052444,0.03448144719004631,0.034345973283052444,0.04186901077628136,0.03434813395142555,0.03799508884549141,0.046769097447395325,0.034345973283052444,0.042086534202098846,0.03684231638908386,0.034345973283052444,0.034345973283052444,0.034851957112550735,0.034345973283052444,0.034345973283052444
2021-01-20,0.034437861293554306,0.0453815683722496,0.034437861293554306,0.04191901907324791,0.03678666800260544,0.038889527320861816,0.034437861293554306,0.03628787025809288,0.03767487779259682,0.03547578677535057,0.034437861293554306,0.04031991586089134,0.034437861293554306,0.034594036638736725,0.03446148335933685,0.04007726535201073,0.034460216760635376,0.03780093416571617,0.04763845354318619,0.034437861293554306,0.042689237743616104,0.036726634949445724,0.034437861293554306,0.034437861293554306,0.034437861293554306,0.034437861293554306,0.034437861293554306
2021-01-21,0.03439806029200554,0.045500077307224274,0.03439806029200554,0.04050087928771973,0.03560151904821396,0.04253067076206207,0.03439806029200554,0.034818973392248154,0.03670317307114601,0.03578080236911774,0.03439806029200554,0.04146573320031166,0.03439806029200554,0.03452954441308975,0.03516198694705963,0.04042898118495941,0.03439806029200554,0.03744005039334297,0.046929389238357544,0.03439806029200554,0.04433243349194527,0.03549913316965103,0.03439806029200554,0.03439806029200554,0.03439806029200554,0.03439806029200554,0.03439806029200554
2021-01-22,0.03397800400853157,0.043514762073755264,0.034309934824705124,0.039591263979673386,0.0382448174059391,0.04416660591959953,0.03397800400853157,0.03519084304571152,0.03874291107058525,0.034472376108169556,0.03520895913243294,0.043208591639995575,0.03397800400853157,0.034920115023851395,0.03397800400853157,0.037401746958494186,0.03397800400853157,0.03771105036139488,0.052419308573007584,0.03397800400853157,0.043160613626241684,0.03397800400853157,0.03397800400853157,0.03397800400853157,0.03397800400853157,0.03397800400853157,0.03397800400853157
2021-01-25,0.03453997150063515,0.041114889085292816,0.03816196322441101,0.037618935108184814,0.038816243410110474,0.04581648111343384,0.03453997150063515,0.03490269184112549,0.03453997150063515,0.03650405630469322,0.03453997150063515,0.04340231418609619,0.03453997150063515,0.03554243594408035,0.03453997150063515,0.0401020310819149,0.03453997150063515,0.03569825366139412,0.05138479545712471,0.03453997150063515,0.037375304847955704,0.03453997150063515,0.03453997150063515,0.03453997150063515,0.03453997150063515,0.03453997150063515,0.03453997150063515
2021-01-26,0.034212980419397354,0.042541611939668655,0.03422804921865463,0.0377500019967556,0.040924493223428726,0.0419660359621048,0.034212980419397354,0.03662971779704094,0.039482004940509796,0.0349559523165226,0.034212980419397354,0.0423566997051239,0.034212980419397354,0.034850362688302994,0.034212980419397354,0.03724037483334541,0.034212980419397354,0.036905717104673386,0.052109021693468094,0.034212980419397354,0.03916722163558006,0.036704517900943756,0.034212980419397354,0.035845473408699036,0.034212980419397354,0.034212980419397354,0.034212980419397354
2021-01-27,0.03425060585141182,0.04338834434747696,0.0376187302172184,0.0368972010910511,0.04093248397111893,0.04625586420297623,0.03425060585141182,0.03572988882660866,0.03755565732717514,0.03609160706400871,0.03425060585141182,0.044466808438301086,0.03425060585141182,0.0361594595015049,0.03425060585141182,0.03441880643367767,0.03425060585141182,0.03425060585141182,0.04967120662331581,0.03425060585141182,0.037269286811351776,0.03589625656604767,0.03425060585141182,0.036641139537096024,0.03425060585141182,0.03425060585141182,0.03425060585141182
2021-01-28,0.03452550992369652,0.041908103972673416,0.03906863182783127,0.03588985279202461,0.03904774412512779,0.047427788376808167,0.03458897024393082,0.03613889589905739,0.03623552247881889,0.03796318545937538,0.03452550992369652,0.04392143711447716,0.03452550992369652,0.03698663413524628,0.03452550992369652,0.03452550992369652,0.03452550992369652,0.03452550992369652,0.04888535663485527,0.03474198654294014,0.036186110228300095,0.0362442322075367,0.03452550992369652,0.034984953701496124,0.03452550992369652,0.03452550992369652,0.03452550992369652
2021-01-29,0.03468535840511322,0.04303843900561333,0.03857934847474098,0.035015303641557693,0.03895759955048561,0.04566901922225952,0.03468535840511322,0.03728712722659111,0.035908810794353485,0.037961527705192566,0.03468535840511322,0.04350827634334564,0.03468535840511322,0.035640764981508255,0.03468535840511322,0.03468535840511322,0.03468535840511322,0.03468535840511322,0.05063159018754959,0.03468535840511322,0.03571079671382904,0.03649640083312988,0.03468535840511322,0.03468535840511322,0.03468535840511322,0.03468535840511322,0.03468535840511322
2021-02-01,0.03421686217188835,0.0372726172208786,0.034806959331035614,0.03568965941667557,0.03893909230828285,0.04081312194466591,0.03421686217188835,0.03860318288207054,0.04205453768372536,0.03645097836852074,0.03421686217188835,0.043407101184129715,0.03421686217188835,0.03667286038398743,0.03421686217188835,0.036683592945337296,0.03421686217188835,0.035870958119630814,0.05489117279648781,0.03421686217188835,0.03849522024393082,0.03617224097251892,0.03421686217188835,0.036791253834962845,0.03421686217188835,0.03421686217188835,0.03421686217188835
2021-02-02,0.03488413989543915,0.03626105934381485,0.03488413989543915,0.03635923191905022,0.0378291942179203,0.0398034006357193,0.03488413989543915,0.039248351007699966,0.03833508864045143,0.03741753101348877,0.03488413989543915,0.03923087194561958,0.03488413989543915,0.035974424332380295,0.03488413989543915,0.038780905306339264,0.03488413989543915,0.040092334151268005,0.04826097562909126,0.03619876503944397,0.039222586899995804,0.038375623524188995,0.03488413989543915,0.03488413989543915,0.03488413989543915,0.03488413989543915,0.03488413989543915
2021-02-03,0.03462371230125427,0.03756735473871231,0.040362872183322906,0.03462371230125427,0.03871453180909157,0.045053839683532715,0.03462371230125427,0.03685392066836357,0.038132548332214355,0.03967704996466637,0.03462371230125427,0.04307907819747925,0.03462371230125427,0.03737366572022438,0.03462371230125427,0.03731405735015869,0.03462371230125427,0.035765230655670166,0.04966745153069496,0.03462371230125427,0.03570641577243805,0.03462371230125427,0.03462371230125427,0.03462371230125427,0.03462371230125427,0.03462371230125427,0.03462371230125427
2021-02-04,0.03465324640274048,0.036618366837501526,0.04128669574856758,0.03465324640274048,0.03516498580574989,0.04454723373055458,0.03465324640274048,0.03465324640274048,0.03708285838365555,0.0401017852127552,0.03465324640274048,0.04080348461866379,0.03465324640274048,0.03967070206999779,0.03465324640274048,0.03843725845217705,0.03465324640274048,0.035508789122104645,0.05115674436092377,0.03465324640274048,0.03826773911714554,0.03465324640274048,0.036207884550094604,0.03465324640274048,0.03465324640274048,0.03465324640274048,0.03465324640274048
2021-02-05,0.03457711264491081,0.03765697032213211,0.04059244319796562,0.03457711264491081,0.03877054899930954,0.045332759618759155,0.03457711264491081,0.036721765995025635,0.03826114907860756,0.03962579369544983,0.03457711264491081,0.04333018511533737,0.03457711264491081,0.03732679411768913,0.03457711264491081,0.037263572216033936,0.03457711264491081,0.035617172718048096,0.04981779307126999,0.03457711264491081,0.035603441298007965,0.03457711264491081,0.03457711264491081,0.03457711264491081,0.03457711264491081,0.03457711264491081,0.03457711264491081
2021-02-08,0.03585817292332649,0.03864222392439842,0.03917872905731201,0.034221842885017395,0.03818579390645027,0.04379400983452797,0.034221842885017395,0.036177296191453934,0.03886786475777626,0.038220856338739395,0.034221842885017395,0.042725641280412674,0.034221842885017395,0.03808313235640526,0.03573097661137581,0.0379878394305706,0.034221842885017395,0.03649206459522247,0.0509803406894207,0.034221842885017395,0.038412947207689285,0.034221842885017395,0.034221842885017395,0.034221842885017395,0.034221842885017395,0.034221842885017395,0.034221842885017395
2021-02-09,0.03882851451635361,0.04378525912761688,0.03959061950445175,0.03473968803882599,0.03561144322156906,0.04372983053326607,0.03473968803882599,0.03544500470161438,0.03587263077497482,0.036738861352205276,0.03473968803882599,0.043945375829935074,0.03473968803882599,0.03946232050657272,0.03578345850110054,0.03473968803882599,0.03473968803882599,0.03473968803882599,0.047840312123298645,0.03473968803882599,0.036418598145246506,0.03473968803882599,0.03473968803882599,0.03473968803882599,0.035331837832927704,0.03473968803882599,0.03473968803882599
2021-02-10,0.03883368521928787,0.04378778859972954,0.03958546370267868,0.03473925590515137,0.035615239292383194,0.04373198002576828,0.03473925590515137,0.03544677793979645,0.03587519749999046,0.0367332361638546,0.03473925590515137,0.04395045340061188,0.03473925590515137,0.03945900872349739,0.03578653186559677,0.03473925590515137,0.03473925590515137,0.03473925590515137,0.04783425107598305,0.03473925590515137,0.036413613706827164,0.03473925590515137,0.03473925590515137,0.03473925590515137,0.03533640131354332,0.03473925590515137,0.03473925590515137
2021-02-11,0.0388767309486866,0.04078212007880211,0.0373806357383728,0.034394022077322006,0.03688019886612892,0.044811878353357315,0.034394022077322006,0.03469759225845337,0.0377708300948143,0.03636552765965462,0.035234484821558,0.04412280395627022,0.034394022077322006,0.039165664464235306,0.03671775758266449,0.03684151545166969,0.034394022077322006,0.034906622022390366,0.04835902526974678,0.034394022077322006,0.03870496526360512,0.034394022077322006,0.034394022077322006,0.034394022077322006,0.03444146364927292,0.034394022077322006,0.034394022077322006
2021-02-12,0.0388825386762619,0.04012397304177284,0.037895653396844864,0.034279972314834595,0.037418216466903687,0.045063573867082596,0.034279972314834595,0.03482689708471298,0.038042426109313965,0.03612247854471207,0.03542809188365936,0.044229887425899506,0.034279972314834595,0.039120014756917953,0.036562513560056686,0.03651368245482445,0.034279972314834595,0.03500750660896301,0.049137040972709656,0.034279972314834595,0.03854575753211975,0.034279972314834595,0.034279972314834595,0.034279972314834595,0.034279972314834595,0.034279972314834595,0.034279972314834595
2021-02-16,0.03891443833708763,0.04010750725865364,0.03789510577917099,0.034283120185136795,0.037392470985651016,0.04506256803870201,0.034283120185136795,0.0348241850733757,0.03803231567144394,0.03613731637597084,0.03542676940560341,0.044226087629795074,0.034283120185136795,0.039125729352235794,0.036562126129865646,0.036512479186058044,0.034283120185136795,0.03500209376215935,0.04912365972995758,0.034283120185136795,0.038540806621313095,0.034283120185136795,0.034283120185136795,0.034283120185136795,0.034283120185136795,0.034283120185136795,0.034283120185136795
2021-02-17,0.03518931195139885,0.04303942248225212,0.03563162311911583,0.03620273619890213,0.03518931195139885,0.04191556200385094,0.037605591118335724,0.03518931195139885,0.03518931195139885,0.03700153902173042,0.03518931195139885,0.041130539029836655,0.03518931195139885,0.038901884108781815,0.03538936376571655,0.039129290729761124,0.03518931195139885,0.03518931195139885,0.040861327201128006,0.03518931195139885,0.04028811305761337,0.03589043766260147,0.03518931195139885,0.03518931195139885,0.03928254917263985,0.03545832261443138,0.03518931195139885
2021-02-18,0.03474538028240204,0.0457661971449852,0.03474538028240204,0.03669069707393646,0.03692629933357239,0.0391693115234375,0.038238488137722015,0.03474538028240204,0.03474538028240204,0.03474538028240204,0.03474538028240204,0.04041541740298271,0.03474538028240204,0.03779207915067673,0.0367872379720211,0.04143676906824112,0.03474538028240204,0.03474538028240204,0.04027274623513222,0.03474538028240204,0.040609437972307205,0.03716898337006569,0.03474538028240204,0.03474538028240204,0.04046117141842842,0.036575235426425934,0.03474538028240204
2021-02-19,0.034731533378362656,0.03839240223169327,0.034731533378362656,0.03554916009306908,0.034731533378362656,0.03573399409651756,0.034731533378362656,0.034731533378362656,0.034731533378362656,0.035384178161621094,0.036017045378685,0.0371035635471344,0.034731533378362656,0.04194677621126175,0.038766078650951385,0.04613864794373512,0.034731533378362656,0.03994946554303169,0.04208784177899361,0.034731533378362656,0.047129277139902115,0.03956009820103645,0.034731533378362656,0.034731533378362656,0.034731533378362656,0.034731533378362656,0.034731533378362656
2021-02-22,0.034909579902887344,0.04301087185740471,0.034909579902887344,0.034909579902887344,0.034909579902887344,0.037642139941453934,0.034909579902887344,0.034909579902887344,0.034909579902887344,0.034909579902887344,0.035098712891340256,0.0384800061583519,0.034909579902887344,0.043056000024080276,0.0398627333343029,0.04180927574634552,0.034909579902887344,0.034952498972415924,0.04063137248158455,0.034909579902887344,0.04732472822070122,0.037688788026571274,0.034909579902887344,0.034909579902887344,0.03526546433568001,0.03644329681992531,0.034909579902887344
2021-02-23,0.034792784601449966,0.04176875576376915,0.034792784601449966,0.034792784601449966,0.035594746470451355,0.03496374934911728,0.03527645766735077,0.034792784601449966,0.034792784601449966,0.034792784601449966,0.03605864197015762,0.03693529963493347,0.034792784601449966,0.041772954165935516,0.04042651504278183,0.044380124658346176,0.034792784601449966,0.035884954035282135,0.04118724167346954,0.034792784601449966,0.0457799956202507,0.03897589445114136,0.034792784601449966,0.034792784601449966,0.03657751530408859,0.03690377250313759,0.034792784601449966
2021-02-24,0.035236481577157974,0.03774263709783554,0.035236481577157974,0.035236481577157974,0.035236481577157974,0.035236481577157974,0.035236481577157974,0.035236481577157974,0.035236481577157974,0.035236481577157974,0.035236481577157974,0.035236481577157974,0.035236481577157974,0.04007646441459656,0.04170035943388939,0.046228405088186264,0.035236481577157974,0.03900010883808136,0.03531697392463684,0.03825525566935539,0.04638024792075157,0.03812134638428688,0.035236481577157974,0.035236481577157974,0.037142764776945114,0.036251720041036606,0.035236481577157974
2021-02-25,0.035654883831739426,0.036452699452638626,0.035654883831739426,0.03570907935500145,0.035654883831739426,0.035654883831739426,0.035654883831739426,0.035654883831739426,0.035654883831739426,0.0364755243062973,0.035654883831739426,0.035654883831739426,0.035654883831739426,0.03866703435778618,0.04113854467868805,0.04480285570025444,0.035654883831739426,0.040363211184740067,0.03583658114075661,0.03788093477487564,0.04365371912717819,0.03784826770424843,0.035654883831739426,0.035654883831739426,0.03634835407137871,0.035654883831739426,0.035654883831739426
2021-02-26,0.035592276602983475,0.03668427839875221,0.035592276602983475,0.03573160246014595,0.035592276602983475,0.035592276602983475,0.035592276602983475,0.035592276602983475,0.035592276602983475,0.03635954484343529,0.035592276602983475,0.035592276602983475,0.035592276602983475,0.038790263235569,0.04064654931426048,0.04488179460167885,0.035592276602983475,0.040257759392261505,0.03638167306780815,0.03762935847043991,0.04373475909233093,0.03830169513821602,0.035592276602983475,0.035592276602983475,0.036716531962156296,0.035592276602983475,0.035592276602983475
2021-03-01,0.0350821390748024,0.03682810068130493,0.0350821390748024,0.03541065752506256,0.0350821390748024,0.0350821390748024,0.0350821390748024,0.0350821390748024,0.0350821390748024,0.036976445466279984,0.0350821390748024,0.03621464595198631,0.0350821390748024,0.04128917679190636,0.036633700132369995,0.04827408492565155,0.0350821390748024,0.04169057682156563,0.03780842572450638,0.0370076447725296,0.04397665709257126,0.04058456048369408,0.0350821390748024,0.0350821390748024,0.03546971082687378,0.035767778754234314,0.0350821390748024
2021-03-02,0.03541095554828644,0.03683454543352127,0.03541095554828644,0.03573343902826309,0.03541095554828644,0.03541095554828644,0.03541095554828644,0.03541095554828644,0.03541095554828644,0.03617459535598755,0.03541095554828644,0.03591000288724899,0.03541095554828644,0.03908299654722214,0.039339009672403336,0.044568970799446106,0.03541095554828644,0.040204308927059174,0.0380287691950798,0.03708647936582565,0.0438162200152874,0.040202412754297256,0.03541095554828644,0.03541095554828644,0.037141360342502594,0.03553449362516403,0.03541095554828644
2021-03-03,0.03531873598694801,0.03615989163517952,0.03531873598694801,0.03579971194267273,0.03531873598694801,0.03531873598694801,0.03534986078739166,0.03531873598694801,0.03531873598694801,0.03601561114192009,0.03531873598694801,0.03624600172042847,0.03531873598694801,0.039183709770441055,0.040809374302625656,0.04415285587310791,0.03531873598694801,0.04099631682038307,0.03793841972947121,0.03723369911313057,0.04412493854761124,0.04043687880039215,0.03531873598694801,0.03531873598694801,0.035704631358385086,0.03602324426174164,0.03531873598694801
2021-03-04,0.03672857582569122,0.03507436811923981,0.03507436811923981,0.03507436811923981,0.03540685027837753,0.03507436811923981,0.03507436811923981,0.03507436811923981,0.03507436811923981,0.03601036220788956,0.03507436811923981,0.03507436811923981,0.03507436811923981,0.03993723541498184,0.041595593094825745,0.044044118374586105,0.03507436811923981,0.039678141474723816,0.03782440721988678,0.03828238695859909,0.04380711913108826,0.04117748141288757,0.03507436811923981,0.03507436811923981,0.03809920325875282,0.03636734560132027,0.03507436811923981
2021-03-05,0.035432782024145126,0.036999259144067764,0.035432782024145126,0.03576388210058212,0.035432782024145126,0.035432782024145126,0.035432782024145126,0.035432782024145126,0.035432782024145126,0.03621925041079521,0.035432782024145126,0.03581354767084122,0.035432782024145126,0.039098016917705536,0.038923345506191254,0.04471798241138458,0.035432782024145126,0.03995170816779137,0.03808050975203514,0.036933500319719315,0.04370369762182236,0.040111199021339417,0.035432782024145126,0.035432782024145126,0.037625089287757874,0.035432782024145126,0.035432782024145126
2021-03-08,0.035145241767168045,0.0358356349170208,0.035145241767168045,0.03620187193155289,0.035145241767168045,0.035145241767168045,0.03578036651015282,0.035145241767168045,0.035145241767168045,0.03627089783549309,0.035145241767168045,0.036656592041254044,0.035145241767168045,0.03925258293747902,0.04022935405373573,0.04521533474326134,0.035145241767168045,0.04216029495000839,0.03774069994688034,0.03721674159169197,0.0438036285340786,0.040550347417593,0.035145241767168045,0.035145241767168045,0.035145241767168045,0.03619756922125816,0.035145241767168045
2021-03-09,0.03468827158212662,0.039795394986867905,0.03468827158212662,0.03468827158212662,0.037631306797266006,0.03494719788432121,0.03773398697376251,0.03468827158212662,0.035636916756629944,0.034769024699926376,0.03680744767189026,0.037000320851802826,0.03468827158212662,0.03899461776018143,0.04260890558362007,0.04184776544570923,0.03468827158212662,0.035828154534101486,0.03701766952872276,0.0385902039706707,0.041782788932323456,0.039771027863025665,0.03468827158212662,0.03468827158212662,0.03955816477537155,0.037484608590602875,0.03468827158212662
2021-03-10,0.03483373299241066,0.043070487678050995,0.03483373299241066,0.03536572679877281,0.036557067185640335,0.03483373299241066,0.03786247596144676,0.03483373299241066,0.03483373299241066,0.03483373299241066,0.03483373299241066,0.03808686137199402,0.03483373299241066,0.03644093871116638,0.038412295281887054,0.04136804863810539,0.03483373299241066,0.03795753791928291,0.03553052246570587,0.039536986500024796,0.04058714583516121,0.042500730603933334,0.03483373299241066,0.03483373299241066,0.040245089679956436,0.03847328945994377,0.03483373299241066
2021-03-11,0.034660354256629944,0.04427674785256386,0.034660354256629944,0.03475551679730415,0.03842665255069733,0.03689146414399147,0.03880854696035385,0.034660354256629944,0.034660354256629944,0.034660354256629944,0.034660354256629944,0.04189547151327133,0.034660354256629944,0.038639143109321594,0.039412740617990494,0.040859125554561615,0.034660354256629944,0.03629434108734131,0.03939160332083702,0.035181690007448196,0.03942644223570824,0.039102401584386826,0.034660354256629944,0.034660354256629944,0.03725292906165123,0.038121286779642105,0.034660354256629944
2021-03-12,0.03516513481736183,0.043334007263183594,0.03466179221868515,0.03466179221868515,0.03793025761842728,0.037073347717523575,0.038881853222846985,0.03466179221868515,0.03466179221868515,0.03466179221868515,0.03466179221868515,0.04211154580116272,0.03466179221868515,0.039312299340963364,0.03966675326228142,0.04138529673218727,0.03466179221868515,0.03652612492442131,0.0394369438290596,0.034917742013931274,0.03942513465881348,0.03861507028341293,0.03466179221868515,0.03466179221868515,0.036712273955345154,0.038226574659347534,0.03466179221868515
2021-03-15,0.035388585180044174,0.04321933537721634,0.03467907756567001,0.03467907756567001,0.03773581236600876,0.0371229387819767,0.038837283849716187,0.03467907756567001,0.03467907756567001,0.03467907756567001,0.03467907756567001,0.04209702089428902,0.03467907756567001,0.039543502032756805,0.03964662179350853,0.04140877723693848,0.03467907756567001,0.036527641117572784,0.03940424695611,0.03487669304013252,0.039480291306972504,0.0384414978325367,0.03467907756567001,0.03467907756567001,0.03658600151538849,0.038213957101106644,0.03467907756567001
2021-03-16,0.034911494702100754,0.04783366248011589,0.034911494702100754,0.034911494702100754,0.03888064622879028,0.034911494702100754,0.03908438980579376,0.03569205105304718,0.034911494702100754,0.034911494702100754,0.034911494702100754,0.04257595166563988,0.034911494702100754,0.0356152281165123,0.03952852636575699,0.03896642103791237,0.034911494702100754,0.03563562408089638,0.03900427371263504,0.03506027162075043,0.03577635437250137,0.037834227085113525,0.034911494702100754,0.034911494702100754,0.041023094207048416,0.03855133056640625,0.034911494702100754
2021-03-17,0.03464677929878235,0.04562021791934967,0.03464677929878235,0.03464677929878235,0.04168284311890602,0.036219965666532516,0.03772318735718727,0.03464677929878235,0.03464677929878235,0.03464677929878235,0.03464677929878235,0.04124192148447037,0.03464677929878235,0.03597944974899292,0.03969305381178856,0.039385344833135605,0.03464677929878235,0.03651970997452736,0.0380987711250782,0.034835703670978546,0.03724758327007294,0.041048239916563034,0.03464677929878235,0.03464677929878235,0.04155776649713516,0.03738484904170036,0.03464677929878235
2021-03-18,0.034678470343351364,0.04495171457529068,0.034678470343351364,0.03970152512192726,0.04057440161705017,0.03616860881447792,0.03848663344979286,0.034678470343351364,0.034678470343351364,0.034678470343351364,0.03640483692288399,0.03994124382734299,0.034678470343351364,0.034817054867744446,0.038873303681612015,0.04282866418361664,0.034678470343351364,0.03788241371512413,0.036415841430425644,0.034678470343351364,0.037003230303525925,0.03697149455547333,0.034678470343351364,0.034678470343351364,0.04044118523597717,0.037074681371450424,0.034678470343351364
2021-03-19,0.03478464111685753,0.04337664693593979,0.03478464111685753,0.03944714367389679,0.039702605456113815,0.03751709684729576,0.03798522800207138,0.03478464111685753,0.03478464111685753,0.03478464111685753,0.038103774189949036,0.03995401784777641,0.03478464111685753,0.036005180329084396,0.03966772183775902,0.04389633238315582,0.03478464111685753,0.03803522512316704,0.03585898503661156,0.03478464111685753,0.03705260530114174,0.03519609197974205,0.03478464111685753,0.03478464111685753,0.038784511387348175,0.03678574413061142,0.03478464111685753
2021-03-22,0.03489835187792778,0.04752982780337334,0.03489835187792778,0.03726962208747864,0.03983504697680473,0.038561198860406876,0.03489835187792778,0.03489835187792778,0.03489835187792778,0.03489835187792778,0.03621871769428253,0.03941171243786812,0.03489835187792778,0.03542286157608032,0.04073650762438774,0.03983324021100998,0.03489835187792778,0.037949636578559875,0.0385923832654953,0.035477109253406525,0.03832544758915901,0.037715066224336624,0.03489835187792778,0.03489835187792778,0.03834141045808792,0.03489835187792778,0.03489835187792778
2021-03-23,0.03454802557826042,0.04559009149670601,0.035093698650598526,0.0385618656873703,0.04148048907518387,0.04219919070601463,0.03469793498516083,0.037190645933151245,0.03454802557826042,0.03454802557826042,0.03604847565293312,0.04155067726969719,0.03454802557826042,0.03454802557826042,0.03583769500255585,0.03788285329937935,0.03454802557826042,0.036380838602781296,0.04593397676944733,0.03454802557826042,0.03867137059569359,0.03454802557826042,0.03454802557826042,0.03454802557826042,0.038303885608911514,0.03454802557826042,0.03454802557826042
2021-03-24,0.03450574725866318,0.045846980065107346,0.03493106737732887,0.03834245726466179,0.04167221859097481,0.042333219200372696,0.03462894633412361,0.037090517580509186,0.03450574725866318,0.03450574725866318,0.03604636341333389,0.041867222636938095,0.03450574725866318,0.03450574725866318,0.03563259169459343,0.03775174915790558,0.03450574725866318,0.03622322529554367,0.0465228371322155,0.03450574725866318,0.03864448145031929,0.03450574725866318,0.03450574725866318,0.03450574725866318,0.03839712589979172,0.03450574725866318,0.03450574725866318
2021-03-25,0.03451697155833244,0.04574037715792656,0.035020191222429276,0.03844621032476425,0.04163151606917381,0.04226815328001976,0.03466511890292168,0.037160228937864304,0.03451697155833244,0.03451697155833244,0.03607300668954849,0.04174356162548065,0.03451697155833244,0.03451697155833244,0.03574436530470848,0.03780624270439148,0.03451697155833244,0.036289460957050323,0.04627335071563721,0.03451697155833244,0.03864768519997597,0.03451697155833244,0.03451697155833244,0.03451697155833244,0.03828684240579605,0.03451697155833244,0.03451697155833244
2021-03-26,0.034515898674726486,0.04565100744366646,0.0348498672246933,0.03854269161820412,0.04160383343696594,0.04202723503112793,0.03477436304092407,0.03713463619351387,0.034515898674726486,0.034515898674726486,0.0361349992454052,0.041646428406238556,0.034515898674726486,0.034515898674726486,0.03582065552473068,0.038016177713871,0.034515898674726486,0.036396123468875885,0.04611632600426674,0.034515898674726486,0.03878965228796005,0.034515898674726486,0.034515898674726486,0.034515898674726486,0.038305237889289856,0.034515898674726486,0.034515898674726486
2021-03-29,0.03453129157423973,0.048424046486616135,0.03453129157423973,0.035375192761421204,0.04443971440196037,0.0378715842962265,0.03914439305663109,0.03636416047811508,0.03453129157423973,0.03453129157423973,0.03453129157423973,0.04144081100821495,0.03453129157423973,0.03453129157423973,0.03824354708194733,0.036880165338516235,0.03453129157423973,0.03486771509051323,0.03875570371747017,0.03453129157423973,0.037475716322660446,0.035618942230939865,0.03453129157423973,0.03453129157423973,0.04264574870467186,0.038076985627412796,0.03453129157423973
2021-03-30,0.03475545719265938,0.04486766830086708,0.03475545719265938,0.03475545719265938,0.045243021100759506,0.03848960995674133,0.037977926433086395,0.036523301154375076,0.03475545719265938,0.03475545719265938,0.03475545719265938,0.04154880344867706,0.03475545719265938,0.03475545719265938,0.038178153336048126,0.03715158626437187,0.03475545719265938,0.034812867641448975,0.037603266537189484,0.03515941649675369,0.03524957224726677,0.037723347544670105,0.03475545719265938,0.03475545719265938,0.04356108233332634,0.03884498029947281,0.03475545719265938
2021-03-31,0.03453915938735008,0.04864349216222763,0.03453915938735008,0.03539079427719116,0.04413595795631409,0.03772050887346268,0.03920352831482887,0.03633199632167816,0.03453915938735008,0.03453915938735008,0.03453915938735008,0.041340507566928864,0.03453915938735008,0.03453915938735008,0.03819466009736061,0.03708440437912941,0.03453915938735008,0.03476912900805473,0.03837790712714195,0.03453915938735008,0.03745148330926895,0.03579431772232056,0.03453915938735008,0.03453915938735008,0.04284171760082245,0.038249701261520386,0.03453915938735008
2021-04-01,0.034520842134952545,0.04382247105240822,0.03545260429382324,0.03769812732934952,0.04285189509391785,0.04033100605010986,0.03827516734600067,0.03727036714553833,0.034520842134952545,0.034520842134952545,0.03509744256734848,0.041722621768713,0.034520842134952545,0.034520842134952545,0.03606554865837097,0.03794019669294357,0.034520842134952545,0.03566376492381096,0.04282379150390625,0.034520842134952545,0.03844635561108589,0.034520842134952545,0.034520842134952545,0.035519879311323166,0.03953862562775612,0.036271724849939346,0.034520842134952545
2021-04-05,0.034438617527484894,0.046112384647130966,0.03444013372063637,0.03689291700720787,0.04208282381296158,0.043893735855817795,0.03449255973100662,0.03630944713950157,0.03525993973016739,0.034438617527484894,0.03542165458202362,0.043058235198259354,0.034438617527484894,0.034438617527484894,0.034438617527484894,0.036663465201854706,0.034438617527484894,0.03499655798077583,0.048636674880981445,0.034438617527484894,0.037686653435230255,0.036183010786771774,0.034438617527484894,0.034438617527484894,0.039044953882694244,0.034438617527484894,0.034438617527484894
2021-04-06,0.03474525362253189,0.044159289449453354,0.03671155497431755,0.036813121289014816,0.04208168387413025,0.04589070752263069,0.03519060090184212,0.037247106432914734,0.03474525362253189,0.03474525362253189,0.03474525362253189,0.04204157367348671,0.03740102797746658,0.03474525362253189,0.03474525362253189,0.03613978624343872,0.03474525362253189,0.03474525362253189,0.04531906172633171,0.03474525362253189,0.03599867969751358,0.03566249832510948,0.03474525362253189,0.0347663089632988,0.037634048610925674,0.03474525362253189,0.03474525362253189
2021-04-07,0.034466277807950974,0.04705975577235222,0.036754630506038666,0.03574388101696968,0.04646258428692818,0.04490382969379425,0.034631721675395966,0.03728296235203743,0.03456246480345726,0.034466277807950974,0.034466277807950974,0.04308793693780899,0.03780621290206909,0.034466277807950974,0.034466277807950974,0.034466277807950974,0.034466277807950974,0.034466277807950974,0.0442279689013958,0.034466277807950974,0.034466277807950974,0.03469795361161232,0.034466277807950974,0.03626996651291847,0.03844650089740753,0.034466277807950974,0.034466277807950974
2021-04-08,0.03476383909583092,0.04492019861936569,0.037770889699459076,0.03536165505647659,0.04373393952846527,0.04621367156505585,0.034967467188835144,0.03549902141094208,0.03476383909583092,0.03476383909583092,0.035857345908880234,0.04286409541964531,0.03773828595876694,0.03476383909583092,0.03476383909583092,0.036731500178575516,0.03476383909583092,0.03476383909583092,0.044689733535051346,0.03476383909583092,0.03492891415953636,0.03476383909583092,0.03476383909583092,0.03476383909583092,0.03679339215159416,0.03476383909583092,0.03476383909583092
2021-04-09,0.03462304547429085,0.044757500290870667,0.038065873086452484,0.03692014142870903,0.0421786829829216,0.048998016864061356,0.03462304547429085,0.037366561591625214,0.03462304547429085,0.03462304547429085,0.03462304547429085,0.04389279708266258,0.03631623089313507,0.03462304547429085,0.03462304547429085,0.03462304547429085,0.03462304547429085,0.03462304547429085,0.04542199894785881,0.03462304547429085,0.03593068942427635,0.03462304547429085,0.03462304547429085,0.03462304547429085,0.036182720214128494,0.03462304547429085,0.03462304547429085
2021-04-12,0.0345020666718483,0.04886796697974205,0.03837362304329872,0.03511130437254906,0.04769052192568779,0.046871911734342575,0.0345020666718483,0.03687857836484909,0.0345020666718483,0.0345020666718483,0.0345020666718483,0.04459225386381149,0.0345020666718483,0.0345020666718483,0.034610018134117126,0.0345020666718483,0.0345020666718483,0.0345020666718483,0.04224390909075737,0.0345020666718483,0.0345020666718483,0.0345020666718483,0.0345020666718483,0.03557553142309189,0.037151262164115906,0.0345020666718483,0.0345020666718483
2021-04-13,0.035137686878442764,0.04237143322825432,0.03850415349006653,0.035137686878442764,0.04066675528883934,0.04521353542804718,0.035137686878442764,0.035137686878442764,0.035137686878442764,0.035137686878442764,0.036226168274879456,0.041746001690626144,0.035137686878442764,0.03768153116106987,0.03592580184340477,0.039046891033649445,0.035137686878442764,0.036048583686351776,0.04288965091109276,0.035137686878442764,0.036352962255477905,0.03539891541004181,0.035137686878442764,0.035137686878442764,0.035137686878442764,0.035137686878442764,0.035137686878442764
2021-04-14,0.03511787950992584,0.04020194336771965,0.03862029314041138,0.03511787950992584,0.04100074991583824,0.04300393536686897,0.03511787950992584,0.03605967015028,0.03511787950992584,0.0352790430188179,0.03526006639003754,0.03971535712480545,0.03521005064249039,0.03724121302366257,0.03544817492365837,0.0419025644659996,0.03511787950992584,0.03795782849192619,0.04500335082411766,0.03511787950992584,0.03668123111128807,0.03511787950992584,0.03511787950992584,0.03511787950992584,0.03511787950992584,0.03511787950992584,0.03511787950992584
2021-04-15,0.03513997793197632,0.04201648384332657,0.03849812597036362,0.03513997793197632,0.04069717228412628,0.04466390237212181,0.03513997793197632,0.03513997793197632,0.03513997793197632,0.03513997793197632,0.036172620952129364,0.041410841047763824,0.03513997793197632,0.03761475905776024,0.0359853059053421,0.039638321846723557,0.03513997793197632,0.03641878068447113,0.04318665340542793,0.03513997793197632,0.03638850525021553,0.03534882515668869,0.03513997793197632,0.03513997793197632,0.03513997793197632,0.03513997793197632,0.03513997793197632
2021-04-16,0.035104043781757355,0.04165856912732124,0.0381447970867157,0.035104043781757355,0.04231051355600357,0.04310664162039757,0.035104043781757355,0.03702475130558014,0.035104043781757355,0.035104043781757355,0.035104043781757355,0.04015794023871422,0.035149604082107544,0.03598664700984955,0.035312749445438385,0.040618300437927246,0.035104043781757355,0.03765515238046646,0.0450974740087986,0.035104043781757355,0.03632022440433502,0.035104043781757355,0.035104043781757355,0.035104043781757355,0.035104043781757355,0.035104043781757355,0.035104043781757355
2021-04-19,0.03498474881052971,0.04215734452009201,0.03744860365986824,0.03577621281147003,0.03934842720627785,0.04539138451218605,0.03501279652118683,0.03498474881052971,0.03498474881052971,0.03498474881052971,0.03757454827427864,0.04165211319923401,0.0354015938937664,0.035836756229400635,0.03518511354923248,0.03973766043782234,0.03498474881052971,0.03588506951928139,0.04525608941912651,0.03498474881052971,0.037713874131441116,0.03498474881052971,0.03498474881052971,0.03498474881052971,0.03579024225473404,0.03498474881052971,0.03498474881052971
2021-04-20,0.03482982888817787,0.0384613536298275,0.038402628153562546,0.034939445555210114,0.038668323308229446,0.04081887751817703,0.03482982888817787,0.036103926599025726,0.03685342147946358,0.03513207286596298,0.03485574573278427,0.039660077542066574,0.03482982888817787,0.03681901469826698,0.0384565070271492,0.04329872503876686,0.03482982888817787,0.03850118815898895,0.04772667959332466,0.03482982888817787,0.038173921406269073,0.03482982888817787,0.03482982888817787,0.03482982888817787,0.03482982888817787,0.03482982888817787,0.03482982888817787
2021-04-21,0.033907052129507065,0.03705726936459541,0.03413965925574303,0.03847222775220871,0.03832036256790161,0.03889266774058342,0.033907052129507065,0.03436976298689842,0.041313957422971725,0.033907052129507065,0.03939977288246155,0.039163488894701004,0.033907052129507065,0.03609929606318474,0.03732433542609215,0.046343617141246796,0.033907052129507065,0.04050759598612785,0.05054851248860359,0.033907052129507065,0.041162796318531036,0.033907052129507065,0.033907052129507065,0.033907052129507065,0.033907052129507065,0.033907052129507065,0.033907052129507065
2021-04-22,0.03380164876580238,0.04127994552254677,0.033898696303367615,0.037059251219034195,0.044943917542696,0.03940996155142784,0.03380164876580238,0.035185880959033966,0.04084965959191322,0.03380164876580238,0.03955932706594467,0.04083768650889397,0.03380164876580238,0.034704118967056274,0.035232409834861755,0.04282465577125549,0.03380164876580238,0.03845466300845146,0.050077203661203384,0.03380164876580238,0.040062859654426575,0.03380164876580238,0.03380164876580238,0.03380164876580238,0.03380164876580238,0.03380164876580238,0.03380164876580238
2021-04-23,0.03362250700592995,0.039677396416664124,0.03400265797972679,0.03636748343706131,0.042264342308044434,0.038889605551958084,0.03362250700592995,0.034928277134895325,0.04511641338467598,0.03362250700592995,0.038552988320589066,0.04179290682077408,0.03362250700592995,0.03515016287565231,0.03601127117872238,0.04307752102613449,0.03362250700592995,0.03812234476208687,0.05234793946146965,0.03362250700592995,0.04022862762212753,0.03362250700592995,0.03362250700592995,0.03362250700592995,0.03362250700592995,0.03362250700592995,0.03362250700592995
2021-04-26,0.03395972400903702,0.04018940031528473,0.03530916944146156,0.036615997552871704,0.03923700749874115,0.04166056960821152,0.03395972400903702,0.03395972400903702,0.040554288774728775,0.03395972400903702,0.0373389758169651,0.04178060218691826,0.03395972400903702,0.03870995715260506,0.03673040121793747,0.04108582064509392,0.03395972400903702,0.03826672583818436,0.049867868423461914,0.03395972400903702,0.04117678105831146,0.03395972400903702,0.03395972400903702,0.03395972400903702,0.03395972400903702,0.03395972400903702,0.03395972400903702
2021-04-27,0.03388587012887001,0.039420418441295624,0.03505711629986763,0.036757905036211014,0.039588216692209244,0.04055088013410568,0.03388587012887001,0.03555216267704964,0.04037681594491005,0.03418600931763649,0.03624103218317032,0.041577670723199844,0.03388587012887001,0.03835838660597801,0.037463270127773285,0.04051987826824188,0.03388587012887001,0.038830336183309555,0.05106572434306145,0.03388587012887001,0.04170963913202286,0.03388587012887001,0.03388587012887001,0.03388587012887001,0.03388587012887001,0.03388587012887001,0.03388587012887001
2021-04-28,0.03388478234410286,0.03942082077264786,0.035062581300735474,0.03675974905490875,0.039597395807504654,0.040565840899944305,0.03388478234410286,0.03556404262781143,0.040383223444223404,0.03418983146548271,0.036232344806194305,0.041582778096199036,0.03388478234410286,0.03832666948437691,0.037457309663295746,0.04050428047776222,0.03388478234410286,0.038830917328596115,0.051076680421829224,0.03388478234410286,0.04171294346451759,0.03388478234410286,0.03388478234410286,0.03388478234410286,0.03388478234410286,0.03388478234410286,0.03388478234410286
2021-04-29,0.03475065529346466,0.03651941567659378,0.0340966135263443,0.036956630647182465,0.036666978150606155,0.0391450971364975,0.0340966135263443,0.03491221368312836,0.03925015777349472,0.03420810401439667,0.03772784769535065,0.041851166635751724,0.0340966135263443,0.03602161630988121,0.039418261498212814,0.04303458333015442,0.0340966135263443,0.041623957455158234,0.04923601076006889,0.0340966135263443,0.04174487292766571,0.03592802211642265,0.0340966135263443,0.0340966135263443,0.0340966135263443,0.03413490951061249,0.0340966135263443
2021-04-30,0.033887747675180435,0.038866639137268066,0.033887747675180435,0.03810897469520569,0.0378442257642746,0.039425626397132874,0.033887747675180435,0.0347018837928772,0.03958016633987427,0.033887747675180435,0.03788890317082405,0.0423828549683094,0.033887747675180435,0.03616274148225784,0.03883989900350571,0.042116254568099976,0.033887747675180435,0.040623269975185394,0.048773393034935,0.033887747675180435,0.042104702442884445,0.035927511751651764,0.033887747675180435,0.033887747675180435,0.033887747675180435,0.033887747675180435,0.033887747675180435
2021-05-03,0.03392230346798897,0.03860367462038994,0.03392230346798897,0.03698870167136192,0.03802226856350899,0.03793526813387871,0.03392230346798897,0.033943116664886475,0.03944158926606178,0.03392230346798897,0.03907660022377968,0.041376370936632156,0.03392230346798897,0.039101775735616684,0.038923583924770355,0.043472886085510254,0.03392230346798897,0.04044962301850319,0.04915064945816994,0.03392230346798897,0.04104475677013397,0.03540155291557312,0.03392230346798897,0.03392230346798897,0.03392230346798897,0.03392230346798897,0.03392230346798897
2021-05-04,0.03427421301603317,0.0383002907037735,0.03433726727962494,0.03774649649858475,0.03823605924844742,0.03761922940611839,0.03427421301603317,0.034754376858472824,0.03718696907162666,0.03427421301603317,0.03889422118663788,0.03974589332938194,0.03427421301603317,0.03784755617380142,0.04108557105064392,0.04508326202630997,0.03427421301603317,0.0413009375333786,0.045816872268915176,0.03427421301603317,0.040754470974206924,0.03427421301603317,0.03427421301603317,0.03427421301603317,0.03427421301603317,0.03427421301603317,0.03427421301603317
2021-05-05,0.034046564251184464,0.04065034165978432,0.03415289521217346,0.03670675307512283,0.04149598628282547,0.03725560009479523,0.034046564251184464,0.03508491814136505,0.03980951011180878,0.034046564251184464,0.0384451262652874,0.041117358952760696,0.034046564251184464,0.03698889911174774,0.041228748857975006,0.043033480644226074,0.034046564251184464,0.039664458483457565,0.04598112404346466,0.034046564251184464,0.039826031774282455,0.034046564251184464,0.034046564251184464,0.034046564251184464,0.034046564251184464,0.034046564251184464,0.034046564251184464
2021-05-06,0.034598421305418015,0.03793874382972717,0.03432731330394745,0.036295413970947266,0.03721438720822334,0.03432731330394745,0.03694859519600868,0.03432731330394745,0.03594674915075302,0.03432731330394745,0.03835383430123329,0.03948277235031128,0.03432731330394745,0.038749050348997116,0.043878164142370224,0.04647769406437874,0.03432731330394745,0.04107422009110451,0.039965711534023285,0.03432731330394745,0.04154244065284729,0.036943960934877396,0.03432731330394745,0.03432731330394745,0.03432731330394745,0.036989446729421616,0.03432731330394745
2021-05-07,0.03473702445626259,0.03772659972310066,0.034517426043748856,0.03669271245598793,0.03693866357207298,0.034517426043748856,0.03720943629741669,0.034517426043748856,0.03496946766972542,0.034517426043748856,0.038541872054338455,0.03871163725852966,0.034517426043748856,0.03835118189454079,0.044865965843200684,0.046896159648895264,0.034517426043748856,0.0417470782995224,0.03871436417102814,0.034517426043748856,0.041468486189842224,0.035656917840242386,0.034517426043748856,0.034517426043748856,0.034517426043748856,0.03708075359463692,0.034517426043748856
2021-05-10,0.037884920835494995,0.03815796598792076,0.03467143326997757,0.03467143326997757,0.03868827968835831,0.03751282021403313,0.0381324477493763,0.03467143326997757,0.03535035252571106,0.03467143326997757,0.03478054329752922,0.04177767410874367,0.03467143326997757,0.03558238595724106,0.04234917834401131,0.04261062294244766,0.03467143326997757,0.03677365928888321,0.03824550285935402,0.03513652831315994,0.03641436994075775,0.04087860509753227,0.03467143326997757,0.03467143326997757,0.037994176149368286,0.03968701511621475,0.03467143326997757
2021-05-11,0.03895565867424011,0.03694557398557663,0.0348641462624073,0.0348641462624073,0.03906134516000748,0.03718208894133568,0.03792085126042366,0.0348641462624073,0.0348641462624073,0.0348641462624073,0.035427600145339966,0.03920518234372139,0.0348641462624073,0.035347361117601395,0.04466688632965088,0.043404098600149155,0.0348641462624073,0.03694730997085571,0.036624934524297714,0.037023164331912994,0.03628137335181236,0.03835006058216095,0.0348641462624073,0.0348641462624073,0.038841936737298965,0.03917308151721954,0.0348641462624073
2021-05-12,0.03835996985435486,0.0385473258793354,0.03483269363641739,0.03483269363641739,0.03823491185903549,0.03906489908695221,0.038054581731557846,0.03483269363641739,0.03483269363641739,0.03483269363641739,0.03483269363641739,0.042687952518463135,0.03483269363641739,0.035682596266269684,0.04269619286060333,0.041395314037799835,0.03483269363641739,0.03674286603927612,0.037334248423576355,0.03483269363641739,0.036935120820999146,0.03950025886297226,0.03483269363641739,0.03483269363641739,0.03745417296886444,0.03931720554828644,0.03483269363641739
2021-05-13,0.03448474034667015,0.04155628755688667,0.03448474034667015,0.03678510710597038,0.03715887293219566,0.03699830546975136,0.03587060794234276,0.03448474034667015,0.03713356330990791,0.03448474034667015,0.03557631000876427,0.042986564338207245,0.03448474034667015,0.039497844874858856,0.03972756862640381,0.042959168553352356,0.03448474034667015,0.038526419550180435,0.03994962200522423,0.03448474034667015,0.04255373030900955,0.03713133558630943,0.03448474034667015,0.03448474034667015,0.03448474034667015,0.03625660017132759,0.03448474034667015
2021-05-14,0.034581564366817474,0.043889451771974564,0.034581564366817474,0.03543699532747269,0.037586621940135956,0.03919108211994171,0.037220366299152374,0.034581564366817474,0.036684829741716385,0.03484480082988739,0.034581564366817474,0.044527553021907806,0.034581564366817474,0.038877878338098526,0.03886311501264572,0.04071944206953049,0.034581564366817474,0.03607836738228798,0.039543941617012024,0.034581564366817474,0.040688782930374146,0.036641139537096024,0.034581564366817474,0.034581564366817474,0.03647959977388382,0.03691038116812706,0.034581564366817474
2021-05-17,0.0381680466234684,0.04259243234992027,0.03528893366456032,0.03582293167710304,0.036709439009428024,0.0408746637403965,0.03862568363547325,0.03481152281165123,0.03481152281165123,0.03481152281165123,0.03481152281165123,0.043088946491479874,0.03481152281165123,0.03787368908524513,0.04283143952488899,0.039657074958086014,0.03481152281165123,0.03658318519592285,0.03615132346749306,0.03481152281165123,0.03957291692495346,0.03481152281165123,0.03481152281165123,0.03481152281165123,0.03526514023542404,0.03796735778450966,0.03481152281165123
2021-05-18,0.037948545068502426,0.04307663068175316,0.03464565798640251,0.03514577075839043,0.037410493940114975,0.04079286754131317,0.03848474472761154,0.03464565798640251,0.03464565798640251,0.03464565798640251,0.03464565798640251,0.04429459944367409,0.03464565798640251,0.03831782937049866,0.04161203280091286,0.03914754092693329,0.03464565798640251,0.03600506857037544,0.03774302080273628,0.03464565798640251,0.0395948551595211,0.035462889820337296,0.03464565798640251,0.03464565798640251,0.035962022840976715,0.03789888322353363,0.03464565798640251
2021-05-19,0.037336282432079315,0.04034470394253731,0.03840439394116402,0.03447674959897995,0.04016302153468132,0.043336089700460434,0.037910573184490204,0.03447674959897995,0.03447674959897995,0.03447674959897995,0.0356297604739666,0.04373723641037941,0.03447674959897995,0.03893335163593292,0.041472483426332474,0.037203650921583176,0.03447674959897995,0.03596022352576256,0.04101692512631416,0.03447674959897995,0.03907473757863045,0.03447674959897995,0.03447674959897995,0.03447674959897995,0.03447674959897995,0.03575560078024864,0.03447674959897995
2021-05-20,0.03447943553328514,0.041670139878988266,0.03597450628876686,0.03447943553328514,0.03989028558135033,0.0399211160838604,0.03720712661743164,0.03603417053818703,0.040217477828264236,0.03744049742817879,0.03447943553328514,0.044722720980644226,0.03447943553328514,0.037672776728868484,0.037268541753292084,0.03911502659320831,0.03447943553328514,0.03623894974589348,0.042720358818769455,0.03447943553328514,0.04004743695259094,0.03447943553328514,0.03447943553328514,0.03447943553328514,0.03447943553328514,0.034585002809762955,0.03447943553328514
2021-05-21,0.034567318856716156,0.03999276086688042,0.03890344500541687,0.034567318856716156,0.040675725787878036,0.04282218962907791,0.03602629527449608,0.037929121404886246,0.035489521920681,0.037512026727199554,0.034567318856716156,0.04378722235560417,0.034567318856716156,0.03465374559164047,0.03900738060474396,0.03898182138800621,0.034567318856716156,0.03619479387998581,0.04319857060909271,0.034567318856716156,0.04001753777265549,0.034567318856716156,0.034567318856716156,0.034567318856716156,0.034567318856716156,0.034567318856716156,0.034567318856716156
2021-05-24,0.03462860733270645,0.03948682174086571,0.039126262068748474,0.03462860733270645,0.040844447910785675,0.04432346671819687,0.03745861351490021,0.03539763018488884,0.03462860733270645,0.03589058667421341,0.03462860733270645,0.044414665549993515,0.03462860733270645,0.03602181375026703,0.040971577167510986,0.03735562413930893,0.03462860733270645,0.03645860776305199,0.041985463351011276,0.03462860733270645,0.03931665048003197,0.03462860733270645,0.03462860733270645,0.03462860733270645,0.03462860733270645,0.03540447726845741,0.03462860733270645
2021-05-25,0.03734699264168739,0.040286727249622345,0.038454439491033554,0.03449004143476486,0.04010147228837013,0.04330606386065483,0.037916798144578934,0.03449004143476486,0.03449004143476486,0.03449004143476486,0.03563221916556358,0.04364252835512161,0.03449004143476486,0.03891686350107193,0.04154901206493378,0.03724231198430061,0.03449004143476486,0.03599691763520241,0.04089457914233208,0.03449004143476486,0.039063408970832825,0.03449004143476486,0.03449004143476486,0.03449004143476486,0.03449004143476486,0.03576912358403206,0.03449004143476486
2021-05-26,0.035367295145988464,0.04220358654856682,0.03775496780872345,0.03476107493042946,0.040582530200481415,0.04258505627512932,0.0372561514377594,0.035124700516462326,0.035028472542762756,0.03444914519786835,0.03466477990150452,0.044440317898988724,0.03444914519786835,0.03918467089533806,0.03957492858171463,0.037868328392505646,0.03444914519786835,0.03525261580944061,0.042256537824869156,0.03444914519786835,0.03983074799180031,0.03444914519786835,0.03444914519786835,0.03444914519786835,0.03529009968042374,0.035379957407712936,0.03444914519786835
2021-05-27,0.035983458161354065,0.040886227041482925,0.03874709829688072,0.034679509699344635,0.039260685443878174,0.0428219735622406,0.03733016550540924,0.035605188459157944,0.034637220203876495,0.03517523780465126,0.03469115495681763,0.04386782646179199,0.034637220203876495,0.03903312608599663,0.03957389295101166,0.03796442598104477,0.034637220203876495,0.035545602440834045,0.04216453805565834,0.034637220203876495,0.0395812951028347,0.034637220203876495,0.034637220203876495,0.034637220203876495,0.03475172445178032,0.03523910790681839,0.034637220203876495
2021-05-28,0.036750126630067825,0.03668982908129692,0.039172761142253876,0.034842781722545624,0.03706679120659828,0.0436713770031929,0.040824875235557556,0.034842781722545624,0.034842781722545624,0.03708568960428238,0.03594724461436272,0.04102754220366478,0.034842781722545624,0.034842781722545624,0.043372634798288345,0.036350540816783905,0.034842781722545624,0.03626895695924759,0.03961469233036041,0.03586776182055473,0.03902072831988335,0.034842781722545624,0.034842781722545624,0.034842781722545624,0.034842781722545624,0.03799786418676376,0.034842781722545624
2021-06-01,0.03509487211704254,0.03830016404390335,0.039166469126939774,0.03509487211704254,0.03594750165939331,0.043871648609638214,0.04006757214665413,0.03509487211704254,0.03509487211704254,0.03806992247700691,0.03561821207404137,0.040578693151474,0.03509487211704254,0.03530968725681305,0.041586101055145264,0.03704974427819252,0.03509487211704254,0.03509487211704254,0.039686042815446854,0.036065563559532166,0.03957724943757057,0.03509487211704254,0.03509487211704254,0.03509487211704254,0.03585102781653404,0.03721079230308533,0.03509487211704254
2021-06-02,0.036995865404605865,0.03649839758872986,0.0390271320939064,0.03483042120933533,0.037511490285396576,0.043513115495443344,0.04050750657916069,0.03483042120933533,0.03483042120933533,0.0366930291056633,0.035760704427957535,0.041161831468343735,0.03483042120933533,0.03483042120933533,0.043480366468429565,0.03653832897543907,0.03483042120933533,0.03656025603413582,0.03989741578698158,0.03572003170847893,0.03903805837035179,0.03483042120933533,0.03483042120933533,0.03483042120933533,0.03483042120933533,0.037961844354867935,0.03483042120933533
2021-06-03,0.03510801121592522,0.0371517688035965,0.038523439317941666,0.034945372492074966,0.03851908817887306,0.043366868048906326,0.03828723728656769,0.035956621170043945,0.03520084545016289,0.03587998449802399,0.034945372492074966,0.04180186614394188,0.034945372492074966,0.034945372492074966,0.04170335829257965,0.03748295083642006,0.034945372492074966,0.036163102835416794,0.04162370413541794,0.034945372492074966,0.03964542970061302,0.034945372492074966,0.034945372492074966,0.035683538764715195,0.036687519401311874,0.03670636564493179,0.034945372492074966
2021-06-04,0.03536755219101906,0.03673230856657028,0.03891286998987198,0.03502584993839264,0.03815937042236328,0.04351212829351425,0.03880278393626213,0.0356379933655262,0.03502584993839264,0.03589029237627983,0.03502584993839264,0.04113268479704857,0.03502584993839264,0.03502584993839264,0.04272842779755592,0.03740333393216133,0.03502584993839264,0.03654912859201431,0.040783464908599854,0.035137858241796494,0.03951834514737129,0.03502584993839264,0.03502584993839264,0.03564989194273949,0.03599858283996582,0.03685041889548302,0.03502584993839264
2021-06-07,0.03478303179144859,0.0398513488471508,0.037538763135671616,0.03478303179144859,0.03973431885242462,0.04374990239739418,0.0380125530064106,0.035491328686475754,0.03478303179144859,0.03478303179144859,0.03478303179144859,0.04193788766860962,0.03478303179144859,0.03478303179144859,0.04174482449889183,0.037499088793992996,0.03478303179144859,0.034967999905347824,0.04082091525197029,0.03478303179144859,0.040011655539274216,0.03478303179144859,0.03478303179144859,0.0367172434926033,0.03788048401474953,0.036645323038101196,0.03478303179144859
2021-06-08,0.03416360542178154,0.04234778881072998,0.036424729973077774,0.03416360542178154,0.04147739335894585,0.04590172320604324,0.03641628846526146,0.03483334556221962,0.03758404776453972,0.034449152648448944,0.03416360542178154,0.04574708268046379,0.03416360542178154,0.03539218381047249,0.03849770128726959,0.03416360542178154,0.03416360542178154,0.03416360542178154,0.04316708445549011,0.03416360542178154,0.04055958241224289,0.03416360542178154,0.03416360542178154,0.037032872438430786,0.038698188960552216,0.03567119687795639,0.03416360542178154
2021-06-09,0.03436623141169548,0.03751656040549278,0.03465960547327995,0.03484735265374184,0.039478786289691925,0.04318000376224518,0.03536371886730194,0.03609583154320717,0.039230674505233765,0.03612152859568596,0.03609132766723633,0.04384294152259827,0.03436623141169548,0.0363488644361496,0.039529960602521896,0.03629321604967117,0.03436623141169548,0.03714875876903534,0.0459195114672184,0.03436623141169548,0.0426487922668457,0.03436623141169548,0.03436623141169548,0.03597954288125038,0.03436623141169548,0.03477316349744797,0.03436623141169548
2021-06-10,0.03411707282066345,0.04009724035859108,0.03411707282066345,0.035798925906419754,0.04073413461446762,0.04305759817361832,0.03491630405187607,0.03495469689369202,0.03931078314781189,0.03411707282066345,0.035922709852457047,0.04401670768857002,0.03411707282066345,0.03609218820929527,0.040194347500801086,0.03614715114235878,0.03411707282066345,0.03612164780497551,0.045275889337062836,0.03411707282066345,0.0429273322224617,0.034800563007593155,0.03411707282066345,0.036991264671087265,0.035056404769420624,0.034647468477487564,0.03411707282066345
2021-06-11,0.03367939591407776,0.040398892015218735,0.03367939591407776,0.0373302660882473,0.039774276316165924,0.04088367521762848,0.03367939591407776,0.03617698326706886,0.04280760511755943,0.03367939591407776,0.03559532016515732,0.040199074894189835,0.03367939591407776,0.03367939591407776,0.0382281169295311,0.037951331585645676,0.03367939591407776,0.03744301199913025,0.05280410125851631,0.03367939591407776,0.04374697059392929,0.034338369965553284,0.03367939591407776,0.03809567913413048,0.033752985298633575,0.03367939591407776,0.03367939591407776
2021-06-14,0.03416819870471954,0.03803946077823639,0.03416819870471954,0.03791292756795883,0.03759215027093887,0.03865351527929306,0.03416819870471954,0.03632450848817825,0.040272872895002365,0.03416819870471954,0.03446361795067787,0.03727397695183754,0.03416819870471954,0.03416819870471954,0.03833301365375519,0.039286669343709946,0.034190598875284195,0.039465054869651794,0.04968209192156792,0.036034878343343735,0.046092014759778976,0.036476172506809235,0.03416819870471954,0.03633812442421913,0.036054592579603195,0.03416819870471954,0.03416819870471954
2021-06-15,0.03455758094787598,0.03526822850108147,0.03455758094787598,0.03658290579915047,0.03818385303020477,0.040137793868780136,0.03455758094787598,0.03897245600819588,0.03994003310799599,0.036154840141534805,0.03455758094787598,0.038233209401369095,0.03455758094787598,0.03455758094787598,0.03455758094787598,0.038644012063741684,0.03592795506119728,0.039691485464572906,0.05003413185477257,0.03635573759675026,0.040376003831624985,0.039388302713632584,0.03455758094787598,0.035975661128759384,0.03455758094787598,0.03455758094787598,0.03455758094787598
2021-06-16,0.034492120146751404,0.034492120146751404,0.034492120146751404,0.03560812771320343,0.039264366030693054,0.03706829622387886,0.034492120146751404,0.04092172160744667,0.040969368070364,0.03637940064072609,0.034492120146751404,0.03731861710548401,0.034492120146751404,0.034492120146751404,0.034492120146751404,0.03983475640416145,0.034492120146751404,0.0390101857483387,0.0501190721988678,0.03756720945239067,0.039756305515766144,0.04030274227261543,0.03458571061491966,0.034492120146751404,0.03738870099186897,0.034492120146751404,0.034492120146751404
2021-06-17,0.03451919183135033,0.03451919183135033,0.03451919183135033,0.034815531224012375,0.036453742533922195,0.03757409751415253,0.03451919183135033,0.038331545889377594,0.04030999541282654,0.03751728683710098,0.03520042076706886,0.0365627221763134,0.03451919183135033,0.03618180751800537,0.03451919183135033,0.04399900138378143,0.03451919183135033,0.03939375653862953,0.0503908172249794,0.03629331663250923,0.04070841148495674,0.03860234469175339,0.03724224492907524,0.03451919183135033,0.03523102402687073,0.03451919183135033,0.03451919183135033
2021-06-18,0.034668225795030594,0.034668225795030594,0.034668225795030594,0.034668225795030594,0.034668225795030594,0.038651857525110245,0.034668225795030594,0.036917347460985184,0.03905652090907097,0.039350178092718124,0.034668225795030594,0.039814189076423645,0.034668225795030594,0.03981781750917435,0.034668225795030594,0.042108722031116486,0.034964703023433685,0.03829978033900261,0.050821755081415176,0.034668225795030594,0.0415235310792923,0.036432985216379166,0.03688551113009453,0.034668225795030594,0.034668225795030594,0.034668225795030594,0.034668225795030594
2021-06-21,0.0356530100107193,0.034698039293289185,0.034698039293289185,0.034698039293289185,0.034698039293289185,0.034698039293289185,0.034698039293289185,0.03832921385765076,0.03579508513212204,0.04053114727139473,0.034698039293289185,0.03668171912431717,0.034698039293289185,0.04099336266517639,0.034698039293289185,0.04536885768175125,0.034698039293289185,0.03761954978108406,0.04246636480093002,0.034698039293289185,0.040845632553100586,0.04184598848223686,0.041898660361766815,0.034698039293289185,0.03619886189699173,0.034698039293289185,0.034698039293289185
2021-06-22,0.03460337221622467,0.03460337221622467,0.035878103226423264,0.03460337221622467,0.03710752725601196,0.03764050826430321,0.03460337221622467,0.039422158151865005,0.03793244808912277,0.03895847126841545,0.03460337221622467,0.036668963730335236,0.03460337221622467,0.040346622467041016,0.03460337221622467,0.04226839169859886,0.03460337221622467,0.038089483976364136,0.04743848741054535,0.036364175379276276,0.04002351313829422,0.03780805319547653,0.038812629878520966,0.03460337221622467,0.03460337221622467,0.03460337221622467,0.03460337221622467
2021-06-23,0.03461715951561928,0.03461715951561928,0.03589356690645218,0.03461715951561928,0.0370979942381382,0.03784067928791046,0.03461715951561928,0.039339542388916016,0.03787555173039436,0.038919299840927124,0.03461715951561928,0.03655341640114784,0.03461715951561928,0.04017702862620354,0.03461715951561928,0.04230579361319542,0.03461715951561928,0.03818357363343239,0.0473150908946991,0.03653837367892265,0.03998004272580147,0.03773697838187218,0.03883718326687813,0.03461715951561928,0.03461715951561928,0.03461715951561928,0.03461715951561928
2021-06-24,0.034616369754076004,0.034616369754076004,0.035898830741643906,0.034616369754076004,0.037104107439517975,0.037846460938453674,0.034616369754076004,0.03934013471007347,0.03788159042596817,0.03891673684120178,0.034616369754076004,0.03655946999788284,0.034616369754076004,0.0401771254837513,0.034616369754076004,0.04230315610766411,0.034616369754076004,0.03817855939269066,0.047325704246759415,0.0365322045981884,0.039975959807634354,0.037734661251306534,0.03882879763841629,0.034616369754076004,0.034616369754076004,0.034616369754076004,0.034616369754076004
2021-06-25,0.03453284874558449,0.03453284874558449,0.036520808935165405,0.03453284874558449,0.0378534235060215,0.03857040777802467,0.03453284874558449,0.03939007967710495,0.03862740844488144,0.038543686270713806,0.03453284874558449,0.03736744821071625,0.03453284874558449,0.040192194283008575,0.03453284874558449,0.04196101054549217,0.03453284874558449,0.03766276314854622,0.048669278621673584,0.03575543686747551,0.03962554410099983,0.0372856929898262,0.03758058696985245,0.03453284874558449,0.03453284874558449,0.03453284874558449,0.03453284874558449
2021-06-28,0.03925810009241104,0.037432242184877396,0.03980689495801926,0.03409070149064064,0.039108216762542725,0.04130763188004494,0.03409070149064064,0.037930622696876526,0.0390053391456604,0.03778987005352974,0.03409070149064064,0.040331557393074036,0.03409070149064064,0.03910953179001808,0.03580303490161896,0.03851846605539322,0.03409070149064064,0.03487711027264595,0.05083652213215828,0.034732069820165634,0.03796972706913948,0.03409070149064064,0.03409070149064064,0.03409070149064064,0.03527607023715973,0.03409070149064064,0.03409070149064064
2021-06-29,0.034477557986974716,0.041049785912036896,0.03828856721520424,0.034477557986974716,0.03972984477877617,0.04416960850358009,0.034477557986974716,0.03578347712755203,0.03553016111254692,0.03766059875488281,0.03496875241398811,0.04222511872649193,0.034477557986974716,0.03922414779663086,0.034664615988731384,0.037948090583086014,0.034477557986974716,0.036608047783374786,0.04964449256658554,0.034477557986974716,0.03877395763993263,0.034477557986974716,0.034477557986974716,0.034477557986974716,0.034477557986974716,0.034477557986974716,0.034477557986974716
2021-06-30,0.03429979085922241,0.03655363991856575,0.0364031158387661,0.03518106788396835,0.03775622695684433,0.04095286875963211,0.03405756875872612,0.036445293575525284,0.04015441983938217,0.036535751074552536,0.0359833650290966,0.041368309408426285,0.03405756875872612,0.03835925832390785,0.037238962948322296,0.04033822938799858,0.03405756875872612,0.03912723809480667,0.05148777738213539,0.03405756875872612,0.04123900830745697,0.03405756875872612,0.03405756875872612,0.03405756875872612,0.03405756875872612,0.03405756875872612,0.03405756875872612
2021-07-01,0.03408464789390564,0.03661559894680977,0.036357492208480835,0.03526158258318901,0.03766953572630882,0.04107215628027916,0.034071359783411026,0.03630303964018822,0.040150079876184464,0.036538127809762955,0.03599776327610016,0.04154081642627716,0.034071359783411026,0.03823360055685043,0.037222571671009064,0.040328267961740494,0.034071359783411026,0.03927543759346008,0.05142207071185112,0.034071359783411026,0.04121360182762146,0.034071359783411026,0.034071359783411026,0.034071359783411026,0.034071359783411026,0.034071359783411026,0.034071359783411026
2021-07-02,0.03393486887216568,0.04080497473478317,0.034797243773937225,0.036587394773960114,0.04083658382296562,0.04095253720879555,0.03393486887216568,0.03564595803618431,0.03831172361969948,0.03393486887216568,0.03692024201154709,0.041566986590623856,0.03393486887216568,0.0388367623090744,0.036536429077386856,0.040203601121902466,0.03393486887216568,0.03875948116183281,0.050276149064302444,0.03393486887216568,0.04174553230404854,0.03393486887216568,0.03393486887216568,0.03393486887216568,0.03393486887216568,0.03393486887216568,0.03393486887216568
2021-07-06,0.03484567627310753,0.04073267802596092,0.036328915506601334,0.03484567627310753,0.0427708625793457,0.04528604447841644,0.03484567627310753,0.035400860011577606,0.03633829951286316,0.03484567627310753,0.03484567627310753,0.042562469840049744,0.03484567627310753,0.03611546754837036,0.036120086908340454,0.03772127255797386,0.03484567627310753,0.03651620075106621,0.04835514351725578,0.03484567627310753,0.0375998355448246,0.03515808284282684,0.03484567627310753,0.03484567627310753,0.03484567627310753,0.03484567627310753,0.03484567627310753
2021-07-07,0.03491166979074478,0.03622175753116608,0.038547173142433167,0.03491166979074478,0.04098714143037796,0.044884782284498215,0.03491166979074478,0.03580333665013313,0.03977680951356888,0.036936093121767044,0.03491166979074478,0.04318960756063461,0.03491166979074478,0.03491166979074478,0.03491166979074478,0.038135018199682236,0.03491166979074478,0.03568684309720993,0.049369484186172485,0.03491166979074478,0.03493710234761238,0.036550819873809814,0.03491166979074478,0.03512226790189743,0.03491166979074478,0.03491166979074478,0.03491166979074478
2021-07-08,0.03515632823109627,0.03621605038642883,0.03967824950814247,0.03515632823109627,0.040487442165613174,0.04677673429250717,0.03515632823109627,0.03541651740670204,0.03832128271460533,0.03633245453238487,0.03515632823109627,0.0425945520401001,0.03515632823109627,0.03515632823109627,0.03554905951023102,0.038586102426052094,0.03515632823109627,0.03538692742586136,0.04697941988706589,0.03515632823109627,0.03515632823109627,0.03515632823109627,0.03515632823109627,0.03548656031489372,0.03515632823109627,0.03515632823109627,0.03515632823109627
2021-07-09,0.034967515617609024,0.03700292110443115,0.038504574447870255,0.034967515617609024,0.04125266149640083,0.04615974426269531,0.034967515617609024,0.03534042835235596,0.040446680039167404,0.03582298755645752,0.034967515617609024,0.04359334334731102,0.034967515617609024,0.034967515617609024,0.034967515617609024,0.038207896053791046,0.034967515617609024,0.034967515617609024,0.048009250313043594,0.034967515617609024,0.034967515617609024,0.03589748218655586,0.034967515617609024,0.03524932637810707,0.034967515617609024,0.034967515617609024,0.034967515617609024
2021-07-12,0.03506893292069435,0.035584792494773865,0.037730395793914795,0.03544115275144577,0.03939618542790413,0.041390933096408844,0.03506893292069435,0.0354716032743454,0.03809221833944321,0.03506893292069435,0.03617699816823006,0.0390515998005867,0.03506893292069435,0.03506893292069435,0.03960216045379639,0.04521353170275688,0.03506893292069435,0.03837309777736664,0.04565858468413353,0.035744212567806244,0.03624533489346504,0.03506893292069435,0.03506893292069435,0.03506893292069435,0.03506893292069435,0.03506893292069435,0.03506893292069435
2021-07-13,0.03506878390908241,0.03558703884482384,0.03773176670074463,0.035445306450128555,0.0393950492143631,0.04139183089137077,0.03506878390908241,0.03546997159719467,0.03809303045272827,0.03506878390908241,0.0361841656267643,0.0390506312251091,0.03506878390908241,0.03506878390908241,0.03960026428103447,0.04521714895963669,0.03506878390908241,0.03837044537067413,0.045649487525224686,0.03574543818831444,0.036243025213479996,0.03506878390908241,0.03506878390908241,0.03506878390908241,0.03506878390908241,0.03506878390908241,0.03506878390908241
2021-07-14,0.0347396545112133,0.03519977629184723,0.03676893934607506,0.03660481423139572,0.040323544293642044,0.04289526119828224,0.0347396545112133,0.036396998912096024,0.03982383385300636,0.0347396545112133,0.036812059581279755,0.03944608196616173,0.0347396545112133,0.0347396545112133,0.03735716640949249,0.04430718347430229,0.0347396545112133,0.037642985582351685,0.04770047590136528,0.03509404882788658,0.03675099089741707,0.0347396545112133,0.0347396545112133,0.0347396545112133,0.0347396545112133,0.0347396545112133,0.0347396545112133
2021-07-15,0.0346701554954052,0.03563440218567848,0.03686854615807533,0.036436066031455994,0.04128320515155792,0.042708199471235275,0.0346701554954052,0.03659439459443092,0.0402245819568634,0.0346701554954052,0.03674939274787903,0.03959354758262634,0.0346701554954052,0.0346701554954052,0.03742465376853943,0.04396723955869675,0.0346701554954052,0.037319332361221313,0.0475836880505085,0.03509337827563286,0.03647756576538086,0.0346701554954052,0.0346701554954052,0.0346701554954052,0.0346701554954052,0.0346701554954052,0.0346701554954052
2021-07-16,0.03436778858304024,0.037705086171627045,0.0374307855963707,0.03530586138367653,0.04563021659851074,0.04212885722517967,0.03436778858304024,0.03739308938384056,0.042149268090724945,0.03436778858304024,0.036405447870492935,0.04084432125091553,0.03436778858304024,0.03436778858304024,0.03752921149134636,0.04169085621833801,0.03436778858304024,0.03605782240629196,0.04676016792654991,0.03524039685726166,0.03531515225768089,0.03436778858304024,0.03436778858304024,0.03436778858304024,0.03436778858304024,0.03436778858304024,0.03436778858304024
2021-07-19,0.03440958261489868,0.03812408074736595,0.037224676460027695,0.035409390926361084,0.04532157629728317,0.04189746081829071,0.03440958261489868,0.037569671869277954,0.04222995787858963,0.03440958261489868,0.036134637892246246,0.040682848542928696,0.03440958261489868,0.03440958261489868,0.037419822067022324,0.04215361550450325,0.03440958261489868,0.03571491688489914,0.04671228677034378,0.03503015264868736,0.03545992076396942,0.03440958261489868,0.03440958261489868,0.03440958261489868,0.03440958261489868,0.03440958261489868,0.03440958261489868
2021-07-20,0.033983390778303146,0.045466888695955276,0.037198662757873535,0.033983390778303146,0.0476001501083374,0.04365721344947815,0.033983390778303146,0.037615031003952026,0.04410311579704285,0.03496301546692848,0.034178804606199265,0.045519664883613586,0.033983390778303146,0.03561670705676079,0.033983390778303146,0.03787970170378685,0.033983390778303146,0.03539964184165001,0.043520715087652206,0.033983390778303146,0.03549667075276375,0.033983390778303146,0.033983390778303146,0.033983390778303146,0.033983390778303146,0.033983390778303146,0.033983390778303146
2021-07-21,0.03380300849676132,0.04267637059092522,0.036481693387031555,0.03478167951107025,0.045259103178977966,0.040643032640218735,0.03380300849676132,0.0368293933570385,0.04465639963746071,0.03380300849676132,0.03655058145523071,0.043360672891139984,0.03380300849676132,0.03446193039417267,0.03512946516275406,0.040640365332365036,0.03380300849676132,0.035699401050806046,0.050153035670518875,0.03380300849676132,0.03701432794332504,0.03380300849676132,0.03380300849676132,0.03380300849676132,0.033829465508461,0.03380300849676132,0.03380300849676132
2021-07-22,0.03419023007154465,0.04334094747900963,0.03767843917012215,0.03483225405216217,0.044345077127218246,0.039584264159202576,0.03419023007154465,0.03598307818174362,0.04116611182689667,0.03419023007154465,0.03569069132208824,0.04135240241885185,0.03419023007154465,0.03553307428956032,0.03842326998710632,0.041563767939805984,0.03419023007154465,0.03616994619369507,0.046144742518663406,0.035225313156843185,0.036874085664749146,0.03419023007154465,0.03419023007154465,0.03419023007154465,0.03419023007154465,0.03419023007154465,0.03419023007154465
2021-07-23,0.0343930646777153,0.038413405418395996,0.03763565793633461,0.03491031378507614,0.04044700041413307,0.04056503251194954,0.0343930646777153,0.038238003849983215,0.04080956056714058,0.0343930646777153,0.0343930646777153,0.04343350976705551,0.0343930646777153,0.036411527544260025,0.03588065877556801,0.04031835123896599,0.0343930646777153,0.036203209310770035,0.05219302326440811,0.0343930646777153,0.03698009252548218,0.03484387323260307,0.0343930646777153,0.0343930646777153,0.0343930646777153,0.0343930646777153,0.0343930646777153
2021-07-26,0.03442677855491638,0.03649807348847389,0.03566502779722214,0.035867929458618164,0.04022980108857155,0.03981863334774971,0.03442677855491638,0.037298783659935,0.041529711335897446,0.03442677855491638,0.03442677855491638,0.04261443391442299,0.03442677855491638,0.03500494733452797,0.039335209876298904,0.041464611887931824,0.03442677855491638,0.03666449338197708,0.05201262608170509,0.03442677855491638,0.03773626685142517,0.035052791237831116,0.03442677855491638,0.03442677855491638,0.03451211005449295,0.03442677855491638,0.03442677855491638
2021-07-27,0.03442677482962608,0.036498069763183594,0.03566502779722214,0.035867929458618164,0.04022979736328125,0.03981863707304001,0.03442677482962608,0.037298783659935,0.04152970761060715,0.03442677482962608,0.03442677482962608,0.04261442646384239,0.03442677482962608,0.03500494360923767,0.039335209876298904,0.041464611887931824,0.03442677482962608,0.03666449710726738,0.05201262608170509,0.03442677482962608,0.03773626685142517,0.03505278751254082,0.03442677482962608,0.03442677482962608,0.03451211005449295,0.03442677482962608,0.03442677482962608
2021-07-28,0.0344306118786335,0.036519333720207214,0.03567172586917877,0.03587815538048744,0.0402352474629879,0.039849910885095596,0.0344306118786335,0.03725279122591019,0.04158085212111473,0.0344306118786335,0.0344306118786335,0.04266460984945297,0.0344306118786335,0.03501388058066368,0.03929919749498367,0.04152638465166092,0.0344306118786335,0.03664664924144745,0.051931723952293396,0.0344306118786335,0.03773673251271248,0.035025455057621,0.0344306118786335,0.0344306118786335,0.0344306118786335,0.0344306118786335,0.0344306118786335
2021-07-29,0.03700118511915207,0.035686470568180084,0.03567064180970192,0.03576178848743439,0.039470039308071136,0.04047667980194092,0.034491050988435745,0.03449966758489609,0.04086484760046005,0.034491050988435745,0.03453364595770836,0.04213797301054001,0.034491050988435745,0.03523688018321991,0.04218793287873268,0.040876854211091995,0.034491050988435745,0.03740168735384941,0.050274141132831573,0.034491050988435745,0.037569351494312286,0.03543970361351967,0.034491050988435745,0.034491050988435745,0.034491050988435745,0.034491050988435745,0.034491050988435745
2021-07-30,0.039700236171483994,0.03749385476112366,0.03505649045109749,0.035583753138780594,0.038689278066158295,0.04144039750099182,0.03571450710296631,0.03431699424982071,0.038617007434368134,0.03431699424982071,0.03522692993283272,0.0431290827691555,0.03431699424982071,0.03577501326799393,0.042975928634405136,0.038783568888902664,0.03431699424982071,0.03577834367752075,0.047544222325086594,0.03431699424982071,0.037254951894283295,0.03632631152868271,0.03431699424982071,0.03431699424982071,0.03450457379221916,0.0358695350587368,0.03431699424982071
2021-08-02,0.034060705453157425,0.03894650563597679,0.03609156981110573,0.03644120320677757,0.03985770046710968,0.038949791342020035,0.034060705453157425,0.03769228979945183,0.04127804934978485,0.034060705453157425,0.034060705453157425,0.042929116636514664,0.034060705453157425,0.03698141500353813,0.03864968195557594,0.04089267551898956,0.034060705453157425,0.03690340369939804,0.052347008138895035,0.034060705453157425,0.03925042226910591,0.034060705453157425,0.034060705453157425,0.034060705453157425,0.034060705453157425,0.034060705453157425,0.034060705453157425
2021-08-03,0.039350852370262146,0.0407106913626194,0.03498915955424309,0.03629153594374657,0.038196273148059845,0.040749479085206985,0.03656408190727234,0.03385571762919426,0.038487907499074936,0.03385571762919426,0.03613463044166565,0.04378693178296089,0.03385571762919426,0.038310907781124115,0.04210096225142479,0.038022615015506744,0.03385571762919426,0.03568468987941742,0.04745534062385559,0.03385571762919426,0.03932512551546097,0.03385571762919426,0.03385571762919426,0.03385571762919426,0.03385571762919426,0.03528168797492981,0.03385571762919426
2021-08-04,0.039050307124853134,0.04258252680301666,0.03646712750196457,0.03483190760016441,0.03971095010638237,0.04561475291848183,0.033991362899541855,0.033991362899541855,0.037828266620635986,0.033991362899541855,0.03763967379927635,0.04506426304578781,0.033991362899541855,0.039145857095718384,0.037893861532211304,0.03642917796969414,0.033991362899541855,0.03513679280877113,0.04607971012592316,0.033991362899541855,0.0386284701526165,0.033991362899541855,0.033991362899541855,0.033991362899541855,0.033991362899541855,0.033991362899541855,0.033991362899541855
2021-08-05,0.034709539264440536,0.042392075061798096,0.037654850631952286,0.03471411019563675,0.04048199579119682,0.04708200320601463,0.034709539264440536,0.034709539264440536,0.03824014216661453,0.03578552231192589,0.03585007041692734,0.046200547367334366,0.034709539264440536,0.03753131628036499,0.03496577590703964,0.03475043550133705,0.034709539264440536,0.034709539264440536,0.045622579753398895,0.034709539264440536,0.036620158702135086,0.03549985587596893,0.034709539264440536,0.034709539264440536,0.0348036028444767,0.034709539264440536,0.034709539264440536
2021-08-06,0.03431851789355278,0.04440274462103844,0.039690762758255005,0.03422006964683533,0.04292234778404236,0.04787005856633186,0.03422006964683533,0.03605546057224274,0.0399421751499176,0.036660972982645035,0.03422006964683533,0.04724998399615288,0.03422006964683533,0.034281741827726364,0.03422006964683533,0.03422006964683533,0.03422006964683533,0.03422006964683533,0.04624272137880325,0.03422006964683533,0.03496222198009491,0.03485060855746269,0.03422006964683533,0.03422006964683533,0.03568875789642334,0.03422006964683533,0.03422006964683533
2021-08-09,0.03982382267713547,0.04003717750310898,0.037784919142723083,0.03414493799209595,0.03809644654393196,0.046927616000175476,0.03414493799209595,0.03414493799209595,0.038125645369291306,0.03585539758205414,0.036926284432411194,0.044895268976688385,0.03414493799209595,0.03614848479628563,0.03804946318268776,0.034907858818769455,0.03414493799209595,0.03550058603286743,0.04797568544745445,0.03414493799209595,0.039176732301712036,0.03414493799209595,0.03414493799209595,0.03414493799209595,0.03414493799209595,0.03417431190609932,0.03414493799209595
2021-08-10,0.03462030738592148,0.040549688041210175,0.03985501825809479,0.03462030738592148,0.03932929039001465,0.048876892775297165,0.03462030738592148,0.03574763610959053,0.03737562149763107,0.0377768836915493,0.03462030738592148,0.0460735522210598,0.03462030738592148,0.03539451211690903,0.03462030738592148,0.034637514501810074,0.03462030738592148,0.03462030738592148,0.047599345445632935,0.03462030738592148,0.036322955042123795,0.0357767716050148,0.03462030738592148,0.03462030738592148,0.03462030738592148,0.03462030738592148,0.03462030738592148
2021-08-11,0.03500945121049881,0.04461356997489929,0.03984757885336876,0.03424960747361183,0.0421183742582798,0.05082622915506363,0.03424960747361183,0.03424960747361183,0.03791218623518944,0.03604976832866669,0.03424960747361183,0.045808035880327225,0.03424960747361183,0.03424960747361183,0.035334549844264984,0.03424960747361183,0.03424960747361183,0.03424960747361183,0.04541737958788872,0.03424960747361183,0.0353558287024498,0.03549953177571297,0.03424960747361183,0.03671296685934067,0.03424960747361183,0.03424960747361183,0.03424960747361183
2021-08-12,0.03766163811087608,0.04477633163332939,0.03739483654499054,0.03373370319604874,0.04676702618598938,0.043799251317977905,0.0358831025660038,0.03373370319604874,0.03790184110403061,0.03373370319604874,0.03489552438259125,0.04487438127398491,0.03373370319604874,0.03731516748666763,0.04078325629234314,0.03373370319604874,0.03373370319604874,0.03373370319604874,0.04259539023041725,0.03373370319604874,0.03773639351129532,0.03373370319604874,0.03373370319604874,0.034700293093919754,0.038111113011837006,0.03373370319604874,0.03373370319604874
2021-08-13,0.037192974239587784,0.0421413779258728,0.03684414178133011,0.03413975611329079,0.04213792458176613,0.04500652477145195,0.03674875199794769,0.03413975611329079,0.03594537451863289,0.03413975611329079,0.03536263480782509,0.04447212442755699,0.03413975611329079,0.03832925856113434,0.041028618812561035,0.03413975611329079,0.03413975611329079,0.03413975611329079,0.04258669167757034,0.03413975611329079,0.0402819886803627,0.03432249650359154,0.03413975611329079,0.03413975611329079,0.03687242418527603,0.035189300775527954,0.03413975611329079
2021-08-16,0.03829485923051834,0.04189395159482956,0.03673769161105156,0.03433890640735626,0.04065661132335663,0.04457112029194832,0.035474155098199844,0.03411216661334038,0.036897722631692886,0.03411216661334038,0.03640653192996979,0.04497862607240677,0.03411216661334038,0.039505671709775925,0.03919097036123276,0.035844895988702774,0.03411216661334038,0.03514626622200012,0.04561812803149223,0.03411216661334038,0.03910902142524719,0.03412357345223427,0.03411216661334038,0.03411216661334038,0.03411216661334038,0.03420175984501839,0.03411216661334038
2021-08-17,0.03881007432937622,0.04219608008861542,0.03655774146318436,0.03490237146615982,0.03977683186531067,0.04558088630437851,0.03405579924583435,0.03405579924583435,0.03757115826010704,0.03405579924583435,0.037044964730739594,0.04466112703084946,0.03405579924583435,0.03890528529882431,0.03861604630947113,0.035380445420742035,0.03405579924583435,0.03517882525920868,0.046947579830884933,0.03405579924583435,0.039081789553165436,0.03417501226067543,0.03405579924583435,0.03405579924583435,0.03405579924583435,0.03405579924583435,0.03405579924583435
2021-08-18,0.036745425313711166,0.03918243572115898,0.03671064227819443,0.03605392947793007,0.03756150230765343,0.04371313750743866,0.03614067658782005,0.034566160291433334,0.0352589450776577,0.034566160291433334,0.03737088292837143,0.04206714406609535,0.034566160291433334,0.034925274550914764,0.04136781394481659,0.03933615982532501,0.034566160291433334,0.03772292286157608,0.04379166290163994,0.03527699410915375,0.039524126797914505,0.034566160291433334,0.034566160291433334,0.034566160291433334,0.034566160291433334,0.03615489602088928,0.034566160291433334
2021-08-19,0.03450784087181091,0.0380919948220253,0.04062478244304657,0.03450784087181091,0.039861101657152176,0.046224649995565414,0.03450784087181091,0.037400733679533005,0.0384555421769619,0.0401022732257843,0.03450784087181091,0.044549185782670975,0.03450784087181091,0.03450784087181091,0.03450784087181091,0.03640887513756752,0.03450784087181091,0.035800278186798096,0.04844753071665764,0.03450784087181091,0.03641536086797714,0.03450784087181091,0.03450784087181091,0.03450784087181091,0.03450784087181091,0.03450784087181091,0.03450784087181091
2021-08-20,0.03446011245250702,0.040006961673498154,0.037896912544965744,0.03446011245250702,0.04210953414440155,0.04576247185468674,0.03446011245250702,0.037937283515930176,0.03979923948645592,0.039220914244651794,0.03446011245250702,0.04509959742426872,0.03446011245250702,0.03446011245250702,0.03446011245250702,0.038453537970781326,0.03446011245250702,0.0375874862074852,0.042088832706213,0.03446011245250702,0.036468975245952606,0.035126663744449615,0.03446011245250702,0.03446011245250702,0.03446011245250702,0.03446011245250702,0.03446011245250702
2021-08-23,0.03424223139882088,0.04308944568037987,0.03669658675789833,0.03424223139882088,0.045004598796367645,0.045482341200113297,0.03424223139882088,0.03791068494319916,0.04081340879201889,0.03631727769970894,0.03424223139882088,0.045613013207912445,0.03424223139882088,0.03424223139882088,0.03424223139882088,0.03850039094686508,0.03424223139882088,0.03732550889253616,0.042099468410015106,0.03424223139882088,0.03692787140607834,0.03482817858457565,0.03424223139882088,0.03424223139882088,0.03424223139882088,0.03424223139882088,0.03424223139882088
2021-08-24,0.03492450714111328,0.03670196607708931,0.03855292871594429,0.03492450714111328,0.041207123547792435,0.04571961611509323,0.03492450714111328,0.035448040813207626,0.04017401859164238,0.03634865954518318,0.03492450714111328,0.04350399225950241,0.03492450714111328,0.03492450714111328,0.03492450714111328,0.038187216967344284,0.03492450714111328,0.03521715849637985,0.0486445389688015,0.03492450714111328,0.03492450714111328,0.036164432764053345,0.03492450714111328,0.035187214612960815,0.03492450714111328,0.03492450714111328,0.03492450714111328
2021-08-25,0.035068076103925705,0.035068076103925705,0.040251702070236206,0.035068076103925705,0.03822503983974457,0.0454898327589035,0.035068076103925705,0.03689787909388542,0.03774623945355415,0.03926640376448631,0.035068076103925705,0.043018776923418045,0.035068076103925705,0.035068076103925705,0.035068076103925705,0.037119556218385696,0.035068076103925705,0.036004699766635895,0.04859862104058266,0.035068076103925705,0.035068076103925705,0.03629205375909805,0.035068076103925705,0.035068076103925705,0.035068076103925705,0.035068076103925705,0.035068076103925705
2021-08-26,0.03457667678594589,0.03765859827399254,0.04059271886944771,0.03457667678594589,0.0387750007212162,0.04533739760518074,0.03457667678594589,0.0367247648537159,0.03826303407549858,0.039626989513635635,0.03457667678594589,0.04333624243736267,0.03457667678594589,0.03731445595622063,0.03457667678594589,0.03725985437631607,0.03457667678594589,0.035617854446172714,0.049814313650131226,0.03457667678594589,0.03560524061322212,0.03457667678594589,0.03457667678594589,0.03457667678594589,0.03457667678594589,0.03457667678594589,0.03457667678594589
2021-08-27,0.03457796201109886,0.037650685757398605,0.04059264063835144,0.03457796201109886,0.038771647959947586,0.045333269983530045,0.03457796201109886,0.03672350198030472,0.038262028247117996,0.03962494805455208,0.03457796201109886,0.04333114251494408,0.03457796201109886,0.037320371717214584,0.03457796201109886,0.037263546139001846,0.03457796201109886,0.0356181263923645,0.04981661215424538,0.03457796201109886,0.0355999581515789,0.03457796201109886,0.03457796201109886,0.03457796201109886,0.03457796201109886,0.03457796201109886,0.03457796201109886
2021-08-30,0.03480890393257141,0.036118943244218826,0.04060663282871246,0.03480890393257141,0.03872057795524597,0.04542941972613335,0.03480890393257141,0.03692229837179184,0.03826868161559105,0.03951384872198105,0.03480890393257141,0.043347593396902084,0.03480890393257141,0.035955410450696945,0.03480890393257141,0.03730880841612816,0.03480890393257141,0.03585930913686752,0.049530621618032455,0.03480890393257141,0.034969888627529144,0.03493223711848259,0.03480890393257141,0.03480890393257141,0.03480890393257141,0.03480890393257141,0.03480890393257141
2021-08-31,0.034581564366817474,0.03765196353197098,0.040619224309921265,0.034581564366817474,0.03875553607940674,0.045356228947639465,0.034581564366817474,0.03672059252858162,0.0382203534245491,0.039629463106393814,0.034581564366817474,0.04331430420279503,0.034581564366817474,0.03731679171323776,0.034581564366817474,0.03726930916309357,0.034581564366817474,0.03562098741531372,0.049781616777181625,0.034581564366817474,0.035601794719696045,0.034581564366817474,0.034581564366817474,0.034581564366817474,0.034581564366817474,0.034581564366817474,0.034581564366817474
2021-09-01,0.03459063544869423,0.03764111176133156,0.04067341610789299,0.03459063544869423,0.038723174482584,0.04540308564901352,0.03459063544869423,0.03671662136912346,0.03813767433166504,0.039637546986341476,0.03459063544869423,0.04328087344765663,0.03459063544869423,0.037298016250133514,0.03459063544869423,0.03728129714727402,0.03459063544869423,0.035628728568553925,0.04970960319042206,0.03459063544869423,0.035599999129772186,0.03459063544869423,0.03459063544869423,0.03459063544869423,0.03459063544869423,0.03459063544869423,0.03459063544869423
2021-09-02,0.03521081805229187,0.03521081805229187,0.04131382331252098,0.03521081805229187,0.03712376952171326,0.04329347610473633,0.03521081805229187,0.03665747493505478,0.03558078035712242,0.03797514736652374,0.03521081805229187,0.03958775848150253,0.03527432680130005,0.0361245721578598,0.036858171224594116,0.041094664484262466,0.03521081805229187,0.03832317516207695,0.04769343137741089,0.03521081805229187,0.03535880148410797,0.03521081805229187,0.03521081805229187,0.03521081805229187,0.03521081805229187,0.03521081805229187,0.03521081805229187
2021-09-03,0.03499322757124901,0.03720325604081154,0.03942873328924179,0.03499322757124901,0.03879676014184952,0.04201193153858185,0.03499322757124901,0.03616417199373245,0.03631053864955902,0.03613732382655144,0.03499322757124901,0.039929404854774475,0.036248791962862015,0.03614933788776398,0.03704938292503357,0.04254264757037163,0.03499322757124901,0.03800103813409805,0.04750611633062363,0.03499322757124901,0.036601848900318146,0.03499322757124901,0.03499322757124901,0.03499322757124901,0.03499322757124901,0.03499322757124901,0.03499322757124901
2021-09-07,0.03499322757124901,0.03720325231552124,0.03942872956395149,0.03499322757124901,0.03879675641655922,0.04201193526387215,0.03499322757124901,0.03616417199373245,0.03631054237484932,0.036137327551841736,0.03499322757124901,0.039929408580064774,0.03624878078699112,0.03614933788776398,0.03704937919974327,0.04254264384508133,0.03499322757124901,0.038001034408807755,0.047506120055913925,0.03499322757124901,0.03660184517502785,0.03499322757124901,0.03499322757124901,0.03499322757124901,0.03499322757124901,0.03499322757124901,0.03499322757124901
2021-09-08,0.035025935620069504,0.036388128995895386,0.040575455874204636,0.035025935620069504,0.03782721981406212,0.04765291139483452,0.035025935620069504,0.036542102694511414,0.03539598733186722,0.04100000113248825,0.035025935620069504,0.04178555682301521,0.035025935620069504,0.03672156110405922,0.03575052693486214,0.03852267190814018,0.035025935620069504,0.03691595792770386,0.04411020129919052,0.035025935620069504,0.03547456115484238,0.035025935620069504,0.035025935620069504,0.035025935620069504,0.035025935620069504,0.035025935620069504,0.035025935620069504
2021-09-09,0.0346650630235672,0.03739141672849655,0.03883921727538109,0.0346650630235672,0.038917168974876404,0.045961420983076096,0.0346650630235672,0.03660256043076515,0.03793405741453171,0.04075698181986809,0.0346650630235672,0.04306228831410408,0.0346650630235672,0.037629108875989914,0.0346650630235672,0.03816914185881615,0.0346650630235672,0.036519840359687805,0.047175340354442596,0.0346650630235672,0.03573054447770119,0.0346650630235672,0.0346650630235672,0.0346650630235672,0.0346650630235672,0.0346650630235672,0.0346650630235672
2021-09-10,0.03491608053445816,0.036192577332258224,0.03966841101646423,0.035162150859832764,0.03750745952129364,0.044602442532777786,0.03491608053445816,0.03679456561803818,0.03491608053445816,0.03942978009581566,0.03491608053445816,0.04177671670913696,0.03491608053445816,0.03656654804944992,0.03491608053445816,0.04051317647099495,0.03491608053445816,0.03751771152019501,0.049295950680971146,0.03491608053445816,0.03614737465977669,0.03491608053445816,0.03491608053445816,0.03491608053445816,0.03491608053445816,0.03491608053445816,0.03491608053445816
2021-09-13,0.03463927283883095,0.03463927283883095,0.03888171166181564,0.03463927283883095,0.034710466861724854,0.04109423980116844,0.03463927283883095,0.03695150092244148,0.03719569742679596,0.03930019587278366,0.034923989325761795,0.036385755985975266,0.03463927283883095,0.042540326714515686,0.03463927283883095,0.03906730189919472,0.03463927283883095,0.03523602336645126,0.046786222606897354,0.037405405193567276,0.03770648315548897,0.03699543699622154,0.04378723353147507,0.03463927283883095,0.03463927283883095,0.03463927283883095,0.03463927283883095
2021-09-14,0.03517868369817734,0.03573327884078026,0.03885139524936676,0.03517868369817734,0.03910050168633461,0.03805500268936157,0.03517868369817734,0.04058123007416725,0.036482252180576324,0.03776721656322479,0.03517868369817734,0.035330209881067276,0.03517868369817734,0.03745625168085098,0.03517868369817734,0.03687502071261406,0.03517868369817734,0.035300444811582565,0.04263849928975105,0.03960711136460304,0.036297671496868134,0.036125607788562775,0.041642703115940094,0.03985127806663513,0.035696178674697876,0.03517868369817734,0.03517868369817734
2021-09-15,0.0347328744828701,0.0347328744828701,0.03708138316869736,0.0347328744828701,0.036437589675188065,0.03910255432128906,0.0347328744828701,0.04083340987563133,0.0382298044860363,0.0366545096039772,0.0347328744828701,0.03740956634283066,0.0347328744828701,0.04018990695476532,0.0347328744828701,0.036884065717458725,0.0347328744828701,0.035205718129873276,0.046761397272348404,0.03785288706421852,0.03828061744570732,0.03872334584593773,0.04118816554546356,0.03710342198610306,0.0347328744828701,0.0347328744828701,0.0347328744828701
2021-09-16,0.03465885668992996,0.03465885668992996,0.036898016929626465,0.03465885668992996,0.036115869879722595,0.03518912196159363,0.03465885668992996,0.037834636867046356,0.034885793924331665,0.037236232310533524,0.03465885668992996,0.035195931792259216,0.03465885668992996,0.038562219589948654,0.03465885668992996,0.042768239974975586,0.03465885668992996,0.036677632480859756,0.04750187322497368,0.04093332961201668,0.03780428320169449,0.04088197648525238,0.041280440986156464,0.03489002585411072,0.038755837827920914,0.03465885668992996,0.03465885668992996
2021-09-17,0.03479494899511337,0.03479494899511337,0.03633644059300423,0.03479494899511337,0.03612098842859268,0.038300398737192154,0.03479494899511337,0.03756408393383026,0.03685351088643074,0.03611275553703308,0.03479494899511337,0.03745153173804283,0.03479494899511337,0.03823100030422211,0.03479494899511337,0.04044581577181816,0.03479494899511337,0.039353951811790466,0.04785173758864403,0.039302241057157516,0.03764821216464043,0.039799559861421585,0.038869552314281464,0.03701385110616684,0.03479494899511337,0.03479494899511337,0.03479494899511337
2021-09-20,0.03480004891753197,0.03480004891753197,0.03598403185606003,0.03480004891753197,0.03480004891753197,0.041922565549612045,0.03480004891753197,0.035268619656562805,0.0390714593231678,0.041351817548274994,0.03480004891753197,0.03799278289079666,0.03480004891753197,0.042641766369342804,0.03480004891753197,0.039801061153411865,0.03480004891753197,0.03846381977200508,0.04405970871448517,0.03520664572715759,0.039161186665296555,0.03722511604428291,0.0394488200545311,0.03480004891753197,0.03480004891753197,0.03480004891753197,0.03480004891753197
2021-09-21,0.03459024801850319,0.03459024801850319,0.03562868386507034,0.03459024801850319,0.03459024801850319,0.03658187389373779,0.03459024801850319,0.038753803819417953,0.04205991327762604,0.04096485301852226,0.03459024801850319,0.03843130171298981,0.03459024801850319,0.046245068311691284,0.03459024801850319,0.03911750391125679,0.03459024801850319,0.035454053431749344,0.0426497645676136,0.03459024801850319,0.03908296301960945,0.03784143179655075,0.04292535036802292,0.03459024801850319,0.03459024801850319,0.03459024801850319,0.03459024801850319
2021-09-22,0.03462028503417969,0.03462028503417969,0.035424940288066864,0.03462028503417969,0.03463750332593918,0.03636897727847099,0.03462028503417969,0.03970688581466675,0.04251508414745331,0.03994113579392433,0.03462028503417969,0.039012610912323,0.03462028503417969,0.046587761491537094,0.03462028503417969,0.03891415521502495,0.034739792346954346,0.03502846509218216,0.042708851397037506,0.03462028503417969,0.03962481766939163,0.037465546280145645,0.04188007116317749,0.03462028503417969,0.03462028503417969,0.03462028503417969,0.03462028503417969
2021-09-23,0.0348934605717659,0.0348934605717659,0.03675936535000801,0.0348934605717659,0.03561781346797943,0.04003637656569481,0.0348934605717659,0.040265556424856186,0.038620978593826294,0.0375455804169178,0.0348934605717659,0.041562728583812714,0.0348934605717659,0.04104960709810257,0.0348934605717659,0.038393788039684296,0.0348934605717659,0.03606173023581505,0.04748259857296944,0.0348934605717659,0.03918614238500595,0.03571805730462074,0.03685848042368889,0.03611965477466583,0.0348934605717659,0.0348934605717659,0.0348934605717659
2021-09-24,0.03502300754189491,0.037335872650146484,0.03604470193386078,0.03908420726656914,0.035242900252342224,0.04353497922420502,0.03502300754189491,0.03778563067317009,0.03576706722378731,0.035058535635471344,0.03502300754189491,0.04062558338046074,0.03502300754189491,0.03519175574183464,0.03745004162192345,0.03875875845551491,0.03502300754189491,0.0369919054210186,0.04950076714158058,0.03502300754189491,0.04135120287537575,0.03502300754189491,0.03502300754189491,0.03502300754189491,0.03502300754189491,0.03502300754189491,0.03502300754189491
2021-09-27,0.03521851822733879,0.03618529438972473,0.03768008574843407,0.03935610130429268,0.03521851822733879,0.044712357223033905,0.03521851822733879,0.03788169473409653,0.03521851822733879,0.03521851822733879,0.03521851822733879,0.038379184901714325,0.03521851822733879,0.03521851822733879,0.03951490297913551,0.03915971517562866,0.03521851822733879,0.03713347017765045,0.045761365443468094,0.03521851822733879,0.04073955491185188,0.03521851822733879,0.03521851822733879,0.03521851822733879,0.03521851822733879,0.03521851822733879,0.03521851822733879
2021-09-28,0.035432782024145126,0.0387682281434536,0.035432782024145126,0.039695750921964645,0.035432782024145126,0.04128853604197502,0.035432782024145126,0.0375712625682354,0.035432782024145126,0.03543873503804207,0.035432782024145126,0.03697586804628372,0.035432782024145126,0.035432782024145126,0.03954501077532768,0.04271167889237404,0.035432782024145126,0.037139490246772766,0.041721079498529434,0.035432782024145126,0.040678590536117554,0.035432782024145126,0.03679865226149559,0.035432782024145126,0.03560815379023552,0.035432782024145126,0.035432782024145126
2021-09-29,0.03639669716358185,0.03485148400068283,0.03485148400068283,0.03794367238879204,0.03528054431080818,0.03485148400068283,0.03485148400068283,0.03975831717252731,0.04030538722872734,0.039952341467142105,0.0373392328619957,0.03601394221186638,0.03485148400068283,0.03906825929880142,0.03569567948579788,0.04041523486375809,0.03940090909600258,0.0384870320558548,0.03808001056313515,0.03485148400068283,0.041662123054265976,0.038068726658821106,0.03580627962946892,0.03485148400068283,0.03485148400068283,0.03485148400068283,0.036662276834249496
2021-09-30,0.036333147436380386,0.035470880568027496,0.035470880568027496,0.0367153026163578,0.035470880568027496,0.03656359761953354,0.035470880568027496,0.039860114455223083,0.03896257281303406,0.042241428047418594,0.035470880568027496,0.04074385389685631,0.035470880568027496,0.037126246839761734,0.035470880568027496,0.03855010122060776,0.03866695985198021,0.037471503019332886,0.03655261546373367,0.035470880568027496,0.04055452719330788,0.0362493097782135,0.035470880568027496,0.035470880568027496,0.035470880568027496,0.035470880568027496,0.037758175283670425
2021-10-01,0.03498277813196182,0.03498277813196182,0.03498277813196182,0.038016073405742645,0.03498277813196182,0.03498277813196182,0.03498277813196182,0.037067703902721405,0.03828785568475723,0.040407802909612656,0.0355403758585453,0.03867468982934952,0.03498277813196182,0.03762771189212799,0.03622987121343613,0.042329370975494385,0.0387720987200737,0.040474407374858856,0.03877615928649902,0.03498277813196182,0.04314598813652992,0.03730478137731552,0.03498277813196182,0.03498277813196182,0.03498277813196182,0.03498277813196182,0.03755182772874832
2021-10-04,0.03534536063671112,0.03534536063671112,0.03534536063671112,0.03679757937788963,0.03534536063671112,0.03534536063671112,0.03534536063671112,0.0370134674012661,0.03534536063671112,0.03923633694648743,0.03534536063671112,0.03907747194170952,0.03534536063671112,0.03787100687623024,0.03735096752643585,0.046529483050107956,0.03534536063671112,0.040074367076158524,0.040384385734796524,0.03534536063671112,0.0425558015704155,0.037254635244607925,0.03534536063671112,0.03534536063671112,0.035674087703228,0.03534536063671112,0.03534536063671112
2021-10-05,0.03534053638577461,0.03534053638577461,0.03534053638577461,0.03677453100681305,0.03534053638577461,0.03534053638577461,0.03534053638577461,0.03705613687634468,0.03534053638577461,0.039219051599502563,0.03534053638577461,0.03898819908499718,0.03534053638577461,0.037897124886512756,0.037380754947662354,0.04652853310108185,0.03534053638577461,0.04001070559024811,0.04041047394275665,0.03534053638577461,0.042524900287389755,0.03729565814137459,0.03534053638577461,0.03534053638577461,0.035805851221084595,0.03534053638577461,0.03534053638577461
2021-10-06,0.03519843891263008,0.03519843891263008,0.03519843891263008,0.03771190717816353,0.03519843891263008,0.03519843891263008,0.03519843891263008,0.035530753433704376,0.03519843891263008,0.03692232444882393,0.03528277948498726,0.035572510212659836,0.03519843891263008,0.03626257926225662,0.03965196758508682,0.050470806658267975,0.03519843891263008,0.042614344507455826,0.04072386026382446,0.03558242321014404,0.0416383221745491,0.03781192749738693,0.03519843891263008,0.03519843891263008,0.03664373978972435,0.03519843891263008,0.03519843891263008
2021-10-07,0.03538108244538307,0.03538108244538307,0.03538108244538307,0.035887397825717926,0.03538108244538307,0.036203864961862564,0.03538108244538307,0.03565921634435654,0.03538108244538307,0.039308857172727585,0.03538108244538307,0.03705163672566414,0.03538108244538307,0.037873294204473495,0.04028981178998947,0.0452749989926815,0.03538108244538307,0.04024593159556389,0.039499107748270035,0.03538108244538307,0.04374039173126221,0.03715378791093826,0.03538108244538307,0.03538108244538307,0.036476463079452515,0.03538108244538307,0.03538108244538307
2021-10-08,0.034988999366760254,0.043282464146614075,0.03544420376420021,0.03904389590024948,0.037334468215703964,0.04060084745287895,0.034988999366760254,0.036042142659425735,0.034988999366760254,0.034988999366760254,0.03698182851076126,0.03682214021682739,0.034988999366760254,0.034988999366760254,0.04048475995659828,0.045587535947561264,0.034988999366760254,0.036027807742357254,0.042809806764125824,0.03506506606936455,0.03849995136260986,0.034988999366760254,0.034988999366760254,0.034988999366760254,0.036105189472436905,0.034988999366760254,0.034988999366760254
2021-10-11,0.035399429500103,0.04040820151567459,0.037647001445293427,0.035399429500103,0.035399429500103,0.04141129180788994,0.035399429500103,0.03591194003820419,0.035468243062496185,0.0372169129550457,0.035399429500103,0.03713405504822731,0.035399429500103,0.03623993694782257,0.04174181446433067,0.04240625351667404,0.035399429500103,0.03632465377449989,0.04255019128322601,0.03654290735721588,0.03880397602915764,0.035399429500103,0.035399429500103,0.035399429500103,0.035399429500103,0.035399429500103,0.035399429500103
2021-10-12,0.03472983464598656,0.04008664935827255,0.03695474937558174,0.03755957633256912,0.03809507191181183,0.04599357768893242,0.034316740930080414,0.03535525128245354,0.0361306332051754,0.03594053164124489,0.03630394488573074,0.044934265315532684,0.034316740930080414,0.03533439710736275,0.03482545539736748,0.03854385018348694,0.034316740930080414,0.035876546055078506,0.049925316125154495,0.034316740930080414,0.039552848786115646,0.034316740930080414,0.034316740930080414,0.034316740930080414,0.03500683233141899,0.034316740930080414,0.034316740930080414
2021-10-13,0.04052075743675232,0.040988847613334656,0.03989312797784805,0.03410046175122261,0.03823242336511612,0.03962302953004837,0.03410046175122261,0.04046935588121414,0.03782607242465019,0.03652610629796982,0.03410046175122261,0.042785272002220154,0.03410046175122261,0.03679347783327103,0.03664154186844826,0.03570672869682312,0.03410046175122261,0.03410046175122261,0.04898585379123688,0.03410046175122261,0.038235850632190704,0.03410046175122261,0.03410046175122261,0.03410046175122261,0.03756605461239815,0.03410046175122261,0.03410046175122261
2021-10-14,0.03900068998336792,0.03793945536017418,0.0396258644759655,0.034043002873659134,0.039160262793302536,0.04181329160928726,0.034043002873659134,0.037879828363657,0.039066165685653687,0.03786810114979744,0.034043002873659134,0.04076752811670303,0.034043002873659134,0.037751372903585434,0.035970333963632584,0.03791143745183945,0.034043002873659134,0.034832663834095,0.050806064158678055,0.035043682903051376,0.03871380165219307,0.034043002873659134,0.034043002873659134,0.034043002873659134,0.03541942685842514,0.034043002873659134,0.034043002873659134
2021-10-15,0.03594118356704712,0.03864453360438347,0.039125844836235046,0.03421308845281601,0.03818140923976898,0.04377659037709236,0.03421308845281601,0.03615598380565643,0.0388793908059597,0.03817125782370567,0.03421308845281601,0.042722273617982864,0.03421308845281601,0.03811277449131012,0.03578561544418335,0.037996429949998856,0.03421308845281601,0.036495454609394073,0.050982650369405746,0.03421308845281601,0.038471516221761703,0.03421308845281601,0.03421308845281601,0.03421308845281601,0.03421308845281601,0.03421308845281601,0.03421308845281601
2021-10-18,0.03635679557919502,0.044129714369773865,0.03666044771671295,0.03499588370323181,0.04043183848261833,0.044609345495700836,0.03409034386277199,0.03459998220205307,0.03896378353238106,0.03409034386277199,0.03570381924510002,0.04519064724445343,0.03409034386277199,0.038674622774124146,0.03722793236374855,0.035985950380563736,0.03409034386277199,0.03441588953137398,0.04779389873147011,0.03409034386277199,0.038913000375032425,0.03409034386277199,0.03409034386277199,0.03409034386277199,0.03444299101829529,0.03409034386277199,0.03409034386277199
2021-10-19,0.039135366678237915,0.04364212974905968,0.037513818591833115,0.03426627814769745,0.0405314564704895,0.042653899639844894,0.034034669399261475,0.03570736199617386,0.03824291005730629,0.034034669399261475,0.035070519894361496,0.04329443722963333,0.034034669399261475,0.038990121334791183,0.03694583475589752,0.036723554134368896,0.034034669399261475,0.034034669399261475,0.04761197045445442,0.034034669399261475,0.038397591561079025,0.034052032977342606,0.034034669399261475,0.034034669399261475,0.03687402978539467,0.034034669399261475,0.034034669399261475
2021-10-20,0.03504956513643265,0.04875493422150612,0.03741468861699104,0.03436986729502678,0.04292815178632736,0.04341989383101463,0.03436986729502678,0.03436986729502678,0.03753761574625969,0.034496553242206573,0.03436986729502678,0.0453244112432003,0.03436986729502678,0.038273993879556656,0.036300674080848694,0.03436986729502678,0.03436986729502678,0.03436986729502678,0.04520431160926819,0.03436986729502678,0.038550473749637604,0.03436986729502678,0.03436986729502678,0.03436986729502678,0.03556663170456886,0.03436986729502678,0.03436986729502678
2021-10-21,0.03707373887300491,0.04625497758388519,0.037028901278972626,0.034422390162944794,0.04310118779540062,0.04054052010178566,0.03540060669183731,0.034422390162944794,0.037770047783851624,0.034422390162944794,0.034422390162944794,0.04385339841246605,0.034422390162944794,0.037761591374874115,0.03835531696677208,0.03581234812736511,0.034422390162944794,0.0355629064142704,0.04485812783241272,0.034882307052612305,0.036915067583322525,0.03571502864360809,0.034422390162944794,0.034422390162944794,0.03488998860120773,0.034422390162944794,0.034422390162944794
2021-10-22,0.034830134361982346,0.042269300669431686,0.039303991943597794,0.034830134361982346,0.043162256479263306,0.04163920134305954,0.034830134361982346,0.034830134361982346,0.036535851657390594,0.035298511385917664,0.034830134361982346,0.04233721271157265,0.034830134361982346,0.03560827299952507,0.034830134361982346,0.03964362293481827,0.034830134361982346,0.03752977028489113,0.04794914647936821,0.034830134361982346,0.03548127040266991,0.03483452647924423,0.034830134361982346,0.03561534360051155,0.034830134361982346,0.034830134361982346,0.034830134361982346
2021-10-25,0.035317011177539825,0.034983884543180466,0.03616170585155487,0.03469861298799515,0.03985368832945824,0.04028869792819023,0.03469861298799515,0.03469861298799515,0.0397266261279583,0.03469861298799515,0.035266194492578506,0.0403466559946537,0.03469861298799515,0.03548924997448921,0.04000527411699295,0.04174165427684784,0.03469861298799515,0.0392129085958004,0.04963652044534683,0.03603095933794975,0.03674066811800003,0.03751359507441521,0.03469861298799515,0.03469861298799515,0.03469861298799515,0.03469861298799515,0.03469861298799515
2021-10-26,0.034362513571977615,0.04489409178495407,0.03843570873141289,0.034362513571977615,0.042877547442913055,0.043168533593416214,0.034362513571977615,0.034362513571977615,0.03742305934429169,0.035795241594314575,0.034362513571977615,0.04348299279808998,0.034362513571977615,0.0384436659514904,0.03665192052721977,0.035262808203697205,0.034362513571977615,0.035536911338567734,0.04812254011631012,0.034362513571977615,0.038829781115055084,0.034362513571977615,0.034362513571977615,0.034362513571977615,0.034362513571977615,0.034362513571977615,0.034362513571977615
2021-10-27,0.03555198013782501,0.03472941368818283,0.03613128513097763,0.03464914485812187,0.03993598371744156,0.04023398086428642,0.03464914485812187,0.03464914485812187,0.04007783159613609,0.03464914485812187,0.03555911034345627,0.04036116600036621,0.03464914485812187,0.03539083153009415,0.04022001102566719,0.04193033277988434,0.03464914485812187,0.03916314244270325,0.04965602979063988,0.03595100715756416,0.03663098067045212,0.03733627870678902,0.03464914485812187,0.03464914485812187,0.03464914485812187,0.03464914485812187,0.03464914485812187
2021-10-28,0.03561709448695183,0.03894095867872238,0.03719474747776985,0.034321706742048264,0.04551183059811592,0.03993874043226242,0.034321706742048264,0.034371208399534225,0.04240921884775162,0.034321706742048264,0.03522592782974243,0.041894108057022095,0.034321706742048264,0.03433224931359291,0.040027882903814316,0.0388987697660923,0.034321706742048264,0.03700569272041321,0.04900089651346207,0.03608947992324829,0.03503769263625145,0.03505905345082283,0.034321706742048264,0.034321706742048264,0.03454909101128578,0.034321706742048264,0.034321706742048264
2021-10-29,0.034157246351242065,0.04213951900601387,0.037079013884067535,0.03401334211230278,0.045619744807481766,0.03812171146273613,0.03401334211230278,0.03710547089576721,0.042400773614645004,0.03401334211230278,0.03419579192996025,0.04194378852844238,0.03401334211230278,0.035451363772153854,0.03777039423584938,0.04022877290844917,0.03401334211230278,0.036069031804800034,0.049345482140779495,0.03502892330288887,0.03657005727291107,0.03401334211230278,0.03401334211230278,0.03401334211230278,0.036639515310525894,0.03401334211230278,0.03401334211230278
