date,ticker,side,size,price,value,comm
2020-07-02,AAPL,BUY,593,89.08516372432459,52827.50208852448,52.827502088524476
2020-07-02,AMGN,BUY,159,210.2008178796387,33421.93004286255,33.421930042862556
2020-07-02,AXP,BUY,380,90.15380576192044,34258.446189529765,34.258446189529764
2020-07-02,BA,BUY,184,185.67279183197022,34163.79369708252,34.16379369708252
2020-07-02,CAT,BUY,295,114.61940580512125,33812.72471251077,33.812724712510764
2020-07-02,CRM,BUY,208,190.46031923317616,39615.74640050064,39.61574640050065
2020-07-02,CSCO,BUY,861,38.98771794157346,33568.42514769475,33.56842514769475
2020-07-02,CVX,BUY,494,69.55532556632616,34360.330829765124,34.360330829765125
2020-07-02,DIS,BUY,424,112.41030195804349,47661.96803021044,47.66196803021044
2020-07-02,GS,BUY,231,176.92664950993313,40870.05603679455,40.87005603679455
2020-07-02,HD,BUY,154,219.3209915492601,33775.43269858605,33.77543269858605
2020-07-02,HON,BUY,277,121.42282999805262,33634.12390946058,33.63412390946058
2020-07-02,IBM,BUY,471,89.39130440463697,42103.30437458401,42.10330437458401
2020-07-02,INTC,BUY,635,52.790903357606325,33522.223632080015,33.52222363208001
2020-07-02,JNJ,BUY,278,120.31742702794982,33448.24471377005,33.44824471377006
2020-07-02,JPM,BUY,418,81.69536495840526,34148.6625526134,34.1486625526134
2020-07-02,KO,BUY,1051,38.10871189144836,40052.256197912226,40.05225619791222
2020-07-02,MCD,BUY,211,163.95676413240125,34594.87723193666,34.594877231936664
2020-07-02,MMM,BUY,314,107.26480234779439,33681.14793720744,33.68114793720744
2020-07-02,MRK,BUY,539,62.57546913120936,33728.177861721844,33.728177861721846
2020-07-02,MSFT,BUY,170,196.01886716936139,33323.20741879143,33.323207418791434
2020-07-02,NKE,BUY,621,91.04078769667984,56536.32915963818,56.53632915963818
2020-07-02,PG,BUY,322,104.04102890330671,33501.21130686476,33.501211306864754
2020-07-02,TRV,BUY,342,102.29984548411873,34986.54715556861,34.98654715556861
2020-07-02,UNH,BUY,180,272.872679601175,49117.082328211494,49.117082328211495
2020-07-02,VZ,BUY,867,38.67773330964758,33533.59477946445,33.53359477946445
2020-07-14,AAPL,SELL,-23,91.78082038395384,2048.9587656594654,2.1109588688309384
2020-07-14,AMGN,BUY,4,201.79679642893575,807.187185715743,0.807187185715743
2020-07-14,AXP,SELL,-1,86.73183452384092,90.15380576192044,0.08673183452384092
2020-07-14,BA,BUY,3,177.08849999999998,531.2655,0.5312655
2020-07-14,CAT,SELL,-12,116.35301932335803,1375.432869661455,1.3962362318802963
2020-07-14,CRM,SELL,-2,183.20724337485893,380.92063846635233,0.3664144867497179
2020-07-14,CSCO,SELL,-12,38.45841266451753,467.85261529888146,0.46150095197421037
2020-07-14,CVX,BUY,31,66.45774521426144,2060.1901016421043,2.0601901016421045
2020-07-14,DIS,SELL,-11,112.52255029619727,1236.5133215384783,1.2377480532581697
2020-07-14,GS,SELL,-5,184.5442932578125,884.6332475496656,0.9227214662890626
2020-07-14,HD,SELL,-2,216.54496578708395,438.6419830985202,0.4330899315741679
2020-07-14,HON,SELL,-1,119.56001405246843,121.42282999805262,0.11956001405246844
2020-07-14,IBM,SELL,-1,88.50360873523925,89.39130440463697,0.08850360873523926
2020-07-14,INTC,SELL,-3,51.562019942208586,158.37271007281896,0.15468605982662575
2020-07-14,JNJ,SELL,-11,123.6713254477386,1323.4916973074482,1.3603845799251246
2020-07-14,JPM,SELL,-26,84.74078373066261,2124.0794889185368,2.2032603769972283
2020-07-14,KO,SELL,-81,37.75119292545651,3086.805663207317,3.057846626961977
2020-07-14,MCD,SELL,-7,162.20096987442633,1147.6973489268087,1.1354067891209845
2020-07-14,MMM,BUY,23,105.34573409565346,2422.9518842000293,2.4229518842000295
2020-07-14,MRK,SELL,-1,61.69343226162134,62.57546913120936,0.06169343226162134
2020-07-14,MSFT,SELL,-2,196.2514370824332,392.0377343387227,0.3925028741648664
2020-07-14,NKE,BUY,26,88.78273993296028,2308.3512382569675,2.3083512382569675
2020-07-14,PG,SELL,-12,106.50540303134812,1248.4923468396803,1.2780648363761775
2020-07-14,TRV,SELL,-11,101.5135216314704,1125.2983003253062,1.1166487379461743
2020-07-14,UNH,SELL,-4,270.1595474554195,1091.4907184047,1.080638189821678
2020-07-14,VZ,SELL,-14,38.63291870928903,541.4882663350661,0.5408608619300465
2020-07-15,AAPL,SELL,-20,95.79696441601462,1781.7032744864919,1.9159392883202924
2020-07-15,AMGN,SELL,-3,211.4024682125743,629.9837526732202,0.634207404637723
2020-07-15,CVX,SELL,-11,70.11558218668834,763.0966290390086,0.7712714040535718
2020-07-15,DIS,SELL,-33,118.77216981606139,3709.539964615435,3.919481603930026
2020-07-15,GS,SELL,-12,195.8388370650553,2123.1197941191976,2.3500660447806636
2020-07-15,IBM,SELL,-12,91.32390527089495,1072.6956528556436,1.0958868632507395
2020-07-15,KO,SELL,-19,38.919616377942965,724.0655259375188,0.7394727111809163
2020-07-15,MCD,BUY,1,170.0915463888273,170.0915463888273,0.1700915463888273
2020-07-15,MMM,SELL,-11,108.76203760647364,1178.472100995496,1.19638241367121
2020-07-15,MSFT,BUY,5,199.71663708227027,998.5831854113513,0.9985831854113514
2020-07-15,NKE,BUY,80,90.69977531289165,7255.982025031331,7.255982025031332
2020-07-15,TRV,BUY,2,107.93770440989574,215.8754088197915,0.2158754088197915
2020-07-15,UNH,BUY,11,273.4356043348365,3007.7916476832015,3.0077916476832014
2020-07-16,AAPL,BUY,1,93.54124201543216,93.54124201543216,0.09354124201543217
2020-07-16,CRM,BUY,5,183.81450358488638,919.0725179244318,0.9190725179244319
2020-07-16,CVX,SELL,-3,68.7627054447957,208.11726246518418,0.2062881163343871
2020-07-16,DIS,SELL,-7,114.95404327933379,786.8721137063044,0.8046783029553365
2020-07-16,GS,SELL,-2,186.44425776016442,353.85329901986626,0.37288851552032887
2020-07-16,IBM,SELL,-10,91.53283156994044,893.9130440463697,0.9153283156994044
2020-07-16,KO,SELL,-8,38.88599132627204,304.86969513158687,0.3110879306101763
2020-07-16,MCD,BUY,1,167.6528745118183,167.6528745118183,0.16765287451181832
2020-07-16,MMM,BUY,1,108.37406055485822,108.37406055485822,0.10837406055485822
2020-07-16,TRV,BUY,3,105.84796905983143,317.5439071794943,0.31754390717949427
2020-07-16,UNH,BUY,7,276.9679982500779,1938.7759877505455,1.9387759877505455
2020-07-17,AAPL,BUY,4,93.95294701651832,375.8117880660733,0.3758117880660733
2020-07-17,CRM,BUY,1,184.52443481249927,184.52443481249927,0.18452443481249928
2020-07-17,CVX,BUY,4,68.80818149201149,275.23272596804594,0.27523272596804593
2020-07-17,DIS,BUY,5,116.22248105838523,581.1124052919262,0.5811124052919262
2020-07-17,GS,BUY,1,187.76066539178314,187.76066539178314,0.18776066539178313
2020-07-17,IBM,SELL,-1,92.80865743685222,89.39130440463697,0.09280865743685222
2020-07-17,KO,BUY,5,39.101609195637465,195.50804597818734,0.19550804597818733
2020-07-17,MMM,SELL,-3,109.36026862780518,321.41286037584257,0.3280808058834156
2020-07-17,TRV,SELL,-6,107.34121231507713,614.1905030579032,0.6440472738904627
2020-07-17,UNH,SELL,-4,280.3923761612328,1092.2094689740318,1.1215695046449312
2020-07-21,AAPL,BUY,9,96.06960037292201,864.626403356298,0.8646264033562981
2020-07-21,CRM,SELL,-9,193.06743549598943,1712.4802095893444,1.737606919463905
2020-07-21,CVX,BUY,23,67.29829694905679,1547.8608298283061,1.547860829828306
2020-07-21,DIS,BUY,38,115.39162783860915,4384.881857867148,4.384881857867148
2020-07-21,GS,BUY,14,185.44541199976493,2596.235767996709,2.596235767996709
2020-07-21,IBM,BUY,5,97.95774364613324,489.7887182306662,0.4897887182306662
2020-07-21,KO,BUY,24,39.98511070706642,959.6426569695941,0.959642656969594
2020-07-21,MCD,SELL,-4,168.54567723248152,656.0179476487477,0.6741827089299262
2020-07-21,MMM,BUY,17,106.84287533443884,1816.3288806854603,1.8163288806854605
2020-07-21,MRK,SELL,-2,63.42789580269353,125.15093826241872,0.12685579160538707
2020-07-21,MSFT,SELL,-5,203.42053400110748,980.628695660811,1.0171026700055374
2020-07-21,NKE,SELL,-58,89.23723194602454,5273.505392750669,5.175759452869423
2020-07-21,TRV,SELL,-5,106.11530158304826,511.8254192149194,0.5305765079152414
2020-07-21,UNH,SELL,-13,276.70926778082026,3549.6807741656035,3.597220481150664
2020-07-22,AAPL,SELL,-5,93.57356925031523,446.1952081721305,0.4678678462515762
2020-07-22,AMGN,SELL,-1,215.73732432603956,209.99458422440674,0.21573732432603956
2020-07-22,CRM,BUY,14,188.11358028328388,2633.5901239659743,2.6335901239659743
2020-07-22,CVX,SELL,-59,69.93674565833967,4087.4937456250263,4.126267993842041
2020-07-22,DIS,SELL,-54,115.41299931478885,6087.336519830534,6.232301962998598
2020-07-22,GS,SELL,-19,183.73255661897753,3372.4954910149427,3.4909185757605727
2020-07-22,IBM,SELL,-38,93.93530382938597,3400.4705042255064,3.569541545516667
2020-07-22,INTC,BUY,1,54.68171175364383,54.68171175364383,0.054681711753643836
2020-07-22,JPM,BUY,15,85.92933047726792,1288.9399571590188,1.2889399571590188
2020-07-22,KO,SELL,-59,40.289789228650925,2251.4488631465338,2.3770975644904047
2020-07-22,MCD,BUY,9,169.48624485933942,1525.3762037340548,1.525376203734055
2020-07-22,MMM,SELL,-3,107.0284231255694,321.36877831035,0.32108526937670817
2020-07-22,MSFT,BUY,10,199.37353751467492,1993.7353751467492,1.9937353751467493
2020-07-22,NKE,BUY,41,90.46934702292423,3709.243227939893,3.7092432279398935
2020-07-22,TRV,BUY,19,106.18585667154811,2017.5312767594141,2.017531276759414
2020-07-22,UNH,BUY,25,276.8317635918638,6920.7940897965955,6.920794089796596
2020-07-23,AAPL,BUY,3,93.96263928061762,281.88791784185287,0.28188791784185285
2020-07-23,DIS,BUY,2,116.18338637031268,232.36677274062535,0.23236677274062537
2020-07-23,GS,BUY,7,179.19834246402138,1254.3883972481497,1.2543883972481498
2020-07-23,INTC,SELL,-3,54.582495816388395,158.3816712500514,0.16374748744916517
2020-07-23,MSFT,SELL,-2,197.2605819880297,392.6163994308989,0.3945211639760594
2020-07-23,NKE,SELL,-4,90.55387161144156,363.58535356684905,0.3622154864457663
2020-07-24,AAPL,BUY,18,88.14069426068771,1586.5324966923788,1.586532496692379
2020-07-24,DIS,SELL,-3,112.98150507263252,338.2423116463137,0.33894451521789754
2020-07-24,INTC,BUY,3,46.51199928404004,139.53599785212012,0.13953599785212012
2020-07-24,MSFT,BUY,6,191.00595349369073,1146.0357209621443,1.1460357209621443
2020-07-24,NKE,BUY,1,90.45093095159959,90.45093095159959,0.09045093095159959
2020-07-28,AAPL,BUY,11,91.41496811552,1005.56464927072,1.00556464927072
2020-07-28,AMGN,BUY,3,211.52256964147145,634.5677089244143,0.6345677089244143
2020-07-28,BA,BUY,11,168.58425,1854.42675,1.8544267499999998
2020-07-28,CAT,SELL,-14,124.97817364606998,1604.6716812716975,1.7496944310449798
2020-07-28,CRM,BUY,3,188.3304861670421,564.9914585011263,0.5649914585011263
2020-07-28,CSCO,SELL,-2,39.71809586190188,77.97543588314691,0.07943619172380376
2020-07-28,CVX,SELL,-2,70.34104128982196,138.55911002118734,0.14068208257964393
2020-07-28,DIS,BUY,37,112.8599469258565,4175.818036256691,4.175818036256691
2020-07-28,GS,BUY,9,176.4111972833853,1587.7007755504676,1.5877007755504677
2020-07-28,HD,SELL,-6,233.5555209643542,1315.9259492955607,1.4013331257861252
2020-07-28,HON,SELL,-7,125.40097862904004,849.9598099863683,0.8778068504032803
2020-07-28,IBM,BUY,5,93.96951307730716,469.8475653865358,0.46984756538653577
2020-07-28,INTC,BUY,131,44.130655862764755,5781.115918022183,5.781115918022183
2020-07-28,JNJ,BUY,2,125.55602157769205,251.1120431553841,0.2511120431553841
2020-07-28,KO,SELL,-13,40.63443403134382,496.0819528966939,0.5282476424074697
2020-07-28,MCD,SELL,-11,174.04025951683687,1806.6213656869857,1.9144428546852055
2020-07-28,MMM,SELL,-12,105.69590327118165,1285.4751132414,1.26835083925418
2020-07-28,MRK,BUY,1,63.06926200398142,63.06926200398142,0.06306926200398143
2020-07-28,MSFT,SELL,-8,193.8521961436067,1569.0672031156594,1.5508175691488537
2020-07-28,NKE,SELL,-65,89.26484587316871,5908.221045696648,5.8022149817559665
2020-07-28,TRV,SELL,-1,103.39688033631111,102.57611490037552,0.10339688033631111
2020-07-28,UNH,SELL,-15,270.23224852007144,4102.8017147448645,4.053483727801072
2020-07-28,VZ,SELL,-16,40.49253418495407,618.8437329543613,0.6478805469592651
2020-07-29,AAPL,SELL,-2,90.73507124553788,178.5401331216553,0.18147014249107576
2020-07-29,BA,SELL,-2,172.81354389953614,369.18672673820726,0.3456270877990723
2020-07-29,CRM,SELL,-13,187.3049516872523,2471.449150633803,2.43496437193428
2020-07-29,CSCO,BUY,4,39.267002818852916,157.06801127541166,0.15706801127541167
2020-07-29,CVX,BUY,31,69.64092609565914,2158.868708965433,2.1588687089654335
2020-07-29,DIS,BUY,19,113.60282747025421,2158.45372193483,2.15845372193483
2020-07-29,GS,BUY,12,176.2276948580553,2114.7323382966633,2.1147323382966636
2020-07-29,HD,SELL,-1,230.28560586794617,219.3209915492601,0.2302856058679462
2020-07-29,HON,SELL,-5,126.29251124623958,607.1141499902631,0.631462556231198
2020-07-29,IBM,BUY,35,93.02847206207113,3255.9965221724897,3.25599652217249
2020-07-29,INTC,SELL,-4,44.09545758937402,205.13509360411047,0.17638183035749608
2020-07-29,JNJ,SELL,-2,124.57105953410004,240.71275137262444,0.24914211906820008
2020-07-29,JPM,SELL,-9,83.62091417700725,736.6626712228133,0.7525882275930653
2020-07-29,KO,BUY,20,40.50681127098575,810.136225419715,0.810136225419715
2020-07-29,MCD,SELL,-6,172.02471143012193,985.4298358292649,1.0321482685807315
2020-07-29,MMM,BUY,14,106.50261433415095,1491.0366006781132,1.4910366006781133
2020-07-29,NKE,BUY,13,88.8749204750224,1155.3739661752913,1.1553739661752913
2020-07-29,PG,SELL,-8,110.26343712687634,832.3282312264536,0.8821074970150108
2020-07-29,TRV,SELL,-11,102.06432032783636,1128.3372639041306,1.1227075236061999
2020-07-29,UNH,SELL,-10,273.47069622496997,2735.2011431632427,2.7347069622496996
2020-07-29,VZ,SELL,-20,40.71965532415114,773.5546661929516,0.8143931064830229
2020-07-31,AAPL,SELL,-10,99.5663335053471,892.7006656082765,0.995663335053471
2020-07-31,AMGN,BUY,5,204.18252454144476,1020.9126227072238,1.0209126227072238
2020-07-31,AXP,SELL,-3,87.77419714290716,270.4614172857613,0.2633225914287215
2020-07-31,BA,BUY,8,161.63077805328368,1293.0462244262694,1.2930462244262695
2020-07-31,CRM,SELL,-1,190.1123285707797,190.11147312567718,0.19011232857077973
2020-07-31,CSCO,SELL,-9,39.219291176099,350.9012761105678,0.352973620584891
2020-07-31,CVX,BUY,13,64.79220734888864,842.2986955355523,0.8422986955355524
2020-07-31,DIS,BUY,1,112.62534531109635,112.62534531109635,0.11262534531109636
2020-07-31,GS,SELL,-2,174.4281025313108,354.8878995726666,0.3488562050626216
2020-07-31,HD,SELL,-2,230.4595348560666,438.6419830985202,0.4609190697121332
2020-07-31,HON,BUY,1,124.20861085861479,124.20861085861479,0.12420861085861479
2020-07-31,IBM,BUY,9,91.64678268890951,824.8210442001856,0.8248210442001856
2020-07-31,INTC,BUY,12,42.92660366397976,515.1192439677571,0.5151192439677571
2020-07-31,JNJ,SELL,-2,124.80085576634775,240.71275137262444,0.2496017115326955
2020-07-31,JPM,SELL,-2,83.11266255529898,163.70281582729183,0.16622532511059795
2020-07-31,KO,BUY,22,39.91779070005409,878.19139540119,0.87819139540119
2020-07-31,MMM,BUY,7,103.21850437492022,722.5295306244415,0.7225295306244415
2020-07-31,MRK,SELL,-11,64.35879413461988,688.3402753811066,0.7079467354808187
2020-07-31,MSFT,SELL,-3,194.6043066108176,588.4002011683723,0.5838129198324526
2020-07-31,PG,SELL,-11,112.94309776057968,1144.4513179363737,1.2423740753663763
2020-07-31,TRV,SELL,-6,102.36637139269676,615.4566894022531,0.6141982283561807
2020-07-31,VZ,SELL,-4,40.350579095757816,154.71093323859031,0.16140231638303126
2020-08-03,AAPL,SELL,-67,104.70988141006842,5981.094459575452,7.015562054474585
2020-08-03,CRM,BUY,8,195.03547359592918,1560.2837887674334,1.5602837887674335
2020-08-03,CVX,SELL,-2,65.29503757648736,138.3781771384037,0.13059007515297472
2020-08-03,DIS,BUY,14,113.55395485707088,1589.7553679989924,1.5897553679989924
2020-08-03,GS,BUY,6,173.42307080681766,1040.538424840906,1.040538424840906
2020-08-03,IBM,BUY,5,92.23681016354568,461.1840508177284,0.46118405081772845
2020-08-03,KO,BUY,82,39.6653679871721,3252.560174948112,3.252560174948112
2020-08-03,MCD,BUY,6,170.46870978073912,1022.8122586844347,1.0228122586844348
2020-08-03,MMM,SELL,-18,102.71818452186211,1926.344440168561,1.8489273213935182
2020-08-03,NKE,SELL,-48,90.25923709356204,4361.068855399995,4.332443380490978
2020-08-03,TRV,BUY,1,101.69513954859838,101.69513954859838,0.10169513954859838
2020-08-04,AAPL,SELL,-41,105.61230234306285,3660.072728993933,4.330104396065577
2020-08-04,AMGN,BUY,1,204.46512517418145,204.46512517418145,0.20446512517418144
2020-08-04,AXP,BUY,11,87.09807983657208,958.0788782022929,0.9580788782022929
2020-08-04,BA,BUY,3,164.7123198852539,494.13695965576164,0.4941369596557617
2020-08-04,CAT,BUY,15,118.28712567834954,1774.306885175243,1.774306885175243
2020-08-04,CRM,SELL,-30,199.9627170139018,5708.866437288355,5.998881510417053
2020-08-04,CSCO,BUY,3,39.78321229134753,119.3496368740426,0.1193496368740426
2020-08-04,CVX,BUY,48,65.7495192051476,3155.976921847085,3.1559769218470852
2020-08-04,DIS,SELL,-26,113.23539060779083,2933.3342823220883,2.944120155802562
2020-08-04,GS,BUY,21,174.17446850984464,3657.6638387067374,3.6576638387067377
2020-08-04,HD,BUY,2,232.10901905391626,464.2180381078325,0.4642180381078325
2020-08-04,HON,BUY,7,122.8240679539286,859.7684756775002,0.8597684756775001
2020-08-04,IBM,SELL,-19,92.42957796866472,1707.5267710334228,1.7561619814046296
2020-08-04,INTC,BUY,11,43.34579525421548,476.8037477963703,0.47680374779637025
2020-08-04,JNJ,BUY,3,125.2067854148646,375.6203562445938,0.3756203562445938
2020-08-04,JPM,BUY,24,82.69741563622061,1984.7379752692946,1.9847379752692946
2020-08-04,KO,SELL,-141,38.91121200370944,5409.363518046504,5.486480892523031
2020-08-04,MCD,SELL,-2,170.84167517663536,328.85043617164,0.34168335035327074
2020-08-04,MMM,BUY,56,102.01114848519777,5712.624315171075,5.712624315171075
2020-08-04,MRK,SELL,-12,65.6795505508526,750.9166640521164,0.7881546066102312
2020-08-04,MSFT,SELL,-4,203.9061074063046,784.5336015578297,0.8156244296252184
2020-08-04,NKE,BUY,32,90.12835768371906,2884.10744587901,2.88410744587901
2020-08-04,PG,BUY,5,113.15124718923639,565.756235946182,0.565756235946182
2020-08-04,TRV,BUY,4,100.89479309714908,403.5791723885963,0.4035791723885963
2020-08-04,VZ,BUY,16,40.639620391062955,650.2339262570073,0.6502339262570073
2020-08-05,AAPL,BUY,36,105.95530729372425,3814.3910625740727,3.814391062574073
2020-08-05,AMGN,BUY,1,202.75271964392186,202.75271964392186,0.20275271964392186
2020-08-05,CRM,BUY,21,199.96559867806104,4199.277572239282,4.199277572239281
2020-08-05,CVX,SELL,-63,68.52944628286374,4340.568209918093,4.3173551158204155
2020-08-05,DIS,BUY,3,120.5918162170896,361.7754486512688,0.36177544865126876
2020-08-05,GS,SELL,-33,177.33467122630196,5843.918984471792,5.8520441504679654
2020-08-05,IBM,SELL,-8,94.55458151130496,718.9586404351254,0.7564366520904396
2020-08-05,JPM,SELL,-9,82.5871630282289,737.0977609087089,0.7432844672540602
2020-08-05,KO,BUY,123,39.46343000996296,4854.0018912254445,4.854001891225444
2020-08-05,MCD,BUY,2,175.44253464528597,350.88506929057195,0.35088506929057195
2020-08-05,MMM,SELL,-54,103.45657046254986,5739.697858352228,5.586654804977693
2020-08-05,NKE,SELL,-3,89.42927697440763,272.457546227503,0.2682878309232229
2020-08-05,TRV,BUY,19,101.69514902601598,1932.2078314943037,1.9322078314943036
2020-08-05,UNH,BUY,6,278.6206888284782,1671.724132970869,1.6717241329708692
2020-08-06,AAPL,SELL,-26,106.84375358238293,2351.8252519345588,2.7779375931419565
2020-08-06,AMGN,BUY,5,200.20910878330412,1001.0455439165206,1.0010455439165207
2020-08-06,AXP,BUY,2,88.67253053141353,177.34506106282706,0.17734506106282705
2020-08-06,BA,SELL,-8,172.71360305023194,1467.342315146912,1.3817088244018556
2020-08-06,CRM,SELL,-8,199.93315002878765,1530.2891078090872,1.5994652002303011
2020-08-06,CSCO,BUY,18,39.96939710368923,719.4491478664062,0.7194491478664062
2020-08-06,CVX,BUY,26,67.26716861198824,1748.9463839116943,1.7489463839116943
2020-08-06,DIS,SELL,-53,123.97693203850334,5982.510217721286,6.5707773980406765
2020-08-06,GS,BUY,20,179.11093748972786,3582.218749794557,3.5822187497945572
2020-08-06,HD,BUY,3,232.08293950961584,696.2488185288476,0.6962488185288476
2020-08-06,HON,BUY,2,125.87671892796097,251.75343785592193,0.2517534378559219
2020-08-06,IBM,SELL,-20,93.31045193740121,1797.3966010878135,1.8662090387480244
2020-08-06,INTC,BUY,11,43.81079088322675,481.91869971549426,0.4819186997154942
2020-08-06,JNJ,BUY,5,126.40785440253737,632.0392720126869,0.6320392720126868
2020-08-06,JPM,BUY,33,84.14432846545157,2776.7628393599016,2.7767628393599018
2020-08-06,KO,SELL,-135,39.22224089868732,5197.320362704692,5.295002521322788
2020-08-06,MMM,BUY,48,106.11472054321275,5093.5065860742125,5.093506586074213
2020-08-06,MRK,BUY,17,64.87716459996437,1102.9117981993943,1.1029117981993943
2020-08-06,MSFT,BUY,8,202.36602995353925,1618.928239628314,1.618928239628314
2020-08-06,NKE,SELL,-13,92.66236569543746,1180.6493669858462,1.204610754040687
2020-08-06,PG,BUY,3,114.95103778063192,344.8531133418958,0.3448531133418958
2020-08-06,TRV,SELL,-11,101.59350427422095,1127.5721474585516,1.1175285470164305
2020-08-06,VZ,BUY,16,40.852765050292916,653.6442408046867,0.6536442408046866
2020-08-06,WMT,BUY,864,39.76732200758132,34358.96621455026,34.35896621455026
2020-08-11,AAPL,SELL,-20,108.55364487564046,1809.0963476419684,2.171072897512809
2020-08-11,AMGN,BUY,3,197.98960616835157,593.9688185050547,0.5939688185050547
2020-08-11,AXP,SELL,-18,96.78336104059204,1621.0760624767345,1.742100498730657
2020-08-11,BA,SELL,-3,184.4177395095825,550.2533681800919,0.5532532185287476
2020-08-11,CAT,SELL,-9,129.54770250724926,1033.3181106365344,1.1659293225652434
2020-08-11,CRM,BUY,3,190.91388088937342,572.7416426681202,0.5727416426681202
2020-08-11,CSCO,BUY,5,40.53639744609017,202.68198723045086,0.20268198723045086
2020-08-11,DIS,SELL,-26,127.46306454782543,2934.8163332217628,3.314039678243461
2020-08-11,GS,SELL,-11,185.67023515201282,1949.7671333370818,2.042372586672141
2020-08-11,HD,SELL,-1,241.4954570160678,219.75249086608702,0.2414954570160678
2020-08-11,HON,SELL,-10,133.91657288398793,1215.0130526962746,1.3391657288398793
2020-08-11,IBM,SELL,-10,97.32703718179252,898.6983005439067,0.9732703718179252
2020-08-11,INTC,BUY,47,44.565058659787645,2094.5577570100195,2.0945577570100196
2020-08-11,JNJ,BUY,5,127.03818359002894,635.1909179501447,0.6351909179501448
2020-08-11,JPM,SELL,-7,89.4701491577783,574.4660452988062,0.626291044104448
2020-08-11,KO,BUY,2,40.77605610835038,81.55211221670076,0.08155211221670076
2020-08-11,MCD,BUY,1,179.82856258392334,179.82856258392334,0.17982856258392335
2020-08-11,MRK,BUY,13,65.10812123235247,846.4055760205822,0.8464055760205822
2020-08-11,MSFT,BUY,17,197.42941465147962,3356.3000490751533,3.356300049075154
2020-08-11,NKE,BUY,37,98.47851950536361,3643.7052216984534,3.643705221698453
2020-08-11,PG,BUY,3,116.1797046225882,348.5391138677646,0.3485391138677646
2020-08-11,TRV,BUY,2,107.9554903218901,215.9109806437802,0.2159109806437802
2020-08-12,MMM,SELL,-51,112.17486895717762,5419.689078710658,5.720918316816059
2020-08-12,MRK,SELL,-4,64.74922056072435,250.83515552293352,0.2589968822428974
2020-08-12,MSFT,SELL,-7,195.45163720618964,1375.5549118552083,1.3681614604433276
2020-08-12,NKE,BUY,33,97.43706246451175,3215.423061328888,3.215423061328888
2020-08-13,AAPL,BUY,24,111.0495816939271,2665.18996065425,2.66518996065425
2020-08-13,CRM,BUY,9,190.61807056938807,1715.5626351244925,1.7155626351244928
2020-08-13,CVX,BUY,1,69.94444974931442,69.94444974931442,0.06994444974931442
2020-08-14,AAPL,SELL,-33,111.32638909373829,3018.6400114133057,3.6737708400933635
2020-08-14,AMGN,SELL,-1,199.9777275358211,209.3042453703502,0.1999777275358211
2020-08-14,CRM,SELL,-11,192.2990974882781,2103.77229250481,2.115290072371059
2020-08-14,CVX,BUY,26,69.26737101100245,1800.9516462860638,1.800951646286064
2020-08-14,DIS,BUY,15,127.08229408880354,1906.234411332053,1.906234411332053
2020-08-14,GS,BUY,11,181.26030099856555,1993.863310984221,1.993863310984221
2020-08-14,JPM,SELL,-29,87.43711255781459,2379.9307590950543,2.5356762641766233
2020-08-14,KO,SELL,-12,40.63443273217007,462.04664081100077,0.4876131927860408
2020-08-14,MCD,SELL,-7,180.48139667821602,1152.2803367665072,1.263369776747512
2020-08-14,MMM,BUY,25,112.02169787411235,2800.5424468528086,2.800542446852809
2020-08-14,MSFT,BUY,1,198.95418407876144,198.95418407876144,0.19895418407876145
2020-08-14,NKE,SELL,-21,97.70795105860162,1922.40844594764,2.051866972230634
2020-08-14,TRV,SELL,-10,105.28907213757029,1025.3851740216758,1.0528907213757028
2020-08-14,UNH,BUY,3,291.07017254200315,873.2105176260095,0.8732105176260094
2020-08-17,AAPL,BUY,30,112.6018241070466,3378.0547232113977,3.3780547232113975
2020-08-17,AMGN,SELL,-1,200.91416441207042,209.3042453703502,0.2009141644120704
2020-08-17,CVX,SELL,-34,70.24776278440024,2340.5910187000395,2.3884239346696083
2020-08-17,DIS,BUY,14,127.14579727432509,1780.0411618405512,1.7800411618405514
2020-08-17,GS,SELL,-19,180.67761073317928,3371.157930136577,3.432874603930406
2020-08-17,INTC,SELL,-44,44.05405872005559,2225.84893967171,1.938378583682446
2020-08-17,JPM,SELL,-12,87.43714467586703,984.7989347979535,1.0492457361104044
2020-08-17,MMM,SELL,-29,112.29044836153813,3093.600221940292,3.2564230024846057
2020-08-17,MSFT,SELL,-5,199.55513255680611,982.6049845689896,0.9977756627840306
2020-08-17,NKE,BUY,15,98.10688917839093,1471.603337675864,1.471603337675864
2020-08-17,TRV,BUY,15,104.95957976257908,1574.3936964386862,1.5743936964386862
2020-08-18,AAPL,BUY,17,110.97436734956052,1886.5642449425288,1.886564244942529
2020-08-18,AMGN,BUY,1,203.7845122590509,203.7845122590509,0.2037845122590509
2020-08-18,CRM,BUY,9,196.5440968399322,1768.8968715593896,1.76889687155939
2020-08-18,CVX,SELL,-1,70.17208832654131,68.84091231470704,0.07017208832654132
2020-08-18,DIS,BUY,32,126.52512858883463,4048.8041148427083,4.048804114842708
2020-08-18,UNH,SELL,-13,292.08556766147115,3561.5802876323746,3.7971123795991253
2020-08-21,AAPL,SELL,-21,115.66935990258521,1961.5784255338415,2.4290565579542895
2020-08-21,AMGN,BUY,1,199.80169498439886,199.80169498439886,0.19980169498439887
2020-08-21,AXP,BUY,16,89.89297249506691,1438.2875599210706,1.4382875599210707
2020-08-21,BA,BUY,9,168.43418110656737,1515.9076299591063,1.5159076299591066
2020-08-21,CAT,BUY,7,123.17637746326535,862.2346422428575,0.8622346422428575
2020-08-21,CRM,SELL,-6,206.79890352478347,1148.8926996129267,1.240793421148701
2020-08-21,CSCO,BUY,107,35.58571991180826,3807.672030563484,3.807672030563484
2020-08-21,CVX,BUY,5,66.84739624307808,334.2369812153904,0.3342369812153904
2020-08-21,GS,BUY,8,174.83852881948437,1398.708230555875,1.398708230555875
2020-08-21,HD,SELL,-4,243.47836166535197,879.0099634643481,0.9739134466614079
2020-08-21,HON,BUY,2,130.81591171097097,261.63182342194193,0.2616318234219419
2020-08-21,NKE,SELL,-99,99.43893204145499,9076.970432593936,9.844454272104043
2020-08-21,PG,SELL,-7,118.07766147871955,730.9457454242604,0.8265436303510368
2020-08-21,TRV,BUY,13,99.6320550247696,1295.2167153220048,1.2952167153220049
2020-08-21,VZ,SELL,-11,41.87659320991666,426.3167205039727,0.4606425253090833
2020-08-25,AAPL,SELL,-16,120.89281444912906,1494.5359432638793,1.934285031186065
2020-08-25,AMGN,BUY,7,203.26567243550713,1422.8597070485498,1.42285970704855
2020-08-25,AXP,SELL,-5,93.6468920793385,450.26442381384413,0.46823446039669253
2020-08-25,BA,SELL,-6,180.36977671051025,1096.5598346651252,1.0822186602630615
2020-08-25,CAT,SELL,-5,128.3333567599499,575.1036095453755,0.6416667837997495
2020-08-25,CRM,SELL,-2,210.0298134935838,382.9642332043089,0.4200596269871676
2020-08-25,CSCO,BUY,14,35.73804178817295,500.3325850344213,0.5003325850344214
2020-08-25,CVX,BUY,15,69.4732913336551,1042.0993700048264,1.0420993700048264
2020-08-25,DIS,BUY,1,127.8838156821892,127.8838156821892,0.1278838156821892
2020-08-25,GS,BUY,6,183.4707927549476,1100.8247565296856,1.1008247565296856
2020-08-25,HD,SELL,-1,249.8268628933699,219.75249086608702,0.24982686289336992
2020-08-25,HON,SELL,-1,137.70712569585558,121.57133990452479,0.13770712569585558
2020-08-25,IBM,BUY,59,95.3360976457155,5624.829761097214,5.624829761097215
2020-08-25,INTC,BUY,3,44.31364463178658,132.94093389535973,0.13294093389535974
2020-08-25,JNJ,SELL,-7,130.87397668902264,844.4641392861912,0.9161178368231585
2020-08-25,JPM,BUY,13,87.32626673674302,1135.2414675776593,1.1352414675776594
2020-08-25,KO,BUY,117,40.38900886839485,4725.514037602198,4.725514037602198
2020-08-25,MCD,SELL,-4,187.50081780400978,658.4459067237184,0.7500032712160392
2020-08-25,MRK,SELL,-18,68.35287447499553,1128.758199853201,1.2303517405499198
2020-08-25,MSFT,SELL,-7,203.4795472015141,1375.6469783965854,1.4243568304105987
2020-08-25,NKE,BUY,10,103.22505272423977,1032.2505272423978,1.0322505272423979
2020-08-25,TRV,SELL,-7,103.29026366376354,717.7409963875965,0.7230318456463448
2020-08-25,UNH,BUY,8,283.4969485299612,2267.9755882396894,2.2679755882396893
2020-08-27,AAPL,BUY,9,123.38654741684256,1110.478926751583,1.110478926751583
2020-08-27,AMGN,SELL,-9,210.87069121980213,1880.935867863748,1.8978362209782194
2020-08-27,AXP,BUY,11,92.00776616883901,1012.0854278572291,1.012085427857229
2020-08-27,CRM,SELL,-34,263.00517604109535,6510.391964473251,8.942175985397242
2020-08-27,CSCO,BUY,19,35.88190324942248,681.7561617390271,0.6817561617390271
2020-08-27,CVX,SELL,-3,67.1670571309346,206.52006962821383,0.2015011713928038
2020-08-27,DIS,SELL,-17,129.87499758173345,1956.4118424262542,2.207874958889469
2020-08-27,GS,SELL,-8,180.3983032064699,1419.9459263693336,1.4431864256517593
2020-08-27,HON,SELL,-5,139.25731522034226,607.856699522624,0.6962865761017113
2020-08-27,IBM,SELL,-21,94.1825840963064,1901.6764429414625,1.9778342660224346
2020-08-27,INTC,BUY,10,44.70873516049479,447.0873516049479,0.4470873516049479
2020-08-27,JNJ,BUY,5,130.69621182044824,653.4810591022413,0.6534810591022412
2020-08-27,JPM,BUY,23,85.36884986678189,1963.4835469359834,1.9634835469359833
2020-08-27,KO,SELL,-12,40.55878323432429,464.75288976431284,0.48670539881189145
2020-08-27,MCD,BUY,10,188.02173230915147,1880.2173230915148,1.8802173230915147
2020-08-27,MSFT,SELL,-3,212.72113765710068,589.5629907413937,0.6381634129713021
2020-08-27,NKE,SELL,-1,103.11264787165591,91.87952124188763,0.10311264787165592
2020-08-27,PG,BUY,6,120.13397368308385,720.8038420985031,0.7208038420985031
2020-08-27,TRV,BUY,22,101.09935102950672,2224.185722649148,2.224185722649148
2020-08-27,UNH,BUY,11,281.8715376878223,3100.5869145660454,3.100586914566045
2020-08-27,VZ,BUY,19,42.34477452677037,804.5507160086371,0.804550716008637
2020-08-27,WMT,BUY,27,40.53380074711694,1094.4126201721574,1.0944126201721573
2020-08-31,AAPL,SELL,-21,123.68736973188128,1973.6078345189342,2.597434764369507
2020-08-31,AXP,SELL,-8,95.76888343863956,720.8608123610162,0.7661510675091165
2020-08-31,BA,BUY,9,174.73731889343262,1572.6358700408935,1.5726358700408938
2020-08-31,CAT,BUY,6,129.20912241795574,775.2547345077344,0.7752547345077344
2020-08-31,CRM,SELL,-8,265.96028910550984,1531.8569328172357,2.1276823128440787
2020-08-31,CSCO,BUY,20,35.62802810370309,712.5605620740617,0.7125605620740617
2020-08-31,CVX,BUY,27,67.76323287834985,1829.607287715446,1.8296072877154461
2020-08-31,DIS,SELL,-19,132.0721532542895,2186.5779415352254,2.5093709118315006
2020-08-31,GS,BUY,24,180.63485980667875,4335.23663536029,4.335236635360291
2020-08-31,HD,BUY,5,248.10069755680053,1240.5034877840026,1.2405034877840024
2020-08-31,IBM,SELL,-7,94.67389762399463,633.8921476471542,0.6627172833679624
2020-08-31,INTC,BUY,3,45.79525365520243,137.3857609656073,0.13738576096560728
2020-08-31,JNJ,BUY,2,131.19355749338712,262.38711498677424,0.26238711498677425
2020-08-31,JPM,BUY,15,88.05925161386907,1320.888774208036,1.320888774208036
2020-08-31,KO,SELL,-90,41.86171230304593,3485.6466732323465,3.767554107274133
2020-08-31,WMT,SELL,-44,42.47038868274767,1750.784139986292,1.8686971020408973
2020-09-01,AAPL,BUY,5,128.83807290014988,644.1903645007494,0.6441903645007494
2020-09-01,AMGN,SELL,-1,209.03985207479178,208.9928742070831,0.20903985207479178
2020-09-01,BA,BUY,3,170.79536171722415,512.3860851516724,0.5123860851516724
2020-09-01,CAT,BUY,1,127.56133435271789,127.56133435271789,0.1275613343527179
2020-09-01,CRM,BUY,4,267.2124199741211,1068.8496798964843,1.0688496798964844
2020-09-01,CSCO,SELL,-9,35.507865272294794,346.4524255715321,0.3195707874506532
2020-09-01,CVX,SELL,-8,65.6684927460472,550.309255089534,0.5253479419683776
2020-09-01,DIS,BUY,16,128.94929578208786,2063.1887325134057,2.0631887325134057
2020-09-01,GS,SELL,-12,178.78591107938277,2133.4122728552647,2.145430932952593
2020-09-01,HON,BUY,2,137.38352717671108,274.76705435342217,0.2747670543534222
2020-09-01,IBM,BUY,10,92.95268744150674,929.5268744150674,0.9295268744150674
2020-09-01,INTC,SELL,-17,45.66874957542479,858.0636528672845,0.7763687427822215
2020-09-01,JNJ,SELL,-1,131.80765520712697,120.89458322979495,0.13180765520712698
2020-09-01,JPM,SELL,-7,85.75729419745218,578.1338936451431,0.6003010593821653
2020-09-01,KO,BUY,37,41.491283421065695,1535.1774865794307,1.5351774865794308
2020-09-01,MMM,BUY,35,111.3657136647505,3897.7999782662673,3.897799978266268
2020-09-01,TRV,SELL,-9,102.30419383428503,922.0501058375867,0.9207377445085654
2020-09-02,AAPL,SELL,-3,133.39196255491942,283.09309990205213,0.40017588766475826
2020-09-02,CRM,BUY,1,279.50810536654893,279.50810536654893,0.27950810536654896
2020-09-02,DIS,BUY,3,130.62078553864762,391.8623566159429,0.3918623566159429
2020-09-02,GS,SELL,-8,180.70892896894898,1422.2748485701766,1.445671431751592
2020-09-02,IBM,BUY,6,93.61097614139146,561.6658568483488,0.5616658568483488
2020-09-02,JPM,SELL,-5,86.10187244436031,412.95278117510225,0.4305093622218016
2020-09-02,KO,BUY,48,41.533359184311294,1993.6012408469421,1.9936012408469421
2020-09-02,MMM,SELL,-13,113.34857142588689,1392.7302590163185,1.4735314285365297
2020-09-02,TRV,BUY,11,101.84631569291956,1120.3094726221152,1.1203094726221152
2020-09-03,AAPL,SELL,-3,123.0378096254034,283.09309990205213,0.3691134288762102
2020-09-03,AMGN,SELL,-2,216.76444149986207,417.9857484141662,0.43352888299972414
2020-09-03,AXP,SELL,-4,97.69544807281072,360.4304061805081,0.3907817922912429
2020-09-03,CAT,SELL,-8,133.65846886940577,922.9170714837818,1.0692677509552462
2020-09-03,CRM,BUY,1,266.79822230744116,266.79822230744116,0.26679822230744116
2020-09-03,CSCO,BUY,12,35.33182441258554,423.98189295102645,0.4239818929510265
2020-09-03,CVX,BUY,5,65.56840298983785,327.84201494918926,0.32784201494918924
2020-09-03,DIS,SELL,-30,132.0623740309154,3473.9693384420966,3.961871220927462
2020-09-03,GS,SELL,-12,185.942592383272,2133.4122728552647,2.2313111085992645
2020-09-03,HON,SELL,-5,145.27368952986822,608.460218120799,0.7263684476493412
2020-09-03,IBM,SELL,-20,96.89618576304593,1812.9674259443918,1.9379237152609188
2020-09-03,JNJ,BUY,3,132.76273684465778,398.28821053397337,0.39828821053397334
2020-09-03,KO,SELL,-45,43.206667349593715,1753.910807086321,1.944300030731717
2020-09-03,MCD,BUY,4,192.35202841917598,769.4081136767039,0.7694081136767039
2020-09-03,MMM,SELL,-6,116.62609690691401,642.7985810844548,0.699756581441484
2020-09-03,MRK,BUY,12,69.83888918982875,838.0666702779449,0.838066670277945
2020-09-03,MSFT,BUY,3,218.95772889967643,656.8731866990292,0.6568731866990292
2020-09-03,NKE,BUY,52,107.88744049595718,5610.146905789773,5.610146905789774
2020-09-03,PG,BUY,3,121.77802098997955,365.33406296993866,0.36533406296993864
2020-09-03,TRV,BUY,8,105.20767743761934,841.6614195009547,0.8416614195009547
2020-09-03,WMT,SELL,-36,45.31862700139723,1432.4597508978754,1.6314705720503004
2020-09-04,AAPL,BUY,40,116.52296697916077,4660.918679166431,4.66091867916643
2020-09-04,CRM,SELL,-3,259.0453157012764,583.0278830817557,0.7771359471038293
2020-09-21,AXP,SELL,-28,93.62828348763071,2523.0128432635565,2.62159193765366
2020-09-21,CAT,SELL,-28,133.6314975031703,3230.2097501932362,3.7416819300887685
2020-09-21,TRV,SELL,-43,97.77576643879483,4407.077299297613,4.204357956868178
2020-09-21,VZ,SELL,-59,42.58636073340994,2291.324092913576,2.5125952832711866
2020-09-21,WMT,BUY,1,42.20984441582656,42.20984441582656,0.04220984441582656
2020-09-22,AAPL,BUY,72,109.35128690516373,7873.292657171789,7.87329265717179
2020-09-22,AXP,BUY,15,91.30904840616286,1369.6357260924428,1.3696357260924428
2020-09-22,BA,BUY,4,156.88840255737304,627.5536102294922,0.6275536102294922
2020-09-22,CAT,BUY,9,130.56874631243778,1175.11871681194,1.1751187168119401
2020-09-25,NKE,SELL,-188,114.10057534073306,17514.480068402125,21.450908164057815
2020-09-25,UNH,SELL,-11,265.402794835852,3022.99347967373,2.9194307431943716
2020-09-28,AAPL,SELL,-8,111.50090201720894,782.9420599645208,0.8920072161376715
2020-09-28,CRM,BUY,40,244.09998664656032,9763.999465862413,9.763999465862412
2020-09-28,CVX,BUY,42,58.13915574874731,2441.8445414473867,2.441844541447387
2020-09-28,DIS,BUY,121,122.91823037359569,14873.10587520508,14.873105875205079
2020-09-28,GS,SELL,-22,173.67522772814362,3911.2558335679855,3.8208550100191596
2020-09-28,MCD,SELL,-11,193.9217779129127,1829.3326768019283,2.1331395570420395
2020-09-28,MMM,SELL,-18,111.13778340821368,1928.3957432533641,2.0004801013478466
2020-09-28,MRK,SELL,-15,66.67817061254384,943.0352378095721,1.0001725591881576
2020-09-28,NKE,BUY,21,115.60951677914802,2427.7998523621086,2.427799852362109
2020-09-28,TRV,BUY,8,98.312600406403,786.500803251224,0.7865008032512241
2020-09-28,UNH,SELL,-4,279.088363563006,1099.2703562449926,1.116353454252024
2020-09-29,AAPL,SELL,-2,111.0549305350817,195.7355149911302,0.2221098610701634
2020-09-29,AMGN,SELL,-1,206.94990573304008,208.9928742070831,0.2069499057330401
2020-09-29,AXP,BUY,1,91.98913113207732,91.98913113207732,0.09198913113207732
2020-09-29,BA,SELL,-10,164.68761927032472,1817.7586084565294,1.6468761927032471
2020-09-29,CAT,SELL,-1,133.4605524997294,115.89707366851819,0.1334605524997294
2020-09-29,CRM,SELL,-2,241.5903976127948,408.58819896889383,0.4831807952255896
2020-09-29,CSCO,SELL,-4,33.03077847684485,153.8316019803645,0.1321231139073794
2020-09-29,CVX,SELL,-13,58.364994717254554,884.2956070836206,0.7587449313243092
2020-09-29,DIS,SELL,-22,122.96136812343963,2588.2458624042106,2.705150098715672
2020-09-29,GS,BUY,14,174.18297577175105,2438.5616608045148,2.4385616608045146
2020-09-29,HD,SELL,-4,239.01854410419426,882.8668623338328,0.956074176416777
2020-09-29,HON,SELL,-10,137.89144860998118,1216.920436241598,1.378914486099812
2020-09-29,IBM,BUY,88,91.863151242452,8083.957309335777,8.083957309335776
2020-09-29,INTC,SELL,-60,46.02755937948407,3028.459951296298,2.7616535627690437
2020-09-29,JNJ,SELL,-10,126.43667130862396,1210.2174201852563,1.2643667130862395
2020-09-29,JPM,SELL,-25,82.72500129973123,2064.763905875511,2.0681250324932807
2020-09-29,KO,BUY,246,41.895001644164864,10306.170404464556,10.306170404464554
2020-09-29,MCD,SELL,-1,194.29202857014695,166.3029706183571,0.19429202857014696
2020-09-29,MMM,BUY,12,111.0223652667416,1332.2683832008993,1.3322683832008992
2020-09-29,MRK,SELL,-7,66.26142072520815,440.08311097780035,0.4638299450764571
2020-09-29,MSFT,SELL,-4,199.7988909906638,787.6313484818039,0.7991955639626552
2020-09-29,PG,SELL,-19,119.62491639663389,1993.142502103892,2.272873411536044
2020-09-29,TRV,SELL,-4,98.42914906890329,409.5776353968918,0.3937165962756132
2020-10-01,AAPL,SELL,-52,114.05066366520006,5089.1233897693855,5.930634510590403
2020-10-01,AXP,BUY,8,93.47041371886448,747.7633097509158,0.7477633097509159
2020-10-01,BA,BUY,8,170.2350688934326,1361.880551147461,1.361880551147461
2020-10-01,CAT,BUY,6,134.98971670724185,809.9383002434511,0.8099383002434511
2020-10-01,CRM,SELL,-20,249.39192001561554,4085.881989688938,4.987838400312311
2020-10-01,CSCO,BUY,29,33.39441108284849,968.4379214026063,0.9684379214026063
2020-10-01,CVX,BUY,41,56.45750869175703,2314.757856362038,2.3147578563620383
2020-10-01,DIS,SELL,-8,122.00440057996654,941.1803136015311,0.9760352046397324
2020-10-01,GS,BUY,31,177.1452241630426,5491.501949054321,5.491501949054321
2020-10-01,HD,BUY,1,244.5433926603842,244.5433926603842,0.24454339266038422
2020-10-01,HON,BUY,8,139.405010586515,1115.24008469212,1.11524008469212
2020-10-01,IBM,SELL,-27,92.48941306070267,2452.993319986663,2.497214152638972
2020-10-01,INTC,BUY,21,47.05237540048161,988.0998834101138,0.9880998834101138
2020-10-01,JNJ,BUY,5,128.02947457340983,640.1473728670492,0.6401473728670491
2020-10-01,JPM,BUY,14,83.74770494357445,1172.4678692100422,1.1724678692100423
2020-10-01,KO,SELL,-125,41.895508319975164,4949.225395610956,5.2369385399968955
2020-10-01,MCD,SELL,-4,195.3233080218541,665.2118824734284,0.7812932320874164
2020-10-01,MMM,SELL,-8,110.22537415948075,858.1826483369255,0.881802993275846
2020-10-01,MRK,BUY,17,66.72881610298825,1134.3898737508002,1.1343898737508002
2020-10-01,MSFT,BUY,5,203.95389455924467,1019.7694727962233,1.0197694727962234
2020-10-01,NKE,BUY,16,117.92445576005294,1886.791292160847,1.886791292160847
2020-10-01,PG,BUY,7,120.77427439078436,845.4199207354905,0.8454199207354905
2020-10-01,TRV,BUY,18,96.92386625978386,1744.6295926761095,1.7446295926761097
2020-10-01,UNH,BUY,5,285.3125007987225,1426.5625039936126,1.4265625039936125
2020-10-01,VZ,BUY,39,42.2026679304967,1645.9040492893714,1.6459040492893713
2020-10-01,WMT,BUY,2,43.53952345093847,87.07904690187694,0.08707904690187694
2020-10-05,HON,SELL,-10,139.9276661157306,1222.4774454846897,1.399276661157306
2020-10-05,JPM,SELL,-21,85.48363359851088,1735.2040434833416,1.7951563055687285
2020-10-06,AAPL,BUY,6,112.28206963904965,673.6924178342979,0.6736924178342979
2020-10-06,AMGN,BUY,1,215.2920558561994,215.2920558561994,0.2152920558561994
2020-10-06,AXP,SELL,-7,97.73266481354172,631.6222827237053,0.684128653694792
2020-10-06,BA,SELL,-3,172.95347328948978,544.027211612765,0.5188604198684693
2020-10-06,CAT,SELL,-2,138.5248565905422,232.66861953728326,0.27704971318108446
2020-10-06,CRM,SELL,-11,248.9486602438142,2247.235094328916,2.738435262681956
2020-10-06,CSCO,BUY,30,32.88196666533642,986.4589999600926,0.9864589999600926
2020-10-06,CVX,BUY,27,58.29706295590901,1574.0206998095434,1.5740206998095434
2020-10-06,DIS,SELL,-14,120.23692932138644,1647.0655488026794,1.6833170104994102
2020-10-06,GS,BUY,1,179.5361505140821,179.5361505140821,0.1795361505140821
2020-10-06,HD,BUY,1,247.22119836857567,247.22119836857567,0.24722119836857567
2020-10-06,HON,BUY,7,141.8458738375952,992.9211168631664,0.9929211168631664
2020-10-06,IBM,SELL,-8,92.65571299943555,726.8128355516039,0.7412457039954844
2020-10-06,INTC,BUY,14,46.432796659326605,650.0591532305725,0.6500591532305725
2020-10-06,JNJ,BUY,6,127.14627109951611,762.8776265970967,0.7628776265970967
2020-10-06,JPM,BUY,12,87.09224224306861,1045.1069069168234,1.0451069069168233
2020-10-06,KO,SELL,-80,41.98871102594593,3167.5042531910117,3.359096882075675
2020-10-06,MCD,SELL,-8,199.94219329013504,1330.4237649468569,1.5995375463210804
2020-10-06,MMM,BUY,19,112.23785724273571,2132.5192876119786,2.1325192876119785
2020-10-06,MRK,BUY,22,65.05978269124391,1431.315219207366,1.431315219207366
2020-10-06,MSFT,BUY,3,199.49247829504023,598.4774348851207,0.5984774348851207
2020-10-06,NKE,BUY,31,119.00871743414393,3689.270240458462,3.689270240458462
2020-10-06,UNH,SELL,-3,290.5291854949013,825.317732436833,0.8715875564847039
2020-10-06,VZ,BUY,11,42.45844996284651,467.0429495913116,0.46704294959131154
2020-10-06,WMT,BUY,2,43.870399195006165,87.74079839001233,0.08774079839001234
2020-10-08,AAPL,SELL,-9,112.70304566192081,882.3511498477061,1.0143274109572875
2020-10-08,AMGN,SELL,-4,208.38777444806806,836.1179894248233,0.8335510977922722
2020-10-08,CRM,SELL,-5,260.2470688894206,1021.4704974222345,1.301235344447103
2020-10-08,CVX,SELL,-10,58.672581291243844,669.064243151205,0.5867258129124384
2020-10-08,DIS,SELL,-29,120.67635124725861,3411.7786368055504,3.4996141861704997
2020-10-08,GS,SELL,-11,180.14695219824426,1952.6267741227916,1.9816164741806868
2020-10-08,IBM,SELL,-20,98.91438305333409,1817.0320888790097,1.978287661066682
2020-10-08,KO,SELL,-21,42.12430478429645,831.4698664626405,0.8846104004702254
2020-10-08,MCD,BUY,4,199.48926046539827,797.9570418615931,0.7979570418615931
2020-10-08,MMM,SELL,-15,114.7738137746946,1613.194009014856,1.7216072066204189
2020-10-08,MRK,BUY,9,64.4906450771742,580.4158056945678,0.5804158056945679
2020-10-08,MSFT,BUY,6,201.10699015139423,1206.6419409083653,1.2066419409083653
2020-10-08,NKE,BUY,49,120.44965444911996,5902.033068006878,5.902033068006879
2020-10-08,TRV,BUY,6,102.89985516093533,617.399130965612,0.617399130965612
2020-10-08,UNH,BUY,12,294.9047331760369,3538.8567981124434,3.5388567981124432
2020-10-12,DIS,SELL,-5,121.96533947489345,588.2376960009569,0.6098266973744673
2020-10-12,GS,SELL,-3,182.22263621443116,532.5345747607613,0.5466679086432935
2020-10-12,IBM,SELL,-12,96.8054778289494,1090.219253327406,1.1616657339473928
2020-10-12,KO,SELL,-16,43.09494322054831,633.5008506382023,0.689519091528773
2020-10-12,MCD,BUY,4,198.35989472696534,793.4395789078613,0.7934395789078613
2020-10-12,UNH,BUY,2,300.09287975382586,600.1857595076517,0.6001857595076517
2020-10-13,AAPL,SELL,-24,121.4478559282589,2352.936399593883,2.9147485422782142
2020-10-13,CRM,BUY,6,262.69641864208967,1576.1785118525381,1.576178511852538
2020-10-13,CVX,SELL,-23,58.94863539691223,1538.8477592477716,1.3558186141289812
2020-10-13,DIS,SELL,-16,126.75020601799692,1882.3606272030622,2.0280032962879506
2020-10-13,GS,SELL,-15,187.92714937423753,2662.672873803807,2.8189072406135627
2020-10-13,IBM,SELL,-20,95.67165425182858,1817.0320888790097,1.9134330850365717
2020-10-13,INTC,SELL,-2,48.68282656195302,100.61548060322164,0.09736565312390605
2020-10-13,JPM,BUY,9,89.6422423219659,806.7801808976931,0.8067801808976931
2020-10-13,KO,SELL,-14,43.20898053804753,554.3132443084271,0.6049257275326654
2020-10-13,MCD,BUY,6,199.14516723167858,1194.8710033900716,1.1948710033900718
2020-10-13,MMM,BUY,9,115.57531995231118,1040.1778795708005,1.0401778795708008
2020-10-13,MSFT,SELL,-2,212.55889274024125,394.55675172898236,0.4251177854804825
2020-10-13,NKE,BUY,5,118.2789919051897,591.3949595259485,0.5913949595259484
2020-10-13,TRV,BUY,14,103.49117669022785,1448.87647366319,1.4488764736631898
2020-10-13,UNH,BUY,8,299.52760221256574,2396.220817700526,2.396220817700526
2020-10-14,AAPL,BUY,30,117.42551060035066,3522.76531801052,3.52276531801052
2020-10-14,UNH,SELL,-19,293.3710910375949,5272.662720416159,5.574050729714303
2020-10-14,VZ,BUY,18,42.695098845944564,768.5117792270022,0.7685117792270022
2020-10-14,WMT,SELL,-2,45.22595834369605,79.62540351359304,0.0904519166873921
2020-10-15,CRM,BUY,6,254.50252635374957,1527.0151581224975,1.5270151581224976
2020-10-15,DIS,BUY,24,122.18511546602745,2932.442771184659,2.932442771184659
2020-10-15,GS,BUY,10,184.22122543718675,1842.2122543718674,1.8422122543718675
2020-10-15,IBM,BUY,10,93.88336442571165,938.8336442571165,0.9388336442571165
2020-10-15,NKE,SELL,-55,116.71202708412694,5419.342493519699,6.419161489626982
2020-10-19,AAPL,SELL,-7,116.29985516863869,694.3830044558397,0.8140989861804708
2020-10-19,AMGN,BUY,17,197.66731911194125,3360.3444249030013,3.3603444249030017
2020-10-19,AXP,BUY,2,98.35132347615762,196.70264695231523,0.19670264695231524
2020-10-19,BA,BUY,8,169.17454133605955,1353.3963306884764,1.3533963306884764
2020-10-19,CAT,SELL,-19,151.78362940665846,2210.351885604191,2.883888958726511
2020-10-19,CSCO,SELL,-19,34.25692581919641,725.2044694904276,0.6508815905647318
2020-10-19,CVX,BUY,8,57.720734262668195,461.76587410134556,0.46176587410134556
2020-10-19,DIS,SELL,-25,124.37730081514634,2948.0635955590815,3.1094325203786584
2020-10-19,GS,SELL,-1,182.11401445409282,177.8007361494319,0.18211401445409284
2020-10-19,HON,SELL,-2,146.29602982960583,245.58427405744496,0.29259205965921165
2020-10-19,IBM,SELL,-7,95.84552367050485,636.4338885658345,0.670918665693534
2020-10-19,INTC,SELL,-17,48.8622439864336,855.2315851273839,0.8306581477693712
2020-10-19,JNJ,BUY,6,127.36064637726686,764.1638782636012,0.7641638782636012
2020-10-19,KO,BUY,14,42.43788916070821,594.1304482499149,0.5941304482499149
2020-10-19,MCD,SELL,-4,202.3397511292018,674.6557182569857,0.8093590045168072
2020-10-19,MMM,SELL,-6,117.3258250966815,646.5565677504006,0.7039549505800891
2020-10-19,MRK,BUY,10,64.27404258238495,642.7404258238495,0.6427404258238495
2020-10-19,MSFT,SELL,-2,210.36387395083196,394.55675172898236,0.42072774790166395
2020-10-19,NKE,BUY,46,119.24886618623874,5485.447844566982,5.485447844566982
2020-10-19,TRV,BUY,4,101.69928755686934,406.79715022747735,0.40679715022747737
2020-10-19,UNH,BUY,14,299.56403272248383,4193.896458114774,4.193896458114773
2020-10-19,VZ,BUY,15,41.75446182148387,626.316927322258,0.6263169273222581
2020-10-19,WMT,BUY,3,44.86920899720629,134.60762699161887,0.13460762699161888
2020-10-21,AAPL,SELL,-9,113.11024199959431,892.7781485860796,1.017992177996349
2020-10-21,AMGN,BUY,4,192.01873134237022,768.0749253694809,0.7680749253694809
2020-10-21,UNH,SELL,-13,294.5917341075179,3628.0914129052044,3.8296925433977327
2020-10-26,AAPL,BUY,8,110.64199408372572,885.1359526698058,0.8851359526698058
2020-10-26,AMGN,BUY,1,189.13999707205863,189.13999707205863,0.18913999707205864
2020-10-26,CRM,SELL,-4,241.62982324230532,832.1571904932284,0.9665192929692213
2020-10-26,CVX,BUY,25,56.631218567884105,1415.7804641971027,1.4157804641971028
2020-10-26,DIS,BUY,6,124.18551079839496,745.1130647903698,0.7451130647903698
2020-10-26,GS,BUY,7,177.98906501782682,1245.9234551247878,1.2459234551247877
2020-10-26,TRV,SELL,-50,110.85249416965652,5109.014651229239,5.542624708482827
2020-10-26,UNH,BUY,5,297.539834980876,1487.69917490438,1.48769917490438
2020-10-28,AMGN,SELL,-3,183.09902594696248,622.6502353134808,0.5492970778408874
2020-11-05,AAPL,BUY,12,114.46560156865657,1373.5872188238789,1.373587218823879
2020-11-05,AMGN,BUY,2,195.57784912859435,391.1556982571887,0.3911556982571887
2020-11-05,AXP,BUY,20,90.9420044172575,1818.84008834515,1.8188400883451499
2020-11-06,AAPL,SELL,-26,114.90778103364798,2593.255579197019,2.9876023068748476
2020-11-06,AMGN,SELL,-3,194.50196103631845,622.2701645417592,0.5835058831089553
2020-11-06,CRM,SELL,-8,256.1098911291387,1664.3143809864569,2.04887912903311
2020-11-06,CVX,BUY,5,57.23911732296883,286.19558661484416,0.2861955866148442
2020-11-06,DIS,BUY,3,123.41674775431242,370.25024326293726,0.37025024326293726
2020-11-06,GS,BUY,2,179.56940900790346,359.1388180158069,0.35913881801580694
2020-11-06,IBM,BUY,67,87.04525306058561,5832.031955059236,5.832031955059236
2020-11-06,MSFT,SELL,-6,212.11989460463528,1183.670255186947,1.2727193676278115
2020-11-06,NKE,BUY,7,119.93709693902163,839.5596785731514,0.8395596785731513
2020-11-06,TRV,SELL,-6,114.42376841929733,613.0817581475086,0.686542610515784
2020-11-06,UNH,SELL,-13,319.14023623428625,3634.4724352947305,4.1488230710457215
2020-11-10,AAPL,SELL,-4,112.21768077006436,398.9623967995414,0.44887072308025744
2020-11-10,AMGN,BUY,4,204.18617356973172,816.7446942789269,0.8167446942789269
2020-11-10,AXP,SELL,-51,110.83255328942764,4605.780332178394,5.65246021776081
2020-11-10,BA,SELL,-9,182.70860305023194,1628.0628912487991,1.6443774274520877
2020-11-10,CSCO,BUY,79,32.634290186978376,2578.1089247712916,2.578108924771292
2020-11-10,CVX,SELL,-37,63.99641664081982,2454.4670509898833,2.367867415710333
2020-11-10,DIS,SELL,-62,136.68124005253568,7320.018100266592,8.474236883257213
2020-11-10,GS,BUY,4,189.20511972199353,756.8204788879741,0.7568204788879741
2020-11-10,HD,BUY,13,238.72383521421926,3103.4098577848504,3.103409857784851
2020-11-10,HON,SELL,-23,167.09364883313302,2824.219151660617,3.8431539231620593
2020-11-10,IBM,SELL,-32,89.48256012384162,2893.0946050542893,2.863441923962932
2020-11-10,INTC,BUY,210,41.06327381063168,8623.287500232653,8.623287500232651
2020-11-10,JNJ,BUY,11,126.26306197294508,1388.893681702396,1.3888936817023958
2020-11-10,JPM,SELL,-27,102.0291450772757,2238.4069155360594,2.754786917086444
2020-11-10,KO,SELL,-80,44.54786510573694,3170.966618751141,3.563829208458955
2020-11-10,MCD,BUY,14,190.3658556640974,2665.121979297364,2.6651219792973637
2020-11-10,MMM,BUY,55,113.4396279734555,6239.179538540053,6.239179538540053
2020-11-10,MRK,BUY,9,65.60571196200526,590.4514076580473,0.5904514076580474
2020-11-10,MSFT,BUY,20,204.91875858168606,4098.375171633721,4.098375171633721
2020-11-10,NKE,SELL,-5,120.00630126816245,502.15744802865095,0.6000315063408123
2020-11-10,PG,BUY,19,120.15717138207071,2282.9862562593435,2.2829862562593433
2020-11-10,TRV,SELL,-10,121.08299411090056,1021.8029302458477,1.2108299411090055
2020-11-10,UNH,BUY,13,318.6662971134574,4142.661862474946,4.142661862474947
2020-11-10,VZ,SELL,-6,43.24064480710471,234.9616485005213,0.25944386884262827
2020-11-10,WMT,BUY,26,44.451746233827095,1155.7454020795044,1.1557454020795046
2020-11-12,INTC,SELL,-57,41.68183549235167,2752.5138958435628,2.3758646230640452
2020-11-12,JPM,SELL,-10,97.83844298176444,829.0395983466886,0.9783844298176445
2020-11-12,MMM,SELL,-42,115.35694750412824,4559.713659909449,4.844991795173386
2020-11-12,MSFT,SELL,-4,207.3002925965501,792.2641767434059,0.8292011703862003
2020-11-12,NKE,BUY,27,116.95811725563746,3157.8691659022115,3.1578691659022113
2020-11-13,AAPL,BUY,17,116.11157041448207,1973.8966970461952,1.9738966970461953
2020-11-13,CRM,BUY,11,249.30619038545854,2742.368094240044,2.7423680942400437
2020-11-13,CVX,SELL,-14,64.00430777160557,928.7172625367125,0.896060308802478
2020-11-16,AAPL,BUY,10,115.60604888249199,1156.06048882492,1.15606048882492
2020-11-16,CVX,SELL,-37,68.01887888650869,2454.4670509898833,2.5166985188008213
2020-11-16,GS,SELL,-21,196.2869049413166,3738.1594625143202,4.122025003767649
2020-11-16,IBM,BUY,7,90.80795362452814,635.6556753716969,0.635655675371697
2020-11-16,INTC,BUY,20,41.642136426861036,832.8427285372208,0.8328427285372207
2020-11-16,JPM,BUY,3,102.51417490469447,307.5425247140834,0.30754252471408344
2020-11-17,DIS,BUY,16,141.14823342587215,2258.3717348139544,2.2583717348139545
2020-11-17,NKE,BUY,2,120.52354641452948,241.04709282905895,0.24104709282905895
2020-11-18,CRM,BUY,3,252.8164341909057,758.4493025727171,0.7584493025727171
2020-11-18,CVX,SELL,-9,69.92409469039127,597.0325259164581,0.6293168522135215
2020-11-18,DIS,BUY,14,141.2460073265254,1977.4441025713554,1.9774441025713554
2020-11-18,GS,BUY,4,197.77538324186335,791.1015329674534,0.7911015329674534
2020-11-19,AAPL,BUY,3,114.31311014170139,342.9393304251042,0.34293933042510416
2020-11-19,CRM,SELL,-4,252.9971841544844,845.5269002679208,1.0119887366179376
2020-11-19,CVX,BUY,20,66.93377294077443,1338.6754588154886,1.3386754588154888
2020-11-19,DIS,BUY,3,139.35947562381799,418.078426871454,0.41807842687145397
2020-12-23,AAPL,SELL,-24,128.34868489771108,2416.573362945849,3.080368437545066
2020-12-23,DIS,SELL,-27,168.8961250962714,3246.0387100107887,4.560195377599327
2020-12-23,GS,SELL,-9,222.0517800885813,1605.2033209559659,1.9984660207972318
2020-12-23,IBM,BUY,31,95.09118405581245,2947.826705730186,2.947826705730186
2020-12-23,NKE,SELL,-65,131.81485077281923,6580.305004390201,8.56796530023325
2020-12-23,TRV,BUY,5,123.7828610040917,618.9143050204585,0.6189143050204586
2020-12-23,UNH,BUY,2,307.916767910766,615.833535821532,0.615833535821532
2020-12-24,AAPL,SELL,-8,127.53289325803277,805.524454315283,1.0202631460642622
2020-12-24,AMGN,BUY,19,188.08262321654956,3573.5698411144417,3.5735698411144416
2020-12-24,CVX,BUY,12,68.8060392609389,825.6724711312668,0.8256724711312668
2020-12-24,DIS,SELL,-21,169.9019290152618,2524.6967744528356,3.567940509320498
2020-12-24,GS,SELL,-12,226.9430914845445,2140.2710946079546,2.723317097814534
2020-12-24,IBM,SELL,-9,95.85502199021538,816.2680864839446,0.8626951979119385
2020-12-24,KO,BUY,103,45.32679239445868,4668.659616629244,4.6686596166292444
2020-12-24,MCD,BUY,8,188.27533322256636,1506.2026657805309,1.506202665780531
2020-12-24,MMM,SELL,-5,120.69351405351397,542.8230547511249,0.6034675702675698
2020-12-24,NKE,BUY,37,130.59541132010554,4832.0302188439055,4.832030218843904
2020-12-24,TRV,BUY,4,124.47709025278843,497.9083610111537,0.4979083610111537
2020-12-24,UNH,BUY,8,307.8710255966251,2462.9682047730007,2.462968204773001
2020-12-28,NKE,BUY,1,131.9281895914027,131.9281895914027,0.1319281895914027
2020-12-29,NKE,BUY,2,132.19662373619863,264.39324747239726,0.2643932474723973
2021-01-20,AAPL,BUY,31,125.07462027009419,3877.3132283729196,3.8773132283729197
2021-01-20,AMGN,SELL,-15,208.24621861291956,3084.0477083958685,3.1236932791937932
2021-01-20,BA,SELL,-16,213.13338549041748,2894.334028886754,3.41013416784668
2021-01-20,CAT,SELL,-11,175.28620405529048,1279.6774074550578,1.9281482446081952
2021-01-20,CSCO,SELL,-103,38.99029672221301,3892.0756667238406,4.016000562387941
2021-01-20,CVX,SELL,-37,76.03052692577226,2457.0302639504725,2.813129496253574
2021-01-20,DIS,BUY,17,171.2742179751694,2911.6617055778797,2.9116617055778797
2021-01-20,GS,SELL,-27,261.1823141798742,4815.609962867898,7.051922482856603
2021-01-20,HD,BUY,10,240.43027748810755,2404.3027748810755,2.4043027748810757
2021-01-20,HON,BUY,5,175.21649913412392,876.0824956706197,0.8760824956706196
2021-01-20,IBM,SELL,-14,99.45916882502443,1269.7503567528026,1.392428363550342
2021-01-20,INTC,SELL,-151,52.624104981416174,7270.043884324741,7.946239852193842
2021-01-20,JNJ,SELL,-9,140.7713426024468,1094.2536112076796,1.2669420834220213
2021-01-20,JPM,SELL,-54,120.68962962368954,4484.9596127165905,6.517239999679236
2021-01-20,KO,BUY,123,41.49683461646501,5104.110657825196,5.104110657825196
2021-01-20,MCD,BUY,12,186.52683013623377,2238.321961634805,2.238321961634805
2021-01-20,MMM,BUY,13,117.08772990459804,1522.1404887597744,1.5221404887597745
2021-01-20,MRK,BUY,42,67.31239082814957,2827.1204147822823,2.827120414782282
2021-01-20,MSFT,BUY,5,208.52026341405275,1042.6013170702638,1.042601317070264
2021-01-20,NKE,BUY,8,129.92901535260057,1039.4321228208046,1.0394321228208045
2021-01-20,PG,BUY,37,115.31086053913563,4266.501839948019,4.266501839948019
2021-01-20,UNH,SELL,-8,321.6780262304089,2268.567841543065,2.573424209843271
2021-01-20,VZ,BUY,108,41.374116204038216,4468.404550036127,4.468404550036127
2021-01-20,WMT,BUY,68,44.56457604365801,3030.3911709687445,3.0303911709687448
2021-01-21,AAPL,SELL,-17,129.94139692937577,1737.1858049334821,2.2090037477993882
2021-01-21,AMGN,SELL,-2,212.10110231374415,411.2063611194491,0.4242022046274883
2021-01-21,AXP,SELL,-5,120.31844030972188,451.54709139003864,0.6015922015486095
2021-01-21,CAT,BUY,2,175.17919250607315,350.3583850121463,0.35035838501214633
2021-01-21,CRM,BUY,40,220.5635903326146,8822.543613304584,8.822543613304584
2021-01-21,CSCO,SELL,-1,38.878475504571085,37.787142395377096,0.03887847550457109
2021-01-21,CVX,SELL,-3,75.11817962192887,199.2186700500383,0.22535453886578663
2021-01-21,DIS,SELL,-6,169.16953314413448,737.6143022110218,1.015017198864807
2021-01-21,GS,BUY,9,256.6976756227397,2310.2790806046573,2.3102790806046576
2021-01-21,IBM,BUY,7,99.88106810348339,699.1674767243837,0.6991674767243837
2021-01-21,INTC,SELL,-7,53.34696805151325,337.021901922339,0.37342877636059274
2021-01-21,JNJ,BUY,1,139.28893989125433,139.28893989125433,0.13928893989125432
2021-01-21,JPM,BUY,5,118.94327354627345,594.7163677313672,0.5947163677313672
2021-01-21,KO,BUY,1,41.702009833001185,41.702009833001185,0.04170200983300119
2021-01-21,MCD,SELL,-4,189.80736366020673,686.7105932842771,0.7592294546408269
2021-01-21,MMM,BUY,6,117.90505212484247,707.4303127490548,0.7074303127490549
2021-01-21,MRK,SELL,-11,66.08195673757469,697.8245763376061,0.7269015241133215
2021-01-21,NKE,BUY,6,131.80789872281414,790.8473923368849,0.7908473923368848
2021-01-21,PG,BUY,6,114.3607842319014,686.1647053914085,0.6861647053914085
2021-01-21,TRV,SELL,-4,133.42284186573715,411.1114754778585,0.5336913674629487
2021-01-22,AMGN,BUY,6,212.53236639617003,1275.1941983770203,1.2751941983770203
2021-01-22,CRM,BUY,3,221.75669680207366,665.270090406221,0.6652700904062211
2021-01-28,AMGN,SELL,-11,212.50511290687456,2263.944714769119,2.33755624197562
2021-01-29,AAPL,SELL,-15,131.9128158775094,1532.8110043530726,1.9786922381626408
2021-01-29,AMGN,BUY,8,206.35673883085758,1650.8539106468606,1.6508539106468607
2021-01-29,AXP,BUY,22,110.53448255235877,2431.758616151893,2.431758616151893
2021-01-29,PG,SELL,-2,113.84423126916948,214.56615962651205,0.22768846253833896
2021-02-03,CSCO,SELL,-23,39.35154170537344,869.1042750936732,0.9050854592235892
2021-02-05,AAPL,BUY,10,133.72199149092364,1337.2199149092364,1.3372199149092365
2021-02-05,CRM,SELL,-15,235.57184417528853,3198.521191760331,3.5335776626293285
2021-02-05,CSCO,SELL,-24,40.917006478752945,906.8914174890504,0.9820081554900707
2021-02-05,CVX,BUY,40,72.05291149617477,2882.116459846991,2.882116459846991
2021-02-05,NKE,SELL,-51,130.70592692695163,5299.688219450607,6.666002273274533
2021-02-05,PG,BUY,6,113.02153856348794,678.1292313809276,0.6781292313809276
2021-02-05,TRV,SELL,-8,130.2973805971124,822.222950955717,1.0423790447768992
2021-02-05,UNH,BUY,3,303.9086864459382,911.7260593378146,0.9117260593378146
2021-02-05,VZ,BUY,32,40.0605437127711,1281.9373988086752,1.2819373988086753
2021-02-05,WMT,BUY,3,44.524229651720646,133.57268895516194,0.13357268895516194
2021-02-08,AAPL,BUY,10,132.43685835840637,1324.3685835840638,1.3243685835840637
2021-02-08,AMGN,BUY,12,200.5096985201868,2406.1163822422413,2.4061163822422413
2021-02-08,AXP,SELL,-13,118.98668685358744,1190.1798911964033,1.546826929096637
2021-02-08,BA,BUY,3,209.65477805328365,628.964334159851,0.6289643341598511
2021-02-08,CRM,BUY,13,236.16250178877948,3070.112523254133,3.0701125232541333
2021-02-08,CSCO,SELL,-7,41.78943202569558,264.5099967676397,0.29252602417986906
2021-02-08,CVX,SELL,-28,72.26101354114837,1869.91473833986,2.0233083791521547
2021-02-08,DIS,SELL,-4,179.53024799465553,491.74286814068125,0.7181209919786221
2021-02-08,GS,SELL,-2,260.4583304545915,364.21265505503527,0.520916660909183
2021-02-08,HD,SELL,-1,245.85072329221106,223.5831401912465,0.24585072329221105
2021-02-08,HON,BUY,7,171.7614167354338,1202.3299171480367,1.2023299171480366
2021-02-08,IBM,BUY,12,94.12399535027687,1129.4879442033225,1.1294879442033225
2021-02-08,INTC,BUY,5,53.123903982457534,265.61951991228767,0.26561951991228766
2021-02-08,JNJ,SELL,-1,142.34986147017045,121.64478701074356,0.14234986147017045
2021-02-08,JPM,BUY,5,121.14347607232529,605.7173803616264,0.6057173803616264
2021-02-08,KO,SELL,-20,42.66810458363663,808.0528918683116,0.8533620916727326
2021-02-08,MCD,BUY,5,188.63926732139706,943.1963366069853,0.9431963366069853
2021-02-08,MMM,SELL,-7,124.07027596019698,763.1964498576356,0.8684919317213788
2021-02-08,MSFT,SELL,-18,232.6643950399062,3570.0138196044963,4.187959110718311
2021-02-08,NKE,SELL,-25,134.20959201221405,2597.886382083631,3.3552398003053514
2021-02-08,PG,BUY,2,113.73055612257066,227.46111224514132,0.22746111224514132
2021-02-08,TRV,BUY,11,130.35565823779064,1433.912240615697,1.433912240615697
2021-02-08,UNH,BUY,12,299.10134038221094,3589.216084586531,3.5892160845865315
2021-02-08,VZ,BUY,7,40.18391375194191,281.28739626359334,0.28128739626359334
2021-02-08,WMT,SELL,-1,44.89829641581167,40.33025833591619,0.044898296415811674
2021-02-09,AAPL,SELL,-17,132.8783302287044,1758.4906495089717,2.258931613887975
2021-02-09,AMGN,SELL,-1,199.71168317244877,205.5267171205996,0.19971168317244878
2021-02-09,AXP,SELL,-3,119.71822190713506,274.65689796840076,0.3591546657214052
2021-02-09,BA,SELL,-2,210.49470610046387,362.67212813884004,0.4209894122009278
2021-02-09,CAT,SELL,-3,179.72610458507395,350.5247797215481,0.5391783137552218
2021-02-09,CRM,SELL,-3,235.9757338370296,643.9022781228903,0.7079272015110888
2021-02-09,CSCO,SELL,-13,41.94918218246839,491.23285113990227,0.5453393683720892
2021-02-09,CVX,SELL,-11,72.90929163644816,734.6093614906592,0.8020022080009297
2021-02-09,DIS,SELL,-38,183.748721862582,4671.557247336472,6.982451430778116
2021-02-09,GS,SELL,-11,264.51965664905987,2003.169602802694,2.9097162231396583
2021-02-09,IBM,SELL,-15,94.72693836236498,1363.5414133674171,1.4209040754354745
2021-02-09,INTC,SELL,-3,53.425331494598844,144.53467917125462,0.1602759944837965
2021-02-09,KO,SELL,-22,42.57416017656084,888.8581810551427,0.9366315238843383
2021-02-09,MCD,BUY,5,188.23096225325318,941.1548112662659,0.9411548112662659
2021-02-09,MMM,SELL,-3,125.39885007639174,327.0841927961295,0.3761965502291752
2021-02-09,MRK,BUY,66,60.72264482182801,4007.694558240649,4.007694558240649
2021-02-09,MSFT,BUY,7,231.67112383076878,1621.6978668153815,1.6216978668153814
2021-02-09,NKE,BUY,67,132.90930261814495,8904.923275415711,8.904923275415712
2021-02-09,PG,BUY,3,113.31917040010053,339.9575112003016,0.33995751120030165
2021-02-09,TRV,BUY,8,131.7531685474124,1054.0253483792992,1.0540253483792992
2021-02-10,DIS,BUY,2,185.70181748866972,371.40363497733944,0.37140363497733947
2021-02-10,NKE,BUY,4,131.84492914824997,527.3797165929999,0.5273797165929999
2021-02-11,AAPL,BUY,6,132.31030136962553,793.8618082177532,0.7938618082177532
2021-02-11,NKE,SELL,-3,132.22165224857733,322.2097223876819,0.396664956745732
2021-02-12,AAPL,BUY,21,130.80118098477084,2746.8248006801878,2.7468248006801876
2021-02-12,AMGN,BUY,3,199.496705517642,598.490116552926,0.598490116552926
2021-02-12,BA,BUY,1,210.46518061065672,210.46518061065672,0.21046518061065672
2021-02-12,CRM,BUY,3,237.5823855881205,712.7471567643615,0.7127471567643616
2021-02-12,UNH,SELL,-2,303.21176969383447,569.5553988348502,0.6064235393876689
2021-02-17,AAPL,SELL,-5,127.65541184569369,524.6364293752401,0.6382770592284684
2021-02-17,AMGN,BUY,2,197.19655009566708,394.39310019133416,0.39439310019133417
2021-02-17,AXP,SELL,-7,121.99724381874735,640.8660952596017,0.8539807067312315
2021-02-17,BA,SELL,-5,215.41224427032472,907.4272207712343,1.0770612213516235
2021-02-17,CAT,SELL,-6,184.13873190329488,701.0495594430962,1.1048323914197693
2021-02-17,CRM,SELL,-19,244.87060850327975,4084.188853905948,4.652541561562314
2021-02-17,CSCO,BUY,50,39.8816958819618,1994.0847940980898,1.99408479409809
2021-02-17,CVX,BUY,11,77.52363715790521,852.7600087369574,0.8527600087369573
2021-02-17,DIS,BUY,31,181.1858761641073,5616.762161087327,5.616762161087326
2021-02-17,TRV,SELL,-17,132.32403120996395,1774.2198757306846,2.249508530569387
2021-02-18,AMGN,SELL,-4,199.62796433040293,821.4480937173039,0.7985118573216118
2021-02-18,DIS,SELL,-8,180.44815246776182,1034.142447990321,1.4435852197420946
2021-02-18,GS,BUY,2,273.2864823354513,546.5729646709026,0.5465729646709026
2021-02-18,IBM,BUY,46,93.73271347671982,4311.704819929112,4.311704819929113
2021-02-18,MCD,SELL,-7,189.12463648155403,1206.8436367372146,1.3238724553708783
2021-02-18,MSFT,SELL,-3,231.90549014050305,598.807072167276,0.6957164704215092
2021-02-23,AXP,SELL,-11,127.99017958111018,1007.0752925508027,1.407891975392212
2021-02-23,CAT,SELL,-15,199.733107121914,1752.6238986077406,2.99599660682871
2021-02-23,CRM,BUY,7,231.97190547024312,1623.8033382917017,1.6238033382917019
2021-02-23,GS,SELL,-9,280.7475387509447,1648.2295058637199,2.5267278487585028
2021-02-23,HD,BUY,3,237.02504330769662,711.0751299230899,0.71107512992309
2021-02-23,HON,BUY,1,172.76424162730765,172.76424162730765,0.17276424162730766
2021-02-23,IBM,SELL,-17,93.96539468190711,1549.4300032713386,1.597411709592421
2021-02-23,INTC,SELL,-21,54.97982148060099,1011.7427541987824,1.1545762510926207
2021-02-23,JNJ,BUY,4,140.296482386945,561.18592954778,0.56118592954778
2021-02-23,JPM,SELL,-30,132.67803792292614,2523.715241280983,3.980341137687784
2021-02-23,KO,BUY,15,43.59989667718286,653.9984501577429,0.6539984501577429
2021-02-23,MCD,BUY,2,190.3878505976359,380.7757011952718,0.38077570119527177
2021-02-23,MMM,SELL,-7,123.86480181683056,763.1964498576356,0.867053612717814
2021-02-23,MRK,BUY,32,60.87626392449961,1948.0404455839875,1.9480404455839875
2021-02-23,MSFT,BUY,2,221.12588675242048,442.25177350484097,0.44225177350484096
2021-02-23,NKE,BUY,20,125.90286233127215,2518.057246625443,2.518057246625443
2021-02-23,PG,BUY,9,111.84863003302459,1006.6376702972213,1.0066376702972215
2021-02-23,TRV,BUY,6,134.67437376358228,808.0462425814937,0.8080462425814937
2021-02-23,VZ,SELL,-9,41.18777394533007,354.8743201099279,0.3706899655079707
2021-02-24,AAPL,BUY,17,121.63977383581071,2067.876155208782,2.0678761552087823
2021-02-24,AMGN,BUY,1,195.10853302979396,195.10853302979396,0.19510853302979397
2021-02-24,AXP,SELL,-4,128.67483483417857,366.209197291201,0.5146993393367143
2021-02-24,BA,BUY,3,212.2060561065674,636.6181683197021,0.6366181683197021
2021-02-24,CAT,SELL,-3,200.53373189572437,350.5247797215481,0.6016011956871732
2021-02-24,CRM,BUY,2,232.23812195055817,464.47624390111633,0.46447624390111636
2021-02-24,CSCO,BUY,23,38.951812180841515,895.8916801593548,0.8958916801593548
2021-02-24,CVX,SELL,-38,81.4313007740337,2545.5905994771015,3.0943894294132805
2021-02-24,DIS,SELL,-17,192.93763882158305,2197.552701979432,3.279939859966912
2021-02-24,GS,BUY,5,282.9640406665393,1414.8202033326966,1.4148202033326964
2021-02-24,HD,BUY,4,231.61376605528048,926.4550642211219,0.9264550642211219
2021-02-24,HON,SELL,-2,172.49053000452108,251.0415979997164,0.34498106000904216
2021-02-24,IBM,BUY,11,93.9660654192518,1033.6267196117699,1.0336267196117699
2021-02-24,INTC,SELL,-9,55.025269555976465,433.6040375137639,0.4952274260037882
2021-02-24,JNJ,BUY,1,141.09584072695924,141.09584072695924,0.14109584072695924
2021-02-24,JPM,SELL,-4,131.51777439423617,336.49536550413103,0.5260710975769447
2021-02-24,KO,SELL,-1,43.03534758343455,40.448758806162225,0.04303534758343455
2021-02-24,MCD,SELL,-1,186.95218413466523,172.5660704131846,0.18695218413466524
2021-02-24,MMM,BUY,6,122.9132196285705,737.479317771423,0.7374793177714231
2021-02-24,MRK,SELL,-26,60.41963244779583,1639.8097061900717,1.5709104436426917
2021-02-24,MSFT,BUY,5,220.81864281711768,1104.0932140855884,1.1040932140855884
2021-02-24,NKE,BUY,23,125.00508272545495,2875.116902685464,2.875116902685464
2021-02-24,PG,SELL,-4,111.36081717882018,430.2777378429,0.4454432687152807
2021-02-24,TRV,SELL,-6,133.99426795228766,629.5422010368507,0.8039656077137259
2021-02-24,UNH,BUY,10,300.5960755375014,3005.960755375014,3.005960755375014
2021-02-24,VZ,SELL,-16,41.38352409924428,630.8876801954274,0.6621363855879085
2021-02-24,WMT,BUY,63,42.168600919338346,2656.621857918316,2.656621857918316
2021-03-01,UNH,SELL,-17,305.66173807303716,4853.84588512164,5.196249547241632
2021-03-01,VZ,BUY,19,40.27099877348472,765.1489766962097,0.7651489766962096
2021-03-02,AAPL,SELL,-7,124.89318484223541,738.3527216444251,0.874252293895648
2021-03-02,AMGN,BUY,5,192.6725339294238,963.362669647119,0.963362669647119
2021-03-02,AXP,SELL,-4,129.65018241900304,366.209197291201,0.5186007296760122
2021-03-02,BA,SELL,-10,224.67759828948974,1819.6296661982697,2.246775982894898
2021-03-02,CRM,BUY,17,215.34753557217215,3660.9081047269265,3.6609081047269267
2021-03-02,CSCO,SELL,-9,39.50637743948023,341.2137049501441,0.3555573969553221
2021-03-02,CVX,SELL,-13,82.69741551442142,870.8599419263768,1.0750664016874787
2021-03-02,DIS,BUY,2,191.68402194265718,383.36804388531436,0.38336804388531437
2021-03-02,GS,SELL,-6,292.50461868796367,1116.1307854146405,1.755027712127782
2021-03-02,HD,BUY,4,230.2499361669299,920.9997446677196,0.9209997446677196
2021-03-02,HON,SELL,-2,174.8437711652348,251.0415979997164,0.3496875423304696
2021-03-02,INTC,SELL,-21,57.08884159870303,1011.7427541987824,1.1988656735727639
2021-03-02,JNJ,BUY,2,138.81953574023123,277.63907148046246,0.27763907148046246
2021-03-02,KO,BUY,12,42.60820642460971,511.29847709531657,0.5112984770953165
2021-03-02,MCD,BUY,1,185.7544314105104,185.7544314105104,0.1857544314105104
2021-03-02,MRK,BUY,19,58.89531178720075,1119.0109239568142,1.1190109239568142
2021-03-02,MSFT,SELL,-2,227.3114739917881,400.791188032086,0.45462294798357616
2021-03-02,NKE,SELL,-7,127.4503125079581,760.4456483146795,0.8921521875557067
2021-03-02,PG,BUY,9,108.4261109716128,975.8349987445152,0.9758349987445153
2021-03-02,TRV,SELL,-2,134.96309975802254,209.8474003456169,0.2699261995160451
2021-03-02,UNH,BUY,14,306.5532531386667,4291.745543941334,4.291745543941334
2021-03-02,VZ,BUY,10,40.14037365209195,401.40373652091955,0.40140373652091954
2021-03-05,UNH,SELL,-16,306.4183605503516,4590.760639690057,4.9026937688056265
2021-03-05,WMT,BUY,50,39.36294960808007,1968.1474804040035,1.9681474804040038
2021-03-08,AAPL,BUY,25,117.73570574626386,2943.3926436565966,2.9433926436565967
2021-03-08,AXP,SELL,-19,138.1284568144018,1739.4936871332047,2.624440679473634
2021-03-08,CRM,BUY,7,210.63432122279798,1474.4402485595858,1.4744402485595858
2021-03-08,CSCO,SELL,-8,39.77301956699815,303.30107106679475,0.3181841565359852
2021-03-08,CVX,SELL,-33,89.16614900133344,2210.644467966956,2.9424829170440034
2021-03-08,DIS,BUY,7,192.8667557497534,1350.0672902482738,1.3500672902482738
2021-03-08,HD,BUY,5,223.6947278914823,1118.4736394574115,1.1184736394574115
2021-03-08,HON,SELL,-1,175.4948772166455,125.5207989998582,0.1754948772166455
2021-03-08,IBM,SELL,-9,95.57395067004127,820.807907545838,0.8601655560303715
2021-03-08,INTC,BUY,24,55.02573329138247,1320.6175989931794,1.3206175989931794
2021-03-08,JNJ,BUY,6,136.40423094963376,818.4253856978025,0.8184253856978025
2021-03-08,JPM,SELL,-1,133.5186953433717,84.12384137603276,0.13351869534337168
2021-03-08,KO,SELL,-19,43.95771323292478,768.994879788068,0.8351965514255708
2021-03-08,MCD,BUY,1,185.4865117505815,185.4865117505815,0.1854865117505815
2021-03-08,MMM,SELL,-8,126.2930775504763,874.1342203047695,1.0103446204038105
2021-03-08,MRK,SELL,-7,60.0723057415305,440.6952444590992,0.42050614019071353
2021-03-08,MSFT,BUY,3,222.12430945202368,666.372928356071,0.6663729283560711
2021-03-08,NKE,BUY,18,123.94226052112464,2230.9606893802434,2.2309606893802436
2021-03-08,PG,SELL,-4,109.97045874819422,430.35954249645965,0.4398818349927769
2021-03-08,TRV,SELL,-5,137.8093474480153,524.6185008640423,0.6890467372400765
2021-03-08,VZ,SELL,-12,40.564258250685135,473.4366265989728,0.48677109900822163
2021-03-08,WMT,SELL,-2,40.098721189927254,80.7919984386234,0.0801974423798545
2021-03-24,AAPL,SELL,-1,119.45626453001232,106.05385448967144,0.11945626453001232
2021-03-24,AMGN,SELL,-10,207.7426803355504,2050.1600963637275,2.077426803355504
2021-03-24,AXP,BUY,32,129.52645630424595,4144.8466017358705,4.14484660173587
2021-03-24,BA,SELL,-8,243.628125,1455.7037329586158,1.9490250000000002
2021-03-24,CAT,BUY,6,200.82544021485793,1204.9526412891476,1.2049526412891476
2021-03-24,CRM,BUY,5,212.1232317558657,1060.6161587793285,1.0606161587793286
2021-03-24,CSCO,SELL,-54,42.95554567059161,2047.2822297008645,2.319599466211947
2021-03-24,NKE,SELL,-21,126.42187842613028,2290.3777409877766,2.654859446948736
2021-03-24,PG,SELL,-10,114.50008331604586,1075.8988562411491,1.1450008331604586
2021-03-24,TRV,BUY,8,133.89032944687008,1071.1226355749607,1.0711226355749608
2021-03-24,VZ,BUY,7,41.17818159869518,288.2472711908663,0.2882472711908663
2021-03-24,WMT,SELL,-17,41.85400900080349,686.7319867282988,0.7115181530136593
2021-03-26,AAPL,BUY,17,117.17101608119712,1991.9072733803512,1.9919072733803513
2021-03-26,CRM,BUY,10,202.7658901767034,2027.658901767034,2.027658901767034
2021-03-29,CRM,BUY,1,206.08878592825693,206.08878592825693,0.20608878592825694
2021-03-30,AAPL,BUY,13,116.93736517501397,1520.1857472751815,1.5201857472751816
2021-03-31,AXP,SELL,-10,134.49870858030604,952.458343483512,1.3449870858030604
2021-03-31,BA,SELL,-4,254.57264694976809,727.8518664793079,1.0182905877990724
2021-03-31,CAT,SELL,-8,213.21661443373907,953.838076041514,1.7057329154699126
2021-03-31,CRM,SELL,-4,207.29141341291896,859.5836963525052,0.8291656536516758
2021-03-31,CSCO,SELL,-13,44.5812135416486,492.8642404835415,0.5795557760414318
2021-03-31,CVX,BUY,36,85.7537273949871,3087.1341862195354,3.0871341862195356
2021-03-31,HD,SELL,-23,270.2207671615763,5154.9394741790875,6.215077644716255
2021-03-31,HON,SELL,-2,184.50047307674953,251.0415979997164,0.36900094615349904
2021-03-31,IBM,SELL,-24,104.54932268684843,2188.821086788901,2.5091837444843623
2021-03-31,INTC,SELL,-1,58.18879701526073,48.399709093414366,0.05818879701526073
2021-03-31,JNJ,SELL,-2,143.1767633841011,244.72642167919133,0.2863535267682022
2021-03-31,KO,SELL,-7,45.66699310127542,283.3139030798145,0.31966895170892795
2021-03-31,MCD,SELL,-7,199.94324280515823,1208.7711726106243,1.3996026996361077
2021-03-31,MMM,SELL,-10,135.30666353517915,1092.667775380962,1.3530666353517915
2021-03-31,MRK,SELL,-9,62.824634566102205,566.6081714474133,0.5654217110949199
2021-03-31,MSFT,BUY,9,223.60277134312426,2012.4249420881183,2.0124249420881184
2021-03-31,NKE,BUY,54,123.43216559241297,6665.3369419903,6.665336941990301
2021-03-31,UNH,BUY,2,342.35543682765257,684.7108736553051,0.6847108736553051
2021-03-31,VZ,SELL,-6,42.34053624928699,236.7895575807536,0.25404321749572195
2021-03-31,WMT,BUY,8,42.24493770553528,337.9595016442822,0.33795950164428223
2021-04-05,AAPL,SELL,-6,120.47751712185466,639.8513552579437,0.722865102731128
2021-04-05,CRM,SELL,-4,216.3242148620005,859.5836963525052,0.865296859448002
2021-04-05,CVX,SELL,-9,85.81410236248817,614.505514493296,0.7723269212623937
2021-04-05,DIS,BUY,8,187.1582562137076,1497.2660497096608,1.4972660497096608
2021-04-05,GS,BUY,5,295.1783903911056,1475.891951955528,1.475891951955528
2021-04-05,IBM,SELL,-7,103.84995437556532,638.4061503134295,0.7269496806289573
2021-04-05,KO,BUY,1,45.126506646646455,45.126506646646455,0.045126506646646455
2021-04-05,MCD,BUY,2,202.36518834352034,404.7303766870407,0.4047303766870407
2021-04-05,MMM,BUY,6,135.40707909714337,812.4424745828602,0.8124424745828602
2021-04-05,MSFT,SELL,-6,232.88512317429942,1210.6781320432783,1.3973107390457966
2021-04-05,NKE,BUY,1,123.44144775981292,123.44144775981292,0.12344144775981292
2021-04-05,TRV,BUY,14,138.02428924101048,1932.3400493741467,1.9323400493741467
2021-04-05,UNH,BUY,9,339.4351041716569,3054.915937544912,3.0549159375449126
2021-04-06,CRM,BUY,6,216.74772802475835,1300.4863681485501,1.3004863681485501
2021-04-06,CVX,SELL,-1,84.61290601294868,68.27839049925511,0.08461290601294869
2021-04-06,DIS,SELL,-5,184.07098335862662,663.7321054462034,0.9203549167931331
2021-04-06,IBM,SELL,-23,105.35748715402188,2097.620208172697,2.4232222045425034
2021-04-06,INTC,SELL,-14,60.0523548414859,677.5959273078012,0.8407329677808026
2021-04-06,JPM,BUY,19,134.72161286405424,2559.7106444170304,2.5597106444170303
2021-04-06,KO,SELL,-5,45.67560135914715,202.38974951499333,0.22837800679573575
2021-04-06,MCD,BUY,3,205.1425480103754,615.4276440311262,0.6154276440311263
2021-04-06,MMM,BUY,4,136.18229952418608,544.7291980967443,0.5447291980967444
2021-04-06,MSFT,SELL,-1,237.4777376307101,201.77968867387972,0.2374777376307101
2021-04-06,NKE,SELL,-15,125.4860850373258,1653.5694869183828,1.8822912755598868
2021-04-06,TRV,BUY,8,137.82486139474614,1102.598891157969,1.1025988911579692
2021-04-08,AAPL,BUY,8,125.5438398489891,1004.3507187919128,1.0043507187919127
2021-04-08,UNH,SELL,-10,333.2901335974267,2897.6877837776656,3.3329013359742667
2021-04-08,WMT,SELL,-9,43.72828751322653,363.69514920139943,0.39355458761903883
2021-04-19,AAPL,SELL,-40,129.85347911020855,4276.400210829411,5.194139164408342
2021-04-19,AMGN,BUY,1,214.6134550598906,214.6134550598906,0.21461345505989063
2021-04-19,AXP,SELL,-5,140.3403654397864,476.229171741756,0.701701827198932
2021-04-19,BA,BUY,7,247.0,1729.0,1.729
2021-04-19,CAT,BUY,5,212.1093611599334,1060.546805799667,1.060546805799667
2021-04-19,CRM,SELL,-7,227.37633789351213,1504.5941896348863,1.591634365254585
2021-04-19,CSCO,BUY,4,45.55277672435275,182.211106897411,0.18221110689741102
2021-04-19,CVX,BUY,15,83.9013334864763,1258.5200022971446,1.2585200022971446
2021-04-19,DIS,BUY,5,183.28743487954938,916.437174397747,0.916437174397747
2021-04-19,GS,SELL,-7,301.3684872473098,1324.3646803603167,2.1095794107311687
2021-04-19,HD,SELL,-7,288.7868423488894,1568.8946225762438,2.021507896442226
2021-04-19,HON,SELL,-7,195.93292435191583,878.6455929990074,1.371530470463411
2021-04-19,IBM,BUY,15,103.92271583784883,1558.8407375677325,1.5588407375677324
2021-04-19,INTC,BUY,31,58.874889097880626,1825.1215620342994,1.8251215620342993
2021-04-19,JNJ,BUY,14,141.18269142398668,1976.5576799358137,1.9765576799358135
2021-04-19,KO,SELL,-1,46.50231475639344,40.47794990299867,0.04650231475639344
2021-04-19,MRK,BUY,16,63.376891214589484,1014.0302594334318,1.0140302594334318
2021-04-19,MSFT,SELL,-6,249.5430133906824,1210.6781320432783,1.4972580803440945
2021-04-19,NKE,BUY,14,124.5543744168274,1743.7612418355836,1.7437612418355837
2021-04-19,PG,BUY,5,119.86657638805609,599.3328819402805,0.5993328819402806
2021-04-19,TRV,SELL,-2,141.8078618984768,215.43545032184332,0.2836157237969536
2021-04-19,UNH,BUY,8,358.15083121768845,2865.2066497415076,2.865206649741508
2021-04-19,VZ,BUY,25,42.91222624243561,1072.8056560608902,1.0728056560608903
2021-04-19,WMT,BUY,5,43.72217281643177,218.61086408215886,0.21861086408215888
2021-04-21,UNH,SELL,-22,365.921149610688,6434.200027265673,8.050265291435135
2021-04-21,VZ,SELL,-7,42.79605721693031,276.8367980298505,0.29957240051851214
2021-04-21,WMT,SELL,-7,43.827925157738086,282.98864986409836,0.30679547610416663
2021-04-27,AAPL,BUY,9,131.44375530561356,1182.9937977505222,1.1829937977505223
2021-04-27,AMGN,BUY,4,216.59960503007014,866.3984201202805,0.8663984201202806
2021-04-27,AXP,SELL,-4,141.76076079243347,380.9833373934048,0.5670430431697339
2021-04-27,BA,BUY,3,242.00094488525392,726.0028346557617,0.7260028346557617
2021-04-27,CRM,SELL,-15,231.93706924026205,3224.1304063604707,3.4790560386039306
2021-04-27,CSCO,BUY,11,44.72895756369063,492.0185332005969,0.49201853320059685
2021-04-27,CVX,BUY,33,82.71515930803392,2729.6002571651193,2.7296002571651194
2021-04-27,UNH,SELL,-6,362.0679424062587,1754.781825617911,2.1724076544375523
2021-04-27,VZ,BUY,21,41.50383405065537,871.5805150637627,0.8715805150637629
2021-04-27,WMT,BUY,16,43.00848131850028,688.1357010960045,0.6881357010960045
2021-04-30,AAPL,SELL,-10,128.17087335012968,1073.2427121879139,1.2817087335012969
2021-04-30,AMGN,BUY,13,198.84317100017364,2584.961223002257,2.5849612230022574
2021-04-30,CRM,BUY,10,229.5463006233494,2295.463006233494,2.295463006233494
2021-04-30,CVX,SELL,-54,85.2053668716975,3755.3265137158132,4.601089811071665
2021-04-30,DIS,BUY,2,180.13992984006717,360.27985968013434,0.3602798596801343
2021-04-30,GS,SELL,-6,311.22492421295397,1135.1697260231285,1.8673495452777238
2021-04-30,IBM,SELL,-38,111.66746241955819,3480.492910400059,4.2433635719432115
2021-04-30,INTC,BUY,78,52.42322572134635,4089.011606265015,4.089011606265015
2021-04-30,KO,SELL,-17,46.717592862252964,688.1251483509774,0.7941990786583004
2021-04-30,MCD,SELL,-3,208.7648541924731,520.1441191583301,0.6262945625774194
2021-04-30,MMM,SELL,-3,137.90195803417325,330.1273463735141,0.41370587410251974
2021-04-30,MSFT,BUY,4,239.76027253045055,959.0410901218022,0.9590410901218022
2021-04-30,NKE,BUY,1,122.8293200561936,122.8293200561936,0.1228293200561936
2021-04-30,TRV,SELL,-2,140.85690137337352,215.43545032184332,0.28171380274674707
2021-04-30,UNH,BUY,21,368.2525070213389,7733.302647448117,7.7333026474481175
2021-05-03,AAPL,BUY,22,128.5522579974649,2828.1496759442275,2.8281496759442275
2021-05-03,CRM,SELL,-6,227.31723453576998,1293.4786097579833,1.36390340721462
2021-05-03,UNH,SELL,-23,367.88438674204053,6913.4290930781735,8.461340895066934
2021-05-04,AAPL,SELL,-17,127.59702965434519,1839.080073206103,2.169149504123868
2021-05-04,AMGN,SELL,-9,209.6674894684101,1844.153880042058,1.8870074052156913
2021-05-04,CRM,BUY,17,218.57185263029638,3715.7214947150383,3.7157214947150385
2021-05-04,CVX,BUY,6,86.08681824202512,516.5209094521507,0.5165209094521507
2021-05-04,GS,BUY,1,309.56654490200856,309.56654490200856,0.3095665449020086
2021-05-04,IBM,SELL,-1,112.2191786624176,91.5919186947384,0.11221917866241761
2021-05-04,INTC,BUY,17,51.75894998023208,879.9021496639454,0.8799021496639454
2021-05-04,JPM,BUY,5,134.79216981369788,673.9608490684894,0.6739608490684894
2021-05-04,KO,SELL,-3,46.99317548466524,121.43384970899601,0.14097952645399572
2021-05-04,MMM,BUY,1,138.6195831853146,138.6195831853146,0.13861958318531462
2021-05-04,MSFT,BUY,1,240.94112032076893,240.94112032076893,0.24094112032076895
2021-05-04,NKE,BUY,2,122.6345977414695,245.269195482939,0.24526919548293902
2021-05-04,TRV,SELL,-2,141.63574672299006,215.43545032184332,0.2832714934459801
2021-05-04,UNH,BUY,21,372.3666433782684,7819.699510943637,7.819699510943637
2021-05-05,CRM,SELL,-3,215.54602678852976,647.3751228006677,0.6466380803655893
2021-06-01,CRM,SELL,-7,234.43905948401908,1510.541953201558,1.6410734163881335
2021-06-01,CVX,BUY,9,86.59781248409045,779.3803123568141,0.7793803123568142
2021-06-01,DIS,BUY,15,176.1225100923376,2641.837651385064,2.641837651385064
2021-06-01,GS,SELL,-7,335.9155382800268,1329.6309374475277,2.3514087679601876
2021-06-01,IBM,BUY,3,114.0506223869747,342.1518671609241,0.34215186716092416
2021-06-01,INTC,BUY,7,52.746099197546116,369.2226943828228,0.3692226943828228
2021-06-01,JPM,SELL,-18,146.1086453937515,1579.4965698679723,2.629955617087527
2021-06-01,KO,SELL,-2,47.65626274428511,80.95589980599733,0.09531252548857022
2021-06-01,MCD,BUY,2,211.80900776086986,423.6180155217397,0.4236180155217397
2021-06-01,MMM,SELL,-5,144.0613190114485,550.6337356135875,0.7203065950572425
2021-06-01,MSFT,BUY,3,241.68452766984606,725.0535830095382,0.7250535830095381
2021-06-01,NKE,SELL,-9,127.97670404124993,995.3078593844689,1.1517903363712496
2021-06-01,TRV,SELL,-2,145.91949339123028,215.43545032184332,0.29183898678246056
2021-06-02,AAPL,BUY,37,121.20274680720453,4484.501631866568,4.484501631866567
2021-06-02,CRM,SELL,-9,230.89292803138494,1942.125368402003,2.078036352282465
2021-06-02,CVX,BUY,11,88.1685824220858,969.8544066429439,0.9698544066429438
2021-06-10,AAPL,BUY,8,123.87489890992151,990.9991912793721,0.9909991912793721
2021-06-11,AMGN,BUY,6,209.310139062307,1255.860834373842,1.2558608343738418
2021-06-11,AXP,SELL,-16,153.3311708075453,1523.9333495736191,2.4532987329207248
2021-06-11,CAT,BUY,9,207.0301811505421,1863.2716303548789,1.863271630354879
2021-06-11,CSCO,SELL,-39,47.811632206232126,1482.7970780819453,1.8646536560430529
2021-06-11,CVX,SELL,-25,89.41961664565629,1760.0019705437962,2.2354904161414075
2021-06-11,UNH,SELL,-15,370.04032101275203,4625.312601482164,5.55060481519128
2021-06-14,AAPL,BUY,10,124.65508338735371,1246.5508338735372,1.2465508338735372
2021-06-14,AMGN,SELL,-1,207.11991645149274,205.0272018747609,0.20711991645149275
2021-06-14,AXP,SELL,-7,154.55406606501296,666.7208404384584,1.0818784624550908
2021-06-14,BA,SELL,-1,246.31678244018556,185.47331561682967,0.24631678244018557
2021-06-14,CAT,BUY,2,201.3307152891839,402.6614305783678,0.4026614305783678
2021-06-14,CRM,BUY,33,237.33586768354763,7832.083633557072,7.8320836335570725
2021-06-14,CSCO,SELL,-5,47.11858287340662,190.1021894976853,0.2355929143670331
2021-06-14,CVX,SELL,-9,88.87738364934522,633.6007093957667,0.799896452844107
2021-06-14,NKE,SELL,-84,122.26718106044548,9289.54002092171,10.270443209077422
2021-06-14,PG,BUY,5,118.89145826698521,594.457291334926,0.5944572913349261
2021-06-14,TRV,SELL,-10,140.4823729695356,1077.1772516092167,1.4048237296953558
2021-06-14,UNH,BUY,9,364.8546185907643,3283.6915673168787,3.283691567316879
2021-06-14,VZ,BUY,5,41.951296029890116,209.75648014945057,0.20975648014945059
2021-06-14,WMT,SELL,-12,44.05005016129925,485.6093350776921,0.5286006019355909
2021-06-17,AAPL,SELL,-32,126.4595316153305,3504.176472435567,4.046705011690576
2021-06-17,AMGN,BUY,4,204.74578203383564,818.9831281353426,0.8189831281353426
2021-06-17,CRM,SELL,-23,238.37918314186862,5027.587296471433,5.4827212122629785
2021-06-17,CVX,SELL,-1,89.74825244418702,70.40007882175185,0.08974825244418702
2021-06-17,DIS,BUY,72,170.65838325774965,12287.403594557974,12.287403594557976
2021-06-17,GS,BUY,14,332.3641608079089,4653.098251310725,4.653098251310724
2021-06-17,HON,BUY,10,186.32750042480077,1863.2750042480077,1.8632750042480077
2021-06-23,AAPL,SELL,-17,130.32735379174886,1861.593750981395,2.215565014459731
2021-06-23,AMGN,SELL,-1,204.6350669776337,205.02210830297943,0.2046350669776337
2021-06-23,AXP,SELL,-3,155.24076233729605,285.7375030450536,0.46572228701188817
2021-06-23,CAT,BUY,5,195.41162053319417,977.0581026659709,0.9770581026659708
2021-06-23,CRM,SELL,-2,240.10303047704824,437.1815040409941,0.48020606095409646
2021-06-23,CSCO,BUY,14,46.18873085285782,646.6422319400095,0.6466422319400096
2021-06-23,CVX,BUY,13,88.29193048985437,1147.7950963681067,1.1477950963681067
2021-06-23,DIS,BUY,1,169.71024578401233,169.71024578401233,0.16971024578401234
2021-06-24,AXP,SELL,-1,157.15036105165044,95.2458343483512,0.15715036105165045
2021-06-24,BA,BUY,1,245.3225969467163,245.3225969467163,0.2453225969467163
2021-06-24,CAT,BUY,1,198.10127910582216,198.10127910582216,0.19810127910582218
2021-06-24,CRM,SELL,-9,239.70902326649468,1967.3167681844736,2.1573812093984523
2021-06-24,CSCO,BUY,16,45.9083140853852,734.5330253661632,0.7345330253661632
2021-06-24,DIS,SELL,-24,171.99164462457563,3419.387502875238,4.127799470989816
2021-06-24,GS,SELL,-2,322.8416856415519,403.7728335135104,0.6456833712831038
2021-06-24,HD,BUY,6,278.6917854587375,1672.150712752425,1.672150712752425
2021-06-24,HON,BUY,6,183.42887909355522,1100.5732745613313,1.1005732745613315
2021-06-24,IBM,BUY,34,114.67985570225161,3899.115093876555,3.899115093876555
2021-06-24,INTC,BUY,13,50.80509960768434,660.4662948998964,0.6604662948998965
2021-06-24,JNJ,SELL,-3,142.59404186718228,369.60688788357817,0.4277821256015469
2021-06-24,MSFT,SELL,-19,255.8581777177717,3864.410807068795,4.861305376637662
2021-06-24,UNH,SELL,-10,366.7641410846173,3110.589819769718,3.667641410846173
2021-06-24,VZ,BUY,19,41.195745762946466,782.7191694959829,0.7827191694959829
2021-07-02,NKE,SELL,-64,146.87841529535606,7077.744777845112,9.400218578902788
2021-07-06,AAPL,SELL,-6,136.53354710734317,657.0330885816688,0.819201282644059
2021-07-06,AXP,BUY,2,162.81017883999175,325.6203576799835,0.3256203576799835
2021-07-06,BA,BUY,10,236.96843110656738,2369.6843110656737,2.369684311065674
2021-07-06,CAT,BUY,2,198.89719433989367,397.79438867978735,0.39779438867978734
2021-07-06,CRM,SELL,-6,245.2744620593335,1311.5445121229823,1.471646772356001
2021-07-06,CSCO,BUY,5,46.47289114051753,232.36445570258766,0.23236445570258768
2021-07-06,CVX,BUY,40,87.10526910299397,3484.210764119759,3.484210764119759
2021-07-06,DIS,BUY,8,172.779522727522,1382.236181820176,1.382236181820176
2021-07-06,GS,BUY,5,332.272116858148,1661.36058429074,1.6613605842907402
2021-07-06,HD,SELL,-1,287.04691510255475,226.18682142267053,0.28704691510255476
2021-07-06,IBM,BUY,34,110.1099649667052,3743.7388088679772,3.7437388088679775
2021-07-06,JNJ,SELL,-3,146.64644626980868,369.60688788357817,0.43993933880942604
2021-07-06,JPM,BUY,10,138.0805173169613,1380.805173169613,1.3808051731696132
2021-07-06,KO,BUY,72,46.8908991765192,3376.1447407093824,3.3761447407093828
2021-07-06,MCD,SELL,-6,209.61282462275054,1042.3560930991584,1.2576769477365033
2021-07-06,MMM,BUY,16,138.17637810164436,2210.8220496263098,2.21082204962631
2021-07-06,MRK,SELL,-31,67.30190595855753,1951.947846420629,2.086359084715283
2021-07-06,MSFT,SELL,-4,267.2686597407446,813.56016990922,1.0690746389629786
2021-07-06,NKE,BUY,14,148.61450865747443,2080.603121204642,2.080603121204642
2021-07-06,PG,BUY,5,119.38257545757592,596.9128772878796,0.5969128772878796
2021-07-06,TRV,BUY,8,137.81505126980466,1102.5204101584372,1.1025204101584372
2021-07-06,UNH,SELL,-4,376.294167576629,1244.2359279078871,1.505176670306516
2021-07-06,VZ,BUY,21,41.43047117609904,870.0398946980798,0.8700398946980799
2021-07-06,WMT,BUY,26,43.77185652189601,1138.0682695692963,1.1380682695692965
2021-07-07,AAPL,SELL,-14,139.84594040317035,1533.0772066905606,1.9578431656443849
2021-07-07,AMGN,BUY,1,208.61781688337783,208.61781688337783,0.20861781688337783
2021-07-07,AXP,SELL,-1,159.95596231525155,95.71997009916971,0.15995596231525155
2021-07-07,CAT,BUY,4,194.57908192971684,778.3163277188673,0.7783163277188674
2021-07-07,CRM,BUY,3,249.4639480490873,748.3918441472618,0.7483918441472619
2021-07-07,CSCO,BUY,9,46.34190462233706,417.07714160103353,0.4170771416010336
2021-07-07,CVX,SELL,-15,85.41034220017157,1080.4794889277725,1.2811551330025734
2021-07-07,DIS,BUY,4,168.9673561484945,675.869424593978,0.675869424593978
2021-07-07,GS,SELL,-5,326.8439375066765,1028.6064514457457,1.6342196875333828
2021-07-07,HD,BUY,1,283.471296002164,283.471296002164,0.28347129600216403
2021-07-07,HON,BUY,1,185.3329144674198,185.3329144674198,0.1853329144674198
2021-07-07,INTC,BUY,9,51.61079382593966,464.4971444334569,0.46449714443345697
2021-07-07,JPM,BUY,6,134.80622817542783,808.837369052567,0.808837369052567
2021-07-07,NKE,SELL,-23,148.6887714996338,2566.53632761346,3.419841744491577
2021-07-07,TRV,BUY,6,136.81218441517922,820.8731064910753,0.8208731064910754
2021-07-07,UNH,BUY,1,378.21910325102203,378.21910325102203,0.37821910325102204
2021-07-08,AAPL,SELL,-4,137.93637962967497,438.0220590544459,0.5517455185186999
2021-07-08,AXP,SELL,-5,157.45665761028897,478.59985049584856,0.7872832880514449
2021-07-08,BA,BUY,2,227.5937357254028,455.1874714508056,0.4551874714508056
2021-07-08,CAT,SELL,-2,191.95817291006023,258.7133432420501,0.38391634582012046
2021-07-08,CRM,BUY,11,241.41798654052164,2655.597851945738,2.6555978519457377
2021-07-08,CSCO,SELL,-12,46.37409746210796,460.6299443188185,0.5564891695452956
2021-07-08,CVX,BUY,9,83.4727205667101,751.2544851003909,0.751254485100391
2021-07-08,WMT,SELL,-5,43.24050905247591,202.75267125771484,0.21620254526237953
2021-07-09,AAPL,SELL,-1,139.07628538902605,109.50551476361147,0.13907628538902606
2021-07-09,CRM,BUY,3,242.15750848927277,726.4725254678183,0.7264725254678183
2021-07-09,CVX,SELL,-3,84.99955803644104,216.66164938854203,0.25499867410932314
2021-07-12,AAPL,SELL,-10,142.44721172453342,1095.0551476361147,1.4244721172453343
2021-07-12,AMGN,SELL,-3,208.7679273425281,615.1151354326541,0.6263037820275843
2021-07-12,AXP,BUY,1,160.55972803232106,160.55972803232106,0.16055972803232108
2021-07-12,BA,SELL,-2,237.8710104904175,377.77607451287605,0.475742020980835
2021-07-12,CRM,SELL,-3,243.52110813669825,661.1543266746388,0.7305633244100949
2021-07-12,CSCO,BUY,4,47.165350875113226,188.6614035004529,0.1886614035004529
2021-07-12,CVX,SELL,-10,85.0817212301001,722.2054979618067,0.850817212301001
2021-07-12,DIS,SELL,-50,173.53452968842015,7170.178878320285,8.676726484421009
2021-07-12,GS,SELL,-9,329.3430304541779,1851.4916126023422,2.964087274087601
2021-07-12,HON,SELL,-3,189.266245636137,389.0973057684533,0.567798736908411
2021-07-12,IBM,SELL,-50,111.13142763331317,4722.093967677211,5.556571381665658
2021-07-12,INTC,BUY,12,51.51008121707897,618.1209746049476,0.6181209746049476
2021-07-12,JPM,BUY,6,136.88139819770728,821.2883891862436,0.8212883891862437
2021-07-12,KO,SELL,-43,47.13035086818506,1759.1074448483998,2.0266050873319577
2021-07-12,MCD,BUY,9,210.65768358983195,1895.9191523084876,1.8959191523084877
2021-07-12,MMM,SELL,-6,139.22601981248243,668.4540958048108,0.8353561188748946
2021-07-12,MRK,BUY,8,66.86056964492798,534.8845571594238,0.5348845571594238
2021-07-12,MSFT,BUY,7,268.6234204225499,1880.3639429578493,1.8803639429578491
2021-07-12,NKE,BUY,65,150.212908643159,9763.839061805336,9.763839061805337
2021-07-12,TRV,BUY,14,140.53176091371068,1967.4446527919495,1.9674446527919496
2021-07-12,UNH,BUY,22,378.83657178508713,8334.404579271917,8.334404579271917
2021-07-12,VZ,BUY,1,41.53242860502639,41.53242860502639,0.04153242860502639
2021-07-13,AAPL,SELL,-31,140.32332734801255,3394.670957671956,4.350023147788389
2021-07-13,AMGN,BUY,1,209.7460634946689,209.7460634946689,0.2097460634946689
2021-07-13,BA,BUY,1,232.38613927459716,232.38613927459716,0.23238613927459717
2021-07-13,CRM,SELL,-15,238.66485607882257,3305.771633373194,3.579972841182338
2021-07-13,CSCO,BUY,16,46.57767102573848,745.2427364118157,0.7452427364118157
2021-07-13,CVX,BUY,29,85.52870237587405,2480.3323689003473,2.4803323689003474
2021-07-13,DIS,SELL,-24,179.76460388438053,3441.6858615937363,4.314350493225133
2021-07-13,GS,BUY,11,339.2428606108501,3731.671466719351,3.7316714667193507
2021-07-13,HD,BUY,1,286.9869783467287,286.9869783467287,0.2869869783467287
2021-07-13,IBM,SELL,-3,110.73069626626311,283.3256380606327,0.3321920887987893
2021-07-13,INTC,BUY,43,51.83968504380651,2229.10645688368,2.22910645688368
2021-07-13,JNJ,BUY,1,147.71983764037972,147.71983764037972,0.14771983764037971
2021-07-13,JPM,BUY,14,138.38900692220446,1937.4460969108625,1.9374460969108624
2021-07-13,KO,SELL,-57,47.676973523275834,2331.8401013106695,2.717587490826723
2021-07-13,MCD,SELL,-3,211.40702639792423,525.5902369831158,0.6342210791937727
2021-07-13,TRV,SELL,-15,139.8630876556396,1652.9362116178897,2.097946314834594
2021-07-13,UNH,SELL,-4,383.3933419187062,1275.8758689647925,1.5335733676748249
2021-07-13,VZ,BUY,5,41.74012184528257,208.70060922641287,0.20870060922641287
2021-07-13,WMT,BUY,18,43.80002113986244,788.4003805175239,0.7884003805175239
2021-07-15,AAPL,SELL,-17,145.39922502811015,1861.593750981395,2.4717868254778725
2021-07-15,AMGN,SELL,-1,208.6312889042639,205.05987475616837,0.2086312889042639
2021-07-15,BA,BUY,10,222.99144488525388,2229.914448852539,2.229914448852539
2021-07-15,CAT,BUY,5,192.3743045271618,961.871522635809,0.961871522635809
2021-07-15,CRM,BUY,13,237.84860667517285,3092.031886777247,3.092031886777247
2021-07-15,CSCO,SELL,-24,46.96729916133418,925.3009236783075,1.1272151798720205
2021-07-15,CVX,BUY,17,83.1026598970324,1412.7452182495508,1.4127452182495508
2021-07-15,DIS,BUY,9,179.31886989242196,1613.8698290317975,1.6138698290317979
2021-07-26,NKE,SELL,-32,153.84126278032215,3710.5526212582527,4.922920408970309
2021-07-27,AAPL,BUY,36,145.42769746007488,5235.397108562695,5.2353971085626965
2021-07-27,AMGN,BUY,1,208.66049930323373,208.66049930323373,0.20866049930323374
2021-07-27,AXP,BUY,1,160.92791629886509,160.92791629886509,0.16092791629886508
2021-07-27,BA,BUY,1,223.28158316802978,223.28158316802978,0.2232815831680298
2021-07-27,CSCO,SELL,-15,48.31071751688422,578.3130772989422,0.7246607627532632
2021-07-27,CVX,SELL,-26,82.19802104940075,1903.3720144065096,2.13714854728442
2021-07-27,DIS,BUY,13,174.23598157573477,2265.067760484552,2.2650677604845524
2021-07-27,GS,SELL,-12,331.29080140517317,2574.193491149218,3.975489616862078
2021-07-27,HD,SELL,-4,295.0138202384287,907.6994014782709,1.1800552809537148
2021-07-27,HON,SELL,-4,194.19150684723138,518.796407691271,0.7767660273889255
2021-07-27,INTC,SELL,-7,48.58656937163329,346.0557756227985,0.340105985601433
2021-07-27,JNJ,SELL,-3,150.0438027484537,369.844922268813,0.4501314082453611
2021-07-27,JPM,SELL,-2,133.24511823641015,185.63777121746756,0.26649023647282033
2021-07-27,KO,BUY,15,49.600648359522744,744.0097253928411,0.7440097253928412
2021-07-27,MCD,SELL,-2,219.05206213116207,350.3934913220772,0.43810412426232415
2021-07-27,MRK,BUY,10,66.53293616473324,665.3293616473325,0.6653293616473325
2021-07-27,MSFT,SELL,-4,278.22749078051066,823.8795743299366,1.1129099631220427
2021-07-27,NKE,BUY,22,153.1680851811319,3369.6978739849014,3.3696978739849013
2021-07-27,PG,SELL,-9,124.11357072872345,972.5197983837335,1.117022136558511
2021-07-27,TRV,BUY,28,135.0344290513953,3780.9640134390684,3.7809640134390685
2021-07-27,WMT,SELL,-18,44.69706909528537,730.9151884015229,0.8045472437151368
2021-07-28,AAPL,BUY,4,141.2243899198057,564.8975596792228,0.5648975596792228
2021-07-28,AMGN,SELL,-2,208.8191031874993,410.1526319282916,0.4176382063749986
2021-07-28,AXP,SELL,-3,163.16260798159757,288.548319950173,0.48948782394479273
2021-07-28,BA,BUY,1,234.16702805328367,234.16702805328367,0.23416702805328368
2021-07-28,TRV,SELL,-14,136.4660036304967,1569.3436422947286,1.9105240508269536
2021-07-28,WMT,SELL,-12,44.53452559601336,487.2767922676819,0.5344143071521602
2021-07-29,AAPL,BUY,6,141.10738240760017,846.644294445601,0.8466442944456011
2021-07-29,AMGN,BUY,1,208.9511525936631,208.9511525936631,0.2089511525936631
2021-07-29,AXP,BUY,6,161.8058622101079,970.8351732606475,0.9708351732606474
2021-07-29,BA,SELL,-7,233.57315744018555,1338.1448539573373,1.6350121020812989
2021-07-29,CRM,BUY,2,240.08687993796755,480.1737598759351,0.48017375987593514
2021-07-29,CSCO,BUY,5,48.02722266416463,240.13611332082317,0.24013611332082316
2021-07-29,CVX,SELL,-4,84.11229137551871,292.8264637548476,0.3364491655020748
2021-07-29,DIS,SELL,-2,175.58517669651053,291.2904918699967,0.35117035339302105
2021-07-29,HD,BUY,1,290.591617727454,290.591617727454,0.290591617727454
2021-07-29,HON,SELL,-3,197.7665928591164,389.0973057684533,0.5932997785773492
2021-07-29,IBM,BUY,1,111.95052163203528,111.95052163203528,0.11195052163203528
2021-07-29,INTC,BUY,16,48.964787399567385,783.4365983930782,0.7834365983930782
2021-07-29,JNJ,SELL,-2,150.86478166295262,246.56328151254198,0.3017295633259052
2021-07-29,JPM,SELL,-2,135.67258616072488,185.63777121746756,0.2713451723214498
2021-07-29,MMM,BUY,4,140.63161957824104,562.5264783129642,0.5625264783129642
2021-07-29,MRK,SELL,-12,66.79374617864529,756.7582643950661,0.8015249541437436
2021-07-29,NKE,SELL,-3,154.01763736132688,352.21135043873034,0.46205291208398064
2021-07-29,PG,BUY,1,123.89200016276571,123.89200016276571,0.12389200016276572
2021-07-29,TRV,BUY,17,134.42368498884932,2285.2026448104384,2.2852026448104383
2021-07-29,UNH,BUY,6,379.07624347138625,2274.4574608283174,2.2744574608283172
2021-07-29,VZ,BUY,2,41.4582525623231,82.9165051246462,0.08291650512464621
2021-07-29,WMT,BUY,9,44.62914893878876,401.66234044909885,0.4016623404490989
2021-08-02,AAPL,SELL,-3,142.5933571756791,338.23295445317683,0.42778007152703734
2021-08-02,AMGN,BUY,1,206.95102800325003,206.95102800325003,0.20695102800325005
2021-08-02,AXP,SELL,-2,161.40843886530112,195.1383532064085,0.32281687773060225
2021-08-02,BA,BUY,2,227.30359744262694,454.6071948852539,0.45460719488525386
2021-08-12,GS,SELL,-11,368.5375780897186,2359.677366886783,4.053913358986904
2021-08-12,IBM,BUY,6,113.18368156431909,679.1020893859145,0.6791020893859144
2021-08-12,INTC,SELL,-12,49.868929077882626,593.1427257951449,0.5984271489345915
2021-08-12,JPM,SELL,-17,143.41570996137148,1577.9210553484743,2.4380670693433153
2021-08-12,MCD,BUY,8,211.92388975877807,1695.3911180702246,1.6953911180702246
2021-08-12,NKE,SELL,-7,158.65023614249958,821.8264843570374,1.110551652997497
2021-08-12,TRV,SELL,-17,142.98689735005675,1923.11858013096,2.4307772549509647
2021-08-12,UNH,BUY,3,375.13137676967716,1125.3941303090314,1.1253941303090313
2021-08-13,DIS,BUY,5,182.0949119175036,910.474559587518,0.910474559587518
2021-08-13,GS,SELL,-1,369.9784054947985,214.51612426243483,0.3699784054947985
2021-08-13,IBM,SELL,-6,113.3725902110143,568.2963325205457,0.6802355412660858
2021-08-13,INTC,BUY,15,49.301406500464296,739.5210975069645,0.7395210975069644
2021-08-13,MCD,BUY,1,212.63325655848084,212.63325655848084,0.21263325655848084
2021-08-13,MMM,BUY,1,141.56730119761716,141.56730119761716,0.14156730119761715
2021-08-13,TRV,BUY,1,142.80176569712913,142.80176569712913,0.14280176569712913
2021-08-13,UNH,BUY,2,375.20516354126573,750.4103270825315,0.7504103270825315
2021-08-18,AAPL,SELL,-8,146.16347201977385,901.9545452084715,1.169307776158191
2021-08-18,CRM,SELL,-9,244.28943624259398,1993.9801121270737,2.1986049261833465
2021-08-18,CVX,BUY,38,82.2560662292249,3125.730516710546,3.1257305167105462
2021-08-18,DIS,BUY,26,171.93887655076333,4470.4107903198465,4.470410790319847
2021-08-18,UNH,SELL,-17,387.9695560098805,5475.939382980926,6.5954824521679685
2021-08-19,AAPL,BUY,24,141.65084458480183,3399.620270035244,3.399620270035244
2021-08-19,AMGN,BUY,22,194.39719007334068,4276.738181613495,4.276738181613494
2021-08-19,CRM,SELL,-5,245.4419330554248,1107.7667289594854,1.227209665277124
2021-08-19,CVX,BUY,13,79.02215005512939,1027.287950716682,1.027287950716682
2021-08-19,UNH,SELL,-15,382.47259824081385,4831.711220277287,5.737088973612208
2021-08-20,AMGN,BUY,2,193.27743855978838,386.55487711957676,0.38655487711957676
2021-08-20,AXP,BUY,19,149.96712894899068,2849.375450030823,2.8493754500308226
2021-08-20,WMT,SELL,-64,47.20815785203061,2601.0679444918605,3.0213221025299593
2021-08-24,AAPL,SELL,-5,145.8219807973079,570.5231263867636,0.7291099039865395
2021-08-24,AMGN,BUY,2,194.25077662864658,388.50155325729315,0.3885015532572932
2021-08-24,AXP,BUY,4,151.619295503238,606.477182012952,0.606477182012952
2021-08-24,BA,BUY,11,220.22005561065671,2422.420611717224,2.422420611717224
2021-08-24,CAT,BUY,6,192.9192167826783,1157.5153006960697,1.1575153006960697
2021-08-24,CRM,SELL,-5,258.0011830180945,1107.7667289594854,1.2900059150904724
2021-08-24,CSCO,SELL,-47,51.02371981116175,1814.3835909075096,2.398114831124602
2021-08-24,DIS,BUY,26,173.91341023823242,4521.748666194043,4.521748666194044
2021-08-24,TRV,SELL,-30,145.86490286861755,3396.260807646804,4.375947086058527
2021-08-24,UNH,SELL,-1,391.8092588428608,322.11408135181915,0.39180925884286083
2021-08-24,VZ,BUY,22,41.089062658825334,903.9593784941574,0.9039593784941573
2021-08-24,WMT,BUY,17,47.2380413907695,803.0467036430815,0.8030467036430816
2021-08-26,AAPL,SELL,-8,144.74871429418076,912.8370022188217,1.157989714353446
2021-08-26,CRM,SELL,-1,265.7632314334429,221.55334579189707,0.26576323143344294
2021-08-26,CVX,SELL,-5,81.6908927603868,369.5287551481672,0.408454463801934
2021-08-26,DIS,SELL,-24,174.14969905174044,3597.127489602278,4.179592777241771
2021-08-26,GS,BUY,8,370.2417156487771,2961.9337251902166,2.9619337251902165
2021-08-26,IBM,BUY,46,111.36172710263585,5122.639446721249,5.122639446721249
2021-08-26,MCD,SELL,-10,214.21490621612776,1766.3697898138364,2.1421490621612778
2021-08-26,MMM,BUY,4,137.65741791349387,550.6296716539755,0.5506296716539755
2021-08-26,MSFT,SELL,-10,289.8939456301659,2059.6989358248416,2.898939456301659
2021-08-26,NKE,BUY,3,157.4057325382421,472.2171976147263,0.4722171976147263
2021-08-26,TRV,BUY,2,148.1440645765979,296.2881291531958,0.29628812915319586
2021-08-27,AAPL,BUY,12,144.04375785661375,1728.525094279365,1.728525094279365
2021-08-27,AMGN,BUY,4,191.40834545604764,765.6333818241906,0.7656333818241906
2021-08-27,CRM,SELL,-6,263.85224289254785,1329.3200747513824,1.5831134573552872
2021-08-27,CVX,BUY,6,81.79764115022788,490.7858469013672,0.4907858469013673
2021-08-27,DIS,BUY,25,172.31032802146322,4307.75820053658,4.307758200536581
2021-08-30,AAPL,SELL,-17,145.38291267023635,1951.7778105522639,2.4715095153940183
2021-08-30,AMGN,SELL,-7,191.26863473169485,1426.282068957501,1.338880443121864
2021-08-30,CVX,SELL,-8,82.50688635610898,591.8763089455342,0.6600550908488718
2021-08-30,DIS,SELL,-34,176.25894745149478,5146.235395392574,5.992804213350823
2021-08-30,GS,SELL,-3,373.49148374131875,668.2994601599682,1.1204744512239564
2021-08-30,IBM,SELL,-1,110.87688209795839,96.20574588195294,0.11087688209795839
2021-08-30,KO,BUY,61,48.36736341470257,2950.4091682968565,2.9504091682968565
2021-08-30,MCD,BUY,1,213.12716429219748,213.12716429219748,0.21312716429219747
2021-08-30,MMM,SELL,-2,138.22094602325075,224.2460336769049,0.2764418920465015
2021-08-30,MRK,BUY,28,65.78286442016578,1841.9202037646419,1.8419202037646418
2021-08-30,MSFT,BUY,1,290.3093506822192,290.3093506822192,0.2903093506822192
2021-08-30,NKE,BUY,15,156.27852169374844,2344.1778254062265,2.344177825406226
2021-08-30,TRV,BUY,3,147.3775476149474,442.13264284484217,0.44213264284484216
2021-09-01,AAPL,BUY,7,149.2691640823364,1044.8841485763548,1.044884148576355
2021-09-01,AMGN,BUY,3,194.2765932639828,582.8297797919483,0.5828297797919483
2021-09-01,CRM,BUY,4,262.5484745895307,1050.1938983581229,1.050193898358123
2021-09-01,NKE,SELL,-46,153.36049612464703,5457.0205293063855,7.054582821733764
2021-09-01,TRV,SELL,-3,145.19999395359213,341.20270244812775,0.43559998186077636
2021-09-02,AAPL,BUY,2,150.2849290225102,300.5698580450204,0.3005698580450204
2021-09-02,AXP,SELL,-5,155.6646659955657,507.7108267893013,0.7783233299778286
2021-09-02,BA,BUY,3,219.0594719467163,657.1784158401489,0.6571784158401489
2021-09-02,CAT,BUY,3,192.15580140865345,576.4674042259603,0.5764674042259603
2021-09-02,CRM,BUY,10,265.2403259387174,2652.403259387174,2.652403259387174
2021-09-02,CSCO,SELL,-3,51.77393806160672,115.81171856856444,0.15532181418482016
2021-09-02,CVX,SELL,-9,80.46689893301802,665.860847563726,0.7242020903971622
2021-09-02,DIS,BUY,3,180.0128892989912,540.0386678969736,0.5400386678969736
2021-09-02,HD,BUY,3,290.7630071341064,872.2890214023191,0.8722890214023191
2021-09-02,HON,BUY,4,197.07253591750668,788.2901436700267,0.7882901436700267
2021-09-02,IBM,SELL,-22,111.05174064946105,2116.5264094029644,2.443138294288143
2021-09-02,INTC,SELL,-8,49.52831058185715,395.412405383034,0.3962264846548572
2021-09-02,JPM,BUY,4,141.9097148496128,567.6388593984512,0.5676388593984513
2021-09-02,KO,SELL,-19,49.256075584411626,787.911655580517,0.9358654361038209
2021-09-02,MCD,BUY,4,215.9749705580375,863.89988223215,0.8638998822321501
2021-09-02,MMM,BUY,11,137.57238201503827,1513.296202165421,1.5132962021654208
2021-09-02,MRK,BUY,4,65.93803487134147,263.7521394853659,0.2637521394853659
2021-09-02,MSFT,SELL,-4,291.05935838960005,825.9366342591985,1.1642374335584003
2021-09-02,NKE,SELL,-10,153.65807212003003,1186.3088107187796,1.5365807212003002
2021-09-02,PG,SELL,-5,127.49643216523809,540.5027531607545,0.6374821608261906
2021-09-02,TRV,BUY,11,145.60966261547162,1601.7062887701877,1.6017062887701878
2021-09-02,UNH,BUY,9,386.3392499267744,3477.0532493409696,3.4770532493409703
2021-09-02,VZ,BUY,16,40.74613364735964,651.9381383577543,0.6519381383577543
2021-09-02,WMT,BUY,23,46.5142676705482,1069.8281564226086,1.0698281564226086
2021-09-07,AAPL,SELL,-10,151.2080246141731,1154.3353304030493,1.512080246141731
2021-09-07,AXP,BUY,8,149.98604776775755,1199.8883821420604,1.1998883821420605
2021-09-07,CAT,SELL,-3,192.99284362373282,398.99422257743925,0.5789785308711984
2021-09-07,CRM,SELL,-12,262.5520201069367,2692.0207226504726,3.1506242412832406
2021-09-07,CSCO,SELL,-9,51.677988543756484,347.4351557056933,0.46510189689380843
2021-09-07,CVX,BUY,19,80.86414426285135,1536.4187409941758,1.5364187409941756
2021-09-08,AAPL,SELL,-16,153.1692082616962,1846.9365286448788,2.4507073321871395
2021-09-08,AMGN,BUY,1,190.64172131597886,190.64172131597886,0.19064172131597887
2021-09-08,AXP,SELL,-1,150.1379075023968,102.80044801785759,0.1501379075023968
2021-09-08,BA,BUY,2,213.70680610656737,427.41361221313474,0.42741361221313473
2021-09-08,CAT,BUY,1,190.50029209013206,190.50029209013206,0.19050029209013206
2021-09-08,CRM,BUY,5,259.9355631599131,1299.6778157995655,1.2996778157995654
2021-09-08,CSCO,BUY,5,51.12716034677886,255.63580173389428,0.2556358017338943
2021-09-08,CVX,SELL,-24,81.18298490831906,1780.8314146872904,1.9483916377996573
2021-09-08,DIS,BUY,12,180.18882464839513,2162.2658957807416,2.1622658957807417
2021-09-08,GS,BUY,2,366.0828075560277,732.1656151120554,0.7321656151120555
2021-09-08,HD,SELL,-2,293.97562343513795,457.03946620977933,0.5879512468702759
2021-09-08,HON,BUY,6,190.10003942191682,1140.600236531501,1.1406002365315009
2021-09-08,JPM,SELL,-8,140.76675529666747,747.2264019404302,1.1261340423733397
2021-09-09,GS,BUY,3,362.0125110317276,1086.0375330951829,1.0860375330951828
2021-09-10,AXP,SELL,-4,152.00531285411353,411.20179207143036,0.6080212514164541
2021-09-10,BA,SELL,-2,215.05242366027832,387.1705981025724,0.43010484732055665
2021-09-10,CRM,BUY,12,257.35213212639405,3088.2255855167286,3.088225585516729
2021-09-10,CSCO,SELL,-9,51.25051655228725,348.06201492379853,0.4612546489705853
2021-09-10,UNH,SELL,-4,383.9814160492285,1301.3013591222677,1.5359256641969141
2021-09-10,VZ,SELL,-13,40.43122495307562,516.3330250524476,0.5256059243899832
2021-09-10,WMT,SELL,-12,46.1791600329934,490.66080719411934,0.5541499203959209
2021-09-13,AAPL,BUY,16,147.12038822397963,2353.926211583674,2.353926211583674
2021-09-13,UNH,SELL,-5,376.97742793544336,1626.6266989028347,1.8848871396772169
2021-09-13,VZ,BUY,3,40.35299498571054,121.05898495713161,0.12105898495713162
2021-09-14,AAPL,BUY,3,146.8469239757206,440.5407719271618,0.44054077192716184
2021-09-14,AMGN,BUY,4,187.4288790139496,749.7155160557984,0.7497155160557984
2021-09-14,AXP,SELL,-4,153.42942360480126,411.20179207143036,0.6137176944192051
2021-09-14,CAT,SELL,-1,189.31746893428237,133.23667260699284,0.1893174689342824
2021-09-14,CSCO,BUY,7,50.85646253126505,355.9952377188554,0.3559952377188554
2021-09-14,CVX,SELL,-9,81.9157078974154,667.8117805077338,0.7372413710767387
2021-09-14,DIS,BUY,18,180.7948803474509,3254.3078462541166,3.254307846254117
2021-09-14,HD,SELL,-6,300.3029715185794,1371.1183986293381,1.8018178291114764
2021-09-14,HON,SELL,-4,191.01835846014438,529.1980432628488,0.7640734338405776
2021-09-14,TRV,SELL,-23,145.7896608506774,2639.888824131843,3.35316219956558
2021-09-14,UNH,BUY,3,386.050193840264,1158.150581520792,1.158150581520792
2021-09-14,VZ,SELL,-7,40.49792540253293,278.03726677856395,0.2834854778177305
2021-09-14,WMT,BUY,9,45.68522151872422,411.166993668518,0.411166993668518
2021-09-15,AAPL,SELL,-1,144.95355986564894,116.65059752561876,0.14495355986564895
2021-09-15,AMGN,BUY,3,186.71396861941238,560.1419058582371,0.5601419058582371
2021-09-15,AXP,BUY,3,151.07170288261614,453.2151086478484,0.4532151086478484
2021-09-15,BA,BUY,2,211.89588828277587,423.79177656555174,0.4237917765655517
2021-09-15,CAT,BUY,4,185.94748547879328,743.7899419151731,0.7437899419151731
2021-09-15,CSCO,BUY,4,50.454781870685075,201.8191274827403,0.2018191274827403
2021-09-15,CVX,BUY,10,80.8391361595425,808.391361595425,0.808391361595425
2021-09-15,GS,SELL,-6,355.68970864866395,1364.2213012849286,2.1341382518919834
2021-09-15,HON,BUY,3,188.29080212459561,564.8724063737868,0.5648724063737868
2021-09-15,UNH,SELL,-8,381.17234245068175,2610.978560183804,3.049378739605454
2021-09-15,VZ,BUY,4,40.286229431141955,161.14491772456782,0.16114491772456782
2021-09-15,WMT,BUY,5,45.24244916400388,226.2122458200194,0.2262122458200194
2021-09-20,AXP,SELL,-16,150.29822348069308,1652.4794207145571,2.4047715756910892
2021-09-20,BA,SELL,-8,210.70459255981447,1550.0450409112377,1.6856367404785157
2021-09-20,CAT,SELL,-3,177.39099641539863,402.3023528802473,0.5321729892461959
2021-09-20,CVX,SELL,-24,78.80162334180562,1783.5781018104235,1.891238960203335
2021-09-20,GS,SELL,-16,337.65501160491345,3637.923470093143,5.402480185678615
2021-09-20,HD,SELL,-5,296.549467977319,1142.5986655244483,1.4827473398865951
2021-09-20,HON,SELL,-5,184.23192302711868,664.9680886638224,0.9211596151355934
2021-09-20,JPM,SELL,-12,136.33707370907456,1120.8396029106452,1.6360448845088948
2021-09-24,AAPL,BUY,5,142.26618526705087,711.3309263352544,0.7113309263352544
2021-09-24,AMGN,BUY,2,184.974045696889,369.948091393778,0.369948091393778
2021-09-24,AXP,SELL,-6,163.5273216867553,619.679782767959,0.9811639301205318
2021-09-24,CAT,BUY,11,179.95060322215207,1979.4566354436727,1.9794566354436727
2021-09-24,CRM,SELL,-14,274.333057680444,3177.0659710825366,3.8406628075262166
2021-09-24,CSCO,BUY,22,49.293397037063784,1084.4547348154033,1.0844547348154034
2021-09-24,CVX,BUY,4,83.05619177014309,332.22476708057235,0.33222476708057236
2021-09-24,DIS,BUY,32,171.35241000120672,5483.277120038615,5.483277120038615
2021-09-24,GS,BUY,20,349.30930773020395,6986.186154604079,6.986186154604079
2021-09-24,HD,BUY,5,301.27431549559225,1506.3715774779612,1.5063715774779614
2021-09-24,HON,BUY,6,187.53125804565232,1125.187548273914,1.125187548273914
2021-09-24,IBM,BUY,33,109.02264973860628,3597.747441374007,3.597747441374007
2021-09-24,INTC,SELL,-23,49.50990487708325,1136.8106654762228,1.1387278121729147
2021-09-24,JNJ,BUY,11,144.88645081265167,1593.7509589391684,1.5937509589391683
2021-09-24,JPM,BUY,3,143.1690017461156,429.50700523834684,0.42950700523834684
2021-09-24,NKE,SELL,-46,140.45335280530637,5457.0205293063855,6.4608542290440925
2021-09-24,PG,SELL,-7,127.34591807247057,756.7038544250563,0.891421426507294
2021-09-24,TRV,BUY,6,142.9836189614375,857.9017137686249,0.8579017137686249
2021-09-24,UNH,BUY,1,376.3925531850622,376.3925531850622,0.3763925531850622
2021-09-24,VZ,BUY,4,40.32332372965271,161.29329491861083,0.16129329491861083
2021-09-24,WMT,BUY,15,44.74942088942507,671.241313341376,0.6712413133413759
2021-09-27,AAPL,BUY,5,142.0806193071579,710.4030965357895,0.7104030965357895
2021-09-27,AXP,SELL,-2,167.5670826336839,206.55992758931964,0.3351341652673678
2021-09-27,CAT,BUY,1,181.74416614299253,181.74416614299253,0.18174416614299252
2021-09-27,CRM,SELL,-13,278.214137650412,2950.132687433784,3.6167837894553565
2021-09-27,CSCO,BUY,4,49.30213300837084,197.20853203348335,0.19720853203348335
2021-09-27,CVX,SELL,-5,85.46387348626415,371.8909296936493,0.42731936743132076
2021-09-27,DIS,SELL,-21,172.47990542949316,3260.5851193700214,3.6220780140193565
2021-09-27,GS,SELL,-4,354.4206426681876,974.0843593640182,1.4176825706727505
2021-09-27,HON,BUY,2,186.84847691148087,373.69695382296175,0.37369695382296175
2021-09-27,IBM,SELL,-17,109.6528671990318,1649.2195942366782,1.864098742383541
2021-09-27,INTC,BUY,2,49.70688301852147,99.41376603704293,0.09941376603704294
2021-09-27,JNJ,BUY,3,144.22687485576532,432.6806245672959,0.43268062456729595
2021-09-27,JPM,SELL,-1,146.17983734466725,93.87131624415466,0.14617983734466725
2021-09-27,KO,BUY,125,47.1222827566074,5890.285344575925,5.890285344575925
2021-09-27,MCD,SELL,-11,221.89271729727741,1952.483496207628,2.4408198902700513
2021-09-27,MMM,SELL,-3,128.10856296662806,338.689020269024,0.38432568889988417
2021-09-27,MRK,BUY,83,63.945411205904996,5307.469130090115,5.307469130090115
2021-09-27,NKE,BUY,45,139.16971395584466,6262.63712801301,6.262637128013009
2021-09-27,PG,BUY,3,126.85139608689286,380.5541882606786,0.3805541882606786
2021-09-27,TRV,BUY,12,144.56042767613658,1734.7251321136391,1.734725132113639
2021-09-27,VZ,BUY,7,40.39008002739608,282.73056019177255,0.28273056019177256
2021-09-27,WMT,BUY,3,44.865608251312246,134.59682475393674,0.13459682475393675
2021-10-01,JPM,SELL,-17,145.2939136401683,1595.8123761506292,2.4699965318828614
2021-10-06,AAPL,BUY,17,136.22042183875368,2315.7471712588126,2.315747171258813
2021-10-06,AXP,SELL,-1,162.73822053618812,103.27996379465982,0.16273822053618814
2021-10-06,BA,SELL,-3,220.96946183013918,581.2668903417141,0.6629083854904175
2021-10-06,CAT,BUY,4,174.754009601521,699.016038406084,0.6990160384060841
2021-10-06,IBM,SELL,-24,113.24542607483231,2328.310015392957,2.7178902257959754
2021-10-06,INTC,SELL,-2,49.23371617966744,98.85432018204389,0.09846743235933487
2021-10-06,JNJ,BUY,7,140.59483322265112,984.1638325585578,0.9841638325585579
2021-10-06,JPM,BUY,2,149.87540581583255,299.7508116316651,0.2997508116316651
2021-10-06,KO,BUY,9,46.17721546374269,415.5949391736842,0.4155949391736843
2021-10-06,MRK,SELL,-82,70.82493435824273,5187.8587570284435,5.807644617375904
2021-10-06,MSFT,BUY,3,275.5199830746237,826.5599492238712,0.8265599492238712
2021-10-06,NKE,SELL,-2,137.62644111230418,240.8441167165408,0.27525288222460836
2021-10-06,PG,BUY,8,123.20944049057843,985.6755239246274,0.9856755239246274
2021-10-06,TRV,BUY,3,139.98588469784394,419.9576540935318,0.41995765409353186
2021-10-06,UNH,BUY,5,361.4179897105254,1807.089948552627,1.8070899485526268
2021-10-06,VZ,SELL,-10,40.268202975858486,397.2784011902052,0.40268202975858486
2021-10-06,WMT,BUY,41,42.78358260203035,1754.1268866832443,1.7541268866832445
2021-10-08,AAPL,SELL,-5,140.5335551646061,588.9060170601915,0.7026677758230305
2021-10-08,AMGN,BUY,3,180.94724348519117,542.8417304555735,0.5428417304555735
2021-10-08,BA,SELL,-1,226.636625,193.75563011390472,0.226636625
2021-10-08,CAT,SELL,-2,179.90859881591211,273.762691476311,0.35981719763182424
2021-10-08,CRM,BUY,6,271.68888176314636,1630.1332905788781,1.6301332905788781
2021-10-08,CSCO,BUY,20,48.527489130301625,970.5497826060325,0.9705497826060325
2021-10-08,CVX,SELL,-28,88.9349136208168,2082.589206284436,2.4901775813828704
2021-10-08,DIS,SELL,-17,173.74933534567856,2639.521287109065,2.953738700876536
2021-10-08,GS,BUY,10,349.63137248546354,3496.3137248546354,3.4963137248546357
2021-10-08,HON,BUY,1,186.6266248423089,186.6266248423089,0.1866266248423089
2021-10-08,MCD,SELL,-3,224.82425658943916,532.4954989657167,0.6744727697683175
2021-10-08,MRK,SELL,-61,70.9726777773594,3859.2607826675007,4.329333344418923
2021-10-08,MSFT,SELL,-1,285.29980433247056,207.75475656191296,0.28529980433247054
2021-10-08,NKE,BUY,29,141.69226101955712,4109.075569567157,4.109075569567157
2021-10-08,PG,SELL,-5,126.00869450036313,542.9028026896386,0.6300434725018158
2021-10-08,TRV,SELL,-6,144.10458163469798,699.4855340687662,0.8646274898081879
2021-10-12,AAPL,BUY,1,139.84242905892054,139.84242905892054,0.13984242905892055
2021-10-12,AMGN,BUY,4,178.66902934124076,714.676117364963,0.7146761173649631
2021-10-12,AXP,BUY,1,164.30920323018356,164.30920323018356,0.16430920323018355
2021-10-12,CAT,BUY,3,176.88786382047792,530.6635914614337,0.5306635914614337
2021-10-12,CRM,BUY,1,272.5566581392861,272.5566581392861,0.27255665813928615
2021-10-12,CSCO,BUY,1,48.342876956763504,48.342876956763504,0.04834287695676351
2021-10-12,CVX,SELL,-8,89.08481464762797,595.0254875098389,0.7126785171810237
2021-10-12,DIS,BUY,20,169.71022743768452,3394.2045487536907,3.3942045487536907
2021-10-12,GS,SELL,-9,345.1619984430194,2252.517359129559,3.106457985987175
2021-10-12,HON,BUY,3,184.0834098797203,552.2502296391609,0.5522502296391609
2021-10-12,IBM,BUY,3,113.14392310934237,339.4317693280271,0.3394317693280271
2021-10-12,INTC,BUY,11,49.36591543164191,543.025069748061,0.543025069748061
2021-10-12,JPM,BUY,5,147.87699525340562,739.3849762670282,0.7393849762670281
2021-10-12,MCD,BUY,1,223.67677432098623,223.67677432098623,0.22367677432098623
2021-10-15,AAPL,SELL,-1,140.27990807380743,117.82395772530744,0.14027990807380744
2021-10-15,AXP,BUY,5,164.46067631095283,822.3033815547642,0.8223033815547642
2021-10-15,CRM,SELL,-10,288.11375925848165,2284.962536148068,2.8811375925848166
2021-10-15,CSCO,SELL,-8,49.084981347662804,314.58089630257865,0.39267985078130246
2021-10-15,CVX,SELL,-6,91.39955289903689,446.2691156323791,0.5483973173942213
2021-10-15,DIS,SELL,-12,171.5619580439458,1872.0349270108973,2.0587434965273497
2021-10-15,GS,BUY,9,359.9011996682034,3239.1107970138305,3.239110797013831
2021-10-15,HD,SELL,-2,309.69548077520136,461.8259518933782,0.6193909615504027
2021-10-15,HON,SELL,-2,187.82127694224758,271.142560315209,0.3756425538844952
2021-10-15,IBM,BUY,18,114.08274950937516,2053.489491168753,2.053489491168753
2021-10-15,INTC,SELL,-3,49.896556546120244,148.27930473618798,0.14968966963836072
2021-10-15,JNJ,BUY,1,141.61491924848198,141.61491924848198,0.141614919248482
2021-10-15,NKE,SELL,-16,146.73953907636496,1944.9285765220818,2.3478326252218396
2021-10-15,PG,SELL,-4,127.98353744799896,434.3222421517109,0.5119341497919958
2021-10-15,TRV,BUY,1,144.07453746103926,144.07453746103926,0.14407453746103926
2021-10-15,UNH,BUY,1,390.36839586192946,390.36839586192946,0.39036839586192945
2021-10-18,AAPL,BUY,4,140.10764384501184,560.4305753800473,0.5604305753800474
2021-10-18,AMGN,BUY,3,177.74735986904832,533.242079607145,0.533242079607145
2021-10-18,AXP,SELL,-5,166.00756210443092,522.8827306697123,0.8300378105221546
2021-10-18,BA,BUY,9,216.10799999999998,1944.9719999999998,1.944972
2021-10-18,CAT,SELL,-6,181.3603856889225,824.0792268532809,1.0881623141335348
2021-10-18,CRM,SELL,-5,286.42938213867166,1142.481268074034,1.4321469106933582
2021-10-18,CSCO,BUY,9,48.386838287562995,435.481544588067,0.435481544588067
2021-10-18,CVX,BUY,21,91.86606675691846,1929.1874018952876,1.9291874018952877
2021-10-18,GS,BUY,1,365.0003994513344,365.0003994513344,0.3650003994513344
2021-10-18,HD,SELL,-2,312.0499696208225,461.8259518933782,0.624099939241645
2021-10-18,HON,SELL,-2,186.3547976115007,271.142560315209,0.3727095952230014
2021-10-18,IBM,BUY,3,114.56805786572899,343.704173597187,0.34370417359718697
2021-10-18,INTC,SELL,-7,49.887348487752845,345.98504438443865,0.3492114394142699
2021-10-18,JPM,BUY,2,148.5282183325062,297.0564366650124,0.2970564366650124
2021-10-18,KO,SELL,-79,47.512281553336045,3327.0212909978814,3.7534702427135476
2021-10-18,MMM,BUY,26,128.158465450136,3332.120101703536,3.332120101703536
2021-10-18,MRK,BUY,31,68.46068863300205,2122.2813476230635,2.1222813476230638
2021-10-18,MSFT,SELL,-4,292.37879375208917,831.0190262476518,1.1695151750083568
2021-10-18,UNH,SELL,-4,395.4761071881252,1312.1770178361514,1.5819044287525008
2021-10-19,AAPL,SELL,-19,143.44121589344348,2241.918318447696,2.725383101975426
2021-10-19,CRM,SELL,-2,287.7295613972093,456.99250722961364,0.5754591227944186
2021-10-19,CVX,SELL,-3,91.72428949166842,225.19773476665,0.2751728684750053
2021-10-19,DIS,SELL,-13,167.4118416750645,2028.0378375951389,2.1763539417758384
2021-10-19,GS,SELL,-8,371.04339530299274,2058.0003933578687,2.968347162423942
2021-10-19,IBM,SELL,-5,112.1326794807766,489.0913658173297,0.560663397403883
2021-10-19,KO,SELL,-13,47.2412800316212,547.4845162401576,0.6141366404110756
2021-10-19,MCD,BUY,1,219.6046552350498,219.6046552350498,0.2196046552350498
2021-10-19,MMM,SELL,-9,129.1988090571733,1025.3432616755083,1.1627892815145597
2021-10-19,MRK,BUY,5,68.48621702179571,342.43108510897855,0.3424310851089786
2021-10-19,NKE,BUY,61,148.63636673423935,9066.8183707886,9.0668183707886
2021-10-19,TRV,BUY,12,143.20362890871766,1718.443546904612,1.718443546904612
2021-10-20,AAPL,SELL,-10,145.09016905873384,1179.9570097093138,1.4509016905873384
2021-10-20,AMGN,SELL,-4,178.4646030033728,808.3418205512005,0.7138584120134912
2021-10-20,DIS,SELL,-4,166.952884960588,624.0116423369658,0.667811539842352
2021-10-20,KO,SELL,-2,47.36367152374666,84.22838711387041,0.09472734304749332
2021-10-20,MCD,BUY,2,217.05845619817362,434.11691239634723,0.43411691239634725
2021-10-20,MMM,SELL,-1,129.30504325509526,113.92702907505647,0.12930504325509526
2021-10-20,MSFT,BUY,2,298.10885030689707,596.2177006137941,0.5962177006137942
2021-10-20,NKE,BUY,20,147.5379324476446,2950.758648952892,2.9507586489528923
2021-10-22,AAPL,SELL,-23,146.0561628624345,2713.9011223314214,3.359291745835993
2021-10-22,CVX,SELL,-25,93.4395385814985,1876.6477897220834,2.3359884645374627
2021-10-22,DIS,BUY,5,166.72890657302577,833.6445328651289,0.8336445328651289
2021-10-22,GS,SELL,-1,366.4051473934641,257.2500491697336,0.36640514739346414
2021-10-22,NKE,SELL,-30,150.98101250974358,3753.881349125209,4.529430375292307
2021-10-25,AAPL,BUY,24,145.2158158322274,3485.1795799734577,3.4851795799734577
2021-10-25,CRM,BUY,1,289.2006795689677,289.2006795689677,0.2892006795689677
2021-10-25,CVX,BUY,13,94.62487103931095,1230.1233235110424,1.2301233235110425
2021-10-25,IBM,BUY,57,101.46432342080296,5783.4664349857685,5.783466434985769
2021-10-25,KO,SELL,-3,47.538513388634186,126.34258067080562,0.14261554016590255
2021-10-25,MCD,BUY,5,215.91216738970292,1079.5608369485146,1.0795608369485148
2021-10-25,TRV,SELL,-14,148.36312269641442,1646.377855097991,2.077083717749802
2021-10-27,AAPL,BUY,1,145.88000117372792,145.88000117372792,0.14588000117372793
2021-10-27,CRM,BUY,2,292.38555149282263,584.7711029856453,0.5847711029856453
2021-10-27,CVX,SELL,-15,94.27218403531948,1133.337415823295,1.414082760529792
2021-10-27,DIS,SELL,-13,167.734078420356,2029.9323749301143,2.1805430194646283
2021-10-27,GS,SELL,-3,372.26770164636065,771.7501475092008,1.116803104939082
2021-10-27,IBM,SELL,-7,101.29138439853055,687.3303701991407,0.7090396907897139
2021-10-27,KO,SELL,-9,48.92847894035307,379.02774201241687,0.44035631046317764
2021-10-27,MCD,BUY,4,217.64534054589464,870.5813621835786,0.8705813621835786
2021-10-27,MMM,BUY,4,129.19262339213572,516.7704935685429,0.5167704935685429
2021-10-27,TRV,BUY,8,147.35645913797185,1178.8516731037748,1.1788516731037748
2021-10-27,UNH,BUY,8,420.5120032175274,3364.0960257402194,3.3640960257402193
2021-10-28,CRM,BUY,4,290.94597887292804,1163.7839154917122,1.1637839154917122
2021-10-28,CVX,SELL,-7,92.95312864025207,528.890794050871,0.6506719004817645
2021-10-28,DIS,SELL,-11,165.49789141467966,1717.6350864793276,1.8204768055614762
2021-10-28,GS,SELL,-3,368.2013398331855,771.7501475092008,1.1046040194995566
2021-10-28,IBM,SELL,-19,99.48716479963991,1865.611004826239,1.8902561311931583
2021-10-28,KO,SELL,-39,48.736152116871054,1642.453548720473,1.900709932557971
2021-10-28,MCD,SELL,-1,219.54753261782784,179.82019628723165,0.21954753261782783
2021-10-28,MSFT,SELL,-4,312.3735162210638,835.536730934901,1.2494940648842554
2021-10-28,NKE,BUY,2,151.7360238607332,303.4720477214664,0.3034720477214664
