date,size,price,sid,symbol,value
2020-07-02 00:00:00,593,89.08516372432459,0,AAPL,-52827.50208852448
2020-07-02 00:00:00,159,210.2008178796387,1,AMGN,-33421.93004286255
2020-07-02 00:00:00,380,90.15380576192044,2,AXP,-34258.446189529765
2020-07-02 00:00:00,184,185.67279183197022,3,BA,-34163.79369708252
2020-07-02 00:00:00,295,114.61940580512125,4,CAT,-33812.72471251077
2020-07-02 00:00:00,208,190.46031923317616,5,CRM,-39615.74640050064
2020-07-02 00:00:00,861,38.98771794157346,6,CSCO,-33568.42514769475
2020-07-02 00:00:00,494,69.55532556632616,7,CVX,-34360.330829765124
2020-07-02 00:00:00,424,112.41030195804349,8,DIS,-47661.96803021044
2020-07-02 00:00:00,231,176.92664950993313,9,GS,-40870.05603679455
2020-07-02 00:00:00,154,219.3209915492601,10,HD,-33775.43269858605
2020-07-02 00:00:00,277,121.42282999805262,11,HON,-33634.12390946058
2020-07-02 00:00:00,471,89.39130440463697,12,IBM,-42103.30437458401
2020-07-02 00:00:00,635,52.790903357606325,13,INTC,-33522.223632080015
2020-07-02 00:00:00,278,120.31742702794983,14,JNJ,-33448.24471377005
2020-07-02 00:00:00,418,81.69536495840526,15,JPM,-34148.6625526134
2020-07-02 00:00:00,1051,38.10871189144836,16,KO,-40052.256197912226
2020-07-02 00:00:00,211,163.95676413240125,17,MCD,-34594.87723193666
2020-07-02 00:00:00,314,107.2648023477944,18,MMM,-33681.14793720744
2020-07-02 00:00:00,539,62.57546913120936,19,MRK,-33728.177861721844
2020-07-02 00:00:00,170,196.01886716936136,20,MSFT,-33323.20741879143
2020-07-02 00:00:00,621,91.04078769667984,21,NKE,-56536.32915963818
2020-07-02 00:00:00,322,104.0410289033067,22,PG,-33501.21130686476
2020-07-02 00:00:00,342,102.29984548411873,23,TRV,-34986.54715556861
2020-07-02 00:00:00,180,272.872679601175,24,UNH,-49117.082328211494
2020-07-02 00:00:00,867,38.67773330964758,25,VZ,-33533.59477946445
2020-07-14 00:00:00,-23,91.78082038395384,0,AAPL,2110.958868830938
2020-07-14 00:00:00,4,201.79679642893575,1,AMGN,-807.187185715743
2020-07-14 00:00:00,-1,86.73183452384092,2,AXP,86.73183452384092
2020-07-14 00:00:00,3,177.08849999999998,3,BA,-531.2655
2020-07-14 00:00:00,-12,116.35301932335803,4,CAT,1396.2362318802964
2020-07-14 00:00:00,-2,183.20724337485893,5,CRM,366.41448674971787
2020-07-14 00:00:00,-12,38.45841266451753,6,CSCO,461.50095197421035
2020-07-14 00:00:00,31,66.45774521426144,7,CVX,-2060.1901016421043
2020-07-14 00:00:00,-11,112.52255029619725,8,DIS,1237.7480532581699
2020-07-14 00:00:00,-5,184.5442932578125,9,GS,922.7214662890626
2020-07-14 00:00:00,-2,216.54496578708395,10,HD,433.0899315741679
2020-07-14 00:00:00,-1,119.56001405246843,11,HON,119.56001405246843
2020-07-14 00:00:00,-1,88.50360873523925,12,IBM,88.50360873523925
2020-07-14 00:00:00,-3,51.562019942208586,13,INTC,154.68605982662575
2020-07-14 00:00:00,-11,123.67132544773861,14,JNJ,1360.3845799251246
2020-07-14 00:00:00,-26,84.74078373066261,15,JPM,2203.260376997228
2020-07-14 00:00:00,-81,37.75119292545651,16,KO,3057.846626961977
2020-07-14 00:00:00,-7,162.20096987442633,17,MCD,1135.4067891209843
2020-07-14 00:00:00,23,105.34573409565346,18,MMM,-2422.9518842000293
2020-07-14 00:00:00,-1,61.69343226162134,19,MRK,61.69343226162134
2020-07-14 00:00:00,-2,196.2514370824332,20,MSFT,392.5028741648664
2020-07-14 00:00:00,26,88.78273993296028,21,NKE,-2308.3512382569675
2020-07-14 00:00:00,-12,106.50540303134812,22,PG,1278.0648363761775
2020-07-14 00:00:00,-11,101.5135216314704,23,TRV,1116.6487379461744
2020-07-14 00:00:00,-4,270.1595474554195,24,UNH,1080.638189821678
2020-07-14 00:00:00,-14,38.63291870928903,25,VZ,540.8608619300464
2020-07-15 00:00:00,-20,95.79696441601462,0,AAPL,1915.9392883202922
2020-07-15 00:00:00,-3,211.40246821257432,1,AMGN,634.2074046377229
2020-07-15 00:00:00,-11,70.11558218668834,7,CVX,771.2714040535718
2020-07-15 00:00:00,-33,118.77216981606139,8,DIS,3919.481603930026
2020-07-15 00:00:00,-12,195.8388370650553,9,GS,2350.0660447806636
2020-07-15 00:00:00,-12,91.32390527089495,12,IBM,1095.8868632507395
2020-07-15 00:00:00,-19,38.919616377942965,16,KO,739.4727111809163
2020-07-15 00:00:00,1,170.0915463888273,17,MCD,-170.0915463888273
2020-07-15 00:00:00,-11,108.76203760647364,18,MMM,1196.38241367121
2020-07-15 00:00:00,5,199.71663708227027,20,MSFT,-998.5831854113513
2020-07-15 00:00:00,80,90.69977531289165,21,NKE,-7255.982025031331
2020-07-15 00:00:00,2,107.93770440989574,23,TRV,-215.8754088197915
2020-07-15 00:00:00,11,273.4356043348365,24,UNH,-3007.7916476832015
2020-07-16 00:00:00,1,93.54124201543216,0,AAPL,-93.54124201543216
2020-07-16 00:00:00,5,183.81450358488638,5,CRM,-919.0725179244318
2020-07-16 00:00:00,-3,68.7627054447957,7,CVX,206.2881163343871
2020-07-16 00:00:00,-7,114.95404327933379,8,DIS,804.6783029553366
2020-07-16 00:00:00,-2,186.44425776016442,9,GS,372.88851552032884
2020-07-16 00:00:00,-10,91.53283156994044,12,IBM,915.3283156994044
2020-07-16 00:00:00,-8,38.88599132627204,16,KO,311.08793061017633
2020-07-16 00:00:00,1,167.6528745118183,17,MCD,-167.6528745118183
2020-07-16 00:00:00,1,108.37406055485822,18,MMM,-108.37406055485822
2020-07-16 00:00:00,3,105.84796905983143,23,TRV,-317.5439071794943
2020-07-16 00:00:00,7,276.9679982500779,24,UNH,-1938.7759877505455
2020-07-17 00:00:00,4,93.95294701651832,0,AAPL,-375.8117880660733
2020-07-17 00:00:00,1,184.52443481249927,5,CRM,-184.52443481249927
2020-07-17 00:00:00,4,68.80818149201149,7,CVX,-275.23272596804594
2020-07-17 00:00:00,5,116.22248105838523,8,DIS,-581.1124052919262
2020-07-17 00:00:00,1,187.76066539178314,9,GS,-187.76066539178314
2020-07-17 00:00:00,-1,92.80865743685222,12,IBM,92.80865743685222
2020-07-17 00:00:00,5,39.101609195637465,16,KO,-195.50804597818734
2020-07-17 00:00:00,-3,109.3602686278052,18,MMM,328.08080588341556
2020-07-17 00:00:00,-6,107.34121231507712,23,TRV,644.0472738904627
2020-07-17 00:00:00,-4,280.3923761612328,24,UNH,1121.5695046449312
2020-07-21 00:00:00,9,96.06960037292201,0,AAPL,-864.626403356298
2020-07-21 00:00:00,-9,193.06743549598943,5,CRM,1737.606919463905
2020-07-21 00:00:00,23,67.29829694905679,7,CVX,-1547.8608298283061
2020-07-21 00:00:00,38,115.39162783860915,8,DIS,-4384.881857867148
2020-07-21 00:00:00,14,185.44541199976493,9,GS,-2596.235767996709
2020-07-21 00:00:00,5,97.95774364613324,12,IBM,-489.7887182306662
2020-07-21 00:00:00,24,39.98511070706642,16,KO,-959.6426569695941
2020-07-21 00:00:00,-4,168.54567723248152,17,MCD,674.1827089299261
2020-07-21 00:00:00,17,106.84287533443884,18,MMM,-1816.3288806854603
2020-07-21 00:00:00,-2,63.42789580269353,19,MRK,126.85579160538705
2020-07-21 00:00:00,-5,203.42053400110748,20,MSFT,1017.1026700055374
2020-07-21 00:00:00,-58,89.23723194602454,21,NKE,5175.7594528694235
2020-07-21 00:00:00,-5,106.11530158304826,23,TRV,530.5765079152413
2020-07-21 00:00:00,-13,276.70926778082026,24,UNH,3597.2204811506635
2020-07-22 00:00:00,-5,93.57356925031523,0,AAPL,467.86784625157617
2020-07-22 00:00:00,-1,215.73732432603956,1,AMGN,215.73732432603956
2020-07-22 00:00:00,14,188.11358028328388,5,CRM,-2633.5901239659743
2020-07-22 00:00:00,-59,69.93674565833967,7,CVX,4126.267993842041
2020-07-22 00:00:00,-54,115.41299931478885,8,DIS,6232.301962998597
2020-07-22 00:00:00,-19,183.73255661897753,9,GS,3490.918575760573
2020-07-22 00:00:00,-38,93.93530382938597,12,IBM,3569.541545516667
2020-07-22 00:00:00,1,54.68171175364383,13,INTC,-54.68171175364383
2020-07-22 00:00:00,15,85.92933047726792,15,JPM,-1288.9399571590188
2020-07-22 00:00:00,-59,40.289789228650925,16,KO,2377.0975644904047
2020-07-22 00:00:00,9,169.48624485933942,17,MCD,-1525.3762037340548
2020-07-22 00:00:00,-3,107.02842312556939,18,MMM,321.0852693767082
2020-07-22 00:00:00,10,199.37353751467492,20,MSFT,-1993.7353751467492
2020-07-22 00:00:00,41,90.46934702292423,21,NKE,-3709.243227939893
2020-07-22 00:00:00,19,106.18585667154811,23,TRV,-2017.5312767594141
2020-07-22 00:00:00,25,276.8317635918638,24,UNH,-6920.7940897965955
2020-07-23 00:00:00,3,93.96263928061762,0,AAPL,-281.88791784185287
2020-07-23 00:00:00,2,116.18338637031268,8,DIS,-232.36677274062535
2020-07-23 00:00:00,7,179.19834246402138,9,GS,-1254.3883972481497
2020-07-23 00:00:00,-3,54.582495816388395,13,INTC,163.7474874491652
2020-07-23 00:00:00,-2,197.2605819880297,20,MSFT,394.5211639760594
2020-07-23 00:00:00,-4,90.55387161144156,21,NKE,362.21548644576626
2020-07-24 00:00:00,18,88.14069426068771,0,AAPL,-1586.5324966923788
2020-07-24 00:00:00,-3,112.98150507263252,8,DIS,338.94451521789756
2020-07-24 00:00:00,3,46.51199928404004,13,INTC,-139.53599785212012
2020-07-24 00:00:00,6,191.00595349369073,20,MSFT,-1146.0357209621443
2020-07-24 00:00:00,1,90.45093095159959,21,NKE,-90.45093095159959
2020-07-28 00:00:00,11,91.41496811552,0,AAPL,-1005.56464927072
2020-07-28 00:00:00,3,211.52256964147142,1,AMGN,-634.5677089244143
2020-07-28 00:00:00,11,168.58425,3,BA,-1854.42675
2020-07-28 00:00:00,-14,124.97817364606998,4,CAT,1749.6944310449796
2020-07-28 00:00:00,3,188.3304861670421,5,CRM,-564.9914585011263
2020-07-28 00:00:00,-2,39.71809586190188,6,CSCO,79.43619172380376
2020-07-28 00:00:00,-2,70.34104128982196,7,CVX,140.68208257964392
2020-07-28 00:00:00,37,112.8599469258565,8,DIS,-4175.818036256691
2020-07-28 00:00:00,9,176.4111972833853,9,GS,-1587.7007755504676
2020-07-28 00:00:00,-6,233.5555209643542,10,HD,1401.3331257861253
2020-07-28 00:00:00,-7,125.40097862904004,11,HON,877.8068504032802
2020-07-28 00:00:00,5,93.96951307730716,12,IBM,-469.8475653865358
2020-07-28 00:00:00,131,44.130655862764755,13,INTC,-5781.115918022183
2020-07-28 00:00:00,2,125.55602157769205,14,JNJ,-251.1120431553841
2020-07-28 00:00:00,-13,40.63443403134382,16,KO,528.2476424074697
2020-07-28 00:00:00,-11,174.04025951683687,17,MCD,1914.4428546852055
2020-07-28 00:00:00,-12,105.69590327118166,18,MMM,1268.3508392541798
2020-07-28 00:00:00,1,63.06926200398142,19,MRK,-63.06926200398142
2020-07-28 00:00:00,-8,193.8521961436067,20,MSFT,1550.8175691488536
2020-07-28 00:00:00,-65,89.26484587316871,21,NKE,5802.214981755966
2020-07-28 00:00:00,-1,103.39688033631111,23,TRV,103.39688033631111
2020-07-28 00:00:00,-15,270.23224852007144,24,UNH,4053.4837278010714
2020-07-28 00:00:00,-16,40.49253418495407,25,VZ,647.8805469592651
2020-07-29 00:00:00,-2,90.73507124553788,0,AAPL,181.47014249107576
2020-07-29 00:00:00,-2,172.81354389953614,3,BA,345.6270877990723
2020-07-29 00:00:00,-13,187.3049516872523,5,CRM,2434.96437193428
2020-07-29 00:00:00,4,39.267002818852916,6,CSCO,-157.06801127541166
2020-07-29 00:00:00,31,69.64092609565914,7,CVX,-2158.868708965433
2020-07-29 00:00:00,19,113.60282747025421,8,DIS,-2158.45372193483
2020-07-29 00:00:00,12,176.2276948580553,9,GS,-2114.7323382966633
2020-07-29 00:00:00,-1,230.28560586794617,10,HD,230.28560586794617
2020-07-29 00:00:00,-5,126.29251124623958,11,HON,631.4625562311979
2020-07-29 00:00:00,35,93.02847206207113,12,IBM,-3255.9965221724897
2020-07-29 00:00:00,-4,44.09545758937402,13,INTC,176.38183035749609
2020-07-29 00:00:00,-2,124.57105953410004,14,JNJ,249.1421190682001
2020-07-29 00:00:00,-9,83.62091417700725,15,JPM,752.5882275930653
2020-07-29 00:00:00,20,40.50681127098575,16,KO,-810.136225419715
2020-07-29 00:00:00,-6,172.02471143012193,17,MCD,1032.1482685807316
2020-07-29 00:00:00,14,106.50261433415095,18,MMM,-1491.0366006781132
2020-07-29 00:00:00,13,88.8749204750224,21,NKE,-1155.3739661752913
2020-07-29 00:00:00,-8,110.26343712687634,22,PG,882.1074970150107
2020-07-29 00:00:00,-11,102.06432032783636,23,TRV,1122.7075236061999
2020-07-29 00:00:00,-10,273.47069622496997,24,UNH,2734.7069622496997
2020-07-29 00:00:00,-20,40.71965532415114,25,VZ,814.3931064830228
2020-07-31 00:00:00,-10,99.5663335053471,0,AAPL,995.663335053471
2020-07-31 00:00:00,5,204.18252454144476,1,AMGN,-1020.9126227072238
2020-07-31 00:00:00,-3,87.77419714290716,2,AXP,263.32259142872147
2020-07-31 00:00:00,8,161.63077805328368,3,BA,-1293.0462244262694
2020-07-31 00:00:00,-1,190.1123285707797,5,CRM,190.1123285707797
2020-07-31 00:00:00,-9,39.219291176099,6,CSCO,352.97362058489097
2020-07-31 00:00:00,13,64.79220734888864,7,CVX,-842.2986955355523
2020-07-31 00:00:00,1,112.62534531109635,8,DIS,-112.62534531109635
2020-07-31 00:00:00,-2,174.4281025313108,9,GS,348.8562050626216
2020-07-31 00:00:00,-2,230.4595348560666,10,HD,460.9190697121332
2020-07-31 00:00:00,1,124.20861085861479,11,HON,-124.20861085861479
2020-07-31 00:00:00,9,91.64678268890951,12,IBM,-824.8210442001856
2020-07-31 00:00:00,12,42.92660366397976,13,INTC,-515.1192439677571
2020-07-31 00:00:00,-2,124.80085576634775,14,JNJ,249.6017115326955
2020-07-31 00:00:00,-2,83.11266255529898,15,JPM,166.22532511059796
2020-07-31 00:00:00,22,39.91779070005409,16,KO,-878.19139540119
2020-07-31 00:00:00,7,103.21850437492022,18,MMM,-722.5295306244415
2020-07-31 00:00:00,-11,64.35879413461988,19,MRK,707.9467354808187
2020-07-31 00:00:00,-3,194.60430661081756,20,MSFT,583.8129198324527
2020-07-31 00:00:00,-11,112.94309776057968,22,PG,1242.3740753663765
2020-07-31 00:00:00,-6,102.36637139269678,23,TRV,614.1982283561806
2020-07-31 00:00:00,-4,40.350579095757816,25,VZ,161.40231638303126
2020-08-03 00:00:00,-67,104.70988141006842,0,AAPL,7015.562054474584
2020-08-03 00:00:00,8,195.03547359592918,5,CRM,-1560.2837887674334
2020-08-03 00:00:00,-2,65.29503757648736,7,CVX,130.59007515297472
2020-08-03 00:00:00,14,113.55395485707088,8,DIS,-1589.7553679989924
2020-08-03 00:00:00,6,173.42307080681766,9,GS,-1040.538424840906
2020-08-03 00:00:00,5,92.23681016354568,12,IBM,-461.1840508177284
2020-08-03 00:00:00,82,39.6653679871721,16,KO,-3252.560174948112
2020-08-03 00:00:00,6,170.46870978073912,17,MCD,-1022.8122586844347
2020-08-03 00:00:00,-18,102.71818452186211,18,MMM,1848.927321393518
2020-08-03 00:00:00,-48,90.25923709356204,21,NKE,4332.443380490978
2020-08-03 00:00:00,1,101.69513954859838,23,TRV,-101.69513954859838
2020-08-04 00:00:00,-41,105.61230234306285,0,AAPL,4330.104396065577
2020-08-04 00:00:00,1,204.46512517418145,1,AMGN,-204.46512517418145
2020-08-04 00:00:00,11,87.09807983657208,2,AXP,-958.0788782022929
2020-08-04 00:00:00,3,164.7123198852539,3,BA,-494.13695965576164
2020-08-04 00:00:00,15,118.28712567834954,4,CAT,-1774.306885175243
2020-08-04 00:00:00,-30,199.9627170139018,5,CRM,5998.8815104170535
2020-08-04 00:00:00,3,39.78321229134753,6,CSCO,-119.3496368740426
2020-08-04 00:00:00,48,65.7495192051476,7,CVX,-3155.976921847085
2020-08-04 00:00:00,-26,113.23539060779083,8,DIS,2944.120155802562
2020-08-04 00:00:00,21,174.17446850984464,9,GS,-3657.6638387067374
2020-08-04 00:00:00,2,232.10901905391626,10,HD,-464.2180381078325
2020-08-04 00:00:00,7,122.82406795392859,11,HON,-859.7684756775002
2020-08-04 00:00:00,-19,92.42957796866472,12,IBM,1756.1619814046296
2020-08-04 00:00:00,11,43.34579525421548,13,INTC,-476.8037477963703
2020-08-04 00:00:00,3,125.2067854148646,14,JNJ,-375.6203562445938
2020-08-04 00:00:00,24,82.69741563622061,15,JPM,-1984.7379752692946
2020-08-04 00:00:00,-141,38.91121200370944,16,KO,5486.480892523031
2020-08-04 00:00:00,-2,170.84167517663536,17,MCD,341.6833503532707
2020-08-04 00:00:00,56,102.01114848519777,18,MMM,-5712.624315171075
2020-08-04 00:00:00,-12,65.6795505508526,19,MRK,788.1546066102312
2020-08-04 00:00:00,-4,203.9061074063046,20,MSFT,815.6244296252185
2020-08-04 00:00:00,32,90.12835768371906,21,NKE,-2884.10744587901
2020-08-04 00:00:00,5,113.15124718923639,22,PG,-565.756235946182
2020-08-04 00:00:00,4,100.89479309714908,23,TRV,-403.5791723885963
2020-08-04 00:00:00,16,40.639620391062955,25,VZ,-650.2339262570073
2020-08-05 00:00:00,36,105.95530729372425,0,AAPL,-3814.3910625740727
2020-08-05 00:00:00,1,202.75271964392186,1,AMGN,-202.75271964392186
2020-08-05 00:00:00,21,199.965598678061,5,CRM,-4199.277572239282
2020-08-05 00:00:00,-63,68.52944628286374,7,CVX,4317.355115820416
2020-08-05 00:00:00,3,120.59181621708959,8,DIS,-361.7754486512688
2020-08-05 00:00:00,-33,177.33467122630196,9,GS,5852.044150467965
2020-08-05 00:00:00,-8,94.55458151130496,12,IBM,756.4366520904397
2020-08-05 00:00:00,-9,82.5871630282289,15,JPM,743.2844672540601
2020-08-05 00:00:00,123,39.46343000996296,16,KO,-4854.0018912254445
2020-08-05 00:00:00,2,175.44253464528597,17,MCD,-350.88506929057195
2020-08-05 00:00:00,-54,103.45657046254986,18,MMM,5586.654804977693
2020-08-05 00:00:00,-3,89.42927697440763,21,NKE,268.2878309232229
2020-08-05 00:00:00,19,101.69514902601598,23,TRV,-1932.2078314943037
2020-08-05 00:00:00,6,278.6206888284782,24,UNH,-1671.724132970869
2020-08-06 00:00:00,-26,106.84375358238293,0,AAPL,2777.9375931419563
2020-08-06 00:00:00,5,200.20910878330412,1,AMGN,-1001.0455439165206
2020-08-06 00:00:00,2,88.67253053141353,2,AXP,-177.34506106282706
2020-08-06 00:00:00,-8,172.71360305023194,3,BA,1381.7088244018555
2020-08-06 00:00:00,-8,199.93315002878765,5,CRM,1599.4652002303012
2020-08-06 00:00:00,18,39.96939710368923,6,CSCO,-719.4491478664062
2020-08-06 00:00:00,26,67.26716861198824,7,CVX,-1748.9463839116943
2020-08-06 00:00:00,-53,123.97693203850334,8,DIS,6570.777398040676
2020-08-06 00:00:00,20,179.11093748972786,9,GS,-3582.218749794557
2020-08-06 00:00:00,3,232.08293950961587,10,HD,-696.2488185288476
2020-08-06 00:00:00,2,125.87671892796097,11,HON,-251.75343785592193
2020-08-06 00:00:00,-20,93.31045193740121,12,IBM,1866.2090387480243
2020-08-06 00:00:00,11,43.81079088322675,13,INTC,-481.91869971549426
2020-08-06 00:00:00,5,126.40785440253737,14,JNJ,-632.0392720126869
2020-08-06 00:00:00,33,84.14432846545157,15,JPM,-2776.7628393599016
2020-08-06 00:00:00,-135,39.22224089868732,16,KO,5295.002521322788
2020-08-06 00:00:00,48,106.11472054321277,18,MMM,-5093.5065860742125
2020-08-06 00:00:00,17,64.87716459996437,19,MRK,-1102.9117981993943
2020-08-06 00:00:00,8,202.36602995353925,20,MSFT,-1618.928239628314
2020-08-06 00:00:00,-13,92.66236569543746,21,NKE,1204.610754040687
2020-08-06 00:00:00,3,114.95103778063192,22,PG,-344.8531133418958
2020-08-06 00:00:00,-11,101.59350427422095,23,TRV,1117.5285470164304
2020-08-06 00:00:00,16,40.852765050292916,25,VZ,-653.6442408046867
2020-08-06 00:00:00,864,39.76732200758132,26,WMT,-34358.96621455026
2020-08-11 00:00:00,-20,108.55364487564044,0,AAPL,2171.072897512809
2020-08-11 00:00:00,3,197.98960616835157,1,AMGN,-593.9688185050547
2020-08-11 00:00:00,-18,96.78336104059204,2,AXP,1742.1004987306567
2020-08-11 00:00:00,-3,184.41773950958253,3,BA,553.2532185287475
2020-08-11 00:00:00,-9,129.54770250724926,4,CAT,1165.9293225652432
2020-08-11 00:00:00,3,190.9138808893734,5,CRM,-572.7416426681202
2020-08-11 00:00:00,5,40.53639744609017,6,CSCO,-202.68198723045086
2020-08-11 00:00:00,-26,127.46306454782543,8,DIS,3314.039678243461
2020-08-11 00:00:00,-11,185.67023515201282,9,GS,2042.372586672141
2020-08-11 00:00:00,-1,241.4954570160678,10,HD,241.4954570160678
2020-08-11 00:00:00,-10,133.91657288398793,11,HON,1339.1657288398792
2020-08-11 00:00:00,-10,97.32703718179252,12,IBM,973.2703718179253
2020-08-11 00:00:00,47,44.56505865978765,13,INTC,-2094.5577570100195
2020-08-11 00:00:00,5,127.03818359002895,14,JNJ,-635.1909179501447
2020-08-11 00:00:00,-7,89.47014915777828,15,JPM,626.291044104448
2020-08-11 00:00:00,2,40.77605610835038,16,KO,-81.55211221670076
2020-08-11 00:00:00,1,179.82856258392334,17,MCD,-179.82856258392334
2020-08-11 00:00:00,13,65.10812123235247,19,MRK,-846.4055760205822
2020-08-11 00:00:00,17,197.42941465147962,20,MSFT,-3356.3000490751533
2020-08-11 00:00:00,37,98.47851950536361,21,NKE,-3643.7052216984534
2020-08-11 00:00:00,3,116.1797046225882,22,PG,-348.5391138677646
2020-08-11 00:00:00,2,107.9554903218901,23,TRV,-215.9109806437802
2020-08-12 00:00:00,-51,112.17486895717762,18,MMM,5720.918316816059
2020-08-12 00:00:00,-4,64.74922056072435,19,MRK,258.9968822428974
2020-08-12 00:00:00,-7,195.45163720618964,20,MSFT,1368.1614604433275
2020-08-12 00:00:00,33,97.43706246451175,21,NKE,-3215.423061328888
2020-08-13 00:00:00,24,111.04958169392708,0,AAPL,-2665.18996065425
2020-08-13 00:00:00,9,190.61807056938807,5,CRM,-1715.5626351244925
2020-08-13 00:00:00,1,69.94444974931442,7,CVX,-69.94444974931442
2020-08-14 00:00:00,-33,111.32638909373829,0,AAPL,3673.7708400933634
2020-08-14 00:00:00,-1,199.9777275358211,1,AMGN,199.9777275358211
2020-08-14 00:00:00,-11,192.29909748827808,5,CRM,2115.290072371059
2020-08-14 00:00:00,26,69.26737101100245,7,CVX,-1800.9516462860638
2020-08-14 00:00:00,15,127.08229408880354,8,DIS,-1906.234411332053
2020-08-14 00:00:00,11,181.26030099856555,9,GS,-1993.863310984221
2020-08-14 00:00:00,-29,87.43711255781459,15,JPM,2535.676264176623
2020-08-14 00:00:00,-12,40.63443273217007,16,KO,487.6131927860408
2020-08-14 00:00:00,-7,180.48139667821602,17,MCD,1263.369776747512
2020-08-14 00:00:00,25,112.02169787411235,18,MMM,-2800.5424468528086
2020-08-14 00:00:00,1,198.95418407876144,20,MSFT,-198.95418407876144
2020-08-14 00:00:00,-21,97.70795105860162,21,NKE,2051.866972230634
2020-08-14 00:00:00,-10,105.28907213757029,23,TRV,1052.890721375703
2020-08-14 00:00:00,3,291.07017254200315,24,UNH,-873.2105176260095
2020-08-17 00:00:00,30,112.60182410704658,0,AAPL,-3378.0547232113977
2020-08-17 00:00:00,-1,200.91416441207042,1,AMGN,200.91416441207042
2020-08-17 00:00:00,-34,70.24776278440024,7,CVX,2388.423934669608
2020-08-17 00:00:00,14,127.14579727432509,8,DIS,-1780.0411618405512
2020-08-17 00:00:00,-19,180.67761073317928,9,GS,3432.8746039304065
2020-08-17 00:00:00,-44,44.05405872005559,13,INTC,1938.378583682446
2020-08-17 00:00:00,-12,87.43714467586703,15,JPM,1049.2457361104043
2020-08-17 00:00:00,-29,112.29044836153813,18,MMM,3256.4230024846056
2020-08-17 00:00:00,-5,199.55513255680611,20,MSFT,997.7756627840306
2020-08-17 00:00:00,15,98.10688917839093,21,NKE,-1471.603337675864
2020-08-17 00:00:00,15,104.95957976257908,23,TRV,-1574.3936964386862
2020-08-18 00:00:00,17,110.97436734956052,0,AAPL,-1886.5642449425288
2020-08-18 00:00:00,1,203.7845122590509,1,AMGN,-203.7845122590509
2020-08-18 00:00:00,9,196.5440968399322,5,CRM,-1768.8968715593896
2020-08-18 00:00:00,-1,70.17208832654131,7,CVX,70.17208832654131
2020-08-18 00:00:00,32,126.52512858883463,8,DIS,-4048.8041148427083
2020-08-18 00:00:00,-13,292.08556766147115,24,UNH,3797.112379599125
2020-08-21 00:00:00,-21,115.66935990258521,0,AAPL,2429.0565579542895
2020-08-21 00:00:00,1,199.80169498439886,1,AMGN,-199.80169498439886
2020-08-21 00:00:00,16,89.89297249506691,2,AXP,-1438.2875599210706
2020-08-21 00:00:00,9,168.43418110656737,3,BA,-1515.9076299591063
2020-08-21 00:00:00,7,123.17637746326535,4,CAT,-862.2346422428575
2020-08-21 00:00:00,-6,206.7989035247835,5,CRM,1240.7934211487009
2020-08-21 00:00:00,107,35.58571991180826,6,CSCO,-3807.672030563484
2020-08-21 00:00:00,5,66.84739624307808,7,CVX,-334.2369812153904
2020-08-21 00:00:00,8,174.83852881948437,9,GS,-1398.708230555875
2020-08-21 00:00:00,-4,243.47836166535197,10,HD,973.9134466614079
2020-08-21 00:00:00,2,130.81591171097097,11,HON,-261.63182342194193
2020-08-21 00:00:00,-99,99.43893204145498,21,NKE,9844.454272104043
2020-08-21 00:00:00,-7,118.07766147871955,22,PG,826.5436303510369
2020-08-21 00:00:00,13,99.6320550247696,23,TRV,-1295.2167153220048
2020-08-21 00:00:00,-11,41.87659320991666,25,VZ,460.6425253090833
2020-08-25 00:00:00,-16,120.89281444912906,0,AAPL,1934.285031186065
2020-08-25 00:00:00,7,203.26567243550713,1,AMGN,-1422.8597070485498
2020-08-25 00:00:00,-5,93.6468920793385,2,AXP,468.2344603966925
2020-08-25 00:00:00,-6,180.36977671051025,3,BA,1082.2186602630616
2020-08-25 00:00:00,-5,128.3333567599499,4,CAT,641.6667837997495
2020-08-25 00:00:00,-2,210.0298134935838,5,CRM,420.0596269871676
2020-08-25 00:00:00,14,35.73804178817295,6,CSCO,-500.3325850344213
2020-08-25 00:00:00,15,69.4732913336551,7,CVX,-1042.0993700048264
2020-08-25 00:00:00,1,127.8838156821892,8,DIS,-127.8838156821892
2020-08-25 00:00:00,6,183.47079275494758,9,GS,-1100.8247565296856
2020-08-25 00:00:00,-1,249.8268628933699,10,HD,249.8268628933699
2020-08-25 00:00:00,-1,137.70712569585558,11,HON,137.70712569585558
2020-08-25 00:00:00,59,95.3360976457155,12,IBM,-5624.829761097214
2020-08-25 00:00:00,3,44.31364463178658,13,INTC,-132.94093389535973
2020-08-25 00:00:00,-7,130.87397668902264,14,JNJ,916.1178368231585
2020-08-25 00:00:00,13,87.32626673674302,15,JPM,-1135.2414675776593
2020-08-25 00:00:00,117,40.38900886839485,16,KO,-4725.514037602198
2020-08-25 00:00:00,-4,187.50081780400978,17,MCD,750.0032712160391
2020-08-25 00:00:00,-18,68.35287447499553,19,MRK,1230.3517405499197
2020-08-25 00:00:00,-7,203.4795472015141,20,MSFT,1424.3568304105986
2020-08-25 00:00:00,10,103.22505272423977,21,NKE,-1032.2505272423978
2020-08-25 00:00:00,-7,103.29026366376354,23,TRV,723.0318456463448
2020-08-25 00:00:00,8,283.4969485299612,24,UNH,-2267.9755882396894
2020-08-27 00:00:00,9,123.38654741684255,0,AAPL,-1110.478926751583
2020-08-27 00:00:00,-9,210.87069121980213,1,AMGN,1897.8362209782192
2020-08-27 00:00:00,11,92.00776616883901,2,AXP,-1012.0854278572291
2020-08-27 00:00:00,-34,263.00517604109535,5,CRM,8942.175985397242
2020-08-27 00:00:00,19,35.88190324942248,6,CSCO,-681.7561617390271
2020-08-27 00:00:00,-3,67.1670571309346,7,CVX,201.50117139280377
2020-08-27 00:00:00,-17,129.87499758173345,8,DIS,2207.874958889469
2020-08-27 00:00:00,-8,180.3983032064699,9,GS,1443.1864256517592
2020-08-27 00:00:00,-5,139.25731522034226,11,HON,696.2865761017113
2020-08-27 00:00:00,-21,94.1825840963064,12,IBM,1977.8342660224343
2020-08-27 00:00:00,10,44.70873516049479,13,INTC,-447.0873516049479
2020-08-27 00:00:00,5,130.69621182044824,14,JNJ,-653.4810591022413
2020-08-27 00:00:00,23,85.36884986678189,15,JPM,-1963.4835469359834
2020-08-27 00:00:00,-12,40.55878323432429,16,KO,486.7053988118914
2020-08-27 00:00:00,10,188.02173230915147,17,MCD,-1880.2173230915148
2020-08-27 00:00:00,-3,212.72113765710068,20,MSFT,638.163412971302
2020-08-27 00:00:00,-1,103.11264787165591,21,NKE,103.11264787165591
2020-08-27 00:00:00,6,120.13397368308385,22,PG,-720.8038420985031
2020-08-27 00:00:00,22,101.09935102950672,23,TRV,-2224.185722649148
2020-08-27 00:00:00,11,281.8715376878223,24,UNH,-3100.5869145660454
2020-08-27 00:00:00,19,42.34477452677037,25,VZ,-804.5507160086371
2020-08-27 00:00:00,27,40.53380074711694,26,WMT,-1094.4126201721574
2020-08-31 00:00:00,-21,123.68736973188128,0,AAPL,2597.434764369507
2020-08-31 00:00:00,-8,95.76888343863956,2,AXP,766.1510675091165
2020-08-31 00:00:00,9,174.73731889343262,3,BA,-1572.6358700408935
2020-08-31 00:00:00,6,129.20912241795574,4,CAT,-775.2547345077344
2020-08-31 00:00:00,-8,265.96028910550984,5,CRM,2127.6823128440788
2020-08-31 00:00:00,20,35.62802810370309,6,CSCO,-712.5605620740617
2020-08-31 00:00:00,27,67.76323287834985,7,CVX,-1829.607287715446
2020-08-31 00:00:00,-19,132.0721532542895,8,DIS,2509.3709118315005
2020-08-31 00:00:00,24,180.63485980667878,9,GS,-4335.23663536029
2020-08-31 00:00:00,5,248.1006975568005,10,HD,-1240.5034877840026
2020-08-31 00:00:00,-7,94.67389762399463,12,IBM,662.7172833679624
2020-08-31 00:00:00,3,45.79525365520243,13,INTC,-137.3857609656073
2020-08-31 00:00:00,2,131.19355749338712,14,JNJ,-262.38711498677424
2020-08-31 00:00:00,15,88.05925161386907,15,JPM,-1320.888774208036
2020-08-31 00:00:00,-90,41.86171230304593,16,KO,3767.5541072741335
2020-08-31 00:00:00,-44,42.47038868274767,26,WMT,1868.6971020408973
2020-09-01 00:00:00,5,128.83807290014988,0,AAPL,-644.1903645007494
2020-09-01 00:00:00,-1,209.03985207479178,1,AMGN,209.03985207479178
2020-09-01 00:00:00,3,170.79536171722413,3,BA,-512.3860851516724
2020-09-01 00:00:00,1,127.56133435271789,4,CAT,-127.56133435271789
2020-09-01 00:00:00,4,267.2124199741211,5,CRM,-1068.8496798964843
2020-09-01 00:00:00,-9,35.507865272294794,6,CSCO,319.57078745065314
2020-09-01 00:00:00,-8,65.6684927460472,7,CVX,525.3479419683777
2020-09-01 00:00:00,16,128.94929578208786,8,DIS,-2063.1887325134057
2020-09-01 00:00:00,-12,178.78591107938277,9,GS,2145.430932952593
2020-09-01 00:00:00,2,137.38352717671108,11,HON,-274.76705435342217
2020-09-01 00:00:00,10,92.95268744150674,12,IBM,-929.5268744150674
2020-09-01 00:00:00,-17,45.66874957542479,13,INTC,776.3687427822215
2020-09-01 00:00:00,-1,131.80765520712697,14,JNJ,131.80765520712697
2020-09-01 00:00:00,-7,85.75729419745218,15,JPM,600.3010593821652
2020-09-01 00:00:00,37,41.491283421065695,16,KO,-1535.1774865794307
2020-09-01 00:00:00,35,111.3657136647505,18,MMM,-3897.7999782662673
2020-09-01 00:00:00,-9,102.30419383428503,23,TRV,920.7377445085652
2020-09-02 00:00:00,-3,133.39196255491942,0,AAPL,400.17588766475825
2020-09-02 00:00:00,1,279.50810536654893,5,CRM,-279.50810536654893
2020-09-02 00:00:00,3,130.62078553864762,8,DIS,-391.8623566159429
2020-09-02 00:00:00,-8,180.70892896894898,9,GS,1445.6714317515919
2020-09-02 00:00:00,6,93.61097614139146,12,IBM,-561.6658568483488
2020-09-02 00:00:00,-5,86.10187244436031,15,JPM,430.50936222180155
2020-09-02 00:00:00,48,41.533359184311294,16,KO,-1993.6012408469421
2020-09-02 00:00:00,-13,113.34857142588689,18,MMM,1473.5314285365296
2020-09-02 00:00:00,11,101.84631569291957,23,TRV,-1120.3094726221152
2020-09-03 00:00:00,-3,123.0378096254034,0,AAPL,369.1134288762102
2020-09-03 00:00:00,-2,216.76444149986207,1,AMGN,433.52888299972415
2020-09-03 00:00:00,-4,97.69544807281072,2,AXP,390.7817922912429
2020-09-03 00:00:00,-8,133.65846886940577,4,CAT,1069.2677509552461
2020-09-03 00:00:00,1,266.79822230744116,5,CRM,-266.79822230744116
2020-09-03 00:00:00,12,35.33182441258554,6,CSCO,-423.98189295102645
2020-09-03 00:00:00,5,65.56840298983785,7,CVX,-327.84201494918926
2020-09-03 00:00:00,-30,132.0623740309154,8,DIS,3961.871220927462
2020-09-03 00:00:00,-12,185.94259238327203,9,GS,2231.311108599264
2020-09-03 00:00:00,-5,145.27368952986822,11,HON,726.3684476493411
2020-09-03 00:00:00,-20,96.89618576304593,12,IBM,1937.9237152609187
2020-09-03 00:00:00,3,132.76273684465778,14,JNJ,-398.28821053397337
2020-09-03 00:00:00,-45,43.206667349593715,16,KO,1944.3000307317172
2020-09-03 00:00:00,4,192.35202841917598,17,MCD,-769.4081136767039
2020-09-03 00:00:00,-6,116.626096906914,18,MMM,699.7565814414841
2020-09-03 00:00:00,12,69.83888918982875,19,MRK,-838.0666702779449
2020-09-03 00:00:00,3,218.9577288996764,20,MSFT,-656.8731866990292
2020-09-03 00:00:00,52,107.88744049595718,21,NKE,-5610.146905789773
2020-09-03 00:00:00,3,121.77802098997955,22,PG,-365.33406296993866
2020-09-03 00:00:00,8,105.20767743761934,23,TRV,-841.6614195009547
2020-09-03 00:00:00,-36,45.31862700139723,26,WMT,1631.4705720503002
2020-09-04 00:00:00,40,116.52296697916076,0,AAPL,-4660.918679166431
2020-09-04 00:00:00,-3,259.0453157012764,5,CRM,777.1359471038293
2020-09-21 00:00:00,-28,93.62828348763071,2,AXP,2621.59193765366
2020-09-21 00:00:00,-28,133.6314975031703,4,CAT,3741.6819300887682
2020-09-21 00:00:00,-43,97.77576643879485,23,TRV,4204.357956868178
2020-09-21 00:00:00,-59,42.58636073340994,25,VZ,2512.5952832711864
2020-09-21 00:00:00,1,42.20984441582656,26,WMT,-42.20984441582656
2020-09-22 00:00:00,72,109.35128690516373,0,AAPL,-7873.292657171789
2020-09-22 00:00:00,15,91.30904840616286,2,AXP,-1369.6357260924428
2020-09-22 00:00:00,4,156.88840255737304,3,BA,-627.5536102294922
2020-09-22 00:00:00,9,130.56874631243778,4,CAT,-1175.11871681194
2020-09-25 00:00:00,-188,114.10057534073306,21,NKE,21450.908164057815
2020-09-25 00:00:00,-11,265.402794835852,24,UNH,2919.4307431943716
2020-09-28 00:00:00,-8,111.50090201720894,0,AAPL,892.0072161376715
2020-09-28 00:00:00,40,244.0999866465603,5,CRM,-9763.999465862413
2020-09-28 00:00:00,42,58.13915574874731,7,CVX,-2441.8445414473867
2020-09-28 00:00:00,121,122.91823037359569,8,DIS,-14873.10587520508
2020-09-28 00:00:00,-22,173.67522772814362,9,GS,3820.8550100191596
2020-09-28 00:00:00,-11,193.9217779129127,17,MCD,2133.1395570420395
2020-09-28 00:00:00,-18,111.13778340821368,18,MMM,2000.4801013478461
2020-09-28 00:00:00,-15,66.67817061254384,19,MRK,1000.1725591881576
2020-09-28 00:00:00,21,115.60951677914804,21,NKE,-2427.7998523621086
2020-09-28 00:00:00,8,98.312600406403,23,TRV,-786.500803251224
2020-09-28 00:00:00,-4,279.088363563006,24,UNH,1116.353454252024
2020-09-29 00:00:00,-2,111.0549305350817,0,AAPL,222.1098610701634
2020-09-29 00:00:00,-1,206.94990573304008,1,AMGN,206.94990573304008
2020-09-29 00:00:00,1,91.98913113207732,2,AXP,-91.98913113207732
2020-09-29 00:00:00,-10,164.68761927032472,3,BA,1646.8761927032472
2020-09-29 00:00:00,-1,133.4605524997294,4,CAT,133.4605524997294
2020-09-29 00:00:00,-2,241.5903976127948,5,CRM,483.1807952255896
2020-09-29 00:00:00,-4,33.03077847684485,6,CSCO,132.1231139073794
2020-09-29 00:00:00,-13,58.36499471725455,7,CVX,758.7449313243092
2020-09-29 00:00:00,-22,122.96136812343964,8,DIS,2705.150098715672
2020-09-29 00:00:00,14,174.18297577175105,9,GS,-2438.5616608045148
2020-09-29 00:00:00,-4,239.01854410419426,10,HD,956.074176416777
2020-09-29 00:00:00,-10,137.89144860998118,11,HON,1378.9144860998117
2020-09-29 00:00:00,88,91.863151242452,12,IBM,-8083.957309335777
2020-09-29 00:00:00,-60,46.02755937948407,13,INTC,2761.653562769044
2020-09-29 00:00:00,-10,126.43667130862394,14,JNJ,1264.3667130862395
2020-09-29 00:00:00,-25,82.72500129973123,15,JPM,2068.1250324932807
2020-09-29 00:00:00,246,41.89500164416486,16,KO,-10306.170404464556
2020-09-29 00:00:00,-1,194.29202857014695,17,MCD,194.29202857014695
2020-09-29 00:00:00,12,111.0223652667416,18,MMM,-1332.2683832008993
2020-09-29 00:00:00,-7,66.26142072520815,19,MRK,463.8299450764571
2020-09-29 00:00:00,-4,199.7988909906638,20,MSFT,799.1955639626552
2020-09-29 00:00:00,-19,119.62491639663389,22,PG,2272.873411536044
2020-09-29 00:00:00,-4,98.42914906890329,23,TRV,393.71659627561314
2020-10-01 00:00:00,-52,114.05066366520005,0,AAPL,5930.634510590403
2020-10-01 00:00:00,8,93.47041371886448,2,AXP,-747.7633097509158
2020-10-01 00:00:00,8,170.2350688934326,3,BA,-1361.880551147461
2020-10-01 00:00:00,6,134.98971670724185,4,CAT,-809.9383002434511
2020-10-01 00:00:00,-20,249.39192001561554,5,CRM,4987.838400312311
2020-10-01 00:00:00,29,33.39441108284849,6,CSCO,-968.4379214026063
2020-10-01 00:00:00,41,56.45750869175703,7,CVX,-2314.757856362038
2020-10-01 00:00:00,-8,122.00440057996654,8,DIS,976.0352046397323
2020-10-01 00:00:00,31,177.1452241630426,9,GS,-5491.501949054321
2020-10-01 00:00:00,1,244.5433926603842,10,HD,-244.5433926603842
2020-10-01 00:00:00,8,139.405010586515,11,HON,-1115.24008469212
2020-10-01 00:00:00,-27,92.48941306070267,12,IBM,2497.2141526389723
2020-10-01 00:00:00,21,47.05237540048161,13,INTC,-988.0998834101138
2020-10-01 00:00:00,5,128.02947457340983,14,JNJ,-640.1473728670492
2020-10-01 00:00:00,14,83.74770494357445,15,JPM,-1172.4678692100422
2020-10-01 00:00:00,-125,41.895508319975164,16,KO,5236.938539996895
2020-10-01 00:00:00,-4,195.3233080218541,17,MCD,781.2932320874164
2020-10-01 00:00:00,-8,110.22537415948075,18,MMM,881.802993275846
2020-10-01 00:00:00,17,66.72881610298825,19,MRK,-1134.3898737508002
2020-10-01 00:00:00,5,203.95389455924467,20,MSFT,-1019.7694727962233
2020-10-01 00:00:00,16,117.92445576005294,21,NKE,-1886.791292160847
2020-10-01 00:00:00,7,120.77427439078436,22,PG,-845.4199207354905
2020-10-01 00:00:00,18,96.92386625978386,23,TRV,-1744.6295926761095
2020-10-01 00:00:00,5,285.3125007987225,24,UNH,-1426.5625039936126
2020-10-01 00:00:00,39,42.2026679304967,25,VZ,-1645.9040492893714
2020-10-01 00:00:00,2,43.53952345093847,26,WMT,-87.07904690187694
2020-10-05 00:00:00,-10,139.9276661157306,11,HON,1399.276661157306
2020-10-05 00:00:00,-21,85.48363359851088,15,JPM,1795.1563055687284
2020-10-06 00:00:00,6,112.28206963904965,0,AAPL,-673.6924178342979
2020-10-06 00:00:00,1,215.2920558561994,1,AMGN,-215.2920558561994
2020-10-06 00:00:00,-7,97.73266481354172,2,AXP,684.128653694792
2020-10-06 00:00:00,-3,172.95347328948975,3,BA,518.8604198684693
2020-10-06 00:00:00,-2,138.5248565905422,4,CAT,277.0497131810844
2020-10-06 00:00:00,-11,248.9486602438142,5,CRM,2738.4352626819564
2020-10-06 00:00:00,30,32.88196666533642,6,CSCO,-986.4589999600926
2020-10-06 00:00:00,27,58.29706295590901,7,CVX,-1574.0206998095434
2020-10-06 00:00:00,-14,120.23692932138644,8,DIS,1683.3170104994101
2020-10-06 00:00:00,1,179.5361505140821,9,GS,-179.5361505140821
2020-10-06 00:00:00,1,247.22119836857567,10,HD,-247.22119836857567
2020-10-06 00:00:00,7,141.8458738375952,11,HON,-992.9211168631664
2020-10-06 00:00:00,-8,92.65571299943555,12,IBM,741.2457039954844
2020-10-06 00:00:00,14,46.432796659326605,13,INTC,-650.0591532305725
2020-10-06 00:00:00,6,127.14627109951611,14,JNJ,-762.8776265970967
2020-10-06 00:00:00,12,87.09224224306861,15,JPM,-1045.1069069168234
2020-10-06 00:00:00,-80,41.98871102594593,16,KO,3359.0968820756743
2020-10-06 00:00:00,-8,199.94219329013504,17,MCD,1599.5375463210803
2020-10-06 00:00:00,19,112.23785724273571,18,MMM,-2132.5192876119786
2020-10-06 00:00:00,22,65.05978269124391,19,MRK,-1431.315219207366
2020-10-06 00:00:00,3,199.49247829504023,20,MSFT,-598.4774348851207
2020-10-06 00:00:00,31,119.00871743414393,21,NKE,-3689.270240458462
2020-10-06 00:00:00,-3,290.5291854949013,24,UNH,871.5875564847039
2020-10-06 00:00:00,11,42.45844996284651,25,VZ,-467.0429495913116
2020-10-06 00:00:00,2,43.870399195006165,26,WMT,-87.74079839001233
2020-10-08 00:00:00,-9,112.70304566192081,0,AAPL,1014.3274109572873
2020-10-08 00:00:00,-4,208.38777444806806,1,AMGN,833.5510977922722
2020-10-08 00:00:00,-5,260.2470688894206,5,CRM,1301.2353444471028
2020-10-08 00:00:00,-10,58.67258129124384,7,CVX,586.7258129124384
2020-10-08 00:00:00,-29,120.67635124725861,8,DIS,3499.6141861704996
2020-10-08 00:00:00,-11,180.14695219824426,9,GS,1981.616474180687
2020-10-08 00:00:00,-20,98.91438305333409,12,IBM,1978.2876610666817
2020-10-08 00:00:00,-21,42.12430478429645,16,KO,884.6104004702254
2020-10-08 00:00:00,4,199.48926046539827,17,MCD,-797.9570418615931
2020-10-08 00:00:00,-15,114.7738137746946,18,MMM,1721.607206620419
2020-10-08 00:00:00,9,64.4906450771742,19,MRK,-580.4158056945678
2020-10-08 00:00:00,6,201.10699015139423,20,MSFT,-1206.6419409083653
2020-10-08 00:00:00,49,120.44965444911996,21,NKE,-5902.033068006878
2020-10-08 00:00:00,6,102.89985516093533,23,TRV,-617.399130965612
2020-10-08 00:00:00,12,294.9047331760369,24,UNH,-3538.8567981124434
2020-10-12 00:00:00,-5,121.96533947489345,8,DIS,609.8266973744672
2020-10-12 00:00:00,-3,182.22263621443116,9,GS,546.6679086432935
2020-10-12 00:00:00,-12,96.8054778289494,12,IBM,1161.665733947393
2020-10-12 00:00:00,-16,43.09494322054831,16,KO,689.519091528773
2020-10-12 00:00:00,4,198.35989472696534,17,MCD,-793.4395789078613
2020-10-12 00:00:00,2,300.09287975382586,24,UNH,-600.1857595076517
2020-10-13 00:00:00,-24,121.44785592825892,0,AAPL,2914.748542278214
2020-10-13 00:00:00,6,262.69641864208967,5,CRM,-1576.1785118525381
2020-10-13 00:00:00,-23,58.94863539691223,7,CVX,1355.8186141289814
2020-10-13 00:00:00,-16,126.75020601799692,8,DIS,2028.0032962879507
2020-10-13 00:00:00,-15,187.92714937423753,9,GS,2818.907240613563
2020-10-13 00:00:00,-20,95.67165425182858,12,IBM,1913.4330850365718
2020-10-13 00:00:00,-2,48.68282656195302,13,INTC,97.36565312390604
2020-10-13 00:00:00,9,89.6422423219659,15,JPM,-806.7801808976931
2020-10-13 00:00:00,-14,43.20898053804753,16,KO,604.9257275326654
2020-10-13 00:00:00,6,199.1451672316786,17,MCD,-1194.8710033900716
2020-10-13 00:00:00,9,115.57531995231118,18,MMM,-1040.1778795708005
2020-10-13 00:00:00,-2,212.55889274024125,20,MSFT,425.1177854804825
2020-10-13 00:00:00,5,118.27899190518968,21,NKE,-591.3949595259485
2020-10-13 00:00:00,14,103.49117669022785,23,TRV,-1448.87647366319
2020-10-13 00:00:00,8,299.52760221256574,24,UNH,-2396.220817700526
2020-10-14 00:00:00,30,117.42551060035066,0,AAPL,-3522.76531801052
2020-10-14 00:00:00,-19,293.3710910375949,24,UNH,5574.050729714303
2020-10-14 00:00:00,18,42.695098845944564,25,VZ,-768.5117792270022
2020-10-14 00:00:00,-2,45.22595834369605,26,WMT,90.4519166873921
2020-10-15 00:00:00,6,254.50252635374957,5,CRM,-1527.0151581224975
2020-10-15 00:00:00,24,122.18511546602745,8,DIS,-2932.442771184659
2020-10-15 00:00:00,10,184.22122543718675,9,GS,-1842.2122543718674
2020-10-15 00:00:00,10,93.88336442571165,12,IBM,-938.8336442571165
2020-10-15 00:00:00,-55,116.71202708412694,21,NKE,6419.161489626982
2020-10-19 00:00:00,-7,116.29985516863869,0,AAPL,814.0989861804708
2020-10-19 00:00:00,17,197.66731911194125,1,AMGN,-3360.3444249030013
2020-10-19 00:00:00,2,98.35132347615762,2,AXP,-196.70264695231523
2020-10-19 00:00:00,8,169.17454133605955,3,BA,-1353.3963306884764
2020-10-19 00:00:00,-19,151.78362940665846,4,CAT,2883.8889587265107
2020-10-19 00:00:00,-19,34.25692581919641,6,CSCO,650.8815905647318
2020-10-19 00:00:00,8,57.720734262668195,7,CVX,-461.76587410134556
2020-10-19 00:00:00,-25,124.37730081514633,8,DIS,3109.4325203786584
2020-10-19 00:00:00,-1,182.11401445409282,9,GS,182.11401445409282
2020-10-19 00:00:00,-2,146.29602982960583,11,HON,292.59205965921166
2020-10-19 00:00:00,-7,95.84552367050485,12,IBM,670.918665693534
2020-10-19 00:00:00,-17,48.8622439864336,13,INTC,830.6581477693711
2020-10-19 00:00:00,6,127.36064637726687,14,JNJ,-764.1638782636012
2020-10-19 00:00:00,14,42.43788916070821,16,KO,-594.1304482499149
2020-10-19 00:00:00,-4,202.3397511292018,17,MCD,809.3590045168072
2020-10-19 00:00:00,-6,117.3258250966815,18,MMM,703.954950580089
2020-10-19 00:00:00,10,64.27404258238495,19,MRK,-642.7404258238495
2020-10-19 00:00:00,-2,210.36387395083196,20,MSFT,420.7277479016639
2020-10-19 00:00:00,46,119.24886618623874,21,NKE,-5485.447844566982
2020-10-19 00:00:00,4,101.69928755686934,23,TRV,-406.79715022747735
2020-10-19 00:00:00,14,299.56403272248383,24,UNH,-4193.896458114774
2020-10-19 00:00:00,15,41.75446182148387,25,VZ,-626.316927322258
2020-10-19 00:00:00,3,44.86920899720629,26,WMT,-134.60762699161887
2020-10-21 00:00:00,-9,113.11024199959431,0,AAPL,1017.9921779963488
2020-10-21 00:00:00,4,192.01873134237022,1,AMGN,-768.0749253694809
2020-10-21 00:00:00,-13,294.5917341075179,24,UNH,3829.6925433977326
2020-10-26 00:00:00,8,110.64199408372572,0,AAPL,-885.1359526698058
2020-10-26 00:00:00,1,189.13999707205863,1,AMGN,-189.13999707205863
2020-10-26 00:00:00,-4,241.62982324230532,5,CRM,966.5192929692213
2020-10-26 00:00:00,25,56.631218567884105,7,CVX,-1415.7804641971027
2020-10-26 00:00:00,6,124.18551079839496,8,DIS,-745.1130647903698
2020-10-26 00:00:00,7,177.98906501782682,9,GS,-1245.9234551247878
2020-10-26 00:00:00,-50,110.85249416965654,23,TRV,5542.6247084828265
2020-10-26 00:00:00,5,297.539834980876,24,UNH,-1487.69917490438
2020-10-28 00:00:00,-3,183.09902594696248,1,AMGN,549.2970778408875
2020-11-05 00:00:00,12,114.46560156865657,0,AAPL,-1373.5872188238789
2020-11-05 00:00:00,2,195.57784912859435,1,AMGN,-391.1556982571887
2020-11-05 00:00:00,20,90.9420044172575,2,AXP,-1818.84008834515
2020-11-06 00:00:00,-26,114.90778103364798,0,AAPL,2987.6023068748473
2020-11-06 00:00:00,-3,194.50196103631845,1,AMGN,583.5058831089553
2020-11-06 00:00:00,-8,256.1098911291387,5,CRM,2048.8791290331096
2020-11-06 00:00:00,5,57.23911732296883,7,CVX,-286.19558661484416
2020-11-06 00:00:00,3,123.41674775431242,8,DIS,-370.25024326293726
2020-11-06 00:00:00,2,179.56940900790346,9,GS,-359.1388180158069
2020-11-06 00:00:00,67,87.04525306058561,12,IBM,-5832.031955059236
2020-11-06 00:00:00,-6,212.11989460463525,20,MSFT,1272.7193676278116
2020-11-06 00:00:00,7,119.93709693902161,21,NKE,-839.5596785731514
2020-11-06 00:00:00,-6,114.42376841929733,23,TRV,686.542610515784
2020-11-06 00:00:00,-13,319.14023623428625,24,UNH,4148.823071045721
2020-11-10 00:00:00,-4,112.21768077006436,0,AAPL,448.87072308025745
2020-11-10 00:00:00,4,204.18617356973172,1,AMGN,-816.7446942789269
2020-11-10 00:00:00,-51,110.83255328942764,2,AXP,5652.460217760809
2020-11-10 00:00:00,-9,182.70860305023194,3,BA,1644.3774274520874
2020-11-10 00:00:00,79,32.634290186978376,6,CSCO,-2578.1089247712916
2020-11-10 00:00:00,-37,63.99641664081982,7,CVX,2367.8674157103333
2020-11-10 00:00:00,-62,136.68124005253568,8,DIS,8474.236883257212
2020-11-10 00:00:00,4,189.20511972199353,9,GS,-756.8204788879741
2020-11-10 00:00:00,13,238.72383521421926,10,HD,-3103.4098577848504
2020-11-10 00:00:00,-23,167.09364883313302,11,HON,3843.1539231620595
2020-11-10 00:00:00,-32,89.48256012384162,12,IBM,2863.441923962932
2020-11-10 00:00:00,210,41.06327381063168,13,INTC,-8623.287500232653
2020-11-10 00:00:00,11,126.26306197294508,14,JNJ,-1388.893681702396
2020-11-10 00:00:00,-27,102.0291450772757,15,JPM,2754.7869170864437
2020-11-10 00:00:00,-80,44.54786510573694,16,KO,3563.8292084589552
2020-11-10 00:00:00,14,190.3658556640974,17,MCD,-2665.121979297364
2020-11-10 00:00:00,55,113.4396279734555,18,MMM,-6239.179538540053
2020-11-10 00:00:00,9,65.60571196200526,19,MRK,-590.4514076580473
2020-11-10 00:00:00,20,204.91875858168606,20,MSFT,-4098.375171633721
2020-11-10 00:00:00,-5,120.00630126816245,21,NKE,600.0315063408123
2020-11-10 00:00:00,19,120.1571713820707,22,PG,-2282.9862562593435
2020-11-10 00:00:00,-10,121.08299411090056,23,TRV,1210.8299411090056
2020-11-10 00:00:00,13,318.6662971134574,24,UNH,-4142.661862474946
2020-11-10 00:00:00,-6,43.24064480710471,25,VZ,259.44386884262826
2020-11-10 00:00:00,26,44.451746233827095,26,WMT,-1155.7454020795044
2020-11-12 00:00:00,-57,41.68183549235167,13,INTC,2375.864623064045
2020-11-12 00:00:00,-10,97.83844298176444,15,JPM,978.3844298176444
2020-11-12 00:00:00,-42,115.35694750412823,18,MMM,4844.991795173386
2020-11-12 00:00:00,-4,207.3002925965501,20,MSFT,829.2011703862004
2020-11-12 00:00:00,27,116.95811725563746,21,NKE,-3157.8691659022115
2020-11-13 00:00:00,17,116.11157041448207,0,AAPL,-1973.8966970461952
2020-11-13 00:00:00,11,249.30619038545854,5,CRM,-2742.368094240044
2020-11-13 00:00:00,-14,64.00430777160557,7,CVX,896.060308802478
2020-11-16 00:00:00,10,115.606048882492,0,AAPL,-1156.06048882492
2020-11-16 00:00:00,-37,68.01887888650869,7,CVX,2516.6985188008216
2020-11-16 00:00:00,-21,196.2869049413166,9,GS,4122.025003767649
2020-11-16 00:00:00,7,90.80795362452814,12,IBM,-635.6556753716969
2020-11-16 00:00:00,20,41.642136426861036,13,INTC,-832.8427285372208
2020-11-16 00:00:00,3,102.51417490469447,15,JPM,-307.5425247140834
2020-11-17 00:00:00,16,141.14823342587215,8,DIS,-2258.3717348139544
2020-11-17 00:00:00,2,120.52354641452948,21,NKE,-241.04709282905895
2020-11-18 00:00:00,3,252.8164341909057,5,CRM,-758.4493025727171
2020-11-18 00:00:00,-9,69.92409469039127,7,CVX,629.3168522135214
2020-11-18 00:00:00,14,141.2460073265254,8,DIS,-1977.4441025713554
2020-11-18 00:00:00,4,197.77538324186335,9,GS,-791.1015329674534
2020-11-19 00:00:00,3,114.31311014170139,0,AAPL,-342.9393304251042
2020-11-19 00:00:00,-4,252.9971841544844,5,CRM,1011.9887366179375
2020-11-19 00:00:00,20,66.93377294077443,7,CVX,-1338.6754588154886
2020-11-19 00:00:00,3,139.35947562381799,8,DIS,-418.078426871454
2020-12-23 00:00:00,-24,128.34868489771108,0,AAPL,3080.3684375450657
2020-12-23 00:00:00,-27,168.8961250962714,8,DIS,4560.195377599328
2020-12-23 00:00:00,-9,222.0517800885813,9,GS,1998.4660207972317
2020-12-23 00:00:00,31,95.09118405581245,12,IBM,-2947.826705730186
2020-12-23 00:00:00,-65,131.81485077281923,21,NKE,8567.965300233249
2020-12-23 00:00:00,5,123.78286100409171,23,TRV,-618.9143050204585
2020-12-23 00:00:00,2,307.916767910766,24,UNH,-615.833535821532
2020-12-24 00:00:00,-8,127.53289325803277,0,AAPL,1020.2631460642622
2020-12-24 00:00:00,19,188.08262321654956,1,AMGN,-3573.5698411144417
2020-12-24 00:00:00,12,68.8060392609389,7,CVX,-825.6724711312668
2020-12-24 00:00:00,-21,169.9019290152618,8,DIS,3567.9405093204978
2020-12-24 00:00:00,-12,226.9430914845445,9,GS,2723.317097814534
2020-12-24 00:00:00,-9,95.85502199021538,12,IBM,862.6951979119384
2020-12-24 00:00:00,103,45.32679239445868,16,KO,-4668.659616629244
2020-12-24 00:00:00,8,188.27533322256636,17,MCD,-1506.2026657805309
2020-12-24 00:00:00,-5,120.69351405351397,18,MMM,603.4675702675698
2020-12-24 00:00:00,37,130.59541132010554,21,NKE,-4832.0302188439055
2020-12-24 00:00:00,4,124.47709025278843,23,TRV,-497.9083610111537
2020-12-24 00:00:00,8,307.8710255966251,24,UNH,-2462.9682047730007
2020-12-28 00:00:00,1,131.9281895914027,21,NKE,-131.9281895914027
2020-12-29 00:00:00,2,132.19662373619863,21,NKE,-264.39324747239726
2021-01-20 00:00:00,31,125.07462027009419,0,AAPL,-3877.3132283729196
2021-01-20 00:00:00,-15,208.24621861291956,1,AMGN,3123.6932791937934
2021-01-20 00:00:00,-16,213.13338549041748,3,BA,3410.1341678466797
2021-01-20 00:00:00,-11,175.28620405529048,4,CAT,1928.1482446081952
2021-01-20 00:00:00,-103,38.99029672221301,6,CSCO,4016.00056238794
2021-01-20 00:00:00,-37,76.03052692577226,7,CVX,2813.129496253574
2021-01-20 00:00:00,17,171.2742179751694,8,DIS,-2911.6617055778797
2021-01-20 00:00:00,-27,261.1823141798742,9,GS,7051.922482856603
2021-01-20 00:00:00,10,240.43027748810755,10,HD,-2404.3027748810755
2021-01-20 00:00:00,5,175.21649913412392,11,HON,-876.0824956706197
2021-01-20 00:00:00,-14,99.45916882502443,12,IBM,1392.428363550342
2021-01-20 00:00:00,-151,52.624104981416174,13,INTC,7946.239852193842
2021-01-20 00:00:00,-9,140.7713426024468,14,JNJ,1266.9420834220211
2021-01-20 00:00:00,-54,120.68962962368956,15,JPM,6517.239999679236
2021-01-20 00:00:00,123,41.49683461646501,16,KO,-5104.110657825196
2021-01-20 00:00:00,12,186.52683013623377,17,MCD,-2238.321961634805
2021-01-20 00:00:00,13,117.08772990459802,18,MMM,-1522.1404887597744
2021-01-20 00:00:00,42,67.31239082814957,19,MRK,-2827.1204147822823
2021-01-20 00:00:00,5,208.52026341405278,20,MSFT,-1042.6013170702638
2021-01-20 00:00:00,8,129.92901535260057,21,NKE,-1039.4321228208046
2021-01-20 00:00:00,37,115.31086053913563,22,PG,-4266.501839948019
2021-01-20 00:00:00,-8,321.6780262304089,24,UNH,2573.424209843271
2021-01-20 00:00:00,108,41.374116204038216,25,VZ,-4468.404550036127
2021-01-20 00:00:00,68,44.56457604365801,26,WMT,-3030.3911709687445
2021-01-21 00:00:00,-17,129.94139692937577,0,AAPL,2209.0037477993883
2021-01-21 00:00:00,-2,212.10110231374415,1,AMGN,424.2022046274883
2021-01-21 00:00:00,-5,120.3184403097219,2,AXP,601.5922015486094
2021-01-21 00:00:00,2,175.17919250607315,4,CAT,-350.3583850121463
2021-01-21 00:00:00,40,220.56359033261458,5,CRM,-8822.543613304584
2021-01-21 00:00:00,-1,38.878475504571085,6,CSCO,38.878475504571085
2021-01-21 00:00:00,-3,75.11817962192887,7,CVX,225.35453886578662
2021-01-21 00:00:00,-6,169.16953314413448,8,DIS,1015.0171988648069
2021-01-21 00:00:00,9,256.6976756227397,9,GS,-2310.2790806046573
2021-01-21 00:00:00,7,99.88106810348339,12,IBM,-699.1674767243837
2021-01-21 00:00:00,-7,53.34696805151325,13,INTC,373.42877636059274
2021-01-21 00:00:00,1,139.28893989125433,14,JNJ,-139.28893989125433
2021-01-21 00:00:00,5,118.94327354627343,15,JPM,-594.7163677313672
2021-01-21 00:00:00,1,41.702009833001185,16,KO,-41.702009833001185
2021-01-21 00:00:00,-4,189.80736366020673,17,MCD,759.2294546408269
2021-01-21 00:00:00,6,117.90505212484247,18,MMM,-707.4303127490548
2021-01-21 00:00:00,-11,66.08195673757469,19,MRK,726.9015241133216
2021-01-21 00:00:00,6,131.80789872281414,21,NKE,-790.8473923368849
2021-01-21 00:00:00,6,114.36078423190142,22,PG,-686.1647053914085
2021-01-21 00:00:00,-4,133.42284186573715,23,TRV,533.6913674629486
2021-01-22 00:00:00,6,212.53236639617006,1,AMGN,-1275.1941983770203
2021-01-22 00:00:00,3,221.7566968020737,5,CRM,-665.270090406221
2021-01-28 00:00:00,-11,212.50511290687456,1,AMGN,2337.55624197562
2021-01-29 00:00:00,-15,131.9128158775094,0,AAPL,1978.692238162641
2021-01-29 00:00:00,8,206.35673883085758,1,AMGN,-1650.8539106468606
2021-01-29 00:00:00,22,110.53448255235878,2,AXP,-2431.758616151893
2021-01-29 00:00:00,-2,113.84423126916948,22,PG,227.68846253833897
2021-02-03 00:00:00,-23,39.35154170537344,6,CSCO,905.0854592235892
2021-02-05 00:00:00,10,133.72199149092364,0,AAPL,-1337.2199149092364
2021-02-05 00:00:00,-15,235.57184417528856,5,CRM,3533.577662629328
2021-02-05 00:00:00,-24,40.917006478752945,6,CSCO,982.0081554900707
2021-02-05 00:00:00,40,72.05291149617477,7,CVX,-2882.116459846991
2021-02-05 00:00:00,-51,130.70592692695163,21,NKE,6666.002273274533
2021-02-05 00:00:00,6,113.02153856348794,22,PG,-678.1292313809276
2021-02-05 00:00:00,-8,130.2973805971124,23,TRV,1042.3790447768993
2021-02-05 00:00:00,3,303.9086864459382,24,UNH,-911.7260593378146
2021-02-05 00:00:00,32,40.0605437127711,25,VZ,-1281.9373988086752
2021-02-05 00:00:00,3,44.524229651720646,26,WMT,-133.57268895516194
2021-02-08 00:00:00,10,132.43685835840637,0,AAPL,-1324.3685835840638
2021-02-08 00:00:00,12,200.5096985201868,1,AMGN,-2406.1163822422413
2021-02-08 00:00:00,-13,118.98668685358746,2,AXP,1546.8269290966368
2021-02-08 00:00:00,3,209.65477805328368,3,BA,-628.964334159851
2021-02-08 00:00:00,13,236.16250178877945,5,CRM,-3070.112523254133
2021-02-08 00:00:00,-7,41.78943202569558,6,CSCO,292.52602417986907
2021-02-08 00:00:00,-28,72.26101354114837,7,CVX,2023.3083791521544
2021-02-08 00:00:00,-4,179.53024799465553,8,DIS,718.1209919786221
2021-02-08 00:00:00,-2,260.4583304545915,9,GS,520.916660909183
2021-02-08 00:00:00,-1,245.85072329221106,10,HD,245.85072329221106
2021-02-08 00:00:00,7,171.7614167354338,11,HON,-1202.3299171480367
2021-02-08 00:00:00,12,94.12399535027687,12,IBM,-1129.4879442033225
2021-02-08 00:00:00,5,53.123903982457534,13,INTC,-265.61951991228767
2021-02-08 00:00:00,-1,142.34986147017045,14,JNJ,142.34986147017045
2021-02-08 00:00:00,5,121.14347607232527,15,JPM,-605.7173803616264
2021-02-08 00:00:00,-20,42.66810458363663,16,KO,853.3620916727325
2021-02-08 00:00:00,5,188.63926732139706,17,MCD,-943.1963366069853
2021-02-08 00:00:00,-7,124.07027596019698,18,MMM,868.4919317213788
2021-02-08 00:00:00,-18,232.66439503990617,20,MSFT,4187.959110718311
2021-02-08 00:00:00,-25,134.20959201221405,21,NKE,3355.2398003053513
2021-02-08 00:00:00,2,113.73055612257066,22,PG,-227.46111224514132
2021-02-08 00:00:00,11,130.35565823779064,23,TRV,-1433.912240615697
2021-02-08 00:00:00,12,299.10134038221094,24,UNH,-3589.216084586531
2021-02-08 00:00:00,7,40.1839137519419,25,VZ,-281.28739626359334
2021-02-08 00:00:00,-1,44.89829641581167,26,WMT,44.89829641581167
2021-02-09 00:00:00,-17,132.8783302287044,0,AAPL,2258.931613887975
2021-02-09 00:00:00,-1,199.71168317244877,1,AMGN,199.71168317244877
2021-02-09 00:00:00,-3,119.71822190713506,2,AXP,359.1546657214052
2021-02-09 00:00:00,-2,210.49470610046387,3,BA,420.98941220092775
2021-02-09 00:00:00,-3,179.72610458507395,4,CAT,539.1783137552219
2021-02-09 00:00:00,-3,235.9757338370296,5,CRM,707.9272015110888
2021-02-09 00:00:00,-13,41.94918218246839,6,CSCO,545.3393683720891
2021-02-09 00:00:00,-11,72.90929163644816,7,CVX,802.0022080009297
2021-02-09 00:00:00,-38,183.748721862582,8,DIS,6982.4514307781155
2021-02-09 00:00:00,-11,264.51965664905987,9,GS,2909.7162231396587
2021-02-09 00:00:00,-15,94.72693836236498,12,IBM,1420.9040754354746
2021-02-09 00:00:00,-3,53.42533149459884,13,INTC,160.27599448379652
2021-02-09 00:00:00,-22,42.57416017656084,16,KO,936.6315238843384
2021-02-09 00:00:00,5,188.23096225325318,17,MCD,-941.1548112662659
2021-02-09 00:00:00,-3,125.39885007639174,18,MMM,376.1965502291752
2021-02-09 00:00:00,66,60.72264482182801,19,MRK,-4007.694558240649
2021-02-09 00:00:00,7,231.67112383076878,20,MSFT,-1621.6978668153815
2021-02-09 00:00:00,67,132.90930261814495,21,NKE,-8904.923275415711
2021-02-09 00:00:00,3,113.31917040010055,22,PG,-339.9575112003016
2021-02-09 00:00:00,8,131.7531685474124,23,TRV,-1054.0253483792992
2021-02-10 00:00:00,2,185.70181748866972,8,DIS,-371.40363497733944
2021-02-10 00:00:00,4,131.84492914824997,21,NKE,-527.3797165929999
2021-02-11 00:00:00,6,132.31030136962553,0,AAPL,-793.8618082177532
2021-02-11 00:00:00,-3,132.22165224857733,21,NKE,396.66495674573196
2021-02-12 00:00:00,21,130.80118098477084,0,AAPL,-2746.8248006801878
2021-02-12 00:00:00,3,199.496705517642,1,AMGN,-598.490116552926
2021-02-12 00:00:00,1,210.46518061065672,3,BA,-210.46518061065672
2021-02-12 00:00:00,3,237.58238558812053,5,CRM,-712.7471567643615
2021-02-12 00:00:00,-2,303.21176969383447,24,UNH,606.4235393876689
2021-02-17 00:00:00,-5,127.65541184569369,0,AAPL,638.2770592284685
2021-02-17 00:00:00,2,197.19655009566708,1,AMGN,-394.39310019133416
2021-02-17 00:00:00,-7,121.99724381874735,2,AXP,853.9807067312314
2021-02-17 00:00:00,-5,215.41224427032472,3,BA,1077.0612213516235
2021-02-17 00:00:00,-6,184.13873190329488,4,CAT,1104.8323914197692
2021-02-17 00:00:00,-19,244.87060850327973,5,CRM,4652.541561562315
2021-02-17 00:00:00,50,39.8816958819618,6,CSCO,-1994.0847940980898
2021-02-17 00:00:00,11,77.52363715790521,7,CVX,-852.7600087369574
2021-02-17 00:00:00,31,181.1858761641073,8,DIS,-5616.762161087327
2021-02-17 00:00:00,-17,132.32403120996395,23,TRV,2249.508530569387
2021-02-18 00:00:00,-4,199.62796433040293,1,AMGN,798.5118573216117
2021-02-18 00:00:00,-8,180.44815246776182,8,DIS,1443.5852197420945
2021-02-18 00:00:00,2,273.2864823354513,9,GS,-546.5729646709026
2021-02-18 00:00:00,46,93.73271347671984,12,IBM,-4311.704819929112
2021-02-18 00:00:00,-7,189.12463648155403,17,MCD,1323.8724553708782
2021-02-18 00:00:00,-3,231.90549014050305,20,MSFT,695.7164704215091
2021-02-23 00:00:00,-11,127.99017958111018,2,AXP,1407.891975392212
2021-02-23 00:00:00,-15,199.733107121914,4,CAT,2995.99660682871
2021-02-23 00:00:00,7,231.97190547024312,5,CRM,-1623.8033382917017
2021-02-23 00:00:00,-9,280.7475387509447,9,GS,2526.7278487585027
2021-02-23 00:00:00,3,237.02504330769665,10,HD,-711.0751299230899
2021-02-23 00:00:00,1,172.76424162730765,11,HON,-172.76424162730765
2021-02-23 00:00:00,-17,93.96539468190711,12,IBM,1597.411709592421
2021-02-23 00:00:00,-21,54.97982148060099,13,INTC,1154.5762510926209
2021-02-23 00:00:00,4,140.296482386945,14,JNJ,-561.18592954778
2021-02-23 00:00:00,-30,132.67803792292614,15,JPM,3980.341137687784
2021-02-23 00:00:00,15,43.59989667718286,16,KO,-653.9984501577429
2021-02-23 00:00:00,2,190.3878505976359,17,MCD,-380.7757011952718
2021-02-23 00:00:00,-7,123.86480181683056,18,MMM,867.053612717814
2021-02-23 00:00:00,32,60.87626392449961,19,MRK,-1948.0404455839875
2021-02-23 00:00:00,2,221.12588675242048,20,MSFT,-442.25177350484097
2021-02-23 00:00:00,20,125.90286233127215,21,NKE,-2518.057246625443
2021-02-23 00:00:00,9,111.84863003302459,22,PG,-1006.6376702972213
2021-02-23 00:00:00,6,134.67437376358228,23,TRV,-808.0462425814937
2021-02-23 00:00:00,-9,41.18777394533007,25,VZ,370.68996550797067
2021-02-24 00:00:00,17,121.63977383581071,0,AAPL,-2067.876155208782
2021-02-24 00:00:00,1,195.10853302979396,1,AMGN,-195.10853302979396
2021-02-24 00:00:00,-4,128.67483483417857,2,AXP,514.6993393367143
2021-02-24 00:00:00,3,212.20605610656736,3,BA,-636.6181683197021
2021-02-24 00:00:00,-3,200.53373189572437,4,CAT,601.6011956871731
2021-02-24 00:00:00,2,232.23812195055817,5,CRM,-464.47624390111633
2021-02-24 00:00:00,23,38.951812180841515,6,CSCO,-895.8916801593548
2021-02-24 00:00:00,-38,81.4313007740337,7,CVX,3094.3894294132806
2021-02-24 00:00:00,-17,192.93763882158305,8,DIS,3279.939859966912
2021-02-24 00:00:00,5,282.9640406665393,9,GS,-1414.8202033326966
2021-02-24 00:00:00,4,231.61376605528048,10,HD,-926.4550642211219
2021-02-24 00:00:00,-2,172.49053000452108,11,HON,344.98106000904215
2021-02-24 00:00:00,11,93.9660654192518,12,IBM,-1033.6267196117699
2021-02-24 00:00:00,-9,55.025269555976465,13,INTC,495.2274260037882
2021-02-24 00:00:00,1,141.09584072695924,14,JNJ,-141.09584072695924
2021-02-24 00:00:00,-4,131.51777439423617,15,JPM,526.0710975769447
2021-02-24 00:00:00,-1,43.03534758343455,16,KO,43.03534758343455
2021-02-24 00:00:00,-1,186.95218413466523,17,MCD,186.95218413466523
2021-02-24 00:00:00,6,122.9132196285705,18,MMM,-737.479317771423
2021-02-24 00:00:00,-26,60.41963244779583,19,MRK,1570.9104436426915
2021-02-24 00:00:00,5,220.81864281711768,20,MSFT,-1104.0932140855884
2021-02-24 00:00:00,23,125.00508272545495,21,NKE,-2875.116902685464
2021-02-24 00:00:00,-4,111.36081717882018,22,PG,445.44326871528074
2021-02-24 00:00:00,-6,133.99426795228766,23,TRV,803.965607713726
2021-02-24 00:00:00,10,300.5960755375014,24,UNH,-3005.960755375014
2021-02-24 00:00:00,-16,41.38352409924428,25,VZ,662.1363855879085
2021-02-24 00:00:00,63,42.168600919338346,26,WMT,-2656.621857918316
2021-03-01 00:00:00,-17,305.66173807303716,24,UNH,5196.249547241631
2021-03-01 00:00:00,19,40.27099877348472,25,VZ,-765.1489766962097
2021-03-02 00:00:00,-7,124.89318484223541,0,AAPL,874.2522938956479
2021-03-02 00:00:00,5,192.6725339294238,1,AMGN,-963.362669647119
2021-03-02 00:00:00,-4,129.65018241900304,2,AXP,518.6007296760122
2021-03-02 00:00:00,-10,224.67759828948977,3,BA,2246.7759828948974
2021-03-02 00:00:00,17,215.34753557217215,5,CRM,-3660.9081047269265
2021-03-02 00:00:00,-9,39.50637743948023,6,CSCO,355.5573969553221
2021-03-02 00:00:00,-13,82.69741551442142,7,CVX,1075.0664016874784
2021-03-02 00:00:00,2,191.68402194265718,8,DIS,-383.36804388531436
2021-03-02 00:00:00,-6,292.50461868796367,9,GS,1755.027712127782
2021-03-02 00:00:00,4,230.2499361669299,10,HD,-920.9997446677196
2021-03-02 00:00:00,-2,174.8437711652348,11,HON,349.6875423304696
2021-03-02 00:00:00,-21,57.088841598703034,13,INTC,1198.8656735727636
2021-03-02 00:00:00,2,138.81953574023123,14,JNJ,-277.63907148046246
2021-03-02 00:00:00,12,42.60820642460971,16,KO,-511.29847709531657
2021-03-02 00:00:00,1,185.7544314105104,17,MCD,-185.7544314105104
2021-03-02 00:00:00,19,58.89531178720075,19,MRK,-1119.0109239568142
2021-03-02 00:00:00,-2,227.3114739917881,20,MSFT,454.6229479835762
2021-03-02 00:00:00,-7,127.4503125079581,21,NKE,892.1521875557067
2021-03-02 00:00:00,9,108.4261109716128,22,PG,-975.8349987445152
2021-03-02 00:00:00,-2,134.96309975802254,23,TRV,269.9261995160451
2021-03-02 00:00:00,14,306.5532531386667,24,UNH,-4291.745543941334
2021-03-02 00:00:00,10,40.14037365209195,25,VZ,-401.40373652091955
2021-03-05 00:00:00,-16,306.4183605503516,24,UNH,4902.693768805626
2021-03-05 00:00:00,50,39.36294960808007,26,WMT,-1968.1474804040035
2021-03-08 00:00:00,25,117.73570574626386,0,AAPL,-2943.3926436565966
2021-03-08 00:00:00,-19,138.1284568144018,2,AXP,2624.440679473634
2021-03-08 00:00:00,7,210.63432122279798,5,CRM,-1474.4402485595858
2021-03-08 00:00:00,-8,39.77301956699815,6,CSCO,318.1841565359852
2021-03-08 00:00:00,-33,89.16614900133344,7,CVX,2942.4829170440034
2021-03-08 00:00:00,7,192.8667557497534,8,DIS,-1350.0672902482738
2021-03-08 00:00:00,5,223.6947278914823,10,HD,-1118.4736394574115
2021-03-08 00:00:00,-1,175.4948772166455,11,HON,175.4948772166455
2021-03-08 00:00:00,-9,95.57395067004127,12,IBM,860.1655560303715
2021-03-08 00:00:00,24,55.02573329138247,13,INTC,-1320.6175989931794
2021-03-08 00:00:00,6,136.40423094963376,14,JNJ,-818.4253856978025
2021-03-08 00:00:00,-1,133.5186953433717,15,JPM,133.5186953433717
2021-03-08 00:00:00,-19,43.95771323292478,16,KO,835.1965514255709
2021-03-08 00:00:00,1,185.4865117505815,17,MCD,-185.4865117505815
2021-03-08 00:00:00,-8,126.2930775504763,18,MMM,1010.3446204038104
2021-03-08 00:00:00,-7,60.0723057415305,19,MRK,420.5061401907135
2021-03-08 00:00:00,3,222.12430945202368,20,MSFT,-666.372928356071
2021-03-08 00:00:00,18,123.94226052112462,21,NKE,-2230.9606893802434
2021-03-08 00:00:00,-4,109.97045874819422,22,PG,439.8818349927769
2021-03-08 00:00:00,-5,137.8093474480153,23,TRV,689.0467372400765
2021-03-08 00:00:00,-12,40.564258250685135,25,VZ,486.77109900822165
2021-03-08 00:00:00,-2,40.098721189927254,26,WMT,80.19744237985451
2021-03-24 00:00:00,-1,119.45626453001232,0,AAPL,119.45626453001232
2021-03-24 00:00:00,-10,207.7426803355504,1,AMGN,2077.426803355504
2021-03-24 00:00:00,32,129.52645630424595,2,AXP,-4144.8466017358705
2021-03-24 00:00:00,-8,243.628125,3,BA,1949.025
2021-03-24 00:00:00,6,200.82544021485793,4,CAT,-1204.9526412891476
2021-03-24 00:00:00,5,212.1232317558657,5,CRM,-1060.6161587793285
2021-03-24 00:00:00,-54,42.95554567059161,6,CSCO,2319.599466211947
2021-03-24 00:00:00,-21,126.42187842613028,21,NKE,2654.8594469487357
2021-03-24 00:00:00,-10,114.50008331604586,22,PG,1145.0008331604586
2021-03-24 00:00:00,8,133.89032944687008,23,TRV,-1071.1226355749607
2021-03-24 00:00:00,7,41.17818159869518,25,VZ,-288.2472711908663
2021-03-24 00:00:00,-17,41.85400900080349,26,WMT,711.5181530136592
2021-03-26 00:00:00,17,117.17101608119712,0,AAPL,-1991.9072733803512
2021-03-26 00:00:00,10,202.7658901767034,5,CRM,-2027.658901767034
2021-03-29 00:00:00,1,206.08878592825693,5,CRM,-206.08878592825693
2021-03-30 00:00:00,13,116.93736517501397,0,AAPL,-1520.1857472751815
2021-03-31 00:00:00,-10,134.49870858030604,2,AXP,1344.9870858030604
2021-03-31 00:00:00,-4,254.57264694976809,3,BA,1018.2905877990723
2021-03-31 00:00:00,-8,213.21661443373907,4,CAT,1705.7329154699125
2021-03-31 00:00:00,-4,207.29141341291896,5,CRM,829.1656536516758
2021-03-31 00:00:00,-13,44.5812135416486,6,CSCO,579.5557760414318
2021-03-31 00:00:00,36,85.7537273949871,7,CVX,-3087.1341862195354
2021-03-31 00:00:00,-23,270.2207671615763,10,HD,6215.077644716255
2021-03-31 00:00:00,-2,184.50047307674953,11,HON,369.00094615349906
2021-03-31 00:00:00,-24,104.54932268684843,12,IBM,2509.1837444843623
2021-03-31 00:00:00,-1,58.18879701526073,13,INTC,58.18879701526073
2021-03-31 00:00:00,-2,143.1767633841011,14,JNJ,286.3535267682022
2021-03-31 00:00:00,-7,45.66699310127542,16,KO,319.668951708928
2021-03-31 00:00:00,-7,199.94324280515823,17,MCD,1399.6026996361077
2021-03-31 00:00:00,-10,135.30666353517915,18,MMM,1353.0666353517915
2021-03-31 00:00:00,-9,62.824634566102205,19,MRK,565.4217110949198
2021-03-31 00:00:00,9,223.60277134312426,20,MSFT,-2012.4249420881183
2021-03-31 00:00:00,54,123.43216559241297,21,NKE,-6665.3369419903
2021-03-31 00:00:00,2,342.35543682765257,24,UNH,-684.7108736553051
2021-03-31 00:00:00,-6,42.34053624928699,25,VZ,254.04321749572193
2021-03-31 00:00:00,8,42.24493770553528,26,WMT,-337.9595016442822
2021-04-05 00:00:00,-6,120.47751712185466,0,AAPL,722.865102731128
2021-04-05 00:00:00,-4,216.3242148620005,5,CRM,865.296859448002
2021-04-05 00:00:00,-9,85.81410236248817,7,CVX,772.3269212623935
2021-04-05 00:00:00,8,187.1582562137076,8,DIS,-1497.2660497096608
2021-04-05 00:00:00,5,295.1783903911056,9,GS,-1475.891951955528
2021-04-05 00:00:00,-7,103.84995437556532,12,IBM,726.9496806289573
2021-04-05 00:00:00,1,45.126506646646455,16,KO,-45.126506646646455
2021-04-05 00:00:00,2,202.36518834352034,17,MCD,-404.7303766870407
2021-04-05 00:00:00,6,135.40707909714337,18,MMM,-812.4424745828602
2021-04-05 00:00:00,-6,232.88512317429942,20,MSFT,1397.3107390457965
2021-04-05 00:00:00,1,123.44144775981292,21,NKE,-123.44144775981292
2021-04-05 00:00:00,14,138.02428924101048,23,TRV,-1932.3400493741467
2021-04-05 00:00:00,9,339.4351041716569,24,UNH,-3054.915937544912
2021-04-06 00:00:00,6,216.74772802475835,5,CRM,-1300.4863681485501
2021-04-06 00:00:00,-1,84.61290601294868,7,CVX,84.61290601294868
2021-04-06 00:00:00,-5,184.07098335862662,8,DIS,920.354916793133
2021-04-06 00:00:00,-23,105.35748715402188,12,IBM,2423.2222045425033
2021-04-06 00:00:00,-14,60.0523548414859,13,INTC,840.7329677808026
2021-04-06 00:00:00,19,134.72161286405424,15,JPM,-2559.7106444170304
2021-04-06 00:00:00,-5,45.67560135914715,16,KO,228.37800679573576
2021-04-06 00:00:00,3,205.1425480103754,17,MCD,-615.4276440311262
2021-04-06 00:00:00,4,136.18229952418608,18,MMM,-544.7291980967443
2021-04-06 00:00:00,-1,237.4777376307101,20,MSFT,237.4777376307101
2021-04-06 00:00:00,-15,125.4860850373258,21,NKE,1882.2912755598868
2021-04-06 00:00:00,8,137.82486139474614,23,TRV,-1102.598891157969
2021-04-08 00:00:00,8,125.5438398489891,0,AAPL,-1004.3507187919128
2021-04-08 00:00:00,-10,333.2901335974267,24,UNH,3332.9013359742667
2021-04-08 00:00:00,-9,43.72828751322653,26,WMT,393.5545876190388
2021-04-19 00:00:00,-40,129.85347911020855,0,AAPL,5194.139164408342
2021-04-19 00:00:00,1,214.6134550598906,1,AMGN,-214.6134550598906
2021-04-19 00:00:00,-5,140.3403654397864,2,AXP,701.701827198932
2021-04-19 00:00:00,7,247.0,3,BA,-1729.0
2021-04-19 00:00:00,5,212.1093611599334,4,CAT,-1060.546805799667
2021-04-19 00:00:00,-7,227.37633789351213,5,CRM,1591.634365254585
2021-04-19 00:00:00,4,45.55277672435275,6,CSCO,-182.211106897411
2021-04-19 00:00:00,15,83.9013334864763,7,CVX,-1258.5200022971446
2021-04-19 00:00:00,5,183.28743487954938,8,DIS,-916.437174397747
2021-04-19 00:00:00,-7,301.3684872473098,9,GS,2109.5794107311685
2021-04-19 00:00:00,-7,288.7868423488894,10,HD,2021.507896442226
2021-04-19 00:00:00,-7,195.93292435191586,11,HON,1371.530470463411
2021-04-19 00:00:00,15,103.92271583784883,12,IBM,-1558.8407375677325
2021-04-19 00:00:00,31,58.874889097880626,13,INTC,-1825.1215620342994
2021-04-19 00:00:00,14,141.18269142398668,14,JNJ,-1976.5576799358137
2021-04-19 00:00:00,-1,46.50231475639344,16,KO,46.50231475639344
2021-04-19 00:00:00,16,63.376891214589484,19,MRK,-1014.0302594334318
2021-04-19 00:00:00,-6,249.5430133906824,20,MSFT,1497.2580803440944
2021-04-19 00:00:00,14,124.5543744168274,21,NKE,-1743.7612418355836
2021-04-19 00:00:00,5,119.8665763880561,22,PG,-599.3328819402805
2021-04-19 00:00:00,-2,141.8078618984768,23,TRV,283.6157237969536
2021-04-19 00:00:00,8,358.15083121768845,24,UNH,-2865.2066497415076
2021-04-19 00:00:00,25,42.91222624243561,25,VZ,-1072.8056560608902
2021-04-19 00:00:00,5,43.72217281643177,26,WMT,-218.61086408215886
2021-04-21 00:00:00,-22,365.921149610688,24,UNH,8050.2652914351365
2021-04-21 00:00:00,-7,42.79605721693031,25,VZ,299.57240051851215
2021-04-21 00:00:00,-7,43.827925157738086,26,WMT,306.7954761041666
2021-04-27 00:00:00,9,131.44375530561356,0,AAPL,-1182.9937977505222
2021-04-27 00:00:00,4,216.59960503007014,1,AMGN,-866.3984201202805
2021-04-27 00:00:00,-4,141.76076079243347,2,AXP,567.0430431697339
2021-04-27 00:00:00,3,242.0009448852539,3,BA,-726.0028346557617
2021-04-27 00:00:00,-15,231.93706924026205,5,CRM,3479.0560386039306
2021-04-27 00:00:00,11,44.72895756369063,6,CSCO,-492.0185332005969
2021-04-27 00:00:00,33,82.71515930803392,7,CVX,-2729.6002571651193
2021-04-27 00:00:00,-6,362.0679424062587,24,UNH,2172.407654437552
2021-04-27 00:00:00,21,41.50383405065537,25,VZ,-871.5805150637627
2021-04-27 00:00:00,16,43.00848131850028,26,WMT,-688.1357010960045
2021-04-30 00:00:00,-10,128.17087335012968,0,AAPL,1281.7087335012968
2021-04-30 00:00:00,13,198.84317100017364,1,AMGN,-2584.961223002257
2021-04-30 00:00:00,10,229.5463006233494,5,CRM,-2295.463006233494
2021-04-30 00:00:00,-54,85.2053668716975,7,CVX,4601.089811071665
2021-04-30 00:00:00,2,180.13992984006717,8,DIS,-360.27985968013434
2021-04-30 00:00:00,-6,311.22492421295397,9,GS,1867.3495452777238
2021-04-30 00:00:00,-38,111.66746241955819,12,IBM,4243.363571943211
2021-04-30 00:00:00,78,52.42322572134635,13,INTC,-4089.011606265015
2021-04-30 00:00:00,-17,46.717592862252964,16,KO,794.1990786583004
2021-04-30 00:00:00,-3,208.76485419247314,17,MCD,626.2945625774194
2021-04-30 00:00:00,-3,137.90195803417325,18,MMM,413.7058741025197
2021-04-30 00:00:00,4,239.76027253045055,20,MSFT,-959.0410901218022
2021-04-30 00:00:00,1,122.8293200561936,21,NKE,-122.8293200561936
2021-04-30 00:00:00,-2,140.85690137337352,23,TRV,281.71380274674704
2021-04-30 00:00:00,21,368.2525070213389,24,UNH,-7733.302647448117
2021-05-03 00:00:00,22,128.5522579974649,0,AAPL,-2828.1496759442275
2021-05-03 00:00:00,-6,227.31723453576998,5,CRM,1363.9034072146198
2021-05-03 00:00:00,-23,367.8843867420406,24,UNH,8461.340895066933
2021-05-04 00:00:00,-17,127.59702965434518,0,AAPL,2169.149504123868
2021-05-04 00:00:00,-9,209.6674894684101,1,AMGN,1887.007405215691
2021-05-04 00:00:00,17,218.57185263029638,5,CRM,-3715.7214947150383
2021-05-04 00:00:00,6,86.08681824202512,7,CVX,-516.5209094521507
2021-05-04 00:00:00,1,309.56654490200856,9,GS,-309.56654490200856
2021-05-04 00:00:00,-1,112.2191786624176,12,IBM,112.2191786624176
2021-05-04 00:00:00,17,51.75894998023208,13,INTC,-879.9021496639454
2021-05-04 00:00:00,5,134.79216981369788,15,JPM,-673.9608490684894
2021-05-04 00:00:00,-3,46.99317548466524,16,KO,140.9795264539957
2021-05-04 00:00:00,1,138.6195831853146,18,MMM,-138.6195831853146
2021-05-04 00:00:00,1,240.94112032076893,20,MSFT,-240.94112032076893
2021-05-04 00:00:00,2,122.6345977414695,21,NKE,-245.269195482939
2021-05-04 00:00:00,-2,141.63574672299006,23,TRV,283.2714934459801
2021-05-04 00:00:00,21,372.3666433782684,24,UNH,-7819.699510943637
2021-05-05 00:00:00,-3,215.5460267885298,5,CRM,646.6380803655893
2021-06-01 00:00:00,-7,234.43905948401908,5,CRM,1641.0734163881336
2021-06-01 00:00:00,9,86.59781248409045,7,CVX,-779.3803123568141
2021-06-01 00:00:00,15,176.1225100923376,8,DIS,-2641.837651385064
2021-06-01 00:00:00,-7,335.9155382800268,9,GS,2351.4087679601876
2021-06-01 00:00:00,3,114.05062238697471,12,IBM,-342.1518671609241
2021-06-01 00:00:00,7,52.746099197546116,13,INTC,-369.2226943828228
2021-06-01 00:00:00,-18,146.1086453937515,15,JPM,2629.9556170875267
2021-06-01 00:00:00,-2,47.65626274428511,16,KO,95.31252548857022
2021-06-01 00:00:00,2,211.80900776086986,17,MCD,-423.6180155217397
2021-06-01 00:00:00,-5,144.0613190114485,18,MMM,720.3065950572425
2021-06-01 00:00:00,3,241.68452766984606,20,MSFT,-725.0535830095382
2021-06-01 00:00:00,-9,127.97670404124995,21,NKE,1151.7903363712494
2021-06-01 00:00:00,-2,145.91949339123028,23,TRV,291.83898678246055
2021-06-02 00:00:00,37,121.20274680720452,0,AAPL,-4484.501631866568
2021-06-02 00:00:00,-9,230.89292803138497,5,CRM,2078.0363522824646
2021-06-02 00:00:00,11,88.1685824220858,7,CVX,-969.8544066429439
2021-06-10 00:00:00,8,123.87489890992151,0,AAPL,-990.9991912793721
2021-06-11 00:00:00,6,209.31013906230697,1,AMGN,-1255.860834373842
2021-06-11 00:00:00,-16,153.3311708075453,2,AXP,2453.298732920725
2021-06-11 00:00:00,9,207.0301811505421,4,CAT,-1863.2716303548789
2021-06-11 00:00:00,-39,47.811632206232126,6,CSCO,1864.653656043053
2021-06-11 00:00:00,-25,89.4196166456563,7,CVX,2235.4904161414074
2021-06-11 00:00:00,-15,370.040321012752,24,UNH,5550.60481519128
2021-06-14 00:00:00,10,124.65508338735371,0,AAPL,-1246.5508338735372
2021-06-14 00:00:00,-1,207.11991645149274,1,AMGN,207.11991645149274
2021-06-14 00:00:00,-7,154.55406606501296,2,AXP,1081.8784624550908
2021-06-14 00:00:00,-1,246.31678244018556,3,BA,246.31678244018556
2021-06-14 00:00:00,2,201.3307152891839,4,CAT,-402.6614305783678
2021-06-14 00:00:00,33,237.33586768354763,5,CRM,-7832.083633557072
2021-06-14 00:00:00,-5,47.11858287340662,6,CSCO,235.59291436703313
2021-06-14 00:00:00,-9,88.87738364934522,7,CVX,799.896452844107
2021-06-14 00:00:00,-84,122.2671810604455,21,NKE,10270.44320907742
2021-06-14 00:00:00,5,118.89145826698521,22,PG,-594.457291334926
2021-06-14 00:00:00,-10,140.4823729695356,23,TRV,1404.823729695356
2021-06-14 00:00:00,9,364.8546185907643,24,UNH,-3283.6915673168787
2021-06-14 00:00:00,5,41.951296029890116,25,VZ,-209.75648014945057
2021-06-14 00:00:00,-12,44.05005016129924,26,WMT,528.6006019355909
2021-06-17 00:00:00,-32,126.4595316153305,0,AAPL,4046.705011690576
2021-06-17 00:00:00,4,204.74578203383564,1,AMGN,-818.9831281353426
2021-06-17 00:00:00,-23,238.37918314186862,5,CRM,5482.721212262978
2021-06-17 00:00:00,-1,89.74825244418702,7,CVX,89.74825244418702
2021-06-17 00:00:00,72,170.65838325774965,8,DIS,-12287.403594557974
2021-06-17 00:00:00,14,332.3641608079089,9,GS,-4653.098251310725
2021-06-17 00:00:00,10,186.32750042480077,11,HON,-1863.2750042480077
2021-06-23 00:00:00,-17,130.32735379174886,0,AAPL,2215.5650144597307
2021-06-23 00:00:00,-1,204.6350669776337,1,AMGN,204.6350669776337
2021-06-23 00:00:00,-3,155.24076233729605,2,AXP,465.72228701188817
2021-06-23 00:00:00,5,195.41162053319417,4,CAT,-977.0581026659709
2021-06-23 00:00:00,-2,240.10303047704824,5,CRM,480.2060609540965
2021-06-23 00:00:00,14,46.18873085285782,6,CSCO,-646.6422319400095
2021-06-23 00:00:00,13,88.29193048985435,7,CVX,-1147.7950963681067
2021-06-23 00:00:00,1,169.71024578401233,8,DIS,-169.71024578401233
2021-06-24 00:00:00,-1,157.15036105165044,2,AXP,157.15036105165044
2021-06-24 00:00:00,1,245.3225969467163,3,BA,-245.3225969467163
2021-06-24 00:00:00,1,198.10127910582216,4,CAT,-198.10127910582216
2021-06-24 00:00:00,-9,239.70902326649468,5,CRM,2157.381209398452
2021-06-24 00:00:00,16,45.9083140853852,6,CSCO,-734.5330253661632
2021-06-24 00:00:00,-24,171.99164462457563,8,DIS,4127.799470989815
2021-06-24 00:00:00,-2,322.8416856415519,9,GS,645.6833712831038
2021-06-24 00:00:00,6,278.6917854587375,10,HD,-1672.150712752425
2021-06-24 00:00:00,6,183.42887909355522,11,HON,-1100.5732745613313
2021-06-24 00:00:00,34,114.67985570225161,12,IBM,-3899.115093876555
2021-06-24 00:00:00,13,50.80509960768434,13,INTC,-660.4662948998964
2021-06-24 00:00:00,-3,142.59404186718228,14,JNJ,427.78212560154685
2021-06-24 00:00:00,-19,255.8581777177717,20,MSFT,4861.305376637662
2021-06-24 00:00:00,-10,366.7641410846173,24,UNH,3667.6414108461727
2021-06-24 00:00:00,19,41.195745762946466,25,VZ,-782.7191694959829
2021-07-02 00:00:00,-64,146.87841529535606,21,NKE,9400.218578902788
2021-07-06 00:00:00,-6,136.53354710734317,0,AAPL,819.201282644059
2021-07-06 00:00:00,2,162.81017883999175,2,AXP,-325.6203576799835
2021-07-06 00:00:00,10,236.96843110656738,3,BA,-2369.6843110656737
2021-07-06 00:00:00,2,198.89719433989367,4,CAT,-397.79438867978735
2021-07-06 00:00:00,-6,245.2744620593335,5,CRM,1471.646772356001
2021-07-06 00:00:00,5,46.47289114051753,6,CSCO,-232.36445570258766
2021-07-06 00:00:00,40,87.10526910299397,7,CVX,-3484.210764119759
2021-07-06 00:00:00,8,172.779522727522,8,DIS,-1382.236181820176
2021-07-06 00:00:00,5,332.272116858148,9,GS,-1661.36058429074
2021-07-06 00:00:00,-1,287.04691510255475,10,HD,287.04691510255475
2021-07-06 00:00:00,34,110.1099649667052,12,IBM,-3743.7388088679772
2021-07-06 00:00:00,-3,146.64644626980868,14,JNJ,439.93933880942603
2021-07-06 00:00:00,10,138.0805173169613,15,JPM,-1380.805173169613
2021-07-06 00:00:00,72,46.8908991765192,16,KO,-3376.1447407093824
2021-07-06 00:00:00,-6,209.61282462275054,17,MCD,1257.6769477365033
2021-07-06 00:00:00,16,138.17637810164436,18,MMM,-2210.8220496263098
2021-07-06 00:00:00,-31,67.30190595855753,19,MRK,2086.359084715283
2021-07-06 00:00:00,-4,267.2686597407446,20,MSFT,1069.0746389629785
2021-07-06 00:00:00,14,148.6145086574744,21,NKE,-2080.603121204642
2021-07-06 00:00:00,5,119.38257545757591,22,PG,-596.9128772878796
2021-07-06 00:00:00,8,137.81505126980466,23,TRV,-1102.5204101584372
2021-07-06 00:00:00,-4,376.294167576629,24,UNH,1505.176670306516
2021-07-06 00:00:00,21,41.43047117609904,25,VZ,-870.0398946980798
2021-07-06 00:00:00,26,43.77185652189601,26,WMT,-1138.0682695692963
2021-07-07 00:00:00,-14,139.84594040317035,0,AAPL,1957.843165644385
2021-07-07 00:00:00,1,208.61781688337783,1,AMGN,-208.61781688337783
2021-07-07 00:00:00,-1,159.95596231525155,2,AXP,159.95596231525155
2021-07-07 00:00:00,4,194.57908192971684,4,CAT,-778.3163277188673
2021-07-07 00:00:00,3,249.4639480490873,5,CRM,-748.3918441472618
2021-07-07 00:00:00,9,46.34190462233706,6,CSCO,-417.07714160103353
2021-07-07 00:00:00,-15,85.41034220017157,7,CVX,1281.1551330025736
2021-07-07 00:00:00,4,168.9673561484945,8,DIS,-675.869424593978
2021-07-07 00:00:00,-5,326.8439375066765,9,GS,1634.2196875333825
2021-07-07 00:00:00,1,283.471296002164,10,HD,-283.471296002164
2021-07-07 00:00:00,1,185.3329144674198,11,HON,-185.3329144674198
2021-07-07 00:00:00,9,51.61079382593966,13,INTC,-464.4971444334569
2021-07-07 00:00:00,6,134.80622817542783,15,JPM,-808.837369052567
2021-07-07 00:00:00,-23,148.6887714996338,21,NKE,3419.841744491577
2021-07-07 00:00:00,6,136.81218441517922,23,TRV,-820.8731064910753
2021-07-07 00:00:00,1,378.21910325102203,24,UNH,-378.21910325102203
2021-07-08 00:00:00,-4,137.93637962967497,0,AAPL,551.7455185186999
2021-07-08 00:00:00,-5,157.45665761028897,2,AXP,787.2832880514449
2021-07-08 00:00:00,2,227.5937357254028,3,BA,-455.1874714508056
2021-07-08 00:00:00,-2,191.95817291006023,4,CAT,383.91634582012045
2021-07-08 00:00:00,11,241.41798654052164,5,CRM,-2655.597851945738
2021-07-08 00:00:00,-12,46.37409746210796,6,CSCO,556.4891695452956
2021-07-08 00:00:00,9,83.4727205667101,7,CVX,-751.2544851003909
2021-07-08 00:00:00,-5,43.24050905247591,26,WMT,216.20254526237954
2021-07-09 00:00:00,-1,139.07628538902605,0,AAPL,139.07628538902605
2021-07-09 00:00:00,3,242.15750848927274,5,CRM,-726.4725254678183
2021-07-09 00:00:00,-3,84.99955803644104,7,CVX,254.99867410932313
2021-07-12 00:00:00,-10,142.44721172453342,0,AAPL,1424.4721172453342
2021-07-12 00:00:00,-3,208.7679273425281,1,AMGN,626.3037820275844
2021-07-12 00:00:00,1,160.55972803232106,2,AXP,-160.55972803232106
2021-07-12 00:00:00,-2,237.8710104904175,3,BA,475.742020980835
2021-07-12 00:00:00,-3,243.52110813669827,5,CRM,730.5633244100948
2021-07-12 00:00:00,4,47.165350875113226,6,CSCO,-188.6614035004529
2021-07-12 00:00:00,-10,85.0817212301001,7,CVX,850.8172123010011
2021-07-12 00:00:00,-50,173.53452968842015,8,DIS,8676.726484421008
2021-07-12 00:00:00,-9,329.3430304541779,9,GS,2964.087274087601
2021-07-12 00:00:00,-3,189.266245636137,11,HON,567.798736908411
2021-07-12 00:00:00,-50,111.13142763331315,12,IBM,5556.571381665658
2021-07-12 00:00:00,12,51.51008121707897,13,INTC,-618.1209746049476
2021-07-12 00:00:00,6,136.88139819770728,15,JPM,-821.2883891862436
2021-07-12 00:00:00,-43,47.13035086818506,16,KO,2026.6050873319577
2021-07-12 00:00:00,9,210.65768358983195,17,MCD,-1895.9191523084876
2021-07-12 00:00:00,-6,139.22601981248243,18,MMM,835.3561188748946
2021-07-12 00:00:00,8,66.86056964492798,19,MRK,-534.8845571594238
2021-07-12 00:00:00,7,268.6234204225499,20,MSFT,-1880.3639429578493
2021-07-12 00:00:00,65,150.212908643159,21,NKE,-9763.839061805336
2021-07-12 00:00:00,14,140.53176091371068,23,TRV,-1967.4446527919495
2021-07-12 00:00:00,22,378.83657178508713,24,UNH,-8334.404579271917
2021-07-12 00:00:00,1,41.53242860502639,25,VZ,-41.53242860502639
2021-07-13 00:00:00,-31,140.32332734801255,0,AAPL,4350.023147788389
2021-07-13 00:00:00,1,209.7460634946689,1,AMGN,-209.7460634946689
2021-07-13 00:00:00,1,232.38613927459716,3,BA,-232.38613927459716
2021-07-13 00:00:00,-15,238.66485607882257,5,CRM,3579.9728411823385
2021-07-13 00:00:00,16,46.57767102573848,6,CSCO,-745.2427364118157
2021-07-13 00:00:00,29,85.52870237587405,7,CVX,-2480.3323689003473
2021-07-13 00:00:00,-24,179.76460388438053,8,DIS,4314.350493225133
2021-07-13 00:00:00,11,339.2428606108501,9,GS,-3731.671466719351
2021-07-13 00:00:00,1,286.9869783467287,10,HD,-286.9869783467287
2021-07-13 00:00:00,-3,110.73069626626311,12,IBM,332.1920887987893
2021-07-13 00:00:00,43,51.83968504380651,13,INTC,-2229.10645688368
2021-07-13 00:00:00,1,147.71983764037972,14,JNJ,-147.71983764037972
2021-07-13 00:00:00,14,138.38900692220446,15,JPM,-1937.4460969108625
2021-07-13 00:00:00,-57,47.676973523275834,16,KO,2717.5874908267224
2021-07-13 00:00:00,-3,211.40702639792423,17,MCD,634.2210791937727
2021-07-13 00:00:00,-15,139.8630876556396,23,TRV,2097.946314834594
2021-07-13 00:00:00,-4,383.3933419187062,24,UNH,1533.5733676748248
2021-07-13 00:00:00,5,41.74012184528257,25,VZ,-208.70060922641287
2021-07-13 00:00:00,18,43.80002113986244,26,WMT,-788.4003805175239
2021-07-15 00:00:00,-17,145.39922502811015,0,AAPL,2471.7868254778728
2021-07-15 00:00:00,-1,208.6312889042639,1,AMGN,208.6312889042639
2021-07-15 00:00:00,10,222.99144488525388,3,BA,-2229.914448852539
2021-07-15 00:00:00,5,192.3743045271618,4,CAT,-961.871522635809
2021-07-15 00:00:00,13,237.84860667517285,5,CRM,-3092.031886777247
2021-07-15 00:00:00,-24,46.96729916133418,6,CSCO,1127.2151798720204
2021-07-15 00:00:00,17,83.1026598970324,7,CVX,-1412.7452182495508
2021-07-15 00:00:00,9,179.31886989242196,8,DIS,-1613.8698290317975
2021-07-26 00:00:00,-32,153.84126278032215,21,NKE,4922.920408970309
2021-07-27 00:00:00,36,145.42769746007488,0,AAPL,-5235.397108562695
2021-07-27 00:00:00,1,208.66049930323373,1,AMGN,-208.66049930323373
2021-07-27 00:00:00,1,160.92791629886509,2,AXP,-160.92791629886509
2021-07-27 00:00:00,1,223.28158316802978,3,BA,-223.28158316802978
2021-07-27 00:00:00,-15,48.31071751688422,6,CSCO,724.6607627532633
2021-07-27 00:00:00,-26,82.19802104940075,7,CVX,2137.1485472844197
2021-07-27 00:00:00,13,174.23598157573477,8,DIS,-2265.067760484552
2021-07-27 00:00:00,-12,331.29080140517317,9,GS,3975.489616862078
2021-07-27 00:00:00,-4,295.0138202384287,10,HD,1180.0552809537148
2021-07-27 00:00:00,-4,194.19150684723138,11,HON,776.7660273889255
2021-07-27 00:00:00,-7,48.58656937163329,13,INTC,340.105985601433
2021-07-27 00:00:00,-3,150.0438027484537,14,JNJ,450.13140824536106
2021-07-27 00:00:00,-2,133.24511823641015,15,JPM,266.4902364728203
2021-07-27 00:00:00,15,49.600648359522744,16,KO,-744.0097253928411
2021-07-27 00:00:00,-2,219.05206213116207,17,MCD,438.10412426232415
2021-07-27 00:00:00,10,66.53293616473324,19,MRK,-665.3293616473325
2021-07-27 00:00:00,-4,278.22749078051066,20,MSFT,1112.9099631220427
2021-07-27 00:00:00,22,153.1680851811319,21,NKE,-3369.6978739849014
2021-07-27 00:00:00,-9,124.11357072872343,22,PG,1117.022136558511
2021-07-27 00:00:00,28,135.0344290513953,23,TRV,-3780.9640134390684
2021-07-27 00:00:00,-18,44.69706909528537,26,WMT,804.5472437151367
2021-07-28 00:00:00,4,141.2243899198057,0,AAPL,-564.8975596792228
2021-07-28 00:00:00,-2,208.8191031874993,1,AMGN,417.6382063749986
2021-07-28 00:00:00,-3,163.16260798159757,2,AXP,489.4878239447927
2021-07-28 00:00:00,1,234.16702805328367,3,BA,-234.16702805328367
2021-07-28 00:00:00,-14,136.4660036304967,23,TRV,1910.5240508269535
2021-07-28 00:00:00,-12,44.53452559601335,26,WMT,534.4143071521603
2021-07-29 00:00:00,6,141.10738240760017,0,AAPL,-846.644294445601
2021-07-29 00:00:00,1,208.9511525936631,1,AMGN,-208.9511525936631
2021-07-29 00:00:00,6,161.8058622101079,2,AXP,-970.8351732606475
2021-07-29 00:00:00,-7,233.57315744018555,3,BA,1635.012102081299
2021-07-29 00:00:00,2,240.08687993796755,5,CRM,-480.1737598759351
2021-07-29 00:00:00,5,48.02722266416463,6,CSCO,-240.13611332082317
2021-07-29 00:00:00,-4,84.11229137551871,7,CVX,336.44916550207483
2021-07-29 00:00:00,-2,175.58517669651053,8,DIS,351.17035339302106
2021-07-29 00:00:00,1,290.591617727454,10,HD,-290.591617727454
2021-07-29 00:00:00,-3,197.7665928591164,11,HON,593.2997785773492
2021-07-29 00:00:00,1,111.95052163203528,12,IBM,-111.95052163203528
2021-07-29 00:00:00,16,48.964787399567385,13,INTC,-783.4365983930782
2021-07-29 00:00:00,-2,150.86478166295262,14,JNJ,301.72956332590525
2021-07-29 00:00:00,-2,135.67258616072488,15,JPM,271.34517232144975
2021-07-29 00:00:00,4,140.63161957824104,18,MMM,-562.5264783129642
2021-07-29 00:00:00,-12,66.79374617864529,19,MRK,801.5249541437436
2021-07-29 00:00:00,-3,154.01763736132688,21,NKE,462.05291208398063
2021-07-29 00:00:00,1,123.89200016276571,22,PG,-123.89200016276571
2021-07-29 00:00:00,17,134.42368498884932,23,TRV,-2285.2026448104384
2021-07-29 00:00:00,6,379.0762434713862,24,UNH,-2274.4574608283174
2021-07-29 00:00:00,2,41.4582525623231,25,VZ,-82.9165051246462
2021-07-29 00:00:00,9,44.62914893878876,26,WMT,-401.66234044909885
2021-08-02 00:00:00,-3,142.5933571756791,0,AAPL,427.7800715270373
2021-08-02 00:00:00,1,206.95102800325003,1,AMGN,-206.95102800325003
2021-08-02 00:00:00,-2,161.40843886530112,2,AXP,322.81687773060224
2021-08-02 00:00:00,2,227.30359744262694,3,BA,-454.6071948852539
2021-08-12 00:00:00,-11,368.5375780897186,9,GS,4053.9133589869043
2021-08-12 00:00:00,6,113.18368156431907,12,IBM,-679.1020893859145
2021-08-12 00:00:00,-12,49.868929077882626,13,INTC,598.4271489345915
2021-08-12 00:00:00,-17,143.41570996137148,15,JPM,2438.067069343315
2021-08-12 00:00:00,8,211.92388975877807,17,MCD,-1695.3911180702246
2021-08-12 00:00:00,-7,158.65023614249958,21,NKE,1110.551652997497
2021-08-12 00:00:00,-17,142.98689735005675,23,TRV,2430.7772549509646
2021-08-12 00:00:00,3,375.1313767696771,24,UNH,-1125.3941303090314
2021-08-13 00:00:00,5,182.0949119175036,8,DIS,-910.474559587518
2021-08-13 00:00:00,-1,369.9784054947985,9,GS,369.9784054947985
2021-08-13 00:00:00,-6,113.3725902110143,12,IBM,680.2355412660858
2021-08-13 00:00:00,15,49.301406500464296,13,INTC,-739.5210975069645
2021-08-13 00:00:00,1,212.63325655848084,17,MCD,-212.63325655848084
2021-08-13 00:00:00,1,141.56730119761716,18,MMM,-141.56730119761716
2021-08-13 00:00:00,1,142.80176569712913,23,TRV,-142.80176569712913
2021-08-13 00:00:00,2,375.20516354126573,24,UNH,-750.4103270825315
2021-08-18 00:00:00,-8,146.16347201977385,0,AAPL,1169.3077761581908
2021-08-18 00:00:00,-9,244.289436242594,5,CRM,2198.604926183346
2021-08-18 00:00:00,38,82.2560662292249,7,CVX,-3125.730516710546
2021-08-18 00:00:00,26,171.93887655076333,8,DIS,-4470.4107903198465
2021-08-18 00:00:00,-17,387.9695560098805,24,UNH,6595.482452167968
2021-08-19 00:00:00,24,141.65084458480183,0,AAPL,-3399.620270035244
2021-08-19 00:00:00,22,194.39719007334065,1,AMGN,-4276.738181613495
2021-08-19 00:00:00,-5,245.4419330554248,5,CRM,1227.209665277124
2021-08-19 00:00:00,13,79.02215005512939,7,CVX,-1027.287950716682
2021-08-19 00:00:00,-15,382.47259824081385,24,UNH,5737.088973612208
2021-08-20 00:00:00,2,193.27743855978838,1,AMGN,-386.55487711957676
2021-08-20 00:00:00,19,149.96712894899068,2,AXP,-2849.375450030823
2021-08-20 00:00:00,-64,47.20815785203061,26,WMT,3021.322102529959
2021-08-24 00:00:00,-5,145.8219807973079,0,AAPL,729.1099039865395
2021-08-24 00:00:00,2,194.25077662864658,1,AMGN,-388.50155325729315
2021-08-24 00:00:00,4,151.619295503238,2,AXP,-606.477182012952
2021-08-24 00:00:00,11,220.22005561065671,3,BA,-2422.420611717224
2021-08-24 00:00:00,6,192.9192167826783,4,CAT,-1157.5153006960697
2021-08-24 00:00:00,-5,258.0011830180945,5,CRM,1290.0059150904724
2021-08-24 00:00:00,-47,51.02371981116175,6,CSCO,2398.114831124602
2021-08-24 00:00:00,26,173.91341023823242,8,DIS,-4521.748666194043
2021-08-24 00:00:00,-30,145.86490286861755,23,TRV,4375.947086058526
2021-08-24 00:00:00,-1,391.8092588428608,24,UNH,391.8092588428608
2021-08-24 00:00:00,22,41.089062658825334,25,VZ,-903.9593784941574
2021-08-24 00:00:00,17,47.2380413907695,26,WMT,-803.0467036430815
2021-08-26 00:00:00,-8,144.74871429418076,0,AAPL,1157.989714353446
2021-08-26 00:00:00,-1,265.7632314334429,5,CRM,265.7632314334429
2021-08-26 00:00:00,-5,81.6908927603868,7,CVX,408.454463801934
2021-08-26 00:00:00,-24,174.14969905174044,8,DIS,4179.592777241771
2021-08-26 00:00:00,8,370.2417156487771,9,GS,-2961.9337251902166
2021-08-26 00:00:00,46,111.36172710263585,12,IBM,-5122.639446721249
2021-08-26 00:00:00,-10,214.21490621612776,17,MCD,2142.1490621612775
2021-08-26 00:00:00,4,137.65741791349387,18,MMM,-550.6296716539755
2021-08-26 00:00:00,-10,289.8939456301659,20,MSFT,2898.939456301659
2021-08-26 00:00:00,3,157.4057325382421,21,NKE,-472.2171976147263
2021-08-26 00:00:00,2,148.1440645765979,23,TRV,-296.2881291531958
2021-08-27 00:00:00,12,144.04375785661375,0,AAPL,-1728.525094279365
2021-08-27 00:00:00,4,191.40834545604764,1,AMGN,-765.6333818241906
2021-08-27 00:00:00,-6,263.85224289254785,5,CRM,1583.1134573552872
2021-08-27 00:00:00,6,81.79764115022788,7,CVX,-490.7858469013672
2021-08-27 00:00:00,25,172.31032802146322,8,DIS,-4307.75820053658
2021-08-30 00:00:00,-17,145.38291267023635,0,AAPL,2471.509515394018
2021-08-30 00:00:00,-7,191.26863473169485,1,AMGN,1338.880443121864
2021-08-30 00:00:00,-8,82.50688635610898,7,CVX,660.0550908488718
2021-08-30 00:00:00,-34,176.25894745149478,8,DIS,5992.8042133508225
2021-08-30 00:00:00,-3,373.4914837413188,9,GS,1120.4744512239563
2021-08-30 00:00:00,-1,110.87688209795839,12,IBM,110.87688209795839
2021-08-30 00:00:00,61,48.36736341470257,16,KO,-2950.4091682968565
2021-08-30 00:00:00,1,213.12716429219748,17,MCD,-213.12716429219748
2021-08-30 00:00:00,-2,138.22094602325075,18,MMM,276.4418920465015
2021-08-30 00:00:00,28,65.78286442016578,19,MRK,-1841.9202037646419
2021-08-30 00:00:00,1,290.3093506822192,20,MSFT,-290.3093506822192
2021-08-30 00:00:00,15,156.27852169374842,21,NKE,-2344.1778254062265
2021-08-30 00:00:00,3,147.3775476149474,23,TRV,-442.13264284484217
2021-09-01 00:00:00,7,149.2691640823364,0,AAPL,-1044.8841485763548
2021-09-01 00:00:00,3,194.27659326398276,1,AMGN,-582.8297797919483
2021-09-01 00:00:00,4,262.5484745895307,5,CRM,-1050.1938983581229
2021-09-01 00:00:00,-46,153.36049612464703,21,NKE,7054.582821733763
2021-09-01 00:00:00,-3,145.19999395359213,23,TRV,435.5999818607764
2021-09-02 00:00:00,2,150.2849290225102,0,AAPL,-300.5698580450204
2021-09-02 00:00:00,-5,155.6646659955657,2,AXP,778.3233299778285
2021-09-02 00:00:00,3,219.0594719467163,3,BA,-657.1784158401489
2021-09-02 00:00:00,3,192.15580140865345,4,CAT,-576.4674042259603
2021-09-02 00:00:00,10,265.2403259387174,5,CRM,-2652.403259387174
2021-09-02 00:00:00,-3,51.77393806160672,6,CSCO,155.32181418482017
2021-09-02 00:00:00,-9,80.46689893301802,7,CVX,724.2020903971621
2021-09-02 00:00:00,3,180.0128892989912,8,DIS,-540.0386678969736
2021-09-02 00:00:00,3,290.7630071341064,10,HD,-872.2890214023191
2021-09-02 00:00:00,4,197.07253591750668,11,HON,-788.2901436700267
2021-09-02 00:00:00,-22,111.05174064946105,12,IBM,2443.1382942881432
2021-09-02 00:00:00,-8,49.52831058185715,13,INTC,396.2264846548572
2021-09-02 00:00:00,4,141.9097148496128,15,JPM,-567.6388593984512
2021-09-02 00:00:00,-19,49.256075584411626,16,KO,935.8654361038209
2021-09-02 00:00:00,4,215.9749705580375,17,MCD,-863.89988223215
2021-09-02 00:00:00,11,137.57238201503827,18,MMM,-1513.296202165421
2021-09-02 00:00:00,4,65.93803487134147,19,MRK,-263.7521394853659
2021-09-02 00:00:00,-4,291.05935838960005,20,MSFT,1164.2374335584002
2021-09-02 00:00:00,-10,153.65807212003003,21,NKE,1536.5807212003003
2021-09-02 00:00:00,-5,127.4964321652381,22,PG,637.4821608261905
2021-09-02 00:00:00,11,145.60966261547162,23,TRV,-1601.7062887701877
2021-09-02 00:00:00,9,386.3392499267744,24,UNH,-3477.0532493409696
2021-09-02 00:00:00,16,40.74613364735964,25,VZ,-651.9381383577543
2021-09-02 00:00:00,23,46.5142676705482,26,WMT,-1069.8281564226086
2021-09-07 00:00:00,-10,151.2080246141731,0,AAPL,1512.080246141731
2021-09-07 00:00:00,8,149.98604776775755,2,AXP,-1199.8883821420604
2021-09-07 00:00:00,-3,192.99284362373282,4,CAT,578.9785308711985
2021-09-07 00:00:00,-12,262.5520201069367,5,CRM,3150.6242412832407
2021-09-07 00:00:00,-9,51.677988543756484,6,CSCO,465.1018968938084
2021-09-07 00:00:00,19,80.86414426285135,7,CVX,-1536.4187409941758
2021-09-08 00:00:00,-16,153.1692082616962,0,AAPL,2450.7073321871394
2021-09-08 00:00:00,1,190.64172131597886,1,AMGN,-190.64172131597886
2021-09-08 00:00:00,-1,150.1379075023968,2,AXP,150.1379075023968
2021-09-08 00:00:00,2,213.70680610656737,3,BA,-427.41361221313474
2021-09-08 00:00:00,1,190.50029209013206,4,CAT,-190.50029209013206
2021-09-08 00:00:00,5,259.9355631599131,5,CRM,-1299.6778157995655
2021-09-08 00:00:00,5,51.12716034677886,6,CSCO,-255.63580173389428
2021-09-08 00:00:00,-24,81.18298490831906,7,CVX,1948.3916377996575
2021-09-08 00:00:00,12,180.18882464839513,8,DIS,-2162.2658957807416
2021-09-08 00:00:00,2,366.0828075560277,9,GS,-732.1656151120554
2021-09-08 00:00:00,-2,293.97562343513795,10,HD,587.9512468702759
2021-09-08 00:00:00,6,190.10003942191682,11,HON,-1140.600236531501
2021-09-08 00:00:00,-8,140.76675529666747,15,JPM,1126.1340423733398
2021-09-09 00:00:00,3,362.0125110317276,9,GS,-1086.0375330951829
2021-09-10 00:00:00,-4,152.00531285411353,2,AXP,608.0212514164541
2021-09-10 00:00:00,-2,215.05242366027832,3,BA,430.10484732055664
2021-09-10 00:00:00,12,257.35213212639405,5,CRM,-3088.2255855167286
2021-09-10 00:00:00,-9,51.25051655228725,6,CSCO,461.25464897058527
2021-09-10 00:00:00,-4,383.9814160492285,24,UNH,1535.925664196914
2021-09-10 00:00:00,-13,40.43122495307563,25,VZ,525.6059243899831
2021-09-10 00:00:00,-12,46.17916003299341,26,WMT,554.1499203959208
2021-09-13 00:00:00,16,147.12038822397963,0,AAPL,-2353.926211583674
2021-09-13 00:00:00,-5,376.97742793544336,24,UNH,1884.8871396772167
2021-09-13 00:00:00,3,40.35299498571054,25,VZ,-121.05898495713161
2021-09-14 00:00:00,3,146.8469239757206,0,AAPL,-440.5407719271618
2021-09-14 00:00:00,4,187.4288790139496,1,AMGN,-749.7155160557984
2021-09-14 00:00:00,-4,153.42942360480126,2,AXP,613.717694419205
2021-09-14 00:00:00,-1,189.31746893428237,4,CAT,189.31746893428237
2021-09-14 00:00:00,7,50.85646253126505,6,CSCO,-355.9952377188554
2021-09-14 00:00:00,-9,81.9157078974154,7,CVX,737.2413710767386
2021-09-14 00:00:00,18,180.7948803474509,8,DIS,-3254.3078462541166
2021-09-14 00:00:00,-6,300.3029715185794,10,HD,1801.8178291114764
2021-09-14 00:00:00,-4,191.01835846014438,11,HON,764.0734338405775
2021-09-14 00:00:00,-23,145.7896608506774,23,TRV,3353.16219956558
2021-09-14 00:00:00,3,386.050193840264,24,UNH,-1158.150581520792
2021-09-14 00:00:00,-7,40.49792540253293,25,VZ,283.4854778177305
2021-09-14 00:00:00,9,45.68522151872422,26,WMT,-411.166993668518
2021-09-15 00:00:00,-1,144.95355986564894,0,AAPL,144.95355986564894
2021-09-15 00:00:00,3,186.71396861941236,1,AMGN,-560.1419058582371
2021-09-15 00:00:00,3,151.07170288261614,2,AXP,-453.2151086478484
2021-09-15 00:00:00,2,211.89588828277587,3,BA,-423.79177656555174
2021-09-15 00:00:00,4,185.94748547879328,4,CAT,-743.7899419151731
2021-09-15 00:00:00,4,50.454781870685075,6,CSCO,-201.8191274827403
2021-09-15 00:00:00,10,80.8391361595425,7,CVX,-808.391361595425
2021-09-15 00:00:00,-6,355.6897086486639,9,GS,2134.1382518919836
2021-09-15 00:00:00,3,188.2908021245956,11,HON,-564.8724063737868
2021-09-15 00:00:00,-8,381.17234245068175,24,UNH,3049.378739605454
2021-09-15 00:00:00,4,40.286229431141955,25,VZ,-161.14491772456782
2021-09-15 00:00:00,5,45.24244916400388,26,WMT,-226.2122458200194
2021-09-20 00:00:00,-16,150.29822348069308,2,AXP,2404.7715756910893
2021-09-20 00:00:00,-8,210.70459255981447,3,BA,1685.6367404785158
2021-09-20 00:00:00,-3,177.39099641539863,4,CAT,532.1729892461959
2021-09-20 00:00:00,-24,78.80162334180562,7,CVX,1891.238960203335
2021-09-20 00:00:00,-16,337.65501160491345,9,GS,5402.480185678615
2021-09-20 00:00:00,-5,296.549467977319,10,HD,1482.747339886595
2021-09-20 00:00:00,-5,184.23192302711868,11,HON,921.1596151355934
2021-09-20 00:00:00,-12,136.33707370907456,15,JPM,1636.0448845088947
2021-09-24 00:00:00,5,142.26618526705087,0,AAPL,-711.3309263352544
2021-09-24 00:00:00,2,184.974045696889,1,AMGN,-369.948091393778
2021-09-24 00:00:00,-6,163.5273216867553,2,AXP,981.1639301205319
2021-09-24 00:00:00,11,179.95060322215207,4,CAT,-1979.4566354436727
2021-09-24 00:00:00,-14,274.333057680444,5,CRM,3840.6628075262165
2021-09-24 00:00:00,22,49.29339703706379,6,CSCO,-1084.4547348154033
2021-09-24 00:00:00,4,83.05619177014309,7,CVX,-332.22476708057235
2021-09-24 00:00:00,32,171.35241000120672,8,DIS,-5483.277120038615
2021-09-24 00:00:00,20,349.30930773020395,9,GS,-6986.186154604079
2021-09-24 00:00:00,5,301.27431549559225,10,HD,-1506.3715774779612
2021-09-24 00:00:00,6,187.53125804565232,11,HON,-1125.187548273914
2021-09-24 00:00:00,33,109.02264973860628,12,IBM,-3597.747441374007
2021-09-24 00:00:00,-23,49.50990487708325,13,INTC,1138.7278121729148
2021-09-24 00:00:00,11,144.88645081265167,14,JNJ,-1593.7509589391684
2021-09-24 00:00:00,3,143.1690017461156,15,JPM,-429.50700523834684
2021-09-24 00:00:00,-46,140.45335280530637,21,NKE,6460.854229044093
2021-09-24 00:00:00,-7,127.34591807247057,22,PG,891.421426507294
2021-09-24 00:00:00,6,142.9836189614375,23,TRV,-857.9017137686249
2021-09-24 00:00:00,1,376.3925531850622,24,UNH,-376.3925531850622
2021-09-24 00:00:00,4,40.32332372965271,25,VZ,-161.29329491861083
2021-09-24 00:00:00,15,44.74942088942507,26,WMT,-671.241313341376
2021-09-27 00:00:00,5,142.0806193071579,0,AAPL,-710.4030965357895
2021-09-27 00:00:00,-2,167.5670826336839,2,AXP,335.1341652673678
2021-09-27 00:00:00,1,181.74416614299253,4,CAT,-181.74416614299253
2021-09-27 00:00:00,-13,278.214137650412,5,CRM,3616.783789455356
2021-09-27 00:00:00,4,49.30213300837084,6,CSCO,-197.20853203348335
2021-09-27 00:00:00,-5,85.46387348626415,7,CVX,427.31936743132076
2021-09-27 00:00:00,-21,172.47990542949316,8,DIS,3622.0780140193565
2021-09-27 00:00:00,-4,354.4206426681876,9,GS,1417.6825706727504
2021-09-27 00:00:00,2,186.84847691148087,11,HON,-373.69695382296175
2021-09-27 00:00:00,-17,109.6528671990318,12,IBM,1864.0987423835406
2021-09-27 00:00:00,2,49.70688301852147,13,INTC,-99.41376603704293
2021-09-27 00:00:00,3,144.22687485576532,14,JNJ,-432.6806245672959
2021-09-27 00:00:00,-1,146.17983734466725,15,JPM,146.17983734466725
2021-09-27 00:00:00,125,47.1222827566074,16,KO,-5890.285344575925
2021-09-27 00:00:00,-11,221.89271729727741,17,MCD,2440.8198902700515
2021-09-27 00:00:00,-3,128.10856296662806,18,MMM,384.3256888998842
2021-09-27 00:00:00,83,63.945411205904996,19,MRK,-5307.469130090115
2021-09-27 00:00:00,45,139.16971395584466,21,NKE,-6262.63712801301
2021-09-27 00:00:00,3,126.85139608689286,22,PG,-380.5541882606786
2021-09-27 00:00:00,12,144.56042767613658,23,TRV,-1734.7251321136391
2021-09-27 00:00:00,7,40.39008002739608,25,VZ,-282.73056019177255
2021-09-27 00:00:00,3,44.865608251312246,26,WMT,-134.59682475393674
2021-10-01 00:00:00,-17,145.2939136401683,15,JPM,2469.9965318828613
2021-10-06 00:00:00,17,136.22042183875368,0,AAPL,-2315.7471712588126
2021-10-06 00:00:00,-1,162.73822053618812,2,AXP,162.73822053618812
2021-10-06 00:00:00,-3,220.96946183013918,3,BA,662.9083854904176
2021-10-06 00:00:00,4,174.754009601521,4,CAT,-699.016038406084
2021-10-06 00:00:00,-24,113.24542607483231,12,IBM,2717.8902257959753
2021-10-06 00:00:00,-2,49.23371617966744,13,INTC,98.46743235933488
2021-10-06 00:00:00,7,140.59483322265112,14,JNJ,-984.1638325585578
2021-10-06 00:00:00,2,149.87540581583255,15,JPM,-299.7508116316651
2021-10-06 00:00:00,9,46.17721546374269,16,KO,-415.5949391736842
2021-10-06 00:00:00,-82,70.82493435824273,19,MRK,5807.644617375904
2021-10-06 00:00:00,3,275.5199830746237,20,MSFT,-826.5599492238712
2021-10-06 00:00:00,-2,137.62644111230418,21,NKE,275.25288222460836
2021-10-06 00:00:00,8,123.20944049057843,22,PG,-985.6755239246274
2021-10-06 00:00:00,3,139.98588469784394,23,TRV,-419.9576540935318
2021-10-06 00:00:00,5,361.4179897105254,24,UNH,-1807.089948552627
2021-10-06 00:00:00,-10,40.268202975858486,25,VZ,402.68202975858486
2021-10-06 00:00:00,41,42.78358260203035,26,WMT,-1754.1268866832443
2021-10-08 00:00:00,-5,140.5335551646061,0,AAPL,702.6677758230305
2021-10-08 00:00:00,3,180.94724348519117,1,AMGN,-542.8417304555735
2021-10-08 00:00:00,-1,226.636625,3,BA,226.636625
2021-10-08 00:00:00,-2,179.90859881591211,4,CAT,359.81719763182423
2021-10-08 00:00:00,6,271.68888176314636,5,CRM,-1630.1332905788781
2021-10-08 00:00:00,20,48.527489130301625,6,CSCO,-970.5497826060325
2021-10-08 00:00:00,-28,88.9349136208168,7,CVX,2490.1775813828704
2021-10-08 00:00:00,-17,173.74933534567856,8,DIS,2953.7387008765354
2021-10-08 00:00:00,10,349.63137248546354,9,GS,-3496.3137248546354
2021-10-08 00:00:00,1,186.6266248423089,11,HON,-186.6266248423089
2021-10-08 00:00:00,-3,224.82425658943916,17,MCD,674.4727697683174
2021-10-08 00:00:00,-61,70.9726777773594,19,MRK,4329.333344418923
2021-10-08 00:00:00,-1,285.29980433247056,20,MSFT,285.29980433247056
2021-10-08 00:00:00,29,141.69226101955712,21,NKE,-4109.075569567157
2021-10-08 00:00:00,-5,126.00869450036315,22,PG,630.0434725018157
2021-10-08 00:00:00,-6,144.10458163469798,23,TRV,864.6274898081879
2021-10-12 00:00:00,1,139.84242905892054,0,AAPL,-139.84242905892054
2021-10-12 00:00:00,4,178.66902934124076,1,AMGN,-714.676117364963
2021-10-12 00:00:00,1,164.30920323018356,2,AXP,-164.30920323018356
2021-10-12 00:00:00,3,176.88786382047792,4,CAT,-530.6635914614337
2021-10-12 00:00:00,1,272.5566581392861,5,CRM,-272.5566581392861
2021-10-12 00:00:00,1,48.342876956763504,6,CSCO,-48.342876956763504
2021-10-12 00:00:00,-8,89.08481464762797,7,CVX,712.6785171810237
2021-10-12 00:00:00,20,169.71022743768452,8,DIS,-3394.2045487536907
2021-10-12 00:00:00,-9,345.1619984430194,9,GS,3106.4579859871747
2021-10-12 00:00:00,3,184.0834098797203,11,HON,-552.2502296391609
2021-10-12 00:00:00,3,113.14392310934237,12,IBM,-339.4317693280271
2021-10-12 00:00:00,11,49.36591543164191,13,INTC,-543.025069748061
2021-10-12 00:00:00,5,147.87699525340562,15,JPM,-739.3849762670282
2021-10-12 00:00:00,1,223.67677432098623,17,MCD,-223.67677432098623
2021-10-15 00:00:00,-1,140.27990807380743,0,AAPL,140.27990807380743
2021-10-15 00:00:00,5,164.46067631095283,2,AXP,-822.3033815547642
2021-10-15 00:00:00,-10,288.11375925848165,5,CRM,2881.1375925848165
2021-10-15 00:00:00,-8,49.084981347662804,6,CSCO,392.67985078130243
2021-10-15 00:00:00,-6,91.39955289903688,7,CVX,548.3973173942213
2021-10-15 00:00:00,-12,171.5619580439458,8,DIS,2058.7434965273496
2021-10-15 00:00:00,9,359.9011996682034,9,GS,-3239.1107970138305
2021-10-15 00:00:00,-2,309.69548077520136,10,HD,619.3909615504027
2021-10-15 00:00:00,-2,187.82127694224758,11,HON,375.64255388449516
2021-10-15 00:00:00,18,114.08274950937516,12,IBM,-2053.489491168753
2021-10-15 00:00:00,-3,49.896556546120244,13,INTC,149.68966963836073
2021-10-15 00:00:00,1,141.61491924848198,14,JNJ,-141.61491924848198
2021-10-15 00:00:00,-16,146.73953907636496,21,NKE,2347.8326252218394
2021-10-15 00:00:00,-4,127.98353744799896,22,PG,511.9341497919958
2021-10-15 00:00:00,1,144.07453746103926,23,TRV,-144.07453746103926
2021-10-15 00:00:00,1,390.36839586192946,24,UNH,-390.36839586192946
2021-10-18 00:00:00,4,140.10764384501184,0,AAPL,-560.4305753800473
2021-10-18 00:00:00,3,177.74735986904832,1,AMGN,-533.242079607145
2021-10-18 00:00:00,-5,166.00756210443092,2,AXP,830.0378105221546
2021-10-18 00:00:00,9,216.10799999999998,3,BA,-1944.9719999999998
2021-10-18 00:00:00,-6,181.36038568892246,4,CAT,1088.162314133535
2021-10-18 00:00:00,-5,286.42938213867166,5,CRM,1432.1469106933582
2021-10-18 00:00:00,9,48.386838287562995,6,CSCO,-435.481544588067
2021-10-18 00:00:00,21,91.86606675691846,7,CVX,-1929.1874018952876
2021-10-18 00:00:00,1,365.0003994513344,9,GS,-365.0003994513344
2021-10-18 00:00:00,-2,312.0499696208225,10,HD,624.099939241645
2021-10-18 00:00:00,-2,186.3547976115007,11,HON,372.7095952230014
2021-10-18 00:00:00,3,114.56805786572899,12,IBM,-343.704173597187
2021-10-18 00:00:00,-7,49.887348487752845,13,INTC,349.21143941426993
2021-10-18 00:00:00,2,148.5282183325062,15,JPM,-297.0564366650124
2021-10-18 00:00:00,-79,47.512281553336045,16,KO,3753.4702427135476
2021-10-18 00:00:00,26,128.158465450136,18,MMM,-3332.120101703536
2021-10-18 00:00:00,31,68.46068863300205,19,MRK,-2122.2813476230635
2021-10-18 00:00:00,-4,292.37879375208917,20,MSFT,1169.5151750083567
2021-10-18 00:00:00,-4,395.4761071881252,24,UNH,1581.9044287525007
2021-10-19 00:00:00,-19,143.44121589344348,0,AAPL,2725.383101975426
2021-10-19 00:00:00,-2,287.7295613972093,5,CRM,575.4591227944186
2021-10-19 00:00:00,-3,91.72428949166842,7,CVX,275.17286847500526
2021-10-19 00:00:00,-13,167.4118416750645,8,DIS,2176.3539417758384
2021-10-19 00:00:00,-8,371.04339530299274,9,GS,2968.347162423942
2021-10-19 00:00:00,-5,112.1326794807766,12,IBM,560.663397403883
2021-10-19 00:00:00,-13,47.2412800316212,16,KO,614.1366404110756
2021-10-19 00:00:00,1,219.6046552350498,17,MCD,-219.6046552350498
2021-10-19 00:00:00,-9,129.1988090571733,18,MMM,1162.7892815145597
2021-10-19 00:00:00,5,68.48621702179571,19,MRK,-342.43108510897855
2021-10-19 00:00:00,61,148.63636673423935,21,NKE,-9066.8183707886
2021-10-19 00:00:00,12,143.20362890871766,23,TRV,-1718.443546904612
2021-10-20 00:00:00,-10,145.09016905873384,0,AAPL,1450.9016905873384
2021-10-20 00:00:00,-4,178.4646030033728,1,AMGN,713.8584120134911
2021-10-20 00:00:00,-4,166.952884960588,8,DIS,667.811539842352
2021-10-20 00:00:00,-2,47.36367152374666,16,KO,94.72734304749332
2021-10-20 00:00:00,2,217.05845619817362,17,MCD,-434.11691239634723
2021-10-20 00:00:00,-1,129.30504325509526,18,MMM,129.30504325509526
2021-10-20 00:00:00,2,298.10885030689707,20,MSFT,-596.2177006137941
2021-10-20 00:00:00,20,147.5379324476446,21,NKE,-2950.758648952892
2021-10-22 00:00:00,-23,146.0561628624345,0,AAPL,3359.2917458359934
2021-10-22 00:00:00,-25,93.4395385814985,7,CVX,2335.9884645374623
2021-10-22 00:00:00,5,166.72890657302577,8,DIS,-833.6445328651289
2021-10-22 00:00:00,-1,366.4051473934641,9,GS,366.4051473934641
2021-10-22 00:00:00,-30,150.98101250974358,21,NKE,4529.430375292307
2021-10-25 00:00:00,24,145.2158158322274,0,AAPL,-3485.1795799734577
2021-10-25 00:00:00,1,289.2006795689677,5,CRM,-289.2006795689677
2021-10-25 00:00:00,13,94.62487103931095,7,CVX,-1230.1233235110424
2021-10-25 00:00:00,57,101.46432342080296,12,IBM,-5783.4664349857685
2021-10-25 00:00:00,-3,47.538513388634186,16,KO,142.61554016590256
2021-10-25 00:00:00,5,215.91216738970294,17,MCD,-1079.5608369485146
2021-10-25 00:00:00,-14,148.36312269641442,23,TRV,2077.083717749802
2021-10-27 00:00:00,1,145.88000117372792,0,AAPL,-145.88000117372792
2021-10-27 00:00:00,2,292.38555149282263,5,CRM,-584.7711029856453
2021-10-27 00:00:00,-15,94.27218403531948,7,CVX,1414.0827605297923
2021-10-27 00:00:00,-13,167.734078420356,8,DIS,2180.5430194646283
2021-10-27 00:00:00,-3,372.2677016463607,9,GS,1116.803104939082
2021-10-27 00:00:00,-7,101.29138439853055,12,IBM,709.0396907897139
2021-10-27 00:00:00,-9,48.92847894035307,16,KO,440.3563104631776
2021-10-27 00:00:00,4,217.64534054589464,17,MCD,-870.5813621835786
2021-10-27 00:00:00,4,129.19262339213572,18,MMM,-516.7704935685429
2021-10-27 00:00:00,8,147.35645913797185,23,TRV,-1178.8516731037748
2021-10-27 00:00:00,8,420.5120032175274,24,UNH,-3364.0960257402194
2021-10-28 00:00:00,4,290.94597887292804,5,CRM,-1163.7839154917122
2021-10-28 00:00:00,-7,92.95312864025207,7,CVX,650.6719004817645
2021-10-28 00:00:00,-11,165.49789141467966,8,DIS,1820.4768055614763
2021-10-28 00:00:00,-3,368.2013398331855,9,GS,1104.6040194995564
2021-10-28 00:00:00,-19,99.48716479963991,12,IBM,1890.2561311931584
2021-10-28 00:00:00,-39,48.736152116871054,16,KO,1900.7099325579711
2021-10-28 00:00:00,-1,219.54753261782784,17,MCD,219.54753261782784
2021-10-28 00:00:00,-4,312.3735162210638,20,MSFT,1249.4940648842553
2021-10-28 00:00:00,2,151.7360238607332,21,NKE,-303.4720477214664
