date,ticker,side,size,price,value,comm
2020-07-02,AAPL,BUY,593,89.0851868591699,52827.51580748775,52.82751580748774
2020-07-02,AMGN,BUY,159,210.20083282859824,33421.93241974712,33.42193241974712
2020-07-02,AXP,BUY,380,90.1538135925747,34258.44916517839,34.25844916517839
2020-07-02,BA,BUY,184,185.67279183197022,34163.79369708252,34.16379369708252
2020-07-02,CAT,BUY,295,114.61940580512125,33812.72471251077,33.812724712510764
2020-07-02,CRM,BUY,208,190.4603039168023,39615.74321469488,39.61574321469488
2020-07-02,CSCO,BUY,861,38.98772950179496,33568.43510104546,33.568435101045466
2020-07-02,CVX,BUY,494,69.55532556632616,34360.330829765124,34.360330829765125
2020-07-02,DIS,BUY,424,112.41030978313762,47661.97134805035,47.66197134805035
2020-07-02,GS,BUY,231,176.92664950993313,40870.05603679455,40.87005603679455
2020-07-02,HD,BUY,154,219.32097607150754,33775.43031501216,33.775430315012166
2020-07-02,HON,BUY,277,121.42282999805262,33634.12390946058,33.63412390946058
2020-07-02,IBM,BUY,471,89.39128913949382,42103.29718470159,42.103297184701596
2020-07-02,INTC,BUY,635,52.79089189617468,33522.21635407092,33.52221635407093
2020-07-02,JNJ,BUY,278,120.31744232469089,33448.248966264066,33.44824896626407
2020-07-02,JPM,BUY,418,81.6953883720745,34148.67233952714,34.14867233952714
2020-07-02,KO,BUY,1051,38.108708039977266,40052.25215001611,40.0522521500161
2020-07-02,MCD,BUY,211,163.9567952286686,34594.88379324907,34.59488379324907
2020-07-02,MMM,BUY,314,107.26481000919497,33681.150342887224,33.68115034288722
2020-07-02,MRK,BUY,539,62.575461518347275,33728.17375838918,33.72817375838918
2020-07-02,MSFT,BUY,170,196.0189128398295,33323.21518277102,33.32321518277102
2020-07-02,NKE,BUY,621,91.04077237597689,56536.31964548164,56.53631964548165
2020-07-02,PG,BUY,322,104.04103654409374,33501.21376719818,33.50121376719819
2020-07-02,TRV,BUY,342,102.2998220591391,34986.53914422557,34.986539144225574
2020-07-02,UNH,BUY,180,272.87264883903055,49117.0767910255,49.1170767910255
2020-07-02,VZ,BUY,867,38.677729474931795,33533.59145476587,33.53359145476587
2020-07-14,AAPL,SELL,-23,91.78082783530942,2048.9592977609077,2.1109590402121166
2020-07-14,AMGN,BUY,4,201.79675249900112,807.1870099960045,0.8071870099960045
2020-07-14,AXP,SELL,-1,86.73181204510313,90.1538135925747,0.08673181204510313
2020-07-14,BA,BUY,3,177.08849999999998,531.2655,0.5312655
2020-07-14,CAT,SELL,-12,116.35303384360326,1375.432869661455,1.396236406123239
2020-07-14,CRM,SELL,-2,183.20721344699115,380.9206078336046,0.3664144268939823
2020-07-14,CSCO,SELL,-12,38.45841266451753,467.85275402153957,0.46150095197421037
2020-07-14,CVX,BUY,31,66.45773045931536,2060.189644238776,2.060189644238776
2020-07-14,DIS,SELL,-11,112.52255029619727,1236.5134076145139,1.2377480532581697
2020-07-14,GS,SELL,-5,184.54427819051352,884.6332475496656,0.9227213909525677
2020-07-14,HD,SELL,-2,216.54499524934883,438.64195214301515,0.4330899904986977
2020-07-14,HON,SELL,-1,119.56001405246843,121.42282999805262,0.11956001405246844
2020-07-14,IBM,SELL,-1,88.50360873523925,89.39128913949382,0.08850360873523926
2020-07-14,INTC,SELL,-3,51.56202368324199,158.37267568852405,0.15468607104972598
2020-07-14,JNJ,SELL,-11,123.67134043213315,1323.4918655715996,1.3603847447534647
2020-07-14,JPM,SELL,-26,84.74079136866602,2124.080097673937,2.203260575585317
2020-07-14,KO,SELL,-81,37.75119665844972,3086.8053512381584,3.0578469293344277
2020-07-14,MCD,SELL,-7,162.20096987442633,1147.69756660068,1.1354067891209845
2020-07-14,MMM,BUY,23,105.34570428309415,2422.9511985111653,2.4229511985111656
2020-07-14,MRK,SELL,-1,61.693420927037685,62.575461518347275,0.06169342092703769
2020-07-14,MSFT,SELL,-2,196.25140690512077,392.037825679659,0.39250281381024155
2020-07-14,NKE,BUY,26,88.78275513153497,2308.3516334199094,2.3083516334199095
2020-07-14,PG,SELL,-12,106.50541058987123,1248.492438529125,1.2780649270784548
2020-07-14,TRV,SELL,-11,101.513536332018,1125.29804265053,1.116648899652198
2020-07-14,UNH,SELL,-4,270.1596946727145,1091.4905953561222,1.080638778690858
2020-07-14,VZ,SELL,-14,38.63291870928903,541.4882126490452,0.5408608619300465
2020-07-15,AAPL,SELL,-20,95.79694124314759,1781.7037371833978,1.9159388248629519
2020-07-15,AMGN,SELL,-3,211.40245288555263,629.9837931854563,0.6342073586566579
2020-07-15,CVX,SELL,-11,70.11559765917784,763.0966194553198,0.7712715742509562
2020-07-15,DIS,SELL,-33,118.77216214443823,3709.5402228435414,3.919481350766462
2020-07-15,GS,SELL,-12,195.83880551224095,2123.1197941191976,2.3500656661468913
2020-07-15,IBM,SELL,-12,91.32389768251319,1072.6954696739258,1.0958867721901584
2020-07-15,KO,SELL,-19,38.919620182515466,724.0654527595681,0.7394727834677939
2020-07-15,MCD,BUY,1,170.09151551686213,170.09151551686213,0.17009151551686214
2020-07-15,MMM,SELL,-11,108.76204526316232,1178.472157137633,1.1963824978947855
2020-07-15,MSFT,BUY,5,199.71663708227027,998.5831854113513,0.9985831854113514
2020-07-15,NKE,BUY,80,90.69979055917014,7255.983244733611,7.255983244733612
2020-07-15,TRV,BUY,2,107.93769663317156,215.8753932663431,0.2158753932663431
2020-07-15,UNH,BUY,11,273.4356345714513,3007.7919802859647,3.0077919802859645
2020-07-16,AAPL,BUY,1,93.54124965180475,93.54124965180475,0.09354124965180476
2020-07-16,CRM,BUY,5,183.81450358488638,919.0725179244318,0.9190725179244319
2020-07-16,CVX,SELL,-3,68.76271307727978,208.11725985145085,0.20628813923183936
2020-07-16,DIS,SELL,-7,114.95403576293702,786.8721684819634,0.8046782503405592
2020-07-16,GS,SELL,-2,186.44428811141512,353.85329901986626,0.3728885762228302
2020-07-16,IBM,SELL,-10,91.53283156994044,893.9128913949382,0.9153283156994044
2020-07-16,KO,SELL,-8,38.8859951481496,304.8696643198181,0.31108796118519677
2020-07-16,MCD,BUY,1,167.6528439469969,167.6528439469969,0.16765284394699692
2020-07-16,MMM,BUY,1,108.37404540733714,108.37404540733714,0.10837404540733714
2020-07-16,TRV,BUY,3,105.84795397965077,317.5438619389523,0.3175438619389523
2020-07-16,UNH,BUY,7,276.96802857018565,1938.7761999912996,1.9387761999912996
2020-07-17,AAPL,BUY,4,93.95297007304657,375.8118802921863,0.3758118802921863
2020-07-17,CRM,BUY,1,184.5244500268861,184.5244500268861,0.18452445002688608
2020-07-17,CVX,BUY,4,68.80816601197853,275.2326640479141,0.27523266404791413
2020-07-17,DIS,BUY,5,116.22248105838523,581.1124052919262,0.5811124052919262
2020-07-17,GS,BUY,1,187.7606498733442,187.7606498733442,0.1877606498733442
2020-07-17,IBM,SELL,-1,92.8086726002421,89.39128913949382,0.0928086726002421
2020-07-17,KO,BUY,5,39.101609195637465,195.50804597818734,0.19550804597818733
2020-07-17,MMM,SELL,-3,109.36027630252617,321.4128755015422,0.3280808289075785
2020-07-17,TRV,SELL,-6,107.34122004752756,614.1903635139346,0.6440473202851654
2020-07-17,UNH,SELL,-4,280.3923761612328,1092.2093685762193,1.1215695046449312
2020-07-21,AAPL,BUY,9,96.06958476458291,864.6262628812462,0.8646262628812463
2020-07-21,CRM,SELL,-9,193.06743549598943,1712.4800762892137,1.737606919463905
2020-07-21,CVX,BUY,23,67.29828972678285,1547.8606637160055,1.5478606637160057
2020-07-21,DIS,BUY,38,115.39162783860915,4384.881857867148,4.384881857867148
2020-07-21,GS,BUY,14,185.44536615082728,2596.235126111582,2.596235126111582
2020-07-21,IBM,BUY,5,97.95775158815864,489.78875794079323,0.48978875794079324
2020-07-21,KO,BUY,24,39.985118392026166,959.642841408628,0.959642841408628
2020-07-21,MCD,SELL,-4,168.54567723248152,656.0180696332476,0.6741827089299262
2020-07-21,MMM,BUY,17,106.84288292894975,1816.3290097921458,1.8163290097921458
2020-07-21,MRK,SELL,-2,63.42788809688515,125.15092303669455,0.1268557761937703
2020-07-21,MSFT,SELL,-5,203.42054961098933,980.628917413373,1.0171027480549466
2020-07-21,NKE,SELL,-58,89.23722443208412,5273.504762545859,5.175759017060879
2020-07-21,TRV,SELL,-5,106.11525619812042,511.82530292827886,0.5305762809906021
2020-07-21,UNH,SELL,-13,276.7093287694662,3549.6804478727126,3.597221274003061
2020-07-22,AAPL,SELL,-5,93.57355409009288,446.19532061497057,0.4678677704504644
2020-07-22,AMGN,SELL,-1,215.7372934901867,209.99459772848545,0.2157372934901867
2020-07-22,CRM,BUY,14,188.11356505915896,2633.5899108282256,2.633589910828226
2020-07-22,CVX,SELL,-59,69.93673812405942,4087.493671794055,4.126267549319506
2020-07-22,DIS,SELL,-54,115.41300688655484,6087.3368987080485,6.232302371873962
2020-07-22,GS,SELL,-19,183.73254103466147,3372.495435989975,3.4909182796585676
2020-07-22,IBM,SELL,-38,93.93530382938597,3400.4699339052922,3.569541545516667
2020-07-22,INTC,BUY,1,54.681704087925986,54.681704087925986,0.05468170408792599
2020-07-22,JPM,BUY,15,85.92933818472859,1288.940072770929,1.2889400727709288
2020-07-22,KO,SELL,-59,40.28979676771956,2251.448653884812,2.377098009295454
2020-07-22,MCD,BUY,9,169.48624485933942,1525.3762037340548,1.525376203734055
2020-07-22,MMM,SELL,-3,107.0284231255694,321.3687938178185,0.32108526937670817
2020-07-22,MSFT,BUY,10,199.37353751467492,1993.7353751467492,1.9937353751467493
2020-07-22,NKE,BUY,41,90.46936217358277,3709.243849116893,3.7092438491168935
2020-07-22,TRV,BUY,19,106.18585667154811,2017.5312767594141,2.017531276759414
2020-07-22,UNH,BUY,25,276.8317635918638,6920.7940897965955,6.920794089796596
2020-07-23,AAPL,BUY,3,93.962623331408,281.887869994224,0.281887869994224
2020-07-23,DIS,BUY,2,116.18338637031268,232.36677274062535,0.23236677274062537
2020-07-23,GS,BUY,7,179.19831161836623,1254.3881813285636,1.2543881813285636
2020-07-23,INTC,SELL,-3,54.582495816388395,158.3816368837456,0.16374748744916517
2020-07-23,MSFT,SELL,-2,197.26062879193876,392.61648314872,0.3945212575838775
2020-07-23,NKE,SELL,-4,90.55387161144156,363.58531611383773,0.3622154864457663
2020-07-24,AAPL,BUY,18,88.14067176346813,1586.5320917424265,1.5865320917424266
2020-07-24,DIS,SELL,-3,112.98150507263252,338.24233257941205,0.33894451521789754
2020-07-24,INTC,BUY,3,46.51199534974598,139.53598604923795,0.13953598604923795
2020-07-24,MSFT,BUY,6,191.00595349369073,1146.0357209621443,1.1460357209621443
2020-07-24,NKE,BUY,1,90.45091573016005,90.45091573016005,0.09045091573016005
2020-07-28,AAPL,BUY,11,91.41492949313157,1005.5642244244473,1.0055642244244472
2020-07-28,AMGN,BUY,3,211.52253920551826,634.5676176165548,0.6345676176165549
2020-07-28,BA,BUY,11,168.58425,1854.42675,1.8544267499999998
2020-07-28,CAT,SELL,-14,124.97821970119234,1604.6716812716975,1.749695075816693
2020-07-28,CRM,BUY,3,188.33050155430294,564.9915046629088,0.5649915046629088
2020-07-28,CSCO,SELL,-2,39.71808812098256,77.97545900358993,0.07943617624196511
2020-07-28,CVX,SELL,-2,70.34105677374548,138.55910751844254,0.14068211354749097
2020-07-28,DIS,BUY,37,112.8599469258565,4175.818036256691,4.175818036256691
2020-07-28,GS,BUY,9,176.41115141825264,1587.700362764274,1.587700362764274
2020-07-28,HD,SELL,-6,233.55550552462475,1315.9258564290453,1.4013330331477485
2020-07-28,HON,SELL,-7,125.40095597954576,849.9598099863683,0.8778066918568204
2020-07-28,IBM,BUY,5,93.96951307730716,469.8475653865358,0.46984756538653577
2020-07-28,INTC,BUY,131,44.130659697971666,5781.116420434289,5.781116420434288
2020-07-28,JNJ,BUY,2,125.55601391485081,251.11202782970162,0.2511120278297016
2020-07-28,KO,SELL,-13,40.63443403134382,496.08190678817886,0.5282476424074697
2020-07-28,MCD,SELL,-11,174.04029038597994,1806.621686835752,1.9144431942457794
2020-07-28,MMM,SELL,-12,105.69591853608654,1285.475175271274,1.2683510224330385
2020-07-28,MRK,BUY,1,63.069258211323245,63.069258211323245,0.06306925821132324
2020-07-28,MSFT,SELL,-8,193.8521654012192,1569.067526947231,1.5508173232097535
2020-07-28,NKE,SELL,-65,89.2648612320545,5908.220436546625,5.802215980083543
2020-07-28,TRV,SELL,-1,103.39688033631111,102.57609292760912,0.10339688033631111
2020-07-28,UNH,SELL,-15,270.23227881492886,4102.801384848587,4.053484182223933
2020-07-28,VZ,SELL,-16,40.49253040068712,618.8436715989087,0.6478804864109939
2020-07-29,AAPL,SELL,-2,90.73505619988047,178.5401726934511,0.18147011239976096
2020-07-29,BA,SELL,-2,172.81354389953614,369.18672673820726,0.3456270877990723
2020-07-29,CRM,SELL,-13,187.30498164446433,2471.448963100858,2.4349647613780365
2020-07-29,CSCO,BUY,4,39.26699902757774,157.06799611031096,0.15706799611031097
2020-07-29,CVX,BUY,31,69.64094126207615,2158.869179124361,2.158869179124361
2020-07-29,DIS,BUY,19,113.60283514373906,2158.453867731042,2.158453867731042
2020-07-29,GS,BUY,12,176.2276948580553,2114.7323382966633,2.1147323382966636
2020-07-29,HD,SELL,-1,230.2855600902672,219.32097607150757,0.2302855600902672
2020-07-29,HON,SELL,-5,126.29248133786783,607.1141499902631,0.6314624066893391
2020-07-29,IBM,BUY,35,93.02847964898893,3255.9967877146128,3.255996787714613
2020-07-29,INTC,SELL,-4,44.09545758937402,205.1350583878016,0.17638183035749608
2020-07-29,JNJ,SELL,-2,124.5710823874236,240.71278162470014,0.2491421647748472
2020-07-29,JPM,SELL,-9,83.62090675109403,736.6628767361602,0.7525881607598464
2020-07-29,KO,BUY,20,40.50680361870161,810.1360723740322,0.8101360723740322
2020-07-29,MCD,SELL,-6,172.02475720458685,985.4300110013193,1.032148543227521
2020-07-29,MMM,BUY,14,106.50262962499566,1491.0368147499394,1.4910368147499395
2020-07-29,NKE,BUY,13,88.8749052936187,1155.3737688170431,1.1553737688170431
2020-07-29,PG,SELL,-8,110.26342196486304,832.3282923527499,0.8821073757189044
2020-07-29,TRV,SELL,-11,102.0643428208498,1128.3370222037004,1.1227077710293478
2020-07-29,UNH,SELL,-10,273.47072620810917,2735.2009232323912,2.7347072620810917
2020-07-29,VZ,SELL,-20,40.71965532415114,773.5545894986359,0.8143931064830229
2020-07-31,AAPL,SELL,-10,99.56631873859044,892.7008634672554,0.9956631873859044
2020-07-31,AMGN,BUY,5,204.18252454144476,1020.9126227072238,1.0209126227072238
2020-07-31,AXP,SELL,-3,87.77421255586081,270.46144077772414,0.26332263766758246
2020-07-31,BA,BUY,8,161.63077805328368,1293.0462244262694,1.2930462244262695
2020-07-31,CRM,SELL,-1,190.11234367713703,190.11145870006598,0.19011234367713703
2020-07-31,CSCO,SELL,-9,39.219291176099,350.9013795031443,0.352973620584891
2020-07-31,CVX,BUY,13,64.79221491935147,842.298793951569,0.8422987939515691
2020-07-31,DIS,BUY,1,112.62534531109635,112.62534531109635,0.11262534531109636
2020-07-31,GS,SELL,-2,174.4281025313108,354.88788913974815,0.3488562050626216
2020-07-31,HD,SELL,-2,230.4595348560666,438.64195214301515,0.4609190697121332
2020-07-31,HON,BUY,1,124.2085956381893,124.2085956381893,0.1242085956381893
2020-07-31,IBM,BUY,9,91.64679792676688,824.821181340902,0.824821181340902
2020-07-31,INTC,BUY,12,42.92661136115915,515.1193363339098,0.5151193363339097
2020-07-31,JNJ,SELL,-2,124.80083274835361,240.71278162470014,0.24960166549670723
2020-07-31,JPM,SELL,-2,83.11264732938896,163.7028614969245,0.16622529465877792
2020-07-31,KO,BUY,22,39.917802198342265,878.1916483635298,0.8781916483635298
2020-07-31,MMM,BUY,7,103.21848898632928,722.529422904305,0.722529422904305
2020-07-31,MRK,SELL,-11,64.35877875991618,688.3401917178774,0.7079465663590779
2020-07-31,MSFT,SELL,-3,194.60429140503723,588.4003226052116,0.5838128742151117
2020-07-31,PG,SELL,-11,112.94309016175167,1144.4514019850312,1.2423739917792682
2020-07-31,TRV,SELL,-6,102.36637907225982,615.4565575656547,0.614198274433559
2020-07-31,VZ,SELL,-4,40.35057532475742,154.71091789972718,0.1614023012990297
2020-08-03,AAPL,SELL,-67,104.70988898402335,5981.095785230612,7.015562561929565
2020-08-03,CRM,BUY,8,195.03547359592918,1560.2837887674334,1.5602837887674335
2020-08-03,CVX,SELL,-2,65.29504512743937,138.37817702965248,0.13059009025487872
2020-08-03,DIS,BUY,14,113.55395485707088,1589.7553679989924,1.5897553679989924
2020-08-03,GS,BUY,6,173.42307080681766,1040.538424840906,1.040538424840906
2020-08-03,IBM,BUY,5,92.23682533048898,461.1841266524449,0.4611841266524449
2020-08-03,KO,BUY,82,39.66537575886723,3252.560812227113,3.252560812227113
2020-08-03,MCD,BUY,6,170.46874030258294,1022.8124418154977,1.0228124418154976
2020-08-03,MMM,SELL,-18,102.71817686180746,1926.3445330992201,1.8489271835125345
2020-08-03,NKE,SELL,-48,90.25922949124772,4361.0684000312385,4.332443015579891
2020-08-03,TRV,BUY,1,101.69515480967881,101.69515480967881,0.10169515480967882
2020-08-04,AAPL,SELL,-41,105.61227957740613,3660.0735402157475,4.330103462673651
2020-08-04,AMGN,BUY,1,204.46515600534056,204.46515600534056,0.20446515600534057
2020-08-04,AXP,BUY,11,87.09807983657208,958.0788782022929,0.9580788782022929
2020-08-04,BA,BUY,3,164.7123198852539,494.13695965576164,0.4941369596557617
2020-08-04,CAT,BUY,15,118.28713330285248,1774.3069995427873,1.7743069995427871
2020-08-04,CRM,SELL,-30,199.9627170139018,5708.866020698275,5.998881510417053
2020-08-04,CSCO,BUY,3,39.78321229134753,119.3496368740426,0.1193496368740426
2020-08-04,CVX,BUY,48,65.7495192051476,3155.976921847085,3.1559769218470852
2020-08-04,DIS,SELL,-26,113.23539814690093,2933.3344427003026,2.9441203518194246
2020-08-04,GS,BUY,21,174.17449869592497,3657.664472614424,3.6576644726144245
2020-08-04,HD,BUY,2,232.10909503266157,464.21819006532314,0.46421819006532317
2020-08-04,HON,BUY,7,122.82404506518165,859.7683154562716,0.8597683154562715
2020-08-04,IBM,SELL,-19,92.42960048944542,1707.5265382033992,1.756162409299463
2020-08-04,INTC,BUY,11,43.34579902964749,476.80378932612234,0.47680378932612233
2020-08-04,JNJ,BUY,3,125.20677017229623,375.6203105168887,0.37562031051688877
2020-08-04,JPM,BUY,24,82.69743095888643,1984.7383430132743,1.9847383430132743
2020-08-04,KO,SELL,-141,38.91121200370944,5409.363180013834,5.486480892523031
2020-08-04,MCD,SELL,-2,170.84164534905187,328.85049464191485,0.34168329069810377
2020-08-04,MMM,BUY,56,102.01111064980009,5712.622196388805,5.712622196388805
2020-08-04,MRK,SELL,-12,65.67954284310696,750.9165727831389,0.7881545141172835
2020-08-04,MSFT,SELL,-4,203.90607677813693,784.5337634736155,0.8156243071125477
2020-08-04,NKE,BUY,32,90.1283653530042,2884.1076912961344,2.8841076912961343
2020-08-04,PG,BUY,5,113.15126957195976,565.7563478597988,0.5657563478597988
2020-08-04,TRV,BUY,4,100.89481606966694,403.5792642786678,0.4035792642786678
2020-08-04,VZ,BUY,16,40.639612851439836,650.2338056230374,0.6502338056230373
2020-08-05,AAPL,BUY,36,105.95530729372425,3814.3910625740727,3.814391062574073
2020-08-05,AMGN,BUY,1,202.7527350646042,202.7527350646042,0.2027527350646042
2020-08-05,CRM,BUY,21,199.96556812111552,4199.276930543426,4.1992769305434265
2020-08-05,CVX,SELL,-63,68.52944628286374,4340.568206782433,4.3173551158204155
2020-08-05,DIS,BUY,3,120.59182359667614,361.7754707900284,0.3617754707900284
2020-08-05,GS,SELL,-33,177.33467122630196,5843.918910285797,5.8520441504679654
2020-08-05,IBM,SELL,-8,94.55456610453267,718.9585424014313,0.7564365288362613
2020-08-05,JPM,SELL,-9,82.58717054869354,737.0979625586641,0.7432845349382419
2020-08-05,KO,BUY,123,39.46341484700171,4854.00002618121,4.85400002618121
2020-08-05,MCD,BUY,2,175.44251932217156,350.8850386443431,0.3508850386443431
2020-08-05,MMM,SELL,-54,103.45655552298155,5739.697799412794,5.586653998241003
2020-08-05,NKE,SELL,-3,89.42926229912297,272.457520344403,0.26828778689736893
2020-08-05,TRV,BUY,19,101.69514144056414,1932.2076873707188,1.9322076873707186
2020-08-05,UNH,BUY,6,278.6206288650264,1671.7237731901582,1.6717237731901584
2020-08-06,AAPL,SELL,-26,106.84373879952638,2351.825729840093,2.777937208787686
2020-08-06,AMGN,BUY,5,200.20906311677214,1001.0453155838607,1.0010453155838608
2020-08-06,AXP,BUY,2,88.67250780845052,177.34501561690104,0.17734501561690105
2020-08-06,BA,SELL,-8,172.71360305023194,1467.342315146912,1.3817088244018556
2020-08-06,CRM,SELL,-8,199.9331649261744,1530.2889830566312,1.5994653194093953
2020-08-06,CSCO,BUY,18,39.96939710368923,719.4491478664062,0.7194491478664062
2020-08-06,CVX,BUY,26,67.26715352708446,1748.9459917041959,1.748945991704196
2020-08-06,DIS,SELL,-53,123.97693203850334,5982.510545116961,6.5707773980406765
2020-08-06,GS,BUY,20,179.11093748972786,3582.218749794557,3.5822187497945572
2020-08-06,HD,BUY,3,232.08293950961584,696.2488185288476,0.6962488185288476
2020-08-06,HON,BUY,2,125.87671892796097,251.75343785592193,0.2517534378559219
2020-08-06,IBM,SELL,-20,93.31045193740121,1797.3963560035781,1.8662090387480244
2020-08-06,INTC,BUY,11,43.81079471711894,481.9187418883083,0.4819187418883083
2020-08-06,JNJ,BUY,5,126.40780066226452,632.0390033113226,0.6320390033113227
2020-08-06,JPM,BUY,33,84.14433612535065,2776.7630921365712,2.7767630921365716
2020-08-06,KO,SELL,-135,39.222229657863046,5197.319828348409,5.295001003811511
2020-08-06,MMM,BUY,48,106.11470528364514,5093.505853614966,5.093505853614966
2020-08-06,MRK,BUY,17,64.87714158449461,1102.9114069364084,1.1029114069364085
2020-08-06,MSFT,BUY,8,202.36602995353925,1618.928239628314,1.618928239628314
2020-08-06,NKE,SELL,-13,92.66234277542631,1180.6492548257463,1.2046104560805422
2020-08-06,PG,BUY,3,114.95103013937019,344.8530904181106,0.34485309041811063
2020-08-06,TRV,SELL,-11,101.59350427422095,1127.5719211698743,1.1175285470164305
2020-08-06,VZ,BUY,16,40.85276125546742,653.6441800874787,0.6536441800874787
2020-08-06,WMT,BUY,864,39.767325817694235,34358.96950648782,34.35896950648782
2020-08-11,AAPL,SELL,-20,108.5536370691382,1809.09671526161,2.1710727413827637
2020-08-11,AMGN,BUY,3,197.98960616835157,593.9688185050547,0.5939688185050547
2020-08-11,AXP,SELL,-18,96.78336104059204,1621.076196615144,1.742100498730657
2020-08-11,BA,SELL,-3,184.4177395095825,550.2533681800919,0.5532532185287476
2020-08-11,CAT,SELL,-9,129.54773332843916,1033.3181142608578,1.1659295999559527
2020-08-11,CRM,BUY,3,190.9139116814332,572.7417350442996,0.5727417350442996
2020-08-11,CSCO,BUY,5,40.536412942201395,202.68206471100697,0.20268206471100697
2020-08-11,DIS,SELL,-26,127.46306454782543,2934.8164938309624,3.314039678243461
2020-08-11,GS,SELL,-11,185.6702197809016,1949.7671106026642,2.042372417589917
2020-08-11,HD,SELL,-1,241.49550323054137,219.75247693797132,0.2414955032305414
2020-08-11,HON,SELL,-10,133.91652700490658,1215.0130462932948,1.339165270049066
2020-08-11,IBM,SELL,-10,97.32703718179252,898.6981780017891,0.9732703718179252
2020-08-11,INTC,BUY,47,44.56506259043917,2094.557941750641,2.094557941750641
2020-08-11,JNJ,BUY,5,127.0381526063776,635.190763031888,0.6351907630318879
2020-08-11,JPM,SELL,-7,89.4701491577783,574.4661944659362,0.626291044104448
2020-08-11,KO,BUY,2,40.77606768477361,81.55213536954722,0.08155213536954722
2020-08-11,MCD,BUY,1,179.8285778503418,179.8285778503418,0.1798285778503418
2020-08-11,MRK,BUY,13,65.10811351989652,846.4054757586548,0.8464054757586549
2020-08-11,MSFT,BUY,17,197.4293835511627,3356.2995203697656,3.356299520369766
2020-08-11,NKE,BUY,37,98.47851950536361,3643.7052216984534,3.643705221698453
2020-08-11,PG,BUY,3,116.1797353937679,348.5392061813037,0.34853920618130374
2020-08-11,TRV,BUY,2,107.95548259447493,215.91096518894986,0.21591096518894987
2020-08-12,MMM,SELL,-51,112.17487661711107,5419.688931532444,5.720918707472665
2020-08-12,MRK,SELL,-4,64.74921305497986,250.83512316352585,0.25899685221991947
2020-08-12,MSFT,SELL,-7,195.45168210666904,1375.555139037243,1.3681617747466832
2020-08-12,NKE,BUY,33,97.43704712554808,3215.4225551430864,3.215422555143087
2020-08-13,AAPL,BUY,24,111.04959688335613,2665.1903252005472,2.6651903252005473
2020-08-13,CRM,BUY,9,190.61808569342278,1715.562771240805,1.7155627712408053
2020-08-13,CVX,BUY,1,69.94445738677307,69.94445738677307,0.06994445738677307
2020-08-14,AAPL,SELL,-33,111.32638147330152,3018.6406127739415,3.6737705886189507
2020-08-14,AMGN,SELL,-1,199.97769709712514,209.30425595656402,0.19997769709712515
2020-08-14,CRM,SELL,-11,192.29911287818456,2103.7721428449813,2.11529024166003
2020-08-14,CVX,BUY,26,69.26735597269293,1800.951255290016,1.8009512552900162
2020-08-14,DIS,BUY,15,127.08228648600343,1906.2342972900515,1.9062342972900512
2020-08-14,GS,BUY,11,181.26028576958416,1993.8631434654258,1.9938631434654257
2020-08-14,JPM,SELL,-29,87.43713523127398,2379.931377073164,2.5356769217069455
2020-08-14,KO,SELL,-12,40.634436536303454,462.0465937397329,0.48761323843564147
2020-08-14,MCD,SELL,-7,180.48139667821602,1152.2805378224366,1.263369776747512
2020-08-14,MMM,BUY,25,112.02169030937681,2800.54225773442,2.8005422577344206
2020-08-14,MSFT,BUY,1,198.95422984732335,198.95422984732335,0.19895422984732336
2020-08-14,NKE,SELL,-21,97.70797386870828,1922.4082677281583,2.051867451242874
2020-08-14,TRV,SELL,-10,105.2891026193142,1025.3849690580269,1.0528910261931421
2020-08-14,UNH,BUY,3,291.07023301154555,873.2106990346367,0.8732106990346367
2020-08-17,AAPL,BUY,30,112.60180865121056,3378.0542595363167,3.3780542595363166
2020-08-17,AMGN,SELL,-1,200.91416441207042,209.30425595656402,0.2009141644120704
2020-08-17,CVX,SELL,-34,70.24777037469605,2340.590969827245,2.3884241927396657
2020-08-17,DIS,BUY,14,127.14578959952075,1780.0410543932906,1.7800410543932905
2020-08-17,GS,SELL,-19,180.6775951868655,3371.1578797756856,3.4328743085504443
2020-08-17,INTC,SELL,-44,44.054062546871734,2225.8486084794013,1.938378752062356
2020-08-17,JPM,SELL,-12,87.43712138844269,984.7991905130334,1.0492454566613125
2020-08-17,MMM,SELL,-29,112.29042542090916,3093.6001286411047,3.2564223372063656
2020-08-17,MSFT,SELL,-5,199.55513255680611,982.6051471997744,0.9977756627840306
2020-08-17,NKE,BUY,15,98.10688917839093,1471.603337675864,1.471603337675864
2020-08-17,TRV,BUY,15,104.95955644392296,1574.3933466588444,1.5743933466588445
2020-08-18,AAPL,BUY,17,110.97436734956052,1886.5642449425288,1.886564244942529
2020-08-18,AMGN,BUY,1,203.78452765316388,203.78452765316388,0.20378452765316388
2020-08-18,CRM,BUY,9,196.54408192372563,1768.8967373135306,1.768896737313531
2020-08-18,CVX,SELL,-1,70.17206509997958,68.84091087727191,0.07017206509997957
2020-08-18,DIS,BUY,32,126.52513625283272,4048.804360090647,4.048804360090648
2020-08-18,UNH,SELL,-13,292.08559866155696,3561.58000308976,3.797112782600241
2020-08-21,AAPL,SELL,-21,115.66936721789659,1961.5787526601137,2.4290567115758286
2020-08-21,AMGN,BUY,1,199.80174099962713,199.80174099962713,0.19980174099962714
2020-08-21,AXP,BUY,16,89.89295717466482,1438.287314794637,1.4382873147946371
2020-08-21,BA,BUY,9,168.43418110656737,1515.9076299591063,1.5159076299591066
2020-08-21,CAT,BUY,7,123.17632465995895,862.2342726197127,0.8622342726197126
2020-08-21,CRM,SELL,-6,206.79890352478347,1148.8926176383534,1.240793421148701
2020-08-21,CSCO,BUY,107,35.58571991180826,3807.672030563484,3.807672030563484
2020-08-21,CVX,BUY,5,66.84739624307808,334.2369812153904,0.3342369812153904
2020-08-21,GS,BUY,8,174.83852881948437,1398.708230555875,1.398708230555875
2020-08-21,HD,SELL,-4,243.47831643850074,879.0099077518853,0.9739132657540029
2020-08-21,HON,BUY,2,130.81595706241114,261.6319141248223,0.2616319141248223
2020-08-21,NKE,SELL,-99,99.43891703348008,9076.969610760867,9.844452786314529
2020-08-21,PG,SELL,-7,118.07765389974521,730.945801164018,0.8265435772982165
2020-08-21,TRV,BUY,13,99.6320626723128,1295.2168147400664,1.2952168147400664
2020-08-21,VZ,SELL,-11,41.87659320991666,426.31667755873457,0.4606425253090833
2020-08-25,AAPL,SELL,-16,120.89281444912906,1494.5361925029438,1.934285031186065
2020-08-25,AMGN,BUY,7,203.26568737472613,1422.8598116230828,1.4228598116230826
2020-08-25,AXP,SELL,-5,93.64691531868752,450.26445636701254,0.4682345765934376
2020-08-25,BA,SELL,-6,180.36977671051025,1096.5598346651252,1.0822186602630615
2020-08-25,CAT,SELL,-5,128.3333952984376,575.103604955306,0.6416669764921881
2020-08-25,CRM,SELL,-2,210.02979844219644,382.96420587945113,0.42005959688439287
2020-08-25,CSCO,BUY,14,35.73803794700959,500.3325312581342,0.5003325312581343
2020-08-25,CVX,BUY,15,69.47329913223774,1042.099486983566,1.042099486983566
2020-08-25,DIS,BUY,1,127.88383107093763,127.88383107093763,0.12788383107093765
2020-08-25,GS,BUY,6,183.4707771928345,1100.824663157007,1.100824663157007
2020-08-25,HD,SELL,-1,249.82683226952483,219.75247693797132,0.24982683226952485
2020-08-25,HON,SELL,-1,137.70712569585558,121.57133961002931,0.13770712569585558
2020-08-25,IBM,BUY,59,95.33610536221408,5624.830216370631,5.624830216370631
2020-08-25,INTC,BUY,3,44.31363701093161,132.94091103279482,0.13294091103279482
2020-08-25,JNJ,SELL,-7,130.87396136564902,844.4642283990291,0.9161177295595432
2020-08-25,JPM,BUY,13,87.32628212012756,1135.2416675616582,1.1352416675616583
2020-08-25,KO,BUY,117,40.38900886839485,4725.514037602198,4.725514037602198
2020-08-25,MCD,SELL,-4,187.50080245889657,658.4460216128209,0.7500032098355863
2020-08-25,MRK,SELL,-18,68.35285153684514,1128.7580542358664,1.2303513276632125
2020-08-25,MSFT,SELL,-7,203.4795472015141,1375.647206079684,1.4243568304105987
2020-08-25,NKE,BUY,10,103.22502972398642,1032.2502972398643,1.0322502972398642
2020-08-25,TRV,SELL,-7,103.29025599531413,717.7408592215521,0.7230317919671988
2020-08-25,UNH,BUY,8,283.4969485299612,2267.9755882396894,2.2679755882396893
2020-08-27,AAPL,BUY,9,123.3865396534212,1110.4788568807908,1.110478856880791
2020-08-27,AMGN,SELL,-9,210.87070643657614,1880.935966598213,1.8978363579291855
2020-08-27,AXP,BUY,11,92.00777359379488,1012.0855095317437,1.0120855095317436
2020-08-27,CRM,SELL,-34,263.00517604109535,6510.391499950669,8.942175985397242
2020-08-27,CSCO,BUY,19,35.8818994228905,681.7560890349195,0.6817560890349195
2020-08-27,CVX,SELL,-3,67.1670571309346,206.52006612251785,0.2015011713928038
2020-08-27,DIS,SELL,-17,129.8750127496412,1956.411932528371,2.2078752167439006
2020-08-27,GS,SELL,-8,180.39831820580207,1419.9459033124137,1.4431865456464166
2020-08-27,HON,SELL,-5,139.25729995080604,607.8566980501465,0.6962864997540302
2020-08-27,IBM,SELL,-21,94.18257647378518,1901.6762382492072,1.9778341059494888
2020-08-27,INTC,BUY,10,44.70873900723045,447.0873900723045,0.44708739007230447
2020-08-27,JNJ,BUY,5,130.69618139937964,653.4809069968982,0.6534809069968982
2020-08-27,JPM,BUY,23,85.3688424834138,1963.4833771185174,1.9634833771185174
2020-08-27,KO,SELL,-12,40.55878323432429,464.7528483242703,0.48670539881189145
2020-08-27,MCD,BUY,10,188.02173230915147,1880.2173230915148,1.8802173230915147
2020-08-27,MSFT,SELL,-3,212.72119766823923,589.5630883198646,0.6381635930047177
2020-08-27,NKE,SELL,-1,103.11263246226042,91.87951269474235,0.10311263246226042
2020-08-27,PG,BUY,6,120.13398901908978,720.8039341145387,0.7208039341145387
2020-08-27,TRV,BUY,22,101.09934362363903,2224.185559720059,2.224185559720059
2020-08-27,UNH,BUY,11,281.8715376878223,3100.5869145660454,3.100586914566045
2020-08-27,VZ,BUY,19,42.34477452677037,804.5507160086371,0.804550716008637
2020-08-27,WMT,BUY,27,40.53381539340398,1094.4130156219073,1.0944130156219074
2020-08-31,AAPL,SELL,-21,123.68736973188128,1973.6081522791278,2.597434764369507
2020-08-31,AXP,SELL,-8,95.76889888646326,720.8608646508195,0.7661511910917062
2020-08-31,BA,BUY,9,174.73731889343262,1572.6358700408935,1.5726358700408938
2020-08-31,CAT,BUY,6,129.20913781203265,775.254826872196,0.7752548268721959
2020-08-31,CRM,SELL,-8,265.96025889965466,1531.8568235178045,2.1276820711972375
2020-08-31,CSCO,BUY,20,35.62802429794649,712.5604859589298,0.7125604859589297
2020-08-31,CVX,BUY,27,67.76325629637773,1829.6079200021989,1.8296079200021989
2020-08-31,DIS,SELL,-19,132.0721532542895,2186.578042237591,2.5093709118315006
2020-08-31,GS,BUY,24,180.63485980667875,4335.23663536029,4.335236635360291
2020-08-31,HD,BUY,5,248.1006670282492,1240.503335141246,1.240503335141246
2020-08-31,IBM,SELL,-7,94.67389762399463,633.8920794164025,0.6627172833679624
2020-08-31,INTC,BUY,3,45.795249834852434,137.3857495045573,0.13738574950455731
2020-08-31,JNJ,BUY,2,131.19355749338712,262.38711498677424,0.26238711498677425
2020-08-31,JPM,BUY,15,88.05925161386907,1320.888774208036,1.320888774208036
2020-08-31,KO,SELL,-90,41.861704635897134,3485.646362432027,3.767553417230742
2020-08-31,WMT,SELL,-44,42.47039245791782,1750.7843220794928,1.8686972681483838
2020-09-01,AAPL,BUY,5,128.8381031098643,644.1905155493215,0.6441905155493215
2020-09-01,AMGN,SELL,-1,209.0398824786227,208.99288517757924,0.2090398824786227
2020-09-01,BA,BUY,3,170.79536171722415,512.3860851516724,0.5123860851516724
2020-09-01,CAT,BUY,1,127.56136396988228,127.56136396988228,0.12756136396988227
2020-09-01,CRM,BUY,4,267.21236113395184,1068.8494445358074,1.0688494445358074
2020-09-01,CSCO,SELL,-9,35.50787670250044,346.4525091615271,0.319570890322504
2020-09-01,CVX,SELL,-8,65.66850803024988,550.3092551238809,0.5253480642419991
2020-09-01,DIS,BUY,16,128.94929578208786,2063.1887325134057,2.0631887325134057
2020-09-01,GS,SELL,-12,178.78586574010362,2133.412241474708,2.1454303888812434
2020-09-01,HON,BUY,2,137.38358672274046,274.7671734454809,0.2747671734454809
2020-09-01,IBM,BUY,10,92.9527026398823,929.5270263988231,0.929527026398823
2020-09-01,INTC,SELL,-17,45.66874575362659,858.0635275115574,0.7763686778116521
2020-09-01,JNJ,SELL,-1,131.80765520712697,120.89459509250906,0.13180765520712698
2020-09-01,JPM,SELL,-7,85.75728661680009,578.134026265611,0.6003010063176006
2020-09-01,KO,BUY,37,41.491294915168886,1535.1779118612487,1.5351779118612487
2020-09-01,MMM,BUY,35,111.36572117614288,3897.800241165001,3.8978002411650015
2020-09-01,TRV,SELL,-9,102.3042014911146,922.0499359343929,0.9207378134200315
2020-09-02,AAPL,SELL,-3,133.39194658530678,283.0931457934516,0.40017583975592036
2020-09-02,CRM,BUY,1,279.50810536654893,279.50810536654893,0.27950810536654896
2020-09-02,DIS,BUY,3,130.6207704706841,391.86231141205235,0.39186231141205236
2020-09-02,GS,SELL,-8,180.70898873920507,1422.2748276498053,1.4456719099136406
2020-09-02,IBM,BUY,6,93.61096877377838,561.6658126426703,0.5616658126426703
2020-09-02,JPM,SELL,-5,86.10184995021363,412.9528759040079,0.4305092497510682
2020-09-02,KO,BUY,48,41.533359184311294,1993.6012408469421,1.9936012408469421
2020-09-02,MMM,SELL,-13,113.3486531856623,1392.7302307900816,1.47353249141361
2020-09-02,TRV,BUY,11,101.84633057598764,1120.309636335864,1.120309636335864
2020-09-03,AAPL,SELL,-3,123.03779361345126,283.0931457934516,0.36911338084035383
2020-09-03,AMGN,SELL,-2,216.76442554861657,417.9857703551585,0.43352885109723316
2020-09-03,AXP,SELL,-4,97.6954633984307,360.43043232540975,0.3907818535937228
2020-09-03,CAT,SELL,-8,133.65846886940577,922.9170677567896,1.0692677509552462
2020-09-03,CRM,BUY,1,266.79825348201683,266.79825348201683,0.26679825348201686
2020-09-03,CSCO,BUY,12,35.33182441258554,423.98189295102645,0.4239818929510265
2020-09-03,CVX,BUY,5,65.56840298983785,327.84201494918926,0.32784201494918924
2020-09-03,DIS,SELL,-30,132.06240499109003,3473.969485773331,3.961872149732701
2020-09-03,GS,SELL,-12,185.94262350134002,2133.412241474708,2.23131148201608
2020-09-03,HON,SELL,-5,145.27370542940886,608.4602189323111,0.7263685271470444
2020-09-03,IBM,SELL,-20,96.8961936177913,1812.9672425161589,1.937923872355826
2020-09-03,JNJ,BUY,3,132.76272103924452,398.2881631177336,0.3982881631177336
2020-09-03,KO,SELL,-45,43.20667511415034,1753.910685345574,1.9443003801367653
2020-09-03,MCD,BUY,4,192.3520439855672,769.4081759422688,0.7694081759422688
2020-09-03,MMM,SELL,-6,116.62608131736984,642.7985680569608,0.6997564879042191
2020-09-03,MRK,BUY,12,69.8389048491131,838.0668581893573,0.8380668581893573
2020-09-03,MSFT,BUY,3,218.95774500180633,656.873235005419,0.656873235005419
2020-09-03,NKE,BUY,52,107.88742469517962,5610.14608414934,5.61014608414934
2020-09-03,PG,BUY,3,121.77802098997955,365.33406296993866,0.36533406296993864
2020-09-03,TRV,BUY,8,105.2077087539601,841.6616700316808,0.8416616700316809
2020-09-03,WMT,SELL,-36,45.318630871165425,1432.4598998832214,1.6314707113619555
2020-09-04,AAPL,BUY,40,116.52296697916077,4660.918679166431,4.66091867916643
2020-09-04,CRM,SELL,-3,259.0453157012764,583.027839845177,0.7771359471038293
2020-09-21,AXP,SELL,-28,93.62830693063775,2523.0130262778684,2.621592594057857
2020-09-21,CAT,SELL,-28,133.6314975031703,3230.2097371487635,3.7416819300887685
2020-09-21,TRV,SELL,-43,97.77575882784605,4407.076574089855,4.20435762959738
2020-09-21,VZ,SELL,-59,42.58635689567478,2291.3238677016625,2.5125950568448125
2020-09-21,WMT,BUY,1,42.20984061509302,42.20984061509302,0.042209840615093024
2020-09-22,AAPL,BUY,72,109.35128690516373,7873.292657171789,7.87329265717179
2020-09-22,AXP,BUY,15,91.30904080938353,1369.635612140753,1.369635612140753
2020-09-22,BA,BUY,4,156.88840255737304,627.5536102294922,0.6275536102294922
2020-09-22,CAT,BUY,9,130.5687162236393,1175.1184460127538,1.175118446012754
2020-09-25,NKE,SELL,-188,114.10058293071079,17514.478352276084,21.450909590973627
2020-09-25,UNH,SELL,-11,265.4029123542538,3022.9932627327858,2.9194320358967913
2020-09-28,AAPL,SELL,-8,111.50089438831228,782.9421579098013,0.8920071551064982
2020-09-28,CRM,BUY,40,244.09998664656032,9763.999465862413,9.763999465862412
2020-09-28,CVX,BUY,42,58.139167153647634,2441.8450204532005,2.4418450204532003
2020-09-28,DIS,BUY,121,122.91821513625818,14873.10403148724,14.87310403148724
2020-09-28,GS,SELL,-22,173.67522772814362,3911.2557760369646,3.8208550100191596
2020-09-28,MCD,SELL,-11,193.92182361238437,1829.3329744219145,2.133140059736228
2020-09-28,MMM,SELL,-18,111.1377986914499,1928.3957041708823,2.0004803764460983
2020-09-28,MRK,SELL,-15,66.67818594478713,943.0351244671201,1.0001727891718069
2020-09-28,NKE,BUY,21,115.60950909436285,2427.7996909816197,2.4277996909816197
2020-09-28,TRV,BUY,8,98.31259280712824,786.5007424570259,0.786500742457026
2020-09-28,UNH,SELL,-4,279.0883327428176,1099.2702773573767,1.1163533309712705
2020-09-29,AAPL,SELL,-2,111.05493819140759,195.73553947745032,0.22210987638281518
2020-09-29,AMGN,SELL,-1,206.94989052794716,208.99288517757924,0.20694989052794716
2020-09-29,AXP,BUY,1,91.98912342156005,91.98912342156005,0.09198912342156006
2020-09-29,BA,SELL,-10,164.68761927032472,1817.7586084565294,1.6468761927032471
2020-09-29,CAT,SELL,-1,133.46061390165409,115.8970721652655,0.1334606139016541
2020-09-29,CRM,SELL,-2,241.59042784515995,408.5881759093852,0.48318085569031993
2020-09-29,CSCO,SELL,-4,33.030774663078965,153.8316386990647,0.13212309865231586
2020-09-29,CVX,SELL,-13,58.36498686895278,884.2956174277854,0.7587448292963863
2020-09-29,DIS,SELL,-22,122.96137578064048,2588.245855350584,2.7051502671740906
2020-09-29,GS,BUY,14,174.18302188985112,2438.562306457916,2.438562306457916
2020-09-29,HD,SELL,-4,239.01848281034714,882.8668043628074,0.9560739312413886
2020-09-29,HON,SELL,-10,137.89144860998118,1216.9204378646223,1.378914486099812
2020-09-29,IBM,BUY,88,91.86315890532576,8083.957983668667,8.083957983668666
2020-09-29,INTC,SELL,-60,46.02755937948407,3028.45950886432,2.7616535627690437
2020-09-29,JNJ,SELL,-10,126.43669426936749,1210.217535847955,1.2643669426936748
2020-09-29,JPM,SELL,-25,82.72500897969383,2064.7643795200393,2.068125224492346
2020-09-29,KO,BUY,246,41.89502091052898,10306.175143990129,10.306175143990128
2020-09-29,MCD,SELL,-1,194.29201319763595,166.3029976747195,0.19429201319763595
2020-09-29,MMM,BUY,12,111.02238071084223,1332.2685685301067,1.3322685685301068
2020-09-29,MRK,SELL,-7,66.26142842341211,440.08305808465605,0.4638299989638848
2020-09-29,MSFT,SELL,-4,199.79892180056882,787.6314774537402,0.7991956872022753
2020-09-29,PG,SELL,-19,119.6249548384243,1993.1426546694343,2.2728741419300618
2020-09-29,TRV,SELL,-4,98.42914906890329,409.57756878531154,0.3937165962756132
2020-10-01,AAPL,SELL,-52,114.05066366520006,5089.124026413709,5.930634510590403
2020-10-01,AXP,BUY,8,93.47042127674351,747.7633702139481,0.7477633702139481
2020-10-01,BA,BUY,8,170.2350688934326,1361.880551147461,1.361880551147461
2020-10-01,CAT,BUY,6,134.98977910902283,809.938674654137,0.809938674654137
2020-10-01,CRM,SELL,-20,249.3919047807032,4085.881759093852,4.987838095614064
2020-10-01,CSCO,BUY,29,33.3944226211916,968.4382560145565,0.9684382560145565
2020-10-01,CVX,BUY,41,56.45751256743738,2314.7580152649325,2.3147580152649327
2020-10-01,DIS,SELL,-8,122.00440830634706,941.180311036576,0.9760352664507765
2020-10-01,GS,BUY,31,177.1452241630426,5491.501949054321,5.491501949054321
2020-10-01,HD,BUY,1,244.54336192738162,244.54336192738162,0.24454336192738163
2020-10-01,HON,BUY,8,139.40497958359995,1115.2398366687996,1.1152398366687997
2020-10-01,IBM,SELL,-27,92.48940535514524,2452.993148400872,2.497213944588921
2020-10-01,INTC,BUY,21,47.05238305706971,988.1000441984639,0.988100044198464
2020-10-01,JNJ,BUY,5,128.02946683709163,640.1473341854581,0.6401473341854582
2020-10-01,JPM,BUY,14,83.74769729855753,1172.4677621798053,1.1724677621798054
2020-10-01,KO,SELL,-125,41.895508319975164,4949.225638879569,5.2369385399968955
2020-10-01,MCD,SELL,-4,195.3233080218541,665.211990698878,0.7812932320874164
2020-10-01,MMM,SELL,-8,110.22536644361799,858.1826360300279,0.881802931548944
2020-10-01,MRK,BUY,17,66.72883165738206,1134.390138175495,1.134390138175495
2020-10-01,MSFT,BUY,5,203.95386387838562,1019.7693193919281,1.0197693193919282
2020-10-01,NKE,BUY,16,117.9244480649914,1886.7911690398623,1.8867911690398624
2020-10-01,PG,BUY,7,120.77430499817636,845.4201349872345,0.8454201349872346
2020-10-01,TRV,BUY,18,96.92385860037754,1744.6294548067958,1.744629454806796
2020-10-01,UNH,BUY,5,285.3125007987225,1426.5625039936126,1.4265625039936125
2020-10-01,VZ,BUY,39,42.20268699747038,1645.9047929013448,1.6459047929013448
2020-10-01,WMT,BUY,2,43.53952345093847,87.07904690187694,0.08707904690187694
2020-10-05,HON,SELL,-10,139.9276208313934,1222.4774373303908,1.399276208313934
2020-10-05,JPM,SELL,-21,85.48365630894101,1735.2044229067867,1.7951567824877612
2020-10-06,AAPL,BUY,6,112.28206183450516,673.6923710070309,0.6736923710070309
2020-10-06,AMGN,BUY,1,215.29202476979177,215.29202476979177,0.21529202476979176
2020-10-06,AXP,SELL,-7,97.73266481354172,631.6223244282646,0.684128653694792
2020-10-06,BA,SELL,-3,172.95347328948978,544.027211612765,0.5188604198684693
2020-10-06,CAT,SELL,-2,138.52482559102256,232.668619457726,0.2770496511820451
2020-10-06,CRM,SELL,-11,248.94864483474115,2247.2349675016185,2.7384350931821526
2020-10-06,CSCO,BUY,30,32.8819590459805,986.458771379415,0.986458771379415
2020-10-06,CVX,BUY,27,58.29706685380748,1574.020805052802,1.574020805052802
2020-10-06,DIS,SELL,-14,120.23692155707964,1647.0655443140079,1.683316901799115
2020-10-06,GS,BUY,1,179.53608848879938,179.53608848879938,0.17953608848879937
2020-10-06,HD,BUY,1,247.22127636552278,247.22127636552278,0.2472212763655228
2020-10-06,HON,BUY,7,141.8458738375952,992.9211168631664,0.9929211168631664
2020-10-06,IBM,SELL,-8,92.65572066315278,726.8127847113695,0.7412457653052222
2020-10-06,INTC,BUY,14,46.43278897559581,650.0590456583413,0.6500590456583414
2020-10-06,JNJ,BUY,6,127.14626336088425,762.8775801653055,0.7628775801653055
2020-10-06,JPM,BUY,12,87.09221886451512,1045.1066263741814,1.0451066263741815
2020-10-06,KO,SELL,-80,41.98871488625943,3167.504408882924,3.3590971909007545
2020-10-06,MCD,SELL,-8,199.942224165414,1330.423981397756,1.599537793323312
2020-10-06,MMM,BUY,19,112.2378880033027,2132.5198720627513,2.1325198720627516
2020-10-06,MRK,BUY,22,65.05975548200627,1431.3146206041379,1.4313146206041378
2020-10-06,MSFT,BUY,3,199.49246281287057,598.4773884386117,0.5984773884386118
2020-10-06,NKE,BUY,31,119.00869432103846,3689.2695239521922,3.689269523952192
2020-10-06,UNH,SELL,-3,290.52915455607246,825.3176748965527,0.8715874636682174
2020-10-06,VZ,BUY,11,42.4584537987074,467.04299178578145,0.4670429917857814
2020-10-06,WMT,BUY,2,43.87039534474872,87.74079068949744,0.08774079068949744
2020-10-08,AAPL,SELL,-9,112.70305337239873,882.3512578924317,1.0143274803515887
2020-10-08,AMGN,SELL,-4,208.38779028236644,836.1180323287405,0.8335511611294658
2020-10-08,CRM,SELL,-5,260.2470688894206,1021.470439773463,1.301235344447103
2020-10-08,CVX,SELL,-10,58.67258506196218,669.0642542906521,0.5867258506196219
2020-10-08,DIS,SELL,-29,120.6763589031949,3411.7786275075878,3.4996144081926523
2020-10-08,GS,SELL,-11,180.14696724188008,1952.6267762063758,1.9816166396606807
2020-10-08,IBM,SELL,-20,98.91439064237792,1817.031961778424,1.9782878128475585
2020-10-08,KO,SELL,-21,42.12430478429645,831.4699073317676,0.8846104004702254
2020-10-08,MCD,BUY,4,199.48929103744828,797.9571641497931,0.7979571641497931
2020-10-08,MMM,SELL,-15,114.77382138163252,1613.1940126211473,1.7216073207244877
2020-10-08,MRK,BUY,9,64.49062982782775,580.4156684504497,0.5804156684504498
2020-10-08,MSFT,BUY,6,201.10699015139423,1206.6419409083653,1.2066419409083653
2020-10-08,NKE,BUY,49,120.44966979674753,5902.033820040629,5.9020338200406295
2020-10-08,TRV,BUY,6,102.89985516093533,617.399130965612,0.617399130965612
2020-10-08,UNH,BUY,12,294.9047331760369,3538.8567981124434,3.5388567981124432
2020-10-12,DIS,SELL,-5,121.96533947489345,588.23769439786,0.6098266973744673
2020-10-12,GS,SELL,-3,182.22265099504747,532.5345753290115,0.5466679529851425
2020-10-12,IBM,SELL,-12,96.8054778289494,1090.2191770670543,1.1616657339473928
2020-10-12,KO,SELL,-16,43.094958401685,633.5008817765848,0.68951933442696
2020-10-12,MCD,BUY,4,198.35989472696534,793.4395789078613,0.7934395789078613
2020-10-12,UNH,BUY,2,300.0929406621939,600.1858813243878,0.6001858813243878
2020-10-13,AAPL,SELL,-24,121.44782437561246,2352.936687713151,2.9147477850146988
2020-10-13,CRM,BUY,6,262.69641864208967,1576.1785118525381,1.576178511852538
2020-10-13,CVX,SELL,-23,58.948631514515725,1538.8477848684997,1.3558185248338617
2020-10-13,DIS,SELL,-16,126.75021369324686,1882.360622073152,2.02800341909195
2020-10-13,GS,SELL,-15,187.92711840890726,2662.672876645058,2.8189067761336086
2020-10-13,IBM,SELL,-20,95.67166968219803,1817.031961778424,1.9134333936439607
2020-10-13,INTC,SELL,-2,48.68283809381835,100.6154666630155,0.0973656761876367
2020-10-13,JPM,BUY,9,89.64223452061087,806.7801106854978,0.8067801106854979
2020-10-13,KO,SELL,-14,43.20897279554814,554.3132715545117,0.604925619137674
2020-10-13,MCD,BUY,6,199.14518238729997,1194.8710943237998,1.1948710943237997
2020-10-13,MMM,BUY,9,115.57534308144538,1040.1780877330084,1.0401780877330085
2020-10-13,MSFT,SELL,-2,212.55893846497816,394.5568091361181,0.42511787692995634
2020-10-13,NKE,BUY,5,118.27899947045663,591.3949973522831,0.5913949973522832
2020-10-13,TRV,BUY,14,103.49119231095632,1448.8766923533885,1.4488766923533885
2020-10-13,UNH,BUY,8,299.52760221256574,2396.220817700526,2.396220817700526
2020-10-14,AAPL,BUY,30,117.42548773662517,3522.764632098755,3.522764632098755
2020-10-14,UNH,SELL,-19,293.3711215607642,5272.662407396359,5.57405130965452
2020-10-14,VZ,BUY,18,42.69510661371131,768.5119190468035,0.7685119190468037
2020-10-14,WMT,SELL,-2,45.22595446574385,79.62541171165068,0.09045190893148769
2020-10-15,CRM,BUY,6,254.50254164326938,1527.0152498596162,1.5270152498596161
2020-10-15,DIS,BUY,24,122.18511546602745,2932.442771184659,2.932442771184659
2020-10-15,GS,BUY,10,184.22116408462844,1842.2116408462844,1.8422116408462845
2020-10-15,IBM,BUY,10,93.88337959311693,938.8337959311693,0.9388337959311693
2020-10-15,NKE,SELL,-55,116.71202708412694,5419.342076603871,6.419161489626982
2020-10-19,AAPL,SELL,-7,116.29987883042148,694.3830739041204,0.8140991518129503
2020-10-19,AMGN,BUY,17,197.66725659049527,3360.3433620384194,3.36034336203842
2020-10-19,AXP,BUY,2,98.35132347615762,196.70264695231523,0.19670264695231524
2020-10-19,BA,BUY,8,169.17454133605955,1353.3963306884764,1.3533963306884764
2020-10-19,CAT,SELL,-19,151.78364476797154,2210.3518848483973,2.883889250591459
2020-10-19,CSCO,SELL,-19,34.25692581919641,725.2046362837918,0.6508815905647318
2020-10-19,CVX,BUY,8,57.72071860430846,461.7657488344677,0.4617657488344677
2020-10-19,DIS,SELL,-25,124.37730081514634,2948.063588029384,3.1094325203786584
2020-10-19,GS,SELL,-1,182.1139836996764,177.80073368617732,0.1821139836996764
2020-10-19,HON,SELL,-2,146.29599879399933,245.58427247188686,0.29259199758799864
2020-10-19,IBM,SELL,-7,95.84552367050485,636.4338474360201,0.670918665693534
2020-10-19,INTC,SELL,-17,48.86224018132799,855.2314666356317,0.8306580830825759
2020-10-19,JNJ,BUY,6,127.36063066550828,764.1637839930497,0.7641637839930497
2020-10-19,KO,BUY,15,42.43789300884863,636.5683951327295,0.6365683951327294
2020-10-19,MCD,SELL,-4,202.33976661992634,674.6558230686798,0.8093590664797053
2020-10-19,MMM,SELL,-6,117.32583278837508,646.5565728389071,0.7039549967302505
2020-10-19,MRK,BUY,10,64.27403480848531,642.7403480848532,0.6427403480848531
2020-10-19,MSFT,SELL,-2,210.36384256570855,394.5568091361181,0.4207276851314171
2020-10-19,NKE,BUY,46,119.24884298650504,5485.446777379232,5.485446777379233
2020-10-19,TRV,BUY,4,101.69929530405838,406.7971812162335,0.40679718121623354
2020-10-19,UNH,BUY,14,299.56406366214964,4193.896891270095,4.193896891270095
2020-10-19,VZ,BUY,15,41.75446182148387,626.316927322258,0.6263169273222581
2020-10-19,WMT,BUY,3,44.86921674522077,134.6076502356623,0.13460765023566232
2020-10-21,AAPL,SELL,-9,113.1102267745346,892.7782378767262,1.0179920409708114
2020-10-21,AMGN,BUY,4,192.01874664145944,768.0749865658378,0.7680749865658378
2020-10-21,UNH,SELL,-13,294.5917341075179,3628.0912427614126,3.8296925433977327
2020-10-26,AAPL,BUY,8,110.64197895530891,885.1358316424713,0.8851358316424713
2020-10-26,AMGN,BUY,1,189.13999707205863,189.13999707205863,0.18913999707205864
2020-10-26,CRM,SELL,-4,241.62985416312176,832.1571496637323,0.9665194166524871
2020-10-26,CVX,BUY,25,56.631203131456004,1415.7800782864,1.4157800782864003
2020-10-26,DIS,BUY,6,124.18550298143252,745.1130178885951,0.7451130178885951
2020-10-26,GS,BUY,7,177.98904964894362,1245.9233475426054,1.2459233475426055
2020-10-26,TRV,SELL,-50,110.85250971068079,5109.013923394723,5.54262548553404
2020-10-26,UNH,BUY,5,297.53980413993116,1487.6990206996559,1.4876990206996559
2020-11-05,AAPL,BUY,12,114.46559400470618,1373.587128056474,1.3735871280564742
2020-11-05,AXP,BUY,20,90.9420195436311,1818.840390872622,1.818840390872622
2020-11-06,AAPL,SELL,-26,114.90780383907183,2593.25581606936,2.987602899815868
2020-11-06,AMGN,SELL,-4,194.50194571998532,830.2003305996508,0.7780077828799413
2020-11-06,CRM,SELL,-8,256.1098911291387,1664.3142993274646,2.04887912903311
2020-11-06,CVX,BUY,5,57.23912899003117,286.19564495015584,0.28619564495015587
2020-11-06,DIS,BUY,3,123.41674775431242,370.25024326293726,0.37025024326293726
2020-11-06,GS,BUY,2,179.56939351180898,359.13878702361797,0.35913878702361796
2020-11-06,IBM,BUY,67,87.04526846120454,5832.032986900705,5.832032986900705
2020-11-06,MSFT,SELL,-6,212.11990975626517,1183.6704274083543,1.272719458537591
2020-11-06,NKE,BUY,7,119.93709693902163,839.5596785731514,0.8395596785731513
2020-11-06,TRV,SELL,-6,114.42377609531384,613.0816708073668,0.6865426565718832
2020-11-06,UNH,SELL,-13,319.14023623428625,3634.4722590129472,4.1488230710457215
2020-11-10,AAPL,SELL,-4,112.21769596599027,398.96243324144,0.4488707838639611
2020-11-10,AMGN,BUY,4,204.18617356973172,816.7446942789269,0.8167446942789269
2020-11-10,AXP,SELL,-51,110.83255328942764,4605.780658332674,5.65246021776081
2020-11-10,BA,SELL,-9,182.70860305023194,1628.0628912487991,1.6443774274520877
2020-11-10,CSCO,BUY,80,32.634282654310276,2610.742612344822,2.610742612344822
2020-11-10,CVX,SELL,-37,63.99641664081982,2454.467064654905,2.367867415710333
2020-11-10,DIS,SELL,-62,136.68124005253568,7320.018074382818,8.474236883257213
2020-11-10,GS,BUY,4,189.2051046114194,756.8204184456775,0.7568204184456776
2020-11-10,HD,BUY,13,238.72385032662743,3103.4100542461565,3.1034100542461567
2020-11-10,HON,SELL,-23,167.09364883313302,2824.219133426699,3.8431539231620593
2020-11-10,IBM,SELL,-32,89.48255257716241,2893.09450665193,2.863441682469197
2020-11-10,INTC,BUY,210,41.06326237089617,8623.285097888196,8.623285097888195
2020-11-10,JNJ,BUY,11,126.26305439275848,1388.8935983203432,1.3888935983203432
2020-11-10,JPM,SELL,-27,102.02915275717451,2238.407356869001,2.7547871244437117
2020-11-10,KO,SELL,-81,44.547872532130654,3210.8501866278825,3.608377675102583
2020-11-10,MCD,BUY,14,190.36584022377457,2665.121763132844,2.665121763132844
2020-11-10,MMM,BUY,55,113.4396205185078,6239.179128517929,6.239179128517929
2020-11-10,MRK,BUY,9,65.60571196200526,590.4514076580473,0.5904514076580474
2020-11-10,MSFT,BUY,20,204.91874306276827,4098.374861255365,4.098374861255365
2020-11-10,NKE,SELL,-5,120.0062935028607,502.15740440059847,0.6000314675143035
2020-11-10,PG,BUY,19,120.15718641338802,2282.9865418543723,2.282986541854372
2020-11-10,TRV,SELL,-10,121.0829562849829,1021.8027846789447,1.2108295628498291
2020-11-10,UNH,BUY,13,318.6663272837217,4142.662254688383,4.142662254688383
2020-11-10,VZ,SELL,-6,43.24063728386485,234.96163409784145,0.2594438237031891
2020-11-10,WMT,BUY,26,44.45175000297331,1155.7455000773061,1.1557455000773063
2020-11-12,JPM,SELL,-10,97.83843541268561,829.0397618033337,0.9783843541268561
2020-11-12,MMM,SELL,-42,115.35691680095752,4559.713646095994,4.844990505640216
2020-11-12,MSFT,SELL,-4,207.30032334946932,792.264273321601,0.8292012933978773
2020-11-12,NKE,BUY,27,116.95810962363352,3157.868959838105,3.1578689598381056
2020-11-13,AAPL,BUY,17,116.11156276975197,1973.8965670857835,1.9738965670857835
2020-11-13,CVX,SELL,-14,64.00430777160557,928.7172677072613,0.896060308802478
2020-11-16,AAPL,BUY,10,115.60603379120016,1156.0603379120016,1.1560603379120016
2020-11-16,INTC,SELL,-36,41.60051130068882,1738.4295429049405,1.4976184068247977
2020-11-17,DIS,BUY,16,141.148248681725,2258.3719789076,2.2583719789075998
2020-11-17,GS,SELL,-21,193.20469326049263,3738.159396413509,4.057298558470346
2020-11-17,IBM,BUY,7,90.27063514953836,631.8944460467685,0.6318944460467686
2020-11-17,NKE,BUY,2,120.52356901450808,241.04713802901617,0.24104713802901617
2020-11-18,CRM,BUY,14,252.8164341909057,3539.43007867268,3.5394300786726802
2020-11-18,CVX,SELL,-47,69.92409469039127,3117.836541588663,3.2864324504483897
2020-11-18,DIS,BUY,14,141.24599199645198,1977.4438879503277,1.9774438879503278
2020-11-18,GS,BUY,4,197.77541386998735,791.1016554799494,0.7911016554799494
2020-11-19,AAPL,BUY,3,114.31311014170139,342.9393304251042,0.34293933042510416
2020-11-19,CRM,SELL,-4,252.99715455230884,846.4044236375873,1.0119886182092355
2020-11-19,CVX,BUY,21,66.93375806256076,1405.608919313776,1.405608919313776
2020-11-19,DIS,BUY,3,139.35946026583485,418.07838079750456,0.4180783807975046
2020-12-23,AAPL,SELL,-24,128.34870028861835,2416.5735553116638,3.0803688069268405
2020-12-23,DIS,SELL,-27,168.8961250962714,3246.038698521554,4.560195377599327
2020-12-23,GS,SELL,-9,222.05176513180035,1605.2032979835585,1.9984658861862035
2020-12-23,IBM,BUY,31,95.0911916877896,2947.826942321478,2.947826942321478
2020-12-23,NKE,SELL,-65,131.81482009836427,6580.304447128999,8.567963306393677
2020-12-23,TRV,BUY,5,123.78282302064599,618.91411510323,0.61891411510323
2020-12-23,UNH,BUY,2,307.91670704406914,615.8334140881383,0.6158334140881383
2020-12-24,AAPL,SELL,-8,127.53290843407567,805.5245184372213,1.0202632674726053
2020-12-24,AMGN,BUY,19,188.08263850419794,3573.570131579761,3.573570131579761
2020-12-24,CVX,BUY,12,68.8060162118169,825.6721945418028,0.8256721945418027
2020-12-24,DIS,SELL,-21,169.90191374127676,2524.696765516764,3.567940188566812
2020-12-24,GS,SELL,-12,226.94307618099143,2140.271063978078,2.7233169141718974
2020-12-24,IBM,SELL,-9,95.85502963475393,816.2023347637617,0.8626952667127855
2020-12-24,KO,BUY,103,45.32679239445868,4668.659616629244,4.6686596166292444
2020-12-24,MCD,BUY,8,188.2753638608427,1506.2029108867416,1.5062029108867416
2020-12-24,MMM,SELL,-5,120.69348356867371,542.8230531066658,0.6034674178433687
2020-12-24,NKE,BUY,37,130.5954417451288,4832.031344569766,4.832031344569765
2020-12-24,TRV,BUY,4,124.47710547180505,497.9084218872202,0.4979084218872202
2020-12-24,UNH,BUY,8,307.8710255966251,2462.9682047730007,2.462968204773001
2020-12-28,NKE,BUY,1,131.92817431319378,131.92817431319378,0.13192817431319379
2020-12-29,NKE,BUY,2,132.19662373619863,264.39324747239726,0.2643932474723973
2021-01-20,AAPL,BUY,31,125.07462027009419,3877.3132283729196,3.8773132283729197
2021-01-20,AMGN,SELL,-15,208.24624851814926,3085.7390094791235,3.123693727772239
2021-01-20,BA,SELL,-16,213.13338549041748,2894.334028886754,3.41013416784668
2021-01-20,CAT,SELL,-11,175.28617350222262,1279.6774070174931,1.9281479085244488
2021-01-20,CSCO,SELL,-104,38.99028528636563,3929.3963878829527,4.054989669782026
2021-01-20,CVX,SELL,-37,76.03053452097153,2457.067044786646,2.8131297772759463
2021-01-20,DIS,BUY,17,171.27420256983726,2911.6614436872333,2.9116614436872337
2021-01-20,GS,SELL,-27,261.1823141798742,4815.6098939506755,7.051922482856603
2021-01-20,HD,BUY,10,240.43021665618585,2404.3021665618585,2.4043021665618585
2021-01-20,HON,BUY,5,175.216468624765,876.082343123825,0.876082343123825
2021-01-20,IBM,SELL,-14,99.45915361841769,1269.6480762991846,1.3924281506578478
2021-01-20,INTC,SELL,-152,52.624108766261884,7340.035847820859,7.998864532471806
2021-01-20,JNJ,SELL,-9,140.7713426024468,1094.2536975873506,1.2669420834220213
2021-01-20,JPM,SELL,-51,120.68963735302293,4228.102785197002,6.15517150500417
2021-01-20,KO,BUY,123,41.49683081083662,5104.1101897329045,5.104110189732904
2021-01-20,MCD,BUY,12,186.52683013623377,2238.321961634805,2.238321961634805
2021-01-20,MMM,BUY,13,117.08770716371463,1522.14019312829,1.5221401931282903
2021-01-20,MRK,BUY,42,67.31237541547308,2827.1197674498694,2.8271197674498696
2021-01-20,MSFT,BUY,5,208.52032267230908,1042.6016133615453,1.0426016133615454
2021-01-20,NKE,BUY,8,129.92901535260057,1039.4321228208046,1.0394321228208045
2021-01-20,PG,BUY,37,115.31086820706003,4266.502123661221,4.266502123661221
2021-01-20,UNH,SELL,-8,321.6780568231474,2268.567756591794,2.5734244545851794
2021-01-20,VZ,BUY,108,41.37412000397934,4468.404960429769,4.468404960429769
2021-01-20,WMT,BUY,68,44.56457980990268,3030.391427073382,3.0303914270733827
2021-01-21,AAPL,SELL,-17,129.94138202029941,1737.18593282818,2.2090034943450902
2021-01-21,AMGN,SELL,-2,212.1010718150555,411.4318679305498,0.424202143630111
2021-01-21,AXP,SELL,-5,120.31844030972188,451.54712336594844,0.6015922015486095
2021-01-21,CAT,BUY,2,175.1792536225859,350.3585072451718,0.3503585072451718
2021-01-21,CRM,BUY,40,220.5636057034802,8822.544228139208,8.822544228139208
2021-01-21,CSCO,SELL,-1,38.87846404338034,37.78265757579762,0.03887846404338034
2021-01-21,CVX,SELL,-3,75.11817184302538,199.22165227999832,0.22535451552907615
2021-01-21,DIS,SELL,-6,169.16954856981764,737.6142948830459,1.0150172914189057
2021-01-21,GS,BUY,9,256.6976602993424,2310.2789426940813,2.3102789426940817
2021-01-21,IBM,BUY,7,99.88106810348339,699.1674767243837,0.6991674767243837
2021-01-21,INTC,SELL,-7,53.3469716555338,338.0279666759606,0.3734288015887366
2021-01-21,JNJ,BUY,1,139.28893989125433,139.28893989125433,0.13928893989125432
2021-01-21,JPM,BUY,5,118.9432505005826,594.716252502913,0.5947162525029129
2021-01-21,KO,BUY,1,41.70201743970049,41.70201743970049,0.04170201743970049
2021-01-21,MCD,SELL,-4,189.807378949221,686.7106827038693,0.759229515796884
2021-01-21,MMM,BUY,6,117.90507496409192,707.4304497845516,0.7074304497845516
2021-01-21,MRK,SELL,-11,66.08196442233361,697.8244866149854,0.7269016086456697
2021-01-21,NKE,BUY,6,131.80788337015048,790.8473002209029,0.7908473002209029
2021-01-21,PG,BUY,6,114.36081468083758,686.1648880850255,0.6861648880850255
2021-01-21,TRV,SELL,-4,133.42287224704884,411.11141727496454,0.5336914889881954
2021-01-22,AMGN,BUY,6,212.53236639617003,1275.1941983770203,1.2751941983770203
2021-01-22,CRM,BUY,3,221.75669680207366,665.270090406221,0.6652700904062211
2021-01-28,AMGN,SELL,-11,212.50511290687456,2265.147417761656,2.33755624197562
2021-01-29,AAPL,SELL,-15,131.91284727437116,1532.8111172013353,1.9786927091155673
2021-01-29,AMGN,BUY,8,206.3567543185926,1650.8540345487409,1.6508540345487408
2021-01-29,AXP,BUY,22,110.5344980131195,2431.758956288629,2.431758956288629
2021-01-29,PG,SELL,-2,113.84424675585859,214.5661780148552,0.2276884935117172
2021-02-03,CSCO,SELL,-23,39.351545516497254,869.0011242433453,0.9050855468794368
2021-02-05,AAPL,BUY,10,133.72199149092364,1337.2199149092364,1.3372199149092365
2021-02-05,CRM,SELL,-15,235.57181363977222,3201.153804764769,3.533577204596583
2021-02-05,CSCO,SELL,-24,40.91701025109921,906.7837818191429,0.9820082460263809
2021-02-05,CVX,BUY,40,72.05294226161688,2882.117690464675,2.8821176904646753
2021-02-05,NKE,SELL,-51,130.70589721274592,5299.687909396112,6.666000757850043
2021-02-05,PG,BUY,6,113.02154617018611,678.1292770211166,0.6781292770211167
2021-02-05,TRV,SELL,-8,130.29739582931947,822.2228345499291,1.0423791666345559
2021-02-05,UNH,BUY,3,303.90859270220415,911.7257781066124,0.9117257781066125
2021-02-05,VZ,BUY,32,40.0605437127711,1281.9373988086752,1.2819373988086753
2021-02-08,AAPL,BUY,10,132.4368431901146,1324.3684319011459,1.324368431901146
2021-02-08,AMGN,BUY,12,200.50968322677895,2406.1161987213472,2.4061161987213473
2021-02-08,AXP,SELL,-13,118.98669441243854,1190.1799815761026,1.5468270273617013
2021-02-08,BA,BUY,3,209.65477805328365,628.964334159851,0.6289643341598511
2021-02-08,CRM,BUY,13,236.1624864853018,3070.1123243089232,3.0701123243089237
2021-02-08,CSCO,SELL,-7,41.78944716600696,264.4786030305834,0.2925261301620487
2021-02-08,CVX,SELL,-28,72.26101354114837,1869.9407743052257,2.0233083791521547
2021-02-08,DIS,SELL,-4,179.53023323715132,491.74286325536394,0.7181209329486054
2021-02-08,GS,SELL,-2,260.4583304545915,364.2126487273093,0.520916660909183
2021-02-08,HD,SELL,-1,245.85076899013885,223.5831256849481,0.24585076899013886
2021-02-08,HON,BUY,7,171.7614167354338,1202.3299171480367,1.2023299171480366
2021-02-08,IBM,BUY,12,94.12400292235115,1129.4880350682138,1.129488035068214
2021-02-08,INTC,BUY,5,53.12389644988883,265.61948224944416,0.26561948224944415
2021-02-08,JNJ,SELL,-1,142.34984620883836,121.64479657538912,0.14234984620883837
2021-02-08,JPM,BUY,5,121.1434534897044,605.717267448522,0.6057172674485221
2021-02-08,KO,SELL,-20,42.66810458363663,808.1007959307557,0.8533620916727326
2021-02-08,MCD,BUY,5,188.63928265636193,943.1964132818097,0.9431964132818097
2021-02-08,MMM,SELL,-7,124.07028352418429,763.1964445930894,0.86849198466929
2021-02-08,MSFT,SELL,-18,232.66436445204488,3570.014270412701,4.187958560136809
2021-02-08,NKE,SELL,-25,134.2096074484157,2597.8862300961337,3.355240186210393
2021-02-08,PG,BUY,2,113.73055612257066,227.46111224514132,0.22746111224514132
2021-02-08,TRV,BUY,11,130.35562804327827,1433.911908476061,1.433911908476061
2021-02-08,UNH,BUY,12,299.10130961246875,3589.215715349625,3.589215715349625
2021-02-08,VZ,BUY,7,40.18392142952215,281.28745000665504,0.28128745000665506
2021-02-08,WMT,BUY,1,44.943224794236016,44.943224794236016,0.044943224794236014
2021-02-09,AAPL,SELL,-17,132.87831490914377,1758.4907669847983,2.258931353455444
2021-02-09,AMGN,SELL,-1,199.71172904773175,205.62548954211712,0.19971172904773177
2021-02-09,AXP,SELL,-3,119.71821422316539,274.6569188252545,0.3591546426694962
2021-02-09,BA,SELL,-2,210.49470610046387,362.67212813884004,0.4209894122009278
2021-02-09,CAT,SELL,-3,179.72610458507395,350.52478118384045,0.5391783137552218
2021-02-09,CRM,SELL,-3,235.97571840159307,644.3966627395189,0.7079271552047792
2021-02-09,CSCO,SELL,-13,41.94918218246839,491.1745484853691,0.5453393683720892
2021-02-09,CVX,SELL,-11,72.90927636181496,734.6195899056244,0.8020020399799646
2021-02-09,DIS,SELL,-38,183.74873711049966,4671.557200925958,6.982452010198987
2021-02-09,GS,SELL,-11,264.51971747908925,2003.169568000201,2.9097168922699814
2021-02-09,IBM,SELL,-15,94.72693836236498,1363.43590446805,1.4209040754354745
2021-02-09,INTC,SELL,-3,53.42533530674021,144.96305707783563,0.16027600592022062
2021-02-09,KO,SELL,-22,42.57416400085799,888.9108755238312,0.9366316080188758
2021-02-09,MCD,BUY,5,188.23097724329642,941.154886216482,0.9411548862164821
2021-02-09,MMM,SELL,-3,125.39888826329336,327.0841905398955,0.37619666478988006
2021-02-09,MRK,BUY,66,60.72264100217179,4007.694306143338,4.007694306143338
2021-02-09,MSFT,BUY,7,231.67112383076878,1621.6978668153815,1.6216978668153814
2021-02-09,NKE,BUY,67,132.90930261814495,8904.923275415711,8.904923275415712
2021-02-09,PG,BUY,3,113.3191780801762,339.9575342405286,0.3399575342405286
2021-02-09,TRV,BUY,8,131.7531685474124,1054.0253483792992,1.0540253483792992
2021-02-10,DIS,BUY,2,185.70181748866972,371.40363497733944,0.37140363497733947
2021-02-10,NKE,BUY,4,131.84488335221263,527.3795334088505,0.5273795334088506
2021-02-11,AAPL,BUY,6,132.31028601621696,793.8617160973017,0.7938617160973018
2021-02-11,NKE,SELL,-3,132.22168263614782,322.2097054146848,0.3966650479084435
2021-02-11,UNH,BUY,15,306.55325012566385,4598.298751884958,4.598298751884958
2021-02-12,UNH,SELL,-17,303.21183133781057,4866.460526794259,5.15460113274278
2021-02-17,AAPL,BUY,14,127.78308517440198,1788.9631924416276,1.7889631924416276
2021-02-17,AMGN,BUY,5,197.19650493399715,985.9825246699858,0.9859825246699857
2021-02-17,AXP,SELL,-7,121.99723610300795,640.8661439255937,0.8539806527210556
2021-02-17,BA,SELL,-4,215.41224427032472,725.3442562776801,0.861648977081299
2021-02-17,CAT,SELL,-6,184.13873190329488,701.0495623676809,1.1048323914197693
2021-02-17,CRM,SELL,-16,244.87059319485013,3436.782201277434,3.917929491117602
2021-02-17,CSCO,BUY,50,39.881699704342864,1994.0849852171432,1.9940849852171434
2021-02-17,CVX,BUY,11,77.52365234474475,852.7601757921922,0.8527601757921922
2021-02-17,DIS,BUY,31,181.1858609861235,5616.761690569828,5.616761690569828
2021-02-17,MCD,SELL,-12,189.71870623522318,2068.875070341449,2.276624474822678
2021-02-17,TRV,SELL,-17,132.32403120996395,1774.2196255598094,2.249508530569387
2021-02-18,AAPL,BUY,2,125.78724482632771,251.57448965265542,0.25157448965265544
2021-02-18,AMGN,SELL,-4,199.62801065449563,821.7030022814429,0.7985120426179825
2021-02-18,DIS,SELL,-8,180.44815246776182,1034.1424269353945,1.4435852197420946
2021-02-18,GS,BUY,2,273.28657373297364,546.5731474659473,0.5465731474659473
2021-02-18,IBM,BUY,46,93.7326906207165,4311.7037685529585,4.311703768552959
2021-02-18,KO,BUY,26,42.881774106687956,1114.9261267738868,1.114926126773887
2021-02-18,MCD,BUY,4,189.31385572765862,757.2554229106345,0.7572554229106345
2021-02-18,MSFT,SELL,-3,231.90547501383443,598.8071444435914,0.6957164250415032
2021-02-23,CAT,SELL,-15,199.73306150350396,1752.6239059192021,2.9959959225525594
2021-02-23,GS,SELL,-9,280.7475691357324,1648.2294870053647,2.5267281222215923
2021-02-23,HD,BUY,3,237.02505869636613,711.0751760890984,0.7110751760890984
2021-02-23,HON,BUY,1,172.76422636312282,172.76422636312282,0.17276422636312283
2021-02-23,IBM,SELL,-17,93.96540995959968,1549.3205421224602,1.5974119693131947
2021-02-23,INTC,SELL,-21,54.97983279919735,1014.7413995448494,1.1545764887831445
2021-02-23,JNJ,BUY,4,140.29651311769982,561.1860524707993,0.5611860524707993
2021-02-23,JPM,SELL,-30,132.67802258063074,2519.3210563476982,3.980340677418922
2021-02-23,KO,SELL,-10,43.55631087457405,404.66310102973466,0.43556310874574056
2021-02-23,MCD,BUY,3,190.3878196053337,571.1634588160011,0.5711634588160012
2021-02-23,MMM,SELL,-7,123.86479413195018,763.1964445930894,0.8670535589236513
2021-02-23,MRK,BUY,32,60.876283199531535,1948.0410623850091,1.948041062385009
2021-02-23,MSFT,BUY,2,221.12587167841127,442.25174335682254,0.44225174335682255
2021-02-23,NKE,BUY,20,125.90285470367056,2518.057094073411,2.518057094073411
2021-02-23,PG,BUY,9,111.84863003302459,1006.6376702972213,1.0066376702972215
2021-02-23,TRV,BUY,6,134.67437376358228,808.0462425814937,0.8080462425814937
2021-02-23,VZ,SELL,-9,41.18777014724827,354.8743057289153,0.3706899313252345
2021-02-24,AAPL,BUY,17,121.63978144405318,2067.876284548904,2.067876284548904
2021-02-24,AMGN,BUY,1,195.10851777134164,195.10851777134164,0.19510851777134164
2021-02-24,AXP,SELL,-15,128.67481987628975,1373.2845941262722,1.9301222981443462
2021-02-24,BA,BUY,3,212.2060561065674,636.6181683197021,0.6366181683197021
2021-02-24,CAT,SELL,-3,200.53374700566346,350.52478118384045,0.6016012410169903
2021-02-24,CRM,BUY,9,232.23812195055814,2090.1430975550234,2.090143097555024
2021-02-24,CSCO,BUY,23,38.95181973060945,895.8918538040174,0.8958918538040174
2021-02-24,CVX,SELL,-38,81.43128596279651,2545.6252655895164,3.094388866586267
2021-02-24,DIS,SELL,-17,192.93763882158305,2197.5526572377134,3.279939859966912
2021-02-24,GS,BUY,5,282.9640406665393,1414.8202033326966,1.4148202033326964
2021-02-24,HD,BUY,4,231.61375059742196,926.4550023896878,0.9264550023896878
2021-02-24,HON,SELL,-2,172.4905151970994,251.04159510161787,0.3449810303941988
2021-02-24,IBM,BUY,11,93.96605793534899,1033.6266372888388,1.0336266372888385
2021-02-24,INTC,SELL,-9,55.02527320826597,434.8891712335069,0.4952274588743938
2021-02-24,JNJ,BUY,1,141.09584072695924,141.09584072695924,0.14109584072695924
2021-02-24,JPM,SELL,-4,131.51780428457832,335.9094741796931,0.5260712171383133
2021-02-24,KO,SELL,-2,43.03534000597507,80.93262020594693,0.08607068001195015
2021-02-24,MCD,SELL,-1,186.9521992120525,172.94658959820575,0.1869521992120525
2021-02-24,MMM,BUY,6,122.9132196285705,737.479317771423,0.7374793177714231
2021-02-24,MRK,SELL,-26,60.41964009689578,1639.8095368660472,1.5709106425192905
2021-02-24,MSFT,BUY,5,220.81865778803552,1104.0932889401777,1.1040932889401776
2021-02-24,NKE,BUY,23,125.00508272545495,2875.116902685464,2.875116902685464
2021-02-24,PG,SELL,-4,111.36081717882018,430.27777338084434,0.4454432687152807
2021-02-24,TRV,SELL,-6,133.99426795228766,629.5421143663201,0.8039656077137259
2021-02-24,UNH,BUY,10,300.5960453465633,3005.960453465633,3.005960453465633
2021-02-24,VZ,SELL,-16,41.38352409924428,630.8876546291827,0.6621363855879085
2021-02-24,WMT,BUY,64,42.16859313370516,2698.78996055713,2.6987899605571304
2021-03-01,UNH,SELL,-17,305.6617685489231,4877.900538254227,5.196250065331693
2021-03-01,VZ,BUY,19,40.271002599051805,765.1490493819842,0.7651490493819842
2021-03-02,AAPL,SELL,-7,124.89318484223541,735.8837283654443,0.874252293895648
2021-03-02,AMGN,BUY,5,192.67254928445482,963.3627464222741,0.9633627464222742
2021-03-02,AXP,SELL,-4,129.65021270008594,366.20922510033927,0.5186008508003438
2021-03-02,BA,SELL,-10,224.67759828948974,1818.1590850523057,2.246775982894898
2021-03-02,CRM,BUY,17,215.34753557217215,3660.9081047269265,3.6609081047269267
2021-03-02,CSCO,SELL,-9,39.506373592348424,341.17615627749484,0.3555573623311359
2021-03-02,CVX,SELL,-13,82.69743826833512,870.8718013858872,1.0750666974883567
2021-03-02,DIS,BUY,2,191.68400650620922,383.36801301241843,0.38336801301241846
2021-03-02,GS,SELL,-6,292.50464910364417,1116.130773205763,1.7550278946218651
2021-03-02,HD,BUY,4,230.24992081898668,920.9996832759467,0.9209996832759467
2021-03-02,HON,SELL,-2,174.84375590004794,251.04159510161787,0.3496875118000959
2021-03-02,INTC,SELL,-21,57.08882986895791,1014.7413995448494,1.198865427248116
2021-03-02,JNJ,BUY,2,138.81952040085093,277.63904080170187,0.2776390408017019
2021-03-02,KO,BUY,12,42.60820642460971,511.29847709531657,0.5112984770953165
2021-03-02,MCD,BUY,1,185.75441619310942,185.75441619310942,0.18575441619310942
2021-03-02,MRK,BUY,19,58.89531941936191,1119.0110689678763,1.1190110689678763
2021-03-02,MSFT,SELL,-2,227.31150490363953,400.7912348978051,0.45462300980727904
2021-03-02,NKE,SELL,-7,127.4503201635902,760.4456097207068,0.8921522411451316
2021-03-02,PG,BUY,9,108.4261109716128,975.8349987445152,0.9758349987445153
2021-03-02,TRV,SELL,-2,134.96309975802254,209.84737145544003,0.2699261995160451
2021-03-02,UNH,BUY,14,306.55322257298445,4291.745116021782,4.291745116021782
2021-03-02,VZ,BUY,10,40.14036213355386,401.40362133553856,0.4014036213355386
2021-03-05,UNH,SELL,-16,306.4182721838995,4611.890969054112,4.902692354942392
2021-03-05,WMT,BUY,50,39.36294960808007,1968.1474804040035,1.9681474804040038
2021-03-08,AAPL,BUY,25,117.7357136792648,2943.39284198162,2.94339284198162
2021-03-08,AXP,SELL,-19,138.1284717621007,1739.4938192266115,2.624440963479913
2021-03-08,CRM,BUY,7,210.63433692283755,1474.4403584598629,1.4744403584598629
2021-03-08,CSCO,SELL,-8,39.77301956699815,303.2676944688843,0.3181841565359852
2021-03-08,CVX,SELL,-33,89.16615663455626,2210.6745727487905,2.9424831689403566
2021-03-08,DIS,BUY,7,192.8667557497534,1350.0672902482738,1.3500672902482738
2021-03-08,HD,BUY,5,223.6947278914823,1118.4736394574115,1.1184736394574115
2021-03-08,HON,SELL,-1,175.49486197723454,125.52079755080894,0.17549486197723455
2021-03-08,IBM,SELL,-9,95.57396569880626,820.7511454163539,0.8601656912892565
2021-03-08,INTC,BUY,24,55.02572557909871,1320.617413898369,1.320617413898369
2021-03-08,JNJ,BUY,6,136.40418526676612,818.4251116005967,0.8184251116005967
2021-03-08,JPM,SELL,-1,133.51871055064578,83.97736854492328,0.1335187105506458
2021-03-08,KO,SELL,-19,43.95771703316305,769.3245469149479,0.835196623630098
2021-03-08,MCD,BUY,1,185.4865269140603,185.4865269140603,0.1854865269140603
2021-03-08,MMM,SELL,-8,126.29303248153897,874.134214391583,1.0103442598523118
2021-03-08,MRK,SELL,-7,60.07229044924717,440.69520155550657,0.4205060331447302
2021-03-08,MSFT,BUY,3,222.1242939183979,666.3728817551937,0.6663728817551937
2021-03-08,NKE,BUY,18,123.94226810214496,2230.9608258386093,2.2309608258386096
2021-03-08,PG,SELL,-5,109.9704587481942,537.9494714825225,0.5498522937409711
2021-03-08,TRV,SELL,-5,137.8093474480153,524.6184286386001,0.6890467372400765
2021-03-08,VZ,SELL,-12,40.56425073789784,473.436607469368,0.48677100885477403
2021-03-08,WMT,SELL,-2,40.09873275799394,80.7800542101044,0.08019746551598789
2021-03-24,AAPL,SELL,-1,119.4562723289443,105.7176853131914,0.11945627232894429
2021-03-24,AMGN,SELL,-10,207.74271077946702,2050.779419354849,2.0774271077946698
2021-03-24,AXP,BUY,32,129.52648673782207,4144.847575610306,4.1448475756103065
2021-03-24,BA,SELL,-8,243.628125,1454.5272680418445,1.9490250000000002
2021-03-24,CAT,BUY,6,200.825394564658,1204.952367387948,1.2049523673879479
2021-03-24,CRM,BUY,5,212.1232317558657,1060.6161587793285,1.0606161587793286
2021-03-24,CSCO,SELL,-54,42.95553800047209,2047.0569376649692,2.319599052025493
2021-03-24,NKE,SELL,-21,126.42184717018807,2290.377632939765,2.65485879057395
2021-03-24,PG,SELL,-9,114.50010591321228,968.3090486685406,1.0305009532189107
2021-03-24,TRV,BUY,8,133.89040496594157,1071.1232397275326,1.0711232397275325
2021-03-24,VZ,BUY,7,41.17817020310711,288.24719142174973,0.28824719142174976
2021-03-24,WMT,SELL,-17,41.85400515020341,686.6304607858874,0.711518087553458
2021-03-26,AAPL,BUY,17,117.17102366024774,1991.9074022242116,1.9919074022242118
2021-03-26,CRM,BUY,10,202.7658901767034,2027.658901767034,2.027658901767034
2021-03-29,CRM,BUY,1,206.08878592825693,206.08878592825693,0.20608878592825694
2021-03-30,AAPL,BUY,13,116.93735752843554,1520.185647869662,1.5201856478696623
2021-03-31,AXP,SELL,-10,134.49872399751976,952.4584358453037,1.3449872399751976
2021-03-31,BA,SELL,-4,254.57264694976809,727.2636340209223,1.0182905877990724
2021-03-31,CAT,SELL,-8,213.21664526230194,953.8380694451961,1.7057331620984155
2021-03-31,CRM,SELL,-4,207.29141341291896,859.1084707441205,0.8291656536516758
2021-03-31,CSCO,SELL,-13,44.58120972001039,492.810003511937,0.5795557263601351
2021-03-31,CVX,BUY,36,85.75373508355709,3087.1344630080553,3.0871344630080557
2021-03-31,HD,SELL,-23,270.22082821617784,5154.9391600205745,6.21507904897209
2021-03-31,HON,SELL,-2,184.50047307674953,251.04159510161787,0.36900094615349904
2021-03-31,IBM,SELL,-24,104.54930728919801,2188.669721110277,2.5091833749407524
2021-03-31,INTC,SELL,-1,58.18878938848915,48.537882849766895,0.05818878938848915
2021-03-31,JNJ,SELL,-2,143.1767786918669,244.72643878071202,0.2863535573837338
2021-03-31,KO,SELL,-7,45.667000773149766,283.43535938971763,0.31966900541204835
2021-03-31,MCD,SELL,-7,199.94325805441653,1211.4112349191894,1.399602806380916
2021-03-31,MMM,SELL,-10,135.30661748250236,1092.6677679894788,1.3530661748250237
2021-03-31,MRK,SELL,-9,62.82463837938683,566.6081162856512,0.5654217454144815
2021-03-31,MSFT,BUY,9,223.6027562618946,2012.4248063570515,2.0124248063570516
2021-03-31,NKE,BUY,54,123.43217323711004,6665.337354803942,6.665337354803942
2021-03-31,UNH,BUY,2,342.3553450494307,684.7106900988614,0.6847106900988614
2021-03-31,VZ,SELL,-6,42.34053624928699,236.78954761117146,0.25404321749572195
2021-03-31,WMT,BUY,8,42.24493770553528,337.9595016442822,0.33795950164428223
2021-04-05,AAPL,SELL,-7,120.47751712185466,744.2656787490781,0.8433426198529826
2021-04-05,CRM,SELL,-6,216.32419965791823,1288.6627061161807,1.2979451979475094
2021-04-05,CVX,SELL,-4,85.81411779168279,273.11696247528926,0.3432564711667312
2021-04-05,DIS,BUY,11,187.15827172066338,2058.740988927297,2.058740988927297
2021-04-05,GS,BUY,7,295.1783903911056,2066.2487327377394,2.0662487327377392
2021-04-05,IBM,SELL,-1,103.8499468784525,91.19457171292821,0.1038499468784525
2021-04-05,KO,BUY,5,45.12651421336642,225.6325710668321,0.2256325710668321
2021-04-05,MCD,BUY,1,202.36512787823,202.36512787823,0.20236512787823
2021-04-05,MMM,BUY,5,135.40709427899588,677.0354713949794,0.6770354713949794
2021-04-05,MSFT,SELL,-7,232.88509343721384,1412.4579683598831,1.6301956540604972
2021-04-05,TRV,BUY,11,138.0242739525001,1518.267013477501,1.518267013477501
2021-04-05,UNH,BUY,7,339.4351041716569,2376.0457292015985,2.3760457292015986
2021-04-06,CVX,SELL,-6,84.61287531332778,409.6754437129339,0.5076772518799667
2021-04-06,DIS,SELL,-8,184.07098335862662,1066.3242995980481,1.472567866869013
2021-04-06,GS,SELL,-2,287.6206519489539,380.8263055972967,0.5752413038979077
2021-04-06,IBM,SELL,-29,105.3574948568685,2644.642579674918,3.0553673508491865
2021-04-06,INTC,SELL,-14,60.052358683354456,679.5303598967365,0.8407330215669624
2021-04-06,JPM,BUY,19,134.72162815549305,2559.710934954368,2.559710934954368
2021-04-06,KO,SELL,-9,45.67560516118486,364.6194233491478,0.41108044645066383
2021-04-06,MCD,BUY,4,205.1425328887807,820.5701315551228,0.8205701315551228
2021-04-06,MMM,BUY,5,136.182268966277,680.911344831385,0.680911344831385
2021-04-06,NKE,SELL,-14,125.48611515714276,1543.0567996439795,1.7568056121999986
2021-04-06,TRV,BUY,11,137.82486139474614,1516.0734753422075,1.5160734753422074
2021-04-06,UNH,BUY,8,338.66377214252327,2709.310177140186,2.7093101771401864
2021-04-07,NKE,SELL,-12,126.92222061681525,1322.620113980554,1.523066647401783
2021-04-08,AAPL,BUY,9,125.54383984898908,1129.8945586409018,1.129894558640902
2021-04-08,AMGN,BUY,7,211.43053667180524,1480.0137567026368,1.4800137567026368
2021-04-08,AXP,SELL,-2,138.09212167168172,190.49168716906075,0.27618424334336344
2021-04-08,BA,BUY,2,251.8258469467163,503.6516938934326,0.5036516938934326
2021-04-08,UNH,SELL,-16,333.2900728600159,4677.857410140038,5.332641165760255
2021-04-08,WMT,SELL,-9,43.72829134621154,363.6418238107258,0.3935546221159039
2021-04-19,AAPL,SELL,-40,129.85347911020855,4265.214930255569,5.194139164408342
2021-04-19,AMGN,SELL,-5,214.3989036621377,1026.4484754668113,1.0719945183106885
2021-04-19,AXP,SELL,-3,140.3403654397864,285.73753075359116,0.42102109631935924
2021-04-19,BA,BUY,5,247.0,1235.0,1.235
2021-04-19,CAT,BUY,5,212.10939175977654,1060.5469587988828,1.0605469587988827
2021-04-19,CSCO,BUY,4,45.552772930857174,182.2110917234287,0.1822110917234287
2021-04-19,CVX,BUY,15,83.9013334864763,1258.5200022971446,1.2585200022971446
2021-04-19,DIS,BUY,5,183.28741960661466,916.4370980330733,0.9164370980330734
2021-04-19,GS,SELL,-7,301.3683663368935,1332.8920695905385,2.1095785643582543
2021-04-19,HD,SELL,-7,288.7869032863332,1568.8945269627836,2.0215083230043325
2021-04-19,HON,SELL,-7,195.9329090518938,878.6455828556625,1.3715303633632567
2021-04-19,IBM,BUY,15,103.92273882004623,1558.8410823006934,1.5588410823006935
2021-04-19,INTC,BUY,31,58.87488521709637,1825.1214417299875,1.8251214417299875
2021-04-19,JNJ,BUY,14,141.18267617539757,1976.557466455566,1.976557466455566
2021-04-19,KO,SELL,-1,46.50231094360352,40.51326926101642,0.04650231094360352
2021-04-19,MRK,BUY,16,63.376891214589484,1014.0302594334318,1.0140302594334318
2021-04-19,MSFT,SELL,-6,249.5429827174241,1210.6782585941855,1.4972578963045446
2021-04-19,NKE,BUY,26,124.55435895118714,3238.4133327308655,3.2384133327308655
2021-04-19,PG,BUY,5,119.86654578146253,599.3327289073127,0.5993327289073127
2021-04-19,TRV,SELL,-2,141.80784642998,215.4319379669015,0.28361569285996
2021-04-19,UNH,BUY,8,358.1507395815825,2865.20591665266,2.86520591665266
2021-04-19,VZ,BUY,25,42.91222624243561,1072.8056560608902,1.0728056560608903
2021-04-19,WMT,BUY,5,43.7221766488808,218.610883244404,0.218610883244404
2021-04-21,UNH,SELL,-22,365.921149610688,6489.088907685498,8.050265291435135
2021-04-21,VZ,SELL,-7,42.79606104677104,276.83678667934646,0.2995724273273972
2021-04-21,WMT,SELL,-7,43.82792135655937,282.9473798131145,0.3067954494959156
2021-04-27,AAPL,BUY,9,131.44378597931072,1182.9940738137964,1.1829940738137965
2021-04-27,AMGN,BUY,3,216.59957449005296,649.7987234701588,0.6497987234701589
2021-04-27,AXP,SELL,-4,141.7608066493709,380.9833743381215,0.5670432265974836
2021-04-27,BA,BUY,3,242.00094488525392,726.0028346557617,0.7260028346557617
2021-04-27,CRM,SELL,-14,231.93705390770555,3006.8796476044217,3.247118754707878
2021-04-27,CSCO,BUY,11,44.728953731483564,492.0184910463192,0.4920184910463192
2021-04-27,CVX,BUY,33,82.71515930803392,2729.6002571651193,2.7296002571651194
2021-04-27,UNH,SELL,-6,362.0679424062587,1769.7515202778632,2.1724076544375523
2021-04-27,VZ,BUY,21,41.50383021643135,871.5804345450584,0.8715804345450585
2021-04-27,WMT,BUY,16,43.00848893074819,688.1358228919711,0.6881358228919711
2021-04-30,AAPL,SELL,-10,128.17085041770503,1070.493614637181,1.2817085041770502
2021-04-30,AMGN,BUY,13,198.8431560758541,2584.9610289861034,2.584961028986104
2021-04-30,CRM,BUY,10,229.5463006233494,2295.463006233494,2.295463006233494
2021-04-30,CVX,SELL,-54,85.2053824054784,3755.3684993362895,4.601090649895833
2021-04-30,DIS,BUY,1,180.13994496450587,180.13994496450587,0.1801399449645059
2021-04-30,GS,SELL,-6,311.22492421295397,1142.4789167918902,1.8673495452777238
2021-04-30,IBM,SELL,-38,111.66742380256476,3480.26064158934,4.243362104497461
2021-04-30,INTC,BUY,78,52.423214255610276,4089.0107119376016,4.089010711937601
2021-04-30,KO,SELL,-17,46.71760818969682,688.7255774372791,0.794199339224846
2021-04-30,MCD,SELL,-3,208.76486930926126,521.2875138966886,0.6262946079277838
2021-04-30,MMM,SELL,-3,137.90195803417325,330.13416366578986,0.41370587410251974
2021-04-30,MSFT,BUY,4,239.76025741174354,959.0410296469742,0.9590410296469741
2021-04-30,NKE,BUY,1,122.82934292474177,122.82934292474177,0.12282934292474176
2021-04-30,TRV,SELL,-2,140.85690137337352,215.4319379669015,0.28171380274674707
2021-04-30,UNH,BUY,21,368.25241491751757,7733.300713267869,7.7333007132678695
2021-05-03,AAPL,BUY,22,128.55224278863815,2828.1493413500393,2.828149341350039
2021-05-03,CRM,SELL,-6,227.31721880681812,1292.5323610342555,1.3639033128409088
2021-05-03,UNH,SELL,-23,367.8844168761383,6964.664428188236,8.46134158815118
2021-05-04,AAPL,SELL,-17,127.59702182955168,1834.5952505997584,2.1691493711023786
2021-05-04,AMGN,SELL,-9,209.66747422279926,1845.576132214297,1.8870072680051935
2021-05-04,CRM,BUY,17,218.57185263029638,3715.7214947150383,3.7157214947150385
2021-05-04,CVX,BUY,6,86.08681824202512,516.5209094521507,0.5165209094521507
2021-05-04,DIS,BUY,1,180.70688780395105,180.70688780395105,0.18070688780395106
2021-05-04,GS,BUY,1,309.56657535280533,309.56657535280533,0.30956657535280535
2021-05-04,IBM,SELL,-1,112.21916355147401,91.58580635761422,0.11221916355147402
2021-05-04,INTC,BUY,16,51.75894234970595,828.1430775952952,0.8281430775952952
2021-05-04,JPM,BUY,5,134.79215480355268,673.9607740177634,0.6739607740177634
2021-05-04,KO,SELL,-3,46.9931716415927,121.53980778304926,0.14097951492477812
2021-05-04,MMM,BUY,1,138.6195983835855,138.6195983835855,0.1386195983835855
2021-05-04,MSFT,BUY,1,240.94107393374975,240.94107393374975,0.24094107393374975
2021-05-04,NKE,BUY,2,122.63458239613769,245.26916479227538,0.24526916479227537
2021-05-04,TRV,SELL,-2,141.63576176827405,215.4319379669015,0.2832715235365481
2021-05-04,UNH,BUY,21,372.3666433782684,7819.699510943637,7.819699510943637
2021-05-05,CRM,SELL,-3,215.54604228183976,646.9355114144358,0.6466381268455192
2021-06-01,CRM,SELL,-7,234.43905948401908,1509.5161933003503,1.6410734163881335
2021-06-01,CVX,BUY,9,86.59781248409045,779.3803123568141,0.7793803123568142
2021-06-01,DIS,BUY,15,176.1225100923376,2641.837651385064,2.641837651385064
2021-06-01,GS,SELL,-7,335.9154780314842,1338.1050318272828,2.3514083462203894
2021-06-01,IBM,BUY,3,114.05064541524133,342.151936245724,0.342151936245724
2021-06-01,INTC,BUY,8,52.74610306245378,421.9688244996302,0.42196882449963025
2021-06-01,JPM,SELL,-18,146.108630159125,1577.0489548536682,2.62995534286425
2021-06-01,KO,SELL,-2,47.65626274428511,81.02653852203284,0.09531252548857022
2021-06-01,MCD,BUY,2,211.8089614447796,423.6179228895592,0.42361792288955924
2021-06-01,MMM,SELL,-5,144.06130362669225,550.6450644748659,0.7203065181334612
2021-06-01,MSFT,BUY,3,241.68448117371312,725.0534435211393,0.7250534435211394
2021-06-01,NKE,SELL,-9,127.97671185618022,997.4260604631579,1.1517904067056222
2021-06-01,TRV,SELL,-2,145.91949339123028,215.4319379669015,0.29183898678246056
2021-06-02,AAPL,BUY,37,121.20272405040174,4484.500789864865,4.484500789864864
2021-06-02,CRM,SELL,-9,230.89291279452624,1940.8065342433076,2.0780362151507363
2021-06-02,CVX,BUY,11,88.16858999385062,969.8544899323567,0.9698544899323567
2021-06-10,AAPL,BUY,8,123.87489122163187,990.999129773055,0.9909991297730549
2021-06-11,AXP,SELL,-16,153.33118591871857,1523.933497352486,2.4532989746994973
2021-06-11,CAT,BUY,9,207.0301811505421,1863.2716303548789,1.863271630354879
2021-06-11,CSCO,SELL,-39,47.81162836420422,1482.6368579004516,1.8646535062039644
2021-06-11,CVX,SELL,-25,89.4196089543575,1760.0204658212529,2.2354902238589376
2021-06-11,UNH,SELL,-15,370.04035193363524,4655.109933308836,5.550605279004528
2021-06-14,AAPL,BUY,10,124.6550759097569,1246.550759097569,1.2465507590975689
2021-06-14,AMGN,BUY,4,207.32710927344033,829.3084370937613,0.8293084370937613
2021-06-14,AXP,SELL,-7,154.55406606501296,666.7209050917127,1.0818784624550908
2021-06-14,BA,SELL,-1,246.31678244018556,185.3877065356001,0.24631678244018557
2021-06-14,CAT,BUY,2,201.33069994887563,402.66139989775127,0.4026613998977513
2021-06-14,CRM,BUY,33,237.33585276181063,7832.08314113975,7.832083141139751
2021-06-14,CSCO,SELL,-5,47.1185713885821,190.08164844877584,0.2355928569429105
2021-06-14,CVX,SELL,-9,88.87739128975663,633.6073676956511,0.7998965216078098
2021-06-14,NKE,SELL,-84,122.2671657698116,9309.309897656141,10.270441924664174
2021-06-14,PG,BUY,5,118.89145063080473,594.4572531540236,0.5944572531540238
2021-06-14,TRV,SELL,-10,140.4823729695356,1077.1596898345074,1.4048237296953558
2021-06-14,UNH,BUY,9,364.85458820020506,3283.6912938018454,3.283691293801846
2021-06-14,VZ,BUY,5,41.95128457807419,209.75642289037094,0.20975642289037094
2021-06-14,WMT,SELL,-12,44.05005780695203,485.5396976346399,0.5286006936834244
2021-06-17,AAPL,SELL,-32,126.45956165707375,3496.530816604341,4.04670597302636
2021-06-17,AMGN,BUY,5,204.74575165571753,1023.7287582785876,1.0237287582785877
2021-06-17,CRM,SELL,-23,238.37918314186862,5024.654778554095,5.4827212122629785
2021-06-17,CVX,SELL,-1,89.74824466405877,70.40081863285012,0.08974824466405877
2021-06-17,DIS,BUY,72,170.65836799657566,12287.402495753448,12.28740249575345
2021-06-17,GS,BUY,14,332.3641292756117,4653.097809858564,4.653097809858563
2021-06-17,HON,BUY,10,186.32748495298586,1863.2748495298586,1.8632748495298586
2021-06-23,AAPL,SELL,-18,130.32739956918508,1966.7985843399417,2.3458931922453314
2021-06-23,AMGN,SELL,-1,204.6350669776337,205.09777515725597,0.2046350669776337
2021-06-23,AXP,SELL,-4,155.24076233729605,380.9833743381215,0.6209630493491842
2021-06-23,CAT,BUY,5,195.41165103889767,977.0582551944883,0.9770582551944884
2021-06-23,CRM,SELL,-2,240.10299973382772,436.9265024829648,0.48020599946765546
2021-06-23,CSCO,BUY,14,46.188726999839865,646.6421779977582,0.6466421779977581
2021-06-23,CVX,BUY,13,88.29193048985437,1147.7950963681067,1.1477950963681067
2021-06-23,DIS,BUY,1,169.71024578401233,169.71024578401233,0.16971024578401234
2021-06-23,GS,BUY,6,319.4167291964673,1916.500375178804,1.916500375178804
2021-06-24,CRM,SELL,-9,239.70902326649468,1966.1692611733415,2.1573812093984523
2021-06-24,CSCO,BUY,16,45.90831791355965,734.5330866169544,0.7345330866169544
2021-06-24,DIS,SELL,-24,171.99162952770078,3429.2757369955234,4.127799108664819
2021-06-24,GS,SELL,-8,322.8416856415519,1656.2659432854557,2.5827334851324153
2021-06-24,HD,BUY,6,278.6917854587375,1672.150712752425,1.672150712752425
2021-06-24,HON,BUY,6,183.42884882720807,1100.5730929632484,1.1005730929632485
2021-06-24,IBM,BUY,34,114.67986335435458,3899.115354048056,3.899115354048056
2021-06-24,INTC,BUY,13,50.80509205343438,660.4661966946469,0.660466196694647
2021-06-24,JNJ,SELL,-3,142.59402662535712,369.6069103525067,0.42778207987607136
2021-06-24,MSFT,SELL,-19,255.85811683436887,3864.411166950063,4.861304219853008
2021-06-24,UNH,SELL,-10,366.76411062435653,3129.503714430175,3.667641106243565
2021-06-24,VZ,BUY,18,41.195734355787415,741.5232184041735,0.7415232184041736
2021-07-02,NKE,SELL,-64,146.87843040043927,7092.807541071345,9.400219545628113
2021-07-06,AAPL,SELL,-5,136.53350195950557,546.3329400944283,0.6826675097975279
2021-07-06,AXP,BUY,2,162.81022542087285,325.6204508417457,0.32562045084174573
2021-07-06,BA,BUY,11,236.96843110656738,2606.6527421722412,2.606652742172241
2021-07-06,CAT,BUY,3,198.897178795345,596.6915363860351,0.596691536386035
2021-07-06,CRM,SELL,-6,245.2744620593335,1310.7795074488945,1.471646772356001
2021-07-06,CSCO,BUY,5,46.47289114051753,232.36445570258766,0.23236445570258768
2021-07-06,CVX,BUY,40,87.1052613283333,3484.210453133332,3.484210453133332
2021-07-06,DIS,BUY,8,172.779522727522,1382.236181820176,1.382236181820176
2021-07-06,GS,BUY,5,332.272116858148,1661.36058429074,1.6613605842907402
2021-07-06,HD,SELL,-1,287.0468842591574,226.1868082790412,0.2870468842591574
2021-07-06,IBM,BUY,34,110.10998036622863,3743.7393324517734,3.7437393324517734
2021-07-06,JNJ,SELL,-3,146.64646151552074,369.6069103525067,0.43993938454656223
2021-07-06,JPM,BUY,10,138.08050182244278,1380.8050182244278,1.3808050182244278
2021-07-06,KO,BUY,72,46.89090682531227,3376.1452914224838,3.376145291422484
2021-07-06,MCD,SELL,-6,209.61287055511605,1044.6223707608685,1.2576772233306963
2021-07-06,MMM,BUY,16,138.17633241404312,2210.82131862469,2.21082131862469
2021-07-06,MRK,SELL,-31,67.30189833004903,1951.9476607557035,2.08635884823152
2021-07-06,MSFT,SELL,-4,267.2686291977795,813.5602456736975,1.069074516791118
2021-07-06,NKE,BUY,14,148.61450865747443,2080.603121204642,2.080603121204642
2021-07-06,PG,BUY,5,119.38259067235133,596.9129533617566,0.5969129533617566
2021-07-06,TRV,BUY,8,137.81500537035149,1102.5200429628119,1.102520042962812
2021-07-06,UNH,SELL,-4,376.29419796073404,1251.80148577207,1.5051767918429362
2021-07-06,VZ,BUY,22,41.43046735475837,911.4702818046842,0.9114702818046841
2021-07-06,WMT,BUY,26,43.77186033740947,1138.0683687726462,1.1380683687726463
2021-07-07,AAPL,SELL,-14,139.84591011817005,1529.7322322643993,1.9578427416543809
2021-07-07,AMGN,BUY,1,208.6178015636062,208.6178015636062,0.2086178015636062
2021-07-07,AXP,SELL,-1,159.95599257138488,95.719979597417,0.15995599257138488
2021-07-07,CAT,BUY,4,194.57909705391705,778.3163882156682,0.7783163882156682
2021-07-07,CRM,BUY,3,249.46396359571358,748.3918907871407,0.7483918907871407
2021-07-07,CSCO,BUY,9,46.34189701635838,417.0770731472254,0.4170770731472255
2021-07-07,CVX,SELL,-15,85.41034990205897,1080.4895121547186,1.2811552485308846
2021-07-07,DIS,BUY,4,168.9673561484945,675.869424593978,0.675869424593978
2021-07-07,GS,SELL,-5,326.8439375066765,1053.5836960162724,1.6342196875333828
2021-07-07,HD,BUY,1,283.47126594032835,283.47126594032835,0.28347126594032834
2021-07-07,HON,BUY,1,185.3329144674198,185.3329144674198,0.1853329144674198
2021-07-07,INTC,BUY,9,51.61079382593966,464.4971444334569,0.46449714443345697
2021-07-07,JPM,BUY,6,134.80621306605718,808.8372783963431,0.8088372783963431
2021-07-07,NKE,SELL,-23,148.68875624847414,2571.8073232933248,3.419841393714905
2021-07-07,TRV,BUY,6,136.81219946893768,820.873196813626,0.8208731968136261
2021-07-07,UNH,BUY,1,378.21910325102203,378.21910325102203,0.37821910325102204
2021-07-08,AAPL,SELL,-4,137.93636455526052,437.0663520755426,0.5517454582210422
2021-07-08,AXP,SELL,-5,157.45662720812706,478.599897987085,0.7872831360406353
2021-07-08,BA,BUY,2,227.5937357254028,455.1874714508056,0.4551874714508056
2021-07-08,CAT,SELL,-2,191.95812760416987,258.72023533350267,0.3839162552083398
2021-07-08,CRM,BUY,11,241.41800174731495,2655.5980192204643,2.6555980192204642
2021-07-08,CSCO,SELL,-12,46.37408985084556,460.5828607156561,0.5564890782101467
2021-07-08,CVX,BUY,9,83.47273566945373,751.2546210250836,0.7512546210250837
2021-07-08,WMT,SELL,-5,43.24050905247591,202.7243857354081,0.21620254526237953
2021-07-09,AAPL,SELL,-1,139.07630039214806,109.26658801888566,0.13907630039214805
2021-07-09,CRM,BUY,3,242.15750848927277,726.4725254678183,0.7264725254678183
2021-07-09,CVX,SELL,-3,84.99955803644104,216.66362173716487,0.25499867410932314
2021-07-12,AAPL,SELL,-11,142.44722715617465,1201.9324682077422,1.5669194987179211
2021-07-12,AMGN,SELL,-3,208.76789682522906,615.3411086356549,0.6263036904756872
2021-07-12,AXP,BUY,1,160.55972803232106,160.55972803232106,0.16055972803232108
2021-07-12,BA,SELL,-2,237.8710104904175,377.52981751327536,0.475742020980835
2021-07-12,CRM,SELL,-3,243.52110813669825,660.7999766383462,0.7305633244100949
2021-07-12,CSCO,BUY,4,47.16534700236768,188.66138800947073,0.18866138800947074
2021-07-12,CVX,SELL,-10,85.08172880302911,722.2120724572163,0.8508172880302911
2021-07-12,DIS,SELL,-50,173.53451498897547,7190.120150462859,8.676725749448773
2021-07-12,GS,SELL,-9,329.3430304541779,1896.4506528292904,2.964087274087601
2021-07-12,HON,SELL,-3,189.26626074225388,389.0972975733747,0.5677987822267616
2021-07-12,IBM,SELL,-50,111.13144293966877,4721.830161280225,5.556572146983439
2021-07-12,INTC,BUY,12,51.51008121707897,618.1209746049476,0.6181209746049476
2021-07-12,JPM,BUY,6,136.88138328396184,821.288299703771,0.821288299703771
2021-07-12,KO,SELL,-43,47.13035086818506,1760.5240042975938,2.0266050873319577
2021-07-12,MCD,BUY,9,210.65768358983195,1895.9191523084876,1.8959191523084877
2021-07-12,MMM,SELL,-6,139.22600470469737,668.4670564379269,0.8353560282281842
2021-07-12,MRK,BUY,8,66.86054674530028,534.8843739624023,0.5348843739624023
2021-07-12,MSFT,BUY,7,268.6234511579698,1880.3641581057884,1.8803641581057886
2021-07-12,NKE,BUY,65,150.21292389259514,9763.840053018685,9.763840053018685
2021-07-12,TRV,BUY,14,140.53176091371068,1967.4446527919495,1.9674446527919496
2021-07-12,UNH,BUY,22,378.83663211393065,8334.405906506474,8.334405906506474
2021-07-12,VZ,BUY,1,41.53242860502639,41.53242860502639,0.04153242860502639
2021-07-13,AAPL,SELL,-30,140.32332734801255,3277.9976405665698,4.209699820440377
2021-07-13,AMGN,BUY,1,209.7460328919945,209.7460328919945,0.2097460328919945
2021-07-13,BA,BUY,1,232.38613927459716,232.38613927459716,0.23238613927459717
2021-07-13,CRM,SELL,-15,238.66485607882257,3303.999883191731,3.579972841182338
2021-07-13,CSCO,BUY,16,46.57767102573848,745.2427364118157,0.7452427364118157
2021-07-13,CVX,BUY,29,85.52870237587405,2480.3323689003473,2.4803323689003474
2021-07-13,DIS,SELL,-24,179.76458859668102,3451.257672222172,4.3143501263203445
2021-07-13,GS,BUY,11,339.2428296654742,3731.671126320216,3.7316711263202156
2021-07-13,HD,BUY,1,286.9869783467287,286.9869783467287,0.2869869783467287
2021-07-13,IBM,SELL,-3,110.73069626626311,283.30980967681353,0.3321920887987893
2021-07-13,INTC,BUY,43,51.839681243979655,2229.106293491125,2.2291062934911254
2021-07-13,JNJ,BUY,1,147.71983764037972,147.71983764037972,0.14771983764037971
2021-07-13,JPM,BUY,14,138.38897631090035,1937.4456683526048,1.937445668352605
2021-07-13,KO,SELL,-57,47.676969715336774,2333.717866161927,2.717587273774196
2021-07-13,MCD,SELL,-3,211.40705683437568,526.6782508162819,0.6342211705031271
2021-07-13,TRV,SELL,-15,139.8630876556396,1652.911946693621,2.097946314834594
2021-07-13,UNH,SELL,-4,383.3934329534145,1282.5581652962953,1.533573731813658
2021-07-13,VZ,BUY,5,41.740133331840404,208.70066665920203,0.20870066665920203
2021-07-13,WMT,BUY,18,43.800013538689015,788.4002436964023,0.7884002436964024
2021-07-15,AAPL,SELL,-17,145.39922502811015,1857.531996321056,2.4717868254778725
2021-07-15,AMGN,SELL,-1,208.63127379533228,205.13485507039383,0.20863127379533228
2021-07-15,BA,BUY,10,222.99144488525388,2229.914448852539,2.229914448852539
2021-07-15,CAT,BUY,5,192.3743652664343,961.8718263321715,0.9618718263321715
2021-07-15,CRM,BUY,12,237.84859117485527,2854.183094098263,2.8541830940982633
2021-07-15,CSCO,SELL,-24,46.96728768245605,925.2086642453799,1.1272149043789452
2021-07-15,CVX,BUY,17,83.1026522826613,1412.745088805242,1.4127450888052422
2021-07-15,DIS,BUY,9,179.31888510080918,1613.8699659072827,1.6138699659072828
2021-07-26,NKE,SELL,-32,153.84129339719573,3717.0572245874337,4.922921388710264
2021-07-27,AAPL,BUY,36,145.4277129709298,5235.397666953473,5.235397666953474
2021-07-27,AMGN,BUY,1,208.660514534712,208.660514534712,0.20866051453471202
2021-07-27,AXP,BUY,1,160.92787115638058,160.92787115638058,0.16092787115638058
2021-07-27,BA,BUY,1,223.28158316802978,223.28158316802978,0.2232815831680298
2021-07-27,CSCO,SELL,-15,48.31071369719691,578.2554151533624,0.7246607054579536
2021-07-27,CVX,SELL,-26,82.19802863253643,1903.3877442341204,2.137148744445947
2021-07-27,DIS,BUY,12,174.23596641562844,2090.831596987541,2.090831596987541
2021-07-27,GS,SELL,-12,331.290831717077,2630.1903551157784,3.9754899806049244
2021-07-27,HD,SELL,-4,295.0138202384287,907.6993488093892,1.1800552809537148
2021-07-27,HON,SELL,-4,194.19152198716586,518.7963967644996,0.7767660879486634
2021-07-27,INTC,SELL,-7,48.586580797097476,346.81358428748194,0.3401060655796823
2021-07-27,JNJ,SELL,-3,150.0438027484537,369.84494466502656,0.4501314082453611
2021-07-27,JPM,SELL,-2,133.24514852725684,185.39354468139803,0.2664902970545137
2021-07-27,KO,BUY,15,49.600652166129414,744.0097824919412,0.7440097824919412
2021-07-27,MCD,SELL,-2,219.05203189726777,351.11883387752124,0.43810406379453554
2021-07-27,MRK,BUY,10,66.53293616473324,665.3293616473325,0.6653293616473325
2021-07-27,MSFT,SELL,-5,278.22745997055114,1029.8495649502242,1.3911372998527558
2021-07-27,NKE,BUY,22,153.16811576035153,3369.6985467277336,3.3696985467277334
2021-07-27,PG,SELL,-9,124.11351761495386,972.5198705965294,1.1170216585345847
2021-07-27,TRV,BUY,28,135.03447446433722,3780.965285001442,3.780965285001442
2021-07-27,WMT,SELL,-18,44.69707291769837,730.815108791577,0.8045473125185708
2021-07-28,AAPL,BUY,4,141.2243746712881,564.8974986851524,0.5648974986851524
2021-07-28,AMGN,SELL,-2,208.8191031874993,410.30190794411476,0.4176382063749986
2021-07-28,AXP,SELL,-3,163.16260798159757,288.54834776015707,0.48948782394479273
2021-07-28,CSCO,SELL,-8,48.38050516701608,308.40288808179326,0.3870440413361287
2021-07-28,TRV,SELL,-14,136.4659725007651,1569.322776248546,1.9105236150107114
2021-07-28,WMT,SELL,-12,44.53452942007573,487.210072527718,0.5344143530409088
2021-07-29,AAPL,BUY,6,141.10738240760017,846.644294445601,0.8466442944456011
2021-07-29,AMGN,BUY,1,208.95116798601094,208.95116798601094,0.20895116798601096
2021-07-29,AXP,BUY,6,161.8059078602067,970.8354471612402,0.9708354471612403
2021-07-29,BA,SELL,-6,233.57315744018555,1145.0151648417625,1.4014389446411133
2021-07-29,CRM,BUY,3,240.08689516998038,720.2606855099411,0.7202606855099412
2021-07-29,CSCO,BUY,13,48.02721885241132,624.3538450813472,0.6243538450813473
2021-07-29,CVX,SELL,-4,84.11229137551871,292.8288837283262,0.3364491655020748
2021-07-29,DIS,SELL,-1,175.58517669651053,145.92926977851315,0.17558517669651053
2021-07-29,HD,BUY,1,290.591617727454,290.591617727454,0.290591617727454
2021-07-29,HON,SELL,-3,197.7665928591164,389.0972975733747,0.5932997785773492
2021-07-29,IBM,BUY,1,111.9504910131499,111.9504910131499,0.1119504910131499
2021-07-29,INTC,BUY,15,48.96479120053591,734.4718680080387,0.7344718680080387
2021-07-29,JNJ,SELL,-2,150.86478166295262,246.56329644335105,0.3017295633259052
2021-07-29,JPM,SELL,-2,135.67258616072488,185.39354468139803,0.2713451723214498
2021-07-29,MMM,BUY,4,140.63165037763176,562.526601510527,0.562526601510527
2021-07-29,MRK,SELL,-12,66.79375386568204,756.7581912098028,0.8015250463881844
2021-07-29,NKE,SELL,-3,154.01768281615435,352.7974158926323,0.46205304844846307
2021-07-29,PG,BUY,1,123.89200016276571,123.89200016276571,0.12389200016276572
2021-07-29,TRV,BUY,17,134.4236698690664,2285.202387774129,2.285202387774129
2021-07-29,UNH,BUY,6,379.07627394494847,2274.4576436696907,2.2744576436696904
2021-07-29,VZ,BUY,2,41.458244941385935,82.91648988277187,0.08291648988277187
2021-07-29,WMT,BUY,9,44.62915659346337,401.66240934117036,0.40166240934117037
2021-08-02,AAPL,SELL,-3,142.59334183648397,337.58251905393354,0.42778002550945193
2021-08-02,AMGN,BUY,1,206.9510434180099,206.9510434180099,0.2069510434180099
2021-08-02,AXP,SELL,-2,161.40840802601016,195.1383732835854,0.32281681605202034
2021-08-02,BA,BUY,2,227.30359744262694,454.6071948852539,0.45460719488525386
2021-08-09,AAPL,BUY,3,142.79362852954543,428.38088558863626,0.4283808855886363
2021-08-09,JPM,SELL,-10,139.55304052025156,926.9677234069901,1.3955304052025157
2021-08-09,TRV,SELL,-10,139.24373406394133,1131.2319989708208,1.3924373406394133
2021-08-18,AAPL,SELL,-11,146.16348762939228,1239.8121916589537,1.6077983639233149
2021-08-18,CRM,SELL,-9,244.28943624259398,1993.075346878847,2.1986049261833465
2021-08-18,CVX,BUY,38,82.25604285834193,3125.729628616993,3.1257296286169933
2021-08-18,UNH,SELL,-12,387.9696176036321,3868.817434324579,4.655635411243585
2021-08-19,AAPL,BUY,24,141.65081439954352,3399.6195455890447,3.3996195455890446
2021-08-19,AMGN,BUY,22,194.39717471847624,4276.737843806477,4.276737843806476
2021-08-19,CRM,SELL,-5,245.4419330554248,1107.2640815993595,1.227209665277124
2021-08-19,CVX,BUY,13,79.02214237982403,1027.2878509377124,1.0272878509377126
2021-08-19,UNH,SELL,-15,382.47259824081385,4836.0217929057235,5.737088973612208
2021-08-20,AMGN,BUY,2,193.27743855978838,386.55487711957676,0.38655487711957676
2021-08-20,AXP,BUY,19,149.96717449022378,2849.3763153142518,2.849376315314252
2021-08-20,BA,BUY,14,212.416152557373,2973.8261358032223,2.9738261358032227
2021-08-20,WMT,SELL,-64,47.208142698550986,2600.7152315674243,3.0213211327072633
2021-08-24,AAPL,SELL,-5,145.8219807973079,570.3605527163377,0.7291099039865395
2021-08-24,AMGN,BUY,2,194.25076128466458,388.50152256932915,0.3885015225693292
2021-08-24,AXP,BUY,4,151.61926508404514,606.4770603361806,0.6064770603361805
2021-08-24,BA,SELL,-2,219.9999456100464,385.19340760243836,0.4399998912200928
2021-08-24,CAT,BUY,6,192.91924690762605,1157.5154814457562,1.1575154814457562
2021-08-24,CRM,SELL,-5,258.0011060985865,1107.2640815993595,1.2900055304929325
2021-08-24,CSCO,SELL,-47,51.02371981116175,1817.9428962754741,2.398114831124602
2021-08-24,TRV,SELL,-36,145.8648724574398,4072.4351962949545,5.2511354084678326
2021-08-24,UNH,SELL,-1,391.80922818853884,322.4014528603816,0.39180922818853886
2021-08-24,VZ,BUY,22,41.0890741882121,903.9596321406663,0.9039596321406662
2021-08-24,WMT,BUY,17,47.2380413907695,803.0467036430815,0.8030467036430816
2021-08-26,AAPL,SELL,-9,144.74868362439994,1026.648994889408,1.3027381526195996
2021-08-26,CRM,SELL,-1,265.76326216470665,221.45281631987189,0.26576326216470664
2021-08-26,CVX,SELL,-6,81.69090045577491,443.4378177126749,0.49014540273464946
2021-08-26,DIS,BUY,31,174.32393586920088,5404.042011945227,5.4040420119452275
2021-08-26,GS,SELL,-4,369.8716282025073,876.7301183719262,1.4794865128100292
2021-08-26,IBM,BUY,45,111.3617424999593,5011.278412498169,5.011278412498169
2021-08-26,KO,BUY,57,48.593181794621586,2769.81136229343,2.7698113622934306
2021-08-26,MCD,SELL,-1,214.21490621612776,175.55941693876062,0.21421490621612777
2021-08-26,MSFT,SELL,-9,289.8939763262537,1853.7292169104035,2.6090457869362838
2021-08-26,NKE,SELL,-1,157.24840546923838,117.59913863087742,0.15724840546923838
2021-08-26,TRV,BUY,2,148.1440800844618,296.2881601689236,0.29628816016892356
2021-08-27,AAPL,BUY,13,144.04377300796796,1872.5690491035834,1.8725690491035836
2021-08-27,AMGN,BUY,4,191.40833022800408,765.6333209120163,0.7656333209120163
2021-08-27,CRM,SELL,-6,263.85224289254785,1328.7168979192313,1.5831134573552872
2021-08-27,CVX,BUY,7,81.7976335557109,572.5834348899763,0.5725834348899763
2021-08-30,AAPL,SELL,-18,145.38291267023635,2067.0767108333143,2.6168924280642547
2021-08-30,AMGN,SELL,-7,191.26864985696892,1426.7373795752412,1.3388805489987825
2021-08-30,CVX,SELL,-8,82.50687867627686,591.9857223087492,0.6600550294102149
2021-08-30,DIS,SELL,-7,176.25894745149478,1039.0095547611807,1.2338126321604634
2021-08-30,GS,SELL,-3,373.491452770697,657.5475887789446,1.1204743583120909
2021-08-30,KO,BUY,4,48.36736719801877,193.46946879207508,0.19346946879207508
2021-08-30,MCD,BUY,1,213.1271183477566,213.1271183477566,0.2131271183477566
2021-08-30,MMM,BUY,2,138.3592209249452,276.7184418498904,0.27671844184989036
2021-08-30,MRK,BUY,28,65.78286442016578,1841.9202037646419,1.8419202037646418
2021-08-30,MSFT,BUY,1,290.30929011337423,290.30929011337423,0.29030929011337425
2021-08-30,NKE,BUY,12,156.2785369474472,1875.3424433693665,1.8753424433693666
2021-08-30,TRV,BUY,3,147.37756309385225,442.13268928155674,0.44213268928155675
2021-09-01,AAPL,BUY,9,149.26914878388484,1343.4223390549637,1.3434223390549638
2021-09-01,AMGN,BUY,2,194.27659326398276,388.5531865279655,0.38855318652796556
2021-09-01,TRV,SELL,-1,145.20005501567883,113.65004395185362,0.14520005501567884
2021-09-02,AAPL,BUY,1,150.28489844595532,150.28489844595532,0.15028489844595533
2021-09-02,AXP,SELL,-5,155.66465046206432,507.71088538747483,0.7783232523103216
2021-09-02,BA,BUY,2,219.0594719467163,438.1189438934326,0.4381189438934326
2021-09-02,CAT,BUY,3,192.1558616496608,576.4675849489824,0.5764675849489824
2021-09-02,NKE,SELL,-56,153.65805672257335,6630.913989627103,8.604851176464107
2021-09-02,PG,SELL,-5,127.49643979187763,540.5027931705469,0.6374821989593882
2021-09-02,TRV,BUY,9,145.60967785803186,1310.4871007222866,1.310487100722287
2021-09-02,UNH,BUY,9,386.3392499267744,3477.0532493409696,3.4770532493409703
2021-09-02,VZ,BUY,16,40.746129855605446,651.9380776896871,0.6519380776896871
2021-09-02,WMT,BUY,23,46.51427147584887,1069.828243944524,1.0698282439445241
2021-09-07,AAPL,SELL,-10,151.20796427918822,1155.2687905235907,1.5120796427918821
2021-09-07,AMGN,BUY,1,192.080168832775,192.080168832775,0.192080168832775
2021-09-07,AXP,BUY,8,149.986002212239,1199.888017697912,1.1998880176979119
2021-09-07,CAT,SELL,-3,192.99287439118748,399.0039733137404,0.5789786231735624
2021-09-07,CRM,BUY,1,262.81470346872453,262.81470346872453,0.26281470346872454
2021-09-07,CSCO,SELL,-12,51.67798470765464,464.1556330916104,0.6201358164918557
2021-09-07,CVX,BUY,10,80.86412900272457,808.6412900272456,0.8086412900272457
2021-09-08,AAPL,SELL,-16,153.1691773916431,1848.430064837745,2.4507068382662895
2021-09-08,AMGN,BUY,1,190.64170601776496,190.64170601776496,0.19064170601776498
2021-09-08,AXP,SELL,-1,150.13789222628623,102.80045824982598,0.15013789222628623
2021-09-08,BA,BUY,2,213.70680610656737,427.41361221313474,0.42741361221313473
2021-09-08,CAT,BUY,1,190.50024621335425,190.50024621335425,0.19050024621335426
2021-09-08,CRM,BUY,6,259.93550186171444,1559.6130111702867,1.5596130111702866
2021-09-08,CSCO,BUY,5,51.127164154928074,255.63582077464037,0.25563582077464037
2021-09-08,CVX,SELL,-24,81.18300033510685,1778.6898689020213,1.9483920080425645
2021-09-08,DIS,BUY,15,180.1888398480258,2702.8325977203867,2.702832597720387
2021-09-08,GS,BUY,2,366.0828075560277,732.1656151120554,0.7321656151120555
2021-09-08,HON,BUY,10,190.10005457608264,1901.0005457608263,1.9010005457608266
2021-09-08,JPM,SELL,-11,140.76675529666747,1019.6644957476891,1.548434308263342
2021-09-08,UNH,SELL,-5,387.8222262070377,1627.9917135685062,1.9391111310351887
2021-09-08,VZ,SELL,-3,40.62198026073937,119.15438727735031,0.12186594078221812
2021-09-08,WMT,SELL,-2,46.100723342060974,81.76621910595898,0.09220144668412195
2021-09-10,AXP,SELL,-4,152.0053438272657,411.2018329993039,0.6080213753090629
2021-09-10,BA,SELL,-2,215.05242366027832,386.0784842619889,0.43010484732055665
2021-09-10,CRM,BUY,12,257.35213212639405,3088.2255855167286,3.088225585516729
2021-09-10,CSCO,SELL,-9,51.25053203001467,348.7397935204633,0.46125478827013205
2021-09-10,DIS,BUY,15,182.16333932010795,2732.4500898016195,2.7324500898016195
2021-09-10,TRV,SELL,-21,145.36834322065812,2404.6282170611516,3.0527352076338206
2021-09-10,VZ,SELL,-11,40.43123262505884,436.8994200169512,0.4447435588756472
2021-09-10,WMT,SELL,-10,46.1791638800196,408.8310955297949,0.461791638800196
2021-09-13,AAPL,BUY,16,147.120372847312,2353.925965556992,2.3539259655569924
2021-09-13,AMGN,BUY,8,186.96381063388515,1495.7104850710812,1.4957104850710812
2021-09-13,UNH,SELL,-3,376.97745795652054,976.7950281411038,1.1309323738695616
2021-09-13,VZ,BUY,4,40.35299118447837,161.41196473791348,0.16141196473791347
2021-09-13,WMT,BUY,3,46.01182244157986,138.03546732473959,0.1380354673247396
2021-09-14,AAPL,BUY,3,146.84693947198164,440.54081841594495,0.44054081841594495
2021-09-14,AMGN,SELL,-3,187.24155916382884,609.3464758419946,0.5617246774914866
2021-09-14,AXP,SELL,-4,153.42947027633267,411.2018329993039,0.6137178811053307
2021-09-14,CAT,SELL,-1,189.31749999590258,133.2399091755709,0.18931749999590258
2021-09-14,CSCO,BUY,6,50.85646253126506,305.13877518759034,0.3051387751875903
2021-09-14,CVX,SELL,-9,81.91570009903134,667.008700838258,0.7372413008912821
2021-09-14,DIS,BUY,2,180.794895828136,361.589791656272,0.361589791656272
2021-09-14,GS,BUY,5,367.0489753965034,1835.244876982517,1.8352448769825171
2021-09-14,HD,SELL,-5,300.30287921225306,1136.6517904870584,1.5015143960612654
2021-09-14,HON,SELL,-4,191.01838949718112,528.738940860789,0.7640735579887244
2021-09-14,INTC,SELL,-47,50.97365619571194,2328.1727911988633,2.3957618411984614
2021-09-14,JNJ,BUY,8,146.33749877799448,1170.6999902239559,1.1706999902239559
2021-09-14,JPM,SELL,-7,142.1488348197983,648.8774063848931,0.9950418437385882
2021-09-14,NKE,SELL,-16,148.0134979594418,1894.5468541791722,2.3682159673510688
2021-09-14,PG,SELL,-12,129.40930829868597,1297.2067036093124,1.5529116995842316
2021-09-14,TRV,SELL,-2,145.7896608506774,229.0122111486811,0.2915793217013548
2021-09-14,UNH,BUY,2,386.050193840264,772.100387680528,0.772100387680528
2021-09-14,VZ,SELL,-7,40.49792540253293,278.0426208342213,0.2834854778177305
2021-09-14,WMT,BUY,5,45.68523690998245,228.42618454991225,0.22842618454991226
2021-09-15,AAPL,SELL,-1,144.95357506871048,116.7403529025172,0.14495357506871048
2021-09-15,AMGN,BUY,2,186.7140141331178,373.4280282662356,0.37342802826623556
2021-09-15,AXP,BUY,3,151.07171802413345,453.2151540724003,0.4532151540724004
2021-09-15,BA,BUY,2,211.89588828277587,423.79177656555174,0.4237917765655517
2021-09-15,CAT,BUY,4,185.94747047654832,743.7898819061933,0.7437898819061933
2021-09-15,CSCO,BUY,5,50.45477420830131,252.27387104150654,0.25227387104150656
2021-09-15,CVX,BUY,10,80.8391361595425,808.391361595425,0.808391361595425
2021-09-15,DIS,BUY,18,177.96017276727937,3203.2831098110287,3.203283109811029
2021-09-15,GS,SELL,-8,355.68973885123324,1806.7832191925597,2.845517910809866
2021-09-15,HON,BUY,3,188.29080212459561,564.8724063737868,0.5648724063737868
2021-09-15,IBM,BUY,11,108.37819817492768,1192.1601799242044,1.1921601799242043
2021-09-15,INTC,BUY,8,50.37958178949042,403.0366543159234,0.4030366543159234
2021-09-15,JNJ,BUY,2,145.1063109365725,290.212621873145,0.290212621873145
2021-09-15,JPM,BUY,5,138.98318964262612,694.9159482131306,0.6949159482131306
2021-09-15,UNH,SELL,-8,381.17243286180053,2610.3455326177996,3.049379462894404
2021-09-15,VZ,BUY,4,40.286233229562384,161.14493291824954,0.16114493291824955
2021-09-15,WMT,BUY,6,45.242441556141834,271.454649336851,0.271454649336851
2021-09-20,AXP,SELL,-16,150.2982688893878,1652.4795852063771,2.4047723022302048
2021-09-20,BA,SELL,-8,210.70459255981447,1545.7172223429718,1.6856367404785157
2021-09-20,CAT,SELL,-3,177.39099641539863,402.3119026726623,0.5321729892461959
2021-09-20,GS,SELL,-16,337.65498112760054,3613.5664383851195,5.402479698041609
2021-09-20,HD,SELL,-5,296.5494374179021,1136.6517904870584,1.4827471870895104
2021-09-20,HON,SELL,-5,184.23192302711868,664.401324851362,0.9211596151355934
2021-09-20,IBM,BUY,40,106.532394242126,4261.29576968504,4.26129576968504
2021-09-20,INTC,SELL,-23,48.98515603365549,1139.4900064049796,1.1266585887740763
2021-09-20,JNJ,SELL,-9,143.62584446364295,1116.0726211572553,1.2926326001727866
2021-09-20,JPM,SELL,-10,136.33707370907456,934.0668671649543,1.3633707370907455
2021-09-24,AAPL,BUY,5,142.26618526705087,711.3309263352544,0.7113309263352544
2021-09-24,AMGN,BUY,2,184.974045696889,369.948091393778,0.369948091393778
2021-09-24,AXP,SELL,-6,163.52733673540186,619.6798444523914,0.9811640204124111
2021-09-24,CAT,BUY,11,179.95063357348388,1979.4569693083226,1.9794569693083226
2021-09-24,CRM,SELL,-14,274.3330874213529,3144.8765192523897,3.840663223898941
2021-09-24,CSCO,BUY,22,49.29340083483103,1084.4548183662828,1.0844548183662828
2021-09-24,CVX,SELL,-19,83.01469954262471,1410.3331710557761,1.5772792913098694
2021-09-24,DIS,BUY,15,171.35239479550668,2570.2859219326,2.5702859219326
2021-09-24,GS,BUY,20,349.30933823335516,6986.1867646671035,6.986186764667103
2021-09-24,HD,BUY,5,301.27425455838477,1506.3712727919237,1.5063712727919238
2021-09-24,HON,BUY,6,187.53122743620008,1125.1873646172005,1.1251873646172006
2021-09-24,IBM,SELL,-39,108.91367397288283,3780.9655386872996,4.24763328494243
2021-09-24,INTC,BUY,34,49.55943576366407,1685.0208159645783,1.6850208159645785
2021-09-24,JNJ,BUY,10,144.88642020736532,1448.8642020736531,1.4488642020736533
2021-09-24,JPM,BUY,3,143.1690017461156,429.50700523834684,0.42950700523834684
2021-09-24,KO,BUY,117,47.25355266235999,5528.665661496119,5.528665661496119
2021-09-24,MCD,SELL,-8,222.47001709932394,1405.8352523031708,1.7797601367945917
2021-09-24,MMM,BUY,5,128.66176175468465,643.3088087734233,0.6433088087734232
2021-09-24,NKE,SELL,-30,140.45338360328896,3552.275351585948,4.213601508098669
2021-09-24,PG,BUY,4,127.4733200488516,509.8932801954064,0.5098932801954065
2021-09-24,TRV,BUY,6,142.98364939865084,857.901896391905,0.8579018963919051
2021-09-24,UNH,BUY,1,376.39261422973715,376.39261422973715,0.37639261422973713
2021-09-24,VZ,BUY,3,40.323327545555465,120.9699826366664,0.12096998263666639
2021-09-24,WMT,BUY,15,44.74942088942507,671.241313341376,0.6712413133413759
2021-09-27,AAPL,BUY,5,142.0805734763953,710.4028673819765,0.7104028673819766
2021-09-27,AXP,SELL,-2,167.5670979624922,206.55994815079714,0.3351341959249844
2021-09-27,CAT,BUY,1,181.74419630943632,181.74419630943632,0.18174419630943633
2021-09-27,CRM,SELL,-13,278.214137650412,2920.2424821629334,3.6167837894553565
2021-09-27,CSCO,BUY,5,49.30212534257616,246.51062671288082,0.24651062671288082
2021-09-27,CVX,SELL,-6,85.46387348626415,445.3683698070872,0.5127832409175849
2021-09-27,DIS,SELL,-21,172.47990542949316,3215.497953432151,3.6220780140193565
2021-09-27,GS,SELL,-4,354.4206426681876,968.8016418263646,1.4176825706727505
2021-09-27,HON,BUY,2,186.84849225076348,373.69698450152697,0.373696984501527
2021-09-27,IBM,SELL,-18,109.65284442135348,1745.0610178556767,1.9737511995843628
2021-09-27,INTC,BUY,3,49.70687925219054,149.12063775657163,0.14912063775657164
2021-09-27,JNJ,BUY,3,144.22689019983991,432.6806705995198,0.43268067059951976
2021-09-27,JPM,SELL,-1,146.17985241498351,93.87467087037899,0.14617985241498352
2021-09-27,KO,SELL,-10,47.075184023217496,420.8951196778239,0.470751840232175
2021-09-27,MMM,BUY,3,128.18678070390297,384.5603421117089,0.3845603421117089
2021-09-27,MRK,BUY,87,63.945418854722085,5563.251440360821,5.563251440360822
2021-09-27,MSFT,SELL,-4,285.22271446761914,825.9367099387971,1.1408908578704766
2021-09-27,NKE,BUY,45,139.16972937385495,6262.637821823473,6.262637821823472
2021-09-27,PG,BUY,4,126.8514037976113,507.4056151904452,0.5074056151904452
2021-09-27,TRV,BUY,12,144.56045848247948,1734.7255017897537,1.7347255017897538
2021-09-27,VZ,BUY,8,40.39008002739608,323.12064021916865,0.32312064021916864
2021-09-27,WMT,BUY,3,44.865604418073,134.596813254219,0.13459681325421902
2021-10-01,JPM,SELL,-17,145.29388370909538,1595.869404796443,2.469996023054622
2021-10-06,AAPL,BUY,17,136.22042183875368,2315.7471712588126,2.315747171258813
2021-10-06,AXP,SELL,-1,162.73826606538776,103.27997407539857,0.16273826606538777
2021-10-06,BA,SELL,-3,220.96946183013918,579.6439583786145,0.6629083854904175
2021-10-06,CAT,BUY,4,174.75399448310395,699.0159779324158,0.6990159779324159
2021-10-06,CVX,SELL,-32,86.74506264211189,2375.297972304465,2.7758420045475805
2021-10-06,IBM,SELL,-24,113.24542607483231,2326.7480238075686,2.7178902257959754
2021-10-06,INTC,SELL,-2,49.23371617966744,99.08836758895872,0.09846743235933487
2021-10-06,JNJ,BUY,7,140.59481796005224,984.1637257203656,0.9841637257203657
2021-10-06,JPM,BUY,2,149.87540581583255,299.7508116316651,0.2997508116316651
2021-10-06,KO,BUY,8,46.17721546374269,369.4177237099415,0.3694177237099415
2021-10-06,MMM,BUY,3,125.20948244004212,375.6284473201264,0.3756284473201264
2021-10-06,MRK,SELL,-82,70.82495747322146,5187.032127366334,5.80764651280416
2021-10-06,MSFT,BUY,3,275.52004261318973,826.5601278395692,0.8265601278395692
2021-10-06,NKE,SELL,-2,137.62647145063193,240.43938310745295,0.27525294290126384
2021-10-06,PG,BUY,8,123.20944049057843,985.6755239246274,0.9856755239246274
2021-10-06,TRV,BUY,3,139.98588469784394,419.9576540935318,0.41995765409353186
2021-10-06,UNH,BUY,5,361.41795944874724,1807.0897972437363,1.8070897972437363
2021-10-06,VZ,SELL,-10,40.268199176353455,397.28653544222146,0.4026819917635346
2021-10-06,WMT,BUY,41,42.783578823697084,1754.1267317715804,1.7541267317715805
2021-10-08,AAPL,SELL,-5,140.53357053636677,589.3314898645868,0.7026678526818338
2021-10-08,AMGN,BUY,3,180.94724348519117,542.8417304555735,0.5428417304555735
2021-10-08,BA,SELL,-1,226.636625,193.21465279287148,0.226636625
2021-10-08,CAT,SELL,-2,179.90859881591211,273.76866400716517,0.35981719763182424
2021-10-08,CRM,BUY,6,271.6889126388723,1630.1334758332337,1.6301334758332338
2021-10-08,CSCO,BUY,19,48.527489130301625,922.0222934757309,0.9220222934757308
2021-10-08,CVX,BUY,3,89.02389302413927,267.0716790724178,0.2670716790724178
2021-10-08,DIS,SELL,-17,173.74933534567856,2603.022152778408,2.953738700876536
2021-10-08,GS,BUY,10,349.6314028643956,3496.314028643956,3.4963140286439565
2021-10-08,HON,BUY,1,186.6266248423089,186.6266248423089,0.1866266248423089
2021-10-08,MRK,SELL,-61,70.9726777773594,3858.6458508456876,4.329333344418923
2021-10-08,MSFT,SELL,-1,285.2997430443791,207.75477622939542,0.2852997430443791
2021-10-08,NKE,BUY,29,141.69229150033226,4109.076453509636,4.109076453509637
2021-10-08,PG,SELL,-5,126.00866387752436,544.206932481722,0.6300433193876218
2021-10-08,TRV,SELL,-6,144.1045511285003,697.9580137193495,0.8646273067710019
2021-10-12,AAPL,BUY,1,139.84241361250955,139.84241361250955,0.13984241361250954
2021-10-12,AMGN,BUY,4,178.66901365590178,714.6760546236071,0.7146760546236072
2021-10-12,AXP,BUY,1,164.30921838313571,164.30921838313571,0.16430921838313572
2021-10-12,CAT,BUY,3,176.88786382047792,530.6635914614337,0.5306635914614337
2021-10-12,CRM,BUY,1,272.5566581392861,272.5566581392861,0.27255665813928615
2021-10-12,CSCO,BUY,1,48.342876956763504,48.342876956763504,0.04834287695676351
2021-10-12,CVX,SELL,-7,89.08479941924236,520.1871395389062,0.6235935959346965
2021-10-12,GS,SELL,-9,345.16205939873225,2241.3883394386353,3.1064585345885907
2021-10-12,HON,BUY,3,184.08342524372267,552.250275731168,0.552250275731168
2021-10-12,IBM,BUY,3,113.14392310934237,339.4317693280271,0.3394317693280271
2021-10-12,INTC,BUY,11,49.36591543164191,543.025069748061,0.543025069748061
2021-10-12,JPM,BUY,4,147.87696464855742,591.5078585942297,0.5915078585942297
2021-10-15,AAPL,SELL,-1,140.27989293531428,117.90888734431192,0.1402798929353143
2021-10-15,AXP,BUY,5,164.46067631095283,822.3033815547642,0.8223033815547642
2021-10-15,BA,BUY,8,218.27908316802979,1746.2326653442383,1.7462326653442384
2021-10-15,CRM,SELL,-10,288.11378984760245,2262.770812404331,2.8811378984760245
2021-10-15,CSCO,SELL,-8,49.084985204618945,315.14965362295277,0.39267988163695156
2021-10-15,CVX,SELL,-6,91.39955289903689,445.87469103334814,0.5483973173942213
2021-10-15,DIS,BUY,7,171.7336058258807,1202.1352407811648,1.2021352407811647
2021-10-15,GS,BUY,9,359.9011996682034,3239.1107970138305,3.239110797013831
2021-10-15,HD,SELL,-2,309.6955109406472,459.5254462251505,0.6193910218812944
2021-10-15,HON,SELL,-2,187.82126172010922,270.92677949917083,0.3756425234402184
2021-10-15,NKE,SELL,-16,146.7395086145825,1941.8636585524878,2.34783213783332
2021-10-15,PG,SELL,-4,127.98352218627838,435.3655459853776,0.5119340887451135
2021-10-15,TRV,BUY,1,144.07456829206458,144.07456829206458,0.14407456829206458
2021-10-15,UNH,BUY,1,390.36836575848093,390.36836575848093,0.39036836575848094
2021-10-18,AAPL,BUY,4,140.1077036189493,560.4308144757972,0.5604308144757972
2021-10-18,AMGN,BUY,3,177.74735986904832,533.242079607145,0.533242079607145
2021-10-18,AXP,SELL,-5,166.00760753704938,522.8827812512951,0.830038037685247
2021-10-18,BA,BUY,1,216.10799999999998,216.10799999999998,0.21610799999999997
2021-10-18,CAT,SELL,-6,181.3603856889225,824.096936101744,1.0881623141335348
2021-10-18,CRM,SELL,-5,286.42935173255574,1131.3854062021655,1.4321467586627787
2021-10-18,CSCO,BUY,9,48.38683067509964,435.48147607589675,0.43548147607589677
2021-10-18,CVX,BUY,21,91.86605907772578,1929.1872406322414,1.9291872406322415
2021-10-18,GS,BUY,1,365.00045967857216,365.00045967857216,0.36500045967857214
2021-10-18,HD,SELL,-2,312.0499696208225,459.5254462251505,0.624099939241645
2021-10-18,HON,SELL,-2,186.35478250204753,270.92677949917083,0.3727095650040951
2021-10-18,IBM,BUY,21,114.56806558904306,2405.929377369904,2.405929377369904
2021-10-18,INTC,SELL,-10,49.887348487752845,495.42072974252005,0.4988734848775285
2021-10-18,JPM,BUY,3,148.52824885250902,445.58474655752707,0.44558474655752706
2021-10-18,KO,SELL,-79,47.512281553336045,3327.29662082901,3.7534702427135476
2021-10-18,MCD,SELL,-1,218.66356480290463,175.72940653789635,0.21866356480290464
2021-10-18,MMM,BUY,24,128.15841988527373,3075.8020772465698,3.0758020772465695
2021-10-18,MRK,BUY,31,68.46071199289177,2122.282071779645,2.122282071779645
2021-10-18,MSFT,SELL,-4,292.37882388515254,831.0191049175817,1.1695152955406103
2021-10-18,UNH,SELL,-4,395.4760764430053,1311.8733081861576,1.5819043057720212
2021-10-19,AAPL,SELL,-20,143.44121589344348,2361.599529741674,2.86882431786887
2021-10-19,CRM,SELL,-2,287.7295918744884,452.55416248086624,0.5754591837489768
2021-10-19,CVX,SELL,-4,91.72428949166842,300.0110361347079,0.36689715796667366
2021-10-19,DIS,SELL,-13,167.4118416750645,1995.0158340911094,2.1763539417758384
2021-10-19,GS,SELL,-8,371.04342602880945,2048.7340396464115,2.9683474082304757
2021-10-19,IBM,SELL,-5,112.13269463525958,488.8675061718467,0.5606634731762978
2021-10-19,KO,SELL,-13,47.2412800316212,547.5298236807231,0.6141366404110756
2021-10-19,MCD,BUY,1,219.60463994033358,219.60463994033358,0.21960463994033358
2021-10-19,MMM,SELL,-9,129.19883958124453,1020.249100237092,1.162789556231201
2021-10-19,MRK,BUY,5,68.48623214225374,342.4311607112687,0.3424311607112687
2021-10-19,NKE,BUY,61,148.63632039521755,9066.81554410827,9.06681554410827
2021-10-19,TRV,BUY,12,143.20365960267915,1718.4439152321497,1.7184439152321498
2021-10-20,AAPL,SELL,-9,145.09016905873384,1062.7197883837532,1.3058115215286046
2021-10-20,AMGN,SELL,-4,178.4646030033728,807.7905579339858,0.7138584120134912
2021-10-20,DIS,SELL,-3,166.95290024930532,460.3882694056406,0.5008587007479159
2021-10-20,KO,SELL,-2,47.36366774236363,84.23535748934202,0.09472733548472727
2021-10-20,MCD,BUY,2,217.05847150789697,434.11694301579394,0.43411694301579395
2021-10-20,MMM,SELL,-1,129.3050585204672,113.36101113745467,0.12930505852046723
2021-10-20,MSFT,BUY,2,298.10881959528024,596.2176391905605,0.5962176391905605
2021-10-20,NKE,BUY,20,147.53794771888082,2950.758954377616,2.9507589543776165
2021-10-22,AAPL,SELL,-23,146.0561628624345,2715.839459202925,3.359291745835993
2021-10-22,CVX,SELL,-24,93.43952340875818,1800.0662168082476,2.2425485618101964
2021-10-22,DIS,BUY,5,166.72890657302577,833.6445328651289,0.8336445328651289
2021-10-22,GS,SELL,-1,366.40508702637885,256.09175495580143,0.36640508702637886
2021-10-22,NKE,SELL,-30,150.98101250974358,3748.9001028976204,4.529430375292307
2021-10-25,AAPL,BUY,24,145.21578529117528,3485.1788469882067,3.4851788469882066
2021-10-25,CRM,BUY,1,289.20077097425093,289.20077097425093,0.28920077097425095
2021-10-25,CVX,BUY,13,94.62487103931095,1230.1233235110424,1.2301233235110425
2021-10-25,IBM,BUY,57,101.46434630069557,5783.467739139647,5.783467739139647
2021-10-25,KO,SELL,-3,47.538509565298,126.35303623401303,0.142615528695894
2021-10-25,MCD,BUY,5,215.91216738970292,1079.5608369485146,1.0795608369485148
2021-10-25,TRV,SELL,-14,148.3631074056121,1642.9495364688598,2.0770835036785695
2021-10-27,AAPL,BUY,1,145.8799552175537,145.8799552175537,0.1458799552175537
2021-10-27,CRM,BUY,2,292.38555149282263,584.7711029856453,0.5847711029856453
2021-10-27,CVX,SELL,-14,94.2721917391489,1056.9195983116035,1.3198106843480846
2021-10-27,DIS,SELL,-12,167.734078420356,1843.7160368787272,2.012808941044272
2021-10-27,GS,SELL,-3,372.2676707313967,768.2752648674043,1.11680301219419
2021-10-27,IBM,SELL,-7,101.29138439853055,687.0489400922207,0.7090396907897139
2021-10-27,KO,SELL,-9,48.92846356557968,379.0591087020391,0.4403561720902172
2021-10-27,MCD,BUY,4,217.64535570665052,870.5814228266021,0.8705814228266021
2021-10-27,MMM,BUY,4,129.19260778235426,516.770431129417,0.516770431129417
2021-10-27,TRV,BUY,8,147.35645913797185,1178.8516731037748,1.1788516731037748
2021-10-27,UNH,BUY,8,420.5120644394074,3364.0965155152594,3.3640965155152593
2021-10-28,CRM,BUY,4,290.9459486787989,1163.7837947151957,1.1637837947151957
2021-10-28,CVX,SELL,-8,92.95312864025207,603.9540561780592,0.7436250291220167
2021-10-28,DIS,SELL,-12,165.49787618149608,1843.7160368787272,1.985974514177953
2021-10-28,GS,SELL,-3,368.20143071806575,768.2752648674043,1.1046042921541972
2021-10-28,IBM,SELL,-19,99.48715721466023,1864.8471231074564,1.8902559870785443
2021-10-28,KO,SELL,-39,48.73614832381191,1642.5894710421694,1.9007097846286645
2021-10-28,MCD,SELL,-1,219.54750237642523,177.9397233427021,0.21954750237642523
2021-10-28,MSFT,SELL,-4,312.37354672150053,835.5368070858758,1.2494941868860021
2021-10-28,NKE,BUY,2,151.73603899255056,303.4720779851011,0.3034720779851011
